ts,open,high,low,close,volume
2026-09-10 07:15:00+00:00,16.309999465942383,16.31999969482422,16.299999237060547,16.299999237060547,0
2026-09-10 07:16:00+00:00,16.299999237060547,16.309999465942383,16.299999237060547,16.309999465942383,0
2026-09-10 07:17:00+00:00,16.31999969482422,16.31999969482422,16.31999969482422,16.31999969482422,0
2026-09-10 07:18:00+00:00,16.31999969482422,16.31999969482422,16.309999465942383,16.309999465942383,0
2026-09-10 07:19:00+00:00,16.309999465942383,16.309999465942383,16.309999465942383,16.309999465942383,0
2026-09-10 07:20:00+00:00,16.299999237060547,16.299999237060547,16.290000915527344,16.299999237060547,0
2026-09-10 07:21:00+00:00,16.299999237060547,16.299999237060547,16.299999237060547,16.299999237060547,0
2026-09-10 07:22:00+00:00,16.299999237060547,16.299999237060547,16.299999237060547,16.299999237060547,0
2026-09-10 07:23:00+00:00,16.309999465942383,16.309999465942383,16.299999237060547,16.299999237060547,0
2026-09-10 07:24:00+00:00,16.299999237060547,16.309999465942383,16.299999237060547,16.309999465942383,0
2026-09-10 07:25:00+00:00,16.309999465942383,16.309999465942383,16.309999465942383,16.309999465942383,0
2026-09-10 07:26:00+00:00,16.31999969482422,16.31999969482422,16.31999969482422,16.31999969482422,0
2026-09-10 07:27:00+00:00,16.31999969482422,16.329999923706055,16.31999969482422,16.329999923706055,0
2026-09-10 07:28:00+00:00,16.329999923706055,16.329999923706055,16.329999923706055,16.329999923706055,0
2026-09-10 07:29:00+00:00,16.34000015258789,16.360000610351562,16.34000015258789,16.360000610351562,0
2026-09-10 07:30:00+00:00,16.3700008392334,16.3700008392334,16.3700008392334,16.3700008392334,0
2026-09-10 07:31:00+00:00,16.3799991607666,16.389999389648438,16.3799991607666,16.389999389648438,0
2026-09-10 07:32:00+00:00,16.399999618530273,16.420000076293945,16.399999618530273,16.420000076293945,0
2026-09-10 07:33:00+00:00,16.420000076293945,16.420000076293945,16.399999618530273,16.40999984741211,0
2026-09-10 07:34:00+00:00,16.43000030517578,16.43000030517578,16.40999984741211,16.420000076293945,0
2026-09-10 07:35:00+00:00,16.420000076293945,16.420000076293945,16.399999618530273,16.399999618530273,0
2026-09-10 07:36:00+00:00,16.40999984741211,16.40999984741211,16.399999618530273,16.399999618530273,0
2026-09-10 07:37:00+00:00,16.389999389648438,16.389999389648438,16.3700008392334,16.3700008392334,0
2026-09-10 07:38:00+00:00,16.3700008392334,16.3700008392334,16.350000381469727,16.350000381469727,0
2026-09-10 07:39:00+00:00,16.360000610351562,16.3799991607666,16.360000610351562,16.3799991607666,0
2026-09-10 07:40:00+00:00,16.3799991607666,16.3799991607666,16.3799991607666,16.3799991607666,0
2026-09-10 07:41:00+00:00,16.3799991607666,16.3799991607666,16.3799991607666,16.3799991607666,0
2026-09-10 07:42:00+00:00,16.3700008392334,16.3700008392334,16.360000610351562,16.360000610351562,0
2026-09-10 07:43:00+00:00,16.360000610351562,16.360000610351562,16.360000610351562,16.360000610351562,0
2026-09-10 07:44:00+00:00,16.350000381469727,16.350000381469727,16.329999923706055,16.329999923706055,0
2026-09-10 07:45:00+00:00,16.329999923706055,16.329999923706055,16.329999923706055,16.329999923706055,0
2026-09-10 07:46:00+00:00,16.31999969482422,16.329999923706055,16.31999969482422,16.329999923706055,0
2026-09-10 07:47:00+00:00,16.329999923706055,16.329999923706055,16.31999969482422,16.329999923706055,0
2026-09-10 07:48:00+00:00,16.31999969482422,16.329999923706055,16.31999969482422,16.329999923706055,0
2026-09-10 07:49:00+00:00,16.329999923706055,16.329999923706055,16.329999923706055,16.329999923706055,0
2026-09-10 07:50:00+00:00,16.34000015258789,16.34000015258789,16.329999923706055,16.329999923706055,0
2026-09-10 07:51:00+00:00,16.34000015258789,16.34000015258789,16.329999923706055,16.329999923706055,0
2026-09-10 07:52:00+00:00,16.31999969482422,16.34000015258789,16.31999969482422,16.34000015258789,0
2026-09-10 07:53:00+00:00,16.329999923706055,16.34000015258789,16.329999923706055,16.34000015258789,0
2026-09-10 07:54:00+00:00,16.360000610351562,16.360000610351562,16.350000381469727,16.350000381469727,0
2026-09-10 07:55:00+00:00,16.350000381469727,16.350000381469727,16.34000015258789,16.34000015258789,0
2026-09-10 07:56:00+00:00,16.34000015258789,16.350000381469727,16.34000015258789,16.350000381469727,0
2026-09-10 07:57:00+00:00,16.350000381469727,16.350000381469727,16.350000381469727,16.350000381469727,0
2026-09-10 07:58:00+00:00,16.350000381469727,16.360000610351562,16.350000381469727,16.360000610351562,0
2026-09-10 07:59:00+00:00,16.350000381469727,16.350000381469727,16.350000381469727,16.350000381469727,0
2026-09-10 08:00:00+00:00,16.360000610351562,16.360000610351562,16.34000015258789,16.34000015258789,0
2026-09-10 08:01:00+00:00,16.329999923706055,16.34000015258789,16.31999969482422,16.34000015258789,0
2026-09-10 08:02:00+00:00,16.34000015258789,16.34000015258789,16.329999923706055,16.34000015258789,0
2026-09-10 08:03:00+00:00,16.329999923706055,16.34000015258789,16.329999923706055,16.34000015258789,0
2026-09-10 08:04:00+00:00,16.350000381469727,16.350000381469727,16.34000015258789,16.350000381469727,0
2026-09-10 08:05:00+00:00,16.350000381469727,16.360000610351562,16.350000381469727,16.360000610351562,0
2026-09-10 08:06:00+00:00,16.360000610351562,16.389999389648438,16.360000610351562,16.389999389648438,0
2026-09-10 08:07:00+00:00,16.389999389648438,16.389999389648438,16.389999389648438,16.389999389648438,0
2026-09-10 08:08:00+00:00,16.3799991607666,16.3799991607666,16.350000381469727,16.350000381469727,0
2026-09-10 08:09:00+00:00,16.350000381469727,16.3700008392334,16.350000381469727,16.3700008392334,0
2026-09-10 08:10:00+00:00,16.3700008392334,16.3700008392334,16.360000610351562,16.360000610351562,0
2026-09-10 08:11:00+00:00,16.360000610351562,16.3799991607666,16.360000610351562,16.3799991607666,0
2026-09-10 08:12:00+00:00,16.3700008392334,16.3700008392334,16.3700008392334,16.3700008392334,0
2026-09-10 08:13:00+00:00,16.3799991607666,16.389999389648438,16.3799991607666,16.3799991607666,0
2026-09-10 08:14:00+00:00,16.3799991607666,16.389999389648438,16.3799991607666,16.389999389648438,0
2026-09-10 08:15:00+00:00,16.389999389648438,16.389999389648438,16.389999389648438,16.389999389648438,0
2026-09-10 08:16:00+00:00,16.399999618530273,16.399999618530273,16.399999618530273,16.399999618530273,0
2026-09-10 08:17:00+00:00,16.399999618530273,16.399999618530273,16.399999618530273,16.399999618530273,0
2026-09-10 08:18:00+00:00,16.40999984741211,16.420000076293945,16.40999984741211,16.420000076293945,0
2026-09-10 08:19:00+00:00,16.40999984741211,16.40999984741211,16.399999618530273,16.399999618530273,0
2026-09-10 08:20:00+00:00,16.399999618530273,16.399999618530273,16.389999389648438,16.389999389648438,0
2026-09-10 08:21:00+00:00,16.399999618530273,16.399999618530273,16.3799991607666,16.3799991607666,0
2026-09-10 08:22:00+00:00,16.3700008392334,16.3799991607666,16.3700008392334,16.3799991607666,0
2026-09-10 08:23:00+00:00,16.3799991607666,16.3799991607666,16.3700008392334,16.3700008392334,0
2026-09-10 08:24:00+00:00,16.3799991607666,16.3799991607666,16.3700008392334,16.3700008392334,0
2026-09-10 08:25:00+00:00,16.3700008392334,16.3700008392334,16.360000610351562,16.360000610351562,0
2026-09-10 08:26:00+00:00,16.3700008392334,16.3700008392334,16.360000610351562,16.360000610351562,0
2026-09-10 08:27:00+00:00,16.360000610351562,16.3799991607666,16.360000610351562,16.3799991607666,0
2026-09-10 08:28:00+00:00,16.3799991607666,16.3799991607666,16.360000610351562,16.3700008392334,0
2026-09-10 08:29:00+00:00,16.360000610351562,16.389999389648438,16.360000610351562,16.3799991607666,0
2026-09-10 08:30:00+00:00,16.3700008392334,16.3799991607666,16.3700008392334,16.3799991607666,0
2026-09-10 08:31:00+00:00,16.3799991607666,16.399999618530273,16.3799991607666,16.399999618530273,0
2026-09-10 08:32:00+00:00,16.40999984741211,16.43000030517578,16.40999984741211,16.43000030517578,0
2026-09-10 08:33:00+00:00,16.440000534057617,16.479999542236328,16.440000534057617,16.469999313354492,0
2026-09-10 08:34:00+00:00,16.479999542236328,16.479999542236328,16.479999542236328,16.479999542236328,0
2026-09-10 08:35:00+00:00,16.479999542236328,16.479999542236328,16.469999313354492,16.469999313354492,0
2026-09-10 08:36:00+00:00,16.459999084472656,16.459999084472656,16.459999084472656,16.459999084472656,0
2026-09-10 08:37:00+00:00,16.450000762939453,16.450000762939453,16.420000076293945,16.440000534057617,0
2026-09-10 08:38:00+00:00,16.440000534057617,16.459999084472656,16.440000534057617,16.459999084472656,0
2026-09-10 08:39:00+00:00,16.459999084472656,16.459999084472656,16.440000534057617,16.440000534057617,0
2026-09-10 08:40:00+00:00,16.450000762939453,16.450000762939453,16.450000762939453,16.450000762939453,0
2026-09-10 08:41:00+00:00,16.450000762939453,16.450000762939453,16.450000762939453,16.450000762939453,0
2026-09-10 08:42:00+00:00,16.459999084472656,16.479999542236328,16.459999084472656,16.479999542236328,0
2026-09-10 08:43:00+00:00,16.5,16.510000228881836,16.5,16.510000228881836,0
2026-09-10 08:44:00+00:00,16.510000228881836,16.520000457763672,16.510000228881836,16.520000457763672,0
2026-09-10 08:45:00+00:00,16.510000228881836,16.510000228881836,16.489999771118164,16.489999771118164,0
2026-09-10 08:46:00+00:00,16.5,16.5,16.479999542236328,16.479999542236328,0
2026-09-10 08:47:00+00:00,16.469999313354492,16.469999313354492,16.459999084472656,16.459999084472656,0
2026-09-10 08:48:00+00:00,16.459999084472656,16.469999313354492,16.459999084472656,16.469999313354492,0
2026-09-10 08:49:00+00:00,16.479999542236328,16.5,16.479999542236328,16.5,0
2026-09-10 08:50:00+00:00,16.5,16.510000228881836,16.5,16.510000228881836,0
2026-09-10 08:51:00+00:00,16.510000228881836,16.510000228881836,16.489999771118164,16.489999771118164,0
2026-09-10 08:52:00+00:00,16.489999771118164,16.489999771118164,16.479999542236328,16.479999542236328,0
2026-09-10 08:53:00+00:00,16.479999542236328,16.479999542236328,16.469999313354492,16.479999542236328,0
2026-09-10 08:54:00+00:00,16.479999542236328,16.479999542236328,16.459999084472656,16.459999084472656,0
2026-09-10 08:55:00+00:00,16.469999313354492,16.469999313354492,16.469999313354492,16.469999313354492,0
2026-09-10 08:56:00+00:00,16.469999313354492,16.489999771118164,16.469999313354492,16.479999542236328,0
2026-09-10 08:57:00+00:00,16.479999542236328,16.479999542236328,16.469999313354492,16.469999313354492,0
2026-09-10 08:58:00+00:00,16.479999542236328,16.489999771118164,16.479999542236328,16.489999771118164,0
2026-09-10 08:59:00+00:00,16.479999542236328,16.479999542236328,16.469999313354492,16.469999313354492,0
2026-09-10 09:00:00+00:00,16.469999313354492,16.479999542236328,16.469999313354492,16.469999313354492,0
2026-09-10 09:01:00+00:00,16.469999313354492,16.479999542236328,16.469999313354492,16.469999313354492,0
2026-09-10 09:02:00+00:00,16.469999313354492,16.469999313354492,16.469999313354492,16.469999313354492,0
2026-09-10 09:03:00+00:00,16.469999313354492,16.469999313354492,16.440000534057617,16.440000534057617,0
2026-09-10 09:04:00+00:00,16.440000534057617,16.440000534057617,16.43000030517578,16.440000534057617,0
2026-09-10 09:05:00+00:00,16.43000030517578,16.440000534057617,16.43000030517578,16.440000534057617,0
2026-09-10 09:06:00+00:00,16.450000762939453,16.450000762939453,16.450000762939453,16.450000762939453,0
2026-09-10 09:07:00+00:00,16.440000534057617,16.440000534057617,16.440000534057617,16.440000534057617,0
2026-09-10 09:08:00+00:00,16.440000534057617,16.440000534057617,16.43000030517578,16.440000534057617,0
2026-09-10 09:09:00+00:00,16.450000762939453,16.479999542236328,16.450000762939453,16.479999542236328,0
2026-09-10 09:10:00+00:00,16.489999771118164,16.489999771118164,16.479999542236328,16.479999542236328,0
2026-09-10 09:11:00+00:00,16.479999542236328,16.479999542236328,16.469999313354492,16.479999542236328,0
2026-09-10 09:12:00+00:00,16.469999313354492,16.469999313354492,16.450000762939453,16.450000762939453,0
2026-09-10 09:13:00+00:00,16.450000762939453,16.459999084472656,16.450000762939453,16.459999084472656,0
2026-09-10 09:14:00+00:00,16.469999313354492,16.469999313354492,16.459999084472656,16.459999084472656,0
2026-09-10 09:15:00+00:00,16.459999084472656,16.469999313354492,16.459999084472656,16.469999313354492,0
2026-09-10 09:16:00+00:00,16.469999313354492,16.469999313354492,16.469999313354492,16.469999313354492,0
2026-09-10 09:17:00+00:00,16.469999313354492,16.469999313354492,16.469999313354492,16.469999313354492,0
2026-09-10 09:18:00+00:00,16.469999313354492,16.469999313354492,16.459999084472656,16.459999084472656,0
2026-09-10 09:19:00+00:00,16.459999084472656,16.459999084472656,16.450000762939453,16.450000762939453,0
2026-09-10 09:20:00+00:00,16.450000762939453,16.450000762939453,16.450000762939453,16.450000762939453,0
2026-09-10 09:21:00+00:00,16.450000762939453,16.450000762939453,16.440000534057617,16.450000762939453,0
2026-09-10 09:22:00+00:00,16.450000762939453,16.459999084472656,16.450000762939453,16.459999084472656,0
2026-09-10 09:23:00+00:00,16.459999084472656,16.459999084472656,16.440000534057617,16.440000534057617,0
2026-09-10 09:24:00+00:00,16.450000762939453,16.459999084472656,16.450000762939453,16.459999084472656,0
2026-09-10 09:25:00+00:00,16.459999084472656,16.479999542236328,16.459999084472656,16.479999542236328,0
2026-09-10 09:26:00+00:00,16.479999542236328,16.489999771118164,16.479999542236328,16.489999771118164,0
2026-09-10 09:27:00+00:00,16.479999542236328,16.479999542236328,16.459999084472656,16.459999084472656,0
2026-09-10 09:28:00+00:00,16.469999313354492,16.489999771118164,16.469999313354492,16.489999771118164,0
2026-09-10 09:29:00+00:00,16.489999771118164,16.489999771118164,16.489999771118164,16.489999771118164,0
2026-09-10 09:30:00+00:00,16.489999771118164,16.510000228881836,16.489999771118164,16.510000228881836,0
2026-09-10 09:31:00+00:00,16.520000457763672,16.530000686645508,16.520000457763672,16.530000686645508,0
2026-09-10 09:32:00+00:00,16.540000915527344,16.549999237060547,16.540000915527344,16.549999237060547,0
2026-09-10 09:33:00+00:00,16.549999237060547,16.549999237060547,16.549999237060547,16.549999237060547,0
2026-09-10 09:34:00+00:00,16.540000915527344,16.549999237060547,16.530000686645508,16.530000686645508,0
2026-09-10 09:35:00+00:00,16.520000457763672,16.530000686645508,16.520000457763672,16.530000686645508,0
2026-09-10 09:36:00+00:00,16.530000686645508,16.540000915527344,16.530000686645508,16.540000915527344,0
2026-09-10 09:37:00+00:00,16.530000686645508,16.540000915527344,16.530000686645508,16.540000915527344,0
2026-09-10 09:38:00+00:00,16.530000686645508,16.540000915527344,16.530000686645508,16.540000915527344,0
2026-09-10 09:39:00+00:00,16.549999237060547,16.559999465942383,16.549999237060547,16.559999465942383,0
2026-09-10 09:40:00+00:00,16.559999465942383,16.56999969482422,16.559999465942383,16.56999969482422,0
2026-09-10 09:41:00+00:00,16.56999969482422,16.579999923706055,16.56999969482422,16.579999923706055,0
2026-09-10 09:42:00+00:00,16.579999923706055,16.59000015258789,16.579999923706055,16.59000015258789,0
2026-09-10 09:43:00+00:00,16.579999923706055,16.579999923706055,16.540000915527344,16.540000915527344,0
2026-09-10 09:44:00+00:00,16.540000915527344,16.540000915527344,16.520000457763672,16.520000457763672,0
2026-09-10 09:45:00+00:00,16.520000457763672,16.520000457763672,16.5,16.5,0
2026-09-10 09:46:00+00:00,16.510000228881836,16.510000228881836,16.489999771118164,16.489999771118164,0
2026-09-10 09:47:00+00:00,16.489999771118164,16.5,16.489999771118164,16.489999771118164,0
2026-09-10 09:48:00+00:00,16.489999771118164,16.5,16.489999771118164,16.489999771118164,0
2026-09-10 09:49:00+00:00,16.489999771118164,16.489999771118164,16.489999771118164,16.489999771118164,0
2026-09-10 09:50:00+00:00,16.489999771118164,16.5,16.489999771118164,16.5,0
2026-09-10 09:51:00+00:00,16.489999771118164,16.489999771118164,16.479999542236328,16.479999542236328,0
2026-09-10 09:52:00+00:00,16.479999542236328,16.479999542236328,16.469999313354492,16.479999542236328,0
2026-09-10 09:53:00+00:00,16.469999313354492,16.479999542236328,16.469999313354492,16.479999542236328,0
2026-09-10 09:54:00+00:00,16.479999542236328,16.479999542236328,16.450000762939453,16.450000762939453,0
2026-09-10 09:55:00+00:00,16.469999313354492,16.479999542236328,16.469999313354492,16.479999542236328,0
2026-09-10 09:56:00+00:00,16.479999542236328,16.479999542236328,16.469999313354492,16.469999313354492,0
2026-09-10 09:57:00+00:00,16.479999542236328,16.489999771118164,16.479999542236328,16.489999771118164,0
2026-09-10 09:58:00+00:00,16.5,16.5,16.489999771118164,16.489999771118164,0
2026-09-10 09:59:00+00:00,16.5,16.5,16.489999771118164,16.489999771118164,0
2026-09-10 10:00:00+00:00,16.489999771118164,16.510000228881836,16.489999771118164,16.510000228881836,0
2026-09-10 10:01:00+00:00,16.510000228881836,16.510000228881836,16.510000228881836,16.510000228881836,0
2026-09-10 10:02:00+00:00,16.5,16.510000228881836,16.5,16.510000228881836,0
2026-09-10 10:03:00+00:00,16.5,16.5,16.469999313354492,16.469999313354492,0
2026-09-10 10:04:00+00:00,16.469999313354492,16.479999542236328,16.469999313354492,16.479999542236328,0
2026-09-10 10:05:00+00:00,16.469999313354492,16.469999313354492,16.469999313354492,16.469999313354492,0
2026-09-10 10:06:00+00:00,16.469999313354492,16.469999313354492,16.469999313354492,16.469999313354492,0
2026-09-10 10:07:00+00:00,16.469999313354492,16.479999542236328,16.469999313354492,16.479999542236328,0
2026-09-10 10:08:00+00:00,16.5,16.510000228881836,16.5,16.5,0
2026-09-10 10:09:00+00:00,16.510000228881836,16.520000457763672,16.510000228881836,16.510000228881836,0
2026-09-10 10:10:00+00:00,16.520000457763672,16.520000457763672,16.510000228881836,16.520000457763672,0
2026-09-10 10:11:00+00:00,16.530000686645508,16.530000686645508,16.510000228881836,16.510000228881836,0
2026-09-10 10:12:00+00:00,16.510000228881836,16.520000457763672,16.510000228881836,16.520000457763672,0
2026-09-10 10:13:00+00:00,16.520000457763672,16.520000457763672,16.510000228881836,16.510000228881836,0
2026-09-10 10:14:00+00:00,16.510000228881836,16.510000228881836,16.510000228881836,16.510000228881836,0
2026-09-10 10:15:00+00:00,16.520000457763672,16.520000457763672,16.510000228881836,16.510000228881836,0
2026-09-10 10:16:00+00:00,16.520000457763672,16.520000457763672,16.520000457763672,16.520000457763672,0
2026-09-10 10:17:00+00:00,16.510000228881836,16.520000457763672,16.510000228881836,16.520000457763672,0
2026-09-10 10:18:00+00:00,16.520000457763672,16.520000457763672,16.510000228881836,16.520000457763672,0
2026-09-10 10:19:00+00:00,16.520000457763672,16.520000457763672,16.510000228881836,16.510000228881836,0
2026-09-10 10:20:00+00:00,16.510000228881836,16.520000457763672,16.510000228881836,16.520000457763672,0
2026-09-10 10:21:00+00:00,16.510000228881836,16.510000228881836,16.5,16.5,0
2026-09-10 10:22:00+00:00,16.5,16.5,16.5,16.5,0
2026-09-10 10:23:00+00:00,16.5,16.510000228881836,16.5,16.510000228881836,0
2026-09-10 10:24:00+00:00,16.510000228881836,16.510000228881836,16.510000228881836,16.510000228881836,0
2026-09-10 10:25:00+00:00,16.510000228881836,16.520000457763672,16.510000228881836,16.520000457763672,0
2026-09-10 10:26:00+00:00,16.479999542236328,16.5,16.479999542236328,16.5,0
2026-09-10 10:27:00+00:00,16.510000228881836,16.520000457763672,16.510000228881836,16.520000457763672,0
2026-09-10 10:28:00+00:00,16.520000457763672,16.520000457763672,16.520000457763672,16.520000457763672,0
2026-09-10 10:29:00+00:00,16.520000457763672,16.520000457763672,16.520000457763672,16.520000457763672,0
2026-09-10 10:30:00+00:00,16.520000457763672,16.530000686645508,16.520000457763672,16.530000686645508,0
2026-09-10 10:31:00+00:00,16.530000686645508,16.559999465942383,16.530000686645508,16.559999465942383,0
2026-09-10 10:32:00+00:00,16.559999465942383,16.56999969482422,16.559999465942383,16.56999969482422,0
2026-09-10 10:33:00+00:00,16.559999465942383,16.559999465942383,16.559999465942383,16.559999465942383,0
2026-09-10 10:34:00+00:00,16.56999969482422,16.59000015258789,16.56999969482422,16.579999923706055,0
2026-09-10 10:35:00+00:00,16.579999923706055,16.59000015258789,16.579999923706055,16.59000015258789,0
2026-09-10 10:36:00+00:00,16.579999923706055,16.579999923706055,16.56999969482422,16.56999969482422,0
2026-09-10 10:37:00+00:00,16.549999237060547,16.549999237060547,16.520000457763672,16.520000457763672,0
2026-09-10 10:38:00+00:00,16.520000457763672,16.520000457763672,16.520000457763672,16.520000457763672,0
2026-09-10 10:39:00+00:00,16.520000457763672,16.520000457763672,16.510000228881836,16.510000228881836,0
2026-09-10 10:40:00+00:00,16.510000228881836,16.520000457763672,16.510000228881836,16.510000228881836,0
2026-09-10 10:41:00+00:00,16.5,16.5,16.5,16.5,0
2026-09-10 10:42:00+00:00,16.5,16.5,16.5,16.5,0
2026-09-10 10:43:00+00:00,16.5,16.510000228881836,16.5,16.510000228881836,0
2026-09-10 10:44:00+00:00,16.510000228881836,16.520000457763672,16.510000228881836,16.520000457763672,0
2026-09-10 10:45:00+00:00,16.520000457763672,16.530000686645508,16.520000457763672,16.530000686645508,0
2026-09-10 10:46:00+00:00,16.530000686645508,16.530000686645508,16.530000686645508,16.530000686645508,0
2026-09-10 10:47:00+00:00,16.530000686645508,16.540000915527344,16.530000686645508,16.540000915527344,0
2026-09-10 10:48:00+00:00,16.530000686645508,16.530000686645508,16.530000686645508,16.530000686645508,0
2026-09-10 10:49:00+00:00,16.530000686645508,16.530000686645508,16.530000686645508,16.530000686645508,0
2026-09-10 10:50:00+00:00,16.530000686645508,16.540000915527344,16.530000686645508,16.540000915527344,0
2026-09-10 10:51:00+00:00,16.540000915527344,16.540000915527344,16.530000686645508,16.540000915527344,0
2026-09-10 10:52:00+00:00,16.540000915527344,16.559999465942383,16.540000915527344,16.559999465942383,0
2026-09-10 10:53:00+00:00,16.56999969482422,16.56999969482422,16.559999465942383,16.56999969482422,0
2026-09-10 10:54:00+00:00,16.56999969482422,16.59000015258789,16.56999969482422,16.59000015258789,0
2026-09-10 10:55:00+00:00,16.600000381469727,16.600000381469727,16.59000015258789,16.59000015258789,0
2026-09-10 10:56:00+00:00,16.59000015258789,16.59000015258789,16.489999771118164,16.489999771118164,0
2026-09-10 10:57:00+00:00,16.479999542236328,16.520000457763672,16.479999542236328,16.520000457763672,0
2026-09-10 10:58:00+00:00,16.520000457763672,16.540000915527344,16.520000457763672,16.540000915527344,0
2026-09-10 10:59:00+00:00,16.540000915527344,16.56999969482422,16.540000915527344,16.56999969482422,0
2026-09-10 11:00:00+00:00,16.56999969482422,16.59000015258789,16.56999969482422,16.59000015258789,0
2026-09-10 11:01:00+00:00,16.59000015258789,16.610000610351562,16.59000015258789,16.610000610351562,0
2026-09-10 11:02:00+00:00,16.600000381469727,16.639999389648438,16.600000381469727,16.639999389648438,0
2026-09-10 11:03:00+00:00,16.6299991607666,16.6299991607666,16.6200008392334,16.6200008392334,0
2026-09-10 11:04:00+00:00,16.6299991607666,16.6299991607666,16.6200008392334,16.6299991607666,0
2026-09-10 11:05:00+00:00,16.6200008392334,16.6200008392334,16.610000610351562,16.610000610351562,0
2026-09-10 11:06:00+00:00,16.6299991607666,16.649999618530273,16.6299991607666,16.649999618530273,0
2026-09-10 11:07:00+00:00,16.65999984741211,16.65999984741211,16.639999389648438,16.639999389648438,0
2026-09-10 11:08:00+00:00,16.639999389648438,16.649999618530273,16.639999389648438,16.649999618530273,0
2026-09-10 11:09:00+00:00,16.639999389648438,16.65999984741211,16.639999389648438,16.65999984741211,0
2026-09-10 11:10:00+00:00,16.65999984741211,16.65999984741211,16.649999618530273,16.649999618530273,0
2026-09-10 11:11:00+00:00,16.670000076293945,16.690000534057617,16.670000076293945,16.690000534057617,0
2026-09-10 11:12:00+00:00,16.68000030517578,16.690000534057617,16.68000030517578,16.690000534057617,0
2026-09-10 11:13:00+00:00,16.700000762939453,16.700000762939453,16.649999618530273,16.649999618530273,0
2026-09-10 11:14:00+00:00,16.649999618530273,16.65999984741211,16.649999618530273,16.65999984741211,0
2026-09-10 11:15:00+00:00,16.65999984741211,16.65999984741211,16.649999618530273,16.65999984741211,0
2026-09-10 11:16:00+00:00,16.649999618530273,16.670000076293945,16.649999618530273,16.670000076293945,0
2026-09-10 11:17:00+00:00,16.670000076293945,16.670000076293945,16.65999984741211,16.65999984741211,0
2026-09-10 11:18:00+00:00,16.65999984741211,16.670000076293945,16.65999984741211,16.670000076293945,0
2026-09-10 11:19:00+00:00,16.670000076293945,16.670000076293945,16.670000076293945,16.670000076293945,0
2026-09-10 11:20:00+00:00,16.670000076293945,16.670000076293945,16.670000076293945,16.670000076293945,0
2026-09-10 11:21:00+00:00,16.670000076293945,16.670000076293945,16.670000076293945,16.670000076293945,0
2026-09-10 11:22:00+00:00,16.690000534057617,16.700000762939453,16.690000534057617,16.700000762939453,0
2026-09-10 11:23:00+00:00,16.690000534057617,16.690000534057617,16.670000076293945,16.670000076293945,0
2026-09-10 11:24:00+00:00,16.670000076293945,16.68000030517578,16.670000076293945,16.670000076293945,0
2026-09-10 11:25:00+00:00,16.670000076293945,16.68000030517578,16.670000076293945,16.68000030517578,0
2026-09-10 11:26:00+00:00,16.68000030517578,16.690000534057617,16.68000030517578,16.68000030517578,0
2026-09-10 11:27:00+00:00,16.68000030517578,16.68000030517578,16.68000030517578,16.68000030517578,0
2026-09-10 11:28:00+00:00,16.68000030517578,16.68000030517578,16.68000030517578,16.68000030517578,0
2026-09-10 11:29:00+00:00,16.68000030517578,16.68000030517578,16.68000030517578,16.68000030517578,0
2026-09-10 11:30:00+00:00,16.690000534057617,16.690000534057617,16.68000030517578,16.68000030517578,0
2026-09-10 11:31:00+00:00,16.68000030517578,16.68000030517578,16.65999984741211,16.65999984741211,0
2026-09-10 11:32:00+00:00,16.65999984741211,16.65999984741211,16.65999984741211,16.65999984741211,0
2026-09-10 11:33:00+00:00,16.649999618530273,16.649999618530273,16.639999389648438,16.639999389648438,0
2026-09-10 11:34:00+00:00,16.610000610351562,16.610000610351562,16.600000381469727,16.600000381469727,0
2026-09-10 11:35:00+00:00,16.600000381469727,16.600000381469727,16.59000015258789,16.59000015258789,0
2026-09-10 11:36:00+00:00,16.59000015258789,16.610000610351562,16.59000015258789,16.600000381469727,0
2026-09-10 11:37:00+00:00,16.610000610351562,16.6200008392334,16.610000610351562,16.6200008392334,0
2026-09-10 11:38:00+00:00,16.6200008392334,16.6299991607666,16.6200008392334,16.6299991607666,0
2026-09-10 11:39:00+00:00,16.6299991607666,16.6299991607666,16.6200008392334,16.6299991607666,0
2026-09-10 11:40:00+00:00,16.6200008392334,16.639999389648438,16.6200008392334,16.639999389648438,0
2026-09-10 11:41:00+00:00,16.639999389648438,16.639999389648438,16.639999389648438,16.639999389648438,0
2026-09-10 11:42:00+00:00,16.649999618530273,16.65999984741211,16.649999618530273,16.65999984741211,0
2026-09-10 11:43:00+00:00,16.65999984741211,16.690000534057617,16.65999984741211,16.68000030517578,0
2026-09-10 11:44:00+00:00,16.68000030517578,16.68000030517578,16.68000030517578,16.68000030517578,0
2026-09-10 11:45:00+00:00,16.68000030517578,16.68000030517578,16.649999618530273,16.670000076293945,0
2026-09-10 11:46:00+00:00,16.670000076293945,16.68000030517578,16.670000076293945,16.68000030517578,0
2026-09-10 11:47:00+00:00,16.68000030517578,16.700000762939453,16.68000030517578,16.700000762939453,0
2026-09-10 11:48:00+00:00,16.700000762939453,16.719999313354492,16.700000762939453,16.719999313354492,0
2026-09-10 11:49:00+00:00,16.719999313354492,16.719999313354492,16.719999313354492,16.719999313354492,0
2026-09-10 11:50:00+00:00,16.719999313354492,16.770000457763672,16.719999313354492,16.770000457763672,0
2026-09-10 11:51:00+00:00,16.770000457763672,16.770000457763672,16.770000457763672,16.770000457763672,0
2026-09-10 11:52:00+00:00,16.780000686645508,16.780000686645508,16.780000686645508,16.780000686645508,0
2026-09-10 11:53:00+00:00,16.780000686645508,16.799999237060547,16.780000686645508,16.799999237060547,0
2026-09-10 11:54:00+00:00,16.809999465942383,16.809999465942383,16.799999237060547,16.809999465942383,0
2026-09-10 11:55:00+00:00,16.809999465942383,16.860000610351562,16.809999465942383,16.860000610351562,0
2026-09-10 11:56:00+00:00,16.860000610351562,16.860000610351562,16.850000381469727,16.860000610351562,0
2026-09-10 11:57:00+00:00,16.889999389648438,16.899999618530273,16.889999389648438,16.889999389648438,0
2026-09-10 11:58:00+00:00,16.889999389648438,16.889999389648438,16.8799991607666,16.8799991607666,0
2026-09-10 11:59:00+00:00,16.899999618530273,16.920000076293945,16.899999618530273,16.920000076293945,0
2026-09-10 12:00:00+00:00,16.93000030517578,16.93000030517578,16.899999618530273,16.899999618530273,0
2026-09-10 12:01:00+00:00,16.93000030517578,16.969999313354492,16.93000030517578,16.969999313354492,0
2026-09-10 12:02:00+00:00,16.969999313354492,16.969999313354492,16.959999084472656,16.969999313354492,0
2026-09-10 12:03:00+00:00,16.969999313354492,16.969999313354492,16.950000762939453,16.969999313354492,0
2026-09-10 12:04:00+00:00,16.989999771118164,17.030000686645508,16.989999771118164,17.030000686645508,0
2026-09-10 12:05:00+00:00,17.030000686645508,17.030000686645508,17.030000686645508,17.030000686645508,0
2026-09-10 12:06:00+00:00,17.010000228881836,17.040000915527344,17.010000228881836,17.040000915527344,0
2026-09-10 12:07:00+00:00,17.049999237060547,17.049999237060547,17.010000228881836,17.010000228881836,0
2026-09-10 12:08:00+00:00,17.0,17.020000457763672,17.0,17.020000457763672,0
2026-09-10 12:09:00+00:00,17.030000686645508,17.030000686645508,17.020000457763672,17.030000686645508,0
2026-09-10 12:10:00+00:00,17.030000686645508,17.030000686645508,17.020000457763672,17.020000457763672,0
2026-09-10 12:11:00+00:00,16.979999542236328,16.989999771118164,16.979999542236328,16.989999771118164,0
2026-09-10 12:12:00+00:00,16.989999771118164,16.989999771118164,16.969999313354492,16.969999313354492,0
2026-09-10 12:13:00+00:00,16.979999542236328,16.979999542236328,16.920000076293945,16.920000076293945,0
2026-09-10 12:14:00+00:00,16.90999984741211,16.90999984741211,16.889999389648438,16.889999389648438,0
2026-09-10 12:15:00+00:00,16.899999618530273,16.979999542236328,16.899999618530273,16.979999542236328,0
2026-09-10 12:16:00+00:00,16.979999542236328,16.989999771118164,16.969999313354492,16.989999771118164,0
2026-09-10 12:17:00+00:00,17.030000686645508,17.030000686645508,17.010000228881836,17.010000228881836,0
2026-09-10 12:18:00+00:00,17.020000457763672,17.020000457763672,17.010000228881836,17.010000228881836,0
2026-09-10 12:19:00+00:00,17.0,17.020000457763672,17.0,17.020000457763672,0
2026-09-10 12:20:00+00:00,17.030000686645508,17.049999237060547,17.030000686645508,17.049999237060547,0
2026-09-10 12:21:00+00:00,17.049999237060547,17.049999237060547,17.040000915527344,17.040000915527344,0
2026-09-10 12:22:00+00:00,17.059999465942383,17.059999465942383,17.049999237060547,17.049999237060547,0
2026-09-10 12:23:00+00:00,17.049999237060547,17.06999969482422,17.049999237060547,17.06999969482422,0
2026-09-10 12:24:00+00:00,17.059999465942383,17.06999969482422,17.059999465942383,17.06999969482422,0
2026-09-10 12:25:00+00:00,17.06999969482422,17.09000015258789,17.059999465942383,17.09000015258789,0
2026-09-10 12:26:00+00:00,17.059999465942383,17.100000381469727,17.059999465942383,17.100000381469727,0
2026-09-10 12:27:00+00:00,17.100000381469727,17.110000610351562,17.100000381469727,17.110000610351562,0
2026-09-10 12:28:00+00:00,17.1299991607666,17.149999618530273,17.1299991607666,17.149999618530273,0
2026-09-10 12:29:00+00:00,17.139999389648438,17.149999618530273,17.139999389648438,17.149999618530273,0
2026-09-10 12:30:00+00:00,17.059999465942383,17.190000534057617,17.059999465942383,17.190000534057617,0
2026-09-10 12:31:00+00:00,17.18000030517578,17.209999084472656,17.18000030517578,17.209999084472656,0
2026-09-10 12:32:00+00:00,17.25,17.299999237060547,17.25,17.299999237060547,0
2026-09-10 12:33:00+00:00,17.31999969482422,17.399999618530273,17.31999969482422,17.399999618530273,0
2026-09-10 12:34:00+00:00,17.440000534057617,17.510000228881836,17.440000534057617,17.510000228881836,0
2026-09-10 12:35:00+00:00,17.549999237060547,17.549999237060547,17.459999084472656,17.459999084472656,0
2026-09-10 12:36:00+00:00,17.459999084472656,17.459999084472656,17.399999618530273,17.399999618530273,0
2026-09-10 12:37:00+00:00,17.420000076293945,17.450000762939453,17.420000076293945,17.450000762939453,0
2026-09-10 12:38:00+00:00,17.450000762939453,17.450000762939453,17.420000076293945,17.450000762939453,0
2026-09-10 12:39:00+00:00,17.459999084472656,17.5,17.459999084472656,17.479999542236328,0
2026-09-10 12:40:00+00:00,17.489999771118164,17.56999969482422,17.489999771118164,17.56999969482422,0
2026-09-10 12:41:00+00:00,17.56999969482422,17.56999969482422,17.559999465942383,17.56999969482422,0
2026-09-10 12:42:00+00:00,17.6200008392334,17.68000030517578,17.6200008392334,17.649999618530273,0
2026-09-10 12:43:00+00:00,17.690000534057617,17.75,17.690000534057617,17.719999313354492,0
2026-09-10 12:44:00+00:00,17.739999771118164,17.760000228881836,17.729999542236328,17.729999542236328,0
2026-09-10 12:45:00+00:00,17.700000762939453,17.709999084472656,17.700000762939453,17.709999084472656,0
2026-09-10 12:46:00+00:00,17.739999771118164,17.770000457763672,17.739999771118164,17.770000457763672,0
2026-09-10 12:47:00+00:00,17.760000228881836,17.760000228881836,17.700000762939453,17.700000762939453,0
2026-09-10 12:48:00+00:00,17.760000228881836,17.770000457763672,17.739999771118164,17.739999771118164,0
2026-09-10 12:49:00+00:00,17.709999084472656,17.709999084472656,17.65999984741211,17.65999984741211,0
2026-09-10 12:50:00+00:00,17.649999618530273,17.649999618530273,17.6200008392334,17.6200008392334,0
2026-09-10 12:51:00+00:00,17.600000381469727,17.610000610351562,17.600000381469727,17.600000381469727,0
2026-09-10 12:52:00+00:00,17.600000381469727,17.639999389648438,17.600000381469727,17.639999389648438,0
2026-09-10 12:53:00+00:00,17.639999389648438,17.649999618530273,17.639999389648438,17.639999389648438,0
2026-09-10 12:54:00+00:00,17.649999618530273,17.649999618530273,17.610000610351562,17.610000610351562,0
2026-09-10 12:55:00+00:00,17.6200008392334,17.65999984741211,17.6200008392334,17.65999984741211,0
2026-09-10 12:56:00+00:00,17.670000076293945,17.690000534057617,17.670000076293945,17.670000076293945,0
2026-09-10 12:57:00+00:00,17.719999313354492,17.75,17.719999313354492,17.75,0
2026-09-10 12:58:00+00:00,17.739999771118164,17.739999771118164,17.729999542236328,17.729999542236328,0
2026-09-10 12:59:00+00:00,17.75,17.760000228881836,17.75,17.760000228881836,0
2026-09-10 13:00:00+00:00,17.75,17.75,17.700000762939453,17.700000762939453,0
2026-09-10 13:01:00+00:00,17.690000534057617,17.690000534057617,17.65999984741211,17.670000076293945,0
2026-09-10 13:02:00+00:00,17.690000534057617,17.690000534057617,17.639999389648438,17.639999389648438,0
2026-09-10 13:03:00+00:00,17.6200008392334,17.6200008392334,17.610000610351562,17.610000610351562,0
2026-09-10 13:04:00+00:00,17.6299991607666,17.6299991607666,17.559999465942383,17.559999465942383,0
2026-09-10 13:05:00+00:00,17.540000915527344,17.549999237060547,17.530000686645508,17.540000915527344,0
2026-09-10 13:06:00+00:00,17.559999465942383,17.559999465942383,17.540000915527344,17.549999237060547,0
2026-09-10 13:07:00+00:00,17.549999237060547,17.56999969482422,17.549999237060547,17.56999969482422,0
2026-09-10 13:08:00+00:00,17.600000381469727,17.639999389648438,17.600000381469727,17.6299991607666,0
2026-09-10 13:09:00+00:00,17.6200008392334,17.6200008392334,17.610000610351562,17.610000610351562,0
2026-09-10 13:10:00+00:00,17.6200008392334,17.6200008392334,17.610000610351562,17.610000610351562,0
2026-09-10 13:11:00+00:00,17.600000381469727,17.600000381469727,17.59000015258789,17.59000015258789,0
2026-09-10 13:12:00+00:00,17.600000381469727,17.6200008392334,17.600000381469727,17.6200008392334,0
2026-09-10 13:13:00+00:00,17.6299991607666,17.6299991607666,17.6200008392334,17.6200008392334,0
2026-09-10 13:14:00+00:00,17.6299991607666,17.65999984741211,17.6299991607666,17.65999984741211,0
2026-09-10 13:15:00+00:00,17.670000076293945,17.670000076293945,17.6299991607666,17.639999389648438,0
2026-09-10 13:16:00+00:00,17.639999389648438,17.68000030517578,17.639999389648438,17.649999618530273,0
2026-09-10 13:17:00+00:00,17.639999389648438,17.709999084472656,17.639999389648438,17.700000762939453,0
2026-09-10 13:18:00+00:00,17.709999084472656,17.709999084472656,17.700000762939453,17.709999084472656,0
2026-09-10 13:19:00+00:00,17.690000534057617,17.700000762939453,17.68000030517578,17.700000762939453,0
2026-09-10 13:20:00+00:00,17.690000534057617,17.690000534057617,17.670000076293945,17.690000534057617,0
2026-09-10 13:21:00+00:00,17.700000762939453,17.709999084472656,17.700000762939453,17.700000762939453,0
2026-09-10 13:22:00+00:00,17.690000534057617,17.690000534057617,17.68000030517578,17.68000030517578,0
2026-09-10 13:23:00+00:00,17.670000076293945,17.68000030517578,17.670000076293945,17.670000076293945,0
2026-09-10 13:24:00+00:00,17.670000076293945,17.709999084472656,17.670000076293945,17.709999084472656,0
2026-09-10 13:25:00+00:00,17.739999771118164,17.739999771118164,17.739999771118164,17.739999771118164,0
2026-09-10 13:31:00+00:00,17.690000534057617,17.729999542236328,17.690000534057617,17.709999084472656,0
2026-09-10 13:32:00+00:00,17.709999084472656,17.729999542236328,17.690000534057617,17.690000534057617,0
2026-09-10 13:33:00+00:00,17.700000762939453,17.729999542236328,17.690000534057617,17.729999542236328,0
2026-09-10 13:34:00+00:00,17.700000762939453,17.719999313354492,17.690000534057617,17.719999313354492,0
2026-09-10 13:35:00+00:00,17.760000228881836,17.760000228881836,17.670000076293945,17.670000076293945,0
2026-09-10 13:36:00+00:00,17.709999084472656,17.709999084472656,17.639999389648438,17.65999984741211,0
2026-09-10 13:37:00+00:00,17.670000076293945,17.780000686645508,17.670000076293945,17.780000686645508,0
2026-09-10 13:38:00+00:00,17.760000228881836,17.760000228881836,17.709999084472656,17.75,0
2026-09-10 13:39:00+00:00,17.719999313354492,17.729999542236328,17.709999084472656,17.729999542236328,0
2026-09-10 13:40:00+00:00,17.709999084472656,17.709999084472656,17.700000762939453,17.709999084472656,0
2026-09-10 13:41:00+00:00,17.729999542236328,17.760000228881836,17.709999084472656,17.760000228881836,0
2026-09-10 13:42:00+00:00,17.760000228881836,17.799999237060547,17.75,17.799999237060547,0
2026-09-10 13:43:00+00:00,17.770000457763672,17.770000457763672,17.68000030517578,17.68000030517578,0
2026-09-10 13:44:00+00:00,17.68000030517578,17.729999542236328,17.68000030517578,17.729999542236328,0
2026-09-10 13:45:00+00:00,17.700000762939453,17.700000762939453,17.68000030517578,17.690000534057617,0
2026-09-10 13:46:00+00:00,17.639999389648438,17.649999618530273,17.610000610351562,17.610000610351562,0
2026-09-10 13:47:00+00:00,17.579999923706055,17.59000015258789,17.579999923706055,17.59000015258789,0
2026-09-10 13:48:00+00:00,17.56999969482422,17.670000076293945,17.56999969482422,17.670000076293945,0
2026-09-10 13:49:00+00:00,17.639999389648438,17.649999618530273,17.540000915527344,17.540000915527344,0
2026-09-10 13:50:00+00:00,17.579999923706055,17.75,17.579999923706055,17.75,0
2026-09-10 13:51:00+00:00,17.739999771118164,17.84000015258789,17.739999771118164,17.84000015258789,0
2026-09-10 13:52:00+00:00,17.899999618530273,17.920000076293945,17.899999618530273,17.899999618530273,0
2026-09-10 13:53:00+00:00,17.889999389648438,17.90999984741211,17.889999389648438,17.889999389648438,0
2026-09-10 13:54:00+00:00,17.889999389648438,17.889999389648438,17.850000381469727,17.850000381469727,0
2026-09-10 13:55:00+00:00,17.899999618530273,17.989999771118164,17.899999618530273,17.989999771118164,0
2026-09-10 13:56:00+00:00,17.989999771118164,18.030000686645508,17.989999771118164,18.030000686645508,0
2026-09-10 13:57:00+00:00,18.030000686645508,18.040000915527344,17.969999313354492,17.969999313354492,0
2026-09-10 13:58:00+00:00,17.979999542236328,18.0,17.979999542236328,18.0,0
2026-09-10 13:59:00+00:00,18.040000915527344,18.049999237060547,18.030000686645508,18.049999237060547,0
2026-09-10 14:00:00+00:00,18.010000228881836,18.010000228881836,17.889999389648438,17.940000534057617,0
2026-09-10 14:01:00+00:00,17.93000030517578,17.93000030517578,17.8700008392334,17.8700008392334,0
2026-09-10 14:02:00+00:00,17.81999969482422,17.81999969482422,17.760000228881836,17.799999237060547,0
2026-09-10 14:03:00+00:00,17.790000915527344,17.809999465942383,17.790000915527344,17.799999237060547,0
2026-09-10 14:04:00+00:00,17.770000457763672,17.809999465942383,17.770000457763672,17.809999465942383,0
2026-09-10 14:05:00+00:00,17.81999969482422,17.850000381469727,17.81999969482422,17.850000381469727,0
2026-09-10 14:06:00+00:00,17.8700008392334,17.889999389648438,17.8700008392334,17.8799991607666,0
2026-09-10 14:07:00+00:00,17.889999389648438,17.920000076293945,17.8700008392334,17.8700008392334,0
2026-09-10 14:08:00+00:00,17.93000030517578,17.969999313354492,17.93000030517578,17.969999313354492,0
2026-09-10 14:09:00+00:00,17.950000762939453,17.989999771118164,17.950000762939453,17.969999313354492,0
2026-09-10 14:10:00+00:00,17.979999542236328,17.979999542236328,17.940000534057617,17.940000534057617,0
2026-09-10 14:11:00+00:00,17.950000762939453,17.950000762939453,17.90999984741211,17.90999984741211,0
2026-09-10 14:12:00+00:00,17.850000381469727,17.850000381469727,17.799999237060547,17.799999237060547,0
2026-09-10 14:13:00+00:00,17.790000915527344,17.790000915527344,17.770000457763672,17.770000457763672,0
2026-09-10 14:14:00+00:00,17.770000457763672,17.799999237060547,17.770000457763672,17.799999237060547,0
2026-09-10 14:15:00+00:00,17.81999969482422,17.850000381469727,17.81999969482422,17.81999969482422,0
2026-09-10 14:16:00+00:00,17.809999465942383,17.829999923706055,17.780000686645508,17.780000686645508,0
2026-09-10 14:17:00+00:00,17.760000228881836,17.809999465942383,17.760000228881836,17.799999237060547,0
2026-09-10 14:18:00+00:00,17.829999923706055,17.829999923706055,17.799999237060547,17.799999237060547,0
2026-09-10 14:19:00+00:00,17.780000686645508,17.780000686645508,17.719999313354492,17.719999313354492,0
2026-09-10 14:20:00+00:00,17.68000030517578,17.68000030517578,17.639999389648438,17.639999389648438,0
2026-09-10 14:21:00+00:00,17.6200008392334,17.649999618530273,17.6200008392334,17.6200008392334,0
2026-09-10 14:22:00+00:00,17.59000015258789,17.600000381469727,17.549999237060547,17.549999237060547,0
2026-09-10 14:23:00+00:00,17.530000686645508,17.549999237060547,17.530000686645508,17.540000915527344,0
2026-09-10 14:24:00+00:00,17.540000915527344,17.540000915527344,17.329999923706055,17.329999923706055,0
2026-09-10 14:25:00+00:00,17.309999465942383,17.309999465942383,17.200000762939453,17.229999542236328,0
2026-09-10 14:26:00+00:00,17.25,17.360000610351562,17.25,17.270000457763672,0
2026-09-10 14:27:00+00:00,17.299999237060547,17.350000381469727,17.299999237060547,17.350000381469727,0
2026-09-10 14:28:00+00:00,17.389999389648438,17.389999389648438,17.3799991607666,17.389999389648438,0
2026-09-10 14:29:00+00:00,17.389999389648438,17.469999313354492,17.389999389648438,17.469999313354492,0
2026-09-10 14:30:00+00:00,17.43000030517578,17.43000030517578,17.389999389648438,17.420000076293945,0
2026-09-10 14:31:00+00:00,17.420000076293945,17.440000534057617,17.3799991607666,17.3799991607666,0
2026-09-10 14:32:00+00:00,17.389999389648438,17.420000076293945,17.389999389648438,17.420000076293945,0
2026-09-10 14:33:00+00:00,17.40999984741211,17.40999984741211,17.399999618530273,17.40999984741211,0
2026-09-10 14:34:00+00:00,17.40999984741211,17.40999984741211,17.3700008392334,17.399999618530273,0
2026-09-10 14:35:00+00:00,17.40999984741211,17.40999984741211,17.350000381469727,17.350000381469727,0
2026-09-10 14:36:00+00:00,17.34000015258789,17.350000381469727,17.309999465942383,17.309999465942383,0
2026-09-10 14:37:00+00:00,17.309999465942383,17.329999923706055,17.290000915527344,17.290000915527344,0
2026-09-10 14:38:00+00:00,17.290000915527344,17.299999237060547,17.290000915527344,17.290000915527344,0
2026-09-10 14:39:00+00:00,17.280000686645508,17.309999465942383,17.280000686645508,17.309999465942383,0
2026-09-10 14:40:00+00:00,17.31999969482422,17.350000381469727,17.31999969482422,17.31999969482422,0
2026-09-10 14:41:00+00:00,17.34000015258789,17.34000015258789,17.31999969482422,17.31999969482422,0
2026-09-10 14:42:00+00:00,17.329999923706055,17.329999923706055,17.309999465942383,17.329999923706055,0
2026-09-10 14:43:00+00:00,17.360000610351562,17.420000076293945,17.360000610351562,17.420000076293945,0
2026-09-10 14:44:00+00:00,17.420000076293945,17.440000534057617,17.420000076293945,17.420000076293945,0
2026-09-10 14:45:00+00:00,17.420000076293945,17.450000762939453,17.420000076293945,17.440000534057617,0
2026-09-10 14:46:00+00:00,17.459999084472656,17.459999084472656,17.399999618530273,17.399999618530273,0
2026-09-10 14:47:00+00:00,17.389999389648438,17.450000762939453,17.389999389648438,17.450000762939453,0
2026-09-10 14:48:00+00:00,17.469999313354492,17.479999542236328,17.450000762939453,17.450000762939453,0
2026-09-10 14:49:00+00:00,17.440000534057617,17.440000534057617,17.420000076293945,17.420000076293945,0
2026-09-10 14:50:00+00:00,17.420000076293945,17.459999084472656,17.420000076293945,17.459999084472656,0
2026-09-10 14:51:00+00:00,17.459999084472656,17.459999084472656,17.43000030517578,17.43000030517578,0
2026-09-10 14:52:00+00:00,17.3799991607666,17.3799991607666,17.350000381469727,17.350000381469727,0
2026-09-10 14:53:00+00:00,17.350000381469727,17.360000610351562,17.34000015258789,17.34000015258789,0
2026-09-10 14:54:00+00:00,17.34000015258789,17.350000381469727,17.34000015258789,17.34000015258789,0
2026-09-10 14:55:00+00:00,17.329999923706055,17.329999923706055,17.329999923706055,17.329999923706055,0
2026-09-10 14:56:00+00:00,17.3799991607666,17.3799991607666,17.299999237060547,17.299999237060547,0
2026-09-10 14:57:00+00:00,17.299999237060547,17.299999237060547,17.290000915527344,17.290000915527344,0
2026-09-10 14:58:00+00:00,17.270000457763672,17.270000457763672,17.25,17.260000228881836,0
2026-09-10 14:59:00+00:00,17.25,17.270000457763672,17.25,17.270000457763672,0
2026-09-10 15:00:00+00:00,17.25,17.299999237060547,17.25,17.299999237060547,0
2026-09-10 15:01:00+00:00,17.299999237060547,17.360000610351562,17.299999237060547,17.350000381469727,0
2026-09-10 15:02:00+00:00,17.34000015258789,17.389999389648438,17.34000015258789,17.389999389648438,0
2026-09-10 15:03:00+00:00,17.399999618530273,17.399999618530273,17.3700008392334,17.3700008392334,0
2026-09-10 15:04:00+00:00,17.360000610351562,17.360000610351562,17.34000015258789,17.34000015258789,0
2026-09-10 15:05:00+00:00,17.34000015258789,17.34000015258789,17.290000915527344,17.290000915527344,0
2026-09-10 15:06:00+00:00,17.260000228881836,17.280000686645508,17.260000228881836,17.270000457763672,0
2026-09-10 15:07:00+00:00,17.260000228881836,17.260000228881836,17.25,17.25,0
2026-09-10 15:08:00+00:00,17.239999771118164,17.25,17.239999771118164,17.239999771118164,0
2026-09-10 15:09:00+00:00,17.239999771118164,17.270000457763672,17.239999771118164,17.270000457763672,0
2026-09-10 15:10:00+00:00,17.299999237060547,17.299999237060547,17.229999542236328,17.229999542236328,0
2026-09-10 15:11:00+00:00,17.229999542236328,17.260000228881836,17.229999542236328,17.260000228881836,0
2026-09-10 15:12:00+00:00,17.260000228881836,17.260000228881836,17.239999771118164,17.25,0
2026-09-10 15:13:00+00:00,17.260000228881836,17.299999237060547,17.260000228881836,17.280000686645508,0
2026-09-10 15:14:00+00:00,17.280000686645508,17.309999465942383,17.280000686645508,17.309999465942383,0
2026-09-10 15:15:00+00:00,17.299999237060547,17.31999969482422,17.290000915527344,17.31999969482422,0
2026-09-10 15:16:00+00:00,17.31999969482422,17.329999923706055,17.31999969482422,17.329999923706055,0
2026-09-10 15:17:00+00:00,17.309999465942383,17.309999465942383,17.299999237060547,17.299999237060547,0
2026-09-10 15:18:00+00:00,17.290000915527344,17.309999465942383,17.290000915527344,17.309999465942383,0
2026-09-10 15:19:00+00:00,17.31999969482422,17.329999923706055,17.299999237060547,17.299999237060547,0
2026-09-10 15:20:00+00:00,17.299999237060547,17.31999969482422,17.299999237060547,17.31999969482422,0
2026-09-10 15:21:00+00:00,17.350000381469727,17.399999618530273,17.350000381469727,17.399999618530273,0
2026-09-10 15:22:00+00:00,17.3799991607666,17.3799991607666,17.3700008392334,17.3700008392334,0
2026-09-10 15:23:00+00:00,17.31999969482422,17.329999923706055,17.309999465942383,17.31999969482422,0
2026-09-10 15:24:00+00:00,17.329999923706055,17.329999923706055,17.270000457763672,17.270000457763672,0
2026-09-10 15:25:00+00:00,17.270000457763672,17.280000686645508,17.260000228881836,17.270000457763672,0
2026-09-10 15:26:00+00:00,17.260000228881836,17.280000686645508,17.260000228881836,17.270000457763672,0
2026-09-10 15:27:00+00:00,17.270000457763672,17.270000457763672,17.239999771118164,17.25,0
2026-09-10 15:28:00+00:00,17.229999542236328,17.229999542236328,17.219999313354492,17.219999313354492,0
2026-09-10 15:29:00+00:00,17.239999771118164,17.270000457763672,17.239999771118164,17.270000457763672,0
2026-09-10 15:30:00+00:00,17.270000457763672,17.270000457763672,17.25,17.25,0
2026-09-10 15:31:00+00:00,17.25,17.270000457763672,17.25,17.260000228881836,0
2026-09-10 15:32:00+00:00,17.260000228881836,17.280000686645508,17.260000228881836,17.280000686645508,0
2026-09-10 15:33:00+00:00,17.260000228881836,17.260000228881836,17.209999084472656,17.209999084472656,0
2026-09-10 15:34:00+00:00,17.209999084472656,17.209999084472656,17.190000534057617,17.200000762939453,0
2026-09-10 15:35:00+00:00,17.200000762939453,17.209999084472656,17.190000534057617,17.190000534057617,0
2026-09-10 15:36:00+00:00,17.18000030517578,17.18000030517578,17.149999618530273,17.149999618530273,0
2026-09-10 15:37:00+00:00,17.149999618530273,17.149999618530273,17.110000610351562,17.110000610351562,0
2026-09-10 15:38:00+00:00,17.110000610351562,17.15999984741211,17.110000610351562,17.15999984741211,0
2026-09-10 15:39:00+00:00,17.200000762939453,17.270000457763672,17.200000762939453,17.260000228881836,0
2026-09-10 15:40:00+00:00,17.239999771118164,17.270000457763672,17.239999771118164,17.270000457763672,0
2026-09-10 15:41:00+00:00,17.290000915527344,17.290000915527344,17.260000228881836,17.260000228881836,0
2026-09-10 15:42:00+00:00,17.270000457763672,17.280000686645508,17.270000457763672,17.280000686645508,0
2026-09-10 15:43:00+00:00,17.270000457763672,17.309999465942383,17.270000457763672,17.309999465942383,0
2026-09-10 15:44:00+00:00,17.290000915527344,17.290000915527344,17.280000686645508,17.280000686645508,0
2026-09-10 15:45:00+00:00,17.280000686645508,17.290000915527344,17.270000457763672,17.290000915527344,0
2026-09-10 15:46:00+00:00,17.309999465942383,17.350000381469727,17.309999465942383,17.350000381469727,0
2026-09-10 15:47:00+00:00,17.350000381469727,17.440000534057617,17.350000381469727,17.440000534057617,0
2026-09-10 15:48:00+00:00,17.440000534057617,17.440000534057617,17.40999984741211,17.40999984741211,0
2026-09-10 15:49:00+00:00,17.420000076293945,17.450000762939453,17.420000076293945,17.420000076293945,0
2026-09-10 15:50:00+00:00,17.40999984741211,17.450000762939453,17.40999984741211,17.440000534057617,0
2026-09-10 15:51:00+00:00,17.450000762939453,17.459999084472656,17.43000030517578,17.43000030517578,0
2026-09-10 15:52:00+00:00,17.450000762939453,17.450000762939453,17.3700008392334,17.3700008392334,0
2026-09-10 15:53:00+00:00,17.420000076293945,17.450000762939453,17.420000076293945,17.450000762939453,0
2026-09-10 15:54:00+00:00,17.459999084472656,17.459999084472656,17.459999084472656,17.459999084472656,0
2026-09-10 15:55:00+00:00,17.489999771118164,17.559999465942383,17.489999771118164,17.540000915527344,0
2026-09-10 15:56:00+00:00,17.56999969482422,17.6200008392334,17.56999969482422,17.6200008392334,0
2026-09-10 15:57:00+00:00,17.6200008392334,17.6200008392334,17.610000610351562,17.610000610351562,0
2026-09-10 15:58:00+00:00,17.610000610351562,17.610000610351562,17.559999465942383,17.559999465942383,0
2026-09-10 15:59:00+00:00,17.540000915527344,17.540000915527344,17.520000457763672,17.520000457763672,0
2026-09-10 16:00:00+00:00,17.520000457763672,17.520000457763672,17.469999313354492,17.469999313354492,0
2026-09-10 16:01:00+00:00,17.420000076293945,17.440000534057617,17.420000076293945,17.43000030517578,0
2026-09-10 16:02:00+00:00,17.440000534057617,17.450000762939453,17.440000534057617,17.450000762939453,0
2026-09-10 16:03:00+00:00,17.459999084472656,17.469999313354492,17.459999084472656,17.469999313354492,0
2026-09-10 16:04:00+00:00,17.510000228881836,17.510000228881836,17.479999542236328,17.479999542236328,0
2026-09-10 16:05:00+00:00,17.5,17.5,17.489999771118164,17.5,0
2026-09-10 16:06:00+00:00,17.5,17.510000228881836,17.5,17.510000228881836,0
2026-09-10 16:07:00+00:00,17.510000228881836,17.56999969482422,17.510000228881836,17.56999969482422,0
2026-09-10 16:08:00+00:00,17.59000015258789,17.600000381469727,17.59000015258789,17.600000381469727,0
2026-09-10 16:09:00+00:00,17.610000610351562,17.6200008392334,17.610000610351562,17.6200008392334,0
2026-09-10 16:10:00+00:00,17.639999389648438,17.639999389648438,17.6200008392334,17.6299991607666,0
2026-09-10 16:11:00+00:00,17.649999618530273,17.690000534057617,17.649999618530273,17.68000030517578,0
2026-09-10 16:12:00+00:00,17.670000076293945,17.68000030517578,17.670000076293945,17.670000076293945,0
2026-09-10 16:13:00+00:00,17.670000076293945,17.670000076293945,17.639999389648438,17.639999389648438,0
2026-09-10 16:14:00+00:00,17.6200008392334,17.6200008392334,17.600000381469727,17.6200008392334,0
2026-09-10 16:15:00+00:00,17.6299991607666,17.6299991607666,17.6299991607666,17.6299991607666,0
2026-09-10 16:16:00+00:00,17.600000381469727,17.639999389648438,17.600000381469727,17.639999389648438,0
2026-09-10 16:17:00+00:00,17.639999389648438,17.700000762939453,17.639999389648438,17.700000762939453,0
2026-09-10 16:18:00+00:00,17.700000762939453,17.719999313354492,17.700000762939453,17.719999313354492,0
2026-09-10 16:19:00+00:00,17.709999084472656,17.709999084472656,17.690000534057617,17.690000534057617,0
2026-09-10 16:20:00+00:00,17.700000762939453,17.700000762939453,17.670000076293945,17.700000762939453,0
2026-09-10 16:21:00+00:00,17.690000534057617,17.700000762939453,17.690000534057617,17.690000534057617,0
2026-09-10 16:22:00+00:00,17.700000762939453,17.700000762939453,17.68000030517578,17.68000030517578,0
2026-09-10 16:23:00+00:00,17.68000030517578,17.700000762939453,17.68000030517578,17.700000762939453,0
2026-09-10 16:24:00+00:00,17.690000534057617,17.709999084472656,17.690000534057617,17.700000762939453,0
2026-09-10 16:25:00+00:00,17.700000762939453,17.75,17.700000762939453,17.739999771118164,0
2026-09-10 16:26:00+00:00,17.75,17.75,17.729999542236328,17.739999771118164,0
2026-09-10 16:27:00+00:00,17.739999771118164,17.739999771118164,17.729999542236328,17.729999542236328,0
2026-09-10 16:28:00+00:00,17.729999542236328,17.729999542236328,17.709999084472656,17.709999084472656,0
2026-09-10 16:29:00+00:00,17.709999084472656,17.709999084472656,17.690000534057617,17.700000762939453,0
2026-09-10 16:30:00+00:00,17.68000030517578,17.68000030517578,17.6200008392334,17.6200008392334,0
2026-09-10 16:31:00+00:00,17.6200008392334,17.6200008392334,17.610000610351562,17.610000610351562,0
2026-09-10 16:32:00+00:00,17.610000610351562,17.6200008392334,17.56999969482422,17.56999969482422,0
2026-09-10 16:33:00+00:00,17.56999969482422,17.59000015258789,17.56999969482422,17.59000015258789,0
2026-09-10 16:34:00+00:00,17.59000015258789,17.729999542236328,17.59000015258789,17.690000534057617,0
2026-09-10 16:35:00+00:00,17.739999771118164,17.790000915527344,17.739999771118164,17.760000228881836,0
2026-09-10 16:36:00+00:00,17.770000457763672,17.770000457763672,17.709999084472656,17.709999084472656,0
2026-09-10 16:37:00+00:00,17.700000762939453,17.700000762939453,17.649999618530273,17.649999618530273,0
2026-09-10 16:38:00+00:00,17.649999618530273,17.649999618530273,17.6200008392334,17.6200008392334,0
2026-09-10 16:39:00+00:00,17.6299991607666,17.6299991607666,17.610000610351562,17.610000610351562,0
2026-09-10 16:40:00+00:00,17.600000381469727,17.600000381469727,17.579999923706055,17.59000015258789,0
2026-09-10 16:41:00+00:00,17.549999237060547,17.549999237060547,17.540000915527344,17.540000915527344,0
2026-09-10 16:42:00+00:00,17.510000228881836,17.510000228881836,17.510000228881836,17.510000228881836,0
2026-09-10 16:43:00+00:00,17.479999542236328,17.489999771118164,17.450000762939453,17.450000762939453,0
2026-09-10 16:44:00+00:00,17.420000076293945,17.420000076293945,17.40999984741211,17.40999984741211,0
2026-09-10 16:45:00+00:00,17.389999389648438,17.389999389648438,17.350000381469727,17.350000381469727,0
2026-09-10 16:46:00+00:00,17.34000015258789,17.34000015258789,17.309999465942383,17.309999465942383,0
2026-09-10 16:47:00+00:00,17.280000686645508,17.290000915527344,17.280000686645508,17.280000686645508,0
2026-09-10 16:48:00+00:00,17.290000915527344,17.299999237060547,17.290000915527344,17.290000915527344,0
2026-09-10 16:49:00+00:00,17.299999237060547,17.350000381469727,17.299999237060547,17.34000015258789,0
2026-09-10 16:50:00+00:00,17.360000610351562,17.389999389648438,17.350000381469727,17.389999389648438,0
2026-09-10 16:51:00+00:00,17.389999389648438,17.389999389648438,17.3700008392334,17.3799991607666,0
2026-09-10 16:52:00+00:00,17.389999389648438,17.389999389648438,17.350000381469727,17.350000381469727,0
2026-09-10 16:53:00+00:00,17.350000381469727,17.350000381469727,17.309999465942383,17.31999969482422,0
2026-09-10 16:54:00+00:00,17.299999237060547,17.299999237060547,17.290000915527344,17.290000915527344,0
2026-09-10 16:55:00+00:00,17.270000457763672,17.280000686645508,17.229999542236328,17.229999542236328,0
2026-09-10 16:56:00+00:00,17.229999542236328,17.239999771118164,17.229999542236328,17.239999771118164,0
2026-09-10 16:57:00+00:00,17.260000228881836,17.270000457763672,17.260000228881836,17.260000228881836,0
2026-09-10 16:58:00+00:00,17.270000457763672,17.270000457763672,17.239999771118164,17.239999771118164,0
2026-09-10 16:59:00+00:00,17.239999771118164,17.239999771118164,17.239999771118164,17.239999771118164,0
2026-09-10 17:00:00+00:00,17.239999771118164,17.260000228881836,17.239999771118164,17.239999771118164,0
2026-09-10 17:01:00+00:00,17.229999542236328,17.270000457763672,17.229999542236328,17.270000457763672,0
2026-09-10 17:02:00+00:00,17.260000228881836,17.260000228881836,17.170000076293945,17.200000762939453,0
2026-09-10 17:03:00+00:00,17.219999313354492,17.299999237060547,17.219999313354492,17.299999237060547,0
2026-09-10 17:04:00+00:00,17.299999237060547,17.299999237060547,17.280000686645508,17.280000686645508,0
2026-09-10 17:05:00+00:00,17.270000457763672,17.270000457763672,17.239999771118164,17.239999771118164,0
2026-09-10 17:06:00+00:00,17.260000228881836,17.290000915527344,17.260000228881836,17.290000915527344,0
2026-09-10 17:07:00+00:00,17.290000915527344,17.309999465942383,17.290000915527344,17.309999465942383,0
2026-09-10 17:08:00+00:00,17.299999237060547,17.309999465942383,17.290000915527344,17.309999465942383,0
2026-09-10 17:09:00+00:00,17.31999969482422,17.31999969482422,17.309999465942383,17.309999465942383,0
2026-09-10 17:10:00+00:00,17.31999969482422,17.31999969482422,17.229999542236328,17.229999542236328,0
2026-09-10 17:11:00+00:00,17.219999313354492,17.239999771118164,17.219999313354492,17.239999771118164,0
2026-09-10 17:12:00+00:00,17.239999771118164,17.239999771118164,17.229999542236328,17.229999542236328,0
2026-09-10 17:13:00+00:00,17.229999542236328,17.260000228881836,17.229999542236328,17.260000228881836,0
2026-09-10 17:14:00+00:00,17.260000228881836,17.280000686645508,17.260000228881836,17.280000686645508,0
2026-09-10 17:15:00+00:00,17.280000686645508,17.290000915527344,17.280000686645508,17.280000686645508,0
2026-09-10 17:16:00+00:00,17.290000915527344,17.290000915527344,17.270000457763672,17.280000686645508,0
2026-09-10 17:17:00+00:00,17.280000686645508,17.290000915527344,17.270000457763672,17.270000457763672,0
2026-09-10 17:18:00+00:00,17.290000915527344,17.31999969482422,17.290000915527344,17.31999969482422,0
2026-09-10 17:19:00+00:00,17.31999969482422,17.329999923706055,17.31999969482422,17.31999969482422,0
2026-09-10 17:20:00+00:00,17.31999969482422,17.31999969482422,17.31999969482422,17.31999969482422,0
2026-09-10 17:21:00+00:00,17.309999465942383,17.34000015258789,17.309999465942383,17.34000015258789,0
2026-09-10 17:22:00+00:00,17.350000381469727,17.360000610351562,17.34000015258789,17.360000610351562,0
2026-09-10 17:23:00+00:00,17.350000381469727,17.3700008392334,17.350000381469727,17.3700008392334,0
2026-09-10 17:24:00+00:00,17.40999984741211,17.420000076293945,17.40999984741211,17.420000076293945,0
2026-09-10 17:25:00+00:00,17.420000076293945,17.440000534057617,17.420000076293945,17.440000534057617,0
2026-09-10 17:26:00+00:00,17.440000534057617,17.440000534057617,17.43000030517578,17.43000030517578,0
2026-09-10 17:27:00+00:00,17.40999984741211,17.40999984741211,17.399999618530273,17.399999618530273,0
2026-09-10 17:28:00+00:00,17.40999984741211,17.420000076293945,17.40999984741211,17.420000076293945,0
2026-09-10 17:29:00+00:00,17.420000076293945,17.440000534057617,17.420000076293945,17.43000030517578,0
2026-09-10 17:30:00+00:00,17.43000030517578,17.459999084472656,17.43000030517578,17.459999084472656,0
2026-09-10 17:31:00+00:00,17.469999313354492,17.479999542236328,17.450000762939453,17.450000762939453,0
2026-09-10 17:32:00+00:00,17.450000762939453,17.450000762939453,17.43000030517578,17.450000762939453,0
2026-09-10 17:33:00+00:00,17.450000762939453,17.459999084472656,17.450000762939453,17.450000762939453,0
2026-09-10 17:34:00+00:00,17.450000762939453,17.450000762939453,17.420000076293945,17.420000076293945,0
2026-09-10 17:35:00+00:00,17.440000534057617,17.440000534057617,17.420000076293945,17.420000076293945,0
2026-09-10 17:36:00+00:00,17.40999984741211,17.420000076293945,17.399999618530273,17.399999618530273,0
2026-09-10 17:37:00+00:00,17.43000030517578,17.469999313354492,17.43000030517578,17.469999313354492,0
2026-09-10 17:38:00+00:00,17.479999542236328,17.479999542236328,17.469999313354492,17.469999313354492,0
2026-09-10 17:39:00+00:00,17.479999542236328,17.520000457763672,17.479999542236328,17.520000457763672,0
2026-09-10 17:40:00+00:00,17.540000915527344,17.540000915527344,17.540000915527344,17.540000915527344,0
2026-09-10 17:41:00+00:00,17.540000915527344,17.540000915527344,17.520000457763672,17.520000457763672,0
2026-09-10 17:42:00+00:00,17.530000686645508,17.549999237060547,17.530000686645508,17.549999237060547,0
2026-09-10 17:43:00+00:00,17.549999237060547,17.549999237060547,17.530000686645508,17.530000686645508,0
2026-09-10 17:44:00+00:00,17.520000457763672,17.520000457763672,17.510000228881836,17.520000457763672,0
2026-09-10 17:45:00+00:00,17.510000228881836,17.530000686645508,17.510000228881836,17.520000457763672,0
2026-09-10 17:46:00+00:00,17.520000457763672,17.549999237060547,17.520000457763672,17.549999237060547,0
2026-09-10 17:47:00+00:00,17.549999237060547,17.549999237060547,17.530000686645508,17.530000686645508,0
2026-09-10 17:48:00+00:00,17.540000915527344,17.540000915527344,17.530000686645508,17.530000686645508,0
2026-09-10 17:49:00+00:00,17.540000915527344,17.540000915527344,17.520000457763672,17.530000686645508,0
2026-09-10 17:50:00+00:00,17.530000686645508,17.530000686645508,17.520000457763672,17.520000457763672,0
2026-09-10 17:51:00+00:00,17.510000228881836,17.510000228881836,17.489999771118164,17.510000228881836,0
2026-09-10 17:52:00+00:00,17.5,17.5,17.459999084472656,17.459999084472656,0
2026-09-10 17:53:00+00:00,17.459999084472656,17.469999313354492,17.459999084472656,17.469999313354492,0
2026-09-10 17:54:00+00:00,17.469999313354492,17.469999313354492,17.469999313354492,17.469999313354492,0
2026-09-10 17:55:00+00:00,17.469999313354492,17.489999771118164,17.469999313354492,17.489999771118164,0
2026-09-10 17:56:00+00:00,17.489999771118164,17.489999771118164,17.489999771118164,17.489999771118164,0
2026-09-10 17:57:00+00:00,17.479999542236328,17.489999771118164,17.459999084472656,17.469999313354492,0
2026-09-10 17:58:00+00:00,17.479999542236328,17.479999542236328,17.479999542236328,17.479999542236328,0
2026-09-10 17:59:00+00:00,17.479999542236328,17.479999542236328,17.469999313354492,17.479999542236328,0
2026-09-10 18:00:00+00:00,17.479999542236328,17.479999542236328,17.469999313354492,17.469999313354492,0
2026-09-10 18:01:00+00:00,17.43000030517578,17.489999771118164,17.43000030517578,17.489999771118164,0
2026-09-10 18:02:00+00:00,17.520000457763672,17.59000015258789,17.520000457763672,17.59000015258789,0
2026-09-10 18:03:00+00:00,17.579999923706055,17.6200008392334,17.579999923706055,17.6200008392334,0
2026-09-10 18:04:00+00:00,17.6200008392334,17.6200008392334,17.600000381469727,17.610000610351562,0
2026-09-10 18:05:00+00:00,17.610000610351562,17.649999618530273,17.610000610351562,17.649999618530273,0
2026-09-10 18:06:00+00:00,17.6299991607666,17.639999389648438,17.6299991607666,17.639999389648438,0
2026-09-10 18:07:00+00:00,17.6299991607666,17.6299991607666,17.600000381469727,17.600000381469727,0
2026-09-10 18:08:00+00:00,17.579999923706055,17.59000015258789,17.579999923706055,17.579999923706055,0
2026-09-10 18:09:00+00:00,17.610000610351562,17.68000030517578,17.610000610351562,17.68000030517578,0
2026-09-10 18:10:00+00:00,17.690000534057617,17.729999542236328,17.690000534057617,17.729999542236328,0
2026-09-10 18:11:00+00:00,17.729999542236328,17.729999542236328,17.709999084472656,17.709999084472656,0
2026-09-10 18:12:00+00:00,17.709999084472656,17.729999542236328,17.709999084472656,17.719999313354492,0
2026-09-10 18:13:00+00:00,17.700000762939453,17.709999084472656,17.700000762939453,17.700000762939453,0
2026-09-10 18:14:00+00:00,17.700000762939453,17.700000762939453,17.68000030517578,17.690000534057617,0
2026-09-10 18:15:00+00:00,17.700000762939453,17.75,17.700000762939453,17.75,0
2026-09-10 18:16:00+00:00,17.739999771118164,17.739999771118164,17.719999313354492,17.729999542236328,0
2026-09-10 18:17:00+00:00,17.780000686645508,17.790000915527344,17.780000686645508,17.780000686645508,0
2026-09-10 18:18:00+00:00,17.780000686645508,17.790000915527344,17.770000457763672,17.790000915527344,0
2026-09-10 18:19:00+00:00,17.780000686645508,17.780000686645508,17.770000457763672,17.770000457763672,0
2026-09-10 18:20:00+00:00,17.770000457763672,17.770000457763672,17.719999313354492,17.719999313354492,0
2026-09-10 18:21:00+00:00,17.729999542236328,17.729999542236328,17.709999084472656,17.709999084472656,0
2026-09-10 18:22:00+00:00,17.719999313354492,17.719999313354492,17.690000534057617,17.700000762939453,0
2026-09-10 18:23:00+00:00,17.700000762939453,17.709999084472656,17.68000030517578,17.68000030517578,0
2026-09-10 18:24:00+00:00,17.700000762939453,17.700000762939453,17.700000762939453,17.700000762939453,0
2026-09-10 18:25:00+00:00,17.709999084472656,17.719999313354492,17.690000534057617,17.719999313354492,0
2026-09-10 18:26:00+00:00,17.729999542236328,17.739999771118164,17.729999542236328,17.739999771118164,0
2026-09-10 18:27:00+00:00,17.780000686645508,17.780000686645508,17.770000457763672,17.770000457763672,0
2026-09-10 18:28:00+00:00,17.770000457763672,17.770000457763672,17.729999542236328,17.729999542236328,0
2026-09-10 18:29:00+00:00,17.739999771118164,17.760000228881836,17.739999771118164,17.760000228881836,0
2026-09-10 18:30:00+00:00,17.760000228881836,17.829999923706055,17.760000228881836,17.829999923706055,0
2026-09-10 18:31:00+00:00,17.829999923706055,17.829999923706055,17.81999969482422,17.81999969482422,0
2026-09-10 18:32:00+00:00,17.81999969482422,17.860000610351562,17.81999969482422,17.860000610351562,0
2026-09-10 18:33:00+00:00,17.860000610351562,17.8700008392334,17.860000610351562,17.8700008392334,0
2026-09-10 18:34:00+00:00,17.889999389648438,17.889999389648438,17.850000381469727,17.850000381469727,0
2026-09-10 18:35:00+00:00,17.829999923706055,17.850000381469727,17.81999969482422,17.84000015258789,0
2026-09-10 18:36:00+00:00,17.81999969482422,17.81999969482422,17.809999465942383,17.81999969482422,0
2026-09-10 18:37:00+00:00,17.84000015258789,17.850000381469727,17.84000015258789,17.84000015258789,0
2026-09-10 18:38:00+00:00,17.84000015258789,17.860000610351562,17.829999923706055,17.829999923706055,0
2026-09-10 18:39:00+00:00,17.81999969482422,17.81999969482422,17.809999465942383,17.809999465942383,0
2026-09-10 18:40:00+00:00,17.790000915527344,17.809999465942383,17.790000915527344,17.809999465942383,0
2026-09-10 18:41:00+00:00,17.809999465942383,17.809999465942383,17.790000915527344,17.799999237060547,0
2026-09-10 18:42:00+00:00,17.799999237060547,17.799999237060547,17.799999237060547,17.799999237060547,0
2026-09-10 18:43:00+00:00,17.809999465942383,17.81999969482422,17.809999465942383,17.809999465942383,0
2026-09-10 18:44:00+00:00,17.809999465942383,17.809999465942383,17.799999237060547,17.809999465942383,0
2026-09-10 18:45:00+00:00,17.809999465942383,17.84000015258789,17.809999465942383,17.829999923706055,0
2026-09-10 18:46:00+00:00,17.829999923706055,17.84000015258789,17.829999923706055,17.84000015258789,0
2026-09-10 18:47:00+00:00,17.829999923706055,17.850000381469727,17.829999923706055,17.850000381469727,0
2026-09-10 18:48:00+00:00,17.850000381469727,17.889999389648438,17.850000381469727,17.889999389648438,0
2026-09-10 18:49:00+00:00,17.8799991607666,17.8799991607666,17.799999237060547,17.81999969482422,0
2026-09-10 18:50:00+00:00,17.81999969482422,17.850000381469727,17.81999969482422,17.84000015258789,0
2026-09-10 18:51:00+00:00,17.799999237060547,17.799999237060547,17.709999084472656,17.709999084472656,0
2026-09-10 18:52:00+00:00,17.68000030517578,17.68000030517578,17.670000076293945,17.670000076293945,0
2026-09-10 18:53:00+00:00,17.6299991607666,17.670000076293945,17.6299991607666,17.670000076293945,0
2026-09-10 18:54:00+00:00,17.649999618530273,17.68000030517578,17.649999618530273,17.68000030517578,0
2026-09-10 18:55:00+00:00,17.700000762939453,17.719999313354492,17.700000762939453,17.709999084472656,0
2026-09-10 18:56:00+00:00,17.700000762939453,17.700000762939453,17.690000534057617,17.700000762939453,0
2026-09-10 18:57:00+00:00,17.709999084472656,17.770000457763672,17.709999084472656,17.770000457763672,0
2026-09-10 18:58:00+00:00,17.770000457763672,17.809999465942383,17.770000457763672,17.799999237060547,0
2026-09-10 18:59:00+00:00,17.790000915527344,17.799999237060547,17.790000915527344,17.799999237060547,0
2026-09-10 19:00:00+00:00,17.790000915527344,17.899999618530273,17.790000915527344,17.899999618530273,0
2026-09-10 19:01:00+00:00,17.90999984741211,17.920000076293945,17.899999618530273,17.899999618530273,0
2026-09-10 19:02:00+00:00,17.940000534057617,17.950000762939453,17.940000534057617,17.950000762939453,0
2026-09-10 19:03:00+00:00,17.969999313354492,18.0,17.969999313354492,17.989999771118164,0
2026-09-10 19:04:00+00:00,17.969999313354492,17.989999771118164,17.969999313354492,17.989999771118164,0
2026-09-10 19:05:00+00:00,18.010000228881836,18.010000228881836,18.0,18.0,0
2026-09-10 19:06:00+00:00,18.0,18.0,17.969999313354492,17.969999313354492,0
2026-09-10 19:07:00+00:00,17.969999313354492,17.979999542236328,17.959999084472656,17.959999084472656,0
2026-09-10 19:08:00+00:00,18.0,18.010000228881836,18.0,18.010000228881836,0
2026-09-10 19:09:00+00:00,18.010000228881836,18.010000228881836,17.920000076293945,17.920000076293945,0
2026-09-10 19:10:00+00:00,17.90999984741211,17.920000076293945,17.90999984741211,17.920000076293945,0
2026-09-10 19:11:00+00:00,17.93000030517578,17.979999542236328,17.93000030517578,17.979999542236328,0
2026-09-10 19:12:00+00:00,17.979999542236328,17.989999771118164,17.940000534057617,17.950000762939453,0
2026-09-10 19:13:00+00:00,17.940000534057617,17.940000534057617,17.93000030517578,17.940000534057617,0
2026-09-10 19:14:00+00:00,17.950000762939453,17.959999084472656,17.950000762939453,17.959999084472656,0
2026-09-10 19:15:00+00:00,17.959999084472656,17.959999084472656,17.940000534057617,17.959999084472656,0
2026-09-10 19:16:00+00:00,17.979999542236328,18.0,17.979999542236328,18.0,0
2026-09-10 19:17:00+00:00,18.010000228881836,18.059999465942383,18.0,18.059999465942383,0
2026-09-10 19:18:00+00:00,18.09000015258789,18.1299991607666,18.09000015258789,18.1299991607666,0
2026-09-10 19:19:00+00:00,18.1299991607666,18.149999618530277,18.1299991607666,18.149999618530277,0
2026-09-10 19:20:00+00:00,18.149999618530277,18.149999618530277,18.1200008392334,18.1299991607666,0
2026-09-10 19:21:00+00:00,18.13999938964844,18.15999984741211,18.13999938964844,18.149999618530277,0
2026-09-10 19:22:00+00:00,18.1299991607666,18.1299991607666,18.11000061035156,18.11000061035156,0
2026-09-10 19:23:00+00:00,18.13999938964844,18.170000076293945,18.13999938964844,18.170000076293945,0
2026-09-10 19:24:00+00:00,18.170000076293945,18.170000076293945,18.1200008392334,18.1200008392334,0
2026-09-10 19:25:00+00:00,18.09000015258789,18.09000015258789,18.059999465942383,18.07999992370605,0
2026-09-10 19:26:00+00:00,18.07999992370605,18.07999992370605,18.07999992370605,18.07999992370605,0
2026-09-10 19:27:00+00:00,18.07999992370605,18.07999992370605,18.06999969482422,18.07999992370605,0
2026-09-10 19:28:00+00:00,18.07999992370605,18.09000015258789,18.07999992370605,18.07999992370605,0
2026-09-10 19:29:00+00:00,18.06999969482422,18.07999992370605,18.0,18.0,0
2026-09-10 19:30:00+00:00,18.0,18.010000228881836,18.0,18.010000228881836,0
2026-09-10 19:31:00+00:00,18.030000686645508,18.030000686645508,17.989999771118164,17.989999771118164,0
2026-09-10 19:32:00+00:00,17.979999542236328,17.979999542236328,17.969999313354492,17.969999313354492,0
2026-09-10 19:33:00+00:00,17.959999084472656,17.969999313354492,17.940000534057617,17.950000762939453,0
2026-09-10 19:34:00+00:00,17.950000762939453,17.950000762939453,17.90999984741211,17.90999984741211,0
2026-09-10 19:35:00+00:00,17.90999984741211,17.93000030517578,17.90999984741211,17.920000076293945,0
2026-09-10 19:36:00+00:00,17.940000534057617,17.940000534057617,17.920000076293945,17.920000076293945,0
2026-09-10 19:37:00+00:00,17.93000030517578,17.950000762939453,17.93000030517578,17.950000762939453,0
2026-09-10 19:38:00+00:00,17.93000030517578,17.93000030517578,17.920000076293945,17.93000030517578,0
2026-09-10 19:39:00+00:00,17.860000610351562,17.860000610351562,17.850000381469727,17.850000381469727,0
2026-09-10 19:40:00+00:00,17.8700008392334,17.8700008392334,17.84000015258789,17.850000381469727,0
2026-09-10 19:41:00+00:00,17.860000610351562,17.860000610351562,17.84000015258789,17.860000610351562,0
2026-09-10 19:42:00+00:00,17.860000610351562,17.860000610351562,17.84000015258789,17.860000610351562,0
2026-09-10 19:43:00+00:00,17.850000381469727,17.860000610351562,17.829999923706055,17.829999923706055,0
2026-09-10 19:44:00+00:00,17.84000015258789,17.8700008392334,17.829999923706055,17.8700008392334,0
2026-09-10 19:45:00+00:00,17.889999389648438,17.889999389648438,17.860000610351562,17.860000610351562,0
2026-09-10 19:46:00+00:00,17.850000381469727,17.90999984741211,17.850000381469727,17.90999984741211,0
2026-09-10 19:47:00+00:00,17.940000534057617,18.0,17.940000534057617,18.0,0
2026-09-10 19:48:00+00:00,18.010000228881836,18.030000686645508,18.010000228881836,18.030000686645508,0
2026-09-10 19:49:00+00:00,18.030000686645508,18.030000686645508,17.940000534057617,17.940000534057617,0
2026-09-10 19:50:00+00:00,17.920000076293945,17.959999084472656,17.920000076293945,17.959999084472656,0
2026-09-10 19:51:00+00:00,17.959999084472656,17.959999084472656,17.950000762939453,17.959999084472656,0
2026-09-10 19:52:00+00:00,17.950000762939453,17.969999313354492,17.950000762939453,17.969999313354492,0
2026-09-10 19:53:00+00:00,17.979999542236328,18.020000457763672,17.979999542236328,18.0,0
2026-09-10 19:54:00+00:00,17.989999771118164,18.010000228881836,17.979999542236328,17.979999542236328,0
2026-09-10 19:55:00+00:00,18.0,18.0,18.0,18.0,0
2026-09-10 19:56:00+00:00,18.0,18.030000686645508,18.0,18.020000457763672,0
2026-09-10 19:57:00+00:00,18.020000457763672,18.020000457763672,18.010000228881836,18.020000457763672,0
2026-09-10 19:58:00+00:00,18.010000228881836,18.010000228881836,17.989999771118164,18.0,0
2026-09-10 19:59:00+00:00,18.010000228881836,18.030000686645508,18.010000228881836,18.010000228881836,0
2026-09-10 20:00:00+00:00,18.0,18.049999237060547,18.0,18.049999237060547,0
2026-09-10 20:01:00+00:00,18.040000915527344,18.040000915527344,18.030000686645508,18.030000686645508,0
2026-09-10 20:02:00+00:00,18.040000915527344,18.040000915527344,18.020000457763672,18.020000457763672,0
2026-09-10 20:03:00+00:00,18.030000686645508,18.059999465942383,18.030000686645508,18.059999465942383,0
2026-09-10 20:04:00+00:00,18.059999465942383,18.06999969482422,18.049999237060547,18.049999237060547,0
2026-09-10 20:05:00+00:00,18.010000228881836,18.07999992370605,18.010000228881836,18.06999969482422,0
2026-09-10 20:06:00+00:00,18.059999465942383,18.059999465942383,17.959999084472656,17.959999084472656,0
2026-09-10 20:07:00+00:00,18.040000915527344,18.040000915527344,18.030000686645508,18.030000686645508,0
2026-09-10 20:08:00+00:00,18.030000686645508,18.030000686645508,18.020000457763672,18.020000457763672,0
2026-09-10 20:09:00+00:00,18.030000686645508,18.030000686645508,17.969999313354492,18.010000228881836,0
2026-09-10 20:10:00+00:00,17.959999084472656,18.030000686645508,17.950000762939453,17.950000762939453,0
2026-09-10 20:11:00+00:00,17.950000762939453,17.950000762939453,17.93000030517578,17.93000030517578,0
2026-09-10 20:12:00+00:00,17.940000534057617,17.940000534057617,17.93000030517578,17.93000030517578,0
2026-09-10 20:13:00+00:00,17.940000534057617,17.940000534057617,17.940000534057617,17.940000534057617,0
2026-09-10 20:14:00+00:00,17.860000610351562,17.860000610351562,17.84000015258789,17.84000015258789,0
2026-09-11 07:15:00+00:00,17.510000228881836,17.520000457763672,17.510000228881836,17.520000457763672,0
2026-09-11 07:16:00+00:00,17.510000228881836,17.520000457763672,17.510000228881836,17.510000228881836,0
2026-09-11 07:17:00+00:00,17.510000228881836,17.510000228881836,17.510000228881836,17.510000228881836,0
2026-09-11 07:18:00+00:00,17.5,17.510000228881836,17.5,17.510000228881836,0
2026-09-11 07:19:00+00:00,17.5,17.520000457763672,17.5,17.520000457763672,0
2026-09-11 07:20:00+00:00,17.510000228881836,17.510000228881836,17.5,17.5,0
2026-09-11 07:21:00+00:00,17.5,17.5,17.5,17.5,0
2026-09-11 07:22:00+00:00,17.5,17.510000228881836,17.5,17.510000228881836,0
2026-09-11 07:23:00+00:00,17.520000457763672,17.530000686645508,17.510000228881836,17.510000228881836,0
2026-09-11 07:24:00+00:00,17.5,17.510000228881836,17.5,17.510000228881836,0
2026-09-11 07:25:00+00:00,17.510000228881836,17.520000457763672,17.510000228881836,17.520000457763672,0
2026-09-11 07:26:00+00:00,17.520000457763672,17.540000915527344,17.520000457763672,17.540000915527344,0
2026-09-11 07:27:00+00:00,17.540000915527344,17.540000915527344,17.530000686645508,17.530000686645508,0
2026-09-11 07:28:00+00:00,17.530000686645508,17.540000915527344,17.530000686645508,17.540000915527344,0
2026-09-11 07:29:00+00:00,17.540000915527344,17.549999237060547,17.540000915527344,17.549999237060547,0
2026-09-11 07:30:00+00:00,17.56999969482422,17.56999969482422,17.549999237060547,17.549999237060547,0
2026-09-11 07:31:00+00:00,17.549999237060547,17.559999465942383,17.549999237060547,17.549999237060547,0
2026-09-11 07:32:00+00:00,17.559999465942383,17.56999969482422,17.559999465942383,17.56999969482422,0
2026-09-11 07:33:00+00:00,17.559999465942383,17.59000015258789,17.559999465942383,17.579999923706055,0
2026-09-11 07:34:00+00:00,17.579999923706055,17.59000015258789,17.579999923706055,17.59000015258789,0
2026-09-11 07:35:00+00:00,17.6200008392334,17.6200008392334,17.600000381469727,17.610000610351562,0
2026-09-11 07:36:00+00:00,17.6200008392334,17.6299991607666,17.6200008392334,17.6299991607666,0
2026-09-11 07:37:00+00:00,17.6200008392334,17.6200008392334,17.610000610351562,17.610000610351562,0
2026-09-11 07:38:00+00:00,17.6200008392334,17.6200008392334,17.600000381469727,17.610000610351562,0
2026-09-11 07:39:00+00:00,17.610000610351562,17.639999389648438,17.610000610351562,17.639999389648438,0
2026-09-11 07:40:00+00:00,17.649999618530273,17.65999984741211,17.649999618530273,17.65999984741211,0
2026-09-11 07:41:00+00:00,17.670000076293945,17.700000762939453,17.670000076293945,17.690000534057617,0
2026-09-11 07:42:00+00:00,17.68000030517578,17.68000030517578,17.68000030517578,17.68000030517578,0
2026-09-11 07:43:00+00:00,17.690000534057617,17.690000534057617,17.68000030517578,17.68000030517578,0
2026-09-11 07:44:00+00:00,17.68000030517578,17.690000534057617,17.68000030517578,17.690000534057617,0
2026-09-11 07:45:00+00:00,17.690000534057617,17.700000762939453,17.690000534057617,17.700000762939453,0
2026-09-11 07:46:00+00:00,17.700000762939453,17.700000762939453,17.700000762939453,17.700000762939453,0
2026-09-11 07:47:00+00:00,17.700000762939453,17.700000762939453,17.690000534057617,17.700000762939453,0
2026-09-11 07:48:00+00:00,17.700000762939453,17.700000762939453,17.700000762939453,17.700000762939453,0
2026-09-11 07:49:00+00:00,17.700000762939453,17.709999084472656,17.700000762939453,17.709999084472656,0
2026-09-11 07:50:00+00:00,17.709999084472656,17.709999084472656,17.709999084472656,17.709999084472656,0
2026-09-11 07:51:00+00:00,17.709999084472656,17.709999084472656,17.709999084472656,17.709999084472656,0
2026-09-11 07:52:00+00:00,17.709999084472656,17.709999084472656,17.709999084472656,17.709999084472656,0
2026-09-11 07:53:00+00:00,17.700000762939453,17.709999084472656,17.700000762939453,17.700000762939453,0
2026-09-11 07:54:00+00:00,17.700000762939453,17.700000762939453,17.690000534057617,17.690000534057617,0
2026-09-11 07:55:00+00:00,17.690000534057617,17.690000534057617,17.68000030517578,17.68000030517578,0
2026-09-11 07:56:00+00:00,17.68000030517578,17.68000030517578,17.68000030517578,17.68000030517578,0
2026-09-11 07:57:00+00:00,17.670000076293945,17.68000030517578,17.670000076293945,17.68000030517578,0
2026-09-11 07:58:00+00:00,17.68000030517578,17.68000030517578,17.68000030517578,17.68000030517578,0
2026-09-11 07:59:00+00:00,17.68000030517578,17.690000534057617,17.68000030517578,17.68000030517578,0
2026-09-11 08:00:00+00:00,17.68000030517578,17.68000030517578,17.639999389648438,17.639999389648438,0
2026-09-11 08:01:00+00:00,17.6299991607666,17.639999389648438,17.6299991607666,17.6299991607666,0
2026-09-11 08:02:00+00:00,17.6200008392334,17.6299991607666,17.600000381469727,17.6299991607666,0
2026-09-11 08:03:00+00:00,17.65999984741211,17.670000076293945,17.649999618530273,17.670000076293945,0
2026-09-11 08:04:00+00:00,17.68000030517578,17.690000534057617,17.68000030517578,17.68000030517578,0
2026-09-11 08:05:00+00:00,17.68000030517578,17.690000534057617,17.68000030517578,17.690000534057617,0
2026-09-11 08:06:00+00:00,17.690000534057617,17.690000534057617,17.690000534057617,17.690000534057617,0
2026-09-11 08:07:00+00:00,17.68000030517578,17.68000030517578,17.670000076293945,17.670000076293945,0
2026-09-11 08:08:00+00:00,17.670000076293945,17.670000076293945,17.65999984741211,17.670000076293945,0
2026-09-11 08:09:00+00:00,17.68000030517578,17.68000030517578,17.670000076293945,17.68000030517578,0
2026-09-11 08:10:00+00:00,17.68000030517578,17.68000030517578,17.649999618530273,17.649999618530273,0
2026-09-11 08:11:00+00:00,17.649999618530273,17.690000534057617,17.639999389648438,17.690000534057617,0
2026-09-11 08:12:00+00:00,17.690000534057617,17.690000534057617,17.68000030517578,17.690000534057617,0
2026-09-11 08:13:00+00:00,17.690000534057617,17.690000534057617,17.639999389648438,17.639999389648438,0
2026-09-11 08:14:00+00:00,17.6299991607666,17.639999389648438,17.6299991607666,17.639999389648438,0
2026-09-11 08:15:00+00:00,17.639999389648438,17.639999389648438,17.639999389648438,17.639999389648438,0
2026-09-11 08:16:00+00:00,17.639999389648438,17.649999618530273,17.639999389648438,17.639999389648438,0
2026-09-11 08:17:00+00:00,17.6200008392334,17.6200008392334,17.579999923706055,17.579999923706055,0
2026-09-11 08:18:00+00:00,17.59000015258789,17.59000015258789,17.559999465942383,17.56999969482422,0
2026-09-11 08:19:00+00:00,17.56999969482422,17.600000381469727,17.56999969482422,17.600000381469727,0
2026-09-11 08:20:00+00:00,17.600000381469727,17.600000381469727,17.59000015258789,17.59000015258789,0
2026-09-11 08:21:00+00:00,17.59000015258789,17.600000381469727,17.59000015258789,17.600000381469727,0
2026-09-11 08:22:00+00:00,17.59000015258789,17.600000381469727,17.59000015258789,17.59000015258789,0
2026-09-11 08:23:00+00:00,17.600000381469727,17.600000381469727,17.579999923706055,17.579999923706055,0
2026-09-11 08:24:00+00:00,17.56999969482422,17.56999969482422,17.450000762939453,17.479999542236328,0
2026-09-11 08:25:00+00:00,17.479999542236328,17.5,17.479999542236328,17.5,0
2026-09-11 08:26:00+00:00,17.489999771118164,17.510000228881836,17.489999771118164,17.510000228881836,0
2026-09-11 08:27:00+00:00,17.510000228881836,17.510000228881836,17.5,17.510000228881836,0
2026-09-11 08:28:00+00:00,17.520000457763672,17.540000915527344,17.520000457763672,17.530000686645508,0
2026-09-11 08:29:00+00:00,17.540000915527344,17.540000915527344,17.540000915527344,17.540000915527344,0
2026-09-11 08:30:00+00:00,17.530000686645508,17.530000686645508,17.469999313354492,17.469999313354492,0
2026-09-11 08:31:00+00:00,17.450000762939453,17.450000762939453,17.43000030517578,17.43000030517578,0
2026-09-11 08:32:00+00:00,17.420000076293945,17.420000076293945,17.40999984741211,17.40999984741211,0
2026-09-11 08:33:00+00:00,17.40999984741211,17.420000076293945,17.40999984741211,17.40999984741211,0
2026-09-11 08:34:00+00:00,17.40999984741211,17.40999984741211,17.40999984741211,17.40999984741211,0
2026-09-11 08:35:00+00:00,17.420000076293945,17.43000030517578,17.40999984741211,17.43000030517578,0
2026-09-11 08:36:00+00:00,17.440000534057617,17.440000534057617,17.420000076293945,17.420000076293945,0
2026-09-11 08:37:00+00:00,17.420000076293945,17.43000030517578,17.420000076293945,17.43000030517578,0
2026-09-11 08:38:00+00:00,17.43000030517578,17.440000534057617,17.420000076293945,17.440000534057617,0
2026-09-11 08:39:00+00:00,17.43000030517578,17.440000534057617,17.43000030517578,17.440000534057617,0
2026-09-11 08:40:00+00:00,17.450000762939453,17.450000762939453,17.450000762939453,17.450000762939453,0
2026-09-11 08:41:00+00:00,17.450000762939453,17.450000762939453,17.440000534057617,17.440000534057617,0
2026-09-11 08:42:00+00:00,17.440000534057617,17.450000762939453,17.440000534057617,17.450000762939453,0
2026-09-11 08:43:00+00:00,17.440000534057617,17.450000762939453,17.440000534057617,17.450000762939453,0
2026-09-11 08:44:00+00:00,17.440000534057617,17.450000762939453,17.440000534057617,17.450000762939453,0
2026-09-11 08:45:00+00:00,17.459999084472656,17.469999313354492,17.440000534057617,17.440000534057617,0
2026-09-11 08:46:00+00:00,17.440000534057617,17.440000534057617,17.40999984741211,17.40999984741211,0
2026-09-11 08:47:00+00:00,17.40999984741211,17.43000030517578,17.40999984741211,17.43000030517578,0
2026-09-11 08:48:00+00:00,17.43000030517578,17.43000030517578,17.40999984741211,17.40999984741211,0
2026-09-11 08:49:00+00:00,17.40999984741211,17.40999984741211,17.40999984741211,17.40999984741211,0
2026-09-11 08:50:00+00:00,17.40999984741211,17.40999984741211,17.40999984741211,17.40999984741211,0
2026-09-11 08:51:00+00:00,17.399999618530273,17.399999618530273,17.34000015258789,17.34000015258789,0
2026-09-11 08:52:00+00:00,17.329999923706055,17.329999923706055,17.329999923706055,17.329999923706055,0
2026-09-11 08:53:00+00:00,17.329999923706055,17.329999923706055,17.309999465942383,17.309999465942383,0
2026-09-11 08:54:00+00:00,17.290000915527344,17.299999237060547,17.290000915527344,17.299999237060547,0
2026-09-11 08:55:00+00:00,17.299999237060547,17.309999465942383,17.299999237060547,17.299999237060547,0
2026-09-11 08:56:00+00:00,17.299999237060547,17.299999237060547,17.25,17.25,0
2026-09-11 08:57:00+00:00,17.239999771118164,17.25,17.229999542236328,17.229999542236328,0
2026-09-11 08:58:00+00:00,17.229999542236328,17.229999542236328,17.209999084472656,17.209999084472656,0
2026-09-11 08:59:00+00:00,17.209999084472656,17.209999084472656,17.200000762939453,17.200000762939453,0
2026-09-11 09:00:00+00:00,17.18000030517578,17.18000030517578,17.170000076293945,17.170000076293945,0
2026-09-11 09:01:00+00:00,17.139999389648438,17.15999984741211,17.1200008392334,17.1200008392334,0
2026-09-11 09:02:00+00:00,17.1299991607666,17.15999984741211,17.1299991607666,17.15999984741211,0
2026-09-11 09:03:00+00:00,17.15999984741211,17.190000534057617,17.15999984741211,17.190000534057617,0
2026-09-11 09:04:00+00:00,17.200000762939453,17.209999084472656,17.200000762939453,17.209999084472656,0
2026-09-11 09:05:00+00:00,17.209999084472656,17.219999313354492,17.209999084472656,17.219999313354492,0
2026-09-11 09:06:00+00:00,17.229999542236328,17.239999771118164,17.229999542236328,17.229999542236328,0
2026-09-11 09:07:00+00:00,17.229999542236328,17.229999542236328,17.219999313354492,17.229999542236328,0
2026-09-11 09:08:00+00:00,17.229999542236328,17.260000228881836,17.229999542236328,17.260000228881836,0
2026-09-11 09:09:00+00:00,17.260000228881836,17.260000228881836,17.260000228881836,17.260000228881836,0
2026-09-11 09:10:00+00:00,17.270000457763672,17.290000915527344,17.270000457763672,17.290000915527344,0
2026-09-11 09:11:00+00:00,17.290000915527344,17.290000915527344,17.280000686645508,17.280000686645508,0
2026-09-11 09:12:00+00:00,17.280000686645508,17.280000686645508,17.270000457763672,17.270000457763672,0
2026-09-11 09:13:00+00:00,17.280000686645508,17.280000686645508,17.270000457763672,17.270000457763672,0
2026-09-11 09:14:00+00:00,17.280000686645508,17.290000915527344,17.280000686645508,17.290000915527344,0
2026-09-11 09:15:00+00:00,17.309999465942383,17.31999969482422,17.309999465942383,17.31999969482422,0
2026-09-11 09:16:00+00:00,17.31999969482422,17.31999969482422,17.299999237060547,17.309999465942383,0
2026-09-11 09:17:00+00:00,17.309999465942383,17.309999465942383,17.299999237060547,17.299999237060547,0
2026-09-11 09:18:00+00:00,17.299999237060547,17.299999237060547,17.299999237060547,17.299999237060547,0
2026-09-11 09:19:00+00:00,17.290000915527344,17.290000915527344,17.280000686645508,17.280000686645508,0
2026-09-11 09:20:00+00:00,17.280000686645508,17.290000915527344,17.280000686645508,17.280000686645508,0
2026-09-11 09:21:00+00:00,17.25,17.270000457763672,17.25,17.260000228881836,0
2026-09-11 09:22:00+00:00,17.260000228881836,17.260000228881836,17.25,17.25,0
2026-09-11 09:23:00+00:00,17.25,17.25,17.25,17.25,0
2026-09-11 09:24:00+00:00,17.25,17.260000228881836,17.25,17.260000228881836,0
2026-09-11 09:25:00+00:00,17.25,17.260000228881836,17.25,17.260000228881836,0
2026-09-11 09:26:00+00:00,17.25,17.25,17.25,17.25,0
2026-09-11 09:27:00+00:00,17.25,17.25,17.25,17.25,0
2026-09-11 09:28:00+00:00,17.25,17.25,17.25,17.25,0
2026-09-11 09:29:00+00:00,17.25,17.260000228881836,17.25,17.260000228881836,0
2026-09-11 09:30:00+00:00,17.260000228881836,17.260000228881836,17.239999771118164,17.25,0
2026-09-11 09:31:00+00:00,17.25,17.260000228881836,17.25,17.260000228881836,0
2026-09-11 09:32:00+00:00,17.260000228881836,17.260000228881836,17.239999771118164,17.239999771118164,0
2026-09-11 09:33:00+00:00,17.239999771118164,17.239999771118164,17.229999542236328,17.229999542236328,0
2026-09-11 09:34:00+00:00,17.229999542236328,17.229999542236328,17.229999542236328,17.229999542236328,0
2026-09-11 09:35:00+00:00,17.229999542236328,17.229999542236328,17.229999542236328,17.229999542236328,0
2026-09-11 09:36:00+00:00,17.229999542236328,17.229999542236328,17.209999084472656,17.209999084472656,0
2026-09-11 09:37:00+00:00,17.219999313354492,17.219999313354492,17.219999313354492,17.219999313354492,0
2026-09-11 09:38:00+00:00,17.219999313354492,17.219999313354492,17.219999313354492,17.219999313354492,0
2026-09-11 09:39:00+00:00,17.219999313354492,17.219999313354492,17.209999084472656,17.209999084472656,0
2026-09-11 09:40:00+00:00,17.209999084472656,17.209999084472656,17.209999084472656,17.209999084472656,0
2026-09-11 09:41:00+00:00,17.209999084472656,17.209999084472656,17.209999084472656,17.209999084472656,0
2026-09-11 09:42:00+00:00,17.209999084472656,17.209999084472656,17.200000762939453,17.200000762939453,0
2026-09-11 09:43:00+00:00,17.219999313354492,17.219999313354492,17.219999313354492,17.219999313354492,0
2026-09-11 09:44:00+00:00,17.209999084472656,17.219999313354492,17.209999084472656,17.219999313354492,0
2026-09-11 09:45:00+00:00,17.219999313354492,17.219999313354492,17.219999313354492,17.219999313354492,0
2026-09-11 09:46:00+00:00,17.219999313354492,17.219999313354492,17.209999084472656,17.209999084472656,0
2026-09-11 09:47:00+00:00,17.200000762939453,17.209999084472656,17.200000762939453,17.209999084472656,0
2026-09-11 09:48:00+00:00,17.209999084472656,17.219999313354492,17.209999084472656,17.209999084472656,0
2026-09-11 09:49:00+00:00,17.209999084472656,17.209999084472656,17.209999084472656,17.209999084472656,0
2026-09-11 09:50:00+00:00,17.209999084472656,17.219999313354492,17.209999084472656,17.209999084472656,0
2026-09-11 09:51:00+00:00,17.219999313354492,17.219999313354492,17.209999084472656,17.209999084472656,0
2026-09-11 09:52:00+00:00,17.219999313354492,17.219999313354492,17.219999313354492,17.219999313354492,0
2026-09-11 09:53:00+00:00,17.219999313354492,17.219999313354492,17.219999313354492,17.219999313354492,0
2026-09-11 09:54:00+00:00,17.229999542236328,17.229999542236328,17.219999313354492,17.219999313354492,0
2026-09-11 09:55:00+00:00,17.219999313354492,17.219999313354492,17.219999313354492,17.219999313354492,0
2026-09-11 09:56:00+00:00,17.209999084472656,17.209999084472656,17.190000534057617,17.190000534057617,0
2026-09-11 09:57:00+00:00,17.18000030517578,17.190000534057617,17.18000030517578,17.18000030517578,0
2026-09-11 09:58:00+00:00,17.18000030517578,17.190000534057617,17.15999984741211,17.15999984741211,0
2026-09-11 09:59:00+00:00,17.15999984741211,17.15999984741211,17.149999618530273,17.15999984741211,0
2026-09-11 10:00:00+00:00,17.170000076293945,17.170000076293945,17.149999618530273,17.149999618530273,0
2026-09-11 10:01:00+00:00,17.149999618530273,17.149999618530273,17.149999618530273,17.149999618530273,0
2026-09-11 10:02:00+00:00,17.139999389648438,17.18000030517578,17.110000610351562,17.110000610351562,0
2026-09-11 10:03:00+00:00,17.09000015258789,17.100000381469727,17.09000015258789,17.09000015258789,0
2026-09-11 10:04:00+00:00,17.079999923706055,17.079999923706055,17.06999969482422,17.06999969482422,0
2026-09-11 10:05:00+00:00,17.079999923706055,17.100000381469727,17.079999923706055,17.100000381469727,0
2026-09-11 10:06:00+00:00,17.100000381469727,17.100000381469727,17.100000381469727,17.100000381469727,0
2026-09-11 10:07:00+00:00,17.100000381469727,17.100000381469727,17.100000381469727,17.100000381469727,0
2026-09-11 10:08:00+00:00,17.110000610351562,17.1200008392334,17.110000610351562,17.1200008392334,0
2026-09-11 10:09:00+00:00,17.1200008392334,17.1299991607666,17.1200008392334,17.1200008392334,0
2026-09-11 10:10:00+00:00,17.110000610351562,17.1200008392334,17.110000610351562,17.1200008392334,0
2026-09-11 10:11:00+00:00,17.110000610351562,17.139999389648438,17.110000610351562,17.139999389648438,0
2026-09-11 10:12:00+00:00,17.149999618530273,17.15999984741211,17.149999618530273,17.15999984741211,0
2026-09-11 10:13:00+00:00,17.170000076293945,17.190000534057617,17.170000076293945,17.190000534057617,0
2026-09-11 10:14:00+00:00,17.200000762939453,17.200000762939453,17.190000534057617,17.190000534057617,0
2026-09-11 10:15:00+00:00,17.190000534057617,17.200000762939453,17.190000534057617,17.190000534057617,0
2026-09-11 10:16:00+00:00,17.190000534057617,17.190000534057617,17.190000534057617,17.190000534057617,0
2026-09-11 10:17:00+00:00,17.18000030517578,17.18000030517578,17.15999984741211,17.15999984741211,0
2026-09-11 10:18:00+00:00,17.15999984741211,17.15999984741211,17.15999984741211,17.15999984741211,0
2026-09-11 10:19:00+00:00,17.15999984741211,17.15999984741211,17.15999984741211,17.15999984741211,0
2026-09-11 10:20:00+00:00,17.15999984741211,17.15999984741211,17.15999984741211,17.15999984741211,0
2026-09-11 10:21:00+00:00,17.170000076293945,17.18000030517578,17.170000076293945,17.18000030517578,0
2026-09-11 10:22:00+00:00,17.18000030517578,17.18000030517578,17.170000076293945,17.170000076293945,0
2026-09-11 10:23:00+00:00,17.149999618530273,17.170000076293945,17.149999618530273,17.170000076293945,0
2026-09-11 10:24:00+00:00,17.170000076293945,17.170000076293945,17.170000076293945,17.170000076293945,0
2026-09-11 10:25:00+00:00,17.15999984741211,17.170000076293945,17.15999984741211,17.15999984741211,0
2026-09-11 10:26:00+00:00,17.15999984741211,17.170000076293945,17.15999984741211,17.170000076293945,0
2026-09-11 10:27:00+00:00,17.170000076293945,17.190000534057617,17.170000076293945,17.190000534057617,0
2026-09-11 10:28:00+00:00,17.190000534057617,17.190000534057617,17.18000030517578,17.18000030517578,0
2026-09-11 10:29:00+00:00,17.190000534057617,17.190000534057617,17.18000030517578,17.18000030517578,0
2026-09-11 10:30:00+00:00,17.18000030517578,17.190000534057617,17.170000076293945,17.170000076293945,0
2026-09-11 10:31:00+00:00,17.170000076293945,17.170000076293945,17.170000076293945,17.170000076293945,0
2026-09-11 10:32:00+00:00,17.170000076293945,17.170000076293945,17.170000076293945,17.170000076293945,0
2026-09-11 10:33:00+00:00,17.15999984741211,17.15999984741211,17.15999984741211,17.15999984741211,0
2026-09-11 10:34:00+00:00,17.15999984741211,17.15999984741211,17.149999618530273,17.149999618530273,0
2026-09-11 10:35:00+00:00,17.149999618530273,17.149999618530273,17.139999389648438,17.139999389648438,0
2026-09-11 10:36:00+00:00,17.139999389648438,17.15999984741211,17.139999389648438,17.15999984741211,0
2026-09-11 10:37:00+00:00,17.15999984741211,17.170000076293945,17.15999984741211,17.170000076293945,0
2026-09-11 10:38:00+00:00,17.18000030517578,17.190000534057617,17.18000030517578,17.190000534057617,0
2026-09-11 10:39:00+00:00,17.170000076293945,17.18000030517578,17.170000076293945,17.170000076293945,0
2026-09-11 10:40:00+00:00,17.170000076293945,17.18000030517578,17.170000076293945,17.18000030517578,0
2026-09-11 10:41:00+00:00,17.18000030517578,17.18000030517578,17.18000030517578,17.18000030517578,0
2026-09-11 10:42:00+00:00,17.18000030517578,17.18000030517578,17.18000030517578,17.18000030517578,0
2026-09-11 10:43:00+00:00,17.18000030517578,17.200000762939453,17.18000030517578,17.190000534057617,0
2026-09-11 10:44:00+00:00,17.190000534057617,17.190000534057617,17.190000534057617,17.190000534057617,0
2026-09-11 10:45:00+00:00,17.200000762939453,17.209999084472656,17.200000762939453,17.209999084472656,0
2026-09-11 10:46:00+00:00,17.209999084472656,17.209999084472656,17.209999084472656,17.209999084472656,0
2026-09-11 10:47:00+00:00,17.209999084472656,17.229999542236328,17.209999084472656,17.229999542236328,0
2026-09-11 10:48:00+00:00,17.239999771118164,17.239999771118164,17.229999542236328,17.229999542236328,0
2026-09-11 10:49:00+00:00,17.229999542236328,17.229999542236328,17.229999542236328,17.229999542236328,0
2026-09-11 10:50:00+00:00,17.229999542236328,17.229999542236328,17.229999542236328,17.229999542236328,0
2026-09-11 10:51:00+00:00,17.229999542236328,17.229999542236328,17.219999313354492,17.229999542236328,0
2026-09-11 10:52:00+00:00,17.219999313354492,17.219999313354492,17.219999313354492,17.219999313354492,0
2026-09-11 10:53:00+00:00,17.229999542236328,17.229999542236328,17.229999542236328,17.229999542236328,0
2026-09-11 10:54:00+00:00,17.229999542236328,17.239999771118164,17.229999542236328,17.239999771118164,0
2026-09-11 10:55:00+00:00,17.239999771118164,17.239999771118164,17.229999542236328,17.229999542236328,0
2026-09-11 10:56:00+00:00,17.229999542236328,17.239999771118164,17.229999542236328,17.239999771118164,0
2026-09-11 10:57:00+00:00,17.229999542236328,17.25,17.229999542236328,17.25,0
2026-09-11 10:58:00+00:00,17.239999771118164,17.25,17.239999771118164,17.239999771118164,0
2026-09-11 10:59:00+00:00,17.239999771118164,17.239999771118164,17.239999771118164,17.239999771118164,0
2026-09-11 11:00:00+00:00,17.239999771118164,17.239999771118164,17.239999771118164,17.239999771118164,0
2026-09-11 11:01:00+00:00,17.239999771118164,17.25,17.239999771118164,17.25,0
2026-09-11 11:02:00+00:00,17.260000228881836,17.260000228881836,17.25,17.25,0
2026-09-11 11:03:00+00:00,17.25,17.25,17.229999542236328,17.229999542236328,0
2026-09-11 11:04:00+00:00,17.209999084472656,17.209999084472656,17.190000534057617,17.200000762939453,0
2026-09-11 11:05:00+00:00,17.200000762939453,17.219999313354492,17.200000762939453,17.219999313354492,0
2026-09-11 11:06:00+00:00,17.209999084472656,17.219999313354492,17.209999084472656,17.219999313354492,0
2026-09-11 11:07:00+00:00,17.219999313354492,17.219999313354492,17.219999313354492,17.219999313354492,0
2026-09-11 11:08:00+00:00,17.219999313354492,17.219999313354492,17.219999313354492,17.219999313354492,0
2026-09-11 11:09:00+00:00,17.219999313354492,17.219999313354492,17.209999084472656,17.209999084472656,0
2026-09-11 11:10:00+00:00,17.190000534057617,17.190000534057617,17.18000030517578,17.18000030517578,0
2026-09-11 11:11:00+00:00,17.18000030517578,17.18000030517578,17.170000076293945,17.170000076293945,0
2026-09-11 11:12:00+00:00,17.170000076293945,17.170000076293945,17.170000076293945,17.170000076293945,0
2026-09-11 11:13:00+00:00,17.170000076293945,17.18000030517578,17.170000076293945,17.170000076293945,0
2026-09-11 11:14:00+00:00,17.170000076293945,17.18000030517578,17.170000076293945,17.170000076293945,0
2026-09-11 11:15:00+00:00,17.18000030517578,17.190000534057617,17.18000030517578,17.190000534057617,0
2026-09-11 11:16:00+00:00,17.18000030517578,17.18000030517578,17.170000076293945,17.170000076293945,0
2026-09-11 11:17:00+00:00,17.170000076293945,17.170000076293945,17.15999984741211,17.15999984741211,0
2026-09-11 11:18:00+00:00,17.149999618530273,17.149999618530273,17.1299991607666,17.139999389648438,0
2026-09-11 11:19:00+00:00,17.1299991607666,17.1299991607666,17.110000610351562,17.110000610351562,0
2026-09-11 11:20:00+00:00,17.110000610351562,17.1200008392334,17.110000610351562,17.1200008392334,0
2026-09-11 11:21:00+00:00,17.1200008392334,17.1200008392334,17.1200008392334,17.1200008392334,0
2026-09-11 11:22:00+00:00,17.100000381469727,17.139999389648438,17.100000381469727,17.139999389648438,0
2026-09-11 11:23:00+00:00,17.1299991607666,17.139999389648438,17.1299991607666,17.139999389648438,0
2026-09-11 11:24:00+00:00,17.1299991607666,17.1299991607666,17.1299991607666,17.1299991607666,0
2026-09-11 11:25:00+00:00,17.110000610351562,17.110000610351562,17.06999969482422,17.06999969482422,0
2026-09-11 11:26:00+00:00,17.079999923706055,17.079999923706055,17.079999923706055,17.079999923706055,0
2026-09-11 11:27:00+00:00,17.079999923706055,17.09000015258789,17.079999923706055,17.09000015258789,0
2026-09-11 11:28:00+00:00,17.09000015258789,17.09000015258789,17.09000015258789,17.09000015258789,0
2026-09-11 11:29:00+00:00,17.100000381469727,17.100000381469727,17.09000015258789,17.09000015258789,0
2026-09-11 11:30:00+00:00,17.09000015258789,17.09000015258789,17.06999969482422,17.06999969482422,0
2026-09-11 11:31:00+00:00,17.079999923706055,17.079999923706055,17.06999969482422,17.079999923706055,0
2026-09-11 11:32:00+00:00,17.079999923706055,17.079999923706055,17.079999923706055,17.079999923706055,0
2026-09-11 11:33:00+00:00,17.079999923706055,17.079999923706055,17.06999969482422,17.079999923706055,0
2026-09-11 11:34:00+00:00,17.09000015258789,17.1200008392334,17.09000015258789,17.1200008392334,0
2026-09-11 11:35:00+00:00,17.1299991607666,17.15999984741211,17.1299991607666,17.15999984741211,0
2026-09-11 11:36:00+00:00,17.15999984741211,17.170000076293945,17.15999984741211,17.170000076293945,0
2026-09-11 11:37:00+00:00,17.170000076293945,17.18000030517578,17.170000076293945,17.170000076293945,0
2026-09-11 11:38:00+00:00,17.170000076293945,17.170000076293945,17.170000076293945,17.170000076293945,0
2026-09-11 11:39:00+00:00,17.170000076293945,17.170000076293945,17.170000076293945,17.170000076293945,0
2026-09-11 11:40:00+00:00,17.170000076293945,17.170000076293945,17.15999984741211,17.15999984741211,0
2026-09-11 11:41:00+00:00,17.15999984741211,17.170000076293945,17.15999984741211,17.170000076293945,0
2026-09-11 11:42:00+00:00,17.170000076293945,17.170000076293945,17.149999618530273,17.15999984741211,0
2026-09-11 11:43:00+00:00,17.15999984741211,17.15999984741211,17.149999618530273,17.149999618530273,0
2026-09-11 11:44:00+00:00,17.15999984741211,17.15999984741211,17.149999618530273,17.149999618530273,0
2026-09-11 11:45:00+00:00,17.139999389648438,17.149999618530273,17.110000610351562,17.110000610351562,0
2026-09-11 11:46:00+00:00,17.1200008392334,17.139999389648438,17.1200008392334,17.139999389648438,0
2026-09-11 11:47:00+00:00,17.139999389648438,17.15999984741211,17.139999389648438,17.15999984741211,0
2026-09-11 11:48:00+00:00,17.15999984741211,17.15999984741211,17.1200008392334,17.1200008392334,0
2026-09-11 11:49:00+00:00,17.1200008392334,17.1200008392334,17.09000015258789,17.09000015258789,0
2026-09-11 11:50:00+00:00,17.09000015258789,17.09000015258789,17.079999923706055,17.079999923706055,0
2026-09-11 11:51:00+00:00,17.079999923706055,17.09000015258789,17.079999923706055,17.079999923706055,0
2026-09-11 11:52:00+00:00,17.079999923706055,17.09000015258789,17.079999923706055,17.09000015258789,0
2026-09-11 11:53:00+00:00,17.09000015258789,17.100000381469727,17.09000015258789,17.100000381469727,0
2026-09-11 11:54:00+00:00,17.09000015258789,17.09000015258789,17.09000015258789,17.09000015258789,0
2026-09-11 11:55:00+00:00,17.079999923706055,17.09000015258789,17.079999923706055,17.09000015258789,0
2026-09-11 11:56:00+00:00,17.09000015258789,17.09000015258789,17.079999923706055,17.079999923706055,0
2026-09-11 11:57:00+00:00,17.079999923706055,17.079999923706055,17.059999465942383,17.059999465942383,0
2026-09-11 11:58:00+00:00,17.059999465942383,17.079999923706055,17.059999465942383,17.079999923706055,0
2026-09-11 11:59:00+00:00,17.079999923706055,17.09000015258789,17.079999923706055,17.09000015258789,0
2026-09-11 12:00:00+00:00,17.09000015258789,17.09000015258789,17.079999923706055,17.079999923706055,0
2026-09-11 12:01:00+00:00,17.079999923706055,17.100000381469727,17.079999923706055,17.09000015258789,0
2026-09-11 12:02:00+00:00,17.079999923706055,17.1200008392334,17.079999923706055,17.1200008392334,0
2026-09-11 12:03:00+00:00,17.100000381469727,17.110000610351562,17.09000015258789,17.100000381469727,0
2026-09-11 12:04:00+00:00,17.079999923706055,17.079999923706055,17.079999923706055,17.079999923706055,0
2026-09-11 12:05:00+00:00,17.079999923706055,17.079999923706055,17.06999969482422,17.06999969482422,0
2026-09-11 12:06:00+00:00,17.059999465942383,17.06999969482422,17.059999465942383,17.06999969482422,0
2026-09-11 12:07:00+00:00,17.059999465942383,17.09000015258789,17.059999465942383,17.09000015258789,0
2026-09-11 12:08:00+00:00,17.09000015258789,17.09000015258789,17.079999923706055,17.079999923706055,0
2026-09-11 12:09:00+00:00,17.09000015258789,17.09000015258789,17.079999923706055,17.079999923706055,0
2026-09-11 12:10:00+00:00,17.059999465942383,17.06999969482422,17.059999465942383,17.059999465942383,0
2026-09-11 12:11:00+00:00,17.049999237060547,17.049999237060547,17.040000915527344,17.049999237060547,0
2026-09-11 12:12:00+00:00,17.040000915527344,17.040000915527344,16.989999771118164,17.020000457763672,0
2026-09-11 12:13:00+00:00,17.030000686645508,17.06999969482422,17.030000686645508,17.06999969482422,0
2026-09-11 12:14:00+00:00,17.06999969482422,17.06999969482422,17.040000915527344,17.040000915527344,0
2026-09-11 12:15:00+00:00,17.040000915527344,17.049999237060547,17.040000915527344,17.049999237060547,0
2026-09-11 12:16:00+00:00,17.040000915527344,17.040000915527344,17.020000457763672,17.020000457763672,0
2026-09-11 12:17:00+00:00,17.030000686645508,17.030000686645508,17.010000228881836,17.010000228881836,0
2026-09-11 12:18:00+00:00,17.010000228881836,17.010000228881836,17.0,17.0,0
2026-09-11 12:19:00+00:00,17.0,17.0,16.979999542236328,16.979999542236328,0
2026-09-11 12:20:00+00:00,16.979999542236328,16.989999771118164,16.979999542236328,16.979999542236328,0
2026-09-11 12:21:00+00:00,16.979999542236328,16.979999542236328,16.959999084472656,16.969999313354492,0
2026-09-11 12:22:00+00:00,16.969999313354492,16.969999313354492,16.959999084472656,16.959999084472656,0
2026-09-11 12:23:00+00:00,16.969999313354492,16.969999313354492,16.959999084472656,16.959999084472656,0
2026-09-11 12:24:00+00:00,16.959999084472656,17.0,16.959999084472656,16.989999771118164,0
2026-09-11 12:25:00+00:00,16.989999771118164,17.0,16.989999771118164,16.989999771118164,0
2026-09-11 12:26:00+00:00,16.979999542236328,16.979999542236328,16.920000076293945,16.920000076293945,0
2026-09-11 12:27:00+00:00,16.889999389648438,16.889999389648438,16.8799991607666,16.8799991607666,0
2026-09-11 12:28:00+00:00,16.8700008392334,16.8700008392334,16.81999969482422,16.850000381469727,0
2026-09-11 12:29:00+00:00,16.850000381469727,16.850000381469727,16.829999923706055,16.829999923706055,0
2026-09-11 12:30:00+00:00,16.489999771118164,17.09000015258789,16.489999771118164,17.09000015258789,0
2026-09-11 12:31:00+00:00,17.170000076293945,17.170000076293945,17.049999237060547,17.049999237060547,0
2026-09-11 12:32:00+00:00,16.989999771118164,16.989999771118164,16.899999618530273,16.899999618530273,0
2026-09-11 12:33:00+00:00,16.920000076293945,16.920000076293945,16.8700008392334,16.8700008392334,0
2026-09-11 12:34:00+00:00,16.790000915527344,16.829999923706055,16.790000915527344,16.829999923706055,0
2026-09-11 12:35:00+00:00,16.850000381469727,16.860000610351562,16.850000381469727,16.860000610351562,0
2026-09-11 12:36:00+00:00,16.829999923706055,16.829999923706055,16.780000686645508,16.790000915527344,0
2026-09-11 12:37:00+00:00,16.790000915527344,16.790000915527344,16.719999313354492,16.719999313354492,0
2026-09-11 12:38:00+00:00,16.739999771118164,16.739999771118164,16.719999313354492,16.719999313354492,0
2026-09-11 12:39:00+00:00,16.690000534057617,16.690000534057617,16.670000076293945,16.670000076293945,0
2026-09-11 12:40:00+00:00,16.68000030517578,16.68000030517578,16.6200008392334,16.6200008392334,0
2026-09-11 12:41:00+00:00,16.6299991607666,16.639999389648438,16.6200008392334,16.6200008392334,0
2026-09-11 12:42:00+00:00,16.610000610351562,16.639999389648438,16.600000381469727,16.639999389648438,0
2026-09-11 12:43:00+00:00,16.610000610351562,16.6299991607666,16.610000610351562,16.6299991607666,0
2026-09-11 12:44:00+00:00,16.610000610351562,16.6299991607666,16.59000015258789,16.59000015258789,0
2026-09-11 12:45:00+00:00,16.579999923706055,16.600000381469727,16.579999923706055,16.600000381469727,0
2026-09-11 12:46:00+00:00,16.600000381469727,16.600000381469727,16.5,16.5,0
2026-09-11 12:47:00+00:00,16.469999313354492,16.469999313354492,16.450000762939453,16.450000762939453,0
2026-09-11 12:48:00+00:00,16.40999984741211,16.40999984741211,16.350000381469727,16.350000381469727,0
2026-09-11 12:49:00+00:00,16.329999923706055,16.329999923706055,16.329999923706055,16.329999923706055,0
2026-09-11 12:50:00+00:00,16.350000381469727,16.350000381469727,16.260000228881836,16.260000228881836,0
2026-09-11 12:51:00+00:00,16.25,16.270000457763672,16.25,16.25,0
2026-09-11 12:52:00+00:00,16.239999771118164,16.239999771118164,16.18000030517578,16.18000030517578,0
2026-09-11 12:53:00+00:00,16.1299991607666,16.139999389648438,16.1299991607666,16.1299991607666,0
2026-09-11 12:54:00+00:00,16.1299991607666,16.1299991607666,16.09000015258789,16.100000381469727,0
2026-09-11 12:55:00+00:00,16.110000610351562,16.1200008392334,16.059999465942383,16.059999465942383,0
2026-09-11 12:56:00+00:00,16.059999465942383,16.059999465942383,16.040000915527344,16.049999237060547,0
2026-09-11 12:57:00+00:00,16.040000915527344,16.040000915527344,16.020000457763672,16.020000457763672,0
2026-09-11 12:58:00+00:00,16.0,16.010000228881836,15.970000267028809,15.970000267028809,0
2026-09-11 12:59:00+00:00,15.960000038146973,15.960000038146973,15.949999809265137,15.949999809265137,0
2026-09-11 13:00:00+00:00,15.960000038146973,15.960000038146973,15.850000381469728,15.850000381469728,0
2026-09-11 13:01:00+00:00,15.859999656677246,15.899999618530272,15.859999656677246,15.899999618530272,0
2026-09-11 13:02:00+00:00,15.880000114440918,15.90999984741211,15.880000114440918,15.90999984741211,0
2026-09-11 13:03:00+00:00,15.899999618530272,15.9399995803833,15.899999618530272,15.9399995803833,0
2026-09-11 13:04:00+00:00,15.9399995803833,15.9399995803833,15.93000030517578,15.93000030517578,0
2026-09-11 13:05:00+00:00,15.949999809265137,15.970000267028809,15.949999809265137,15.960000038146973,0
2026-09-11 13:06:00+00:00,15.9399995803833,15.9399995803833,15.93000030517578,15.93000030517578,0
2026-09-11 13:07:00+00:00,15.9399995803833,15.979999542236328,15.9399995803833,15.979999542236328,0
2026-09-11 13:08:00+00:00,15.989999771118164,16.030000686645508,15.989999771118164,16.030000686645508,0
2026-09-11 13:09:00+00:00,16.030000686645508,16.040000915527344,16.020000457763672,16.020000457763672,0
2026-09-11 13:10:00+00:00,16.010000228881836,16.010000228881836,16.0,16.010000228881836,0
2026-09-11 13:11:00+00:00,16.020000457763672,16.040000915527344,16.020000457763672,16.040000915527344,0
2026-09-11 13:12:00+00:00,16.049999237060547,16.079999923706055,16.049999237060547,16.079999923706055,0
2026-09-11 13:13:00+00:00,16.100000381469727,16.149999618530273,16.100000381469727,16.149999618530273,0
2026-09-11 13:14:00+00:00,16.170000076293945,16.200000762939453,16.170000076293945,16.190000534057617,0
2026-09-11 13:15:00+00:00,16.18000030517578,16.18000030517578,16.15999984741211,16.18000030517578,0
2026-09-11 13:16:00+00:00,16.190000534057617,16.190000534057617,16.15999984741211,16.15999984741211,0
2026-09-11 13:17:00+00:00,16.15999984741211,16.18000030517578,16.149999618530273,16.170000076293945,0
2026-09-11 13:18:00+00:00,16.18000030517578,16.18000030517578,16.15999984741211,16.15999984741211,0
2026-09-11 13:19:00+00:00,16.139999389648438,16.170000076293945,16.139999389648438,16.170000076293945,0
2026-09-11 13:20:00+00:00,16.18000030517578,16.18000030517578,16.15999984741211,16.170000076293945,0
2026-09-11 13:21:00+00:00,16.15999984741211,16.170000076293945,16.149999618530273,16.15999984741211,0
2026-09-11 13:22:00+00:00,16.149999618530273,16.15999984741211,16.139999389648438,16.139999389648438,0
2026-09-11 13:23:00+00:00,16.139999389648438,16.149999618530273,16.1200008392334,16.1200008392334,0
2026-09-11 13:24:00+00:00,16.1200008392334,16.1200008392334,16.1200008392334,16.1200008392334,0
2026-09-11 13:25:00+00:00,16.1200008392334,16.1200008392334,16.1200008392334,16.1200008392334,0
2026-09-11 13:31:00+00:00,16.1200008392334,16.139999389648438,16.059999465942383,16.059999465942383,0
2026-09-11 13:32:00+00:00,16.059999465942383,16.059999465942383,15.93000030517578,15.960000038146973,0
2026-09-11 13:33:00+00:00,15.949999809265137,15.949999809265137,15.899999618530272,15.899999618530272,0
2026-09-11 13:34:00+00:00,15.84000015258789,15.84000015258789,15.789999961853027,15.789999961853027,0
2026-09-11 13:35:00+00:00,15.770000457763672,15.770000457763672,15.739999771118164,15.75,0
2026-09-11 13:36:00+00:00,15.729999542236328,15.779999732971191,15.729999542236328,15.779999732971191,0
2026-09-11 13:37:00+00:00,15.800000190734863,15.8100004196167,15.770000457763672,15.800000190734863,0
2026-09-11 13:38:00+00:00,15.8100004196167,15.829999923706056,15.8100004196167,15.829999923706056,0
2026-09-11 13:39:00+00:00,15.829999923706056,15.890000343322754,15.829999923706056,15.890000343322754,0
2026-09-11 13:40:00+00:00,15.890000343322754,16.059999465942383,15.890000343322754,15.9399995803833,0
2026-09-11 13:41:00+00:00,15.989999771118164,15.989999771118164,15.93000030517578,15.93000030517578,0
2026-09-11 13:42:00+00:00,15.979999542236328,16.040000915527344,15.979999542236328,16.040000915527344,0
2026-09-11 13:43:00+00:00,16.030000686645508,16.06999969482422,16.030000686645508,16.040000915527344,0
2026-09-11 13:44:00+00:00,16.049999237060547,16.059999465942383,16.010000228881836,16.010000228881836,0
2026-09-11 13:45:00+00:00,15.979999542236328,16.040000915527344,15.979999542236328,16.030000686645508,0
2026-09-11 13:46:00+00:00,16.020000457763672,16.020000457763672,15.949999809265137,15.960000038146973,0
2026-09-11 13:47:00+00:00,16.059999465942383,16.110000610351562,16.059999465942383,16.110000610351562,0
2026-09-11 13:48:00+00:00,16.110000610351562,16.15999984741211,16.100000381469727,16.15999984741211,0
2026-09-11 13:49:00+00:00,16.170000076293945,16.170000076293945,16.1299991607666,16.170000076293945,0
2026-09-11 13:50:00+00:00,16.149999618530273,16.149999618530273,16.09000015258789,16.1200008392334,0
2026-09-11 13:51:00+00:00,16.100000381469727,16.149999618530273,16.100000381469727,16.110000610351562,0
2026-09-11 13:52:00+00:00,16.1200008392334,16.1200008392334,16.06999969482422,16.06999969482422,0
2026-09-11 13:53:00+00:00,16.100000381469727,16.100000381469727,16.079999923706055,16.09000015258789,0
2026-09-11 13:54:00+00:00,16.079999923706055,16.100000381469727,16.079999923706055,16.100000381469727,0
2026-09-11 13:55:00+00:00,16.079999923706055,16.079999923706055,16.06999969482422,16.06999969482422,0
2026-09-11 13:56:00+00:00,16.040000915527344,16.040000915527344,15.979999542236328,15.979999542236328,0
2026-09-11 13:57:00+00:00,15.960000038146973,15.970000267028809,15.949999809265137,15.949999809265137,0
2026-09-11 13:58:00+00:00,15.9399995803833,15.949999809265137,15.9399995803833,15.9399995803833,0
2026-09-11 13:59:00+00:00,15.920000076293944,15.920000076293944,15.869999885559082,15.880000114440918,0
2026-09-11 14:00:00+00:00,15.81999969482422,15.93000030517578,15.81999969482422,15.93000030517578,0
2026-09-11 14:01:00+00:00,15.93000030517578,15.93000030517578,15.899999618530272,15.920000076293944,0
2026-09-11 14:02:00+00:00,15.949999809265137,15.949999809265137,15.93000030517578,15.93000030517578,0
2026-09-11 14:03:00+00:00,15.890000343322754,15.920000076293944,15.890000343322754,15.90999984741211,0
2026-09-11 14:04:00+00:00,15.93000030517578,15.9399995803833,15.93000030517578,15.9399995803833,0
2026-09-11 14:05:00+00:00,15.949999809265137,15.949999809265137,15.9399995803833,15.9399995803833,0
2026-09-11 14:06:00+00:00,15.979999542236328,15.989999771118164,15.949999809265137,15.960000038146973,0
2026-09-11 14:07:00+00:00,15.979999542236328,15.979999542236328,15.970000267028809,15.970000267028809,0
2026-09-11 14:08:00+00:00,15.970000267028809,15.970000267028809,15.949999809265137,15.949999809265137,0
2026-09-11 14:09:00+00:00,15.960000038146973,15.970000267028809,15.9399995803833,15.9399995803833,0
2026-09-11 14:10:00+00:00,15.920000076293944,15.920000076293944,15.869999885559082,15.869999885559082,0
2026-09-11 14:11:00+00:00,15.890000343322754,15.960000038146973,15.890000343322754,15.960000038146973,0
2026-09-11 14:12:00+00:00,15.9399995803833,15.989999771118164,15.9399995803833,15.989999771118164,0
2026-09-11 14:13:00+00:00,15.979999542236328,15.979999542236328,15.899999618530272,15.899999618530272,0
2026-09-11 14:14:00+00:00,15.90999984741211,15.949999809265137,15.90999984741211,15.949999809265137,0
2026-09-11 14:15:00+00:00,15.970000267028809,15.970000267028809,15.960000038146973,15.960000038146973,0
2026-09-11 14:16:00+00:00,15.960000038146973,15.960000038146973,15.9399995803833,15.9399995803833,0
2026-09-11 14:17:00+00:00,15.960000038146973,15.970000267028809,15.960000038146973,15.970000267028809,0
2026-09-11 14:18:00+00:00,15.949999809265137,15.949999809265137,15.899999618530272,15.899999618530272,0
2026-09-11 14:19:00+00:00,15.84000015258789,15.850000381469728,15.829999923706056,15.829999923706056,0
2026-09-11 14:20:00+00:00,15.829999923706056,15.84000015258789,15.829999923706056,15.84000015258789,0
2026-09-11 14:21:00+00:00,15.800000190734863,15.81999969482422,15.800000190734863,15.81999969482422,0
2026-09-11 14:22:00+00:00,15.8100004196167,15.81999969482422,15.8100004196167,15.8100004196167,0
2026-09-11 14:23:00+00:00,15.779999732971191,15.800000190734863,15.779999732971191,15.800000190734863,0
2026-09-11 14:24:00+00:00,15.800000190734863,15.800000190734863,15.770000457763672,15.770000457763672,0
2026-09-11 14:25:00+00:00,15.779999732971191,15.789999961853027,15.770000457763672,15.770000457763672,0
2026-09-11 14:26:00+00:00,15.789999961853027,15.800000190734863,15.75,15.75,0
2026-09-11 14:27:00+00:00,15.760000228881836,15.760000228881836,15.720000267028809,15.720000267028809,0
2026-09-11 14:28:00+00:00,15.720000267028809,15.720000267028809,15.68000030517578,15.68000030517578,0
2026-09-11 14:29:00+00:00,15.6899995803833,15.6899995803833,15.6899995803833,15.6899995803833,0
2026-09-11 14:30:00+00:00,15.710000038146973,15.770000457763672,15.710000038146973,15.770000457763672,0
2026-09-11 14:31:00+00:00,15.760000228881836,15.8100004196167,15.75,15.8100004196167,0
2026-09-11 14:32:00+00:00,15.84000015258789,15.84000015258789,15.829999923706056,15.829999923706056,0
2026-09-11 14:33:00+00:00,15.829999923706056,15.890000343322754,15.829999923706056,15.869999885559082,0
2026-09-11 14:34:00+00:00,15.869999885559082,15.9399995803833,15.869999885559082,15.9399995803833,0
2026-09-11 14:35:00+00:00,15.949999809265137,15.970000267028809,15.949999809265137,15.970000267028809,0
2026-09-11 14:36:00+00:00,15.979999542236328,16.010000228881836,15.979999542236328,16.010000228881836,0
2026-09-11 14:37:00+00:00,16.049999237060547,16.059999465942383,16.049999237060547,16.049999237060547,0
2026-09-11 14:38:00+00:00,16.049999237060547,16.1299991607666,16.049999237060547,16.1299991607666,0
2026-09-11 14:39:00+00:00,16.149999618530273,16.149999618530273,16.110000610351562,16.1200008392334,0
2026-09-11 14:40:00+00:00,16.100000381469727,16.100000381469727,16.040000915527344,16.059999465942383,0
2026-09-11 14:41:00+00:00,16.040000915527344,16.059999465942383,16.040000915527344,16.059999465942383,0
2026-09-11 14:42:00+00:00,16.049999237060547,16.079999923706055,16.049999237060547,16.079999923706055,0
2026-09-11 14:43:00+00:00,16.06999969482422,16.1299991607666,16.06999969482422,16.1299991607666,0
2026-09-11 14:44:00+00:00,16.1299991607666,16.149999618530273,16.1299991607666,16.149999618530273,0
2026-09-11 14:45:00+00:00,16.139999389648438,16.15999984741211,16.139999389648438,16.149999618530273,0
2026-09-11 14:46:00+00:00,16.1200008392334,16.149999618530273,16.1200008392334,16.149999618530273,0
2026-09-11 14:47:00+00:00,16.15999984741211,16.200000762939453,16.149999618530273,16.200000762939453,0
2026-09-11 14:48:00+00:00,16.190000534057617,16.190000534057617,16.030000686645508,16.030000686645508,0
2026-09-11 14:49:00+00:00,16.079999923706055,16.079999923706055,16.030000686645508,16.030000686645508,0
2026-09-11 14:50:00+00:00,15.970000267028809,16.010000228881836,15.970000267028809,15.989999771118164,0
2026-09-11 14:51:00+00:00,16.010000228881836,16.010000228881836,15.960000038146973,15.979999542236328,0
2026-09-11 14:52:00+00:00,15.979999542236328,15.989999771118164,15.979999542236328,15.989999771118164,0
2026-09-11 14:53:00+00:00,15.989999771118164,16.020000457763672,15.989999771118164,16.020000457763672,0
2026-09-11 14:54:00+00:00,16.0,16.030000686645508,16.0,16.030000686645508,0
2026-09-11 14:55:00+00:00,16.020000457763672,16.170000076293945,16.020000457763672,16.170000076293945,0
2026-09-11 14:56:00+00:00,16.15999984741211,16.15999984741211,16.139999389648438,16.149999618530273,0
2026-09-11 14:57:00+00:00,16.149999618530273,16.149999618530273,16.1299991607666,16.1299991607666,0
2026-09-11 14:58:00+00:00,16.100000381469727,16.100000381469727,16.06999969482422,16.100000381469727,0
2026-09-11 14:59:00+00:00,16.110000610351562,16.1299991607666,16.100000381469727,16.100000381469727,0
2026-09-11 15:00:00+00:00,16.09000015258789,16.100000381469727,16.079999923706055,16.079999923706055,0
2026-09-11 15:01:00+00:00,16.030000686645508,16.049999237060547,16.030000686645508,16.040000915527344,0
2026-09-11 15:02:00+00:00,16.020000457763672,16.040000915527344,16.020000457763672,16.040000915527344,0
2026-09-11 15:03:00+00:00,16.010000228881836,16.020000457763672,15.989999771118164,15.989999771118164,0
2026-09-11 15:04:00+00:00,15.970000267028809,15.989999771118164,15.970000267028809,15.989999771118164,0
2026-09-11 15:05:00+00:00,15.90999984741211,15.90999984741211,15.850000381469728,15.850000381469728,0
2026-09-11 15:06:00+00:00,15.850000381469728,15.850000381469728,15.8100004196167,15.8100004196167,0
2026-09-11 15:07:00+00:00,15.8100004196167,15.8100004196167,15.800000190734863,15.800000190734863,0
2026-09-11 15:08:00+00:00,15.789999961853027,15.869999885559082,15.789999961853027,15.869999885559082,0
2026-09-11 15:09:00+00:00,15.880000114440918,15.890000343322754,15.880000114440918,15.890000343322754,0
2026-09-11 15:10:00+00:00,15.880000114440918,15.890000343322754,15.880000114440918,15.890000343322754,0
2026-09-11 15:11:00+00:00,15.880000114440918,15.93000030517578,15.880000114440918,15.93000030517578,0
2026-09-11 15:12:00+00:00,15.93000030517578,15.9399995803833,15.93000030517578,15.9399995803833,0
2026-09-11 15:13:00+00:00,15.960000038146973,16.049999237060547,15.960000038146973,16.049999237060547,0
2026-09-11 15:14:00+00:00,16.010000228881836,16.010000228881836,15.970000267028809,15.970000267028809,0
2026-09-11 15:15:00+00:00,15.970000267028809,15.970000267028809,15.880000114440918,15.880000114440918,0
2026-09-11 15:16:00+00:00,15.859999656677246,15.880000114440918,15.859999656677246,15.880000114440918,0
2026-09-11 15:17:00+00:00,15.850000381469728,15.869999885559082,15.850000381469728,15.859999656677246,0
2026-09-11 15:18:00+00:00,15.869999885559082,15.869999885559082,15.850000381469728,15.850000381469728,0
2026-09-11 15:19:00+00:00,15.850000381469728,15.859999656677246,15.84000015258789,15.859999656677246,0
2026-09-11 15:20:00+00:00,15.869999885559082,15.869999885559082,15.859999656677246,15.859999656677246,0
2026-09-11 15:21:00+00:00,15.859999656677246,15.869999885559082,15.84000015258789,15.84000015258789,0
2026-09-11 15:22:00+00:00,15.829999923706056,15.829999923706056,15.800000190734863,15.800000190734863,0
2026-09-11 15:23:00+00:00,15.8100004196167,15.81999969482422,15.800000190734863,15.800000190734863,0
2026-09-11 15:24:00+00:00,15.829999923706056,15.829999923706056,15.8100004196167,15.81999969482422,0
2026-09-11 15:25:00+00:00,15.779999732971191,15.800000190734863,15.779999732971191,15.800000190734863,0
2026-09-11 15:26:00+00:00,15.800000190734863,15.800000190734863,15.779999732971191,15.779999732971191,0
2026-09-11 15:27:00+00:00,15.770000457763672,15.770000457763672,15.739999771118164,15.739999771118164,0
2026-09-11 15:28:00+00:00,15.739999771118164,15.779999732971191,15.739999771118164,15.779999732971191,0
2026-09-11 15:29:00+00:00,15.789999961853027,15.789999961853027,15.779999732971191,15.779999732971191,0
2026-09-11 15:30:00+00:00,15.779999732971191,15.8100004196167,15.779999732971191,15.800000190734863,0
2026-09-11 15:31:00+00:00,15.789999961853027,15.84000015258789,15.789999961853027,15.84000015258789,0
2026-09-11 15:32:00+00:00,15.829999923706056,15.829999923706056,15.789999961853027,15.789999961853027,0
2026-09-11 15:33:00+00:00,15.800000190734863,15.8100004196167,15.800000190734863,15.8100004196167,0
2026-09-11 15:34:00+00:00,15.8100004196167,15.8100004196167,15.8100004196167,15.8100004196167,0
2026-09-11 15:35:00+00:00,15.8100004196167,15.829999923706056,15.8100004196167,15.829999923706056,0
2026-09-11 15:36:00+00:00,15.829999923706056,15.829999923706056,15.8100004196167,15.81999969482422,0
2026-09-11 15:37:00+00:00,15.800000190734863,15.8100004196167,15.800000190734863,15.8100004196167,0
2026-09-11 15:38:00+00:00,15.8100004196167,15.8100004196167,15.789999961853027,15.789999961853027,0
2026-09-11 15:39:00+00:00,15.800000190734863,15.800000190734863,15.75,15.75,0
2026-09-11 15:40:00+00:00,15.760000228881836,15.760000228881836,15.760000228881836,15.760000228881836,0
2026-09-11 15:41:00+00:00,15.75,15.75,15.739999771118164,15.739999771118164,0
2026-09-11 15:42:00+00:00,15.739999771118164,15.75,15.739999771118164,15.739999771118164,0
2026-09-11 15:43:00+00:00,15.739999771118164,15.739999771118164,15.710000038146973,15.720000267028809,0
2026-09-11 15:44:00+00:00,15.729999542236328,15.729999542236328,15.720000267028809,15.729999542236328,0
2026-09-11 15:45:00+00:00,15.729999542236328,15.739999771118164,15.729999542236328,15.739999771118164,0
2026-09-11 15:46:00+00:00,15.739999771118164,15.770000457763672,15.739999771118164,15.760000228881836,0
2026-09-11 15:47:00+00:00,15.760000228881836,15.760000228881836,15.760000228881836,15.760000228881836,0
2026-09-11 15:48:00+00:00,15.760000228881836,15.760000228881836,15.729999542236328,15.729999542236328,0
2026-09-11 15:49:00+00:00,15.739999771118164,15.739999771118164,15.710000038146973,15.710000038146973,0
2026-09-11 15:50:00+00:00,15.720000267028809,15.720000267028809,15.710000038146973,15.720000267028809,0
2026-09-11 15:51:00+00:00,15.710000038146973,15.710000038146973,15.699999809265137,15.710000038146973,0
2026-09-11 15:52:00+00:00,15.720000267028809,15.729999542236328,15.720000267028809,15.720000267028809,0
2026-09-11 15:53:00+00:00,15.729999542236328,15.75,15.729999542236328,15.75,0
2026-09-11 15:54:00+00:00,15.75,15.760000228881836,15.75,15.760000228881836,0
2026-09-11 15:55:00+00:00,15.739999771118164,15.75,15.739999771118164,15.75,0
2026-09-11 15:56:00+00:00,15.760000228881836,15.760000228881836,15.760000228881836,15.760000228881836,0
2026-09-11 15:57:00+00:00,15.760000228881836,15.760000228881836,15.729999542236328,15.729999542236328,0
2026-09-11 15:58:00+00:00,15.739999771118164,15.739999771118164,15.729999542236328,15.729999542236328,0
2026-09-11 15:59:00+00:00,15.720000267028809,15.739999771118164,15.720000267028809,15.729999542236328,0
2026-09-11 16:00:00+00:00,15.729999542236328,15.729999542236328,15.710000038146973,15.710000038146973,0
2026-09-11 16:01:00+00:00,15.710000038146973,15.710000038146973,15.6899995803833,15.6899995803833,0
2026-09-11 16:02:00+00:00,15.6899995803833,15.6899995803833,15.68000030517578,15.68000030517578,0
2026-09-11 16:03:00+00:00,15.670000076293944,15.6899995803833,15.670000076293944,15.6899995803833,0
2026-09-11 16:04:00+00:00,15.699999809265137,15.699999809265137,15.670000076293944,15.670000076293944,0
2026-09-11 16:05:00+00:00,15.670000076293944,15.68000030517578,15.670000076293944,15.670000076293944,0
2026-09-11 16:06:00+00:00,15.670000076293944,15.68000030517578,15.670000076293944,15.68000030517578,0
2026-09-11 16:07:00+00:00,15.68000030517578,15.6899995803833,15.68000030517578,15.6899995803833,0
2026-09-11 16:08:00+00:00,15.699999809265137,15.699999809265137,15.68000030517578,15.68000030517578,0
2026-09-11 16:09:00+00:00,15.68000030517578,15.6899995803833,15.68000030517578,15.6899995803833,0
2026-09-11 16:10:00+00:00,15.68000030517578,15.68000030517578,15.670000076293944,15.68000030517578,0
2026-09-11 16:11:00+00:00,15.68000030517578,15.68000030517578,15.670000076293944,15.670000076293944,0
2026-09-11 16:12:00+00:00,15.68000030517578,15.6899995803833,15.68000030517578,15.6899995803833,0
2026-09-11 16:13:00+00:00,15.699999809265137,15.720000267028809,15.699999809265137,15.720000267028809,0
2026-09-11 16:14:00+00:00,15.729999542236328,15.729999542236328,15.720000267028809,15.720000267028809,0
2026-09-11 16:15:00+00:00,15.720000267028809,15.720000267028809,15.710000038146973,15.720000267028809,0
2026-09-11 16:16:00+00:00,15.720000267028809,15.729999542236328,15.720000267028809,15.729999542236328,0
2026-09-11 16:17:00+00:00,15.739999771118164,15.739999771118164,15.720000267028809,15.720000267028809,0
2026-09-11 16:18:00+00:00,15.729999542236328,15.729999542236328,15.720000267028809,15.729999542236328,0
2026-09-11 16:19:00+00:00,15.729999542236328,15.729999542236328,15.729999542236328,15.729999542236328,0
2026-09-11 16:20:00+00:00,15.729999542236328,15.729999542236328,15.710000038146973,15.710000038146973,0
2026-09-11 16:21:00+00:00,15.729999542236328,15.729999542236328,15.720000267028809,15.729999542236328,0
2026-09-11 16:22:00+00:00,15.739999771118164,15.739999771118164,15.739999771118164,15.739999771118164,0
2026-09-11 16:23:00+00:00,15.739999771118164,15.739999771118164,15.739999771118164,15.739999771118164,0
2026-09-11 16:24:00+00:00,15.720000267028809,15.739999771118164,15.720000267028809,15.739999771118164,0
2026-09-11 16:25:00+00:00,15.729999542236328,15.729999542236328,15.720000267028809,15.729999542236328,0
2026-09-11 16:26:00+00:00,15.729999542236328,15.75,15.729999542236328,15.75,0
2026-09-11 16:27:00+00:00,15.760000228881836,15.760000228881836,15.729999542236328,15.729999542236328,0
2026-09-11 16:28:00+00:00,15.729999542236328,15.729999542236328,15.720000267028809,15.729999542236328,0
2026-09-11 16:29:00+00:00,15.720000267028809,15.8100004196167,15.720000267028809,15.8100004196167,0
2026-09-11 16:30:00+00:00,15.869999885559082,15.869999885559082,15.800000190734863,15.800000190734863,0
2026-09-11 16:31:00+00:00,15.800000190734863,15.859999656677246,15.800000190734863,15.859999656677246,0
2026-09-11 16:32:00+00:00,15.850000381469728,15.850000381469728,15.81999969482422,15.81999969482422,0
2026-09-11 16:33:00+00:00,15.8100004196167,15.8100004196167,15.770000457763672,15.770000457763672,0
2026-09-11 16:34:00+00:00,15.75,15.760000228881836,15.739999771118164,15.760000228881836,0
2026-09-11 16:35:00+00:00,15.770000457763672,15.779999732971191,15.770000457763672,15.779999732971191,0
2026-09-11 16:36:00+00:00,15.789999961853027,15.81999969482422,15.789999961853027,15.81999969482422,0
2026-09-11 16:37:00+00:00,15.829999923706056,15.829999923706056,15.829999923706056,15.829999923706056,0
2026-09-11 16:38:00+00:00,15.8100004196167,15.81999969482422,15.8100004196167,15.81999969482422,0
2026-09-11 16:39:00+00:00,15.81999969482422,15.829999923706056,15.81999969482422,15.829999923706056,0
2026-09-11 16:40:00+00:00,15.859999656677246,15.869999885559082,15.84000015258789,15.84000015258789,0
2026-09-11 16:41:00+00:00,15.829999923706056,15.84000015258789,15.829999923706056,15.829999923706056,0
2026-09-11 16:42:00+00:00,15.81999969482422,15.829999923706056,15.81999969482422,15.829999923706056,0
2026-09-11 16:43:00+00:00,15.84000015258789,15.84000015258789,15.800000190734863,15.800000190734863,0
2026-09-11 16:44:00+00:00,15.800000190734863,15.800000190734863,15.770000457763672,15.770000457763672,0
2026-09-11 16:45:00+00:00,15.760000228881836,15.770000457763672,15.760000228881836,15.770000457763672,0
2026-09-11 16:46:00+00:00,15.75,15.75,15.729999542236328,15.729999542236328,0
2026-09-11 16:47:00+00:00,15.729999542236328,15.729999542236328,15.720000267028809,15.729999542236328,0
2026-09-11 16:48:00+00:00,15.720000267028809,15.739999771118164,15.720000267028809,15.739999771118164,0
2026-09-11 16:49:00+00:00,15.75,15.760000228881836,15.75,15.760000228881836,0
2026-09-11 16:50:00+00:00,15.760000228881836,15.760000228881836,15.739999771118164,15.739999771118164,0
2026-09-11 16:51:00+00:00,15.739999771118164,15.760000228881836,15.739999771118164,15.760000228881836,0
2026-09-11 16:52:00+00:00,15.770000457763672,15.770000457763672,15.770000457763672,15.770000457763672,0
2026-09-11 16:53:00+00:00,15.770000457763672,15.779999732971191,15.760000228881836,15.770000457763672,0
2026-09-11 16:54:00+00:00,15.770000457763672,15.770000457763672,15.770000457763672,15.770000457763672,0
2026-09-11 16:55:00+00:00,15.770000457763672,15.770000457763672,15.739999771118164,15.739999771118164,0
2026-09-11 16:56:00+00:00,15.760000228881836,15.760000228881836,15.75,15.75,0
2026-09-11 16:57:00+00:00,15.760000228881836,15.760000228881836,15.760000228881836,15.760000228881836,0
2026-09-11 16:58:00+00:00,15.760000228881836,15.760000228881836,15.739999771118164,15.739999771118164,0
2026-09-11 16:59:00+00:00,15.729999542236328,15.729999542236328,15.729999542236328,15.729999542236328,0
2026-09-11 17:00:00+00:00,15.739999771118164,15.739999771118164,15.699999809265137,15.699999809265137,0
2026-09-11 17:01:00+00:00,15.710000038146973,15.710000038146973,15.710000038146973,15.710000038146973,0
2026-09-11 17:02:00+00:00,15.729999542236328,15.729999542236328,15.720000267028809,15.720000267028809,0
2026-09-11 17:03:00+00:00,15.699999809265137,15.699999809265137,15.6899995803833,15.6899995803833,0
2026-09-11 17:04:00+00:00,15.68000030517578,15.699999809265137,15.68000030517578,15.699999809265137,0
2026-09-11 17:05:00+00:00,15.699999809265137,15.699999809265137,15.699999809265137,15.699999809265137,0
2026-09-11 17:06:00+00:00,15.699999809265137,15.699999809265137,15.699999809265137,15.699999809265137,0
2026-09-11 17:07:00+00:00,15.699999809265137,15.720000267028809,15.68000030517578,15.720000267028809,0
2026-09-11 17:08:00+00:00,15.720000267028809,15.720000267028809,15.699999809265137,15.710000038146973,0
2026-09-11 17:09:00+00:00,15.699999809265137,15.710000038146973,15.699999809265137,15.710000038146973,0
2026-09-11 17:10:00+00:00,15.699999809265137,15.710000038146973,15.699999809265137,15.710000038146973,0
2026-09-11 17:11:00+00:00,15.710000038146973,15.720000267028809,15.710000038146973,15.720000267028809,0
2026-09-11 17:12:00+00:00,15.720000267028809,15.720000267028809,15.710000038146973,15.710000038146973,0
2026-09-11 17:13:00+00:00,15.710000038146973,15.720000267028809,15.710000038146973,15.720000267028809,0
2026-09-11 17:14:00+00:00,15.720000267028809,15.729999542236328,15.720000267028809,15.729999542236328,0
2026-09-11 17:15:00+00:00,15.729999542236328,15.729999542236328,15.720000267028809,15.720000267028809,0
2026-09-11 17:16:00+00:00,15.710000038146973,15.720000267028809,15.710000038146973,15.710000038146973,0
2026-09-11 17:17:00+00:00,15.699999809265137,15.699999809265137,15.6899995803833,15.6899995803833,0
2026-09-11 17:18:00+00:00,15.68000030517578,15.6899995803833,15.68000030517578,15.6899995803833,0
2026-09-11 17:19:00+00:00,15.6899995803833,15.6899995803833,15.68000030517578,15.68000030517578,0
2026-09-11 17:20:00+00:00,15.670000076293944,15.670000076293944,15.65999984741211,15.65999984741211,0
2026-09-11 17:21:00+00:00,15.65999984741211,15.65999984741211,15.65999984741211,15.65999984741211,0
2026-09-11 17:22:00+00:00,15.670000076293944,15.670000076293944,15.65999984741211,15.65999984741211,0
2026-09-11 17:23:00+00:00,15.649999618530272,15.649999618530272,15.640000343322754,15.640000343322754,0
2026-09-11 17:24:00+00:00,15.640000343322754,15.65999984741211,15.640000343322754,15.65999984741211,0
2026-09-11 17:25:00+00:00,15.640000343322754,15.65999984741211,15.630000114440918,15.65999984741211,0
2026-09-11 17:26:00+00:00,15.65999984741211,15.670000076293944,15.649999618530272,15.649999618530272,0
2026-09-11 17:27:00+00:00,15.649999618530272,15.65999984741211,15.649999618530272,15.649999618530272,0
2026-09-11 17:28:00+00:00,15.65999984741211,15.68000030517578,15.65999984741211,15.68000030517578,0
2026-09-11 17:29:00+00:00,15.670000076293944,15.670000076293944,15.670000076293944,15.670000076293944,0
2026-09-11 17:30:00+00:00,15.670000076293944,15.670000076293944,15.649999618530272,15.649999618530272,0
2026-09-11 17:31:00+00:00,15.649999618530272,15.649999618530272,15.630000114440918,15.630000114440918,0
2026-09-11 17:32:00+00:00,15.630000114440918,15.630000114440918,15.619999885559082,15.630000114440918,0
2026-09-11 17:33:00+00:00,15.649999618530272,15.649999618530272,15.630000114440918,15.630000114440918,0
2026-09-11 17:34:00+00:00,15.630000114440918,15.630000114440918,15.630000114440918,15.630000114440918,0
2026-09-11 17:35:00+00:00,15.640000343322754,15.640000343322754,15.630000114440918,15.630000114440918,0
2026-09-11 17:36:00+00:00,15.640000343322754,15.640000343322754,15.640000343322754,15.640000343322754,0
2026-09-11 17:37:00+00:00,15.640000343322754,15.640000343322754,15.630000114440918,15.630000114440918,0
2026-09-11 17:38:00+00:00,15.630000114440918,15.649999618530272,15.630000114440918,15.649999618530272,0
2026-09-11 17:39:00+00:00,15.640000343322754,15.649999618530272,15.640000343322754,15.649999618530272,0
2026-09-11 17:40:00+00:00,15.640000343322754,15.640000343322754,15.619999885559082,15.630000114440918,0
2026-09-11 17:41:00+00:00,15.630000114440918,15.640000343322754,15.630000114440918,15.640000343322754,0
2026-09-11 17:42:00+00:00,15.640000343322754,15.640000343322754,15.619999885559082,15.619999885559082,0
2026-09-11 17:43:00+00:00,15.619999885559082,15.630000114440918,15.619999885559082,15.619999885559082,0
2026-09-11 17:44:00+00:00,15.609999656677246,15.619999885559082,15.609999656677246,15.619999885559082,0
2026-09-11 17:45:00+00:00,15.619999885559082,15.630000114440918,15.619999885559082,15.619999885559082,0
2026-09-11 17:46:00+00:00,15.619999885559082,15.640000343322754,15.619999885559082,15.640000343322754,0
2026-09-11 17:47:00+00:00,15.6899995803833,15.6899995803833,15.68000030517578,15.68000030517578,0
2026-09-11 17:48:00+00:00,15.68000030517578,15.6899995803833,15.68000030517578,15.6899995803833,0
2026-09-11 17:49:00+00:00,15.6899995803833,15.6899995803833,15.65999984741211,15.65999984741211,0
2026-09-11 17:50:00+00:00,15.65999984741211,15.65999984741211,15.65999984741211,15.65999984741211,0
2026-09-11 17:51:00+00:00,15.65999984741211,15.65999984741211,15.640000343322754,15.640000343322754,0
2026-09-11 17:52:00+00:00,15.630000114440918,15.630000114440918,15.619999885559082,15.619999885559082,0
2026-09-11 17:53:00+00:00,15.609999656677246,15.630000114440918,15.609999656677246,15.630000114440918,0
2026-09-11 17:54:00+00:00,15.619999885559082,15.630000114440918,15.619999885559082,15.619999885559082,0
2026-09-11 17:55:00+00:00,15.619999885559082,15.630000114440918,15.619999885559082,15.619999885559082,0
2026-09-11 17:56:00+00:00,15.619999885559082,15.619999885559082,15.609999656677246,15.619999885559082,0
2026-09-11 17:57:00+00:00,15.619999885559082,15.619999885559082,15.619999885559082,15.619999885559082,0
2026-09-11 17:58:00+00:00,15.619999885559082,15.619999885559082,15.619999885559082,15.619999885559082,0
2026-09-11 17:59:00+00:00,15.630000114440918,15.630000114440918,15.630000114440918,15.630000114440918,0
2026-09-11 18:00:00+00:00,15.630000114440918,15.630000114440918,15.609999656677246,15.609999656677246,0
2026-09-11 18:01:00+00:00,15.619999885559082,15.619999885559082,15.619999885559082,15.619999885559082,0
2026-09-11 18:02:00+00:00,15.609999656677246,15.609999656677246,15.600000381469728,15.600000381469728,0
2026-09-11 18:03:00+00:00,15.600000381469728,15.600000381469728,15.600000381469728,15.600000381469728,0
2026-09-11 18:04:00+00:00,15.600000381469728,15.600000381469728,15.59000015258789,15.600000381469728,0
2026-09-11 18:05:00+00:00,15.600000381469728,15.609999656677246,15.600000381469728,15.609999656677246,0
2026-09-11 18:06:00+00:00,15.609999656677246,15.609999656677246,15.609999656677246,15.609999656677246,0
2026-09-11 18:07:00+00:00,15.609999656677246,15.609999656677246,15.609999656677246,15.609999656677246,0
2026-09-11 18:08:00+00:00,15.609999656677246,15.630000114440918,15.609999656677246,15.630000114440918,0
2026-09-11 18:09:00+00:00,15.630000114440918,15.630000114440918,15.619999885559082,15.630000114440918,0
2026-09-11 18:10:00+00:00,15.619999885559082,15.630000114440918,15.619999885559082,15.619999885559082,0
2026-09-11 18:11:00+00:00,15.619999885559082,15.630000114440918,15.619999885559082,15.630000114440918,0
2026-09-11 18:12:00+00:00,15.630000114440918,15.630000114440918,15.630000114440918,15.630000114440918,0
2026-09-11 18:13:00+00:00,15.630000114440918,15.630000114440918,15.619999885559082,15.630000114440918,0
2026-09-11 18:14:00+00:00,15.619999885559082,15.619999885559082,15.619999885559082,15.619999885559082,0
2026-09-11 18:15:00+00:00,15.619999885559082,15.619999885559082,15.619999885559082,15.619999885559082,0
2026-09-11 18:16:00+00:00,15.619999885559082,15.619999885559082,15.609999656677246,15.609999656677246,0
2026-09-11 18:17:00+00:00,15.609999656677246,15.609999656677246,15.609999656677246,15.609999656677246,0
2026-09-11 18:18:00+00:00,15.609999656677246,15.609999656677246,15.600000381469728,15.600000381469728,0
2026-09-11 18:19:00+00:00,15.600000381469728,15.600000381469728,15.59000015258789,15.59000015258789,0
2026-09-11 18:20:00+00:00,15.600000381469728,15.699999809265137,15.600000381469728,15.670000076293944,0
2026-09-11 18:21:00+00:00,15.65999984741211,15.68000030517578,15.65999984741211,15.65999984741211,0
2026-09-11 18:22:00+00:00,15.65999984741211,15.65999984741211,15.649999618530272,15.649999618530272,0
2026-09-11 18:23:00+00:00,15.649999618530272,15.649999618530272,15.649999618530272,15.649999618530272,0
2026-09-11 18:24:00+00:00,15.65999984741211,15.65999984741211,15.65999984741211,15.65999984741211,0
2026-09-11 18:25:00+00:00,15.649999618530272,15.65999984741211,15.649999618530272,15.649999618530272,0
2026-09-11 18:26:00+00:00,15.670000076293944,15.670000076293944,15.65999984741211,15.65999984741211,0
2026-09-11 18:27:00+00:00,15.65999984741211,15.670000076293944,15.649999618530272,15.670000076293944,0
2026-09-11 18:28:00+00:00,15.65999984741211,15.670000076293944,15.649999618530272,15.670000076293944,0
2026-09-11 18:29:00+00:00,15.649999618530272,15.649999618530272,15.640000343322754,15.649999618530272,0
2026-09-11 18:30:00+00:00,15.65999984741211,15.65999984741211,15.640000343322754,15.649999618530272,0
2026-09-11 18:31:00+00:00,15.65999984741211,15.670000076293944,15.65999984741211,15.670000076293944,0
2026-09-11 18:32:00+00:00,15.699999809265137,15.699999809265137,15.68000030517578,15.68000030517578,0
2026-09-11 18:33:00+00:00,15.68000030517578,15.68000030517578,15.670000076293944,15.670000076293944,0
2026-09-11 18:34:00+00:00,15.65999984741211,15.65999984741211,15.640000343322754,15.649999618530272,0
2026-09-11 18:35:00+00:00,15.640000343322754,15.649999618530272,15.640000343322754,15.649999618530272,0
2026-09-11 18:36:00+00:00,15.649999618530272,15.649999618530272,15.640000343322754,15.640000343322754,0
2026-09-11 18:37:00+00:00,15.630000114440918,15.640000343322754,15.630000114440918,15.640000343322754,0
2026-09-11 18:38:00+00:00,15.640000343322754,15.649999618530272,15.640000343322754,15.649999618530272,0
2026-09-11 18:39:00+00:00,15.65999984741211,15.670000076293944,15.65999984741211,15.670000076293944,0
2026-09-11 18:40:00+00:00,15.670000076293944,15.670000076293944,15.65999984741211,15.65999984741211,0
2026-09-11 18:41:00+00:00,15.65999984741211,15.65999984741211,15.65999984741211,15.65999984741211,0
2026-09-11 18:42:00+00:00,15.65999984741211,15.68000030517578,15.65999984741211,15.68000030517578,0
2026-09-11 18:43:00+00:00,15.6899995803833,15.710000038146973,15.6899995803833,15.699999809265137,0
2026-09-11 18:44:00+00:00,15.699999809265137,15.710000038146973,15.699999809265137,15.710000038146973,0
2026-09-11 18:45:00+00:00,15.710000038146973,15.75,15.710000038146973,15.75,0
2026-09-11 18:46:00+00:00,15.789999961853027,15.789999961853027,15.779999732971191,15.779999732971191,0
2026-09-11 18:47:00+00:00,15.779999732971191,15.779999732971191,15.770000457763672,15.770000457763672,0
2026-09-11 18:48:00+00:00,15.739999771118164,15.760000228881836,15.739999771118164,15.760000228881836,0
2026-09-11 18:49:00+00:00,15.779999732971191,15.789999961853027,15.779999732971191,15.779999732971191,0
2026-09-11 18:50:00+00:00,15.779999732971191,15.779999732971191,15.779999732971191,15.779999732971191,0
2026-09-11 18:51:00+00:00,15.779999732971191,15.779999732971191,15.779999732971191,15.779999732971191,0
2026-09-11 18:52:00+00:00,15.779999732971191,15.789999961853027,15.779999732971191,15.779999732971191,0
2026-09-11 18:53:00+00:00,15.789999961853027,15.800000190734863,15.789999961853027,15.800000190734863,0
2026-09-11 18:54:00+00:00,15.789999961853027,15.8100004196167,15.789999961853027,15.8100004196167,0
2026-09-11 18:55:00+00:00,15.8100004196167,15.8100004196167,15.789999961853027,15.789999961853027,0
2026-09-11 18:56:00+00:00,15.789999961853027,15.800000190734863,15.779999732971191,15.779999732971191,0
2026-09-11 18:57:00+00:00,15.779999732971191,15.800000190734863,15.779999732971191,15.800000190734863,0
2026-09-11 18:58:00+00:00,15.800000190734863,15.8100004196167,15.800000190734863,15.800000190734863,0
2026-09-11 18:59:00+00:00,15.800000190734863,15.829999923706056,15.800000190734863,15.829999923706056,0
2026-09-11 19:00:00+00:00,15.8100004196167,15.8100004196167,15.8100004196167,15.8100004196167,0
2026-09-11 19:01:00+00:00,15.800000190734863,15.81999969482422,15.800000190734863,15.81999969482422,0
2026-09-11 19:02:00+00:00,15.81999969482422,15.81999969482422,15.8100004196167,15.8100004196167,0
2026-09-11 19:03:00+00:00,15.800000190734863,15.800000190734863,15.800000190734863,15.800000190734863,0
2026-09-11 19:04:00+00:00,15.800000190734863,15.800000190734863,15.800000190734863,15.800000190734863,0
2026-09-11 19:05:00+00:00,15.789999961853027,15.800000190734863,15.789999961853027,15.800000190734863,0
2026-09-11 19:06:00+00:00,15.800000190734863,15.800000190734863,15.800000190734863,15.800000190734863,0
2026-09-11 19:07:00+00:00,15.8100004196167,15.84000015258789,15.8100004196167,15.84000015258789,0
2026-09-11 19:08:00+00:00,15.859999656677246,15.869999885559082,15.859999656677246,15.869999885559082,0
2026-09-11 19:09:00+00:00,15.869999885559082,15.869999885559082,15.859999656677246,15.869999885559082,0
2026-09-11 19:10:00+00:00,15.880000114440918,15.920000076293944,15.880000114440918,15.920000076293944,0
2026-09-11 19:11:00+00:00,15.920000076293944,15.920000076293944,15.90999984741211,15.90999984741211,0
2026-09-11 19:12:00+00:00,15.899999618530272,15.899999618530272,15.859999656677246,15.859999656677246,0
2026-09-11 19:13:00+00:00,15.880000114440918,15.90999984741211,15.880000114440918,15.899999618530272,0
2026-09-11 19:14:00+00:00,15.899999618530272,15.899999618530272,15.890000343322754,15.890000343322754,0
2026-09-11 19:15:00+00:00,15.880000114440918,15.880000114440918,15.869999885559082,15.869999885559082,0
2026-09-11 19:16:00+00:00,15.880000114440918,15.880000114440918,15.859999656677246,15.859999656677246,0
2026-09-11 19:17:00+00:00,15.859999656677246,15.859999656677246,15.850000381469728,15.850000381469728,0
2026-09-11 19:18:00+00:00,15.850000381469728,15.859999656677246,15.850000381469728,15.859999656677246,0
2026-09-11 19:19:00+00:00,15.850000381469728,15.859999656677246,15.850000381469728,15.859999656677246,0
2026-09-11 19:20:00+00:00,15.859999656677246,15.859999656677246,15.859999656677246,15.859999656677246,0
2026-09-11 19:21:00+00:00,15.859999656677246,15.859999656677246,15.850000381469728,15.850000381469728,0
2026-09-11 19:22:00+00:00,15.850000381469728,15.850000381469728,15.84000015258789,15.850000381469728,0
2026-09-11 19:23:00+00:00,15.880000114440918,15.880000114440918,15.869999885559082,15.880000114440918,0
2026-09-11 19:24:00+00:00,15.859999656677246,15.859999656677246,15.859999656677246,15.859999656677246,0
2026-09-11 19:25:00+00:00,15.859999656677246,15.859999656677246,15.859999656677246,15.859999656677246,0
2026-09-11 19:26:00+00:00,15.859999656677246,15.859999656677246,15.850000381469728,15.850000381469728,0
2026-09-11 19:27:00+00:00,15.850000381469728,15.869999885559082,15.850000381469728,15.869999885559082,0
2026-09-11 19:28:00+00:00,15.880000114440918,15.880000114440918,15.850000381469728,15.850000381469728,0
2026-09-11 19:29:00+00:00,15.850000381469728,15.850000381469728,15.850000381469728,15.850000381469728,0
2026-09-11 19:30:00+00:00,15.850000381469728,15.850000381469728,15.829999923706056,15.829999923706056,0
2026-09-11 19:31:00+00:00,15.84000015258789,15.859999656677246,15.84000015258789,15.850000381469728,0
2026-09-11 19:32:00+00:00,15.850000381469728,15.850000381469728,15.850000381469728,15.850000381469728,0
2026-09-11 19:33:00+00:00,15.84000015258789,15.90999984741211,15.84000015258789,15.90999984741211,0
2026-09-11 19:34:00+00:00,15.920000076293944,15.93000030517578,15.920000076293944,15.93000030517578,0
2026-09-11 19:35:00+00:00,15.920000076293944,15.93000030517578,15.920000076293944,15.920000076293944,0
2026-09-11 19:36:00+00:00,15.920000076293944,15.920000076293944,15.869999885559082,15.880000114440918,0
2026-09-11 19:37:00+00:00,15.859999656677246,15.859999656677246,15.859999656677246,15.859999656677246,0
2026-09-11 19:38:00+00:00,15.859999656677246,15.890000343322754,15.859999656677246,15.880000114440918,0
2026-09-11 19:39:00+00:00,15.880000114440918,15.880000114440918,15.880000114440918,15.880000114440918,0
2026-09-11 19:40:00+00:00,15.880000114440918,15.880000114440918,15.869999885559082,15.869999885559082,0
2026-09-11 19:41:00+00:00,15.869999885559082,15.869999885559082,15.859999656677246,15.859999656677246,0
2026-09-11 19:42:00+00:00,15.859999656677246,15.859999656677246,15.81999969482422,15.81999969482422,0
2026-09-11 19:43:00+00:00,15.81999969482422,15.84000015258789,15.81999969482422,15.84000015258789,0
2026-09-11 19:44:00+00:00,15.829999923706056,15.829999923706056,15.8100004196167,15.8100004196167,0
2026-09-11 19:45:00+00:00,15.8100004196167,15.8100004196167,15.800000190734863,15.800000190734863,0
2026-09-11 19:46:00+00:00,15.8100004196167,15.8100004196167,15.8100004196167,15.8100004196167,0
2026-09-11 19:47:00+00:00,15.829999923706056,15.84000015258789,15.829999923706056,15.829999923706056,0
2026-09-11 19:48:00+00:00,15.84000015258789,15.850000381469728,15.829999923706056,15.850000381469728,0
2026-09-11 19:49:00+00:00,15.859999656677246,15.859999656677246,15.859999656677246,15.859999656677246,0
2026-09-11 19:50:00+00:00,15.850000381469728,15.90999984741211,15.850000381469728,15.899999618530272,0
2026-09-11 19:51:00+00:00,15.880000114440918,15.899999618530272,15.880000114440918,15.899999618530272,0
2026-09-11 19:52:00+00:00,15.880000114440918,15.880000114440918,15.869999885559082,15.869999885559082,0
2026-09-11 19:53:00+00:00,15.890000343322754,15.890000343322754,15.84000015258789,15.869999885559082,0
2026-09-11 19:54:00+00:00,15.880000114440918,15.880000114440918,15.8100004196167,15.8100004196167,0
2026-09-11 19:55:00+00:00,15.829999923706056,15.84000015258789,15.81999969482422,15.81999969482422,0
2026-09-11 19:56:00+00:00,15.850000381469728,15.859999656677246,15.850000381469728,15.859999656677246,0
2026-09-11 19:57:00+00:00,15.850000381469728,15.850000381469728,15.84000015258789,15.84000015258789,0
2026-09-11 19:58:00+00:00,15.850000381469728,15.850000381469728,15.800000190734863,15.800000190734863,0
2026-09-11 19:59:00+00:00,15.829999923706056,15.899999618530272,15.829999923706056,15.899999618530272,0
2026-09-11 20:00:00+00:00,15.829999923706056,15.890000343322754,15.829999923706056,15.890000343322754,0
2026-09-11 20:01:00+00:00,15.890000343322754,15.890000343322754,15.880000114440918,15.880000114440918,0
2026-09-11 20:02:00+00:00,15.880000114440918,15.890000343322754,15.880000114440918,15.890000343322754,0
2026-09-11 20:03:00+00:00,15.880000114440918,15.890000343322754,15.880000114440918,15.890000343322754,0
2026-09-11 20:04:00+00:00,15.880000114440918,15.880000114440918,15.869999885559082,15.869999885559082,0
2026-09-11 20:05:00+00:00,15.869999885559082,15.880000114440918,15.869999885559082,15.880000114440918,0
2026-09-11 20:06:00+00:00,15.869999885559082,15.869999885559082,15.859999656677246,15.859999656677246,0
2026-09-11 20:07:00+00:00,15.859999656677246,15.859999656677246,15.84000015258789,15.84000015258789,0
2026-09-11 20:08:00+00:00,15.84000015258789,15.850000381469728,15.84000015258789,15.850000381469728,0
2026-09-11 20:09:00+00:00,15.850000381469728,15.850000381469728,15.84000015258789,15.84000015258789,0
2026-09-11 20:10:00+00:00,15.84000015258789,15.84000015258789,15.829999923706056,15.829999923706056,0
2026-09-11 20:11:00+00:00,15.84000015258789,15.859999656677246,15.84000015258789,15.859999656677246,0
2026-09-11 20:12:00+00:00,15.850000381469728,15.859999656677246,15.84000015258789,15.84000015258789,0
2026-09-11 20:13:00+00:00,15.84000015258789,15.850000381469728,15.84000015258789,15.850000381469728,0
2026-09-11 20:14:00+00:00,15.850000381469728,15.859999656677246,15.84000015258789,15.84000015258789,0
2026-09-14 07:15:00+00:00,17.5,17.5,17.5,17.5,0
2026-09-14 07:16:00+00:00,17.5,17.5,17.489999771118164,17.489999771118164,0
2026-09-14 07:17:00+00:00,17.479999542236328,17.489999771118164,17.479999542236328,17.489999771118164,0
2026-09-14 07:18:00+00:00,17.489999771118164,17.520000457763672,17.489999771118164,17.510000228881836,0
2026-09-14 07:19:00+00:00,17.5,17.520000457763672,17.5,17.520000457763672,0
2026-09-14 07:20:00+00:00,17.520000457763672,17.520000457763672,17.520000457763672,17.520000457763672,0
2026-09-14 07:21:00+00:00,17.520000457763672,17.530000686645508,17.520000457763672,17.520000457763672,0
2026-09-14 07:22:00+00:00,17.520000457763672,17.520000457763672,17.510000228881836,17.510000228881836,0
2026-09-14 07:23:00+00:00,17.510000228881836,17.520000457763672,17.510000228881836,17.520000457763672,0
2026-09-14 07:24:00+00:00,17.510000228881836,17.510000228881836,17.489999771118164,17.5,0
2026-09-14 07:25:00+00:00,17.5,17.540000915527344,17.5,17.540000915527344,0
2026-09-14 07:26:00+00:00,17.549999237060547,17.549999237060547,17.540000915527344,17.549999237060547,0
2026-09-14 07:27:00+00:00,17.549999237060547,17.6200008392334,17.549999237060547,17.6200008392334,0
2026-09-14 07:28:00+00:00,17.59000015258789,17.59000015258789,17.579999923706055,17.59000015258789,0
2026-09-14 07:29:00+00:00,17.59000015258789,17.600000381469727,17.59000015258789,17.59000015258789,0
2026-09-14 07:30:00+00:00,17.59000015258789,17.59000015258789,17.56999969482422,17.56999969482422,0
2026-09-14 07:31:00+00:00,17.56999969482422,17.56999969482422,17.559999465942383,17.559999465942383,0
2026-09-14 07:32:00+00:00,17.559999465942383,17.59000015258789,17.559999465942383,17.579999923706055,0
2026-09-14 07:33:00+00:00,17.56999969482422,17.56999969482422,17.56999969482422,17.56999969482422,0
2026-09-14 07:34:00+00:00,17.56999969482422,17.579999923706055,17.56999969482422,17.579999923706055,0
2026-09-14 07:35:00+00:00,17.56999969482422,17.56999969482422,17.56999969482422,17.56999969482422,0
2026-09-14 07:36:00+00:00,17.579999923706055,17.59000015258789,17.579999923706055,17.579999923706055,0
2026-09-14 07:37:00+00:00,17.579999923706055,17.59000015258789,17.579999923706055,17.59000015258789,0
2026-09-14 07:38:00+00:00,17.59000015258789,17.610000610351562,17.59000015258789,17.610000610351562,0
2026-09-14 07:39:00+00:00,17.610000610351562,17.639999389648438,17.610000610351562,17.639999389648438,0
2026-09-14 07:40:00+00:00,17.639999389648438,17.639999389648438,17.6299991607666,17.6299991607666,0
2026-09-14 07:41:00+00:00,17.639999389648438,17.649999618530273,17.6299991607666,17.649999618530273,0
2026-09-14 07:42:00+00:00,17.65999984741211,17.719999313354492,17.65999984741211,17.719999313354492,0
2026-09-14 07:43:00+00:00,17.709999084472656,17.729999542236328,17.709999084472656,17.729999542236328,0
2026-09-14 07:44:00+00:00,17.75,17.780000686645508,17.75,17.780000686645508,0
2026-09-14 07:45:00+00:00,17.780000686645508,17.780000686645508,17.760000228881836,17.760000228881836,0
2026-09-14 07:46:00+00:00,17.770000457763672,17.780000686645508,17.770000457763672,17.770000457763672,0
2026-09-14 07:47:00+00:00,17.760000228881836,17.790000915527344,17.760000228881836,17.780000686645508,0
2026-09-14 07:48:00+00:00,17.770000457763672,17.770000457763672,17.75,17.760000228881836,0
2026-09-14 07:49:00+00:00,17.770000457763672,17.770000457763672,17.760000228881836,17.760000228881836,0
2026-09-14 07:50:00+00:00,17.75,17.760000228881836,17.75,17.760000228881836,0
2026-09-14 07:51:00+00:00,17.760000228881836,17.770000457763672,17.760000228881836,17.770000457763672,0
2026-09-14 07:52:00+00:00,17.770000457763672,17.809999465942383,17.770000457763672,17.809999465942383,0
2026-09-14 07:53:00+00:00,17.799999237060547,17.809999465942383,17.799999237060547,17.809999465942383,0
2026-09-14 07:54:00+00:00,17.809999465942383,17.809999465942383,17.790000915527344,17.790000915527344,0
2026-09-14 07:55:00+00:00,17.790000915527344,17.790000915527344,17.790000915527344,17.790000915527344,0
2026-09-14 07:56:00+00:00,17.790000915527344,17.790000915527344,17.760000228881836,17.760000228881836,0
2026-09-14 07:57:00+00:00,17.760000228881836,17.760000228881836,17.760000228881836,17.760000228881836,0
2026-09-14 07:58:00+00:00,17.760000228881836,17.760000228881836,17.729999542236328,17.729999542236328,0
2026-09-14 07:59:00+00:00,17.729999542236328,17.739999771118164,17.729999542236328,17.739999771118164,0
2026-09-14 08:00:00+00:00,17.739999771118164,17.739999771118164,17.719999313354492,17.739999771118164,0
2026-09-14 08:01:00+00:00,17.739999771118164,17.739999771118164,17.739999771118164,17.739999771118164,0
2026-09-14 08:02:00+00:00,17.739999771118164,17.739999771118164,17.729999542236328,17.739999771118164,0
2026-09-14 08:03:00+00:00,17.739999771118164,17.739999771118164,17.709999084472656,17.709999084472656,0
2026-09-14 08:04:00+00:00,17.690000534057617,17.690000534057617,17.649999618530273,17.670000076293945,0
2026-09-14 08:05:00+00:00,17.670000076293945,17.690000534057617,17.65999984741211,17.670000076293945,0
2026-09-14 08:06:00+00:00,17.639999389648438,17.639999389648438,17.6200008392334,17.6200008392334,0
2026-09-14 08:07:00+00:00,17.6299991607666,17.649999618530273,17.6299991607666,17.649999618530273,0
2026-09-14 08:08:00+00:00,17.649999618530273,17.649999618530273,17.649999618530273,17.649999618530273,0
2026-09-14 08:09:00+00:00,17.649999618530273,17.649999618530273,17.6299991607666,17.6299991607666,0
2026-09-14 08:10:00+00:00,17.6299991607666,17.639999389648438,17.6299991607666,17.639999389648438,0
2026-09-14 08:11:00+00:00,17.65999984741211,17.670000076293945,17.65999984741211,17.670000076293945,0
2026-09-14 08:12:00+00:00,17.670000076293945,17.68000030517578,17.670000076293945,17.68000030517578,0
2026-09-14 08:13:00+00:00,17.690000534057617,17.690000534057617,17.68000030517578,17.690000534057617,0
2026-09-14 08:14:00+00:00,17.709999084472656,17.709999084472656,17.68000030517578,17.68000030517578,0
2026-09-14 08:15:00+00:00,17.68000030517578,17.690000534057617,17.68000030517578,17.690000534057617,0
2026-09-14 08:16:00+00:00,17.700000762939453,17.700000762939453,17.690000534057617,17.700000762939453,0
2026-09-14 08:17:00+00:00,17.690000534057617,17.700000762939453,17.690000534057617,17.700000762939453,0
2026-09-14 08:18:00+00:00,17.700000762939453,17.719999313354492,17.700000762939453,17.719999313354492,0
2026-09-14 08:19:00+00:00,17.739999771118164,17.75,17.729999542236328,17.75,0
2026-09-14 08:20:00+00:00,17.75,17.75,17.729999542236328,17.739999771118164,0
2026-09-14 08:21:00+00:00,17.739999771118164,17.739999771118164,17.729999542236328,17.739999771118164,0
2026-09-14 08:22:00+00:00,17.739999771118164,17.760000228881836,17.739999771118164,17.760000228881836,0
2026-09-14 08:23:00+00:00,17.760000228881836,17.770000457763672,17.760000228881836,17.760000228881836,0
2026-09-14 08:24:00+00:00,17.790000915527344,17.790000915527344,17.770000457763672,17.780000686645508,0
2026-09-14 08:25:00+00:00,17.780000686645508,17.780000686645508,17.770000457763672,17.780000686645508,0
2026-09-14 08:26:00+00:00,17.780000686645508,17.799999237060547,17.780000686645508,17.790000915527344,0
2026-09-14 08:27:00+00:00,17.790000915527344,17.790000915527344,17.790000915527344,17.790000915527344,0
2026-09-14 08:28:00+00:00,17.790000915527344,17.809999465942383,17.790000915527344,17.809999465942383,0
2026-09-14 08:29:00+00:00,17.809999465942383,17.850000381469727,17.809999465942383,17.84000015258789,0
2026-09-14 08:30:00+00:00,17.860000610351562,17.8700008392334,17.860000610351562,17.860000610351562,0
2026-09-14 08:31:00+00:00,17.850000381469727,17.850000381469727,17.84000015258789,17.84000015258789,0
2026-09-14 08:32:00+00:00,17.829999923706055,17.829999923706055,17.81999969482422,17.81999969482422,0
2026-09-14 08:33:00+00:00,17.81999969482422,17.84000015258789,17.81999969482422,17.84000015258789,0
2026-09-14 08:34:00+00:00,17.829999923706055,17.850000381469727,17.829999923706055,17.850000381469727,0
2026-09-14 08:35:00+00:00,17.84000015258789,17.84000015258789,17.809999465942383,17.809999465942383,0
2026-09-14 08:36:00+00:00,17.799999237060547,17.799999237060547,17.790000915527344,17.799999237060547,0
2026-09-14 08:37:00+00:00,17.799999237060547,17.799999237060547,17.770000457763672,17.770000457763672,0
2026-09-14 08:38:00+00:00,17.770000457763672,17.780000686645508,17.770000457763672,17.770000457763672,0
2026-09-14 08:39:00+00:00,17.780000686645508,17.780000686645508,17.770000457763672,17.770000457763672,0
2026-09-14 08:40:00+00:00,17.760000228881836,17.790000915527344,17.760000228881836,17.790000915527344,0
2026-09-14 08:41:00+00:00,17.790000915527344,17.790000915527344,17.780000686645508,17.780000686645508,0
2026-09-14 08:42:00+00:00,17.770000457763672,17.770000457763672,17.760000228881836,17.760000228881836,0
2026-09-14 08:43:00+00:00,17.770000457763672,17.780000686645508,17.760000228881836,17.780000686645508,0
2026-09-14 08:44:00+00:00,17.790000915527344,17.799999237060547,17.790000915527344,17.790000915527344,0
2026-09-14 08:45:00+00:00,17.790000915527344,17.81999969482422,17.780000686645508,17.81999969482422,0
2026-09-14 08:46:00+00:00,17.81999969482422,17.829999923706055,17.81999969482422,17.829999923706055,0
2026-09-14 08:47:00+00:00,17.829999923706055,17.84000015258789,17.829999923706055,17.84000015258789,0
2026-09-14 08:48:00+00:00,17.8700008392334,17.8799991607666,17.8700008392334,17.8799991607666,0
2026-09-14 08:49:00+00:00,17.889999389648438,17.920000076293945,17.889999389648438,17.90999984741211,0
2026-09-14 08:50:00+00:00,17.90999984741211,17.93000030517578,17.90999984741211,17.93000030517578,0
2026-09-14 08:51:00+00:00,17.93000030517578,17.93000030517578,17.920000076293945,17.920000076293945,0
2026-09-14 08:52:00+00:00,17.920000076293945,17.920000076293945,17.899999618530273,17.899999618530273,0
2026-09-14 08:53:00+00:00,17.889999389648438,17.950000762939453,17.889999389648438,17.950000762939453,0
2026-09-14 08:54:00+00:00,17.950000762939453,17.959999084472656,17.950000762939453,17.959999084472656,0
2026-09-14 08:55:00+00:00,17.989999771118164,17.989999771118164,17.969999313354492,17.969999313354492,0
2026-09-14 08:56:00+00:00,17.959999084472656,18.0,17.959999084472656,18.0,0
2026-09-14 08:57:00+00:00,18.0,18.0,18.0,18.0,0
2026-09-14 08:58:00+00:00,17.989999771118164,17.989999771118164,17.969999313354492,17.969999313354492,0
2026-09-14 08:59:00+00:00,17.950000762939453,17.950000762939453,17.90999984741211,17.90999984741211,0
2026-09-14 09:00:00+00:00,17.899999618530273,17.90999984741211,17.8700008392334,17.8700008392334,0
2026-09-14 09:01:00+00:00,17.8700008392334,17.8799991607666,17.860000610351562,17.860000610351562,0
2026-09-14 09:02:00+00:00,17.860000610351562,17.889999389648438,17.860000610351562,17.889999389648438,0
2026-09-14 09:03:00+00:00,17.889999389648438,17.889999389648438,17.8799991607666,17.8799991607666,0
2026-09-14 09:04:00+00:00,17.8799991607666,17.899999618530273,17.8799991607666,17.899999618530273,0
2026-09-14 09:05:00+00:00,17.90999984741211,17.90999984741211,17.899999618530273,17.899999618530273,0
2026-09-14 09:06:00+00:00,17.899999618530273,17.899999618530273,17.899999618530273,17.899999618530273,0
2026-09-14 09:07:00+00:00,17.90999984741211,17.90999984741211,17.90999984741211,17.90999984741211,0
2026-09-14 09:08:00+00:00,17.90999984741211,17.920000076293945,17.899999618530273,17.899999618530273,0
2026-09-14 09:09:00+00:00,17.899999618530273,17.899999618530273,17.850000381469727,17.860000610351562,0
2026-09-14 09:10:00+00:00,17.860000610351562,17.8700008392334,17.860000610351562,17.860000610351562,0
2026-09-14 09:11:00+00:00,17.860000610351562,17.899999618530273,17.860000610351562,17.899999618530273,0
2026-09-14 09:12:00+00:00,17.93000030517578,17.979999542236328,17.93000030517578,17.979999542236328,0
2026-09-14 09:13:00+00:00,17.989999771118164,18.010000228881836,17.989999771118164,18.010000228881836,0
2026-09-14 09:14:00+00:00,18.010000228881836,18.020000457763672,18.010000228881836,18.010000228881836,0
2026-09-14 09:15:00+00:00,18.010000228881836,18.020000457763672,18.010000228881836,18.020000457763672,0
2026-09-14 09:16:00+00:00,18.040000915527344,18.040000915527344,18.030000686645508,18.030000686645508,0
2026-09-14 09:17:00+00:00,18.030000686645508,18.040000915527344,18.030000686645508,18.040000915527344,0
2026-09-14 09:18:00+00:00,18.040000915527344,18.040000915527344,18.030000686645508,18.030000686645508,0
2026-09-14 09:19:00+00:00,18.049999237060547,18.06999969482422,18.049999237060547,18.06999969482422,0
2026-09-14 09:20:00+00:00,18.06999969482422,18.06999969482422,18.059999465942383,18.059999465942383,0
2026-09-14 09:21:00+00:00,18.059999465942383,18.100000381469727,18.059999465942383,18.100000381469727,0
2026-09-14 09:22:00+00:00,18.100000381469727,18.11000061035156,18.100000381469727,18.11000061035156,0
2026-09-14 09:23:00+00:00,18.100000381469727,18.100000381469727,18.100000381469727,18.100000381469727,0
2026-09-14 09:24:00+00:00,18.100000381469727,18.170000076293945,18.100000381469727,18.170000076293945,0
2026-09-14 09:25:00+00:00,18.149999618530277,18.15999984741211,18.13999938964844,18.13999938964844,0
2026-09-14 09:26:00+00:00,18.15999984741211,18.15999984741211,18.149999618530277,18.149999618530277,0
2026-09-14 09:27:00+00:00,18.13999938964844,18.13999938964844,18.1299991607666,18.1299991607666,0
2026-09-14 09:28:00+00:00,18.1299991607666,18.1299991607666,18.09000015258789,18.09000015258789,0
2026-09-14 09:29:00+00:00,18.09000015258789,18.09000015258789,18.06999969482422,18.06999969482422,0
2026-09-14 09:30:00+00:00,18.049999237060547,18.049999237060547,18.030000686645508,18.040000915527344,0
2026-09-14 09:31:00+00:00,18.030000686645508,18.040000915527344,18.020000457763672,18.040000915527344,0
2026-09-14 09:32:00+00:00,18.040000915527344,18.040000915527344,18.030000686645508,18.030000686645508,0
2026-09-14 09:33:00+00:00,18.059999465942383,18.059999465942383,18.020000457763672,18.020000457763672,0
2026-09-14 09:34:00+00:00,18.030000686645508,18.059999465942383,18.030000686645508,18.059999465942383,0
2026-09-14 09:35:00+00:00,18.049999237060547,18.07999992370605,18.049999237060547,18.07999992370605,0
2026-09-14 09:36:00+00:00,18.07999992370605,18.07999992370605,18.07999992370605,18.07999992370605,0
2026-09-14 09:37:00+00:00,18.07999992370605,18.09000015258789,18.07999992370605,18.07999992370605,0
2026-09-14 09:38:00+00:00,18.07999992370605,18.07999992370605,18.07999992370605,18.07999992370605,0
2026-09-14 09:39:00+00:00,18.07999992370605,18.1200008392334,18.07999992370605,18.1200008392334,0
2026-09-14 09:40:00+00:00,18.1200008392334,18.1299991607666,18.1200008392334,18.1299991607666,0
2026-09-14 09:41:00+00:00,18.1200008392334,18.1200008392334,18.1200008392334,18.1200008392334,0
2026-09-14 09:42:00+00:00,18.11000061035156,18.11000061035156,18.100000381469727,18.100000381469727,0
2026-09-14 09:43:00+00:00,18.11000061035156,18.11000061035156,18.11000061035156,18.11000061035156,0
2026-09-14 09:44:00+00:00,18.11000061035156,18.1200008392334,18.11000061035156,18.1200008392334,0
2026-09-14 09:45:00+00:00,18.1299991607666,18.13999938964844,18.1299991607666,18.13999938964844,0
2026-09-14 09:46:00+00:00,18.1299991607666,18.1299991607666,18.1200008392334,18.1200008392334,0
2026-09-14 09:47:00+00:00,18.1299991607666,18.1299991607666,18.1299991607666,18.1299991607666,0
2026-09-14 09:48:00+00:00,18.1299991607666,18.1299991607666,18.100000381469727,18.100000381469727,0
2026-09-14 09:49:00+00:00,18.11000061035156,18.1299991607666,18.11000061035156,18.1299991607666,0
2026-09-14 09:50:00+00:00,18.1299991607666,18.1299991607666,18.1299991607666,18.1299991607666,0
2026-09-14 09:51:00+00:00,18.13999938964844,18.13999938964844,18.13999938964844,18.13999938964844,0
2026-09-14 09:52:00+00:00,18.1299991607666,18.1299991607666,18.100000381469727,18.100000381469727,0
2026-09-14 09:53:00+00:00,18.100000381469727,18.100000381469727,18.100000381469727,18.100000381469727,0
2026-09-14 09:54:00+00:00,18.09000015258789,18.09000015258789,18.06999969482422,18.06999969482422,0
2026-09-14 09:55:00+00:00,18.06999969482422,18.07999992370605,18.06999969482422,18.06999969482422,0
2026-09-14 09:56:00+00:00,18.06999969482422,18.09000015258789,18.06999969482422,18.07999992370605,0
2026-09-14 09:57:00+00:00,18.07999992370605,18.07999992370605,18.06999969482422,18.06999969482422,0
2026-09-14 09:58:00+00:00,18.06999969482422,18.09000015258789,18.06999969482422,18.07999992370605,0
2026-09-14 09:59:00+00:00,18.09000015258789,18.09000015258789,18.07999992370605,18.07999992370605,0
2026-09-14 10:00:00+00:00,18.07999992370605,18.07999992370605,18.049999237060547,18.049999237060547,0
2026-09-14 10:01:00+00:00,18.049999237060547,18.06999969482422,18.049999237060547,18.06999969482422,0
2026-09-14 10:02:00+00:00,18.059999465942383,18.059999465942383,18.049999237060547,18.049999237060547,0
2026-09-14 10:03:00+00:00,18.040000915527344,18.049999237060547,18.040000915527344,18.049999237060547,0
2026-09-14 10:04:00+00:00,18.049999237060547,18.049999237060547,18.040000915527344,18.040000915527344,0
2026-09-14 10:05:00+00:00,18.040000915527344,18.040000915527344,18.030000686645508,18.030000686645508,0
2026-09-14 10:06:00+00:00,18.020000457763672,18.030000686645508,18.010000228881836,18.030000686645508,0
2026-09-14 10:07:00+00:00,18.030000686645508,18.030000686645508,18.030000686645508,18.030000686645508,0
2026-09-14 10:08:00+00:00,18.030000686645508,18.040000915527344,18.030000686645508,18.040000915527344,0
2026-09-14 10:09:00+00:00,18.040000915527344,18.040000915527344,18.030000686645508,18.030000686645508,0
2026-09-14 10:10:00+00:00,18.020000457763672,18.030000686645508,18.020000457763672,18.030000686645508,0
2026-09-14 10:11:00+00:00,18.020000457763672,18.020000457763672,18.020000457763672,18.020000457763672,0
2026-09-14 10:12:00+00:00,18.010000228881836,18.010000228881836,17.979999542236328,17.979999542236328,0
2026-09-14 10:13:00+00:00,17.979999542236328,17.979999542236328,17.969999313354492,17.969999313354492,0
2026-09-14 10:14:00+00:00,17.959999084472656,17.969999313354492,17.959999084472656,17.969999313354492,0
2026-09-14 10:15:00+00:00,17.969999313354492,17.969999313354492,17.959999084472656,17.959999084472656,0
2026-09-14 10:16:00+00:00,17.979999542236328,18.020000457763672,17.979999542236328,18.020000457763672,0
2026-09-14 10:17:00+00:00,18.010000228881836,18.020000457763672,18.010000228881836,18.020000457763672,0
2026-09-14 10:18:00+00:00,18.020000457763672,18.020000457763672,18.010000228881836,18.010000228881836,0
2026-09-14 10:19:00+00:00,18.010000228881836,18.010000228881836,18.010000228881836,18.010000228881836,0
2026-09-14 10:20:00+00:00,18.0,18.0,17.989999771118164,17.989999771118164,0
2026-09-14 10:21:00+00:00,17.969999313354492,17.969999313354492,17.920000076293945,17.920000076293945,0
2026-09-14 10:22:00+00:00,17.920000076293945,17.920000076293945,17.90999984741211,17.90999984741211,0
2026-09-14 10:23:00+00:00,17.90999984741211,17.90999984741211,17.90999984741211,17.90999984741211,0
2026-09-14 10:24:00+00:00,17.90999984741211,17.90999984741211,17.899999618530273,17.899999618530273,0
2026-09-14 10:25:00+00:00,17.899999618530273,17.899999618530273,17.889999389648438,17.889999389648438,0
2026-09-14 10:26:00+00:00,17.8799991607666,17.8799991607666,17.8700008392334,17.8700008392334,0
2026-09-14 10:27:00+00:00,17.860000610351562,17.8700008392334,17.860000610351562,17.860000610351562,0
2026-09-14 10:28:00+00:00,17.860000610351562,17.860000610351562,17.829999923706055,17.829999923706055,0
2026-09-14 10:29:00+00:00,17.829999923706055,17.829999923706055,17.829999923706055,17.829999923706055,0
2026-09-14 10:30:00+00:00,17.850000381469727,17.850000381469727,17.850000381469727,17.850000381469727,0
2026-09-14 10:31:00+00:00,17.850000381469727,17.850000381469727,17.799999237060547,17.799999237060547,0
2026-09-14 10:32:00+00:00,17.790000915527344,17.790000915527344,17.790000915527344,17.790000915527344,0
2026-09-14 10:33:00+00:00,17.790000915527344,17.790000915527344,17.780000686645508,17.780000686645508,0
2026-09-14 10:34:00+00:00,17.780000686645508,17.780000686645508,17.770000457763672,17.770000457763672,0
2026-09-14 10:35:00+00:00,17.770000457763672,17.770000457763672,17.770000457763672,17.770000457763672,0
2026-09-14 10:36:00+00:00,17.770000457763672,17.770000457763672,17.739999771118164,17.739999771118164,0
2026-09-14 10:37:00+00:00,17.729999542236328,17.729999542236328,17.729999542236328,17.729999542236328,0
2026-09-14 10:38:00+00:00,17.739999771118164,17.739999771118164,17.739999771118164,17.739999771118164,0
2026-09-14 10:39:00+00:00,17.739999771118164,17.75,17.739999771118164,17.75,0
2026-09-14 10:40:00+00:00,17.75,17.760000228881836,17.75,17.760000228881836,0
2026-09-14 10:41:00+00:00,17.760000228881836,17.760000228881836,17.719999313354492,17.719999313354492,0
2026-09-14 10:42:00+00:00,17.719999313354492,17.719999313354492,17.700000762939453,17.700000762939453,0
2026-09-14 10:43:00+00:00,17.700000762939453,17.700000762939453,17.700000762939453,17.700000762939453,0
2026-09-14 10:44:00+00:00,17.700000762939453,17.709999084472656,17.700000762939453,17.700000762939453,0
2026-09-14 10:45:00+00:00,17.700000762939453,17.700000762939453,17.690000534057617,17.690000534057617,0
2026-09-14 10:46:00+00:00,17.68000030517578,17.68000030517578,17.670000076293945,17.670000076293945,0
2026-09-14 10:47:00+00:00,17.68000030517578,17.68000030517578,17.649999618530273,17.649999618530273,0
2026-09-14 10:48:00+00:00,17.649999618530273,17.649999618530273,17.6299991607666,17.6299991607666,0
2026-09-14 10:49:00+00:00,17.6299991607666,17.639999389648438,17.6299991607666,17.639999389648438,0
2026-09-14 10:50:00+00:00,17.639999389648438,17.639999389648438,17.639999389648438,17.639999389648438,0
2026-09-14 10:51:00+00:00,17.639999389648438,17.639999389648438,17.6299991607666,17.6299991607666,0
2026-09-14 10:52:00+00:00,17.6299991607666,17.639999389648438,17.6299991607666,17.639999389648438,0
2026-09-14 10:53:00+00:00,17.649999618530273,17.649999618530273,17.639999389648438,17.639999389648438,0
2026-09-14 10:54:00+00:00,17.649999618530273,17.670000076293945,17.649999618530273,17.670000076293945,0
2026-09-14 10:55:00+00:00,17.65999984741211,17.65999984741211,17.65999984741211,17.65999984741211,0
2026-09-14 10:56:00+00:00,17.649999618530273,17.649999618530273,17.6200008392334,17.6200008392334,0
2026-09-14 10:57:00+00:00,17.6200008392334,17.6200008392334,17.610000610351562,17.6200008392334,0
2026-09-14 10:58:00+00:00,17.6200008392334,17.6200008392334,17.610000610351562,17.610000610351562,0
2026-09-14 10:59:00+00:00,17.610000610351562,17.610000610351562,17.600000381469727,17.610000610351562,0
2026-09-14 11:00:00+00:00,17.610000610351562,17.639999389648438,17.610000610351562,17.6299991607666,0
2026-09-14 11:01:00+00:00,17.6299991607666,17.6299991607666,17.610000610351562,17.610000610351562,0
2026-09-14 11:02:00+00:00,17.610000610351562,17.610000610351562,17.59000015258789,17.59000015258789,0
2026-09-14 11:03:00+00:00,17.600000381469727,17.610000610351562,17.600000381469727,17.610000610351562,0
2026-09-14 11:04:00+00:00,17.610000610351562,17.610000610351562,17.59000015258789,17.59000015258789,0
2026-09-14 11:05:00+00:00,17.56999969482422,17.56999969482422,17.549999237060547,17.56999969482422,0
2026-09-14 11:06:00+00:00,17.559999465942383,17.559999465942383,17.549999237060547,17.559999465942383,0
2026-09-14 11:07:00+00:00,17.549999237060547,17.559999465942383,17.549999237060547,17.559999465942383,0
2026-09-14 11:08:00+00:00,17.559999465942383,17.559999465942383,17.559999465942383,17.559999465942383,0
2026-09-14 11:09:00+00:00,17.559999465942383,17.559999465942383,17.559999465942383,17.559999465942383,0
2026-09-14 11:10:00+00:00,17.559999465942383,17.59000015258789,17.559999465942383,17.59000015258789,0
2026-09-14 11:11:00+00:00,17.59000015258789,17.59000015258789,17.549999237060547,17.549999237060547,0
2026-09-14 11:12:00+00:00,17.549999237060547,17.549999237060547,17.540000915527344,17.540000915527344,0
2026-09-14 11:13:00+00:00,17.540000915527344,17.540000915527344,17.540000915527344,17.540000915527344,0
2026-09-14 11:14:00+00:00,17.540000915527344,17.549999237060547,17.540000915527344,17.549999237060547,0
2026-09-14 11:15:00+00:00,17.549999237060547,17.549999237060547,17.549999237060547,17.549999237060547,0
2026-09-14 11:16:00+00:00,17.549999237060547,17.549999237060547,17.540000915527344,17.540000915527344,0
2026-09-14 11:17:00+00:00,17.549999237060547,17.549999237060547,17.540000915527344,17.540000915527344,0
2026-09-14 11:18:00+00:00,17.540000915527344,17.549999237060547,17.540000915527344,17.549999237060547,0
2026-09-14 11:19:00+00:00,17.540000915527344,17.540000915527344,17.540000915527344,17.540000915527344,0
2026-09-14 11:20:00+00:00,17.540000915527344,17.540000915527344,17.530000686645508,17.530000686645508,0
2026-09-14 11:21:00+00:00,17.530000686645508,17.549999237060547,17.530000686645508,17.549999237060547,0
2026-09-14 11:22:00+00:00,17.559999465942383,17.559999465942383,17.549999237060547,17.549999237060547,0
2026-09-14 11:23:00+00:00,17.549999237060547,17.549999237060547,17.530000686645508,17.530000686645508,0
2026-09-14 11:24:00+00:00,17.520000457763672,17.520000457763672,17.520000457763672,17.520000457763672,0
2026-09-14 11:25:00+00:00,17.510000228881836,17.520000457763672,17.510000228881836,17.520000457763672,0
2026-09-14 11:26:00+00:00,17.510000228881836,17.510000228881836,17.5,17.5,0
2026-09-14 11:27:00+00:00,17.5,17.5,17.5,17.5,0
2026-09-14 11:28:00+00:00,17.489999771118164,17.489999771118164,17.479999542236328,17.479999542236328,0
2026-09-14 11:29:00+00:00,17.469999313354492,17.469999313354492,17.459999084472656,17.459999084472656,0
2026-09-14 11:30:00+00:00,17.459999084472656,17.469999313354492,17.459999084472656,17.469999313354492,0
2026-09-14 11:31:00+00:00,17.469999313354492,17.469999313354492,17.459999084472656,17.459999084472656,0
2026-09-14 11:32:00+00:00,17.459999084472656,17.459999084472656,17.459999084472656,17.459999084472656,0
2026-09-14 11:33:00+00:00,17.469999313354492,17.489999771118164,17.469999313354492,17.489999771118164,0
2026-09-14 11:34:00+00:00,17.479999542236328,17.520000457763672,17.479999542236328,17.520000457763672,0
2026-09-14 11:35:00+00:00,17.520000457763672,17.549999237060547,17.520000457763672,17.549999237060547,0
2026-09-14 11:36:00+00:00,17.530000686645508,17.530000686645508,17.530000686645508,17.530000686645508,0
2026-09-14 11:37:00+00:00,17.540000915527344,17.56999969482422,17.540000915527344,17.56999969482422,0
2026-09-14 11:38:00+00:00,17.559999465942383,17.559999465942383,17.530000686645508,17.530000686645508,0
2026-09-14 11:39:00+00:00,17.520000457763672,17.530000686645508,17.520000457763672,17.530000686645508,0
2026-09-14 11:40:00+00:00,17.530000686645508,17.530000686645508,17.520000457763672,17.520000457763672,0
2026-09-14 11:41:00+00:00,17.520000457763672,17.530000686645508,17.510000228881836,17.530000686645508,0
2026-09-14 11:42:00+00:00,17.530000686645508,17.530000686645508,17.520000457763672,17.520000457763672,0
2026-09-14 11:43:00+00:00,17.520000457763672,17.520000457763672,17.479999542236328,17.479999542236328,0
2026-09-14 11:44:00+00:00,17.479999542236328,17.5,17.479999542236328,17.5,0
2026-09-14 11:45:00+00:00,17.5,17.5,17.5,17.5,0
2026-09-14 11:46:00+00:00,17.489999771118164,17.489999771118164,17.489999771118164,17.489999771118164,0
2026-09-14 11:47:00+00:00,17.489999771118164,17.489999771118164,17.479999542236328,17.479999542236328,0
2026-09-14 11:48:00+00:00,17.479999542236328,17.510000228881836,17.479999542236328,17.510000228881836,0
2026-09-14 11:49:00+00:00,17.5,17.5,17.479999542236328,17.489999771118164,0
2026-09-14 11:50:00+00:00,17.489999771118164,17.530000686645508,17.489999771118164,17.530000686645508,0
2026-09-14 11:51:00+00:00,17.540000915527344,17.549999237060547,17.530000686645508,17.540000915527344,0
2026-09-14 11:52:00+00:00,17.520000457763672,17.549999237060547,17.520000457763672,17.549999237060547,0
2026-09-14 11:53:00+00:00,17.549999237060547,17.549999237060547,17.549999237060547,17.549999237060547,0
2026-09-14 11:54:00+00:00,17.559999465942383,17.559999465942383,17.549999237060547,17.549999237060547,0
2026-09-14 11:55:00+00:00,17.549999237060547,17.549999237060547,17.530000686645508,17.540000915527344,0
2026-09-14 11:56:00+00:00,17.540000915527344,17.579999923706055,17.540000915527344,17.579999923706055,0
2026-09-14 11:57:00+00:00,17.579999923706055,17.579999923706055,17.579999923706055,17.579999923706055,0
2026-09-14 11:58:00+00:00,17.579999923706055,17.59000015258789,17.579999923706055,17.59000015258789,0
2026-09-14 11:59:00+00:00,17.59000015258789,17.59000015258789,17.59000015258789,17.59000015258789,0
2026-09-14 12:00:00+00:00,17.59000015258789,17.610000610351562,17.59000015258789,17.610000610351562,0
2026-09-14 12:01:00+00:00,17.6299991607666,17.649999618530273,17.6299991607666,17.639999389648438,0
2026-09-14 12:02:00+00:00,17.649999618530273,17.649999618530273,17.649999618530273,17.649999618530273,0
2026-09-14 12:03:00+00:00,17.65999984741211,17.65999984741211,17.65999984741211,17.65999984741211,0
2026-09-14 12:04:00+00:00,17.670000076293945,17.690000534057617,17.670000076293945,17.690000534057617,0
2026-09-14 12:05:00+00:00,17.68000030517578,17.690000534057617,17.68000030517578,17.690000534057617,0
2026-09-14 12:06:00+00:00,17.690000534057617,17.700000762939453,17.690000534057617,17.690000534057617,0
2026-09-14 12:07:00+00:00,17.690000534057617,17.690000534057617,17.639999389648438,17.639999389648438,0
2026-09-14 12:08:00+00:00,17.6299991607666,17.6299991607666,17.6200008392334,17.6299991607666,0
2026-09-14 12:09:00+00:00,17.639999389648438,17.639999389648438,17.6200008392334,17.6200008392334,0
2026-09-14 12:10:00+00:00,17.6200008392334,17.6200008392334,17.59000015258789,17.59000015258789,0
2026-09-14 12:11:00+00:00,17.59000015258789,17.59000015258789,17.59000015258789,17.59000015258789,0
2026-09-14 12:12:00+00:00,17.59000015258789,17.59000015258789,17.59000015258789,17.59000015258789,0
2026-09-14 12:13:00+00:00,17.600000381469727,17.600000381469727,17.600000381469727,17.600000381469727,0
2026-09-14 12:14:00+00:00,17.6299991607666,17.639999389648438,17.6200008392334,17.6200008392334,0
2026-09-14 12:15:00+00:00,17.6200008392334,17.6200008392334,17.6200008392334,17.6200008392334,0
2026-09-14 12:16:00+00:00,17.59000015258789,17.610000610351562,17.59000015258789,17.610000610351562,0
2026-09-14 12:17:00+00:00,17.549999237060547,17.549999237060547,17.540000915527344,17.540000915527344,0
2026-09-14 12:18:00+00:00,17.540000915527344,17.56999969482422,17.540000915527344,17.56999969482422,0
2026-09-14 12:19:00+00:00,17.59000015258789,17.610000610351562,17.59000015258789,17.600000381469727,0
2026-09-14 12:20:00+00:00,17.600000381469727,17.610000610351562,17.59000015258789,17.610000610351562,0
2026-09-14 12:21:00+00:00,17.639999389648438,17.639999389648438,17.600000381469727,17.600000381469727,0
2026-09-14 12:22:00+00:00,17.600000381469727,17.600000381469727,17.59000015258789,17.59000015258789,0
2026-09-14 12:23:00+00:00,17.610000610351562,17.610000610351562,17.59000015258789,17.59000015258789,0
2026-09-14 12:24:00+00:00,17.579999923706055,17.59000015258789,17.579999923706055,17.59000015258789,0
2026-09-14 12:25:00+00:00,17.59000015258789,17.610000610351562,17.579999923706055,17.610000610351562,0
2026-09-14 12:26:00+00:00,17.610000610351562,17.6200008392334,17.610000610351562,17.6200008392334,0
2026-09-14 12:27:00+00:00,17.610000610351562,17.610000610351562,17.600000381469727,17.610000610351562,0
2026-09-14 12:28:00+00:00,17.610000610351562,17.610000610351562,17.600000381469727,17.600000381469727,0
2026-09-14 12:29:00+00:00,17.600000381469727,17.600000381469727,17.56999969482422,17.579999923706055,0
2026-09-14 12:30:00+00:00,17.579999923706055,17.600000381469727,17.579999923706055,17.579999923706055,0
2026-09-14 12:31:00+00:00,17.59000015258789,17.59000015258789,17.559999465942383,17.559999465942383,0
2026-09-14 12:32:00+00:00,17.549999237060547,17.600000381469727,17.549999237060547,17.600000381469727,0
2026-09-14 12:33:00+00:00,17.600000381469727,17.6200008392334,17.600000381469727,17.6200008392334,0
2026-09-14 12:34:00+00:00,17.639999389648438,17.670000076293945,17.639999389648438,17.670000076293945,0
2026-09-14 12:35:00+00:00,17.65999984741211,17.829999923706055,17.65999984741211,17.829999923706055,0
2026-09-14 12:36:00+00:00,17.81999969482422,17.829999923706055,17.799999237060547,17.81999969482422,0
2026-09-14 12:37:00+00:00,17.81999969482422,17.850000381469727,17.81999969482422,17.84000015258789,0
2026-09-14 12:38:00+00:00,17.84000015258789,17.8799991607666,17.84000015258789,17.8799991607666,0
2026-09-14 12:39:00+00:00,17.90999984741211,17.90999984741211,17.84000015258789,17.84000015258789,0
2026-09-14 12:40:00+00:00,17.81999969482422,17.81999969482422,17.809999465942383,17.809999465942383,0
2026-09-14 12:41:00+00:00,17.780000686645508,17.860000610351562,17.780000686645508,17.84000015258789,0
2026-09-14 12:42:00+00:00,17.81999969482422,17.81999969482422,17.809999465942383,17.809999465942383,0
2026-09-14 12:43:00+00:00,17.799999237060547,17.799999237060547,17.719999313354492,17.719999313354492,0
2026-09-14 12:44:00+00:00,17.719999313354492,17.719999313354492,17.68000030517578,17.690000534057617,0
2026-09-14 12:45:00+00:00,17.690000534057617,17.690000534057617,17.649999618530273,17.649999618530273,0
2026-09-14 12:46:00+00:00,17.68000030517578,17.729999542236328,17.68000030517578,17.729999542236328,0
2026-09-14 12:47:00+00:00,17.729999542236328,17.729999542236328,17.700000762939453,17.700000762939453,0
2026-09-14 12:48:00+00:00,17.700000762939453,17.719999313354492,17.700000762939453,17.719999313354492,0
2026-09-14 12:49:00+00:00,17.729999542236328,17.729999542236328,17.719999313354492,17.719999313354492,0
2026-09-14 12:50:00+00:00,17.709999084472656,17.719999313354492,17.709999084472656,17.709999084472656,0
2026-09-14 12:51:00+00:00,17.709999084472656,17.709999084472656,17.709999084472656,17.709999084472656,0
2026-09-14 12:52:00+00:00,17.719999313354492,17.729999542236328,17.719999313354492,17.729999542236328,0
2026-09-14 12:53:00+00:00,17.719999313354492,17.75,17.719999313354492,17.75,0
2026-09-14 12:54:00+00:00,17.739999771118164,17.760000228881836,17.739999771118164,17.760000228881836,0
2026-09-14 12:55:00+00:00,17.760000228881836,17.770000457763672,17.760000228881836,17.770000457763672,0
2026-09-14 12:56:00+00:00,17.790000915527344,17.790000915527344,17.790000915527344,17.790000915527344,0
2026-09-14 12:57:00+00:00,17.790000915527344,17.790000915527344,17.790000915527344,17.790000915527344,0
2026-09-14 12:58:00+00:00,17.780000686645508,17.780000686645508,17.760000228881836,17.760000228881836,0
2026-09-14 12:59:00+00:00,17.739999771118164,17.739999771118164,17.719999313354492,17.719999313354492,0
2026-09-14 13:00:00+00:00,17.719999313354492,17.760000228881836,17.719999313354492,17.760000228881836,0
2026-09-14 13:01:00+00:00,17.760000228881836,17.790000915527344,17.760000228881836,17.790000915527344,0
2026-09-14 13:02:00+00:00,17.799999237060547,17.799999237060547,17.790000915527344,17.799999237060547,0
2026-09-14 13:03:00+00:00,17.799999237060547,17.8799991607666,17.799999237060547,17.8799991607666,0
2026-09-14 13:04:00+00:00,17.889999389648438,17.920000076293945,17.889999389648438,17.920000076293945,0
2026-09-14 13:05:00+00:00,17.90999984741211,17.90999984741211,17.8700008392334,17.8700008392334,0
2026-09-14 13:06:00+00:00,17.8700008392334,17.889999389648438,17.8700008392334,17.889999389648438,0
2026-09-14 13:07:00+00:00,17.899999618530273,17.940000534057617,17.899999618530273,17.940000534057617,0
2026-09-14 13:08:00+00:00,17.940000534057617,17.940000534057617,17.920000076293945,17.920000076293945,0
2026-09-14 13:09:00+00:00,17.920000076293945,17.920000076293945,17.899999618530273,17.899999618530273,0
2026-09-14 13:10:00+00:00,17.8799991607666,17.8799991607666,17.850000381469727,17.850000381469727,0
2026-09-14 13:11:00+00:00,17.829999923706055,17.829999923706055,17.760000228881836,17.760000228881836,0
2026-09-14 13:12:00+00:00,17.75,17.780000686645508,17.75,17.780000686645508,0
2026-09-14 13:13:00+00:00,17.780000686645508,17.780000686645508,17.760000228881836,17.760000228881836,0
2026-09-14 13:14:00+00:00,17.75,17.75,17.690000534057617,17.690000534057617,0
2026-09-14 13:15:00+00:00,17.690000534057617,17.719999313354492,17.690000534057617,17.719999313354492,0
2026-09-14 13:16:00+00:00,17.709999084472656,17.709999084472656,17.670000076293945,17.670000076293945,0
2026-09-14 13:17:00+00:00,17.68000030517578,17.68000030517578,17.670000076293945,17.670000076293945,0
2026-09-14 13:18:00+00:00,17.65999984741211,17.670000076293945,17.649999618530273,17.649999618530273,0
2026-09-14 13:19:00+00:00,17.649999618530273,17.68000030517578,17.649999618530273,17.670000076293945,0
2026-09-14 13:20:00+00:00,17.65999984741211,17.65999984741211,17.65999984741211,17.65999984741211,0
2026-09-14 13:21:00+00:00,17.65999984741211,17.65999984741211,17.639999389648438,17.639999389648438,0
2026-09-14 13:22:00+00:00,17.639999389648438,17.639999389648438,17.6299991607666,17.639999389648438,0
2026-09-14 13:23:00+00:00,17.639999389648438,17.649999618530273,17.639999389648438,17.649999618530273,0
2026-09-14 13:24:00+00:00,17.639999389648438,17.639999389648438,17.639999389648438,17.639999389648438,0
2026-09-14 13:25:00+00:00,17.649999618530273,17.649999618530273,17.649999618530273,17.649999618530273,0
2026-09-14 13:31:00+00:00,17.719999313354492,17.719999313354492,17.65999984741211,17.65999984741211,0
2026-09-14 13:32:00+00:00,17.649999618530273,17.649999618530273,17.549999237060547,17.549999237060547,0
2026-09-14 13:33:00+00:00,17.6200008392334,17.649999618530273,17.6200008392334,17.649999618530273,0
2026-09-14 13:34:00+00:00,17.649999618530273,17.65999984741211,17.649999618530273,17.649999618530273,0
2026-09-14 13:35:00+00:00,17.68000030517578,17.709999084472656,17.68000030517578,17.690000534057617,0
2026-09-14 13:36:00+00:00,17.690000534057617,17.709999084472656,17.690000534057617,17.700000762939453,0
2026-09-14 13:37:00+00:00,17.719999313354492,17.719999313354492,17.68000030517578,17.690000534057617,0
2026-09-14 13:38:00+00:00,17.68000030517578,17.709999084472656,17.68000030517578,17.68000030517578,0
2026-09-14 13:39:00+00:00,17.690000534057617,17.700000762939453,17.68000030517578,17.68000030517578,0
2026-09-14 13:40:00+00:00,17.649999618530273,17.649999618530273,17.579999923706055,17.579999923706055,0
2026-09-14 13:41:00+00:00,17.559999465942383,17.56999969482422,17.549999237060547,17.549999237060547,0
2026-09-14 13:42:00+00:00,17.540000915527344,17.540000915527344,17.510000228881836,17.510000228881836,0
2026-09-14 13:43:00+00:00,17.489999771118164,17.489999771118164,17.459999084472656,17.459999084472656,0
2026-09-14 13:44:00+00:00,17.469999313354492,17.469999313354492,17.420000076293945,17.420000076293945,0
2026-09-14 13:45:00+00:00,17.420000076293945,17.420000076293945,17.3799991607666,17.389999389648438,0
2026-09-14 13:46:00+00:00,17.399999618530273,17.399999618530273,17.3799991607666,17.3799991607666,0
2026-09-14 13:47:00+00:00,17.389999389648438,17.389999389648438,17.3700008392334,17.3799991607666,0
2026-09-14 13:48:00+00:00,17.360000610351562,17.360000610351562,17.329999923706055,17.329999923706055,0
2026-09-14 13:49:00+00:00,17.329999923706055,17.329999923706055,17.280000686645508,17.299999237060547,0
2026-09-14 13:50:00+00:00,17.290000915527344,17.290000915527344,17.270000457763672,17.280000686645508,0
2026-09-14 13:51:00+00:00,17.280000686645508,17.309999465942383,17.280000686645508,17.309999465942383,0
2026-09-14 13:52:00+00:00,17.31999969482422,17.31999969482422,17.309999465942383,17.309999465942383,0
2026-09-14 13:53:00+00:00,17.299999237060547,17.309999465942383,17.280000686645508,17.280000686645508,0
2026-09-14 13:54:00+00:00,17.280000686645508,17.34000015258789,17.280000686645508,17.34000015258789,0
2026-09-14 13:55:00+00:00,17.34000015258789,17.3799991607666,17.34000015258789,17.3799991607666,0
2026-09-14 13:56:00+00:00,17.3799991607666,17.389999389648438,17.3799991607666,17.389999389648438,0
2026-09-14 13:57:00+00:00,17.399999618530273,17.420000076293945,17.399999618530273,17.40999984741211,0
2026-09-14 13:58:00+00:00,17.399999618530273,17.440000534057617,17.399999618530273,17.40999984741211,0
2026-09-14 13:59:00+00:00,17.420000076293945,17.420000076293945,17.389999389648438,17.389999389648438,0
2026-09-14 14:00:00+00:00,17.399999618530273,17.399999618530273,17.3700008392334,17.3700008392334,0
2026-09-14 14:01:00+00:00,17.3700008392334,17.3700008392334,17.34000015258789,17.34000015258789,0
2026-09-14 14:02:00+00:00,17.31999969482422,17.329999923706055,17.290000915527344,17.290000915527344,0
2026-09-14 14:03:00+00:00,17.309999465942383,17.309999465942383,17.299999237060547,17.299999237060547,0
2026-09-14 14:04:00+00:00,17.299999237060547,17.299999237060547,17.280000686645508,17.280000686645508,0
2026-09-14 14:05:00+00:00,17.280000686645508,17.280000686645508,17.270000457763672,17.280000686645508,0
2026-09-14 14:06:00+00:00,17.280000686645508,17.280000686645508,17.229999542236328,17.229999542236328,0
2026-09-14 14:07:00+00:00,17.209999084472656,17.209999084472656,17.190000534057617,17.190000534057617,0
2026-09-14 14:08:00+00:00,17.190000534057617,17.190000534057617,17.170000076293945,17.18000030517578,0
2026-09-14 14:09:00+00:00,17.18000030517578,17.200000762939453,17.18000030517578,17.200000762939453,0
2026-09-14 14:10:00+00:00,17.200000762939453,17.209999084472656,17.190000534057617,17.209999084472656,0
2026-09-14 14:11:00+00:00,17.219999313354492,17.219999313354492,17.200000762939453,17.219999313354492,0
2026-09-14 14:12:00+00:00,17.219999313354492,17.260000228881836,17.219999313354492,17.260000228881836,0
2026-09-14 14:13:00+00:00,17.260000228881836,17.270000457763672,17.25,17.25,0
2026-09-14 14:14:00+00:00,17.219999313354492,17.219999313354492,17.219999313354492,17.219999313354492,0
2026-09-14 14:15:00+00:00,17.239999771118164,17.239999771118164,17.209999084472656,17.209999084472656,0
2026-09-14 14:16:00+00:00,17.229999542236328,17.280000686645508,17.229999542236328,17.280000686645508,0
2026-09-14 14:17:00+00:00,17.270000457763672,17.299999237060547,17.270000457763672,17.299999237060547,0
2026-09-14 14:18:00+00:00,17.299999237060547,17.34000015258789,17.299999237060547,17.34000015258789,0
2026-09-14 14:19:00+00:00,17.360000610351562,17.3799991607666,17.360000610351562,17.3799991607666,0
2026-09-14 14:20:00+00:00,17.3799991607666,17.399999618530273,17.3799991607666,17.399999618530273,0
2026-09-14 14:21:00+00:00,17.40999984741211,17.450000762939453,17.40999984741211,17.450000762939453,0
2026-09-14 14:22:00+00:00,17.469999313354492,17.520000457763672,17.469999313354492,17.520000457763672,0
2026-09-14 14:23:00+00:00,17.510000228881836,17.520000457763672,17.510000228881836,17.520000457763672,0
2026-09-14 14:24:00+00:00,17.520000457763672,17.56999969482422,17.520000457763672,17.559999465942383,0
2026-09-14 14:25:00+00:00,17.600000381469727,17.610000610351562,17.600000381469727,17.610000610351562,0
2026-09-14 14:26:00+00:00,17.639999389648438,17.719999313354492,17.639999389648438,17.719999313354492,0
2026-09-14 14:27:00+00:00,17.700000762939453,17.700000762939453,17.65999984741211,17.65999984741211,0
2026-09-14 14:28:00+00:00,17.649999618530273,17.649999618530273,17.600000381469727,17.600000381469727,0
2026-09-14 14:29:00+00:00,17.610000610351562,17.639999389648438,17.610000610351562,17.610000610351562,0
2026-09-14 14:30:00+00:00,17.56999969482422,17.56999969482422,17.540000915527344,17.540000915527344,0
2026-09-14 14:31:00+00:00,17.56999969482422,17.59000015258789,17.540000915527344,17.540000915527344,0
2026-09-14 14:32:00+00:00,17.549999237060547,17.549999237060547,17.540000915527344,17.540000915527344,0
2026-09-14 14:33:00+00:00,17.520000457763672,17.520000457763672,17.5,17.5,0
2026-09-14 14:34:00+00:00,17.5,17.5,17.459999084472656,17.459999084472656,0
2026-09-14 14:35:00+00:00,17.450000762939453,17.520000457763672,17.450000762939453,17.520000457763672,0
2026-09-14 14:36:00+00:00,17.520000457763672,17.549999237060547,17.520000457763672,17.549999237060547,0
2026-09-14 14:37:00+00:00,17.56999969482422,17.56999969482422,17.559999465942383,17.559999465942383,0
2026-09-14 14:38:00+00:00,17.559999465942383,17.579999923706055,17.559999465942383,17.579999923706055,0
2026-09-14 14:39:00+00:00,17.56999969482422,17.579999923706055,17.56999969482422,17.579999923706055,0
2026-09-14 14:40:00+00:00,17.559999465942383,17.59000015258789,17.559999465942383,17.59000015258789,0
2026-09-14 14:41:00+00:00,17.610000610351562,17.6200008392334,17.610000610351562,17.6200008392334,0
2026-09-14 14:42:00+00:00,17.6200008392334,17.6200008392334,17.559999465942383,17.559999465942383,0
2026-09-14 14:43:00+00:00,17.559999465942383,17.59000015258789,17.559999465942383,17.59000015258789,0
2026-09-14 14:44:00+00:00,17.59000015258789,17.59000015258789,17.530000686645508,17.530000686645508,0
2026-09-14 14:45:00+00:00,17.520000457763672,17.520000457763672,17.450000762939453,17.450000762939453,0
2026-09-14 14:46:00+00:00,17.440000534057617,17.459999084472656,17.40999984741211,17.459999084472656,0
2026-09-14 14:47:00+00:00,17.459999084472656,17.520000457763672,17.459999084472656,17.5,0
2026-09-14 14:48:00+00:00,17.5,17.5,17.479999542236328,17.479999542236328,0
2026-09-14 14:49:00+00:00,17.479999542236328,17.489999771118164,17.479999542236328,17.489999771118164,0
2026-09-14 14:50:00+00:00,17.5,17.510000228881836,17.5,17.510000228881836,0
2026-09-14 14:51:00+00:00,17.549999237060547,17.559999465942383,17.549999237060547,17.549999237060547,0
2026-09-14 14:52:00+00:00,17.549999237060547,17.59000015258789,17.549999237060547,17.59000015258789,0
2026-09-14 14:53:00+00:00,17.600000381469727,17.600000381469727,17.59000015258789,17.600000381469727,0
2026-09-14 14:54:00+00:00,17.610000610351562,17.610000610351562,17.579999923706055,17.579999923706055,0
2026-09-14 14:55:00+00:00,17.59000015258789,17.6299991607666,17.59000015258789,17.6299991607666,0
2026-09-14 14:56:00+00:00,17.610000610351562,17.6299991607666,17.610000610351562,17.6299991607666,0
2026-09-14 14:57:00+00:00,17.6200008392334,17.6299991607666,17.579999923706055,17.579999923706055,0
2026-09-14 14:58:00+00:00,17.559999465942383,17.559999465942383,17.549999237060547,17.549999237060547,0
2026-09-14 14:59:00+00:00,17.520000457763672,17.520000457763672,17.510000228881836,17.510000228881836,0
2026-09-14 15:00:00+00:00,17.489999771118164,17.510000228881836,17.489999771118164,17.489999771118164,0
2026-09-14 15:01:00+00:00,17.489999771118164,17.549999237060547,17.489999771118164,17.540000915527344,0
2026-09-14 15:02:00+00:00,17.520000457763672,17.540000915527344,17.520000457763672,17.520000457763672,0
2026-09-14 15:03:00+00:00,17.540000915527344,17.540000915527344,17.520000457763672,17.520000457763672,0
2026-09-14 15:04:00+00:00,17.510000228881836,17.540000915527344,17.510000228881836,17.540000915527344,0
2026-09-14 15:05:00+00:00,17.559999465942383,17.559999465942383,17.31999969482422,17.31999969482422,0
2026-09-14 15:06:00+00:00,17.389999389648438,17.389999389648438,17.25,17.290000915527344,0
2026-09-14 15:07:00+00:00,17.31999969482422,17.360000610351562,17.31999969482422,17.31999969482422,0
2026-09-14 15:08:00+00:00,17.309999465942383,17.3799991607666,17.309999465942383,17.3799991607666,0
2026-09-14 15:09:00+00:00,17.350000381469727,17.360000610351562,17.31999969482422,17.34000015258789,0
2026-09-14 15:10:00+00:00,17.31999969482422,17.329999923706055,17.31999969482422,17.31999969482422,0
2026-09-14 15:11:00+00:00,17.31999969482422,17.3799991607666,17.31999969482422,17.3700008392334,0
2026-09-14 15:12:00+00:00,17.389999389648438,17.389999389648438,17.389999389648438,17.389999389648438,0
2026-09-14 15:13:00+00:00,17.389999389648438,17.389999389648438,17.3799991607666,17.3799991607666,0
2026-09-14 15:14:00+00:00,17.3700008392334,17.389999389648438,17.360000610351562,17.389999389648438,0
2026-09-14 15:15:00+00:00,17.420000076293945,17.43000030517578,17.420000076293945,17.420000076293945,0
2026-09-14 15:16:00+00:00,17.399999618530273,17.43000030517578,17.389999389648438,17.389999389648438,0
2026-09-14 15:17:00+00:00,17.3700008392334,17.3700008392334,17.329999923706055,17.350000381469727,0
2026-09-14 15:18:00+00:00,17.34000015258789,17.34000015258789,17.34000015258789,17.34000015258789,0
2026-09-14 15:19:00+00:00,17.34000015258789,17.34000015258789,17.329999923706055,17.329999923706055,0
2026-09-14 15:20:00+00:00,17.329999923706055,17.329999923706055,17.309999465942383,17.309999465942383,0
2026-09-14 15:21:00+00:00,17.31999969482422,17.31999969482422,17.309999465942383,17.31999969482422,0
2026-09-14 15:22:00+00:00,17.280000686645508,17.280000686645508,17.260000228881836,17.260000228881836,0
2026-09-14 15:23:00+00:00,17.270000457763672,17.270000457763672,17.260000228881836,17.260000228881836,0
2026-09-14 15:24:00+00:00,17.25,17.25,17.219999313354492,17.219999313354492,0
2026-09-14 15:25:00+00:00,17.209999084472656,17.209999084472656,17.200000762939453,17.209999084472656,0
2026-09-14 15:26:00+00:00,17.219999313354492,17.219999313354492,17.190000534057617,17.190000534057617,0
2026-09-14 15:27:00+00:00,17.18000030517578,17.18000030517578,17.149999618530273,17.15999984741211,0
2026-09-14 15:28:00+00:00,17.170000076293945,17.170000076293945,17.15999984741211,17.170000076293945,0
2026-09-14 15:29:00+00:00,17.170000076293945,17.18000030517578,17.170000076293945,17.18000030517578,0
2026-09-14 15:30:00+00:00,17.170000076293945,17.170000076293945,17.149999618530273,17.149999618530273,0
2026-09-14 15:31:00+00:00,17.149999618530273,17.18000030517578,17.149999618530273,17.18000030517578,0
2026-09-14 15:32:00+00:00,17.18000030517578,17.18000030517578,17.0,17.0,0
2026-09-14 15:33:00+00:00,17.010000228881836,17.049999237060547,17.010000228881836,17.020000457763672,0
2026-09-14 15:34:00+00:00,16.959999084472656,16.959999084472656,16.93000030517578,16.940000534057617,0
2026-09-14 15:35:00+00:00,16.920000076293945,16.93000030517578,16.889999389648438,16.93000030517578,0
2026-09-14 15:36:00+00:00,16.940000534057617,16.979999542236328,16.93000030517578,16.979999542236328,0
2026-09-14 15:37:00+00:00,16.969999313354492,16.969999313354492,16.950000762939453,16.950000762939453,0
2026-09-14 15:38:00+00:00,16.90999984741211,16.93000030517578,16.90999984741211,16.920000076293945,0
2026-09-14 15:39:00+00:00,16.90999984741211,16.90999984741211,16.889999389648438,16.889999389648438,0
2026-09-14 15:40:00+00:00,16.8799991607666,16.8799991607666,16.81999969482422,16.81999969482422,0
2026-09-14 15:41:00+00:00,16.860000610351562,16.8700008392334,16.829999923706055,16.829999923706055,0
2026-09-14 15:42:00+00:00,16.809999465942383,16.809999465942383,16.780000686645508,16.809999465942383,0
2026-09-14 15:43:00+00:00,16.850000381469727,16.850000381469727,16.780000686645508,16.780000686645508,0
2026-09-14 15:44:00+00:00,16.760000228881836,16.760000228881836,16.709999084472656,16.719999313354492,0
2026-09-14 15:45:00+00:00,16.719999313354492,16.770000457763672,16.719999313354492,16.770000457763672,0
2026-09-14 15:46:00+00:00,16.770000457763672,16.81999969482422,16.770000457763672,16.81999969482422,0
2026-09-14 15:47:00+00:00,16.809999465942383,16.81999969482422,16.809999465942383,16.809999465942383,0
2026-09-14 15:48:00+00:00,16.809999465942383,16.81999969482422,16.809999465942383,16.81999969482422,0
2026-09-14 15:49:00+00:00,16.799999237060547,16.81999969482422,16.799999237060547,16.81999969482422,0
2026-09-14 15:50:00+00:00,16.829999923706055,16.860000610351562,16.829999923706055,16.860000610351562,0
2026-09-14 15:51:00+00:00,16.860000610351562,16.860000610351562,16.860000610351562,16.860000610351562,0
2026-09-14 15:52:00+00:00,16.84000015258789,16.84000015258789,16.809999465942383,16.829999923706055,0
2026-09-14 15:53:00+00:00,16.829999923706055,16.829999923706055,16.799999237060547,16.799999237060547,0
2026-09-14 15:54:00+00:00,16.799999237060547,16.799999237060547,16.790000915527344,16.790000915527344,0
2026-09-14 15:55:00+00:00,16.790000915527344,16.799999237060547,16.790000915527344,16.790000915527344,0
2026-09-14 15:56:00+00:00,16.790000915527344,16.799999237060547,16.790000915527344,16.790000915527344,0
2026-09-14 15:57:00+00:00,16.790000915527344,16.790000915527344,16.770000457763672,16.770000457763672,0
2026-09-14 15:58:00+00:00,16.760000228881836,16.760000228881836,16.739999771118164,16.75,0
2026-09-14 15:59:00+00:00,16.760000228881836,16.770000457763672,16.760000228881836,16.770000457763672,0
2026-09-14 16:00:00+00:00,16.770000457763672,16.770000457763672,16.760000228881836,16.770000457763672,0
2026-09-14 16:01:00+00:00,16.790000915527344,16.809999465942383,16.790000915527344,16.809999465942383,0
2026-09-14 16:02:00+00:00,16.829999923706055,16.84000015258789,16.829999923706055,16.84000015258789,0
2026-09-14 16:03:00+00:00,16.829999923706055,16.829999923706055,16.81999969482422,16.81999969482422,0
2026-09-14 16:04:00+00:00,16.81999969482422,16.829999923706055,16.81999969482422,16.829999923706055,0
2026-09-14 16:05:00+00:00,16.84000015258789,16.850000381469727,16.84000015258789,16.850000381469727,0
2026-09-14 16:06:00+00:00,16.850000381469727,16.850000381469727,16.84000015258789,16.84000015258789,0
2026-09-14 16:07:00+00:00,16.84000015258789,16.850000381469727,16.829999923706055,16.84000015258789,0
2026-09-14 16:08:00+00:00,16.84000015258789,16.860000610351562,16.84000015258789,16.860000610351562,0
2026-09-14 16:09:00+00:00,16.850000381469727,16.850000381469727,16.850000381469727,16.850000381469727,0
2026-09-14 16:10:00+00:00,16.850000381469727,16.850000381469727,16.81999969482422,16.81999969482422,0
2026-09-14 16:11:00+00:00,16.829999923706055,16.829999923706055,16.81999969482422,16.81999969482422,0
2026-09-14 16:12:00+00:00,16.81999969482422,16.81999969482422,16.799999237060547,16.799999237060547,0
2026-09-14 16:13:00+00:00,16.799999237060547,16.809999465942383,16.799999237060547,16.809999465942383,0
2026-09-14 16:14:00+00:00,16.809999465942383,16.81999969482422,16.809999465942383,16.81999969482422,0
2026-09-14 16:15:00+00:00,16.81999969482422,16.81999969482422,16.75,16.75,0
2026-09-14 16:16:00+00:00,16.729999542236328,16.729999542236328,16.709999084472656,16.709999084472656,0
2026-09-14 16:17:00+00:00,16.719999313354492,16.719999313354492,16.719999313354492,16.719999313354492,0
2026-09-14 16:18:00+00:00,16.709999084472656,16.709999084472656,16.690000534057617,16.700000762939453,0
2026-09-14 16:19:00+00:00,16.700000762939453,16.700000762939453,16.700000762939453,16.700000762939453,0
2026-09-14 16:20:00+00:00,16.700000762939453,16.719999313354492,16.700000762939453,16.719999313354492,0
2026-09-14 16:21:00+00:00,16.709999084472656,16.729999542236328,16.709999084472656,16.729999542236328,0
2026-09-14 16:22:00+00:00,16.729999542236328,16.729999542236328,16.729999542236328,16.729999542236328,0
2026-09-14 16:23:00+00:00,16.729999542236328,16.729999542236328,16.729999542236328,16.729999542236328,0
2026-09-14 16:24:00+00:00,16.700000762939453,16.700000762939453,16.690000534057617,16.690000534057617,0
2026-09-14 16:25:00+00:00,16.700000762939453,16.719999313354492,16.690000534057617,16.719999313354492,0
2026-09-14 16:26:00+00:00,16.729999542236328,16.75,16.729999542236328,16.75,0
2026-09-14 16:27:00+00:00,16.75,16.760000228881836,16.75,16.75,0
2026-09-14 16:28:00+00:00,16.739999771118164,16.770000457763672,16.739999771118164,16.760000228881836,0
2026-09-14 16:29:00+00:00,16.770000457763672,16.770000457763672,16.760000228881836,16.760000228881836,0
2026-09-14 16:30:00+00:00,16.760000228881836,16.760000228881836,16.75,16.75,0
2026-09-14 16:31:00+00:00,16.75,16.75,16.75,16.75,0
2026-09-14 16:32:00+00:00,16.75,16.75,16.739999771118164,16.739999771118164,0
2026-09-14 16:33:00+00:00,16.739999771118164,16.739999771118164,16.729999542236328,16.729999542236328,0
2026-09-14 16:34:00+00:00,16.729999542236328,16.75,16.729999542236328,16.75,0
2026-09-14 16:35:00+00:00,16.760000228881836,16.780000686645508,16.760000228881836,16.770000457763672,0
2026-09-14 16:36:00+00:00,16.770000457763672,16.770000457763672,16.770000457763672,16.770000457763672,0
2026-09-14 16:37:00+00:00,16.760000228881836,16.760000228881836,16.739999771118164,16.739999771118164,0
2026-09-14 16:38:00+00:00,16.739999771118164,16.739999771118164,16.729999542236328,16.729999542236328,0
2026-09-14 16:39:00+00:00,16.729999542236328,16.75,16.729999542236328,16.739999771118164,0
2026-09-14 16:40:00+00:00,16.739999771118164,16.75,16.739999771118164,16.75,0
2026-09-14 16:41:00+00:00,16.729999542236328,16.739999771118164,16.729999542236328,16.739999771118164,0
2026-09-14 16:42:00+00:00,16.729999542236328,16.729999542236328,16.729999542236328,16.729999542236328,0
2026-09-14 16:43:00+00:00,16.729999542236328,16.729999542236328,16.719999313354492,16.719999313354492,0
2026-09-14 16:44:00+00:00,16.719999313354492,16.729999542236328,16.719999313354492,16.729999542236328,0
2026-09-14 16:45:00+00:00,16.719999313354492,16.739999771118164,16.719999313354492,16.739999771118164,0
2026-09-14 16:46:00+00:00,16.739999771118164,16.739999771118164,16.739999771118164,16.739999771118164,0
2026-09-14 16:47:00+00:00,16.739999771118164,16.739999771118164,16.649999618530273,16.65999984741211,0
2026-09-14 16:48:00+00:00,16.65999984741211,16.68000030517578,16.59000015258789,16.59000015258789,0
2026-09-14 16:49:00+00:00,16.59000015258789,16.600000381469727,16.579999923706055,16.600000381469727,0
2026-09-14 16:50:00+00:00,16.610000610351562,16.6299991607666,16.610000610351562,16.6299991607666,0
2026-09-14 16:51:00+00:00,16.6299991607666,16.649999618530273,16.6299991607666,16.6299991607666,0
2026-09-14 16:52:00+00:00,16.6299991607666,16.639999389648438,16.6299991607666,16.6299991607666,0
2026-09-14 16:53:00+00:00,16.6200008392334,16.6299991607666,16.6200008392334,16.6299991607666,0
2026-09-14 16:54:00+00:00,16.639999389648438,16.65999984741211,16.639999389648438,16.65999984741211,0
2026-09-14 16:55:00+00:00,16.65999984741211,16.65999984741211,16.649999618530273,16.649999618530273,0
2026-09-14 16:56:00+00:00,16.649999618530273,16.649999618530273,16.639999389648438,16.639999389648438,0
2026-09-14 16:57:00+00:00,16.6299991607666,16.649999618530273,16.6299991607666,16.649999618530273,0
2026-09-14 16:58:00+00:00,16.65999984741211,16.68000030517578,16.65999984741211,16.68000030517578,0
2026-09-14 16:59:00+00:00,16.68000030517578,16.68000030517578,16.670000076293945,16.670000076293945,0
2026-09-14 17:00:00+00:00,16.649999618530273,16.65999984741211,16.649999618530273,16.649999618530273,0
2026-09-14 17:01:00+00:00,16.639999389648438,16.670000076293945,16.639999389648438,16.670000076293945,0
2026-09-14 17:02:00+00:00,16.670000076293945,16.68000030517578,16.670000076293945,16.670000076293945,0
2026-09-14 17:03:00+00:00,16.68000030517578,16.700000762939453,16.68000030517578,16.700000762939453,0
2026-09-14 17:04:00+00:00,16.700000762939453,16.700000762939453,16.700000762939453,16.700000762939453,0
2026-09-14 17:05:00+00:00,16.700000762939453,16.700000762939453,16.700000762939453,16.700000762939453,0
2026-09-14 17:06:00+00:00,16.700000762939453,16.700000762939453,16.690000534057617,16.690000534057617,0
2026-09-14 17:07:00+00:00,16.690000534057617,16.700000762939453,16.690000534057617,16.690000534057617,0
2026-09-14 17:08:00+00:00,16.700000762939453,16.709999084472656,16.700000762939453,16.709999084472656,0
2026-09-14 17:09:00+00:00,16.700000762939453,16.719999313354492,16.700000762939453,16.709999084472656,0
2026-09-14 17:10:00+00:00,16.709999084472656,16.729999542236328,16.709999084472656,16.719999313354492,0
2026-09-14 17:11:00+00:00,16.719999313354492,16.719999313354492,16.709999084472656,16.709999084472656,0
2026-09-14 17:12:00+00:00,16.709999084472656,16.709999084472656,16.690000534057617,16.690000534057617,0
2026-09-14 17:13:00+00:00,16.709999084472656,16.729999542236328,16.709999084472656,16.729999542236328,0
2026-09-14 17:14:00+00:00,16.75,16.780000686645508,16.75,16.780000686645508,0
2026-09-14 17:15:00+00:00,16.790000915527344,16.809999465942383,16.790000915527344,16.799999237060547,0
2026-09-14 17:16:00+00:00,16.799999237060547,16.799999237060547,16.790000915527344,16.790000915527344,0
2026-09-14 17:17:00+00:00,16.799999237060547,16.799999237060547,16.790000915527344,16.799999237060547,0
2026-09-14 17:18:00+00:00,16.799999237060547,16.829999923706055,16.799999237060547,16.829999923706055,0
2026-09-14 17:19:00+00:00,16.81999969482422,16.81999969482422,16.81999969482422,16.81999969482422,0
2026-09-14 17:20:00+00:00,16.81999969482422,16.81999969482422,16.799999237060547,16.799999237060547,0
2026-09-14 17:21:00+00:00,16.799999237060547,16.809999465942383,16.799999237060547,16.809999465942383,0
2026-09-14 17:22:00+00:00,16.809999465942383,16.809999465942383,16.790000915527344,16.790000915527344,0
2026-09-14 17:23:00+00:00,16.780000686645508,16.780000686645508,16.780000686645508,16.780000686645508,0
2026-09-14 17:24:00+00:00,16.780000686645508,16.780000686645508,16.780000686645508,16.780000686645508,0
2026-09-14 17:25:00+00:00,16.780000686645508,16.780000686645508,16.770000457763672,16.770000457763672,0
2026-09-14 17:26:00+00:00,16.790000915527344,16.790000915527344,16.790000915527344,16.790000915527344,0
2026-09-14 17:27:00+00:00,16.780000686645508,16.790000915527344,16.780000686645508,16.780000686645508,0
2026-09-14 17:28:00+00:00,16.770000457763672,16.770000457763672,16.75,16.75,0
2026-09-14 17:29:00+00:00,16.75,16.75,16.729999542236328,16.729999542236328,0
2026-09-14 17:30:00+00:00,16.729999542236328,16.739999771118164,16.719999313354492,16.719999313354492,0
2026-09-14 17:31:00+00:00,16.709999084472656,16.719999313354492,16.709999084472656,16.719999313354492,0
2026-09-14 17:32:00+00:00,16.719999313354492,16.719999313354492,16.709999084472656,16.709999084472656,0
2026-09-14 17:33:00+00:00,16.709999084472656,16.729999542236328,16.709999084472656,16.729999542236328,0
2026-09-14 17:34:00+00:00,16.739999771118164,16.739999771118164,16.729999542236328,16.729999542236328,0
2026-09-14 17:35:00+00:00,16.729999542236328,16.729999542236328,16.719999313354492,16.729999542236328,0
2026-09-14 17:36:00+00:00,16.729999542236328,16.729999542236328,16.719999313354492,16.719999313354492,0
2026-09-14 17:37:00+00:00,16.719999313354492,16.729999542236328,16.719999313354492,16.729999542236328,0
2026-09-14 17:38:00+00:00,16.719999313354492,16.719999313354492,16.700000762939453,16.700000762939453,0
2026-09-14 17:39:00+00:00,16.709999084472656,16.709999084472656,16.700000762939453,16.700000762939453,0
2026-09-14 17:40:00+00:00,16.700000762939453,16.709999084472656,16.700000762939453,16.709999084472656,0
2026-09-14 17:41:00+00:00,16.700000762939453,16.719999313354492,16.700000762939453,16.719999313354492,0
2026-09-14 17:42:00+00:00,16.719999313354492,16.719999313354492,16.719999313354492,16.719999313354492,0
2026-09-14 17:43:00+00:00,16.729999542236328,16.729999542236328,16.729999542236328,16.729999542236328,0
2026-09-14 17:44:00+00:00,16.719999313354492,16.719999313354492,16.709999084472656,16.719999313354492,0
2026-09-14 17:45:00+00:00,16.719999313354492,16.719999313354492,16.709999084472656,16.719999313354492,0
2026-09-14 17:46:00+00:00,16.719999313354492,16.719999313354492,16.709999084472656,16.709999084472656,0
2026-09-14 17:47:00+00:00,16.709999084472656,16.709999084472656,16.700000762939453,16.700000762939453,0
2026-09-14 17:48:00+00:00,16.700000762939453,16.700000762939453,16.700000762939453,16.700000762939453,0
2026-09-14 17:49:00+00:00,16.690000534057617,16.700000762939453,16.690000534057617,16.700000762939453,0
2026-09-14 17:50:00+00:00,16.709999084472656,16.709999084472656,16.709999084472656,16.709999084472656,0
2026-09-14 17:51:00+00:00,16.709999084472656,16.709999084472656,16.690000534057617,16.690000534057617,0
2026-09-14 17:52:00+00:00,16.690000534057617,16.690000534057617,16.670000076293945,16.670000076293945,0
2026-09-14 17:53:00+00:00,16.65999984741211,16.670000076293945,16.65999984741211,16.670000076293945,0
2026-09-14 17:54:00+00:00,16.670000076293945,16.670000076293945,16.670000076293945,16.670000076293945,0
2026-09-14 17:55:00+00:00,16.670000076293945,16.670000076293945,16.670000076293945,16.670000076293945,0
2026-09-14 17:56:00+00:00,16.670000076293945,16.670000076293945,16.670000076293945,16.670000076293945,0
2026-09-14 17:57:00+00:00,16.670000076293945,16.68000030517578,16.670000076293945,16.68000030517578,0
2026-09-14 17:58:00+00:00,16.68000030517578,16.68000030517578,16.68000030517578,16.68000030517578,0
2026-09-14 17:59:00+00:00,16.690000534057617,16.700000762939453,16.690000534057617,16.700000762939453,0
2026-09-14 18:00:00+00:00,16.709999084472656,16.709999084472656,16.68000030517578,16.700000762939453,0
2026-09-14 18:01:00+00:00,16.700000762939453,16.700000762939453,16.700000762939453,16.700000762939453,0
2026-09-14 18:02:00+00:00,16.700000762939453,16.700000762939453,16.700000762939453,16.700000762939453,0
2026-09-14 18:03:00+00:00,16.700000762939453,16.75,16.700000762939453,16.75,0
2026-09-14 18:04:00+00:00,16.760000228881836,16.760000228881836,16.75,16.75,0
2026-09-14 18:05:00+00:00,16.729999542236328,16.75,16.729999542236328,16.75,0
2026-09-14 18:06:00+00:00,16.75,16.75,16.739999771118164,16.739999771118164,0
2026-09-14 18:07:00+00:00,16.75,16.75,16.729999542236328,16.729999542236328,0
2026-09-14 18:08:00+00:00,16.729999542236328,16.729999542236328,16.719999313354492,16.719999313354492,0
2026-09-14 18:09:00+00:00,16.700000762939453,16.709999084472656,16.700000762939453,16.709999084472656,0
2026-09-14 18:10:00+00:00,16.709999084472656,16.719999313354492,16.709999084472656,16.719999313354492,0
2026-09-14 18:11:00+00:00,16.709999084472656,16.719999313354492,16.709999084472656,16.719999313354492,0
2026-09-14 18:12:00+00:00,16.719999313354492,16.729999542236328,16.719999313354492,16.729999542236328,0
2026-09-14 18:13:00+00:00,16.729999542236328,16.739999771118164,16.729999542236328,16.739999771118164,0
2026-09-14 18:14:00+00:00,16.739999771118164,16.739999771118164,16.729999542236328,16.729999542236328,0
2026-09-14 18:15:00+00:00,16.719999313354492,16.719999313354492,16.709999084472656,16.709999084472656,0
2026-09-14 18:16:00+00:00,16.700000762939453,16.719999313354492,16.700000762939453,16.719999313354492,0
2026-09-14 18:17:00+00:00,16.719999313354492,16.719999313354492,16.719999313354492,16.719999313354492,0
2026-09-14 18:18:00+00:00,16.729999542236328,16.739999771118164,16.729999542236328,16.739999771118164,0
2026-09-14 18:19:00+00:00,16.739999771118164,16.739999771118164,16.739999771118164,16.739999771118164,0
2026-09-14 18:20:00+00:00,16.739999771118164,16.739999771118164,16.729999542236328,16.729999542236328,0
2026-09-14 18:21:00+00:00,16.739999771118164,16.739999771118164,16.729999542236328,16.729999542236328,0
2026-09-14 18:22:00+00:00,16.729999542236328,16.739999771118164,16.729999542236328,16.739999771118164,0
2026-09-14 18:23:00+00:00,16.739999771118164,16.739999771118164,16.739999771118164,16.739999771118164,0
2026-09-14 18:24:00+00:00,16.739999771118164,16.739999771118164,16.739999771118164,16.739999771118164,0
2026-09-14 18:25:00+00:00,16.739999771118164,16.739999771118164,16.739999771118164,16.739999771118164,0
2026-09-14 18:26:00+00:00,16.739999771118164,16.739999771118164,16.739999771118164,16.739999771118164,0
2026-09-14 18:27:00+00:00,16.739999771118164,16.75,16.739999771118164,16.75,0
2026-09-14 18:28:00+00:00,16.75,16.770000457763672,16.75,16.770000457763672,0
2026-09-14 18:29:00+00:00,16.760000228881836,16.760000228881836,16.760000228881836,16.760000228881836,0
2026-09-14 18:30:00+00:00,16.75,16.75,16.739999771118164,16.75,0
2026-09-14 18:31:00+00:00,16.75,16.770000457763672,16.75,16.770000457763672,0
2026-09-14 18:32:00+00:00,16.770000457763672,16.770000457763672,16.75,16.75,0
2026-09-14 18:33:00+00:00,16.75,16.75,16.729999542236328,16.729999542236328,0
2026-09-14 18:34:00+00:00,16.729999542236328,16.729999542236328,16.719999313354492,16.719999313354492,0
2026-09-14 18:35:00+00:00,16.719999313354492,16.729999542236328,16.719999313354492,16.729999542236328,0
2026-09-14 18:36:00+00:00,16.719999313354492,16.719999313354492,16.709999084472656,16.719999313354492,0
2026-09-14 18:37:00+00:00,16.719999313354492,16.719999313354492,16.709999084472656,16.709999084472656,0
2026-09-14 18:38:00+00:00,16.709999084472656,16.709999084472656,16.709999084472656,16.709999084472656,0
2026-09-14 18:39:00+00:00,16.709999084472656,16.709999084472656,16.709999084472656,16.709999084472656,0
2026-09-14 18:40:00+00:00,16.709999084472656,16.719999313354492,16.709999084472656,16.719999313354492,0
2026-09-14 18:41:00+00:00,16.719999313354492,16.719999313354492,16.709999084472656,16.709999084472656,0
2026-09-14 18:42:00+00:00,16.719999313354492,16.719999313354492,16.719999313354492,16.719999313354492,0
2026-09-14 18:43:00+00:00,16.719999313354492,16.719999313354492,16.719999313354492,16.719999313354492,0
2026-09-14 18:44:00+00:00,16.719999313354492,16.729999542236328,16.719999313354492,16.729999542236328,0
2026-09-14 18:45:00+00:00,16.729999542236328,16.729999542236328,16.729999542236328,16.729999542236328,0
2026-09-14 18:46:00+00:00,16.729999542236328,16.770000457763672,16.729999542236328,16.770000457763672,0
2026-09-14 18:47:00+00:00,16.770000457763672,16.770000457763672,16.770000457763672,16.770000457763672,0
2026-09-14 18:48:00+00:00,16.760000228881836,16.760000228881836,16.75,16.75,0
2026-09-14 18:49:00+00:00,16.729999542236328,16.729999542236328,16.729999542236328,16.729999542236328,0
2026-09-14 18:50:00+00:00,16.729999542236328,16.729999542236328,16.719999313354492,16.729999542236328,0
2026-09-14 18:51:00+00:00,16.729999542236328,16.729999542236328,16.729999542236328,16.729999542236328,0
2026-09-14 18:52:00+00:00,16.729999542236328,16.729999542236328,16.719999313354492,16.719999313354492,0
2026-09-14 18:53:00+00:00,16.719999313354492,16.719999313354492,16.719999313354492,16.719999313354492,0
2026-09-14 18:54:00+00:00,16.719999313354492,16.719999313354492,16.719999313354492,16.719999313354492,0
2026-09-14 18:55:00+00:00,16.719999313354492,16.719999313354492,16.719999313354492,16.719999313354492,0
2026-09-14 18:56:00+00:00,16.709999084472656,16.709999084472656,16.690000534057617,16.690000534057617,0
2026-09-14 18:57:00+00:00,16.690000534057617,16.690000534057617,16.690000534057617,16.690000534057617,0
2026-09-14 18:58:00+00:00,16.700000762939453,16.780000686645508,16.700000762939453,16.780000686645508,0
2026-09-14 18:59:00+00:00,16.780000686645508,16.790000915527344,16.780000686645508,16.790000915527344,0
2026-09-14 19:00:00+00:00,16.790000915527344,16.799999237060547,16.790000915527344,16.799999237060547,0
2026-09-14 19:01:00+00:00,16.790000915527344,16.799999237060547,16.790000915527344,16.799999237060547,0
2026-09-14 19:02:00+00:00,16.790000915527344,16.799999237060547,16.790000915527344,16.799999237060547,0
2026-09-14 19:03:00+00:00,16.799999237060547,16.81999969482422,16.799999237060547,16.81999969482422,0
2026-09-14 19:04:00+00:00,16.81999969482422,16.829999923706055,16.81999969482422,16.829999923706055,0
2026-09-14 19:05:00+00:00,16.84000015258789,16.850000381469727,16.84000015258789,16.850000381469727,0
2026-09-14 19:06:00+00:00,16.860000610351562,16.860000610351562,16.850000381469727,16.860000610351562,0
2026-09-14 19:07:00+00:00,16.860000610351562,16.860000610351562,16.860000610351562,16.860000610351562,0
2026-09-14 19:08:00+00:00,16.860000610351562,16.889999389648438,16.860000610351562,16.889999389648438,0
2026-09-14 19:09:00+00:00,16.8799991607666,16.8799991607666,16.850000381469727,16.850000381469727,0
2026-09-14 19:10:00+00:00,16.860000610351562,16.860000610351562,16.860000610351562,16.860000610351562,0
2026-09-14 19:11:00+00:00,16.860000610351562,16.860000610351562,16.850000381469727,16.850000381469727,0
2026-09-14 19:12:00+00:00,16.850000381469727,16.850000381469727,16.829999923706055,16.829999923706055,0
2026-09-14 19:13:00+00:00,16.829999923706055,16.829999923706055,16.829999923706055,16.829999923706055,0
2026-09-14 19:14:00+00:00,16.829999923706055,16.829999923706055,16.809999465942383,16.809999465942383,0
2026-09-14 19:15:00+00:00,16.809999465942383,16.850000381469727,16.809999465942383,16.850000381469727,0
2026-09-14 19:16:00+00:00,16.860000610351562,16.860000610351562,16.850000381469727,16.850000381469727,0
2026-09-14 19:17:00+00:00,16.850000381469727,16.860000610351562,16.850000381469727,16.860000610351562,0
2026-09-14 19:18:00+00:00,16.860000610351562,16.860000610351562,16.850000381469727,16.850000381469727,0
2026-09-14 19:19:00+00:00,16.850000381469727,16.850000381469727,16.850000381469727,16.850000381469727,0
2026-09-14 19:20:00+00:00,16.850000381469727,16.850000381469727,16.84000015258789,16.850000381469727,0
2026-09-14 19:21:00+00:00,16.850000381469727,16.850000381469727,16.850000381469727,16.850000381469727,0
2026-09-14 19:22:00+00:00,16.850000381469727,16.860000610351562,16.850000381469727,16.860000610351562,0
2026-09-14 19:23:00+00:00,16.860000610351562,16.860000610351562,16.860000610351562,16.860000610351562,0
2026-09-14 19:24:00+00:00,16.860000610351562,16.860000610351562,16.850000381469727,16.850000381469727,0
2026-09-14 19:25:00+00:00,16.84000015258789,16.860000610351562,16.84000015258789,16.850000381469727,0
2026-09-14 19:26:00+00:00,16.850000381469727,16.850000381469727,16.850000381469727,16.850000381469727,0
2026-09-14 19:27:00+00:00,16.850000381469727,16.850000381469727,16.850000381469727,16.850000381469727,0
2026-09-14 19:28:00+00:00,16.850000381469727,16.850000381469727,16.850000381469727,16.850000381469727,0
2026-09-14 19:29:00+00:00,16.850000381469727,16.850000381469727,16.84000015258789,16.84000015258789,0
2026-09-14 19:30:00+00:00,16.850000381469727,16.850000381469727,16.84000015258789,16.84000015258789,0
2026-09-14 19:31:00+00:00,16.84000015258789,16.84000015258789,16.829999923706055,16.829999923706055,0
2026-09-14 19:32:00+00:00,16.829999923706055,16.84000015258789,16.829999923706055,16.84000015258789,0
2026-09-14 19:33:00+00:00,16.84000015258789,16.850000381469727,16.84000015258789,16.850000381469727,0
2026-09-14 19:34:00+00:00,16.850000381469727,16.850000381469727,16.850000381469727,16.850000381469727,0
2026-09-14 19:35:00+00:00,16.860000610351562,16.8700008392334,16.860000610351562,16.8700008392334,0
2026-09-14 19:36:00+00:00,16.8799991607666,16.8799991607666,16.8799991607666,16.8799991607666,0
2026-09-14 19:37:00+00:00,16.8799991607666,16.8799991607666,16.8700008392334,16.8700008392334,0
2026-09-14 19:38:00+00:00,16.8700008392334,16.8700008392334,16.860000610351562,16.860000610351562,0
2026-09-14 19:39:00+00:00,16.8700008392334,16.8700008392334,16.8700008392334,16.8700008392334,0
2026-09-14 19:40:00+00:00,16.8700008392334,16.8700008392334,16.8700008392334,16.8700008392334,0
2026-09-14 19:41:00+00:00,16.8700008392334,16.8700008392334,16.8700008392334,16.8700008392334,0
2026-09-14 19:42:00+00:00,16.8700008392334,16.8799991607666,16.8700008392334,16.8799991607666,0
2026-09-14 19:43:00+00:00,16.8799991607666,16.889999389648438,16.8799991607666,16.8799991607666,0
2026-09-14 19:44:00+00:00,16.8799991607666,16.889999389648438,16.8799991607666,16.889999389648438,0
2026-09-14 19:45:00+00:00,16.889999389648438,16.889999389648438,16.889999389648438,16.889999389648438,0
2026-09-14 19:46:00+00:00,16.8799991607666,16.8799991607666,16.8700008392334,16.8700008392334,0
2026-09-14 19:47:00+00:00,16.8700008392334,16.8700008392334,16.860000610351562,16.860000610351562,0
2026-09-14 19:48:00+00:00,16.8700008392334,16.8700008392334,16.8700008392334,16.8700008392334,0
2026-09-14 19:49:00+00:00,16.8700008392334,16.8700008392334,16.8700008392334,16.8700008392334,0
2026-09-14 19:50:00+00:00,16.860000610351562,16.889999389648438,16.860000610351562,16.8799991607666,0
2026-09-14 19:51:00+00:00,16.889999389648438,16.899999618530273,16.889999389648438,16.899999618530273,0
2026-09-14 19:52:00+00:00,16.899999618530273,16.90999984741211,16.899999618530273,16.90999984741211,0
2026-09-14 19:53:00+00:00,16.90999984741211,16.969999313354492,16.90999984741211,16.969999313354492,0
2026-09-14 19:54:00+00:00,16.959999084472656,16.959999084472656,16.950000762939453,16.950000762939453,0
2026-09-14 19:55:00+00:00,16.950000762939453,17.030000686645508,16.950000762939453,17.030000686645508,0
2026-09-14 19:56:00+00:00,17.020000457763672,17.020000457763672,17.010000228881836,17.010000228881836,0
2026-09-14 19:57:00+00:00,17.020000457763672,17.020000457763672,16.989999771118164,16.989999771118164,0
2026-09-14 19:58:00+00:00,16.989999771118164,17.0,16.989999771118164,16.989999771118164,0
2026-09-14 19:59:00+00:00,17.0,17.09000015258789,17.0,17.09000015258789,0
2026-09-14 20:00:00+00:00,17.09000015258789,17.100000381469727,17.06999969482422,17.100000381469727,0
2026-09-14 20:01:00+00:00,17.1200008392334,17.1299991607666,17.1200008392334,17.1299991607666,0
2026-09-14 20:02:00+00:00,17.1299991607666,17.139999389648438,17.1299991607666,17.1299991607666,0
2026-09-14 20:03:00+00:00,17.1299991607666,17.1299991607666,17.110000610351562,17.110000610351562,0
2026-09-14 20:04:00+00:00,17.110000610351562,17.110000610351562,17.100000381469727,17.100000381469727,0
2026-09-14 20:05:00+00:00,17.100000381469727,17.110000610351562,17.100000381469727,17.110000610351562,0
2026-09-14 20:06:00+00:00,17.110000610351562,17.110000610351562,17.110000610351562,17.110000610351562,0
2026-09-14 20:07:00+00:00,17.110000610351562,17.110000610351562,17.100000381469727,17.100000381469727,0
2026-09-14 20:08:00+00:00,17.100000381469727,17.110000610351562,17.100000381469727,17.110000610351562,0
2026-09-14 20:09:00+00:00,17.110000610351562,17.110000610351562,17.110000610351562,17.110000610351562,0
2026-09-14 20:10:00+00:00,17.110000610351562,17.1200008392334,17.110000610351562,17.110000610351562,0
2026-09-14 20:11:00+00:00,17.110000610351562,17.110000610351562,17.110000610351562,17.110000610351562,0
2026-09-14 20:12:00+00:00,17.110000610351562,17.110000610351562,17.100000381469727,17.100000381469727,0
2026-09-14 20:13:00+00:00,17.100000381469727,17.100000381469727,17.100000381469727,17.100000381469727,0
2026-09-14 20:14:00+00:00,17.100000381469727,17.100000381469727,17.100000381469727,17.100000381469727,0
2026-09-15 07:15:00+00:00,17.56999969482422,17.56999969482422,17.549999237060547,17.549999237060547,0
2026-09-15 07:16:00+00:00,17.549999237060547,17.549999237060547,17.520000457763672,17.520000457763672,0
2026-09-15 07:17:00+00:00,17.530000686645508,17.549999237060547,17.530000686645508,17.540000915527344,0
2026-09-15 07:18:00+00:00,17.540000915527344,17.559999465942383,17.540000915527344,17.559999465942383,0
2026-09-15 07:19:00+00:00,17.549999237060547,17.549999237060547,17.530000686645508,17.530000686645508,0
2026-09-15 07:20:00+00:00,17.510000228881836,17.510000228881836,17.469999313354492,17.469999313354492,0
2026-09-15 07:21:00+00:00,17.459999084472656,17.469999313354492,17.459999084472656,17.469999313354492,0
2026-09-15 07:22:00+00:00,17.469999313354492,17.479999542236328,17.469999313354492,17.479999542236328,0
2026-09-15 07:23:00+00:00,17.479999542236328,17.489999771118164,17.440000534057617,17.440000534057617,0
2026-09-15 07:24:00+00:00,17.420000076293945,17.440000534057617,17.420000076293945,17.420000076293945,0
2026-09-15 07:25:00+00:00,17.399999618530273,17.43000030517578,17.399999618530273,17.43000030517578,0
2026-09-15 07:26:00+00:00,17.43000030517578,17.440000534057617,17.43000030517578,17.43000030517578,0
2026-09-15 07:27:00+00:00,17.459999084472656,17.489999771118164,17.459999084472656,17.479999542236328,0
2026-09-15 07:28:00+00:00,17.489999771118164,17.5,17.489999771118164,17.5,0
2026-09-15 07:29:00+00:00,17.5,17.5,17.489999771118164,17.489999771118164,0
2026-09-15 07:30:00+00:00,17.479999542236328,17.479999542236328,17.469999313354492,17.469999313354492,0
2026-09-15 07:31:00+00:00,17.489999771118164,17.5,17.459999084472656,17.459999084472656,0
2026-09-15 07:32:00+00:00,17.459999084472656,17.469999313354492,17.459999084472656,17.469999313354492,0
2026-09-15 07:33:00+00:00,17.459999084472656,17.469999313354492,17.459999084472656,17.469999313354492,0
2026-09-15 07:34:00+00:00,17.469999313354492,17.479999542236328,17.469999313354492,17.479999542236328,0
2026-09-15 07:35:00+00:00,17.479999542236328,17.510000228881836,17.479999542236328,17.510000228881836,0
2026-09-15 07:36:00+00:00,17.489999771118164,17.530000686645508,17.489999771118164,17.530000686645508,0
2026-09-15 07:37:00+00:00,17.540000915527344,17.540000915527344,17.540000915527344,17.540000915527344,0
2026-09-15 07:38:00+00:00,17.540000915527344,17.549999237060547,17.540000915527344,17.549999237060547,0
2026-09-15 07:39:00+00:00,17.559999465942383,17.559999465942383,17.549999237060547,17.559999465942383,0
2026-09-15 07:40:00+00:00,17.56999969482422,17.56999969482422,17.56999969482422,17.56999969482422,0
2026-09-15 07:41:00+00:00,17.579999923706055,17.6200008392334,17.579999923706055,17.6200008392334,0
2026-09-15 07:42:00+00:00,17.639999389648438,17.649999618530273,17.639999389648438,17.649999618530273,0
2026-09-15 07:43:00+00:00,17.649999618530273,17.649999618530273,17.639999389648438,17.639999389648438,0
2026-09-15 07:44:00+00:00,17.65999984741211,17.68000030517578,17.65999984741211,17.670000076293945,0
2026-09-15 07:45:00+00:00,17.68000030517578,17.690000534057617,17.670000076293945,17.690000534057617,0
2026-09-15 07:46:00+00:00,17.700000762939453,17.709999084472656,17.700000762939453,17.709999084472656,0
2026-09-15 07:47:00+00:00,17.709999084472656,17.729999542236328,17.709999084472656,17.709999084472656,0
2026-09-15 07:48:00+00:00,17.719999313354492,17.719999313354492,17.719999313354492,17.719999313354492,0
2026-09-15 07:49:00+00:00,17.700000762939453,17.719999313354492,17.700000762939453,17.719999313354492,0
2026-09-15 07:50:00+00:00,17.719999313354492,17.719999313354492,17.700000762939453,17.700000762939453,0
2026-09-15 07:51:00+00:00,17.700000762939453,17.719999313354492,17.700000762939453,17.719999313354492,0
2026-09-15 07:52:00+00:00,17.739999771118164,17.780000686645508,17.739999771118164,17.760000228881836,0
2026-09-15 07:53:00+00:00,17.760000228881836,17.760000228881836,17.75,17.75,0
2026-09-15 07:54:00+00:00,17.739999771118164,17.739999771118164,17.709999084472656,17.719999313354492,0
2026-09-15 07:55:00+00:00,17.729999542236328,17.760000228881836,17.729999542236328,17.760000228881836,0
2026-09-15 07:56:00+00:00,17.760000228881836,17.760000228881836,17.739999771118164,17.739999771118164,0
2026-09-15 07:57:00+00:00,17.739999771118164,17.739999771118164,17.690000534057617,17.690000534057617,0
2026-09-15 07:58:00+00:00,17.690000534057617,17.709999084472656,17.690000534057617,17.700000762939453,0
2026-09-15 07:59:00+00:00,17.709999084472656,17.709999084472656,17.690000534057617,17.690000534057617,0
2026-09-15 08:00:00+00:00,17.690000534057617,17.75,17.690000534057617,17.75,0
2026-09-15 08:01:00+00:00,17.780000686645508,17.809999465942383,17.780000686645508,17.809999465942383,0
2026-09-15 08:02:00+00:00,17.780000686645508,17.799999237060547,17.780000686645508,17.799999237060547,0
2026-09-15 08:03:00+00:00,17.809999465942383,17.809999465942383,17.799999237060547,17.799999237060547,0
2026-09-15 08:04:00+00:00,17.799999237060547,17.829999923706055,17.799999237060547,17.829999923706055,0
2026-09-15 08:05:00+00:00,17.809999465942383,17.829999923706055,17.809999465942383,17.829999923706055,0
2026-09-15 08:06:00+00:00,17.81999969482422,17.81999969482422,17.81999969482422,17.81999969482422,0
2026-09-15 08:07:00+00:00,17.809999465942383,17.860000610351562,17.809999465942383,17.860000610351562,0
2026-09-15 08:08:00+00:00,17.8700008392334,17.940000534057617,17.8700008392334,17.940000534057617,0
2026-09-15 08:09:00+00:00,17.940000534057617,17.950000762939453,17.93000030517578,17.950000762939453,0
2026-09-15 08:10:00+00:00,17.969999313354492,18.020000457763672,17.969999313354492,18.010000228881836,0
2026-09-15 08:11:00+00:00,18.030000686645508,18.030000686645508,17.979999542236328,17.979999542236328,0
2026-09-15 08:12:00+00:00,17.959999084472656,17.959999084472656,17.950000762939453,17.950000762939453,0
2026-09-15 08:13:00+00:00,17.950000762939453,17.950000762939453,17.90999984741211,17.90999984741211,0
2026-09-15 08:14:00+00:00,17.90999984741211,17.920000076293945,17.899999618530273,17.899999618530273,0
2026-09-15 08:15:00+00:00,17.889999389648438,17.889999389648438,17.84000015258789,17.84000015258789,0
2026-09-15 08:16:00+00:00,17.829999923706055,17.8700008392334,17.829999923706055,17.850000381469727,0
2026-09-15 08:17:00+00:00,17.84000015258789,17.84000015258789,17.81999969482422,17.81999969482422,0
2026-09-15 08:18:00+00:00,17.81999969482422,17.81999969482422,17.799999237060547,17.799999237060547,0
2026-09-15 08:19:00+00:00,17.790000915527344,17.790000915527344,17.780000686645508,17.780000686645508,0
2026-09-15 08:20:00+00:00,17.760000228881836,17.760000228881836,17.709999084472656,17.709999084472656,0
2026-09-15 08:21:00+00:00,17.719999313354492,17.729999542236328,17.709999084472656,17.729999542236328,0
2026-09-15 08:22:00+00:00,17.719999313354492,17.729999542236328,17.709999084472656,17.709999084472656,0
2026-09-15 08:23:00+00:00,17.709999084472656,17.719999313354492,17.709999084472656,17.719999313354492,0
2026-09-15 08:24:00+00:00,17.729999542236328,17.760000228881836,17.729999542236328,17.75,0
2026-09-15 08:25:00+00:00,17.770000457763672,17.770000457763672,17.760000228881836,17.760000228881836,0
2026-09-15 08:26:00+00:00,17.760000228881836,17.760000228881836,17.760000228881836,17.760000228881836,0
2026-09-15 08:27:00+00:00,17.760000228881836,17.799999237060547,17.75,17.799999237060547,0
2026-09-15 08:28:00+00:00,17.799999237060547,17.829999923706055,17.799999237060547,17.829999923706055,0
2026-09-15 08:29:00+00:00,17.799999237060547,17.850000381469727,17.799999237060547,17.799999237060547,0
2026-09-15 08:30:00+00:00,17.809999465942383,17.829999923706055,17.799999237060547,17.799999237060547,0
2026-09-15 08:31:00+00:00,17.799999237060547,17.809999465942383,17.799999237060547,17.809999465942383,0
2026-09-15 08:32:00+00:00,17.809999465942383,17.81999969482422,17.809999465942383,17.81999969482422,0
2026-09-15 08:33:00+00:00,17.81999969482422,17.850000381469727,17.81999969482422,17.84000015258789,0
2026-09-15 08:34:00+00:00,17.829999923706055,17.829999923706055,17.81999969482422,17.829999923706055,0
2026-09-15 08:35:00+00:00,17.84000015258789,17.860000610351562,17.84000015258789,17.850000381469727,0
2026-09-15 08:36:00+00:00,17.81999969482422,17.81999969482422,17.799999237060547,17.809999465942383,0
2026-09-15 08:37:00+00:00,17.829999923706055,17.829999923706055,17.81999969482422,17.81999969482422,0
2026-09-15 08:38:00+00:00,17.81999969482422,17.829999923706055,17.799999237060547,17.799999237060547,0
2026-09-15 08:39:00+00:00,17.829999923706055,17.829999923706055,17.809999465942383,17.809999465942383,0
2026-09-15 08:40:00+00:00,17.809999465942383,17.81999969482422,17.809999465942383,17.809999465942383,0
2026-09-15 08:41:00+00:00,17.809999465942383,17.809999465942383,17.809999465942383,17.809999465942383,0
2026-09-15 08:42:00+00:00,17.809999465942383,17.81999969482422,17.809999465942383,17.809999465942383,0
2026-09-15 08:43:00+00:00,17.799999237060547,17.829999923706055,17.799999237060547,17.799999237060547,0
2026-09-15 08:44:00+00:00,17.799999237060547,17.84000015258789,17.799999237060547,17.829999923706055,0
2026-09-15 08:45:00+00:00,17.84000015258789,17.84000015258789,17.84000015258789,17.84000015258789,0
2026-09-15 08:46:00+00:00,17.84000015258789,17.850000381469727,17.84000015258789,17.84000015258789,0
2026-09-15 08:47:00+00:00,17.84000015258789,17.84000015258789,17.84000015258789,17.84000015258789,0
2026-09-15 08:48:00+00:00,17.84000015258789,17.84000015258789,17.84000015258789,17.84000015258789,0
2026-09-15 08:49:00+00:00,17.84000015258789,17.84000015258789,17.829999923706055,17.829999923706055,0
2026-09-15 08:50:00+00:00,17.829999923706055,17.829999923706055,17.809999465942383,17.81999969482422,0
2026-09-15 08:51:00+00:00,17.81999969482422,17.81999969482422,17.81999969482422,17.81999969482422,0
2026-09-15 08:52:00+00:00,17.81999969482422,17.81999969482422,17.809999465942383,17.809999465942383,0
2026-09-15 08:53:00+00:00,17.81999969482422,17.81999969482422,17.809999465942383,17.809999465942383,0
2026-09-15 08:54:00+00:00,17.81999969482422,17.81999969482422,17.809999465942383,17.809999465942383,0
2026-09-15 08:55:00+00:00,17.809999465942383,17.829999923706055,17.809999465942383,17.829999923706055,0
2026-09-15 08:56:00+00:00,17.829999923706055,17.829999923706055,17.829999923706055,17.829999923706055,0
2026-09-15 08:57:00+00:00,17.829999923706055,17.829999923706055,17.780000686645508,17.780000686645508,0
2026-09-15 08:58:00+00:00,17.809999465942383,17.81999969482422,17.809999465942383,17.81999969482422,0
2026-09-15 08:59:00+00:00,17.81999969482422,17.81999969482422,17.809999465942383,17.81999969482422,0
2026-09-15 09:00:00+00:00,17.809999465942383,17.84000015258789,17.809999465942383,17.84000015258789,0
2026-09-15 09:01:00+00:00,17.84000015258789,17.84000015258789,17.84000015258789,17.84000015258789,0
2026-09-15 09:02:00+00:00,17.829999923706055,17.860000610351562,17.829999923706055,17.860000610351562,0
2026-09-15 09:03:00+00:00,17.8700008392334,17.8700008392334,17.84000015258789,17.84000015258789,0
2026-09-15 09:04:00+00:00,17.84000015258789,17.860000610351562,17.84000015258789,17.860000610351562,0
2026-09-15 09:05:00+00:00,17.850000381469727,17.860000610351562,17.84000015258789,17.84000015258789,0
2026-09-15 09:06:00+00:00,17.81999969482422,17.829999923706055,17.81999969482422,17.829999923706055,0
2026-09-15 09:07:00+00:00,17.84000015258789,17.860000610351562,17.84000015258789,17.860000610351562,0
2026-09-15 09:08:00+00:00,17.8799991607666,17.889999389648438,17.8799991607666,17.8799991607666,0
2026-09-15 09:09:00+00:00,17.8700008392334,17.8700008392334,17.8700008392334,17.8700008392334,0
2026-09-15 09:10:00+00:00,17.8799991607666,17.8799991607666,17.8799991607666,17.8799991607666,0
2026-09-15 09:11:00+00:00,17.889999389648438,17.889999389648438,17.860000610351562,17.860000610351562,0
2026-09-15 09:12:00+00:00,17.84000015258789,17.8700008392334,17.84000015258789,17.8700008392334,0
2026-09-15 09:13:00+00:00,17.8799991607666,17.889999389648438,17.8799991607666,17.889999389648438,0
2026-09-15 09:14:00+00:00,17.899999618530273,17.899999618530273,17.889999389648438,17.889999389648438,0
2026-09-15 09:15:00+00:00,17.8700008392334,17.899999618530273,17.8700008392334,17.8799991607666,0
2026-09-15 09:16:00+00:00,17.8799991607666,17.8799991607666,17.860000610351562,17.8799991607666,0
2026-09-15 09:17:00+00:00,17.889999389648438,17.920000076293945,17.889999389648438,17.920000076293945,0
2026-09-15 09:18:00+00:00,17.93000030517578,17.950000762939453,17.93000030517578,17.950000762939453,0
2026-09-15 09:19:00+00:00,17.950000762939453,17.950000762939453,17.950000762939453,17.950000762939453,0
2026-09-15 09:20:00+00:00,17.940000534057617,17.940000534057617,17.920000076293945,17.920000076293945,0
2026-09-15 09:21:00+00:00,17.93000030517578,17.93000030517578,17.93000030517578,17.93000030517578,0
2026-09-15 09:22:00+00:00,17.93000030517578,17.940000534057617,17.920000076293945,17.920000076293945,0
2026-09-15 09:23:00+00:00,17.90999984741211,17.940000534057617,17.90999984741211,17.940000534057617,0
2026-09-15 09:24:00+00:00,17.90999984741211,17.940000534057617,17.90999984741211,17.940000534057617,0
2026-09-15 09:25:00+00:00,17.940000534057617,17.940000534057617,17.90999984741211,17.93000030517578,0
2026-09-15 09:26:00+00:00,17.93000030517578,17.93000030517578,17.920000076293945,17.920000076293945,0
2026-09-15 09:27:00+00:00,17.90999984741211,17.90999984741211,17.889999389648438,17.889999389648438,0
2026-09-15 09:28:00+00:00,17.8799991607666,17.8799991607666,17.850000381469727,17.850000381469727,0
2026-09-15 09:29:00+00:00,17.860000610351562,17.860000610351562,17.860000610351562,17.860000610351562,0
2026-09-15 09:30:00+00:00,17.860000610351562,17.860000610351562,17.84000015258789,17.84000015258789,0
2026-09-15 09:31:00+00:00,17.850000381469727,17.850000381469727,17.81999969482422,17.81999969482422,0
2026-09-15 09:32:00+00:00,17.829999923706055,17.84000015258789,17.829999923706055,17.84000015258789,0
2026-09-15 09:33:00+00:00,17.829999923706055,17.850000381469727,17.829999923706055,17.850000381469727,0
2026-09-15 09:34:00+00:00,17.84000015258789,17.84000015258789,17.809999465942383,17.809999465942383,0
2026-09-15 09:35:00+00:00,17.799999237060547,17.799999237060547,17.770000457763672,17.770000457763672,0
2026-09-15 09:36:00+00:00,17.760000228881836,17.760000228881836,17.739999771118164,17.739999771118164,0
2026-09-15 09:37:00+00:00,17.739999771118164,17.739999771118164,17.719999313354492,17.719999313354492,0
2026-09-15 09:38:00+00:00,17.709999084472656,17.709999084472656,17.690000534057617,17.700000762939453,0
2026-09-15 09:39:00+00:00,17.700000762939453,17.700000762939453,17.68000030517578,17.68000030517578,0
2026-09-15 09:40:00+00:00,17.690000534057617,17.690000534057617,17.690000534057617,17.690000534057617,0
2026-09-15 09:41:00+00:00,17.690000534057617,17.700000762939453,17.690000534057617,17.700000762939453,0
2026-09-15 09:42:00+00:00,17.690000534057617,17.690000534057617,17.690000534057617,17.690000534057617,0
2026-09-15 09:43:00+00:00,17.68000030517578,17.68000030517578,17.68000030517578,17.68000030517578,0
2026-09-15 09:44:00+00:00,17.68000030517578,17.690000534057617,17.68000030517578,17.690000534057617,0
2026-09-15 09:45:00+00:00,17.690000534057617,17.690000534057617,17.690000534057617,17.690000534057617,0
2026-09-15 09:46:00+00:00,17.68000030517578,17.68000030517578,17.649999618530273,17.649999618530273,0
2026-09-15 09:47:00+00:00,17.649999618530273,17.649999618530273,17.610000610351562,17.610000610351562,0
2026-09-15 09:48:00+00:00,17.610000610351562,17.610000610351562,17.579999923706055,17.579999923706055,0
2026-09-15 09:49:00+00:00,17.559999465942383,17.559999465942383,17.559999465942383,17.559999465942383,0
2026-09-15 09:50:00+00:00,17.559999465942383,17.559999465942383,17.549999237060547,17.549999237060547,0
2026-09-15 09:51:00+00:00,17.549999237060547,17.549999237060547,17.540000915527344,17.540000915527344,0
2026-09-15 09:52:00+00:00,17.540000915527344,17.540000915527344,17.510000228881836,17.530000686645508,0
2026-09-15 09:53:00+00:00,17.549999237060547,17.549999237060547,17.549999237060547,17.549999237060547,0
2026-09-15 09:54:00+00:00,17.540000915527344,17.540000915527344,17.510000228881836,17.510000228881836,0
2026-09-15 09:55:00+00:00,17.510000228881836,17.510000228881836,17.5,17.5,0
2026-09-15 09:56:00+00:00,17.5,17.5,17.5,17.5,0
2026-09-15 09:57:00+00:00,17.5,17.520000457763672,17.5,17.520000457763672,0
2026-09-15 09:58:00+00:00,17.520000457763672,17.530000686645508,17.520000457763672,17.530000686645508,0
2026-09-15 09:59:00+00:00,17.530000686645508,17.530000686645508,17.520000457763672,17.520000457763672,0
2026-09-15 10:00:00+00:00,17.510000228881836,17.510000228881836,17.489999771118164,17.489999771118164,0
2026-09-15 10:01:00+00:00,17.479999542236328,17.489999771118164,17.479999542236328,17.489999771118164,0
2026-09-15 10:02:00+00:00,17.489999771118164,17.489999771118164,17.479999542236328,17.479999542236328,0
2026-09-15 10:03:00+00:00,17.479999542236328,17.479999542236328,17.479999542236328,17.479999542236328,0
2026-09-15 10:04:00+00:00,17.469999313354492,17.489999771118164,17.469999313354492,17.489999771118164,0
2026-09-15 10:05:00+00:00,17.479999542236328,17.489999771118164,17.479999542236328,17.479999542236328,0
2026-09-15 10:06:00+00:00,17.489999771118164,17.489999771118164,17.479999542236328,17.479999542236328,0
2026-09-15 10:07:00+00:00,17.479999542236328,17.479999542236328,17.479999542236328,17.479999542236328,0
2026-09-15 10:08:00+00:00,17.479999542236328,17.479999542236328,17.459999084472656,17.459999084472656,0
2026-09-15 10:09:00+00:00,17.459999084472656,17.459999084472656,17.459999084472656,17.459999084472656,0
2026-09-15 10:10:00+00:00,17.459999084472656,17.459999084472656,17.43000030517578,17.43000030517578,0
2026-09-15 10:11:00+00:00,17.43000030517578,17.43000030517578,17.350000381469727,17.399999618530273,0
2026-09-15 10:12:00+00:00,17.399999618530273,17.43000030517578,17.399999618530273,17.43000030517578,0
2026-09-15 10:13:00+00:00,17.43000030517578,17.43000030517578,17.43000030517578,17.43000030517578,0
2026-09-15 10:14:00+00:00,17.43000030517578,17.43000030517578,17.420000076293945,17.420000076293945,0
2026-09-15 10:15:00+00:00,17.420000076293945,17.440000534057617,17.420000076293945,17.43000030517578,0
2026-09-15 10:16:00+00:00,17.43000030517578,17.459999084472656,17.43000030517578,17.459999084472656,0
2026-09-15 10:17:00+00:00,17.459999084472656,17.459999084472656,17.450000762939453,17.459999084472656,0
2026-09-15 10:18:00+00:00,17.450000762939453,17.469999313354492,17.450000762939453,17.459999084472656,0
2026-09-15 10:19:00+00:00,17.450000762939453,17.450000762939453,17.450000762939453,17.450000762939453,0
2026-09-15 10:20:00+00:00,17.450000762939453,17.450000762939453,17.43000030517578,17.43000030517578,0
2026-09-15 10:21:00+00:00,17.420000076293945,17.43000030517578,17.420000076293945,17.43000030517578,0
2026-09-15 10:22:00+00:00,17.440000534057617,17.440000534057617,17.440000534057617,17.440000534057617,0
2026-09-15 10:23:00+00:00,17.440000534057617,17.440000534057617,17.420000076293945,17.420000076293945,0
2026-09-15 10:24:00+00:00,17.40999984741211,17.40999984741211,17.399999618530273,17.399999618530273,0
2026-09-15 10:25:00+00:00,17.399999618530273,17.399999618530273,17.399999618530273,17.399999618530273,0
2026-09-15 10:26:00+00:00,17.399999618530273,17.399999618530273,17.399999618530273,17.399999618530273,0
2026-09-15 10:27:00+00:00,17.399999618530273,17.399999618530273,17.399999618530273,17.399999618530273,0
2026-09-15 10:28:00+00:00,17.40999984741211,17.40999984741211,17.40999984741211,17.40999984741211,0
2026-09-15 10:29:00+00:00,17.40999984741211,17.40999984741211,17.40999984741211,17.40999984741211,0
2026-09-15 10:30:00+00:00,17.399999618530273,17.40999984741211,17.399999618530273,17.40999984741211,0
2026-09-15 10:31:00+00:00,17.40999984741211,17.40999984741211,17.40999984741211,17.40999984741211,0
2026-09-15 10:32:00+00:00,17.420000076293945,17.420000076293945,17.399999618530273,17.399999618530273,0
2026-09-15 10:33:00+00:00,17.399999618530273,17.399999618530273,17.3799991607666,17.3799991607666,0
2026-09-15 10:34:00+00:00,17.3799991607666,17.3799991607666,17.3799991607666,17.3799991607666,0
2026-09-15 10:35:00+00:00,17.3700008392334,17.3700008392334,17.3700008392334,17.3700008392334,0
2026-09-15 10:36:00+00:00,17.3700008392334,17.3700008392334,17.360000610351562,17.360000610351562,0
2026-09-15 10:37:00+00:00,17.360000610351562,17.3700008392334,17.360000610351562,17.360000610351562,0
2026-09-15 10:38:00+00:00,17.360000610351562,17.360000610351562,17.350000381469727,17.350000381469727,0
2026-09-15 10:39:00+00:00,17.350000381469727,17.360000610351562,17.260000228881836,17.260000228881836,0
2026-09-15 10:40:00+00:00,17.260000228881836,17.260000228881836,17.25,17.25,0
2026-09-15 10:41:00+00:00,17.25,17.260000228881836,17.25,17.260000228881836,0
2026-09-15 10:42:00+00:00,17.260000228881836,17.260000228881836,17.219999313354492,17.219999313354492,0
2026-09-15 10:43:00+00:00,17.219999313354492,17.25,17.219999313354492,17.25,0
2026-09-15 10:44:00+00:00,17.25,17.25,17.229999542236328,17.229999542236328,0
2026-09-15 10:45:00+00:00,17.229999542236328,17.239999771118164,17.229999542236328,17.239999771118164,0
2026-09-15 10:46:00+00:00,17.239999771118164,17.239999771118164,17.239999771118164,17.239999771118164,0
2026-09-15 10:47:00+00:00,17.239999771118164,17.25,17.239999771118164,17.25,0
2026-09-15 10:48:00+00:00,17.25,17.25,17.25,17.25,0
2026-09-15 10:49:00+00:00,17.239999771118164,17.239999771118164,17.229999542236328,17.229999542236328,0
2026-09-15 10:50:00+00:00,17.200000762939453,17.209999084472656,17.200000762939453,17.209999084472656,0
2026-09-15 10:51:00+00:00,17.200000762939453,17.200000762939453,17.190000534057617,17.190000534057617,0
2026-09-15 10:52:00+00:00,17.18000030517578,17.18000030517578,17.170000076293945,17.170000076293945,0
2026-09-15 10:53:00+00:00,17.170000076293945,17.18000030517578,17.170000076293945,17.170000076293945,0
2026-09-15 10:54:00+00:00,17.170000076293945,17.170000076293945,17.139999389648438,17.149999618530273,0
2026-09-15 10:55:00+00:00,17.139999389648438,17.139999389648438,17.139999389648438,17.139999389648438,0
2026-09-15 10:56:00+00:00,17.110000610351562,17.1299991607666,17.110000610351562,17.1299991607666,0
2026-09-15 10:57:00+00:00,17.1299991607666,17.1299991607666,17.1299991607666,17.1299991607666,0
2026-09-15 10:58:00+00:00,17.139999389648438,17.139999389648438,17.1299991607666,17.139999389648438,0
2026-09-15 10:59:00+00:00,17.139999389648438,17.139999389648438,17.139999389648438,17.139999389648438,0
2026-09-15 11:00:00+00:00,17.139999389648438,17.139999389648438,17.100000381469727,17.100000381469727,0
2026-09-15 11:01:00+00:00,17.110000610351562,17.110000610351562,17.110000610351562,17.110000610351562,0
2026-09-15 11:02:00+00:00,17.110000610351562,17.110000610351562,17.09000015258789,17.09000015258789,0
2026-09-15 11:03:00+00:00,17.100000381469727,17.1200008392334,17.100000381469727,17.1200008392334,0
2026-09-15 11:04:00+00:00,17.1200008392334,17.1200008392334,17.1200008392334,17.1200008392334,0
2026-09-15 11:05:00+00:00,17.110000610351562,17.1299991607666,17.110000610351562,17.1299991607666,0
2026-09-15 11:06:00+00:00,17.1200008392334,17.1200008392334,17.1200008392334,17.1200008392334,0
2026-09-15 11:07:00+00:00,17.1299991607666,17.1299991607666,17.110000610351562,17.110000610351562,0
2026-09-15 11:08:00+00:00,17.100000381469727,17.100000381469727,17.100000381469727,17.100000381469727,0
2026-09-15 11:09:00+00:00,17.100000381469727,17.100000381469727,17.079999923706055,17.079999923706055,0
2026-09-15 11:10:00+00:00,17.049999237060547,17.059999465942383,17.049999237060547,17.049999237060547,0
2026-09-15 11:11:00+00:00,17.049999237060547,17.049999237060547,17.049999237060547,17.049999237060547,0
2026-09-15 11:12:00+00:00,17.049999237060547,17.059999465942383,17.049999237060547,17.059999465942383,0
2026-09-15 11:13:00+00:00,17.059999465942383,17.059999465942383,17.059999465942383,17.059999465942383,0
2026-09-15 11:14:00+00:00,17.059999465942383,17.06999969482422,17.059999465942383,17.06999969482422,0
2026-09-15 11:15:00+00:00,17.059999465942383,17.06999969482422,17.059999465942383,17.06999969482422,0
2026-09-15 11:16:00+00:00,17.06999969482422,17.06999969482422,17.059999465942383,17.059999465942383,0
2026-09-15 11:17:00+00:00,17.06999969482422,17.06999969482422,17.059999465942383,17.059999465942383,0
2026-09-15 11:18:00+00:00,17.059999465942383,17.059999465942383,17.040000915527344,17.040000915527344,0
2026-09-15 11:19:00+00:00,17.030000686645508,17.030000686645508,17.020000457763672,17.030000686645508,0
2026-09-15 11:20:00+00:00,17.040000915527344,17.040000915527344,17.040000915527344,17.040000915527344,0
2026-09-15 11:21:00+00:00,17.040000915527344,17.049999237060547,17.040000915527344,17.049999237060547,0
2026-09-15 11:22:00+00:00,17.049999237060547,17.049999237060547,17.040000915527344,17.040000915527344,0
2026-09-15 11:23:00+00:00,17.040000915527344,17.049999237060547,17.040000915527344,17.049999237060547,0
2026-09-15 11:24:00+00:00,17.049999237060547,17.049999237060547,17.049999237060547,17.049999237060547,0
2026-09-15 11:25:00+00:00,17.059999465942383,17.059999465942383,17.049999237060547,17.049999237060547,0
2026-09-15 11:26:00+00:00,17.059999465942383,17.059999465942383,17.059999465942383,17.059999465942383,0
2026-09-15 11:27:00+00:00,17.06999969482422,17.079999923706055,17.06999969482422,17.079999923706055,0
2026-09-15 11:28:00+00:00,17.06999969482422,17.06999969482422,17.06999969482422,17.06999969482422,0
2026-09-15 11:29:00+00:00,17.059999465942383,17.06999969482422,17.059999465942383,17.06999969482422,0
2026-09-15 11:30:00+00:00,17.06999969482422,17.06999969482422,17.06999969482422,17.06999969482422,0
2026-09-15 11:31:00+00:00,17.09000015258789,17.09000015258789,17.09000015258789,17.09000015258789,0
2026-09-15 11:32:00+00:00,17.09000015258789,17.110000610351562,17.09000015258789,17.110000610351562,0
2026-09-15 11:33:00+00:00,17.110000610351562,17.110000610351562,17.110000610351562,17.110000610351562,0
2026-09-15 11:34:00+00:00,17.110000610351562,17.110000610351562,17.100000381469727,17.100000381469727,0
2026-09-15 11:35:00+00:00,17.079999923706055,17.079999923706055,17.049999237060547,17.059999465942383,0
2026-09-15 11:36:00+00:00,17.06999969482422,17.079999923706055,17.06999969482422,17.06999969482422,0
2026-09-15 11:37:00+00:00,17.079999923706055,17.079999923706055,17.079999923706055,17.079999923706055,0
2026-09-15 11:38:00+00:00,17.079999923706055,17.079999923706055,17.079999923706055,17.079999923706055,0
2026-09-15 11:39:00+00:00,17.09000015258789,17.110000610351562,17.09000015258789,17.110000610351562,0
2026-09-15 11:40:00+00:00,17.110000610351562,17.110000610351562,17.100000381469727,17.100000381469727,0
2026-09-15 11:41:00+00:00,17.110000610351562,17.110000610351562,17.110000610351562,17.110000610351562,0
2026-09-15 11:42:00+00:00,17.1200008392334,17.1200008392334,17.110000610351562,17.110000610351562,0
2026-09-15 11:43:00+00:00,17.110000610351562,17.110000610351562,17.100000381469727,17.100000381469727,0
2026-09-15 11:44:00+00:00,17.100000381469727,17.100000381469727,17.09000015258789,17.100000381469727,0
2026-09-15 11:45:00+00:00,17.100000381469727,17.100000381469727,17.100000381469727,17.100000381469727,0
2026-09-15 11:46:00+00:00,17.100000381469727,17.100000381469727,17.100000381469727,17.100000381469727,0
2026-09-15 11:47:00+00:00,17.100000381469727,17.110000610351562,17.09000015258789,17.09000015258789,0
2026-09-15 11:48:00+00:00,17.100000381469727,17.110000610351562,17.100000381469727,17.100000381469727,0
2026-09-15 11:49:00+00:00,17.100000381469727,17.110000610351562,17.100000381469727,17.110000610351562,0
2026-09-15 11:50:00+00:00,17.110000610351562,17.110000610351562,17.06999969482422,17.06999969482422,0
2026-09-15 11:51:00+00:00,17.06999969482422,17.06999969482422,17.059999465942383,17.059999465942383,0
2026-09-15 11:52:00+00:00,17.059999465942383,17.079999923706055,17.059999465942383,17.079999923706055,0
2026-09-15 11:53:00+00:00,17.079999923706055,17.079999923706055,17.079999923706055,17.079999923706055,0
2026-09-15 11:54:00+00:00,17.100000381469727,17.100000381469727,17.100000381469727,17.100000381469727,0
2026-09-15 11:55:00+00:00,17.100000381469727,17.100000381469727,17.100000381469727,17.100000381469727,0
2026-09-15 11:56:00+00:00,17.100000381469727,17.100000381469727,17.079999923706055,17.079999923706055,0
2026-09-15 11:57:00+00:00,17.079999923706055,17.079999923706055,17.059999465942383,17.059999465942383,0
2026-09-15 11:58:00+00:00,17.059999465942383,17.059999465942383,17.040000915527344,17.049999237060547,0
2026-09-15 11:59:00+00:00,17.049999237060547,17.049999237060547,17.040000915527344,17.040000915527344,0
2026-09-15 12:00:00+00:00,17.040000915527344,17.040000915527344,17.040000915527344,17.040000915527344,0
2026-09-15 12:01:00+00:00,17.030000686645508,17.030000686645508,17.020000457763672,17.020000457763672,0
2026-09-15 12:02:00+00:00,17.020000457763672,17.040000915527344,17.020000457763672,17.040000915527344,0
2026-09-15 12:03:00+00:00,17.049999237060547,17.06999969482422,17.049999237060547,17.06999969482422,0
2026-09-15 12:04:00+00:00,17.06999969482422,17.06999969482422,17.049999237060547,17.059999465942383,0
2026-09-15 12:05:00+00:00,17.049999237060547,17.059999465942383,17.049999237060547,17.059999465942383,0
2026-09-15 12:06:00+00:00,17.06999969482422,17.06999969482422,17.059999465942383,17.059999465942383,0
2026-09-15 12:07:00+00:00,17.059999465942383,17.059999465942383,17.059999465942383,17.059999465942383,0
2026-09-15 12:08:00+00:00,17.049999237060547,17.059999465942383,17.049999237060547,17.059999465942383,0
2026-09-15 12:09:00+00:00,17.059999465942383,17.06999969482422,17.059999465942383,17.059999465942383,0
2026-09-15 12:10:00+00:00,17.059999465942383,17.059999465942383,17.030000686645508,17.030000686645508,0
2026-09-15 12:11:00+00:00,17.030000686645508,17.030000686645508,16.989999771118164,16.989999771118164,0
2026-09-15 12:12:00+00:00,16.979999542236328,16.979999542236328,16.979999542236328,16.979999542236328,0
2026-09-15 12:13:00+00:00,16.989999771118164,17.0,16.989999771118164,17.0,0
2026-09-15 12:14:00+00:00,17.0,17.0,16.989999771118164,16.989999771118164,0
2026-09-15 12:15:00+00:00,16.989999771118164,17.0,16.989999771118164,17.0,0
2026-09-15 12:16:00+00:00,17.0,17.010000228881836,17.0,17.010000228881836,0
2026-09-15 12:17:00+00:00,17.010000228881836,17.010000228881836,17.0,17.0,0
2026-09-15 12:18:00+00:00,16.989999771118164,17.0,16.979999542236328,17.0,0
2026-09-15 12:19:00+00:00,17.010000228881836,17.020000457763672,17.0,17.0,0
2026-09-15 12:20:00+00:00,17.0,17.020000457763672,17.0,17.010000228881836,0
2026-09-15 12:21:00+00:00,17.020000457763672,17.030000686645508,17.010000228881836,17.030000686645508,0
2026-09-15 12:22:00+00:00,17.040000915527344,17.049999237060547,17.040000915527344,17.049999237060547,0
2026-09-15 12:23:00+00:00,17.059999465942383,17.09000015258789,17.059999465942383,17.09000015258789,0
2026-09-15 12:24:00+00:00,17.110000610351562,17.1200008392334,17.110000610351562,17.110000610351562,0
2026-09-15 12:25:00+00:00,17.110000610351562,17.110000610351562,17.100000381469727,17.100000381469727,0
2026-09-15 12:26:00+00:00,17.09000015258789,17.09000015258789,17.09000015258789,17.09000015258789,0
2026-09-15 12:27:00+00:00,17.079999923706055,17.079999923706055,17.049999237060547,17.049999237060547,0
2026-09-15 12:28:00+00:00,17.040000915527344,17.040000915527344,17.040000915527344,17.040000915527344,0
2026-09-15 12:29:00+00:00,17.049999237060547,17.049999237060547,17.040000915527344,17.049999237060547,0
2026-09-15 12:30:00+00:00,17.040000915527344,17.049999237060547,17.040000915527344,17.049999237060547,0
2026-09-15 12:31:00+00:00,17.049999237060547,17.059999465942383,17.049999237060547,17.059999465942383,0
2026-09-15 12:32:00+00:00,17.059999465942383,17.079999923706055,17.059999465942383,17.079999923706055,0
2026-09-15 12:33:00+00:00,17.079999923706055,17.09000015258789,17.079999923706055,17.09000015258789,0
2026-09-15 12:34:00+00:00,17.079999923706055,17.079999923706055,17.020000457763672,17.020000457763672,0
2026-09-15 12:35:00+00:00,17.010000228881836,17.010000228881836,17.010000228881836,17.010000228881836,0
2026-09-15 12:36:00+00:00,17.010000228881836,17.010000228881836,17.0,17.010000228881836,0
2026-09-15 12:37:00+00:00,17.010000228881836,17.010000228881836,17.0,17.0,0
2026-09-15 12:38:00+00:00,17.010000228881836,17.010000228881836,17.0,17.0,0
2026-09-15 12:39:00+00:00,17.0,17.0,16.989999771118164,16.989999771118164,0
2026-09-15 12:40:00+00:00,16.989999771118164,17.0,16.989999771118164,17.0,0
2026-09-15 12:41:00+00:00,17.0,17.010000228881836,17.0,17.010000228881836,0
2026-09-15 12:42:00+00:00,17.020000457763672,17.030000686645508,17.020000457763672,17.030000686645508,0
2026-09-15 12:43:00+00:00,17.040000915527344,17.040000915527344,17.020000457763672,17.020000457763672,0
2026-09-15 12:44:00+00:00,17.020000457763672,17.020000457763672,17.010000228881836,17.010000228881836,0
2026-09-15 12:45:00+00:00,17.010000228881836,17.010000228881836,16.979999542236328,16.979999542236328,0
2026-09-15 12:46:00+00:00,16.979999542236328,16.979999542236328,16.969999313354492,16.969999313354492,0
2026-09-15 12:47:00+00:00,16.93000030517578,16.93000030517578,16.920000076293945,16.93000030517578,0
2026-09-15 12:48:00+00:00,16.93000030517578,16.93000030517578,16.860000610351562,16.860000610351562,0
2026-09-15 12:49:00+00:00,16.81999969482422,16.850000381469727,16.81999969482422,16.84000015258789,0
2026-09-15 12:50:00+00:00,16.850000381469727,16.8700008392334,16.850000381469727,16.860000610351562,0
2026-09-15 12:51:00+00:00,16.860000610351562,16.8700008392334,16.850000381469727,16.8700008392334,0
2026-09-15 12:52:00+00:00,16.860000610351562,16.8700008392334,16.860000610351562,16.8700008392334,0
2026-09-15 12:53:00+00:00,16.860000610351562,16.860000610351562,16.84000015258789,16.850000381469727,0
2026-09-15 12:54:00+00:00,16.829999923706055,16.829999923706055,16.809999465942383,16.81999969482422,0
2026-09-15 12:55:00+00:00,16.809999465942383,16.84000015258789,16.790000915527344,16.84000015258789,0
2026-09-15 12:56:00+00:00,16.860000610351562,16.8799991607666,16.860000610351562,16.8799991607666,0
2026-09-15 12:57:00+00:00,16.8799991607666,16.899999618530273,16.8799991607666,16.899999618530273,0
2026-09-15 12:58:00+00:00,16.860000610351562,16.889999389648438,16.860000610351562,16.8799991607666,0
2026-09-15 12:59:00+00:00,16.889999389648438,16.889999389648438,16.889999389648438,16.889999389648438,0
2026-09-15 13:00:00+00:00,16.889999389648438,16.889999389648438,16.8799991607666,16.8799991607666,0
2026-09-15 13:01:00+00:00,16.8799991607666,16.8799991607666,16.8799991607666,16.8799991607666,0
2026-09-15 13:02:00+00:00,16.889999389648438,16.90999984741211,16.889999389648438,16.90999984741211,0
2026-09-15 13:03:00+00:00,16.899999618530273,16.90999984741211,16.899999618530273,16.899999618530273,0
2026-09-15 13:04:00+00:00,16.889999389648438,16.889999389648438,16.850000381469727,16.850000381469727,0
2026-09-15 13:05:00+00:00,16.8799991607666,16.8799991607666,16.8799991607666,16.8799991607666,0
2026-09-15 13:06:00+00:00,16.8799991607666,16.8799991607666,16.8700008392334,16.8700008392334,0
2026-09-15 13:07:00+00:00,16.8700008392334,16.8799991607666,16.8700008392334,16.8799991607666,0
2026-09-15 13:08:00+00:00,16.8700008392334,16.8799991607666,16.8700008392334,16.8799991607666,0
2026-09-15 13:09:00+00:00,16.8700008392334,16.8799991607666,16.8700008392334,16.8799991607666,0
2026-09-15 13:10:00+00:00,16.889999389648438,16.889999389648438,16.8799991607666,16.8799991607666,0
2026-09-15 13:11:00+00:00,16.8799991607666,16.8799991607666,16.8799991607666,16.8799991607666,0
2026-09-15 13:12:00+00:00,16.889999389648438,16.889999389648438,16.889999389648438,16.889999389648438,0
2026-09-15 13:13:00+00:00,16.889999389648438,16.889999389648438,16.889999389648438,16.889999389648438,0
2026-09-15 13:14:00+00:00,16.889999389648438,16.90999984741211,16.889999389648438,16.90999984741211,0
2026-09-15 13:15:00+00:00,16.90999984741211,16.90999984741211,16.889999389648438,16.889999389648438,0
2026-09-15 13:16:00+00:00,16.889999389648438,16.889999389648438,16.84000015258789,16.84000015258789,0
2026-09-15 13:17:00+00:00,16.860000610351562,16.860000610351562,16.860000610351562,16.860000610351562,0
2026-09-15 13:18:00+00:00,16.850000381469727,16.8700008392334,16.850000381469727,16.8700008392334,0
2026-09-15 13:19:00+00:00,16.8799991607666,16.8799991607666,16.8799991607666,16.8799991607666,0
2026-09-15 13:20:00+00:00,16.8799991607666,16.8799991607666,16.860000610351562,16.860000610351562,0
2026-09-15 13:21:00+00:00,16.8700008392334,16.8700008392334,16.860000610351562,16.860000610351562,0
2026-09-15 13:22:00+00:00,16.850000381469727,16.8799991607666,16.850000381469727,16.8799991607666,0
2026-09-15 13:23:00+00:00,16.8700008392334,16.8700008392334,16.850000381469727,16.850000381469727,0
2026-09-15 13:24:00+00:00,16.84000015258789,16.850000381469727,16.84000015258789,16.84000015258789,0
2026-09-15 13:25:00+00:00,16.84000015258789,16.84000015258789,16.84000015258789,16.84000015258789,0
2026-09-15 13:31:00+00:00,16.989999771118164,17.09000015258789,16.989999771118164,17.06999969482422,0
2026-09-15 13:32:00+00:00,17.100000381469727,17.149999618530273,17.100000381469727,17.1299991607666,0
2026-09-15 13:33:00+00:00,17.1299991607666,17.1299991607666,17.1200008392334,17.1200008392334,0
2026-09-15 13:34:00+00:00,17.15999984741211,17.170000076293945,17.139999389648438,17.139999389648438,0
2026-09-15 13:35:00+00:00,17.139999389648438,17.139999389648438,17.059999465942383,17.059999465942383,0
2026-09-15 13:36:00+00:00,17.040000915527344,17.040000915527344,16.989999771118164,16.989999771118164,0
2026-09-15 13:37:00+00:00,16.969999313354492,16.969999313354492,16.940000534057617,16.940000534057617,0
2026-09-15 13:38:00+00:00,16.940000534057617,16.940000534057617,16.90999984741211,16.90999984741211,0
2026-09-15 13:39:00+00:00,16.899999618530273,16.920000076293945,16.899999618530273,16.899999618530273,0
2026-09-15 13:40:00+00:00,16.90999984741211,16.920000076293945,16.90999984741211,16.920000076293945,0
2026-09-15 13:41:00+00:00,16.899999618530273,16.93000030517578,16.899999618530273,16.93000030517578,0
2026-09-15 13:42:00+00:00,16.93000030517578,16.950000762939453,16.93000030517578,16.950000762939453,0
2026-09-15 13:43:00+00:00,16.969999313354492,16.979999542236328,16.959999084472656,16.959999084472656,0
2026-09-15 13:44:00+00:00,16.940000534057617,16.940000534057617,16.899999618530273,16.899999618530273,0
2026-09-15 13:45:00+00:00,16.90999984741211,16.90999984741211,16.889999389648438,16.899999618530273,0
2026-09-15 13:46:00+00:00,16.920000076293945,16.989999771118164,16.920000076293945,16.989999771118164,0
2026-09-15 13:47:00+00:00,17.0,17.049999237060547,17.0,17.049999237060547,0
2026-09-15 13:48:00+00:00,17.049999237060547,17.06999969482422,17.049999237060547,17.06999969482422,0
2026-09-15 13:49:00+00:00,17.09000015258789,17.1200008392334,17.09000015258789,17.110000610351562,0
2026-09-15 13:50:00+00:00,17.110000610351562,17.110000610351562,17.06999969482422,17.09000015258789,0
2026-09-15 13:51:00+00:00,17.09000015258789,17.09000015258789,17.09000015258789,17.09000015258789,0
2026-09-15 13:52:00+00:00,17.06999969482422,17.079999923706055,17.049999237060547,17.049999237060547,0
2026-09-15 13:53:00+00:00,17.040000915527344,17.049999237060547,17.030000686645508,17.040000915527344,0
2026-09-15 13:54:00+00:00,17.020000457763672,17.040000915527344,17.020000457763672,17.040000915527344,0
2026-09-15 13:55:00+00:00,17.030000686645508,17.030000686645508,16.959999084472656,16.959999084472656,0
2026-09-15 13:56:00+00:00,16.959999084472656,16.979999542236328,16.959999084472656,16.969999313354492,0
2026-09-15 13:57:00+00:00,16.979999542236328,16.979999542236328,16.979999542236328,16.979999542236328,0
2026-09-15 13:58:00+00:00,16.969999313354492,16.979999542236328,16.959999084472656,16.959999084472656,0
2026-09-15 13:59:00+00:00,16.959999084472656,16.979999542236328,16.959999084472656,16.959999084472656,0
2026-09-15 14:00:00+00:00,16.959999084472656,16.979999542236328,16.959999084472656,16.979999542236328,0
2026-09-15 14:01:00+00:00,16.989999771118164,17.020000457763672,16.989999771118164,17.020000457763672,0
2026-09-15 14:02:00+00:00,17.010000228881836,17.030000686645508,17.010000228881836,17.030000686645508,0
2026-09-15 14:03:00+00:00,17.030000686645508,17.040000915527344,17.030000686645508,17.040000915527344,0
2026-09-15 14:04:00+00:00,17.059999465942383,17.059999465942383,17.049999237060547,17.049999237060547,0
2026-09-15 14:05:00+00:00,17.079999923706055,17.09000015258789,17.079999923706055,17.09000015258789,0
2026-09-15 14:06:00+00:00,17.100000381469727,17.1200008392334,17.09000015258789,17.1200008392334,0
2026-09-15 14:07:00+00:00,17.1299991607666,17.15999984741211,17.1299991607666,17.15999984741211,0
2026-09-15 14:08:00+00:00,17.139999389648438,17.15999984741211,17.139999389648438,17.15999984741211,0
2026-09-15 14:09:00+00:00,17.170000076293945,17.18000030517578,17.170000076293945,17.18000030517578,0
2026-09-15 14:10:00+00:00,17.190000534057617,17.239999771118164,17.190000534057617,17.239999771118164,0
2026-09-15 14:11:00+00:00,17.25,17.31999969482422,17.25,17.31999969482422,0
2026-09-15 14:12:00+00:00,17.309999465942383,17.3700008392334,17.309999465942383,17.3700008392334,0
2026-09-15 14:13:00+00:00,17.360000610351562,17.40999984741211,17.360000610351562,17.40999984741211,0
2026-09-15 14:14:00+00:00,17.43000030517578,17.440000534057617,17.43000030517578,17.43000030517578,0
2026-09-15 14:15:00+00:00,17.440000534057617,17.440000534057617,17.420000076293945,17.43000030517578,0
2026-09-15 14:16:00+00:00,17.420000076293945,17.43000030517578,17.3700008392334,17.3700008392334,0
2026-09-15 14:17:00+00:00,17.3799991607666,17.389999389648438,17.3700008392334,17.3700008392334,0
2026-09-15 14:18:00+00:00,17.34000015258789,17.34000015258789,17.309999465942383,17.329999923706055,0
2026-09-15 14:19:00+00:00,17.34000015258789,17.34000015258789,17.329999923706055,17.34000015258789,0
2026-09-15 14:20:00+00:00,17.350000381469727,17.360000610351562,17.350000381469727,17.350000381469727,0
2026-09-15 14:21:00+00:00,17.350000381469727,17.389999389648438,17.34000015258789,17.389999389648438,0
2026-09-15 14:22:00+00:00,17.43000030517578,17.479999542236328,17.43000030517578,17.469999313354492,0
2026-09-15 14:23:00+00:00,17.489999771118164,17.549999237060547,17.489999771118164,17.549999237060547,0
2026-09-15 14:24:00+00:00,17.559999465942383,17.559999465942383,17.479999542236328,17.479999542236328,0
2026-09-15 14:25:00+00:00,17.479999542236328,17.479999542236328,17.459999084472656,17.459999084472656,0
2026-09-15 14:26:00+00:00,17.459999084472656,17.459999084472656,17.440000534057617,17.440000534057617,0
2026-09-15 14:27:00+00:00,17.43000030517578,17.450000762939453,17.43000030517578,17.43000030517578,0
2026-09-15 14:28:00+00:00,17.450000762939453,17.459999084472656,17.450000762939453,17.450000762939453,0
2026-09-15 14:29:00+00:00,17.440000534057617,17.450000762939453,17.440000534057617,17.450000762939453,0
2026-09-15 14:30:00+00:00,17.459999084472656,17.510000228881836,17.450000762939453,17.510000228881836,0
2026-09-15 14:31:00+00:00,17.520000457763672,17.520000457763672,17.479999542236328,17.479999542236328,0
2026-09-15 14:32:00+00:00,17.469999313354492,17.510000228881836,17.469999313354492,17.5,0
2026-09-15 14:33:00+00:00,17.5,17.5,17.469999313354492,17.489999771118164,0
2026-09-15 14:34:00+00:00,17.5,17.530000686645508,17.5,17.5,0
2026-09-15 14:35:00+00:00,17.5,17.5,17.450000762939453,17.450000762939453,0
2026-09-15 14:36:00+00:00,17.459999084472656,17.469999313354492,17.459999084472656,17.469999313354492,0
2026-09-15 14:37:00+00:00,17.450000762939453,17.5,17.450000762939453,17.5,0
2026-09-15 14:38:00+00:00,17.489999771118164,17.530000686645508,17.489999771118164,17.530000686645508,0
2026-09-15 14:39:00+00:00,17.530000686645508,17.540000915527344,17.510000228881836,17.510000228881836,0
2026-09-15 14:40:00+00:00,17.530000686645508,17.56999969482422,17.530000686645508,17.56999969482422,0
2026-09-15 14:41:00+00:00,17.56999969482422,17.59000015258789,17.56999969482422,17.59000015258789,0
2026-09-15 14:42:00+00:00,17.59000015258789,17.59000015258789,17.579999923706055,17.579999923706055,0
2026-09-15 14:43:00+00:00,17.59000015258789,17.59000015258789,17.579999923706055,17.59000015258789,0
2026-09-15 14:44:00+00:00,17.600000381469727,17.600000381469727,17.59000015258789,17.59000015258789,0
2026-09-15 14:45:00+00:00,17.579999923706055,17.579999923706055,17.549999237060547,17.549999237060547,0
2026-09-15 14:46:00+00:00,17.549999237060547,17.559999465942383,17.549999237060547,17.549999237060547,0
2026-09-15 14:47:00+00:00,17.549999237060547,17.56999969482422,17.549999237060547,17.559999465942383,0
2026-09-15 14:48:00+00:00,17.549999237060547,17.559999465942383,17.549999237060547,17.559999465942383,0
2026-09-15 14:49:00+00:00,17.579999923706055,17.59000015258789,17.579999923706055,17.59000015258789,0
2026-09-15 14:50:00+00:00,17.610000610351562,17.65999984741211,17.610000610351562,17.65999984741211,0
2026-09-15 14:51:00+00:00,17.670000076293945,17.729999542236328,17.670000076293945,17.729999542236328,0
2026-09-15 14:52:00+00:00,17.780000686645508,17.790000915527344,17.770000457763672,17.780000686645508,0
2026-09-15 14:53:00+00:00,17.770000457763672,17.84000015258789,17.770000457763672,17.84000015258789,0
2026-09-15 14:54:00+00:00,17.829999923706055,17.829999923706055,17.770000457763672,17.770000457763672,0
2026-09-15 14:55:00+00:00,17.770000457763672,17.790000915527344,17.770000457763672,17.790000915527344,0
2026-09-15 14:56:00+00:00,17.790000915527344,17.809999465942383,17.790000915527344,17.809999465942383,0
2026-09-15 14:57:00+00:00,17.790000915527344,17.790000915527344,17.75,17.75,0
2026-09-15 14:58:00+00:00,17.729999542236328,17.780000686645508,17.729999542236328,17.770000457763672,0
2026-09-15 14:59:00+00:00,17.760000228881836,17.799999237060547,17.760000228881836,17.799999237060547,0
2026-09-15 15:00:00+00:00,17.809999465942383,17.809999465942383,17.729999542236328,17.739999771118164,0
2026-09-15 15:01:00+00:00,17.75,17.790000915527344,17.75,17.760000228881836,0
2026-09-15 15:02:00+00:00,17.719999313354492,17.770000457763672,17.719999313354492,17.770000457763672,0
2026-09-15 15:03:00+00:00,17.780000686645508,17.780000686645508,17.729999542236328,17.729999542236328,0
2026-09-15 15:04:00+00:00,17.709999084472656,17.709999084472656,17.68000030517578,17.68000030517578,0
2026-09-15 15:05:00+00:00,17.68000030517578,17.68000030517578,17.65999984741211,17.65999984741211,0
2026-09-15 15:06:00+00:00,17.670000076293945,17.670000076293945,17.670000076293945,17.670000076293945,0
2026-09-15 15:07:00+00:00,17.670000076293945,17.690000534057617,17.670000076293945,17.690000534057617,0
2026-09-15 15:08:00+00:00,17.690000534057617,17.729999542236328,17.690000534057617,17.729999542236328,0
2026-09-15 15:09:00+00:00,17.739999771118164,17.739999771118164,17.729999542236328,17.739999771118164,0
2026-09-15 15:10:00+00:00,17.739999771118164,17.739999771118164,17.719999313354492,17.739999771118164,0
2026-09-15 15:11:00+00:00,17.739999771118164,17.760000228881836,17.739999771118164,17.760000228881836,0
2026-09-15 15:12:00+00:00,17.729999542236328,17.760000228881836,17.729999542236328,17.760000228881836,0
2026-09-15 15:13:00+00:00,17.770000457763672,17.809999465942383,17.770000457763672,17.809999465942383,0
2026-09-15 15:14:00+00:00,17.799999237060547,17.799999237060547,17.790000915527344,17.799999237060547,0
2026-09-15 15:15:00+00:00,17.780000686645508,17.809999465942383,17.780000686645508,17.809999465942383,0
2026-09-15 15:16:00+00:00,17.799999237060547,17.809999465942383,17.780000686645508,17.780000686645508,0
2026-09-15 15:17:00+00:00,17.780000686645508,17.780000686645508,17.75,17.75,0
2026-09-15 15:18:00+00:00,17.739999771118164,17.75,17.719999313354492,17.719999313354492,0
2026-09-15 15:19:00+00:00,17.729999542236328,17.75,17.729999542236328,17.75,0
2026-09-15 15:20:00+00:00,17.739999771118164,17.739999771118164,17.719999313354492,17.719999313354492,0
2026-09-15 15:21:00+00:00,17.729999542236328,17.760000228881836,17.729999542236328,17.760000228881836,0
2026-09-15 15:22:00+00:00,17.760000228881836,17.760000228881836,17.709999084472656,17.729999542236328,0
2026-09-15 15:23:00+00:00,17.739999771118164,17.739999771118164,17.690000534057617,17.690000534057617,0
2026-09-15 15:24:00+00:00,17.68000030517578,17.68000030517578,17.68000030517578,17.68000030517578,0
2026-09-15 15:25:00+00:00,17.670000076293945,17.68000030517578,17.670000076293945,17.68000030517578,0
2026-09-15 15:26:00+00:00,17.68000030517578,17.700000762939453,17.68000030517578,17.690000534057617,0
2026-09-15 15:27:00+00:00,17.65999984741211,17.670000076293945,17.65999984741211,17.670000076293945,0
2026-09-15 15:28:00+00:00,17.649999618530273,17.65999984741211,17.649999618530273,17.65999984741211,0
2026-09-15 15:29:00+00:00,17.65999984741211,17.65999984741211,17.65999984741211,17.65999984741211,0
2026-09-15 15:30:00+00:00,17.639999389648438,17.649999618530273,17.639999389648438,17.649999618530273,0
2026-09-15 15:31:00+00:00,17.65999984741211,17.670000076293945,17.65999984741211,17.670000076293945,0
2026-09-15 15:32:00+00:00,17.670000076293945,17.729999542236328,17.670000076293945,17.729999542236328,0
2026-09-15 15:33:00+00:00,17.719999313354492,17.719999313354492,17.670000076293945,17.670000076293945,0
2026-09-15 15:34:00+00:00,17.709999084472656,17.709999084472656,17.65999984741211,17.65999984741211,0
2026-09-15 15:35:00+00:00,17.639999389648438,17.649999618530273,17.639999389648438,17.649999618530273,0
2026-09-15 15:36:00+00:00,17.649999618530273,17.649999618530273,17.610000610351562,17.610000610351562,0
2026-09-15 15:37:00+00:00,17.610000610351562,17.639999389648438,17.610000610351562,17.639999389648438,0
2026-09-15 15:38:00+00:00,17.649999618530273,17.649999618530273,17.6200008392334,17.6200008392334,0
2026-09-15 15:39:00+00:00,17.610000610351562,17.6200008392334,17.610000610351562,17.6200008392334,0
2026-09-15 15:40:00+00:00,17.6200008392334,17.6200008392334,17.600000381469727,17.600000381469727,0
2026-09-15 15:41:00+00:00,17.56999969482422,17.579999923706055,17.56999969482422,17.579999923706055,0
2026-09-15 15:42:00+00:00,17.559999465942383,17.559999465942383,17.540000915527344,17.540000915527344,0
2026-09-15 15:43:00+00:00,17.530000686645508,17.540000915527344,17.530000686645508,17.540000915527344,0
2026-09-15 15:44:00+00:00,17.520000457763672,17.559999465942383,17.520000457763672,17.559999465942383,0
2026-09-15 15:45:00+00:00,17.559999465942383,17.56999969482422,17.559999465942383,17.56999969482422,0
2026-09-15 15:46:00+00:00,17.559999465942383,17.579999923706055,17.559999465942383,17.579999923706055,0
2026-09-15 15:47:00+00:00,17.56999969482422,17.56999969482422,17.559999465942383,17.56999969482422,0
2026-09-15 15:48:00+00:00,17.579999923706055,17.579999923706055,17.579999923706055,17.579999923706055,0
2026-09-15 15:49:00+00:00,17.579999923706055,17.649999618530273,17.579999923706055,17.649999618530273,0
2026-09-15 15:50:00+00:00,17.670000076293945,17.670000076293945,17.540000915527344,17.56999969482422,0
2026-09-15 15:51:00+00:00,17.56999969482422,17.600000381469727,17.56999969482422,17.600000381469727,0
2026-09-15 15:52:00+00:00,17.600000381469727,17.600000381469727,17.600000381469727,17.600000381469727,0
2026-09-15 15:53:00+00:00,17.600000381469727,17.600000381469727,17.579999923706055,17.579999923706055,0
2026-09-15 15:54:00+00:00,17.579999923706055,17.600000381469727,17.579999923706055,17.600000381469727,0
2026-09-15 15:55:00+00:00,17.600000381469727,17.6200008392334,17.600000381469727,17.6200008392334,0
2026-09-15 15:56:00+00:00,17.510000228881836,17.56999969482422,17.510000228881836,17.559999465942383,0
2026-09-15 15:57:00+00:00,17.559999465942383,17.559999465942383,17.549999237060547,17.559999465942383,0
2026-09-15 15:58:00+00:00,17.559999465942383,17.56999969482422,17.559999465942383,17.56999969482422,0
2026-09-15 15:59:00+00:00,17.579999923706055,17.579999923706055,17.579999923706055,17.579999923706055,0
2026-09-15 16:00:00+00:00,17.59000015258789,17.6299991607666,17.59000015258789,17.6299991607666,0
2026-09-15 16:01:00+00:00,17.6200008392334,17.6200008392334,17.600000381469727,17.600000381469727,0
2026-09-15 16:02:00+00:00,17.600000381469727,17.610000610351562,17.600000381469727,17.610000610351562,0
2026-09-15 16:03:00+00:00,17.610000610351562,17.610000610351562,17.610000610351562,17.610000610351562,0
2026-09-15 16:04:00+00:00,17.610000610351562,17.610000610351562,17.600000381469727,17.600000381469727,0
2026-09-15 16:05:00+00:00,17.59000015258789,17.6200008392334,17.59000015258789,17.610000610351562,0
2026-09-15 16:06:00+00:00,17.610000610351562,17.6200008392334,17.610000610351562,17.6200008392334,0
2026-09-15 16:07:00+00:00,17.639999389648438,17.700000762939453,17.639999389648438,17.700000762939453,0
2026-09-15 16:08:00+00:00,17.690000534057617,17.709999084472656,17.690000534057617,17.709999084472656,0
2026-09-15 16:09:00+00:00,17.709999084472656,17.75,17.709999084472656,17.75,0
2026-09-15 16:10:00+00:00,17.75,17.75,17.739999771118164,17.739999771118164,0
2026-09-15 16:11:00+00:00,17.739999771118164,17.75,17.739999771118164,17.75,0
2026-09-15 16:12:00+00:00,17.75,17.75,17.75,17.75,0
2026-09-15 16:13:00+00:00,17.75,17.75,17.739999771118164,17.739999771118164,0
2026-09-15 16:14:00+00:00,17.739999771118164,17.75,17.739999771118164,17.739999771118164,0
2026-09-15 16:15:00+00:00,17.739999771118164,17.75,17.729999542236328,17.729999542236328,0
2026-09-15 16:16:00+00:00,17.739999771118164,17.75,17.739999771118164,17.75,0
2026-09-15 16:17:00+00:00,17.75,17.75,17.729999542236328,17.739999771118164,0
2026-09-15 16:18:00+00:00,17.729999542236328,17.739999771118164,17.729999542236328,17.739999771118164,0
2026-09-15 16:19:00+00:00,17.719999313354492,17.719999313354492,17.670000076293945,17.670000076293945,0
2026-09-15 16:20:00+00:00,17.670000076293945,17.670000076293945,17.65999984741211,17.65999984741211,0
2026-09-15 16:21:00+00:00,17.670000076293945,17.670000076293945,17.639999389648438,17.639999389648438,0
2026-09-15 16:22:00+00:00,17.639999389648438,17.639999389648438,17.610000610351562,17.610000610351562,0
2026-09-15 16:23:00+00:00,17.610000610351562,17.610000610351562,17.559999465942383,17.559999465942383,0
2026-09-15 16:24:00+00:00,17.549999237060547,17.549999237060547,17.520000457763672,17.520000457763672,0
2026-09-15 16:25:00+00:00,17.520000457763672,17.520000457763672,17.520000457763672,17.520000457763672,0
2026-09-15 16:26:00+00:00,17.510000228881836,17.510000228881836,17.5,17.5,0
2026-09-15 16:27:00+00:00,17.5,17.5,17.489999771118164,17.489999771118164,0
2026-09-15 16:28:00+00:00,17.489999771118164,17.489999771118164,17.469999313354492,17.469999313354492,0
2026-09-15 16:29:00+00:00,17.479999542236328,17.520000457763672,17.479999542236328,17.520000457763672,0
2026-09-15 16:30:00+00:00,17.540000915527344,17.56999969482422,17.540000915527344,17.56999969482422,0
2026-09-15 16:31:00+00:00,17.559999465942383,17.559999465942383,17.549999237060547,17.549999237060547,0
2026-09-15 16:32:00+00:00,17.530000686645508,17.530000686645508,17.489999771118164,17.489999771118164,0
2026-09-15 16:33:00+00:00,17.489999771118164,17.489999771118164,17.489999771118164,17.489999771118164,0
2026-09-15 16:34:00+00:00,17.489999771118164,17.489999771118164,17.489999771118164,17.489999771118164,0
2026-09-15 16:35:00+00:00,17.489999771118164,17.5,17.489999771118164,17.5,0
2026-09-15 16:36:00+00:00,17.5,17.5,17.489999771118164,17.489999771118164,0
2026-09-15 16:37:00+00:00,17.479999542236328,17.479999542236328,17.479999542236328,17.479999542236328,0
2026-09-15 16:38:00+00:00,17.479999542236328,17.479999542236328,17.479999542236328,17.479999542236328,0
2026-09-15 16:39:00+00:00,17.489999771118164,17.5,17.489999771118164,17.5,0
2026-09-15 16:40:00+00:00,17.5,17.5,17.489999771118164,17.489999771118164,0
2026-09-15 16:41:00+00:00,17.489999771118164,17.5,17.489999771118164,17.489999771118164,0
2026-09-15 16:42:00+00:00,17.489999771118164,17.489999771118164,17.479999542236328,17.489999771118164,0
2026-09-15 16:43:00+00:00,17.5,17.520000457763672,17.5,17.520000457763672,0
2026-09-15 16:44:00+00:00,17.510000228881836,17.520000457763672,17.510000228881836,17.510000228881836,0
2026-09-15 16:45:00+00:00,17.520000457763672,17.520000457763672,17.5,17.5,0
2026-09-15 16:46:00+00:00,17.510000228881836,17.510000228881836,17.510000228881836,17.510000228881836,0
2026-09-15 16:47:00+00:00,17.510000228881836,17.520000457763672,17.510000228881836,17.520000457763672,0
2026-09-15 16:48:00+00:00,17.530000686645508,17.559999465942383,17.530000686645508,17.559999465942383,0
2026-09-15 16:49:00+00:00,17.56999969482422,17.56999969482422,17.56999969482422,17.56999969482422,0
2026-09-15 16:50:00+00:00,17.559999465942383,17.559999465942383,17.559999465942383,17.559999465942383,0
2026-09-15 16:51:00+00:00,17.549999237060547,17.549999237060547,17.540000915527344,17.540000915527344,0
2026-09-15 16:52:00+00:00,17.540000915527344,17.540000915527344,17.5,17.5,0
2026-09-15 16:53:00+00:00,17.489999771118164,17.489999771118164,17.479999542236328,17.479999542236328,0
2026-09-15 16:54:00+00:00,17.469999313354492,17.469999313354492,17.459999084472656,17.459999084472656,0
2026-09-15 16:55:00+00:00,17.459999084472656,17.459999084472656,17.450000762939453,17.450000762939453,0
2026-09-15 16:56:00+00:00,17.450000762939453,17.479999542236328,17.450000762939453,17.479999542236328,0
2026-09-15 16:57:00+00:00,17.489999771118164,17.5,17.479999542236328,17.489999771118164,0
2026-09-15 16:58:00+00:00,17.489999771118164,17.5,17.489999771118164,17.5,0
2026-09-15 16:59:00+00:00,17.489999771118164,17.510000228881836,17.489999771118164,17.5,0
2026-09-15 17:00:00+00:00,17.489999771118164,17.489999771118164,17.479999542236328,17.489999771118164,0
2026-09-15 17:01:00+00:00,17.489999771118164,17.489999771118164,17.469999313354492,17.469999313354492,0
2026-09-15 17:02:00+00:00,17.469999313354492,17.559999465942383,17.469999313354492,17.540000915527344,0
2026-09-15 17:03:00+00:00,17.549999237060547,17.559999465942383,17.549999237060547,17.559999465942383,0
2026-09-15 17:04:00+00:00,17.559999465942383,17.56999969482422,17.559999465942383,17.56999969482422,0
2026-09-15 17:05:00+00:00,17.579999923706055,17.59000015258789,17.579999923706055,17.59000015258789,0
2026-09-15 17:06:00+00:00,17.59000015258789,17.610000610351562,17.59000015258789,17.59000015258789,0
2026-09-15 17:07:00+00:00,17.59000015258789,17.59000015258789,17.549999237060547,17.549999237060547,0
2026-09-15 17:08:00+00:00,17.549999237060547,17.559999465942383,17.549999237060547,17.559999465942383,0
2026-09-15 17:09:00+00:00,17.559999465942383,17.56999969482422,17.559999465942383,17.56999969482422,0
2026-09-15 17:10:00+00:00,17.56999969482422,17.56999969482422,17.549999237060547,17.549999237060547,0
2026-09-15 17:11:00+00:00,17.540000915527344,17.540000915527344,17.530000686645508,17.530000686645508,0
2026-09-15 17:12:00+00:00,17.530000686645508,17.549999237060547,17.530000686645508,17.549999237060547,0
2026-09-15 17:13:00+00:00,17.559999465942383,17.559999465942383,17.549999237060547,17.549999237060547,0
2026-09-15 17:14:00+00:00,17.549999237060547,17.559999465942383,17.549999237060547,17.559999465942383,0
2026-09-15 17:15:00+00:00,17.579999923706055,17.59000015258789,17.579999923706055,17.59000015258789,0
2026-09-15 17:16:00+00:00,17.600000381469727,17.610000610351562,17.600000381469727,17.600000381469727,0
2026-09-15 17:17:00+00:00,17.600000381469727,17.65999984741211,17.600000381469727,17.65999984741211,0
2026-09-15 17:18:00+00:00,17.65999984741211,17.65999984741211,17.65999984741211,17.65999984741211,0
2026-09-15 17:19:00+00:00,17.65999984741211,17.65999984741211,17.65999984741211,17.65999984741211,0
2026-09-15 17:20:00+00:00,17.639999389648438,17.639999389648438,17.639999389648438,17.639999389648438,0
2026-09-15 17:21:00+00:00,17.6299991607666,17.639999389648438,17.6299991607666,17.639999389648438,0
2026-09-15 17:22:00+00:00,17.649999618530273,17.68000030517578,17.649999618530273,17.68000030517578,0
2026-09-15 17:23:00+00:00,17.68000030517578,17.68000030517578,17.68000030517578,17.68000030517578,0
2026-09-15 17:24:00+00:00,17.670000076293945,17.68000030517578,17.670000076293945,17.68000030517578,0
2026-09-15 17:25:00+00:00,17.700000762939453,17.700000762939453,17.690000534057617,17.690000534057617,0
2026-09-15 17:26:00+00:00,17.690000534057617,17.690000534057617,17.670000076293945,17.670000076293945,0
2026-09-15 17:27:00+00:00,17.670000076293945,17.670000076293945,17.65999984741211,17.65999984741211,0
2026-09-15 17:28:00+00:00,17.670000076293945,17.690000534057617,17.670000076293945,17.690000534057617,0
2026-09-15 17:29:00+00:00,17.690000534057617,17.690000534057617,17.68000030517578,17.68000030517578,0
2026-09-15 17:30:00+00:00,17.65999984741211,17.65999984741211,17.639999389648438,17.65999984741211,0
2026-09-15 17:31:00+00:00,17.65999984741211,17.65999984741211,17.6200008392334,17.6200008392334,0
2026-09-15 17:32:00+00:00,17.6200008392334,17.6200008392334,17.59000015258789,17.59000015258789,0
2026-09-15 17:33:00+00:00,17.59000015258789,17.600000381469727,17.59000015258789,17.600000381469727,0
2026-09-15 17:34:00+00:00,17.600000381469727,17.600000381469727,17.600000381469727,17.600000381469727,0
2026-09-15 17:35:00+00:00,17.610000610351562,17.6200008392334,17.600000381469727,17.600000381469727,0
2026-09-15 17:36:00+00:00,17.600000381469727,17.6200008392334,17.600000381469727,17.6200008392334,0
2026-09-15 17:37:00+00:00,17.6200008392334,17.6200008392334,17.610000610351562,17.610000610351562,0
2026-09-15 17:38:00+00:00,17.600000381469727,17.610000610351562,17.600000381469727,17.610000610351562,0
2026-09-15 17:39:00+00:00,17.610000610351562,17.610000610351562,17.610000610351562,17.610000610351562,0
2026-09-15 17:40:00+00:00,17.600000381469727,17.610000610351562,17.59000015258789,17.59000015258789,0
2026-09-15 17:41:00+00:00,17.59000015258789,17.600000381469727,17.59000015258789,17.600000381469727,0
2026-09-15 17:42:00+00:00,17.600000381469727,17.6299991607666,17.600000381469727,17.6299991607666,0
2026-09-15 17:43:00+00:00,17.6299991607666,17.6299991607666,17.6299991607666,17.6299991607666,0
2026-09-15 17:44:00+00:00,17.610000610351562,17.610000610351562,17.600000381469727,17.600000381469727,0
2026-09-15 17:45:00+00:00,17.600000381469727,17.600000381469727,17.600000381469727,17.600000381469727,0
2026-09-15 17:46:00+00:00,17.600000381469727,17.600000381469727,17.59000015258789,17.600000381469727,0
2026-09-15 17:47:00+00:00,17.600000381469727,17.600000381469727,17.600000381469727,17.600000381469727,0
2026-09-15 17:48:00+00:00,17.600000381469727,17.610000610351562,17.600000381469727,17.610000610351562,0
2026-09-15 17:49:00+00:00,17.610000610351562,17.6299991607666,17.610000610351562,17.6299991607666,0
2026-09-15 17:50:00+00:00,17.6200008392334,17.6200008392334,17.610000610351562,17.610000610351562,0
2026-09-15 17:51:00+00:00,17.600000381469727,17.600000381469727,17.600000381469727,17.600000381469727,0
2026-09-15 17:52:00+00:00,17.600000381469727,17.600000381469727,17.59000015258789,17.59000015258789,0
2026-09-15 17:53:00+00:00,17.59000015258789,17.59000015258789,17.579999923706055,17.579999923706055,0
2026-09-15 17:54:00+00:00,17.579999923706055,17.579999923706055,17.579999923706055,17.579999923706055,0
2026-09-15 17:55:00+00:00,17.559999465942383,17.56999969482422,17.559999465942383,17.56999969482422,0
2026-09-15 17:56:00+00:00,17.559999465942383,17.559999465942383,17.549999237060547,17.559999465942383,0
2026-09-15 17:57:00+00:00,17.549999237060547,17.549999237060547,17.540000915527344,17.540000915527344,0
2026-09-15 17:58:00+00:00,17.549999237060547,17.559999465942383,17.549999237060547,17.559999465942383,0
2026-09-15 17:59:00+00:00,17.559999465942383,17.559999465942383,17.549999237060547,17.559999465942383,0
2026-09-15 18:00:00+00:00,17.559999465942383,17.559999465942383,17.540000915527344,17.559999465942383,0
2026-09-15 18:01:00+00:00,17.559999465942383,17.559999465942383,17.549999237060547,17.549999237060547,0
2026-09-15 18:02:00+00:00,17.530000686645508,17.530000686645508,17.489999771118164,17.489999771118164,0
2026-09-15 18:03:00+00:00,17.489999771118164,17.489999771118164,17.489999771118164,17.489999771118164,0
2026-09-15 18:04:00+00:00,17.489999771118164,17.489999771118164,17.489999771118164,17.489999771118164,0
2026-09-15 18:05:00+00:00,17.489999771118164,17.5,17.489999771118164,17.489999771118164,0
2026-09-15 18:06:00+00:00,17.5,17.5,17.489999771118164,17.489999771118164,0
2026-09-15 18:07:00+00:00,17.479999542236328,17.489999771118164,17.479999542236328,17.489999771118164,0
2026-09-15 18:08:00+00:00,17.489999771118164,17.489999771118164,17.489999771118164,17.489999771118164,0
2026-09-15 18:09:00+00:00,17.489999771118164,17.489999771118164,17.459999084472656,17.459999084472656,0
2026-09-15 18:10:00+00:00,17.450000762939453,17.450000762939453,17.450000762939453,17.450000762939453,0
2026-09-15 18:11:00+00:00,17.459999084472656,17.459999084472656,17.43000030517578,17.43000030517578,0
2026-09-15 18:12:00+00:00,17.43000030517578,17.43000030517578,17.420000076293945,17.420000076293945,0
2026-09-15 18:13:00+00:00,17.420000076293945,17.420000076293945,17.389999389648438,17.389999389648438,0
2026-09-15 18:14:00+00:00,17.399999618530273,17.399999618530273,17.399999618530273,17.399999618530273,0
2026-09-15 18:15:00+00:00,17.420000076293945,17.450000762939453,17.420000076293945,17.450000762939453,0
2026-09-15 18:16:00+00:00,17.450000762939453,17.479999542236328,17.450000762939453,17.469999313354492,0
2026-09-15 18:17:00+00:00,17.479999542236328,17.489999771118164,17.479999542236328,17.489999771118164,0
2026-09-15 18:18:00+00:00,17.479999542236328,17.479999542236328,17.479999542236328,17.479999542236328,0
2026-09-15 18:19:00+00:00,17.479999542236328,17.489999771118164,17.479999542236328,17.489999771118164,0
2026-09-15 18:20:00+00:00,17.489999771118164,17.489999771118164,17.479999542236328,17.479999542236328,0
2026-09-15 18:21:00+00:00,17.479999542236328,17.489999771118164,17.479999542236328,17.489999771118164,0
2026-09-15 18:22:00+00:00,17.489999771118164,17.489999771118164,17.489999771118164,17.489999771118164,0
2026-09-15 18:23:00+00:00,17.5,17.510000228881836,17.5,17.5,0
2026-09-15 18:24:00+00:00,17.510000228881836,17.510000228881836,17.5,17.5,0
2026-09-15 18:25:00+00:00,17.5,17.5,17.489999771118164,17.489999771118164,0
2026-09-15 18:26:00+00:00,17.479999542236328,17.489999771118164,17.479999542236328,17.479999542236328,0
2026-09-15 18:27:00+00:00,17.469999313354492,17.469999313354492,17.469999313354492,17.469999313354492,0
2026-09-15 18:28:00+00:00,17.479999542236328,17.479999542236328,17.450000762939453,17.450000762939453,0
2026-09-15 18:29:00+00:00,17.440000534057617,17.440000534057617,17.43000030517578,17.43000030517578,0
2026-09-15 18:30:00+00:00,17.43000030517578,17.469999313354492,17.43000030517578,17.469999313354492,0
2026-09-15 18:31:00+00:00,17.469999313354492,17.5,17.469999313354492,17.5,0
2026-09-15 18:32:00+00:00,17.5,17.5,17.489999771118164,17.5,0
2026-09-15 18:33:00+00:00,17.510000228881836,17.520000457763672,17.510000228881836,17.510000228881836,0
2026-09-15 18:34:00+00:00,17.510000228881836,17.510000228881836,17.510000228881836,17.510000228881836,0
2026-09-15 18:35:00+00:00,17.510000228881836,17.510000228881836,17.510000228881836,17.510000228881836,0
2026-09-15 18:36:00+00:00,17.510000228881836,17.510000228881836,17.489999771118164,17.489999771118164,0
2026-09-15 18:37:00+00:00,17.489999771118164,17.5,17.489999771118164,17.5,0
2026-09-15 18:38:00+00:00,17.489999771118164,17.489999771118164,17.489999771118164,17.489999771118164,0
2026-09-15 18:39:00+00:00,17.489999771118164,17.489999771118164,17.479999542236328,17.479999542236328,0
2026-09-15 18:40:00+00:00,17.489999771118164,17.5,17.489999771118164,17.5,0
2026-09-15 18:41:00+00:00,17.5,17.5,17.489999771118164,17.489999771118164,0
2026-09-15 18:42:00+00:00,17.43000030517578,17.450000762939453,17.43000030517578,17.450000762939453,0
2026-09-15 18:43:00+00:00,17.459999084472656,17.459999084472656,17.459999084472656,17.459999084472656,0
2026-09-15 18:44:00+00:00,17.459999084472656,17.469999313354492,17.459999084472656,17.469999313354492,0
2026-09-15 18:45:00+00:00,17.469999313354492,17.489999771118164,17.469999313354492,17.489999771118164,0
2026-09-15 18:46:00+00:00,17.489999771118164,17.489999771118164,17.489999771118164,17.489999771118164,0
2026-09-15 18:47:00+00:00,17.510000228881836,17.520000457763672,17.510000228881836,17.520000457763672,0
2026-09-15 18:48:00+00:00,17.530000686645508,17.540000915527344,17.530000686645508,17.540000915527344,0
2026-09-15 18:49:00+00:00,17.559999465942383,17.579999923706055,17.559999465942383,17.579999923706055,0
2026-09-15 18:50:00+00:00,17.579999923706055,17.579999923706055,17.540000915527344,17.540000915527344,0
2026-09-15 18:51:00+00:00,17.549999237060547,17.549999237060547,17.540000915527344,17.540000915527344,0
2026-09-15 18:52:00+00:00,17.540000915527344,17.540000915527344,17.540000915527344,17.540000915527344,0
2026-09-15 18:53:00+00:00,17.540000915527344,17.540000915527344,17.520000457763672,17.520000457763672,0
2026-09-15 18:54:00+00:00,17.520000457763672,17.520000457763672,17.520000457763672,17.520000457763672,0
2026-09-15 18:55:00+00:00,17.520000457763672,17.520000457763672,17.510000228881836,17.510000228881836,0
2026-09-15 18:56:00+00:00,17.510000228881836,17.510000228881836,17.5,17.5,0
2026-09-15 18:57:00+00:00,17.5,17.5,17.479999542236328,17.479999542236328,0
2026-09-15 18:58:00+00:00,17.479999542236328,17.479999542236328,17.459999084472656,17.459999084472656,0
2026-09-15 18:59:00+00:00,17.469999313354492,17.469999313354492,17.440000534057617,17.440000534057617,0
2026-09-15 19:00:00+00:00,17.43000030517578,17.440000534057617,17.420000076293945,17.420000076293945,0
2026-09-15 19:01:00+00:00,17.40999984741211,17.40999984741211,17.399999618530273,17.399999618530273,0
2026-09-15 19:02:00+00:00,17.40999984741211,17.43000030517578,17.40999984741211,17.420000076293945,0
2026-09-15 19:03:00+00:00,17.420000076293945,17.43000030517578,17.420000076293945,17.420000076293945,0
2026-09-15 19:04:00+00:00,17.420000076293945,17.420000076293945,17.40999984741211,17.40999984741211,0
2026-09-15 19:05:00+00:00,17.420000076293945,17.420000076293945,17.420000076293945,17.420000076293945,0
2026-09-15 19:06:00+00:00,17.420000076293945,17.43000030517578,17.420000076293945,17.43000030517578,0
2026-09-15 19:07:00+00:00,17.43000030517578,17.440000534057617,17.43000030517578,17.440000534057617,0
2026-09-15 19:08:00+00:00,17.43000030517578,17.43000030517578,17.43000030517578,17.43000030517578,0
2026-09-15 19:09:00+00:00,17.43000030517578,17.43000030517578,17.420000076293945,17.43000030517578,0
2026-09-15 19:10:00+00:00,17.43000030517578,17.43000030517578,17.420000076293945,17.420000076293945,0
2026-09-15 19:11:00+00:00,17.43000030517578,17.43000030517578,17.43000030517578,17.43000030517578,0
2026-09-15 19:12:00+00:00,17.440000534057617,17.450000762939453,17.440000534057617,17.450000762939453,0
2026-09-15 19:13:00+00:00,17.450000762939453,17.459999084472656,17.450000762939453,17.459999084472656,0
2026-09-15 19:14:00+00:00,17.450000762939453,17.450000762939453,17.450000762939453,17.450000762939453,0
2026-09-15 19:15:00+00:00,17.450000762939453,17.450000762939453,17.450000762939453,17.450000762939453,0
2026-09-15 19:16:00+00:00,17.450000762939453,17.450000762939453,17.440000534057617,17.440000534057617,0
2026-09-15 19:17:00+00:00,17.450000762939453,17.450000762939453,17.440000534057617,17.440000534057617,0
2026-09-15 19:18:00+00:00,17.440000534057617,17.440000534057617,17.440000534057617,17.440000534057617,0
2026-09-15 19:19:00+00:00,17.440000534057617,17.440000534057617,17.420000076293945,17.43000030517578,0
2026-09-15 19:20:00+00:00,17.43000030517578,17.43000030517578,17.43000030517578,17.43000030517578,0
2026-09-15 19:21:00+00:00,17.43000030517578,17.43000030517578,17.420000076293945,17.420000076293945,0
2026-09-15 19:22:00+00:00,17.43000030517578,17.43000030517578,17.43000030517578,17.43000030517578,0
2026-09-15 19:23:00+00:00,17.420000076293945,17.420000076293945,17.420000076293945,17.420000076293945,0
2026-09-15 19:24:00+00:00,17.420000076293945,17.440000534057617,17.420000076293945,17.440000534057617,0
2026-09-15 19:25:00+00:00,17.43000030517578,17.489999771118164,17.43000030517578,17.489999771118164,0
2026-09-15 19:26:00+00:00,17.479999542236328,17.489999771118164,17.479999542236328,17.479999542236328,0
2026-09-15 19:27:00+00:00,17.479999542236328,17.479999542236328,17.469999313354492,17.469999313354492,0
2026-09-15 19:28:00+00:00,17.469999313354492,17.479999542236328,17.469999313354492,17.479999542236328,0
2026-09-15 19:29:00+00:00,17.479999542236328,17.479999542236328,17.479999542236328,17.479999542236328,0
2026-09-15 19:30:00+00:00,17.479999542236328,17.489999771118164,17.479999542236328,17.489999771118164,0
2026-09-15 19:31:00+00:00,17.489999771118164,17.489999771118164,17.479999542236328,17.489999771118164,0
2026-09-15 19:32:00+00:00,17.489999771118164,17.489999771118164,17.469999313354492,17.469999313354492,0
2026-09-15 19:33:00+00:00,17.469999313354492,17.469999313354492,17.469999313354492,17.469999313354492,0
2026-09-15 19:34:00+00:00,17.469999313354492,17.479999542236328,17.469999313354492,17.479999542236328,0
2026-09-15 19:35:00+00:00,17.469999313354492,17.479999542236328,17.469999313354492,17.479999542236328,0
2026-09-15 19:36:00+00:00,17.479999542236328,17.479999542236328,17.469999313354492,17.469999313354492,0
2026-09-15 19:37:00+00:00,17.469999313354492,17.479999542236328,17.469999313354492,17.479999542236328,0
2026-09-15 19:38:00+00:00,17.469999313354492,17.479999542236328,17.469999313354492,17.479999542236328,0
2026-09-15 19:39:00+00:00,17.489999771118164,17.510000228881836,17.489999771118164,17.5,0
2026-09-15 19:40:00+00:00,17.5,17.530000686645508,17.5,17.530000686645508,0
2026-09-15 19:41:00+00:00,17.530000686645508,17.530000686645508,17.510000228881836,17.510000228881836,0
2026-09-15 19:42:00+00:00,17.510000228881836,17.510000228881836,17.510000228881836,17.510000228881836,0
2026-09-15 19:43:00+00:00,17.520000457763672,17.549999237060547,17.520000457763672,17.540000915527344,0
2026-09-15 19:44:00+00:00,17.530000686645508,17.530000686645508,17.510000228881836,17.510000228881836,0
2026-09-15 19:45:00+00:00,17.510000228881836,17.530000686645508,17.510000228881836,17.530000686645508,0
2026-09-15 19:46:00+00:00,17.530000686645508,17.530000686645508,17.5,17.5,0
2026-09-15 19:47:00+00:00,17.5,17.5,17.469999313354492,17.469999313354492,0
2026-09-15 19:48:00+00:00,17.479999542236328,17.479999542236328,17.479999542236328,17.479999542236328,0
2026-09-15 19:49:00+00:00,17.479999542236328,17.479999542236328,17.459999084472656,17.459999084472656,0
2026-09-15 19:50:00+00:00,17.440000534057617,17.479999542236328,17.440000534057617,17.479999542236328,0
2026-09-15 19:51:00+00:00,17.489999771118164,17.5,17.489999771118164,17.489999771118164,0
2026-09-15 19:52:00+00:00,17.489999771118164,17.530000686645508,17.489999771118164,17.510000228881836,0
2026-09-15 19:53:00+00:00,17.520000457763672,17.520000457763672,17.5,17.5,0
2026-09-15 19:54:00+00:00,17.510000228881836,17.510000228881836,17.469999313354492,17.469999313354492,0
2026-09-15 19:55:00+00:00,17.440000534057617,17.450000762939453,17.43000030517578,17.43000030517578,0
2026-09-15 19:56:00+00:00,17.43000030517578,17.440000534057617,17.43000030517578,17.43000030517578,0
2026-09-15 19:57:00+00:00,17.440000534057617,17.440000534057617,17.43000030517578,17.440000534057617,0
2026-09-15 19:58:00+00:00,17.440000534057617,17.440000534057617,17.420000076293945,17.420000076293945,0
2026-09-15 19:59:00+00:00,17.399999618530273,17.399999618530273,17.360000610351562,17.3799991607666,0
2026-09-15 20:00:00+00:00,17.360000610351562,17.360000610351562,17.350000381469727,17.350000381469727,0
2026-09-15 20:01:00+00:00,17.350000381469727,17.350000381469727,17.31999969482422,17.31999969482422,0
2026-09-15 20:02:00+00:00,17.31999969482422,17.31999969482422,17.309999465942383,17.31999969482422,0
2026-09-15 20:03:00+00:00,17.309999465942383,17.31999969482422,17.309999465942383,17.31999969482422,0
2026-09-15 20:04:00+00:00,17.309999465942383,17.309999465942383,17.290000915527344,17.290000915527344,0
2026-09-15 20:05:00+00:00,17.290000915527344,17.290000915527344,17.290000915527344,17.290000915527344,0
2026-09-15 20:06:00+00:00,17.290000915527344,17.290000915527344,17.290000915527344,17.290000915527344,0
2026-09-15 20:07:00+00:00,17.290000915527344,17.290000915527344,17.290000915527344,17.290000915527344,0
2026-09-15 20:08:00+00:00,17.280000686645508,17.280000686645508,17.280000686645508,17.280000686645508,0
2026-09-15 20:09:00+00:00,17.280000686645508,17.280000686645508,17.280000686645508,17.280000686645508,0
2026-09-15 20:10:00+00:00,17.280000686645508,17.280000686645508,17.25,17.25,0
2026-09-15 20:11:00+00:00,17.239999771118164,17.239999771118164,17.219999313354492,17.219999313354492,0
2026-09-15 20:12:00+00:00,17.219999313354492,17.219999313354492,17.219999313354492,17.219999313354492,0
2026-09-15 20:13:00+00:00,17.209999084472656,17.209999084472656,17.200000762939453,17.200000762939453,0
2026-09-15 20:14:00+00:00,17.200000762939453,17.209999084472656,17.200000762939453,17.209999084472656,0
2026-09-16 07:15:00+00:00,16.90999984741211,16.90999984741211,16.899999618530273,16.899999618530273,0
2026-09-16 07:16:00+00:00,16.899999618530273,16.920000076293945,16.899999618530273,16.920000076293945,0
2026-09-16 07:17:00+00:00,16.920000076293945,16.920000076293945,16.90999984741211,16.90999984741211,0
2026-09-16 07:18:00+00:00,16.90999984741211,16.940000534057617,16.90999984741211,16.940000534057617,0
2026-09-16 07:19:00+00:00,16.950000762939453,16.950000762939453,16.950000762939453,16.950000762939453,0
2026-09-16 07:20:00+00:00,16.959999084472656,16.969999313354492,16.959999084472656,16.969999313354492,0
2026-09-16 07:21:00+00:00,16.969999313354492,16.969999313354492,16.959999084472656,16.959999084472656,0
2026-09-16 07:22:00+00:00,16.959999084472656,16.959999084472656,16.959999084472656,16.959999084472656,0
2026-09-16 07:23:00+00:00,16.959999084472656,16.959999084472656,16.93000030517578,16.93000030517578,0
2026-09-16 07:24:00+00:00,16.940000534057617,16.950000762939453,16.940000534057617,16.940000534057617,0
2026-09-16 07:25:00+00:00,16.93000030517578,16.940000534057617,16.93000030517578,16.93000030517578,0
2026-09-16 07:26:00+00:00,16.93000030517578,16.93000030517578,16.920000076293945,16.93000030517578,0
2026-09-16 07:27:00+00:00,16.93000030517578,16.93000030517578,16.93000030517578,16.93000030517578,0
2026-09-16 07:28:00+00:00,16.93000030517578,16.93000030517578,16.93000030517578,16.93000030517578,0
2026-09-16 07:29:00+00:00,16.920000076293945,16.93000030517578,16.920000076293945,16.93000030517578,0
2026-09-16 07:30:00+00:00,16.93000030517578,16.93000030517578,16.899999618530273,16.899999618530273,0
2026-09-16 07:31:00+00:00,16.899999618530273,16.920000076293945,16.899999618530273,16.920000076293945,0
2026-09-16 07:32:00+00:00,16.920000076293945,16.920000076293945,16.90999984741211,16.90999984741211,0
2026-09-16 07:33:00+00:00,16.920000076293945,16.920000076293945,16.920000076293945,16.920000076293945,0
2026-09-16 07:34:00+00:00,16.920000076293945,16.920000076293945,16.920000076293945,16.920000076293945,0
2026-09-16 07:35:00+00:00,16.920000076293945,16.920000076293945,16.920000076293945,16.920000076293945,0
2026-09-16 07:36:00+00:00,16.920000076293945,16.93000030517578,16.920000076293945,16.93000030517578,0
2026-09-16 07:37:00+00:00,16.93000030517578,16.93000030517578,16.93000030517578,16.93000030517578,0
2026-09-16 07:38:00+00:00,16.93000030517578,16.93000030517578,16.93000030517578,16.93000030517578,0
2026-09-16 07:39:00+00:00,16.93000030517578,16.940000534057617,16.93000030517578,16.940000534057617,0
2026-09-16 07:40:00+00:00,16.940000534057617,16.940000534057617,16.940000534057617,16.940000534057617,0
2026-09-16 07:41:00+00:00,16.940000534057617,16.940000534057617,16.940000534057617,16.940000534057617,0
2026-09-16 07:42:00+00:00,16.950000762939453,16.950000762939453,16.950000762939453,16.950000762939453,0
2026-09-16 07:43:00+00:00,16.950000762939453,16.950000762939453,16.950000762939453,16.950000762939453,0
2026-09-16 07:44:00+00:00,16.950000762939453,16.950000762939453,16.950000762939453,16.950000762939453,0
2026-09-16 07:45:00+00:00,16.950000762939453,16.950000762939453,16.950000762939453,16.950000762939453,0
2026-09-16 07:46:00+00:00,16.950000762939453,16.950000762939453,16.950000762939453,16.950000762939453,0
2026-09-16 07:47:00+00:00,16.950000762939453,16.950000762939453,16.940000534057617,16.950000762939453,0
2026-09-16 07:48:00+00:00,16.950000762939453,16.950000762939453,16.950000762939453,16.950000762939453,0
2026-09-16 07:49:00+00:00,16.950000762939453,16.959999084472656,16.950000762939453,16.959999084472656,0
2026-09-16 07:50:00+00:00,16.959999084472656,16.959999084472656,16.959999084472656,16.959999084472656,0
2026-09-16 07:51:00+00:00,16.959999084472656,16.969999313354492,16.959999084472656,16.969999313354492,0
2026-09-16 07:52:00+00:00,16.969999313354492,16.969999313354492,16.969999313354492,16.969999313354492,0
2026-09-16 07:53:00+00:00,16.969999313354492,16.969999313354492,16.969999313354492,16.969999313354492,0
2026-09-16 07:54:00+00:00,16.969999313354492,16.979999542236328,16.969999313354492,16.979999542236328,0
2026-09-16 07:55:00+00:00,16.989999771118164,16.989999771118164,16.989999771118164,16.989999771118164,0
2026-09-16 07:56:00+00:00,16.979999542236328,16.979999542236328,16.969999313354492,16.969999313354492,0
2026-09-16 07:57:00+00:00,16.959999084472656,16.959999084472656,16.959999084472656,16.959999084472656,0
2026-09-16 07:58:00+00:00,16.959999084472656,16.979999542236328,16.959999084472656,16.979999542236328,0
2026-09-16 07:59:00+00:00,16.979999542236328,16.979999542236328,16.979999542236328,16.979999542236328,0
2026-09-16 08:00:00+00:00,16.979999542236328,16.989999771118164,16.979999542236328,16.989999771118164,0
2026-09-16 08:01:00+00:00,16.989999771118164,17.0,16.989999771118164,17.0,0
2026-09-16 08:02:00+00:00,17.010000228881836,17.010000228881836,17.0,17.0,0
2026-09-16 08:03:00+00:00,17.010000228881836,17.020000457763672,17.010000228881836,17.020000457763672,0
2026-09-16 08:04:00+00:00,17.020000457763672,17.059999465942383,17.020000457763672,17.059999465942383,0
2026-09-16 08:05:00+00:00,17.06999969482422,17.06999969482422,17.059999465942383,17.059999465942383,0
2026-09-16 08:06:00+00:00,17.06999969482422,17.09000015258789,17.06999969482422,17.09000015258789,0
2026-09-16 08:07:00+00:00,17.079999923706055,17.110000610351562,17.079999923706055,17.110000610351562,0
2026-09-16 08:08:00+00:00,17.110000610351562,17.110000610351562,17.100000381469727,17.100000381469727,0
2026-09-16 08:09:00+00:00,17.110000610351562,17.110000610351562,17.110000610351562,17.110000610351562,0
2026-09-16 08:10:00+00:00,17.100000381469727,17.1200008392334,17.100000381469727,17.110000610351562,0
2026-09-16 08:11:00+00:00,17.1200008392334,17.149999618530273,17.1200008392334,17.149999618530273,0
2026-09-16 08:12:00+00:00,17.139999389648438,17.139999389648438,17.1200008392334,17.1200008392334,0
2026-09-16 08:13:00+00:00,17.1200008392334,17.1200008392334,17.1200008392334,17.1200008392334,0
2026-09-16 08:14:00+00:00,17.100000381469727,17.100000381469727,17.09000015258789,17.09000015258789,0
2026-09-16 08:15:00+00:00,17.09000015258789,17.09000015258789,17.06999969482422,17.06999969482422,0
2026-09-16 08:16:00+00:00,17.06999969482422,17.06999969482422,17.059999465942383,17.059999465942383,0
2026-09-16 08:17:00+00:00,17.059999465942383,17.059999465942383,17.049999237060547,17.049999237060547,0
2026-09-16 08:18:00+00:00,17.030000686645508,17.030000686645508,17.030000686645508,17.030000686645508,0
2026-09-16 08:19:00+00:00,17.030000686645508,17.049999237060547,16.979999542236328,17.049999237060547,0
2026-09-16 08:20:00+00:00,17.040000915527344,17.040000915527344,17.010000228881836,17.020000457763672,0
2026-09-16 08:21:00+00:00,17.040000915527344,17.059999465942383,17.0,17.0,0
2026-09-16 08:22:00+00:00,17.010000228881836,17.010000228881836,17.0,17.0,0
2026-09-16 08:23:00+00:00,16.989999771118164,17.030000686645508,16.989999771118164,17.030000686645508,0
2026-09-16 08:24:00+00:00,17.040000915527344,17.059999465942383,17.040000915527344,17.059999465942383,0
2026-09-16 08:25:00+00:00,17.059999465942383,17.059999465942383,17.049999237060547,17.049999237060547,0
2026-09-16 08:26:00+00:00,17.049999237060547,17.06999969482422,17.049999237060547,17.06999969482422,0
2026-09-16 08:27:00+00:00,17.059999465942383,17.059999465942383,17.040000915527344,17.040000915527344,0
2026-09-16 08:28:00+00:00,17.040000915527344,17.040000915527344,17.040000915527344,17.040000915527344,0
2026-09-16 08:29:00+00:00,17.049999237060547,17.049999237060547,17.020000457763672,17.020000457763672,0
2026-09-16 08:30:00+00:00,17.010000228881836,17.020000457763672,17.010000228881836,17.020000457763672,0
2026-09-16 08:31:00+00:00,17.0,17.0,16.989999771118164,16.989999771118164,0
2026-09-16 08:32:00+00:00,16.979999542236328,17.0,16.979999542236328,16.989999771118164,0
2026-09-16 08:33:00+00:00,17.0,17.020000457763672,17.0,17.020000457763672,0
2026-09-16 08:34:00+00:00,17.040000915527344,17.059999465942383,17.040000915527344,17.059999465942383,0
2026-09-16 08:35:00+00:00,17.059999465942383,17.06999969482422,17.049999237060547,17.06999969482422,0
2026-09-16 08:36:00+00:00,17.079999923706055,17.09000015258789,17.079999923706055,17.09000015258789,0
2026-09-16 08:37:00+00:00,17.100000381469727,17.100000381469727,17.09000015258789,17.09000015258789,0
2026-09-16 08:38:00+00:00,17.100000381469727,17.110000610351562,17.100000381469727,17.110000610351562,0
2026-09-16 08:39:00+00:00,17.1200008392334,17.1200008392334,17.1200008392334,17.1200008392334,0
2026-09-16 08:40:00+00:00,17.1299991607666,17.1299991607666,17.1299991607666,17.1299991607666,0
2026-09-16 08:41:00+00:00,17.1200008392334,17.1200008392334,17.110000610351562,17.110000610351562,0
2026-09-16 08:42:00+00:00,17.110000610351562,17.110000610351562,17.100000381469727,17.110000610351562,0
2026-09-16 08:43:00+00:00,17.110000610351562,17.110000610351562,17.059999465942383,17.059999465942383,0
2026-09-16 08:44:00+00:00,17.06999969482422,17.06999969482422,17.059999465942383,17.059999465942383,0
2026-09-16 08:45:00+00:00,17.059999465942383,17.059999465942383,17.040000915527344,17.049999237060547,0
2026-09-16 08:46:00+00:00,17.049999237060547,17.049999237060547,17.040000915527344,17.049999237060547,0
2026-09-16 08:47:00+00:00,17.049999237060547,17.049999237060547,17.049999237060547,17.049999237060547,0
2026-09-16 08:48:00+00:00,17.049999237060547,17.049999237060547,17.049999237060547,17.049999237060547,0
2026-09-16 08:49:00+00:00,17.049999237060547,17.059999465942383,17.049999237060547,17.059999465942383,0
2026-09-16 08:50:00+00:00,17.059999465942383,17.059999465942383,17.059999465942383,17.059999465942383,0
2026-09-16 08:51:00+00:00,17.059999465942383,17.059999465942383,17.059999465942383,17.059999465942383,0
2026-09-16 08:52:00+00:00,17.059999465942383,17.059999465942383,17.059999465942383,17.059999465942383,0
2026-09-16 08:53:00+00:00,17.059999465942383,17.059999465942383,17.049999237060547,17.049999237060547,0
2026-09-16 08:54:00+00:00,17.040000915527344,17.040000915527344,17.020000457763672,17.020000457763672,0
2026-09-16 08:55:00+00:00,17.030000686645508,17.030000686645508,17.010000228881836,17.010000228881836,0
2026-09-16 08:56:00+00:00,17.010000228881836,17.010000228881836,17.010000228881836,17.010000228881836,0
2026-09-16 08:57:00+00:00,17.010000228881836,17.010000228881836,16.989999771118164,16.989999771118164,0
2026-09-16 08:58:00+00:00,16.989999771118164,17.0,16.989999771118164,17.0,0
2026-09-16 08:59:00+00:00,17.0,17.0,17.0,17.0,0
2026-09-16 09:00:00+00:00,17.0,17.0,17.0,17.0,0
2026-09-16 09:01:00+00:00,17.0,17.010000228881836,17.0,17.0,0
2026-09-16 09:02:00+00:00,17.0,17.020000457763672,17.0,17.010000228881836,0
2026-09-16 09:03:00+00:00,17.0,17.0,17.0,17.0,0
2026-09-16 09:04:00+00:00,17.0,17.010000228881836,17.0,17.010000228881836,0
2026-09-16 09:05:00+00:00,17.0,17.0,16.989999771118164,16.989999771118164,0
2026-09-16 09:06:00+00:00,16.989999771118164,17.0,16.989999771118164,17.0,0
2026-09-16 09:07:00+00:00,17.0,17.010000228881836,17.0,17.010000228881836,0
2026-09-16 09:08:00+00:00,17.010000228881836,17.010000228881836,17.010000228881836,17.010000228881836,0
2026-09-16 09:09:00+00:00,17.010000228881836,17.010000228881836,17.0,17.0,0
2026-09-16 09:10:00+00:00,17.010000228881836,17.010000228881836,17.010000228881836,17.010000228881836,0
2026-09-16 09:11:00+00:00,17.010000228881836,17.020000457763672,17.010000228881836,17.020000457763672,0
2026-09-16 09:12:00+00:00,17.020000457763672,17.020000457763672,17.020000457763672,17.020000457763672,0
2026-09-16 09:13:00+00:00,17.020000457763672,17.049999237060547,17.020000457763672,17.049999237060547,0
2026-09-16 09:14:00+00:00,17.049999237060547,17.049999237060547,17.049999237060547,17.049999237060547,0
2026-09-16 09:15:00+00:00,17.049999237060547,17.049999237060547,17.049999237060547,17.049999237060547,0
2026-09-16 09:16:00+00:00,17.049999237060547,17.06999969482422,17.049999237060547,17.06999969482422,0
2026-09-16 09:17:00+00:00,17.059999465942383,17.06999969482422,17.059999465942383,17.06999969482422,0
2026-09-16 09:18:00+00:00,17.06999969482422,17.09000015258789,17.06999969482422,17.09000015258789,0
2026-09-16 09:19:00+00:00,17.09000015258789,17.110000610351562,17.09000015258789,17.110000610351562,0
2026-09-16 09:20:00+00:00,17.110000610351562,17.110000610351562,17.100000381469727,17.100000381469727,0
2026-09-16 09:21:00+00:00,17.100000381469727,17.100000381469727,17.09000015258789,17.09000015258789,0
2026-09-16 09:22:00+00:00,17.09000015258789,17.09000015258789,17.09000015258789,17.09000015258789,0
2026-09-16 09:23:00+00:00,17.09000015258789,17.100000381469727,17.09000015258789,17.100000381469727,0
2026-09-16 09:24:00+00:00,17.100000381469727,17.110000610351562,17.100000381469727,17.110000610351562,0
2026-09-16 09:25:00+00:00,17.1200008392334,17.1200008392334,17.100000381469727,17.100000381469727,0
2026-09-16 09:26:00+00:00,17.06999969482422,17.06999969482422,17.040000915527344,17.059999465942383,0
2026-09-16 09:27:00+00:00,17.059999465942383,17.059999465942383,17.040000915527344,17.040000915527344,0
2026-09-16 09:28:00+00:00,17.040000915527344,17.079999923706055,17.040000915527344,17.079999923706055,0
2026-09-16 09:29:00+00:00,17.06999969482422,17.079999923706055,17.06999969482422,17.079999923706055,0
2026-09-16 09:30:00+00:00,17.079999923706055,17.079999923706055,17.079999923706055,17.079999923706055,0
2026-09-16 09:31:00+00:00,17.079999923706055,17.09000015258789,17.079999923706055,17.079999923706055,0
2026-09-16 09:32:00+00:00,17.079999923706055,17.079999923706055,17.049999237060547,17.049999237060547,0
2026-09-16 09:33:00+00:00,17.049999237060547,17.059999465942383,17.049999237060547,17.059999465942383,0
2026-09-16 09:34:00+00:00,17.049999237060547,17.059999465942383,17.049999237060547,17.049999237060547,0
2026-09-16 09:35:00+00:00,17.049999237060547,17.049999237060547,17.049999237060547,17.049999237060547,0
2026-09-16 09:36:00+00:00,17.049999237060547,17.059999465942383,17.049999237060547,17.059999465942383,0
2026-09-16 09:37:00+00:00,17.059999465942383,17.059999465942383,17.040000915527344,17.040000915527344,0
2026-09-16 09:38:00+00:00,17.040000915527344,17.040000915527344,17.040000915527344,17.040000915527344,0
2026-09-16 09:39:00+00:00,17.040000915527344,17.040000915527344,17.020000457763672,17.020000457763672,0
2026-09-16 09:40:00+00:00,17.010000228881836,17.010000228881836,16.979999542236328,16.979999542236328,0
2026-09-16 09:41:00+00:00,16.979999542236328,16.979999542236328,16.979999542236328,16.979999542236328,0
2026-09-16 09:42:00+00:00,16.979999542236328,16.979999542236328,16.979999542236328,16.979999542236328,0
2026-09-16 09:43:00+00:00,16.969999313354492,16.969999313354492,16.959999084472656,16.959999084472656,0
2026-09-16 09:44:00+00:00,16.959999084472656,16.959999084472656,16.959999084472656,16.959999084472656,0
2026-09-16 09:45:00+00:00,16.959999084472656,16.989999771118164,16.959999084472656,16.989999771118164,0
2026-09-16 09:46:00+00:00,17.0,17.010000228881836,17.0,17.0,0
2026-09-16 09:47:00+00:00,17.0,17.0,17.0,17.0,0
2026-09-16 09:48:00+00:00,17.0,17.0,17.0,17.0,0
2026-09-16 09:49:00+00:00,17.0,17.0,17.0,17.0,0
2026-09-16 09:50:00+00:00,17.0,17.0,16.989999771118164,16.989999771118164,0
2026-09-16 09:51:00+00:00,16.989999771118164,16.989999771118164,16.979999542236328,16.979999542236328,0
2026-09-16 09:52:00+00:00,16.979999542236328,16.979999542236328,16.969999313354492,16.969999313354492,0
2026-09-16 09:53:00+00:00,16.969999313354492,16.969999313354492,16.959999084472656,16.959999084472656,0
2026-09-16 09:54:00+00:00,16.969999313354492,16.969999313354492,16.959999084472656,16.959999084472656,0
2026-09-16 09:55:00+00:00,16.959999084472656,16.969999313354492,16.959999084472656,16.959999084472656,0
2026-09-16 09:56:00+00:00,16.959999084472656,16.959999084472656,16.959999084472656,16.959999084472656,0
2026-09-16 09:57:00+00:00,16.959999084472656,16.959999084472656,16.959999084472656,16.959999084472656,0
2026-09-16 09:58:00+00:00,16.959999084472656,16.959999084472656,16.959999084472656,16.959999084472656,0
2026-09-16 09:59:00+00:00,16.959999084472656,16.969999313354492,16.959999084472656,16.969999313354492,0
2026-09-16 10:00:00+00:00,16.969999313354492,16.969999313354492,16.969999313354492,16.969999313354492,0
2026-09-16 10:01:00+00:00,16.969999313354492,16.969999313354492,16.969999313354492,16.969999313354492,0
2026-09-16 10:02:00+00:00,16.959999084472656,16.969999313354492,16.959999084472656,16.969999313354492,0
2026-09-16 10:03:00+00:00,16.969999313354492,16.969999313354492,16.969999313354492,16.969999313354492,0
2026-09-16 10:04:00+00:00,16.969999313354492,16.969999313354492,16.969999313354492,16.969999313354492,0
2026-09-16 10:05:00+00:00,17.0,17.010000228881836,17.0,17.010000228881836,0
2026-09-16 10:06:00+00:00,17.010000228881836,17.010000228881836,17.010000228881836,17.010000228881836,0
2026-09-16 10:07:00+00:00,17.0,17.0,16.989999771118164,16.989999771118164,0
2026-09-16 10:08:00+00:00,16.989999771118164,16.989999771118164,16.989999771118164,16.989999771118164,0
2026-09-16 10:09:00+00:00,16.989999771118164,16.989999771118164,16.969999313354492,16.969999313354492,0
2026-09-16 10:10:00+00:00,16.969999313354492,16.969999313354492,16.969999313354492,16.969999313354492,0
2026-09-16 10:11:00+00:00,16.979999542236328,16.979999542236328,16.979999542236328,16.979999542236328,0
2026-09-16 10:12:00+00:00,16.969999313354492,16.979999542236328,16.969999313354492,16.979999542236328,0
2026-09-16 10:13:00+00:00,16.989999771118164,17.030000686645508,16.989999771118164,17.030000686645508,0
2026-09-16 10:14:00+00:00,17.010000228881836,17.010000228881836,17.010000228881836,17.010000228881836,0
2026-09-16 10:15:00+00:00,17.0,17.0,16.979999542236328,16.979999542236328,0
2026-09-16 10:16:00+00:00,16.989999771118164,17.0,16.989999771118164,17.0,0
2026-09-16 10:17:00+00:00,17.0,17.010000228881836,17.0,17.010000228881836,0
2026-09-16 10:18:00+00:00,17.010000228881836,17.010000228881836,17.010000228881836,17.010000228881836,0
2026-09-16 10:19:00+00:00,17.010000228881836,17.010000228881836,17.0,17.0,0
2026-09-16 10:20:00+00:00,17.0,17.0,16.979999542236328,16.979999542236328,0
2026-09-16 10:21:00+00:00,16.979999542236328,16.989999771118164,16.979999542236328,16.979999542236328,0
2026-09-16 10:22:00+00:00,16.979999542236328,16.989999771118164,16.979999542236328,16.989999771118164,0
2026-09-16 10:23:00+00:00,17.0,17.0,17.0,17.0,0
2026-09-16 10:24:00+00:00,17.0,17.0,16.989999771118164,17.0,0
2026-09-16 10:25:00+00:00,17.0,17.0,17.0,17.0,0
2026-09-16 10:26:00+00:00,17.0,17.0,16.989999771118164,16.989999771118164,0
2026-09-16 10:27:00+00:00,16.989999771118164,16.989999771118164,16.979999542236328,16.989999771118164,0
2026-09-16 10:28:00+00:00,16.989999771118164,16.989999771118164,16.989999771118164,16.989999771118164,0
2026-09-16 10:29:00+00:00,16.989999771118164,16.989999771118164,16.979999542236328,16.979999542236328,0
2026-09-16 10:30:00+00:00,16.979999542236328,16.979999542236328,16.979999542236328,16.979999542236328,0
2026-09-16 10:31:00+00:00,16.989999771118164,16.989999771118164,16.989999771118164,16.989999771118164,0
2026-09-16 10:32:00+00:00,16.989999771118164,16.989999771118164,16.989999771118164,16.989999771118164,0
2026-09-16 10:33:00+00:00,16.989999771118164,16.989999771118164,16.979999542236328,16.989999771118164,0
2026-09-16 10:34:00+00:00,16.989999771118164,16.989999771118164,16.989999771118164,16.989999771118164,0
2026-09-16 10:35:00+00:00,16.989999771118164,16.989999771118164,16.989999771118164,16.989999771118164,0
2026-09-16 10:36:00+00:00,16.989999771118164,16.989999771118164,16.989999771118164,16.989999771118164,0
2026-09-16 10:37:00+00:00,16.989999771118164,16.989999771118164,16.989999771118164,16.989999771118164,0
2026-09-16 10:38:00+00:00,16.979999542236328,16.979999542236328,16.979999542236328,16.979999542236328,0
2026-09-16 10:39:00+00:00,16.979999542236328,16.979999542236328,16.979999542236328,16.979999542236328,0
2026-09-16 10:40:00+00:00,16.979999542236328,16.979999542236328,16.969999313354492,16.969999313354492,0
2026-09-16 10:41:00+00:00,16.969999313354492,16.969999313354492,16.969999313354492,16.969999313354492,0
2026-09-16 10:42:00+00:00,16.969999313354492,16.969999313354492,16.969999313354492,16.969999313354492,0
2026-09-16 10:43:00+00:00,16.969999313354492,16.969999313354492,16.969999313354492,16.969999313354492,0
2026-09-16 10:44:00+00:00,16.969999313354492,16.969999313354492,16.969999313354492,16.969999313354492,0
2026-09-16 10:45:00+00:00,16.969999313354492,16.969999313354492,16.969999313354492,16.969999313354492,0
2026-09-16 10:46:00+00:00,16.969999313354492,16.979999542236328,16.969999313354492,16.979999542236328,0
2026-09-16 10:47:00+00:00,16.979999542236328,16.979999542236328,16.979999542236328,16.979999542236328,0
2026-09-16 10:48:00+00:00,16.969999313354492,16.969999313354492,16.969999313354492,16.969999313354492,0
2026-09-16 10:49:00+00:00,16.969999313354492,16.969999313354492,16.969999313354492,16.969999313354492,0
2026-09-16 10:50:00+00:00,16.969999313354492,16.969999313354492,16.969999313354492,16.969999313354492,0
2026-09-16 10:51:00+00:00,16.969999313354492,16.979999542236328,16.969999313354492,16.979999542236328,0
2026-09-16 10:52:00+00:00,16.979999542236328,16.979999542236328,16.969999313354492,16.969999313354492,0
2026-09-16 10:53:00+00:00,16.979999542236328,16.979999542236328,16.979999542236328,16.979999542236328,0
2026-09-16 10:54:00+00:00,16.979999542236328,16.979999542236328,16.979999542236328,16.979999542236328,0
2026-09-16 10:55:00+00:00,16.979999542236328,16.979999542236328,16.979999542236328,16.979999542236328,0
2026-09-16 10:56:00+00:00,16.979999542236328,16.979999542236328,16.979999542236328,16.979999542236328,0
2026-09-16 10:57:00+00:00,16.979999542236328,16.979999542236328,16.979999542236328,16.979999542236328,0
2026-09-16 10:58:00+00:00,16.979999542236328,16.979999542236328,16.979999542236328,16.979999542236328,0
2026-09-16 10:59:00+00:00,16.979999542236328,16.979999542236328,16.979999542236328,16.979999542236328,0
2026-09-16 11:00:00+00:00,16.889999389648438,16.889999389648438,16.809999465942383,16.809999465942383,0
2026-09-16 11:01:00+00:00,16.809999465942383,16.850000381469727,16.809999465942383,16.850000381469727,0
2026-09-16 11:02:00+00:00,16.860000610351562,16.8799991607666,16.860000610351562,16.8799991607666,0
2026-09-16 11:03:00+00:00,16.8700008392334,16.8799991607666,16.8700008392334,16.8799991607666,0
2026-09-16 11:04:00+00:00,16.8700008392334,16.8799991607666,16.8700008392334,16.8700008392334,0
2026-09-16 11:05:00+00:00,16.8700008392334,16.8799991607666,16.860000610351562,16.8799991607666,0
2026-09-16 11:06:00+00:00,16.8799991607666,16.889999389648438,16.8799991607666,16.889999389648438,0
2026-09-16 11:07:00+00:00,16.889999389648438,16.90999984741211,16.889999389648438,16.90999984741211,0
2026-09-16 11:08:00+00:00,16.90999984741211,16.93000030517578,16.899999618530273,16.93000030517578,0
2026-09-16 11:09:00+00:00,16.90999984741211,16.90999984741211,16.899999618530273,16.899999618530273,0
2026-09-16 11:10:00+00:00,16.860000610351562,16.8700008392334,16.860000610351562,16.8700008392334,0
2026-09-16 11:11:00+00:00,16.860000610351562,16.899999618530273,16.860000610351562,16.899999618530273,0
2026-09-16 11:12:00+00:00,16.899999618530273,16.899999618530273,16.889999389648438,16.889999389648438,0
2026-09-16 11:13:00+00:00,16.889999389648438,16.899999618530273,16.889999389648438,16.899999618530273,0
2026-09-16 11:14:00+00:00,16.899999618530273,16.920000076293945,16.899999618530273,16.920000076293945,0
2026-09-16 11:15:00+00:00,16.920000076293945,16.950000762939453,16.920000076293945,16.950000762939453,0
2026-09-16 11:16:00+00:00,16.950000762939453,16.950000762939453,16.950000762939453,16.950000762939453,0
2026-09-16 11:17:00+00:00,16.950000762939453,16.950000762939453,16.93000030517578,16.93000030517578,0
2026-09-16 11:18:00+00:00,16.93000030517578,16.940000534057617,16.93000030517578,16.940000534057617,0
2026-09-16 11:19:00+00:00,16.940000534057617,16.940000534057617,16.93000030517578,16.93000030517578,0
2026-09-16 11:20:00+00:00,16.93000030517578,16.93000030517578,16.920000076293945,16.920000076293945,0
2026-09-16 11:21:00+00:00,16.93000030517578,16.93000030517578,16.93000030517578,16.93000030517578,0
2026-09-16 11:22:00+00:00,16.93000030517578,16.940000534057617,16.93000030517578,16.940000534057617,0
2026-09-16 11:23:00+00:00,16.940000534057617,16.940000534057617,16.93000030517578,16.93000030517578,0
2026-09-16 11:24:00+00:00,16.920000076293945,16.920000076293945,16.90999984741211,16.90999984741211,0
2026-09-16 11:25:00+00:00,16.90999984741211,16.90999984741211,16.899999618530273,16.899999618530273,0
2026-09-16 11:26:00+00:00,16.899999618530273,16.899999618530273,16.889999389648438,16.889999389648438,0
2026-09-16 11:27:00+00:00,16.889999389648438,16.889999389648438,16.889999389648438,16.889999389648438,0
2026-09-16 11:28:00+00:00,16.889999389648438,16.899999618530273,16.889999389648438,16.899999618530273,0
2026-09-16 11:29:00+00:00,16.889999389648438,16.889999389648438,16.889999389648438,16.889999389648438,0
2026-09-16 11:30:00+00:00,16.889999389648438,16.889999389648438,16.889999389648438,16.889999389648438,0
2026-09-16 11:31:00+00:00,16.889999389648438,16.889999389648438,16.889999389648438,16.889999389648438,0
2026-09-16 11:32:00+00:00,16.889999389648438,16.889999389648438,16.8799991607666,16.8799991607666,0
2026-09-16 11:33:00+00:00,16.8799991607666,16.8799991607666,16.850000381469727,16.850000381469727,0
2026-09-16 11:34:00+00:00,16.850000381469727,16.850000381469727,16.850000381469727,16.850000381469727,0
2026-09-16 11:35:00+00:00,16.850000381469727,16.850000381469727,16.850000381469727,16.850000381469727,0
2026-09-16 11:36:00+00:00,16.850000381469727,16.850000381469727,16.850000381469727,16.850000381469727,0
2026-09-16 11:37:00+00:00,16.84000015258789,16.84000015258789,16.81999969482422,16.81999969482422,0
2026-09-16 11:38:00+00:00,16.829999923706055,16.84000015258789,16.829999923706055,16.84000015258789,0
2026-09-16 11:39:00+00:00,16.84000015258789,16.84000015258789,16.829999923706055,16.829999923706055,0
2026-09-16 11:40:00+00:00,16.829999923706055,16.850000381469727,16.829999923706055,16.84000015258789,0
2026-09-16 11:41:00+00:00,16.84000015258789,16.84000015258789,16.799999237060547,16.809999465942383,0
2026-09-16 11:42:00+00:00,16.829999923706055,16.84000015258789,16.829999923706055,16.829999923706055,0
2026-09-16 11:43:00+00:00,16.81999969482422,16.81999969482422,16.790000915527344,16.790000915527344,0
2026-09-16 11:44:00+00:00,16.790000915527344,16.799999237060547,16.790000915527344,16.799999237060547,0
2026-09-16 11:45:00+00:00,16.799999237060547,16.799999237060547,16.799999237060547,16.799999237060547,0
2026-09-16 11:46:00+00:00,16.799999237060547,16.799999237060547,16.790000915527344,16.799999237060547,0
2026-09-16 11:47:00+00:00,16.799999237060547,16.799999237060547,16.790000915527344,16.790000915527344,0
2026-09-16 11:48:00+00:00,16.790000915527344,16.790000915527344,16.790000915527344,16.790000915527344,0
2026-09-16 11:49:00+00:00,16.790000915527344,16.799999237060547,16.790000915527344,16.799999237060547,0
2026-09-16 11:50:00+00:00,16.799999237060547,16.799999237060547,16.790000915527344,16.790000915527344,0
2026-09-16 11:51:00+00:00,16.780000686645508,16.790000915527344,16.780000686645508,16.790000915527344,0
2026-09-16 11:52:00+00:00,16.780000686645508,16.780000686645508,16.770000457763672,16.770000457763672,0
2026-09-16 11:53:00+00:00,16.760000228881836,16.760000228881836,16.760000228881836,16.760000228881836,0
2026-09-16 11:54:00+00:00,16.760000228881836,16.760000228881836,16.760000228881836,16.760000228881836,0
2026-09-16 11:55:00+00:00,16.760000228881836,16.760000228881836,16.760000228881836,16.760000228881836,0
2026-09-16 11:56:00+00:00,16.760000228881836,16.760000228881836,16.75,16.75,0
2026-09-16 11:57:00+00:00,16.75,16.75,16.75,16.75,0
2026-09-16 11:58:00+00:00,16.760000228881836,16.780000686645508,16.760000228881836,16.780000686645508,0
2026-09-16 11:59:00+00:00,16.770000457763672,16.780000686645508,16.770000457763672,16.770000457763672,0
2026-09-16 12:00:00+00:00,16.770000457763672,16.770000457763672,16.760000228881836,16.760000228881836,0
2026-09-16 12:01:00+00:00,16.770000457763672,16.770000457763672,16.739999771118164,16.739999771118164,0
2026-09-16 12:02:00+00:00,16.75,16.770000457763672,16.75,16.770000457763672,0
2026-09-16 12:03:00+00:00,16.780000686645508,16.780000686645508,16.780000686645508,16.780000686645508,0
2026-09-16 12:04:00+00:00,16.780000686645508,16.780000686645508,16.780000686645508,16.780000686645508,0
2026-09-16 12:05:00+00:00,16.770000457763672,16.780000686645508,16.770000457763672,16.770000457763672,0
2026-09-16 12:06:00+00:00,16.780000686645508,16.780000686645508,16.760000228881836,16.760000228881836,0
2026-09-16 12:07:00+00:00,16.760000228881836,16.760000228881836,16.739999771118164,16.739999771118164,0
2026-09-16 12:08:00+00:00,16.739999771118164,16.739999771118164,16.729999542236328,16.729999542236328,0
2026-09-16 12:09:00+00:00,16.739999771118164,16.739999771118164,16.739999771118164,16.739999771118164,0
2026-09-16 12:10:00+00:00,16.739999771118164,16.739999771118164,16.739999771118164,16.739999771118164,0
2026-09-16 12:11:00+00:00,16.739999771118164,16.739999771118164,16.739999771118164,16.739999771118164,0
2026-09-16 12:12:00+00:00,16.75,16.75,16.75,16.75,0
2026-09-16 12:13:00+00:00,16.75,16.760000228881836,16.75,16.760000228881836,0
2026-09-16 12:14:00+00:00,16.760000228881836,16.770000457763672,16.760000228881836,16.770000457763672,0
2026-09-16 12:15:00+00:00,16.770000457763672,16.770000457763672,16.770000457763672,16.770000457763672,0
2026-09-16 12:16:00+00:00,16.770000457763672,16.770000457763672,16.770000457763672,16.770000457763672,0
2026-09-16 12:17:00+00:00,16.770000457763672,16.770000457763672,16.760000228881836,16.770000457763672,0
2026-09-16 12:18:00+00:00,16.770000457763672,16.780000686645508,16.760000228881836,16.780000686645508,0
2026-09-16 12:19:00+00:00,16.780000686645508,16.780000686645508,16.770000457763672,16.770000457763672,0
2026-09-16 12:20:00+00:00,16.770000457763672,16.790000915527344,16.770000457763672,16.790000915527344,0
2026-09-16 12:21:00+00:00,16.780000686645508,16.790000915527344,16.780000686645508,16.780000686645508,0
2026-09-16 12:22:00+00:00,16.780000686645508,16.790000915527344,16.780000686645508,16.780000686645508,0
2026-09-16 12:23:00+00:00,16.780000686645508,16.780000686645508,16.770000457763672,16.780000686645508,0
2026-09-16 12:24:00+00:00,16.790000915527344,16.799999237060547,16.790000915527344,16.799999237060547,0
2026-09-16 12:25:00+00:00,16.81999969482422,16.81999969482422,16.799999237060547,16.799999237060547,0
2026-09-16 12:26:00+00:00,16.799999237060547,16.799999237060547,16.799999237060547,16.799999237060547,0
2026-09-16 12:27:00+00:00,16.799999237060547,16.799999237060547,16.780000686645508,16.799999237060547,0
2026-09-16 12:28:00+00:00,16.799999237060547,16.799999237060547,16.790000915527344,16.790000915527344,0
2026-09-16 12:29:00+00:00,16.790000915527344,16.790000915527344,16.770000457763672,16.770000457763672,0
2026-09-16 12:30:00+00:00,16.700000762939453,16.799999237060547,16.700000762939453,16.799999237060547,0
2026-09-16 12:31:00+00:00,16.780000686645508,16.780000686645508,16.770000457763672,16.780000686645508,0
2026-09-16 12:32:00+00:00,16.780000686645508,16.829999923706055,16.780000686645508,16.809999465942383,0
2026-09-16 12:33:00+00:00,16.81999969482422,16.81999969482422,16.81999969482422,16.81999969482422,0
2026-09-16 12:34:00+00:00,16.790000915527344,16.790000915527344,16.790000915527344,16.790000915527344,0
2026-09-16 12:35:00+00:00,16.790000915527344,16.799999237060547,16.790000915527344,16.790000915527344,0
2026-09-16 12:36:00+00:00,16.799999237060547,16.84000015258789,16.799999237060547,16.84000015258789,0
2026-09-16 12:37:00+00:00,16.84000015258789,16.850000381469727,16.84000015258789,16.850000381469727,0
2026-09-16 12:38:00+00:00,16.850000381469727,16.889999389648438,16.850000381469727,16.889999389648438,0
2026-09-16 12:39:00+00:00,16.889999389648438,16.889999389648438,16.889999389648438,16.889999389648438,0
2026-09-16 12:40:00+00:00,16.889999389648438,16.889999389648438,16.889999389648438,16.889999389648438,0
2026-09-16 12:41:00+00:00,16.889999389648438,16.889999389648438,16.889999389648438,16.889999389648438,0
2026-09-16 12:42:00+00:00,16.889999389648438,16.889999389648438,16.8799991607666,16.8799991607666,0
2026-09-16 12:43:00+00:00,16.889999389648438,16.899999618530273,16.850000381469727,16.850000381469727,0
2026-09-16 12:44:00+00:00,16.850000381469727,16.850000381469727,16.81999969482422,16.81999969482422,0
2026-09-16 12:45:00+00:00,16.81999969482422,16.8700008392334,16.81999969482422,16.850000381469727,0
2026-09-16 12:46:00+00:00,16.81999969482422,16.81999969482422,16.81999969482422,16.81999969482422,0
2026-09-16 12:47:00+00:00,16.81999969482422,16.829999923706055,16.81999969482422,16.81999969482422,0
2026-09-16 12:48:00+00:00,16.81999969482422,16.81999969482422,16.799999237060547,16.799999237060547,0
2026-09-16 12:49:00+00:00,16.790000915527344,16.790000915527344,16.6299991607666,16.6299991607666,0
2026-09-16 12:50:00+00:00,16.59000015258789,16.59000015258789,16.56999969482422,16.56999969482422,0
2026-09-16 12:51:00+00:00,16.56999969482422,16.59000015258789,16.559999465942383,16.59000015258789,0
2026-09-16 12:52:00+00:00,16.59000015258789,16.639999389648438,16.59000015258789,16.639999389648438,0
2026-09-16 12:53:00+00:00,16.649999618530273,16.670000076293945,16.649999618530273,16.670000076293945,0
2026-09-16 12:54:00+00:00,16.700000762939453,16.719999313354492,16.700000762939453,16.719999313354492,0
2026-09-16 12:55:00+00:00,16.729999542236328,16.739999771118164,16.729999542236328,16.739999771118164,0
2026-09-16 12:56:00+00:00,16.729999542236328,16.739999771118164,16.729999542236328,16.729999542236328,0
2026-09-16 12:57:00+00:00,16.729999542236328,16.729999542236328,16.670000076293945,16.670000076293945,0
2026-09-16 12:58:00+00:00,16.68000030517578,16.719999313354492,16.68000030517578,16.700000762939453,0
2026-09-16 12:59:00+00:00,16.700000762939453,16.739999771118164,16.700000762939453,16.739999771118164,0
2026-09-16 13:00:00+00:00,16.719999313354492,16.739999771118164,16.719999313354492,16.739999771118164,0
2026-09-16 13:01:00+00:00,16.770000457763672,16.799999237060547,16.770000457763672,16.799999237060547,0
2026-09-16 13:02:00+00:00,16.770000457763672,16.770000457763672,16.75,16.770000457763672,0
2026-09-16 13:03:00+00:00,16.780000686645508,16.780000686645508,16.770000457763672,16.780000686645508,0
2026-09-16 13:04:00+00:00,16.790000915527344,16.790000915527344,16.790000915527344,16.790000915527344,0
2026-09-16 13:05:00+00:00,16.790000915527344,16.790000915527344,16.780000686645508,16.780000686645508,0
2026-09-16 13:06:00+00:00,16.790000915527344,16.799999237060547,16.790000915527344,16.790000915527344,0
2026-09-16 13:07:00+00:00,16.790000915527344,16.790000915527344,16.770000457763672,16.770000457763672,0
2026-09-16 13:08:00+00:00,16.780000686645508,16.780000686645508,16.770000457763672,16.770000457763672,0
2026-09-16 13:09:00+00:00,16.780000686645508,16.780000686645508,16.780000686645508,16.780000686645508,0
2026-09-16 13:10:00+00:00,16.770000457763672,16.780000686645508,16.770000457763672,16.770000457763672,0
2026-09-16 13:11:00+00:00,16.770000457763672,16.770000457763672,16.770000457763672,16.770000457763672,0
2026-09-16 13:12:00+00:00,16.770000457763672,16.770000457763672,16.75,16.75,0
2026-09-16 13:13:00+00:00,16.75,16.75,16.75,16.75,0
2026-09-16 13:14:00+00:00,16.75,16.75,16.729999542236328,16.729999542236328,0
2026-09-16 13:15:00+00:00,16.729999542236328,16.780000686645508,16.729999542236328,16.780000686645508,0
2026-09-16 13:16:00+00:00,16.780000686645508,16.780000686645508,16.760000228881836,16.760000228881836,0
2026-09-16 13:17:00+00:00,16.780000686645508,16.799999237060547,16.780000686645508,16.799999237060547,0
2026-09-16 13:18:00+00:00,16.790000915527344,16.799999237060547,16.780000686645508,16.780000686645508,0
2026-09-16 13:19:00+00:00,16.780000686645508,16.799999237060547,16.780000686645508,16.799999237060547,0
2026-09-16 13:20:00+00:00,16.780000686645508,16.780000686645508,16.75,16.75,0
2026-09-16 13:21:00+00:00,16.75,16.75,16.719999313354492,16.719999313354492,0
2026-09-16 13:22:00+00:00,16.719999313354492,16.719999313354492,16.719999313354492,16.719999313354492,0
2026-09-16 13:23:00+00:00,16.719999313354492,16.729999542236328,16.719999313354492,16.729999542236328,0
2026-09-16 13:24:00+00:00,16.729999542236328,16.729999542236328,16.729999542236328,16.729999542236328,0
2026-09-16 13:25:00+00:00,16.739999771118164,16.739999771118164,16.739999771118164,16.739999771118164,0
2026-09-16 13:31:00+00:00,16.809999465942383,16.809999465942383,16.809999465942383,16.809999465942383,0
2026-09-16 13:32:00+00:00,16.790000915527344,16.799999237060547,16.790000915527344,16.790000915527344,0
2026-09-16 13:33:00+00:00,16.790000915527344,16.799999237060547,16.790000915527344,16.799999237060547,0
2026-09-16 13:34:00+00:00,16.790000915527344,16.84000015258789,16.790000915527344,16.84000015258789,0
2026-09-16 13:35:00+00:00,16.860000610351562,16.860000610351562,16.84000015258789,16.84000015258789,0
2026-09-16 13:36:00+00:00,16.84000015258789,16.8799991607666,16.84000015258789,16.8700008392334,0
2026-09-16 13:37:00+00:00,16.8700008392334,16.8700008392334,16.8700008392334,16.8700008392334,0
2026-09-16 13:38:00+00:00,16.8799991607666,16.920000076293945,16.8799991607666,16.920000076293945,0
2026-09-16 13:39:00+00:00,16.920000076293945,16.920000076293945,16.920000076293945,16.920000076293945,0
2026-09-16 13:40:00+00:00,16.93000030517578,16.93000030517578,16.90999984741211,16.90999984741211,0
2026-09-16 13:41:00+00:00,16.889999389648438,16.889999389648438,16.8700008392334,16.8799991607666,0
2026-09-16 13:42:00+00:00,16.90999984741211,16.90999984741211,16.90999984741211,16.90999984741211,0
2026-09-16 13:43:00+00:00,16.950000762939453,16.989999771118164,16.950000762939453,16.979999542236328,0
2026-09-16 13:44:00+00:00,16.979999542236328,16.979999542236328,16.940000534057617,16.950000762939453,0
2026-09-16 13:45:00+00:00,16.969999313354492,16.969999313354492,16.93000030517578,16.959999084472656,0
2026-09-16 13:46:00+00:00,16.860000610351562,16.860000610351562,16.829999923706055,16.829999923706055,0
2026-09-16 13:47:00+00:00,16.829999923706055,16.84000015258789,16.829999923706055,16.829999923706055,0
2026-09-16 13:48:00+00:00,16.81999969482422,16.850000381469727,16.81999969482422,16.850000381469727,0
2026-09-16 13:49:00+00:00,16.860000610351562,16.860000610351562,16.84000015258789,16.84000015258789,0
2026-09-16 13:50:00+00:00,16.81999969482422,16.81999969482422,16.770000457763672,16.770000457763672,0
2026-09-16 13:51:00+00:00,16.780000686645508,16.790000915527344,16.780000686645508,16.780000686645508,0
2026-09-16 13:52:00+00:00,16.760000228881836,16.760000228881836,16.75,16.75,0
2026-09-16 13:53:00+00:00,16.760000228881836,16.760000228881836,16.75,16.760000228881836,0
2026-09-16 13:54:00+00:00,16.729999542236328,16.75,16.729999542236328,16.75,0
2026-09-16 13:55:00+00:00,16.739999771118164,16.75,16.729999542236328,16.729999542236328,0
2026-09-16 13:56:00+00:00,16.739999771118164,16.739999771118164,16.729999542236328,16.729999542236328,0
2026-09-16 13:57:00+00:00,16.739999771118164,16.739999771118164,16.719999313354492,16.719999313354492,0
2026-09-16 13:58:00+00:00,16.719999313354492,16.739999771118164,16.719999313354492,16.739999771118164,0
2026-09-16 13:59:00+00:00,16.729999542236328,16.739999771118164,16.729999542236328,16.729999542236328,0
2026-09-16 14:00:00+00:00,16.709999084472656,16.709999084472656,16.700000762939453,16.700000762939453,0
2026-09-16 14:01:00+00:00,16.709999084472656,16.739999771118164,16.709999084472656,16.739999771118164,0
2026-09-16 14:02:00+00:00,16.739999771118164,16.75,16.739999771118164,16.75,0
2026-09-16 14:03:00+00:00,16.75,16.780000686645508,16.75,16.780000686645508,0
2026-09-16 14:04:00+00:00,16.780000686645508,16.799999237060547,16.780000686645508,16.799999237060547,0
2026-09-16 14:05:00+00:00,16.799999237060547,16.81999969482422,16.799999237060547,16.81999969482422,0
2026-09-16 14:06:00+00:00,16.829999923706055,16.850000381469727,16.829999923706055,16.850000381469727,0
2026-09-16 14:07:00+00:00,16.850000381469727,16.850000381469727,16.829999923706055,16.829999923706055,0
2026-09-16 14:08:00+00:00,16.829999923706055,16.829999923706055,16.81999969482422,16.81999969482422,0
2026-09-16 14:09:00+00:00,16.809999465942383,16.809999465942383,16.799999237060547,16.799999237060547,0
2026-09-16 14:10:00+00:00,16.809999465942383,16.809999465942383,16.809999465942383,16.809999465942383,0
2026-09-16 14:11:00+00:00,16.809999465942383,16.84000015258789,16.809999465942383,16.829999923706055,0
2026-09-16 14:12:00+00:00,16.829999923706055,16.860000610351562,16.829999923706055,16.860000610351562,0
2026-09-16 14:13:00+00:00,16.8700008392334,16.899999618530273,16.8700008392334,16.889999389648438,0
2026-09-16 14:14:00+00:00,16.8799991607666,16.8799991607666,16.860000610351562,16.860000610351562,0
2026-09-16 14:15:00+00:00,16.850000381469727,16.850000381469727,16.829999923706055,16.829999923706055,0
2026-09-16 14:16:00+00:00,16.81999969482422,16.829999923706055,16.81999969482422,16.81999969482422,0
2026-09-16 14:17:00+00:00,16.829999923706055,16.850000381469727,16.829999923706055,16.850000381469727,0
2026-09-16 14:18:00+00:00,16.850000381469727,16.850000381469727,16.84000015258789,16.850000381469727,0
2026-09-16 14:19:00+00:00,16.850000381469727,16.860000610351562,16.850000381469727,16.860000610351562,0
2026-09-16 14:20:00+00:00,16.8799991607666,16.8799991607666,16.8700008392334,16.8799991607666,0
2026-09-16 14:21:00+00:00,16.8799991607666,16.8799991607666,16.8700008392334,16.8700008392334,0
2026-09-16 14:22:00+00:00,16.8700008392334,16.920000076293945,16.8700008392334,16.920000076293945,0
2026-09-16 14:23:00+00:00,16.93000030517578,16.940000534057617,16.93000030517578,16.940000534057617,0
2026-09-16 14:24:00+00:00,16.93000030517578,16.93000030517578,16.93000030517578,16.93000030517578,0
2026-09-16 14:25:00+00:00,16.940000534057617,16.950000762939453,16.940000534057617,16.950000762939453,0
2026-09-16 14:26:00+00:00,16.950000762939453,16.959999084472656,16.950000762939453,16.959999084472656,0
2026-09-16 14:27:00+00:00,16.950000762939453,16.969999313354492,16.950000762939453,16.969999313354492,0
2026-09-16 14:28:00+00:00,16.969999313354492,16.969999313354492,16.950000762939453,16.950000762939453,0
2026-09-16 14:29:00+00:00,16.959999084472656,16.959999084472656,16.950000762939453,16.950000762939453,0
2026-09-16 14:30:00+00:00,16.950000762939453,16.950000762939453,16.93000030517578,16.93000030517578,0
2026-09-16 14:31:00+00:00,16.93000030517578,16.950000762939453,16.93000030517578,16.950000762939453,0
2026-09-16 14:32:00+00:00,16.950000762939453,16.959999084472656,16.950000762939453,16.959999084472656,0
2026-09-16 14:33:00+00:00,16.959999084472656,16.959999084472656,16.920000076293945,16.920000076293945,0
2026-09-16 14:34:00+00:00,16.920000076293945,16.93000030517578,16.920000076293945,16.93000030517578,0
2026-09-16 14:35:00+00:00,16.93000030517578,16.93000030517578,16.920000076293945,16.920000076293945,0
2026-09-16 14:36:00+00:00,16.920000076293945,16.93000030517578,16.920000076293945,16.93000030517578,0
2026-09-16 14:37:00+00:00,16.940000534057617,16.940000534057617,16.920000076293945,16.920000076293945,0
2026-09-16 14:38:00+00:00,16.889999389648438,16.889999389648438,16.8799991607666,16.8799991607666,0
2026-09-16 14:39:00+00:00,16.860000610351562,16.860000610351562,16.829999923706055,16.829999923706055,0
2026-09-16 14:40:00+00:00,16.829999923706055,16.84000015258789,16.809999465942383,16.809999465942383,0
2026-09-16 14:41:00+00:00,16.790000915527344,16.790000915527344,16.770000457763672,16.780000686645508,0
2026-09-16 14:42:00+00:00,16.780000686645508,16.780000686645508,16.770000457763672,16.770000457763672,0
2026-09-16 14:43:00+00:00,16.770000457763672,16.770000457763672,16.760000228881836,16.760000228881836,0
2026-09-16 14:44:00+00:00,16.75,16.75,16.75,16.75,0
2026-09-16 14:45:00+00:00,16.739999771118164,16.739999771118164,16.729999542236328,16.729999542236328,0
2026-09-16 14:46:00+00:00,16.729999542236328,16.729999542236328,16.729999542236328,16.729999542236328,0
2026-09-16 14:47:00+00:00,16.729999542236328,16.739999771118164,16.729999542236328,16.739999771118164,0
2026-09-16 14:48:00+00:00,16.739999771118164,16.75,16.739999771118164,16.75,0
2026-09-16 14:49:00+00:00,16.75,16.770000457763672,16.75,16.770000457763672,0
2026-09-16 14:50:00+00:00,16.790000915527344,16.790000915527344,16.790000915527344,16.790000915527344,0
2026-09-16 14:51:00+00:00,16.799999237060547,16.799999237060547,16.790000915527344,16.790000915527344,0
2026-09-16 14:52:00+00:00,16.799999237060547,16.809999465942383,16.799999237060547,16.809999465942383,0
2026-09-16 14:53:00+00:00,16.799999237060547,16.799999237060547,16.790000915527344,16.790000915527344,0
2026-09-16 14:54:00+00:00,16.790000915527344,16.799999237060547,16.790000915527344,16.799999237060547,0
2026-09-16 14:55:00+00:00,16.809999465942383,16.809999465942383,16.799999237060547,16.799999237060547,0
2026-09-16 14:56:00+00:00,16.799999237060547,16.799999237060547,16.799999237060547,16.799999237060547,0
2026-09-16 14:57:00+00:00,16.799999237060547,16.809999465942383,16.799999237060547,16.809999465942383,0
2026-09-16 14:58:00+00:00,16.799999237060547,16.799999237060547,16.799999237060547,16.799999237060547,0
2026-09-16 14:59:00+00:00,16.790000915527344,16.799999237060547,16.760000228881836,16.760000228881836,0
2026-09-16 15:00:00+00:00,16.75,16.75,16.719999313354492,16.719999313354492,0
2026-09-16 15:01:00+00:00,16.690000534057617,16.690000534057617,16.68000030517578,16.690000534057617,0
2026-09-16 15:02:00+00:00,16.690000534057617,16.709999084472656,16.690000534057617,16.709999084472656,0
2026-09-16 15:03:00+00:00,16.709999084472656,16.709999084472656,16.709999084472656,16.709999084472656,0
2026-09-16 15:04:00+00:00,16.700000762939453,16.700000762939453,16.690000534057617,16.690000534057617,0
2026-09-16 15:05:00+00:00,16.690000534057617,16.700000762939453,16.690000534057617,16.700000762939453,0
2026-09-16 15:06:00+00:00,16.700000762939453,16.709999084472656,16.700000762939453,16.700000762939453,0
2026-09-16 15:07:00+00:00,16.68000030517578,16.68000030517578,16.649999618530273,16.649999618530273,0
2026-09-16 15:08:00+00:00,16.639999389648438,16.65999984741211,16.639999389648438,16.649999618530273,0
2026-09-16 15:09:00+00:00,16.649999618530273,16.649999618530273,16.649999618530273,16.649999618530273,0
2026-09-16 15:10:00+00:00,16.649999618530273,16.65999984741211,16.649999618530273,16.65999984741211,0
2026-09-16 15:11:00+00:00,16.65999984741211,16.68000030517578,16.65999984741211,16.670000076293945,0
2026-09-16 15:12:00+00:00,16.690000534057617,16.700000762939453,16.690000534057617,16.700000762939453,0
2026-09-16 15:13:00+00:00,16.700000762939453,16.700000762939453,16.690000534057617,16.690000534057617,0
2026-09-16 15:14:00+00:00,16.68000030517578,16.690000534057617,16.68000030517578,16.690000534057617,0
2026-09-16 15:15:00+00:00,16.690000534057617,16.700000762939453,16.690000534057617,16.700000762939453,0
2026-09-16 15:16:00+00:00,16.700000762939453,16.700000762939453,16.700000762939453,16.700000762939453,0
2026-09-16 15:17:00+00:00,16.700000762939453,16.709999084472656,16.700000762939453,16.709999084472656,0
2026-09-16 15:18:00+00:00,16.709999084472656,16.709999084472656,16.709999084472656,16.709999084472656,0
2026-09-16 15:19:00+00:00,16.709999084472656,16.709999084472656,16.700000762939453,16.700000762939453,0
2026-09-16 15:20:00+00:00,16.700000762939453,16.700000762939453,16.700000762939453,16.700000762939453,0
2026-09-16 15:21:00+00:00,16.700000762939453,16.709999084472656,16.700000762939453,16.709999084472656,0
2026-09-16 15:22:00+00:00,16.709999084472656,16.709999084472656,16.709999084472656,16.709999084472656,0
2026-09-16 15:23:00+00:00,16.709999084472656,16.709999084472656,16.709999084472656,16.709999084472656,0
2026-09-16 15:24:00+00:00,16.709999084472656,16.709999084472656,16.700000762939453,16.700000762939453,0
2026-09-16 15:25:00+00:00,16.700000762939453,16.709999084472656,16.690000534057617,16.690000534057617,0
2026-09-16 15:26:00+00:00,16.68000030517578,16.68000030517578,16.68000030517578,16.68000030517578,0
2026-09-16 15:27:00+00:00,16.690000534057617,16.700000762939453,16.690000534057617,16.700000762939453,0
2026-09-16 15:28:00+00:00,16.700000762939453,16.709999084472656,16.700000762939453,16.700000762939453,0
2026-09-16 15:29:00+00:00,16.709999084472656,16.719999313354492,16.709999084472656,16.719999313354492,0
2026-09-16 15:30:00+00:00,16.719999313354492,16.719999313354492,16.709999084472656,16.719999313354492,0
2026-09-16 15:31:00+00:00,16.729999542236328,16.729999542236328,16.729999542236328,16.729999542236328,0
2026-09-16 15:32:00+00:00,16.729999542236328,16.75,16.729999542236328,16.75,0
2026-09-16 15:33:00+00:00,16.739999771118164,16.739999771118164,16.729999542236328,16.729999542236328,0
2026-09-16 15:34:00+00:00,16.729999542236328,16.729999542236328,16.729999542236328,16.729999542236328,0
2026-09-16 15:35:00+00:00,16.719999313354492,16.729999542236328,16.719999313354492,16.729999542236328,0
2026-09-16 15:36:00+00:00,16.729999542236328,16.729999542236328,16.719999313354492,16.719999313354492,0
2026-09-16 15:37:00+00:00,16.719999313354492,16.729999542236328,16.719999313354492,16.729999542236328,0
2026-09-16 15:38:00+00:00,16.719999313354492,16.719999313354492,16.719999313354492,16.719999313354492,0
2026-09-16 15:39:00+00:00,16.709999084472656,16.709999084472656,16.690000534057617,16.690000534057617,0
2026-09-16 15:40:00+00:00,16.700000762939453,16.700000762939453,16.700000762939453,16.700000762939453,0
2026-09-16 15:41:00+00:00,16.700000762939453,16.700000762939453,16.700000762939453,16.700000762939453,0
2026-09-16 15:42:00+00:00,16.700000762939453,16.700000762939453,16.700000762939453,16.700000762939453,0
2026-09-16 15:43:00+00:00,16.700000762939453,16.700000762939453,16.690000534057617,16.690000534057617,0
2026-09-16 15:44:00+00:00,16.700000762939453,16.700000762939453,16.690000534057617,16.690000534057617,0
2026-09-16 15:45:00+00:00,16.690000534057617,16.690000534057617,16.690000534057617,16.690000534057617,0
2026-09-16 15:46:00+00:00,16.690000534057617,16.690000534057617,16.690000534057617,16.690000534057617,0
2026-09-16 15:47:00+00:00,16.690000534057617,16.690000534057617,16.549999237060547,16.579999923706055,0
2026-09-16 15:48:00+00:00,16.579999923706055,16.6200008392334,16.579999923706055,16.6200008392334,0
2026-09-16 15:49:00+00:00,16.6200008392334,16.639999389648438,16.6200008392334,16.639999389648438,0
2026-09-16 15:50:00+00:00,16.639999389648438,16.65999984741211,16.639999389648438,16.65999984741211,0
2026-09-16 15:51:00+00:00,16.65999984741211,16.670000076293945,16.65999984741211,16.65999984741211,0
2026-09-16 15:52:00+00:00,16.670000076293945,16.690000534057617,16.670000076293945,16.68000030517578,0
2026-09-16 15:53:00+00:00,16.68000030517578,16.68000030517578,16.65999984741211,16.670000076293945,0
2026-09-16 15:54:00+00:00,16.670000076293945,16.68000030517578,16.670000076293945,16.68000030517578,0
2026-09-16 15:55:00+00:00,16.68000030517578,16.690000534057617,16.68000030517578,16.690000534057617,0
2026-09-16 15:56:00+00:00,16.690000534057617,16.700000762939453,16.690000534057617,16.700000762939453,0
2026-09-16 15:57:00+00:00,16.700000762939453,16.700000762939453,16.700000762939453,16.700000762939453,0
2026-09-16 15:58:00+00:00,16.700000762939453,16.700000762939453,16.690000534057617,16.690000534057617,0
2026-09-16 15:59:00+00:00,16.690000534057617,16.729999542236328,16.690000534057617,16.729999542236328,0
2026-09-16 16:00:00+00:00,16.729999542236328,16.739999771118164,16.729999542236328,16.729999542236328,0
2026-09-16 16:01:00+00:00,16.729999542236328,16.75,16.729999542236328,16.75,0
2026-09-16 16:02:00+00:00,16.75,16.760000228881836,16.75,16.760000228881836,0
2026-09-16 16:03:00+00:00,16.760000228881836,16.760000228881836,16.760000228881836,16.760000228881836,0
2026-09-16 16:04:00+00:00,16.780000686645508,16.790000915527344,16.780000686645508,16.790000915527344,0
2026-09-16 16:05:00+00:00,16.790000915527344,16.790000915527344,16.790000915527344,16.790000915527344,0
2026-09-16 16:06:00+00:00,16.790000915527344,16.790000915527344,16.780000686645508,16.780000686645508,0
2026-09-16 16:07:00+00:00,16.780000686645508,16.790000915527344,16.780000686645508,16.790000915527344,0
2026-09-16 16:08:00+00:00,16.790000915527344,16.790000915527344,16.790000915527344,16.790000915527344,0
2026-09-16 16:09:00+00:00,16.790000915527344,16.790000915527344,16.780000686645508,16.780000686645508,0
2026-09-16 16:10:00+00:00,16.780000686645508,16.780000686645508,16.780000686645508,16.780000686645508,0
2026-09-16 16:11:00+00:00,16.780000686645508,16.790000915527344,16.780000686645508,16.790000915527344,0
2026-09-16 16:12:00+00:00,16.790000915527344,16.809999465942383,16.790000915527344,16.809999465942383,0
2026-09-16 16:13:00+00:00,16.809999465942383,16.809999465942383,16.809999465942383,16.809999465942383,0
2026-09-16 16:14:00+00:00,16.799999237060547,16.809999465942383,16.799999237060547,16.809999465942383,0
2026-09-16 16:15:00+00:00,16.799999237060547,16.799999237060547,16.790000915527344,16.790000915527344,0
2026-09-16 16:16:00+00:00,16.790000915527344,16.790000915527344,16.790000915527344,16.790000915527344,0
2026-09-16 16:17:00+00:00,16.790000915527344,16.799999237060547,16.790000915527344,16.799999237060547,0
2026-09-16 16:18:00+00:00,16.799999237060547,16.799999237060547,16.799999237060547,16.799999237060547,0
2026-09-16 16:19:00+00:00,16.799999237060547,16.799999237060547,16.799999237060547,16.799999237060547,0
2026-09-16 16:20:00+00:00,16.799999237060547,16.809999465942383,16.799999237060547,16.809999465942383,0
2026-09-16 16:21:00+00:00,16.81999969482422,16.84000015258789,16.81999969482422,16.84000015258789,0
2026-09-16 16:22:00+00:00,16.84000015258789,16.860000610351562,16.84000015258789,16.860000610351562,0
2026-09-16 16:23:00+00:00,16.860000610351562,16.860000610351562,16.860000610351562,16.860000610351562,0
2026-09-16 16:24:00+00:00,16.860000610351562,16.860000610351562,16.860000610351562,16.860000610351562,0
2026-09-16 16:25:00+00:00,16.8700008392334,16.8799991607666,16.8700008392334,16.8799991607666,0
2026-09-16 16:26:00+00:00,16.8799991607666,16.8799991607666,16.8700008392334,16.8700008392334,0
2026-09-16 16:27:00+00:00,16.860000610351562,16.8700008392334,16.860000610351562,16.8700008392334,0
2026-09-16 16:28:00+00:00,16.8700008392334,16.8700008392334,16.8700008392334,16.8700008392334,0
2026-09-16 16:29:00+00:00,16.8700008392334,16.8700008392334,16.850000381469727,16.850000381469727,0
2026-09-16 16:30:00+00:00,16.850000381469727,16.850000381469727,16.850000381469727,16.850000381469727,0
2026-09-16 16:31:00+00:00,16.850000381469727,16.850000381469727,16.84000015258789,16.84000015258789,0
2026-09-16 16:32:00+00:00,16.850000381469727,16.8700008392334,16.850000381469727,16.8700008392334,0
2026-09-16 16:33:00+00:00,16.8700008392334,16.8799991607666,16.8700008392334,16.8799991607666,0
2026-09-16 16:34:00+00:00,16.84000015258789,16.84000015258789,16.84000015258789,16.84000015258789,0
2026-09-16 16:35:00+00:00,16.84000015258789,16.84000015258789,16.81999969482422,16.81999969482422,0
2026-09-16 16:36:00+00:00,16.81999969482422,16.81999969482422,16.81999969482422,16.81999969482422,0
2026-09-16 16:37:00+00:00,16.81999969482422,16.81999969482422,16.809999465942383,16.809999465942383,0
2026-09-16 16:38:00+00:00,16.809999465942383,16.809999465942383,16.799999237060547,16.799999237060547,0
2026-09-16 16:39:00+00:00,16.799999237060547,16.799999237060547,16.799999237060547,16.799999237060547,0
2026-09-16 16:40:00+00:00,16.799999237060547,16.799999237060547,16.790000915527344,16.790000915527344,0
2026-09-16 16:41:00+00:00,16.790000915527344,16.790000915527344,16.790000915527344,16.790000915527344,0
2026-09-16 16:42:00+00:00,16.790000915527344,16.790000915527344,16.790000915527344,16.790000915527344,0
2026-09-16 16:43:00+00:00,16.790000915527344,16.790000915527344,16.790000915527344,16.790000915527344,0
2026-09-16 16:44:00+00:00,16.780000686645508,16.780000686645508,16.770000457763672,16.770000457763672,0
2026-09-16 16:45:00+00:00,16.770000457763672,16.770000457763672,16.760000228881836,16.760000228881836,0
2026-09-16 16:46:00+00:00,16.760000228881836,16.760000228881836,16.760000228881836,16.760000228881836,0
2026-09-16 16:47:00+00:00,16.760000228881836,16.760000228881836,16.760000228881836,16.760000228881836,0
2026-09-16 16:48:00+00:00,16.75,16.75,16.75,16.75,0
2026-09-16 16:49:00+00:00,16.75,16.760000228881836,16.75,16.760000228881836,0
2026-09-16 16:50:00+00:00,16.760000228881836,16.770000457763672,16.760000228881836,16.770000457763672,0
2026-09-16 16:51:00+00:00,16.770000457763672,16.780000686645508,16.770000457763672,16.780000686645508,0
2026-09-16 16:52:00+00:00,16.780000686645508,16.790000915527344,16.780000686645508,16.790000915527344,0
2026-09-16 16:53:00+00:00,16.790000915527344,16.790000915527344,16.790000915527344,16.790000915527344,0
2026-09-16 16:54:00+00:00,16.790000915527344,16.790000915527344,16.790000915527344,16.790000915527344,0
2026-09-16 16:55:00+00:00,16.790000915527344,16.790000915527344,16.790000915527344,16.790000915527344,0
2026-09-16 16:56:00+00:00,16.780000686645508,16.780000686645508,16.780000686645508,16.780000686645508,0
2026-09-16 16:57:00+00:00,16.780000686645508,16.780000686645508,16.780000686645508,16.780000686645508,0
2026-09-16 16:58:00+00:00,16.780000686645508,16.780000686645508,16.780000686645508,16.780000686645508,0
2026-09-16 16:59:00+00:00,16.780000686645508,16.790000915527344,16.780000686645508,16.790000915527344,0
2026-09-16 17:00:00+00:00,16.790000915527344,16.81999969482422,16.790000915527344,16.81999969482422,0
2026-09-16 17:01:00+00:00,16.829999923706055,16.850000381469727,16.829999923706055,16.850000381469727,0
2026-09-16 17:02:00+00:00,16.850000381469727,16.850000381469727,16.850000381469727,16.850000381469727,0
2026-09-16 17:03:00+00:00,16.850000381469727,16.860000610351562,16.850000381469727,16.860000610351562,0
2026-09-16 17:04:00+00:00,16.8799991607666,16.8799991607666,16.8700008392334,16.8700008392334,0
2026-09-16 17:05:00+00:00,16.8700008392334,16.8700008392334,16.860000610351562,16.860000610351562,0
2026-09-16 17:06:00+00:00,16.8700008392334,16.8799991607666,16.8700008392334,16.8799991607666,0
2026-09-16 17:07:00+00:00,16.8799991607666,16.8799991607666,16.8799991607666,16.8799991607666,0
2026-09-16 17:08:00+00:00,16.8799991607666,16.8799991607666,16.8700008392334,16.8700008392334,0
2026-09-16 17:09:00+00:00,16.8700008392334,16.8799991607666,16.8700008392334,16.8700008392334,0
2026-09-16 17:10:00+00:00,16.8700008392334,16.8700008392334,16.8700008392334,16.8700008392334,0
2026-09-16 17:11:00+00:00,16.8700008392334,16.8700008392334,16.8700008392334,16.8700008392334,0
2026-09-16 17:12:00+00:00,16.8700008392334,16.8700008392334,16.8700008392334,16.8700008392334,0
2026-09-16 17:13:00+00:00,16.8700008392334,16.8700008392334,16.8700008392334,16.8700008392334,0
2026-09-16 17:14:00+00:00,16.8700008392334,16.8700008392334,16.850000381469727,16.850000381469727,0
2026-09-16 17:15:00+00:00,16.850000381469727,16.850000381469727,16.850000381469727,16.850000381469727,0
2026-09-16 17:16:00+00:00,16.850000381469727,16.850000381469727,16.850000381469727,16.850000381469727,0
2026-09-16 17:17:00+00:00,16.850000381469727,16.850000381469727,16.850000381469727,16.850000381469727,0
2026-09-16 17:18:00+00:00,16.850000381469727,16.850000381469727,16.850000381469727,16.850000381469727,0
2026-09-16 17:19:00+00:00,16.84000015258789,16.84000015258789,16.84000015258789,16.84000015258789,0
2026-09-16 17:20:00+00:00,16.84000015258789,16.84000015258789,16.829999923706055,16.829999923706055,0
2026-09-16 17:21:00+00:00,16.829999923706055,16.829999923706055,16.809999465942383,16.809999465942383,0
2026-09-16 17:22:00+00:00,16.809999465942383,16.81999969482422,16.809999465942383,16.81999969482422,0
2026-09-16 17:23:00+00:00,16.81999969482422,16.829999923706055,16.81999969482422,16.829999923706055,0
2026-09-16 17:24:00+00:00,16.829999923706055,16.829999923706055,16.829999923706055,16.829999923706055,0
2026-09-16 17:25:00+00:00,16.829999923706055,16.829999923706055,16.81999969482422,16.81999969482422,0
2026-09-16 17:26:00+00:00,16.81999969482422,16.829999923706055,16.81999969482422,16.81999969482422,0
2026-09-16 17:27:00+00:00,16.81999969482422,16.81999969482422,16.809999465942383,16.809999465942383,0
2026-09-16 17:28:00+00:00,16.809999465942383,16.809999465942383,16.809999465942383,16.809999465942383,0
2026-09-16 17:29:00+00:00,16.809999465942383,16.809999465942383,16.799999237060547,16.799999237060547,0
2026-09-16 17:30:00+00:00,16.799999237060547,16.799999237060547,16.780000686645508,16.780000686645508,0
2026-09-16 17:31:00+00:00,16.780000686645508,16.809999465942383,16.780000686645508,16.809999465942383,0
2026-09-16 17:32:00+00:00,16.799999237060547,16.809999465942383,16.799999237060547,16.809999465942383,0
2026-09-16 17:33:00+00:00,16.809999465942383,16.809999465942383,16.799999237060547,16.809999465942383,0
2026-09-16 17:34:00+00:00,16.809999465942383,16.809999465942383,16.799999237060547,16.809999465942383,0
2026-09-16 17:35:00+00:00,16.809999465942383,16.809999465942383,16.809999465942383,16.809999465942383,0
2026-09-16 17:36:00+00:00,16.809999465942383,16.809999465942383,16.799999237060547,16.799999237060547,0
2026-09-16 17:37:00+00:00,16.799999237060547,16.799999237060547,16.799999237060547,16.799999237060547,0
2026-09-16 17:38:00+00:00,16.799999237060547,16.799999237060547,16.799999237060547,16.799999237060547,0
2026-09-16 17:39:00+00:00,16.799999237060547,16.809999465942383,16.799999237060547,16.799999237060547,0
2026-09-16 17:40:00+00:00,16.809999465942383,16.829999923706055,16.809999465942383,16.829999923706055,0
2026-09-16 17:41:00+00:00,16.84000015258789,16.850000381469727,16.84000015258789,16.850000381469727,0
2026-09-16 17:42:00+00:00,16.850000381469727,16.850000381469727,16.84000015258789,16.850000381469727,0
2026-09-16 17:43:00+00:00,16.850000381469727,16.860000610351562,16.850000381469727,16.860000610351562,0
2026-09-16 17:44:00+00:00,16.8700008392334,16.8799991607666,16.8700008392334,16.8799991607666,0
2026-09-16 17:45:00+00:00,16.889999389648438,16.889999389648438,16.8799991607666,16.8799991607666,0
2026-09-16 17:46:00+00:00,16.8799991607666,16.8799991607666,16.860000610351562,16.8700008392334,0
2026-09-16 17:47:00+00:00,16.8700008392334,16.8700008392334,16.860000610351562,16.860000610351562,0
2026-09-16 17:48:00+00:00,16.860000610351562,16.8700008392334,16.860000610351562,16.8700008392334,0
2026-09-16 17:49:00+00:00,16.8700008392334,16.8700008392334,16.8700008392334,16.8700008392334,0
2026-09-16 17:50:00+00:00,16.8799991607666,16.889999389648438,16.8799991607666,16.889999389648438,0
2026-09-16 17:51:00+00:00,16.8799991607666,16.889999389648438,16.8799991607666,16.889999389648438,0
2026-09-16 17:52:00+00:00,16.889999389648438,16.889999389648438,16.8700008392334,16.8700008392334,0
2026-09-16 17:53:00+00:00,16.8700008392334,16.8700008392334,16.860000610351562,16.860000610351562,0
2026-09-16 17:54:00+00:00,16.84000015258789,16.850000381469727,16.84000015258789,16.850000381469727,0
2026-09-16 17:55:00+00:00,16.860000610351562,16.8700008392334,16.860000610351562,16.8700008392334,0
2026-09-16 17:56:00+00:00,16.8700008392334,16.8799991607666,16.8700008392334,16.8700008392334,0
2026-09-16 17:57:00+00:00,16.8700008392334,16.8700008392334,16.8700008392334,16.8700008392334,0
2026-09-16 17:58:00+00:00,16.860000610351562,16.8700008392334,16.860000610351562,16.860000610351562,0
2026-09-16 17:59:00+00:00,16.860000610351562,16.8799991607666,16.860000610351562,16.860000610351562,0
2026-09-16 18:00:00+00:00,16.860000610351562,16.90999984741211,16.399999618530273,16.770000457763672,0
2026-09-16 18:01:00+00:00,16.850000381469727,16.93000030517578,16.850000381469727,16.93000030517578,0
2026-09-16 18:02:00+00:00,16.969999313354492,16.969999313354492,16.899999618530273,16.899999618530273,0
2026-09-16 18:03:00+00:00,16.809999465942383,16.809999465942383,16.739999771118164,16.739999771118164,0
2026-09-16 18:04:00+00:00,16.799999237060547,16.799999237060547,16.68000030517578,16.68000030517578,0
2026-09-16 18:05:00+00:00,16.670000076293945,16.670000076293945,16.6299991607666,16.6299991607666,0
2026-09-16 18:06:00+00:00,16.6200008392334,16.6299991607666,16.59000015258789,16.6200008392334,0
2026-09-16 18:07:00+00:00,16.6299991607666,16.6299991607666,16.59000015258789,16.59000015258789,0
2026-09-16 18:08:00+00:00,16.56999969482422,16.56999969482422,16.530000686645508,16.549999237060547,0
2026-09-16 18:09:00+00:00,16.559999465942383,16.59000015258789,16.559999465942383,16.59000015258789,0
2026-09-16 18:10:00+00:00,16.600000381469727,16.65999984741211,16.59000015258789,16.65999984741211,0
2026-09-16 18:11:00+00:00,16.649999618530273,16.65999984741211,16.649999618530273,16.65999984741211,0
2026-09-16 18:12:00+00:00,16.65999984741211,16.700000762939453,16.65999984741211,16.700000762939453,0
2026-09-16 18:13:00+00:00,16.68000030517578,16.700000762939453,16.65999984741211,16.65999984741211,0
2026-09-16 18:14:00+00:00,16.649999618530273,16.68000030517578,16.6299991607666,16.68000030517578,0
2026-09-16 18:15:00+00:00,16.700000762939453,16.700000762939453,16.690000534057617,16.700000762939453,0
2026-09-16 18:16:00+00:00,16.709999084472656,16.709999084472656,16.709999084472656,16.709999084472656,0
2026-09-16 18:17:00+00:00,16.700000762939453,16.709999084472656,16.690000534057617,16.709999084472656,0
2026-09-16 18:18:00+00:00,16.709999084472656,16.709999084472656,16.690000534057617,16.709999084472656,0
2026-09-16 18:19:00+00:00,16.729999542236328,16.729999542236328,16.729999542236328,16.729999542236328,0
2026-09-16 18:20:00+00:00,16.700000762939453,16.75,16.700000762939453,16.719999313354492,0
2026-09-16 18:21:00+00:00,16.729999542236328,16.729999542236328,16.700000762939453,16.709999084472656,0
2026-09-16 18:22:00+00:00,16.709999084472656,16.709999084472656,16.670000076293945,16.670000076293945,0
2026-09-16 18:23:00+00:00,16.700000762939453,16.719999313354492,16.700000762939453,16.700000762939453,0
2026-09-16 18:24:00+00:00,16.700000762939453,16.709999084472656,16.700000762939453,16.709999084472656,0
2026-09-16 18:25:00+00:00,16.719999313354492,16.75,16.719999313354492,16.75,0
2026-09-16 18:26:00+00:00,16.770000457763672,16.81999969482422,16.770000457763672,16.81999969482422,0
2026-09-16 18:27:00+00:00,16.81999969482422,16.920000076293945,16.81999969482422,16.920000076293945,0
2026-09-16 18:28:00+00:00,16.920000076293945,16.950000762939453,16.920000076293945,16.93000030517578,0
2026-09-16 18:29:00+00:00,16.920000076293945,16.920000076293945,16.84000015258789,16.84000015258789,0
2026-09-16 18:30:00+00:00,16.81999969482422,16.8700008392334,16.799999237060547,16.8700008392334,0
2026-09-16 18:31:00+00:00,16.8799991607666,17.020000457763672,16.8799991607666,17.010000228881836,0
2026-09-16 18:32:00+00:00,17.010000228881836,17.170000076293945,17.010000228881836,17.170000076293945,0
2026-09-16 18:33:00+00:00,17.170000076293945,17.239999771118164,17.149999618530273,17.239999771118164,0
2026-09-16 18:34:00+00:00,17.229999542236328,17.229999542236328,17.15999984741211,17.200000762939453,0
2026-09-16 18:35:00+00:00,17.209999084472656,17.389999389648438,17.209999084472656,17.389999389648438,0
2026-09-16 18:36:00+00:00,17.3700008392334,17.40999984741211,17.350000381469727,17.40999984741211,0
2026-09-16 18:37:00+00:00,17.540000915527344,17.540000915527344,17.489999771118164,17.530000686645508,0
2026-09-16 18:38:00+00:00,17.510000228881836,17.510000228881836,17.229999542236328,17.229999542236328,0
2026-09-16 18:39:00+00:00,17.219999313354492,17.219999313354492,17.079999923706055,17.079999923706055,0
2026-09-16 18:40:00+00:00,17.06999969482422,17.06999969482422,16.940000534057617,16.940000534057617,0
2026-09-16 18:41:00+00:00,16.90999984741211,16.940000534057617,16.829999923706055,16.829999923706055,0
2026-09-16 18:42:00+00:00,16.790000915527344,16.790000915527344,16.690000534057617,16.690000534057617,0
2026-09-16 18:43:00+00:00,16.6299991607666,16.6299991607666,16.559999465942383,16.559999465942383,0
2026-09-16 18:44:00+00:00,16.579999923706055,16.65999984741211,16.56999969482422,16.65999984741211,0
2026-09-16 18:45:00+00:00,16.700000762939453,16.700000762939453,16.65999984741211,16.670000076293945,0
2026-09-16 18:46:00+00:00,16.68000030517578,16.700000762939453,16.68000030517578,16.700000762939453,0
2026-09-16 18:47:00+00:00,16.739999771118164,16.790000915527344,16.739999771118164,16.780000686645508,0
2026-09-16 18:48:00+00:00,16.860000610351562,16.889999389648438,16.860000610351562,16.8799991607666,0
2026-09-16 18:49:00+00:00,16.920000076293945,16.989999771118164,16.920000076293945,16.969999313354492,0
2026-09-16 18:50:00+00:00,16.979999542236328,17.030000686645508,16.959999084472656,17.030000686645508,0
2026-09-16 18:51:00+00:00,17.1299991607666,17.209999084472656,17.1299991607666,17.170000076293945,0
2026-09-16 18:52:00+00:00,17.139999389648438,17.360000610351562,17.139999389648438,17.360000610351562,0
2026-09-16 18:53:00+00:00,17.329999923706055,17.40999984741211,17.31999969482422,17.40999984741211,0
2026-09-16 18:54:00+00:00,17.469999313354492,17.540000915527344,17.469999313354492,17.540000915527344,0
2026-09-16 18:55:00+00:00,17.559999465942383,17.56999969482422,17.440000534057617,17.440000534057617,0
2026-09-16 18:56:00+00:00,17.520000457763672,17.639999389648438,17.520000457763672,17.59000015258789,0
2026-09-16 18:57:00+00:00,17.6299991607666,17.770000457763672,17.6299991607666,17.770000457763672,0
2026-09-16 18:58:00+00:00,17.760000228881836,17.780000686645508,17.719999313354492,17.719999313354492,0
2026-09-16 18:59:00+00:00,17.729999542236328,17.729999542236328,17.709999084472656,17.729999542236328,0
2026-09-16 19:00:00+00:00,17.81999969482422,17.81999969482422,17.6200008392334,17.6200008392334,0
2026-09-16 19:01:00+00:00,17.610000610351562,17.610000610351562,17.549999237060547,17.600000381469727,0
2026-09-16 19:02:00+00:00,17.6200008392334,17.649999618530273,17.6200008392334,17.6299991607666,0
2026-09-16 19:03:00+00:00,17.610000610351562,17.610000610351562,17.559999465942383,17.559999465942383,0
2026-09-16 19:04:00+00:00,17.450000762939453,17.450000762939453,17.389999389648438,17.440000534057617,0
2026-09-16 19:05:00+00:00,17.450000762939453,17.579999923706055,17.450000762939453,17.56999969482422,0
2026-09-16 19:06:00+00:00,17.520000457763672,17.520000457763672,17.469999313354492,17.510000228881836,0
2026-09-16 19:07:00+00:00,17.559999465942383,17.65999984741211,17.559999465942383,17.6299991607666,0
2026-09-16 19:08:00+00:00,17.649999618530273,17.81999969482422,17.649999618530273,17.81999969482422,0
2026-09-16 19:09:00+00:00,17.790000915527344,17.8799991607666,17.790000915527344,17.8799991607666,0
2026-09-16 19:10:00+00:00,17.8700008392334,18.010000228881836,17.8700008392334,18.010000228881836,0
2026-09-16 19:11:00+00:00,18.06999969482422,18.100000381469727,18.06999969482422,18.09000015258789,0
2026-09-16 19:12:00+00:00,18.170000076293945,18.25,18.170000076293945,18.25,0
2026-09-16 19:13:00+00:00,18.229999542236328,18.31999969482422,18.229999542236328,18.31999969482422,0
2026-09-16 19:14:00+00:00,18.31999969482422,18.31999969482422,18.270000457763672,18.290000915527344,0
2026-09-16 19:15:00+00:00,18.32999992370605,18.32999992370605,18.21999931335449,18.270000457763672,0
2026-09-16 19:16:00+00:00,18.309999465942383,18.399999618530277,18.309999465942383,18.3799991607666,0
2026-09-16 19:17:00+00:00,18.350000381469727,18.38999938964844,18.31999969482422,18.31999969482422,0
2026-09-16 19:18:00+00:00,18.3799991607666,18.43000030517578,18.3799991607666,18.43000030517578,0
2026-09-16 19:19:00+00:00,18.43000030517578,18.549999237060547,18.43000030517578,18.549999237060547,0
2026-09-16 19:20:00+00:00,18.489999771118164,18.5,18.420000076293945,18.5,0
2026-09-16 19:21:00+00:00,18.549999237060547,18.649999618530277,18.549999237060547,18.649999618530277,0
2026-09-16 19:22:00+00:00,18.6299991607666,18.739999771118164,18.6299991607666,18.739999771118164,0
2026-09-16 19:23:00+00:00,18.76000022888184,18.780000686645508,18.76000022888184,18.780000686645508,0
2026-09-16 19:24:00+00:00,18.799999237060547,18.799999237060547,18.770000457763672,18.770000457763672,0
2026-09-16 19:25:00+00:00,18.690000534057617,18.81999969482422,18.690000534057617,18.81999969482422,0
2026-09-16 19:26:00+00:00,18.899999618530277,18.940000534057617,18.88999938964844,18.88999938964844,0
2026-09-16 19:27:00+00:00,18.899999618530277,18.920000076293945,18.809999465942383,18.809999465942383,0
2026-09-16 19:28:00+00:00,18.76000022888184,18.76000022888184,18.71999931335449,18.76000022888184,0
2026-09-16 19:29:00+00:00,18.780000686645508,18.780000686645508,18.46999931335449,18.46999931335449,0
2026-09-16 19:30:00+00:00,18.420000076293945,18.420000076293945,18.309999465942383,18.309999465942383,0
2026-09-16 19:31:00+00:00,18.26000022888184,18.26000022888184,18.200000762939453,18.200000762939453,0
2026-09-16 19:32:00+00:00,18.209999084472656,18.209999084472656,18.06999969482422,18.06999969482422,0
2026-09-16 19:33:00+00:00,18.07999992370605,18.149999618530277,18.040000915527344,18.149999618530277,0
2026-09-16 19:34:00+00:00,18.100000381469727,18.100000381469727,18.010000228881836,18.010000228881836,0
2026-09-16 19:35:00+00:00,17.979999542236328,17.979999542236328,17.969999313354492,17.969999313354492,0
2026-09-16 19:36:00+00:00,17.979999542236328,18.11000061035156,17.979999542236328,18.11000061035156,0
2026-09-16 19:37:00+00:00,18.1299991607666,18.1299991607666,18.06999969482422,18.06999969482422,0
2026-09-16 19:38:00+00:00,18.030000686645508,18.06999969482422,18.020000457763672,18.06999969482422,0
2026-09-16 19:39:00+00:00,18.059999465942383,18.059999465942383,17.950000762939453,17.950000762939453,0
2026-09-16 19:40:00+00:00,17.969999313354492,17.989999771118164,17.969999313354492,17.989999771118164,0
2026-09-16 19:41:00+00:00,17.989999771118164,17.989999771118164,17.889999389648438,17.959999084472656,0
2026-09-16 19:42:00+00:00,18.030000686645508,18.07999992370605,18.020000457763672,18.020000457763672,0
2026-09-16 19:43:00+00:00,18.040000915527344,18.040000915527344,17.969999313354492,17.969999313354492,0
2026-09-16 19:44:00+00:00,17.969999313354492,18.0,17.969999313354492,18.0,0
2026-09-16 19:45:00+00:00,17.989999771118164,17.989999771118164,17.889999389648438,17.889999389648438,0
2026-09-16 19:46:00+00:00,17.8700008392334,17.8700008392334,17.829999923706055,17.860000610351562,0
2026-09-16 19:47:00+00:00,17.850000381469727,17.850000381469727,17.790000915527344,17.790000915527344,0
2026-09-16 19:48:00+00:00,17.790000915527344,17.799999237060547,17.780000686645508,17.780000686645508,0
2026-09-16 19:49:00+00:00,17.75,17.75,17.719999313354492,17.719999313354492,0
2026-09-16 19:50:00+00:00,17.719999313354492,17.719999313354492,17.639999389648438,17.65999984741211,0
2026-09-16 19:51:00+00:00,17.639999389648438,17.639999389648438,17.610000610351562,17.6299991607666,0
2026-09-16 19:52:00+00:00,17.65999984741211,17.670000076293945,17.65999984741211,17.670000076293945,0
2026-09-16 19:53:00+00:00,17.639999389648438,17.649999618530273,17.6299991607666,17.649999618530273,0
2026-09-16 19:54:00+00:00,17.649999618530273,17.670000076293945,17.540000915527344,17.540000915527344,0
2026-09-16 19:55:00+00:00,17.559999465942383,17.56999969482422,17.530000686645508,17.56999969482422,0
2026-09-16 19:56:00+00:00,17.540000915527344,17.549999237060547,17.540000915527344,17.540000915527344,0
2026-09-16 19:57:00+00:00,17.520000457763672,17.549999237060547,17.5,17.549999237060547,0
2026-09-16 19:58:00+00:00,17.549999237060547,17.559999465942383,17.549999237060547,17.559999465942383,0
2026-09-16 19:59:00+00:00,17.559999465942383,17.559999465942383,17.520000457763672,17.530000686645508,0
2026-09-16 20:00:00+00:00,17.56999969482422,17.600000381469727,17.559999465942383,17.559999465942383,0
2026-09-16 20:01:00+00:00,17.56999969482422,17.579999923706055,17.56999969482422,17.56999969482422,0
2026-09-16 20:02:00+00:00,17.610000610351562,17.610000610351562,17.579999923706055,17.579999923706055,0
2026-09-16 20:03:00+00:00,17.579999923706055,17.579999923706055,17.559999465942383,17.559999465942383,0
2026-09-16 20:04:00+00:00,17.559999465942383,17.59000015258789,17.559999465942383,17.59000015258789,0
2026-09-16 20:05:00+00:00,17.59000015258789,17.610000610351562,17.59000015258789,17.610000610351562,0
2026-09-16 20:06:00+00:00,17.639999389648438,17.65999984741211,17.639999389648438,17.65999984741211,0
2026-09-16 20:07:00+00:00,17.65999984741211,17.690000534057617,17.65999984741211,17.690000534057617,0
2026-09-16 20:08:00+00:00,17.690000534057617,17.700000762939453,17.690000534057617,17.690000534057617,0
2026-09-16 20:09:00+00:00,17.709999084472656,17.709999084472656,17.709999084472656,17.709999084472656,0
2026-09-16 20:10:00+00:00,17.700000762939453,17.700000762939453,17.700000762939453,17.700000762939453,0
2026-09-16 20:11:00+00:00,17.700000762939453,17.719999313354492,17.700000762939453,17.719999313354492,0
2026-09-16 20:12:00+00:00,17.719999313354492,17.719999313354492,17.719999313354492,17.719999313354492,0
2026-09-16 20:13:00+00:00,17.719999313354492,17.719999313354492,17.719999313354492,17.719999313354492,0
2026-09-16 20:14:00+00:00,17.719999313354492,17.719999313354492,17.709999084472656,17.709999084472656,0
2026-09-17 07:15:00+00:00,16.030000686645508,16.040000915527344,16.030000686645508,16.030000686645508,0
2026-09-17 07:16:00+00:00,16.040000915527344,16.040000915527344,16.040000915527344,16.040000915527344,0
2026-09-17 07:17:00+00:00,16.030000686645508,16.030000686645508,16.0,16.0,0
2026-09-17 07:18:00+00:00,15.989999771118164,16.0,15.989999771118164,15.989999771118164,0
2026-09-17 07:19:00+00:00,15.989999771118164,16.020000457763672,15.989999771118164,16.020000457763672,0
2026-09-17 07:20:00+00:00,16.030000686645508,16.030000686645508,16.030000686645508,16.030000686645508,0
2026-09-17 07:21:00+00:00,16.030000686645508,16.049999237060547,16.030000686645508,16.049999237060547,0
2026-09-17 07:22:00+00:00,16.059999465942383,16.059999465942383,16.040000915527344,16.040000915527344,0
2026-09-17 07:23:00+00:00,16.040000915527344,16.040000915527344,16.020000457763672,16.020000457763672,0
2026-09-17 07:24:00+00:00,16.020000457763672,16.020000457763672,16.010000228881836,16.010000228881836,0
2026-09-17 07:25:00+00:00,16.010000228881836,16.010000228881836,16.010000228881836,16.010000228881836,0
2026-09-17 07:26:00+00:00,16.010000228881836,16.010000228881836,16.010000228881836,16.010000228881836,0
2026-09-17 07:27:00+00:00,16.0,16.0,16.0,16.0,0
2026-09-17 07:28:00+00:00,15.989999771118164,15.989999771118164,15.949999809265137,15.949999809265137,0
2026-09-17 07:29:00+00:00,15.9399995803833,15.9399995803833,15.930000305175781,15.930000305175781,0
2026-09-17 07:30:00+00:00,15.930000305175781,15.930000305175781,15.90999984741211,15.920000076293945,0
2026-09-17 07:31:00+00:00,15.920000076293945,15.930000305175781,15.920000076293945,15.930000305175781,0
2026-09-17 07:32:00+00:00,15.9399995803833,15.9399995803833,15.9399995803833,15.9399995803833,0
2026-09-17 07:33:00+00:00,15.9399995803833,15.9399995803833,15.9399995803833,15.9399995803833,0
2026-09-17 07:34:00+00:00,15.960000038146973,15.960000038146973,15.9399995803833,15.9399995803833,0
2026-09-17 07:35:00+00:00,15.949999809265137,15.970000267028809,15.949999809265137,15.970000267028809,0
2026-09-17 07:36:00+00:00,15.979999542236328,15.979999542236328,15.970000267028809,15.970000267028809,0
2026-09-17 07:37:00+00:00,15.970000267028809,15.979999542236328,15.970000267028809,15.979999542236328,0
2026-09-17 07:38:00+00:00,15.979999542236328,15.979999542236328,15.979999542236328,15.979999542236328,0
2026-09-17 07:39:00+00:00,15.989999771118164,15.989999771118164,15.989999771118164,15.989999771118164,0
2026-09-17 07:40:00+00:00,15.979999542236328,15.989999771118164,15.979999542236328,15.989999771118164,0
2026-09-17 07:41:00+00:00,15.989999771118164,15.989999771118164,15.979999542236328,15.979999542236328,0
2026-09-17 07:42:00+00:00,15.989999771118164,16.0,15.989999771118164,16.0,0
2026-09-17 07:43:00+00:00,16.0,16.0,15.989999771118164,15.989999771118164,0
2026-09-17 07:44:00+00:00,15.989999771118164,15.989999771118164,15.989999771118164,15.989999771118164,0
2026-09-17 07:45:00+00:00,15.989999771118164,16.010000228881836,15.989999771118164,16.010000228881836,0
2026-09-17 07:46:00+00:00,16.010000228881836,16.010000228881836,16.0,16.0,0
2026-09-17 07:47:00+00:00,16.0,16.0,16.0,16.0,0
2026-09-17 07:48:00+00:00,16.0,16.010000228881836,16.0,16.010000228881836,0
2026-09-17 07:49:00+00:00,16.010000228881836,16.030000686645508,16.010000228881836,16.030000686645508,0
2026-09-17 07:50:00+00:00,16.040000915527344,16.049999237060547,16.040000915527344,16.049999237060547,0
2026-09-17 07:51:00+00:00,16.049999237060547,16.049999237060547,16.040000915527344,16.040000915527344,0
2026-09-17 07:52:00+00:00,16.040000915527344,16.040000915527344,16.040000915527344,16.040000915527344,0
2026-09-17 07:53:00+00:00,16.049999237060547,16.049999237060547,16.049999237060547,16.049999237060547,0
2026-09-17 07:54:00+00:00,16.049999237060547,16.059999465942383,16.049999237060547,16.059999465942383,0
2026-09-17 07:55:00+00:00,16.06999969482422,16.09000015258789,16.06999969482422,16.09000015258789,0
2026-09-17 07:56:00+00:00,16.09000015258789,16.100000381469727,16.09000015258789,16.100000381469727,0
2026-09-17 07:57:00+00:00,16.110000610351562,16.110000610351562,16.100000381469727,16.110000610351562,0
2026-09-17 07:58:00+00:00,16.100000381469727,16.110000610351562,16.100000381469727,16.110000610351562,0
2026-09-17 07:59:00+00:00,16.110000610351562,16.110000610351562,16.100000381469727,16.100000381469727,0
2026-09-17 08:00:00+00:00,16.100000381469727,16.100000381469727,16.09000015258789,16.09000015258789,0
2026-09-17 08:01:00+00:00,16.09000015258789,16.09000015258789,16.079999923706055,16.079999923706055,0
2026-09-17 08:02:00+00:00,16.079999923706055,16.09000015258789,16.079999923706055,16.09000015258789,0
2026-09-17 08:03:00+00:00,16.079999923706055,16.110000610351562,16.079999923706055,16.110000610351562,0
2026-09-17 08:04:00+00:00,16.1200008392334,16.1200008392334,16.110000610351562,16.110000610351562,0
2026-09-17 08:05:00+00:00,16.100000381469727,16.1200008392334,16.100000381469727,16.110000610351562,0
2026-09-17 08:06:00+00:00,16.110000610351562,16.1200008392334,16.110000610351562,16.1200008392334,0
2026-09-17 08:07:00+00:00,16.1200008392334,16.1200008392334,16.1200008392334,16.1200008392334,0
2026-09-17 08:08:00+00:00,16.1200008392334,16.1200008392334,16.1200008392334,16.1200008392334,0
2026-09-17 08:09:00+00:00,16.1200008392334,16.1299991607666,16.1200008392334,16.1299991607666,0
2026-09-17 08:10:00+00:00,16.1299991607666,16.139999389648438,16.1200008392334,16.139999389648438,0
2026-09-17 08:11:00+00:00,16.149999618530273,16.149999618530273,16.149999618530273,16.149999618530273,0
2026-09-17 08:12:00+00:00,16.149999618530273,16.190000534057617,16.149999618530273,16.190000534057617,0
2026-09-17 08:13:00+00:00,16.209999084472656,16.239999771118164,16.209999084472656,16.239999771118164,0
2026-09-17 08:14:00+00:00,16.239999771118164,16.239999771118164,16.229999542236328,16.239999771118164,0
2026-09-17 08:15:00+00:00,16.239999771118164,16.239999771118164,16.229999542236328,16.239999771118164,0
2026-09-17 08:16:00+00:00,16.239999771118164,16.260000228881836,16.239999771118164,16.260000228881836,0
2026-09-17 08:17:00+00:00,16.25,16.25,16.229999542236328,16.25,0
2026-09-17 08:18:00+00:00,16.260000228881836,16.280000686645508,16.260000228881836,16.280000686645508,0
2026-09-17 08:19:00+00:00,16.290000915527344,16.290000915527344,16.280000686645508,16.280000686645508,0
2026-09-17 08:20:00+00:00,16.280000686645508,16.280000686645508,16.260000228881836,16.260000228881836,0
2026-09-17 08:21:00+00:00,16.260000228881836,16.260000228881836,16.260000228881836,16.260000228881836,0
2026-09-17 08:22:00+00:00,16.260000228881836,16.260000228881836,16.25,16.260000228881836,0
2026-09-17 08:23:00+00:00,16.260000228881836,16.270000457763672,16.260000228881836,16.260000228881836,0
2026-09-17 08:24:00+00:00,16.270000457763672,16.270000457763672,16.260000228881836,16.260000228881836,0
2026-09-17 08:25:00+00:00,16.239999771118164,16.239999771118164,16.219999313354492,16.219999313354492,0
2026-09-17 08:26:00+00:00,16.219999313354492,16.219999313354492,16.219999313354492,16.219999313354492,0
2026-09-17 08:27:00+00:00,16.219999313354492,16.219999313354492,16.219999313354492,16.219999313354492,0
2026-09-17 08:28:00+00:00,16.209999084472656,16.219999313354492,16.209999084472656,16.219999313354492,0
2026-09-17 08:29:00+00:00,16.219999313354492,16.219999313354492,16.190000534057617,16.190000534057617,0
2026-09-17 08:30:00+00:00,16.18000030517578,16.190000534057617,16.170000076293945,16.18000030517578,0
2026-09-17 08:31:00+00:00,16.190000534057617,16.190000534057617,16.18000030517578,16.18000030517578,0
2026-09-17 08:32:00+00:00,16.190000534057617,16.200000762939453,16.190000534057617,16.200000762939453,0
2026-09-17 08:33:00+00:00,16.200000762939453,16.200000762939453,16.190000534057617,16.190000534057617,0
2026-09-17 08:34:00+00:00,16.190000534057617,16.190000534057617,16.170000076293945,16.170000076293945,0
2026-09-17 08:35:00+00:00,16.15999984741211,16.15999984741211,16.139999389648438,16.15999984741211,0
2026-09-17 08:36:00+00:00,16.15999984741211,16.170000076293945,16.15999984741211,16.170000076293945,0
2026-09-17 08:37:00+00:00,16.170000076293945,16.170000076293945,16.149999618530273,16.149999618530273,0
2026-09-17 08:38:00+00:00,16.149999618530273,16.15999984741211,16.149999618530273,16.15999984741211,0
2026-09-17 08:39:00+00:00,16.15999984741211,16.15999984741211,16.15999984741211,16.15999984741211,0
2026-09-17 08:40:00+00:00,16.149999618530273,16.15999984741211,16.149999618530273,16.15999984741211,0
2026-09-17 08:41:00+00:00,16.149999618530273,16.170000076293945,16.149999618530273,16.15999984741211,0
2026-09-17 08:42:00+00:00,16.15999984741211,16.170000076293945,16.15999984741211,16.170000076293945,0
2026-09-17 08:43:00+00:00,16.170000076293945,16.18000030517578,16.170000076293945,16.18000030517578,0
2026-09-17 08:44:00+00:00,16.18000030517578,16.18000030517578,16.170000076293945,16.170000076293945,0
2026-09-17 08:45:00+00:00,16.170000076293945,16.170000076293945,16.170000076293945,16.170000076293945,0
2026-09-17 08:46:00+00:00,16.170000076293945,16.170000076293945,16.170000076293945,16.170000076293945,0
2026-09-17 08:47:00+00:00,16.170000076293945,16.170000076293945,16.15999984741211,16.15999984741211,0
2026-09-17 08:48:00+00:00,16.149999618530273,16.149999618530273,16.149999618530273,16.149999618530273,0
2026-09-17 08:49:00+00:00,16.149999618530273,16.149999618530273,16.149999618530273,16.149999618530273,0
2026-09-17 08:50:00+00:00,16.149999618530273,16.149999618530273,16.139999389648438,16.139999389648438,0
2026-09-17 08:51:00+00:00,16.139999389648438,16.139999389648438,16.139999389648438,16.139999389648438,0
2026-09-17 08:52:00+00:00,16.139999389648438,16.139999389648438,16.1299991607666,16.139999389648438,0
2026-09-17 08:53:00+00:00,16.1299991607666,16.1299991607666,16.110000610351562,16.110000610351562,0
2026-09-17 08:54:00+00:00,16.079999923706055,16.079999923706055,16.059999465942383,16.059999465942383,0
2026-09-17 08:55:00+00:00,16.059999465942383,16.06999969482422,16.059999465942383,16.06999969482422,0
2026-09-17 08:56:00+00:00,16.06999969482422,16.06999969482422,16.06999969482422,16.06999969482422,0
2026-09-17 08:57:00+00:00,16.059999465942383,16.059999465942383,16.059999465942383,16.059999465942383,0
2026-09-17 08:58:00+00:00,16.059999465942383,16.059999465942383,16.049999237060547,16.059999465942383,0
2026-09-17 08:59:00+00:00,16.059999465942383,16.059999465942383,16.059999465942383,16.059999465942383,0
2026-09-17 09:00:00+00:00,16.06999969482422,16.06999969482422,16.059999465942383,16.059999465942383,0
2026-09-17 09:01:00+00:00,16.049999237060547,16.049999237060547,16.040000915527344,16.040000915527344,0
2026-09-17 09:02:00+00:00,16.040000915527344,16.040000915527344,16.020000457763672,16.020000457763672,0
2026-09-17 09:03:00+00:00,16.030000686645508,16.049999237060547,16.030000686645508,16.040000915527344,0
2026-09-17 09:04:00+00:00,16.040000915527344,16.040000915527344,16.040000915527344,16.040000915527344,0
2026-09-17 09:05:00+00:00,16.040000915527344,16.040000915527344,16.040000915527344,16.040000915527344,0
2026-09-17 09:06:00+00:00,16.040000915527344,16.040000915527344,16.030000686645508,16.030000686645508,0
2026-09-17 09:07:00+00:00,16.030000686645508,16.030000686645508,16.010000228881836,16.010000228881836,0
2026-09-17 09:08:00+00:00,16.010000228881836,16.020000457763672,16.010000228881836,16.010000228881836,0
2026-09-17 09:09:00+00:00,16.010000228881836,16.020000457763672,16.010000228881836,16.020000457763672,0
2026-09-17 09:10:00+00:00,16.020000457763672,16.020000457763672,16.0,16.0,0
2026-09-17 09:11:00+00:00,15.979999542236328,15.979999542236328,15.970000267028809,15.970000267028809,0
2026-09-17 09:12:00+00:00,15.979999542236328,15.989999771118164,15.979999542236328,15.989999771118164,0
2026-09-17 09:13:00+00:00,15.989999771118164,16.010000228881836,15.989999771118164,16.010000228881836,0
2026-09-17 09:14:00+00:00,16.010000228881836,16.030000686645508,16.010000228881836,16.030000686645508,0
2026-09-17 09:15:00+00:00,16.030000686645508,16.030000686645508,16.020000457763672,16.030000686645508,0
2026-09-17 09:16:00+00:00,16.030000686645508,16.049999237060547,16.030000686645508,16.049999237060547,0
2026-09-17 09:17:00+00:00,16.059999465942383,16.06999969482422,16.059999465942383,16.06999969482422,0
2026-09-17 09:18:00+00:00,16.06999969482422,16.06999969482422,16.059999465942383,16.06999969482422,0
2026-09-17 09:19:00+00:00,16.059999465942383,16.079999923706055,16.059999465942383,16.079999923706055,0
2026-09-17 09:20:00+00:00,16.09000015258789,16.09000015258789,16.06999969482422,16.06999969482422,0
2026-09-17 09:21:00+00:00,16.06999969482422,16.079999923706055,16.06999969482422,16.079999923706055,0
2026-09-17 09:22:00+00:00,16.079999923706055,16.079999923706055,16.079999923706055,16.079999923706055,0
2026-09-17 09:23:00+00:00,16.079999923706055,16.079999923706055,16.079999923706055,16.079999923706055,0
2026-09-17 09:24:00+00:00,16.079999923706055,16.079999923706055,16.079999923706055,16.079999923706055,0
2026-09-17 09:25:00+00:00,16.059999465942383,16.059999465942383,16.059999465942383,16.059999465942383,0
2026-09-17 09:26:00+00:00,16.059999465942383,16.06999969482422,16.059999465942383,16.06999969482422,0
2026-09-17 09:27:00+00:00,16.06999969482422,16.06999969482422,16.06999969482422,16.06999969482422,0
2026-09-17 09:28:00+00:00,16.059999465942383,16.059999465942383,16.059999465942383,16.059999465942383,0
2026-09-17 09:29:00+00:00,16.059999465942383,16.06999969482422,16.059999465942383,16.06999969482422,0
2026-09-17 09:30:00+00:00,16.06999969482422,16.06999969482422,16.06999969482422,16.06999969482422,0
2026-09-17 09:31:00+00:00,16.06999969482422,16.06999969482422,16.040000915527344,16.040000915527344,0
2026-09-17 09:32:00+00:00,16.040000915527344,16.040000915527344,16.040000915527344,16.040000915527344,0
2026-09-17 09:33:00+00:00,16.030000686645508,16.030000686645508,16.030000686645508,16.030000686645508,0
2026-09-17 09:34:00+00:00,16.030000686645508,16.030000686645508,16.020000457763672,16.020000457763672,0
2026-09-17 09:35:00+00:00,16.020000457763672,16.020000457763672,16.020000457763672,16.020000457763672,0
2026-09-17 09:36:00+00:00,16.020000457763672,16.030000686645508,16.020000457763672,16.030000686645508,0
2026-09-17 09:37:00+00:00,16.030000686645508,16.030000686645508,16.020000457763672,16.020000457763672,0
2026-09-17 09:38:00+00:00,16.020000457763672,16.030000686645508,16.020000457763672,16.030000686645508,0
2026-09-17 09:39:00+00:00,16.030000686645508,16.030000686645508,16.030000686645508,16.030000686645508,0
2026-09-17 09:40:00+00:00,16.040000915527344,16.040000915527344,16.030000686645508,16.030000686645508,0
2026-09-17 09:41:00+00:00,16.030000686645508,16.030000686645508,16.030000686645508,16.030000686645508,0
2026-09-17 09:42:00+00:00,16.030000686645508,16.030000686645508,16.030000686645508,16.030000686645508,0
2026-09-17 09:43:00+00:00,16.030000686645508,16.030000686645508,16.030000686645508,16.030000686645508,0
2026-09-17 09:44:00+00:00,16.020000457763672,16.020000457763672,16.020000457763672,16.020000457763672,0
2026-09-17 09:45:00+00:00,16.030000686645508,16.030000686645508,16.020000457763672,16.030000686645508,0
2026-09-17 09:46:00+00:00,16.040000915527344,16.049999237060547,16.040000915527344,16.049999237060547,0
2026-09-17 09:47:00+00:00,16.059999465942383,16.06999969482422,16.059999465942383,16.06999969482422,0
2026-09-17 09:48:00+00:00,16.079999923706055,16.100000381469727,16.079999923706055,16.100000381469727,0
2026-09-17 09:49:00+00:00,16.100000381469727,16.110000610351562,16.100000381469727,16.110000610351562,0
2026-09-17 09:50:00+00:00,16.100000381469727,16.100000381469727,16.09000015258789,16.09000015258789,0
2026-09-17 09:51:00+00:00,16.09000015258789,16.100000381469727,16.09000015258789,16.09000015258789,0
2026-09-17 09:52:00+00:00,16.09000015258789,16.09000015258789,16.09000015258789,16.09000015258789,0
2026-09-17 09:53:00+00:00,16.09000015258789,16.09000015258789,16.079999923706055,16.079999923706055,0
2026-09-17 09:54:00+00:00,16.079999923706055,16.079999923706055,16.079999923706055,16.079999923706055,0
2026-09-17 09:55:00+00:00,16.079999923706055,16.079999923706055,16.059999465942383,16.059999465942383,0
2026-09-17 09:56:00+00:00,16.06999969482422,16.06999969482422,16.06999969482422,16.06999969482422,0
2026-09-17 09:57:00+00:00,16.06999969482422,16.06999969482422,16.06999969482422,16.06999969482422,0
2026-09-17 09:58:00+00:00,16.06999969482422,16.079999923706055,16.06999969482422,16.079999923706055,0
2026-09-17 09:59:00+00:00,16.079999923706055,16.079999923706055,16.06999969482422,16.06999969482422,0
2026-09-17 10:00:00+00:00,16.06999969482422,16.06999969482422,16.06999969482422,16.06999969482422,0
2026-09-17 10:01:00+00:00,16.06999969482422,16.06999969482422,16.059999465942383,16.059999465942383,0
2026-09-17 10:02:00+00:00,16.059999465942383,16.059999465942383,16.059999465942383,16.059999465942383,0
2026-09-17 10:03:00+00:00,16.059999465942383,16.059999465942383,16.049999237060547,16.049999237060547,0
2026-09-17 10:04:00+00:00,16.049999237060547,16.049999237060547,16.040000915527344,16.040000915527344,0
2026-09-17 10:05:00+00:00,16.040000915527344,16.040000915527344,16.040000915527344,16.040000915527344,0
2026-09-17 10:06:00+00:00,16.040000915527344,16.040000915527344,16.030000686645508,16.030000686645508,0
2026-09-17 10:07:00+00:00,16.030000686645508,16.030000686645508,16.010000228881836,16.010000228881836,0
2026-09-17 10:08:00+00:00,15.989999771118164,15.989999771118164,15.989999771118164,15.989999771118164,0
2026-09-17 10:09:00+00:00,15.989999771118164,15.989999771118164,15.989999771118164,15.989999771118164,0
2026-09-17 10:10:00+00:00,16.0,16.0,16.0,16.0,0
2026-09-17 10:11:00+00:00,16.0,16.0,16.0,16.0,0
2026-09-17 10:12:00+00:00,15.989999771118164,16.0,15.989999771118164,15.989999771118164,0
2026-09-17 10:13:00+00:00,16.0,16.0,15.989999771118164,15.989999771118164,0
2026-09-17 10:14:00+00:00,16.0,16.0,16.0,16.0,0
2026-09-17 10:15:00+00:00,16.010000228881836,16.010000228881836,16.010000228881836,16.010000228881836,0
2026-09-17 10:16:00+00:00,16.010000228881836,16.010000228881836,16.010000228881836,16.010000228881836,0
2026-09-17 10:17:00+00:00,16.010000228881836,16.010000228881836,16.010000228881836,16.010000228881836,0
2026-09-17 10:18:00+00:00,16.010000228881836,16.010000228881836,16.0,16.010000228881836,0
2026-09-17 10:19:00+00:00,16.010000228881836,16.040000915527344,16.010000228881836,16.030000686645508,0
2026-09-17 10:20:00+00:00,16.040000915527344,16.040000915527344,16.040000915527344,16.040000915527344,0
2026-09-17 10:21:00+00:00,16.030000686645508,16.030000686645508,16.030000686645508,16.030000686645508,0
2026-09-17 10:22:00+00:00,16.030000686645508,16.030000686645508,16.020000457763672,16.020000457763672,0
2026-09-17 10:23:00+00:00,16.020000457763672,16.020000457763672,16.0,16.0,0
2026-09-17 10:24:00+00:00,15.989999771118164,15.989999771118164,15.970000267028809,15.970000267028809,0
2026-09-17 10:25:00+00:00,15.960000038146973,15.960000038146973,15.960000038146973,15.960000038146973,0
2026-09-17 10:26:00+00:00,15.960000038146973,15.960000038146973,15.949999809265137,15.949999809265137,0
2026-09-17 10:27:00+00:00,15.949999809265137,15.949999809265137,15.949999809265137,15.949999809265137,0
2026-09-17 10:28:00+00:00,15.949999809265137,15.949999809265137,15.949999809265137,15.949999809265137,0
2026-09-17 10:29:00+00:00,15.949999809265137,15.970000267028809,15.949999809265137,15.970000267028809,0
2026-09-17 10:30:00+00:00,15.970000267028809,15.970000267028809,15.949999809265137,15.960000038146973,0
2026-09-17 10:31:00+00:00,15.960000038146973,15.970000267028809,15.960000038146973,15.970000267028809,0
2026-09-17 10:32:00+00:00,15.979999542236328,15.989999771118164,15.979999542236328,15.989999771118164,0
2026-09-17 10:33:00+00:00,15.989999771118164,15.989999771118164,15.989999771118164,15.989999771118164,0
2026-09-17 10:34:00+00:00,16.0,16.0,16.0,16.0,0
2026-09-17 10:35:00+00:00,16.010000228881836,16.010000228881836,16.0,16.010000228881836,0
2026-09-17 10:36:00+00:00,16.0,16.0,15.989999771118164,15.989999771118164,0
2026-09-17 10:37:00+00:00,15.989999771118164,15.989999771118164,15.970000267028809,15.970000267028809,0
2026-09-17 10:38:00+00:00,15.970000267028809,15.970000267028809,15.970000267028809,15.970000267028809,0
2026-09-17 10:39:00+00:00,15.979999542236328,15.979999542236328,15.970000267028809,15.970000267028809,0
2026-09-17 10:40:00+00:00,15.970000267028809,15.979999542236328,15.970000267028809,15.979999542236328,0
2026-09-17 10:41:00+00:00,15.989999771118164,16.010000228881836,15.989999771118164,16.010000228881836,0
2026-09-17 10:42:00+00:00,16.010000228881836,16.010000228881836,16.010000228881836,16.010000228881836,0
2026-09-17 10:43:00+00:00,16.020000457763672,16.020000457763672,16.020000457763672,16.020000457763672,0
2026-09-17 10:44:00+00:00,16.020000457763672,16.020000457763672,16.010000228881836,16.010000228881836,0
2026-09-17 10:45:00+00:00,16.010000228881836,16.020000457763672,16.010000228881836,16.010000228881836,0
2026-09-17 10:46:00+00:00,16.010000228881836,16.020000457763672,16.010000228881836,16.010000228881836,0
2026-09-17 10:47:00+00:00,16.010000228881836,16.010000228881836,16.010000228881836,16.010000228881836,0
2026-09-17 10:48:00+00:00,16.010000228881836,16.010000228881836,16.010000228881836,16.010000228881836,0
2026-09-17 10:49:00+00:00,16.010000228881836,16.010000228881836,16.010000228881836,16.010000228881836,0
2026-09-17 10:50:00+00:00,16.010000228881836,16.010000228881836,16.0,16.0,0
2026-09-17 10:51:00+00:00,16.0,16.0,15.979999542236328,15.979999542236328,0
2026-09-17 10:52:00+00:00,15.979999542236328,15.979999542236328,15.979999542236328,15.979999542236328,0
2026-09-17 10:53:00+00:00,15.979999542236328,15.979999542236328,15.979999542236328,15.979999542236328,0
2026-09-17 10:54:00+00:00,15.979999542236328,15.979999542236328,15.979999542236328,15.979999542236328,0
2026-09-17 10:55:00+00:00,15.979999542236328,15.979999542236328,15.979999542236328,15.979999542236328,0
2026-09-17 10:56:00+00:00,15.979999542236328,15.979999542236328,15.960000038146973,15.960000038146973,0
2026-09-17 10:57:00+00:00,15.960000038146973,15.960000038146973,15.949999809265137,15.949999809265137,0
2026-09-17 10:58:00+00:00,15.949999809265137,15.949999809265137,15.9399995803833,15.9399995803833,0
2026-09-17 10:59:00+00:00,15.930000305175781,15.930000305175781,15.930000305175781,15.930000305175781,0
2026-09-17 11:00:00+00:00,15.930000305175781,15.930000305175781,15.90999984741211,15.90999984741211,0
2026-09-17 11:01:00+00:00,15.90999984741211,15.90999984741211,15.899999618530273,15.90999984741211,0
2026-09-17 11:02:00+00:00,15.90999984741211,15.920000076293945,15.90999984741211,15.920000076293945,0
2026-09-17 11:03:00+00:00,15.920000076293945,15.930000305175781,15.920000076293945,15.930000305175781,0
2026-09-17 11:04:00+00:00,15.930000305175781,15.9399995803833,15.930000305175781,15.9399995803833,0
2026-09-17 11:05:00+00:00,15.9399995803833,15.9399995803833,15.930000305175781,15.930000305175781,0
2026-09-17 11:06:00+00:00,15.930000305175781,15.9399995803833,15.930000305175781,15.9399995803833,0
2026-09-17 11:07:00+00:00,15.930000305175781,15.9399995803833,15.930000305175781,15.9399995803833,0
2026-09-17 11:08:00+00:00,15.930000305175781,15.9399995803833,15.930000305175781,15.9399995803833,0
2026-09-17 11:09:00+00:00,15.9399995803833,15.9399995803833,15.9399995803833,15.9399995803833,0
2026-09-17 11:10:00+00:00,15.9399995803833,15.949999809265137,15.9399995803833,15.949999809265137,0
2026-09-17 11:11:00+00:00,15.949999809265137,15.960000038146973,15.949999809265137,15.960000038146973,0
2026-09-17 11:12:00+00:00,15.960000038146973,15.960000038146973,15.949999809265137,15.949999809265137,0
2026-09-17 11:13:00+00:00,15.949999809265137,15.949999809265137,15.9399995803833,15.9399995803833,0
2026-09-17 11:14:00+00:00,15.920000076293945,15.930000305175781,15.920000076293945,15.930000305175781,0
2026-09-17 11:15:00+00:00,15.920000076293945,15.920000076293945,15.90999984741211,15.920000076293945,0
2026-09-17 11:16:00+00:00,15.930000305175781,15.949999809265137,15.930000305175781,15.949999809265137,0
2026-09-17 11:17:00+00:00,15.949999809265137,15.970000267028809,15.949999809265137,15.970000267028809,0
2026-09-17 11:18:00+00:00,15.970000267028809,15.970000267028809,15.970000267028809,15.970000267028809,0
2026-09-17 11:19:00+00:00,15.970000267028809,15.970000267028809,15.949999809265137,15.960000038146973,0
2026-09-17 11:20:00+00:00,15.960000038146973,15.960000038146973,15.930000305175781,15.930000305175781,0
2026-09-17 11:21:00+00:00,15.920000076293945,15.930000305175781,15.920000076293945,15.930000305175781,0
2026-09-17 11:22:00+00:00,15.930000305175781,15.949999809265137,15.930000305175781,15.949999809265137,0
2026-09-17 11:23:00+00:00,15.9399995803833,15.9399995803833,15.930000305175781,15.930000305175781,0
2026-09-17 11:24:00+00:00,15.9399995803833,15.9399995803833,15.930000305175781,15.9399995803833,0
2026-09-17 11:25:00+00:00,15.9399995803833,15.949999809265137,15.9399995803833,15.949999809265137,0
2026-09-17 11:26:00+00:00,15.949999809265137,15.960000038146973,15.949999809265137,15.949999809265137,0
2026-09-17 11:27:00+00:00,15.9399995803833,15.9399995803833,15.930000305175781,15.930000305175781,0
2026-09-17 11:28:00+00:00,15.9399995803833,15.9399995803833,15.9399995803833,15.9399995803833,0
2026-09-17 11:29:00+00:00,15.9399995803833,15.9399995803833,15.930000305175781,15.9399995803833,0
2026-09-17 11:30:00+00:00,15.9399995803833,15.9399995803833,15.9399995803833,15.9399995803833,0
2026-09-17 11:31:00+00:00,15.9399995803833,15.9399995803833,15.9399995803833,15.9399995803833,0
2026-09-17 11:32:00+00:00,15.9399995803833,15.9399995803833,15.930000305175781,15.930000305175781,0
2026-09-17 11:33:00+00:00,15.920000076293945,15.949999809265137,15.920000076293945,15.949999809265137,0
2026-09-17 11:34:00+00:00,15.9399995803833,15.949999809265137,15.9399995803833,15.949999809265137,0
2026-09-17 11:35:00+00:00,15.949999809265137,15.949999809265137,15.949999809265137,15.949999809265137,0
2026-09-17 11:36:00+00:00,15.9399995803833,15.9399995803833,15.9399995803833,15.9399995803833,0
2026-09-17 11:37:00+00:00,15.9399995803833,15.960000038146973,15.9399995803833,15.960000038146973,0
2026-09-17 11:38:00+00:00,15.960000038146973,15.960000038146973,15.9399995803833,15.9399995803833,0
2026-09-17 11:39:00+00:00,15.9399995803833,15.9399995803833,15.9399995803833,15.9399995803833,0
2026-09-17 11:40:00+00:00,15.9399995803833,15.949999809265137,15.9399995803833,15.949999809265137,0
2026-09-17 11:41:00+00:00,15.960000038146973,15.970000267028809,15.960000038146973,15.970000267028809,0
2026-09-17 11:42:00+00:00,15.970000267028809,15.970000267028809,15.970000267028809,15.970000267028809,0
2026-09-17 11:43:00+00:00,15.970000267028809,15.970000267028809,15.970000267028809,15.970000267028809,0
2026-09-17 11:44:00+00:00,15.970000267028809,15.979999542236328,15.970000267028809,15.979999542236328,0
2026-09-17 11:45:00+00:00,15.989999771118164,15.989999771118164,15.989999771118164,15.989999771118164,0
2026-09-17 11:46:00+00:00,15.989999771118164,15.989999771118164,15.979999542236328,15.979999542236328,0
2026-09-17 11:47:00+00:00,15.979999542236328,15.979999542236328,15.979999542236328,15.979999542236328,0
2026-09-17 11:48:00+00:00,15.979999542236328,15.979999542236328,15.970000267028809,15.970000267028809,0
2026-09-17 11:49:00+00:00,15.970000267028809,15.989999771118164,15.970000267028809,15.989999771118164,0
2026-09-17 11:50:00+00:00,15.989999771118164,16.0,15.989999771118164,16.0,0
2026-09-17 11:51:00+00:00,16.0,16.0,16.0,16.0,0
2026-09-17 11:52:00+00:00,15.989999771118164,15.989999771118164,15.979999542236328,15.979999542236328,0
2026-09-17 11:53:00+00:00,15.979999542236328,15.979999542236328,15.960000038146973,15.960000038146973,0
2026-09-17 11:54:00+00:00,15.960000038146973,15.960000038146973,15.920000076293945,15.920000076293945,0
2026-09-17 11:55:00+00:00,15.920000076293945,15.920000076293945,15.90999984741211,15.90999984741211,0
2026-09-17 11:56:00+00:00,15.920000076293945,15.9399995803833,15.920000076293945,15.9399995803833,0
2026-09-17 11:57:00+00:00,15.9399995803833,15.9399995803833,15.920000076293945,15.920000076293945,0
2026-09-17 11:58:00+00:00,15.920000076293945,15.920000076293945,15.800000190734863,15.84000015258789,0
2026-09-17 11:59:00+00:00,15.84000015258789,15.84000015258789,15.789999961853027,15.789999961853027,0
2026-09-17 12:00:00+00:00,15.770000457763672,15.8100004196167,15.770000457763672,15.8100004196167,0
2026-09-17 12:01:00+00:00,15.800000190734863,15.8100004196167,15.789999961853027,15.8100004196167,0
2026-09-17 12:02:00+00:00,15.819999694824219,15.84000015258789,15.819999694824219,15.84000015258789,0
2026-09-17 12:03:00+00:00,15.84000015258789,15.869999885559082,15.84000015258789,15.869999885559082,0
2026-09-17 12:04:00+00:00,15.859999656677246,15.859999656677246,15.760000228881836,15.779999732971191,0
2026-09-17 12:05:00+00:00,15.770000457763672,15.779999732971191,15.75,15.75,0
2026-09-17 12:06:00+00:00,15.729999542236328,15.75,15.729999542236328,15.739999771118164,0
2026-09-17 12:07:00+00:00,15.760000228881836,15.779999732971191,15.760000228881836,15.779999732971191,0
2026-09-17 12:08:00+00:00,15.779999732971191,15.779999732971191,15.75,15.75,0
2026-09-17 12:09:00+00:00,15.75,15.75,15.6899995803833,15.6899995803833,0
2026-09-17 12:10:00+00:00,15.670000076293945,15.670000076293945,15.640000343322754,15.670000076293945,0
2026-09-17 12:11:00+00:00,15.670000076293945,15.670000076293945,15.65999984741211,15.65999984741211,0
2026-09-17 12:12:00+00:00,15.65999984741211,15.670000076293945,15.65999984741211,15.670000076293945,0
2026-09-17 12:13:00+00:00,15.680000305175781,15.699999809265137,15.680000305175781,15.699999809265137,0
2026-09-17 12:14:00+00:00,15.699999809265137,15.699999809265137,15.699999809265137,15.699999809265137,0
2026-09-17 12:15:00+00:00,15.699999809265137,15.699999809265137,15.6899995803833,15.6899995803833,0
2026-09-17 12:16:00+00:00,15.680000305175781,15.680000305175781,15.65999984741211,15.65999984741211,0
2026-09-17 12:17:00+00:00,15.65999984741211,15.65999984741211,15.640000343322754,15.640000343322754,0
2026-09-17 12:18:00+00:00,15.640000343322754,15.65999984741211,15.640000343322754,15.649999618530273,0
2026-09-17 12:19:00+00:00,15.640000343322754,15.640000343322754,15.630000114440918,15.640000343322754,0
2026-09-17 12:20:00+00:00,15.619999885559082,15.619999885559082,15.600000381469727,15.609999656677246,0
2026-09-17 12:21:00+00:00,15.600000381469727,15.600000381469727,15.59000015258789,15.600000381469727,0
2026-09-17 12:22:00+00:00,15.600000381469727,15.609999656677246,15.600000381469727,15.609999656677246,0
2026-09-17 12:23:00+00:00,15.609999656677246,15.609999656677246,15.600000381469727,15.600000381469727,0
2026-09-17 12:24:00+00:00,15.59000015258789,15.609999656677246,15.59000015258789,15.609999656677246,0
2026-09-17 12:25:00+00:00,15.609999656677246,15.609999656677246,15.59000015258789,15.59000015258789,0
2026-09-17 12:26:00+00:00,15.579999923706055,15.579999923706055,15.579999923706055,15.579999923706055,0
2026-09-17 12:27:00+00:00,15.569999694824219,15.579999923706055,15.569999694824219,15.569999694824219,0
2026-09-17 12:28:00+00:00,15.550000190734863,15.5600004196167,15.550000190734863,15.550000190734863,0
2026-09-17 12:29:00+00:00,15.550000190734863,15.5600004196167,15.550000190734863,15.5600004196167,0
2026-09-17 12:30:00+00:00,15.539999961853027,15.550000190734863,15.510000228881836,15.510000228881836,0
2026-09-17 12:31:00+00:00,15.510000228881836,15.539999961853027,15.510000228881836,15.539999961853027,0
2026-09-17 12:32:00+00:00,15.529999732971191,15.529999732971191,15.479999542236328,15.489999771118164,0
2026-09-17 12:33:00+00:00,15.5,15.520000457763672,15.5,15.5,0
2026-09-17 12:34:00+00:00,15.470000267028809,15.470000267028809,15.449999809265137,15.449999809265137,0
2026-09-17 12:35:00+00:00,15.460000038146973,15.470000267028809,15.460000038146973,15.470000267028809,0
2026-09-17 12:36:00+00:00,15.479999542236328,15.489999771118164,15.479999542236328,15.489999771118164,0
2026-09-17 12:37:00+00:00,15.5,15.510000228881836,15.5,15.510000228881836,0
2026-09-17 12:38:00+00:00,15.5,15.5,15.479999542236328,15.479999542236328,0
2026-09-17 12:39:00+00:00,15.479999542236328,15.489999771118164,15.470000267028809,15.470000267028809,0
2026-09-17 12:40:00+00:00,15.460000038146973,15.460000038146973,15.449999809265137,15.460000038146973,0
2026-09-17 12:41:00+00:00,15.460000038146973,15.460000038146973,15.460000038146973,15.460000038146973,0
2026-09-17 12:42:00+00:00,15.479999542236328,15.479999542236328,15.479999542236328,15.479999542236328,0
2026-09-17 12:43:00+00:00,15.470000267028809,15.470000267028809,15.460000038146973,15.460000038146973,0
2026-09-17 12:44:00+00:00,15.460000038146973,15.470000267028809,15.460000038146973,15.470000267028809,0
2026-09-17 12:45:00+00:00,15.479999542236328,15.489999771118164,15.479999542236328,15.489999771118164,0
2026-09-17 12:46:00+00:00,15.489999771118164,15.5,15.489999771118164,15.5,0
2026-09-17 12:47:00+00:00,15.5,15.510000228881836,15.5,15.510000228881836,0
2026-09-17 12:48:00+00:00,15.510000228881836,15.520000457763672,15.510000228881836,15.510000228881836,0
2026-09-17 12:49:00+00:00,15.510000228881836,15.510000228881836,15.489999771118164,15.489999771118164,0
2026-09-17 12:50:00+00:00,15.489999771118164,15.489999771118164,15.460000038146973,15.460000038146973,0
2026-09-17 12:51:00+00:00,15.460000038146973,15.460000038146973,15.449999809265137,15.449999809265137,0
2026-09-17 12:52:00+00:00,15.460000038146973,15.470000267028809,15.460000038146973,15.470000267028809,0
2026-09-17 12:53:00+00:00,15.470000267028809,15.479999542236328,15.470000267028809,15.470000267028809,0
2026-09-17 12:54:00+00:00,15.470000267028809,15.470000267028809,15.460000038146973,15.460000038146973,0
2026-09-17 12:55:00+00:00,15.460000038146973,15.479999542236328,15.460000038146973,15.479999542236328,0
2026-09-17 12:56:00+00:00,15.479999542236328,15.479999542236328,15.470000267028809,15.470000267028809,0
2026-09-17 12:57:00+00:00,15.470000267028809,15.470000267028809,15.430000305175781,15.4399995803833,0
2026-09-17 12:58:00+00:00,15.430000305175781,15.449999809265137,15.430000305175781,15.449999809265137,0
2026-09-17 12:59:00+00:00,15.449999809265137,15.460000038146973,15.449999809265137,15.449999809265137,0
2026-09-17 13:00:00+00:00,15.449999809265137,15.449999809265137,15.420000076293945,15.420000076293945,0
2026-09-17 13:01:00+00:00,15.40999984741211,15.420000076293945,15.40999984741211,15.420000076293945,0
2026-09-17 13:02:00+00:00,15.420000076293945,15.430000305175781,15.420000076293945,15.420000076293945,0
2026-09-17 13:03:00+00:00,15.420000076293945,15.430000305175781,15.420000076293945,15.430000305175781,0
2026-09-17 13:04:00+00:00,15.4399995803833,15.449999809265137,15.430000305175781,15.449999809265137,0
2026-09-17 13:05:00+00:00,15.449999809265137,15.470000267028809,15.449999809265137,15.470000267028809,0
2026-09-17 13:06:00+00:00,15.470000267028809,15.470000267028809,15.470000267028809,15.470000267028809,0
2026-09-17 13:07:00+00:00,15.470000267028809,15.479999542236328,15.470000267028809,15.479999542236328,0
2026-09-17 13:08:00+00:00,15.470000267028809,15.470000267028809,15.449999809265137,15.449999809265137,0
2026-09-17 13:09:00+00:00,15.460000038146973,15.470000267028809,15.460000038146973,15.470000267028809,0
2026-09-17 13:10:00+00:00,15.479999542236328,15.479999542236328,15.470000267028809,15.479999542236328,0
2026-09-17 13:11:00+00:00,15.479999542236328,15.489999771118164,15.479999542236328,15.479999542236328,0
2026-09-17 13:12:00+00:00,15.479999542236328,15.479999542236328,15.470000267028809,15.470000267028809,0
2026-09-17 13:13:00+00:00,15.470000267028809,15.470000267028809,15.449999809265137,15.449999809265137,0
2026-09-17 13:14:00+00:00,15.449999809265137,15.449999809265137,15.449999809265137,15.449999809265137,0
2026-09-17 13:15:00+00:00,15.449999809265137,15.449999809265137,15.4399995803833,15.4399995803833,0
2026-09-17 13:16:00+00:00,15.4399995803833,15.4399995803833,15.40999984741211,15.420000076293945,0
2026-09-17 13:17:00+00:00,15.420000076293945,15.430000305175781,15.420000076293945,15.420000076293945,0
2026-09-17 13:18:00+00:00,15.420000076293945,15.420000076293945,15.40999984741211,15.420000076293945,0
2026-09-17 13:19:00+00:00,15.420000076293945,15.420000076293945,15.420000076293945,15.420000076293945,0
2026-09-17 13:20:00+00:00,15.430000305175781,15.430000305175781,15.420000076293945,15.420000076293945,0
2026-09-17 13:21:00+00:00,15.430000305175781,15.4399995803833,15.420000076293945,15.4399995803833,0
2026-09-17 13:22:00+00:00,15.4399995803833,15.4399995803833,15.430000305175781,15.430000305175781,0
2026-09-17 13:23:00+00:00,15.430000305175781,15.430000305175781,15.430000305175781,15.430000305175781,0
2026-09-17 13:24:00+00:00,15.430000305175781,15.430000305175781,15.430000305175781,15.430000305175781,0
2026-09-17 13:25:00+00:00,15.430000305175781,15.430000305175781,15.430000305175781,15.430000305175781,0
2026-09-17 13:31:00+00:00,15.399999618530273,15.430000305175781,15.380000114440918,15.430000305175781,0
2026-09-17 13:32:00+00:00,15.460000038146973,15.479999542236328,15.4399995803833,15.479999542236328,0
2026-09-17 13:33:00+00:00,15.470000267028809,15.550000190734863,15.470000267028809,15.550000190734863,0
2026-09-17 13:34:00+00:00,15.550000190734863,15.619999885559082,15.550000190734863,15.619999885559082,0
2026-09-17 13:35:00+00:00,15.65999984741211,15.670000076293945,15.65999984741211,15.670000076293945,0
2026-09-17 13:36:00+00:00,15.680000305175781,15.710000038146973,15.640000343322754,15.710000038146973,0
2026-09-17 13:37:00+00:00,15.699999809265137,15.699999809265137,15.680000305175781,15.680000305175781,0
2026-09-17 13:38:00+00:00,15.699999809265137,15.710000038146973,15.699999809265137,15.710000038146973,0
2026-09-17 13:39:00+00:00,15.710000038146973,15.720000267028809,15.710000038146973,15.720000267028809,0
2026-09-17 13:40:00+00:00,15.729999542236328,15.779999732971191,15.729999542236328,15.779999732971191,0
2026-09-17 13:41:00+00:00,15.779999732971191,15.800000190734863,15.760000228881836,15.800000190734863,0
2026-09-17 13:42:00+00:00,15.8100004196167,15.829999923706055,15.8100004196167,15.8100004196167,0
2026-09-17 13:43:00+00:00,15.8100004196167,15.8100004196167,15.770000457763672,15.770000457763672,0
2026-09-17 13:44:00+00:00,15.779999732971191,15.779999732971191,15.75,15.770000457763672,0
2026-09-17 13:45:00+00:00,15.770000457763672,15.789999961853027,15.770000457763672,15.789999961853027,0
2026-09-17 13:46:00+00:00,15.789999961853027,15.800000190734863,15.770000457763672,15.770000457763672,0
2026-09-17 13:47:00+00:00,15.760000228881836,15.760000228881836,15.729999542236328,15.729999542236328,0
2026-09-17 13:48:00+00:00,15.729999542236328,15.760000228881836,15.729999542236328,15.760000228881836,0
2026-09-17 13:49:00+00:00,15.760000228881836,15.770000457763672,15.720000267028809,15.720000267028809,0
2026-09-17 13:50:00+00:00,15.6899995803833,15.6899995803833,15.65999984741211,15.65999984741211,0
2026-09-17 13:51:00+00:00,15.640000343322754,15.699999809265137,15.640000343322754,15.699999809265137,0
2026-09-17 13:52:00+00:00,15.680000305175781,15.699999809265137,15.680000305175781,15.6899995803833,0
2026-09-17 13:53:00+00:00,15.680000305175781,15.720000267028809,15.680000305175781,15.720000267028809,0
2026-09-17 13:54:00+00:00,15.720000267028809,15.720000267028809,15.699999809265137,15.720000267028809,0
2026-09-17 13:55:00+00:00,15.739999771118164,15.739999771118164,15.720000267028809,15.729999542236328,0
2026-09-17 13:56:00+00:00,15.739999771118164,15.739999771118164,15.739999771118164,15.739999771118164,0
2026-09-17 13:57:00+00:00,15.75,15.770000457763672,15.75,15.770000457763672,0
2026-09-17 13:58:00+00:00,15.770000457763672,15.770000457763672,15.75,15.760000228881836,0
2026-09-17 13:59:00+00:00,15.770000457763672,15.770000457763672,15.75,15.75,0
2026-09-17 14:00:00+00:00,15.739999771118164,15.8100004196167,15.739999771118164,15.8100004196167,0
2026-09-17 14:01:00+00:00,15.819999694824219,15.880000114440918,15.819999694824219,15.880000114440918,0
2026-09-17 14:02:00+00:00,15.880000114440918,15.90999984741211,15.880000114440918,15.90999984741211,0
2026-09-17 14:03:00+00:00,15.90999984741211,15.930000305175781,15.90999984741211,15.920000076293945,0
2026-09-17 14:04:00+00:00,15.899999618530273,15.899999618530273,15.880000114440918,15.890000343322754,0
2026-09-17 14:05:00+00:00,15.890000343322754,15.930000305175781,15.890000343322754,15.930000305175781,0
2026-09-17 14:06:00+00:00,15.920000076293945,15.930000305175781,15.920000076293945,15.920000076293945,0
2026-09-17 14:07:00+00:00,15.920000076293945,15.989999771118164,15.920000076293945,15.989999771118164,0
2026-09-17 14:08:00+00:00,16.0,16.020000457763672,15.979999542236328,15.979999542236328,0
2026-09-17 14:09:00+00:00,15.989999771118164,16.0,15.960000038146973,15.960000038146973,0
2026-09-17 14:10:00+00:00,15.970000267028809,15.970000267028809,15.949999809265137,15.949999809265137,0
2026-09-17 14:11:00+00:00,15.9399995803833,15.989999771118164,15.9399995803833,15.979999542236328,0
2026-09-17 14:12:00+00:00,15.949999809265137,15.960000038146973,15.9399995803833,15.9399995803833,0
2026-09-17 14:13:00+00:00,15.9399995803833,15.9399995803833,15.90999984741211,15.90999984741211,0
2026-09-17 14:14:00+00:00,15.869999885559082,15.869999885559082,15.8100004196167,15.8100004196167,0
2026-09-17 14:15:00+00:00,15.8100004196167,15.8100004196167,15.800000190734863,15.8100004196167,0
2026-09-17 14:16:00+00:00,15.819999694824219,15.819999694824219,15.800000190734863,15.800000190734863,0
2026-09-17 14:17:00+00:00,15.789999961853027,15.800000190734863,15.779999732971191,15.800000190734863,0
2026-09-17 14:18:00+00:00,15.8100004196167,15.819999694824219,15.800000190734863,15.800000190734863,0
2026-09-17 14:19:00+00:00,15.800000190734863,15.8100004196167,15.800000190734863,15.8100004196167,0
2026-09-17 14:20:00+00:00,15.789999961853027,15.800000190734863,15.789999961853027,15.789999961853027,0
2026-09-17 14:21:00+00:00,15.789999961853027,15.789999961853027,15.760000228881836,15.760000228881836,0
2026-09-17 14:22:00+00:00,15.75,15.75,15.699999809265137,15.699999809265137,0
2026-09-17 14:23:00+00:00,15.699999809265137,15.699999809265137,15.65999984741211,15.65999984741211,0
2026-09-17 14:24:00+00:00,15.65999984741211,15.65999984741211,15.640000343322754,15.640000343322754,0
2026-09-17 14:25:00+00:00,15.640000343322754,15.640000343322754,15.630000114440918,15.630000114440918,0
2026-09-17 14:26:00+00:00,15.649999618530273,15.649999618530273,15.640000343322754,15.640000343322754,0
2026-09-17 14:27:00+00:00,15.619999885559082,15.630000114440918,15.619999885559082,15.630000114440918,0
2026-09-17 14:28:00+00:00,15.609999656677246,15.649999618530273,15.609999656677246,15.649999618530273,0
2026-09-17 14:29:00+00:00,15.670000076293945,15.699999809265137,15.670000076293945,15.699999809265137,0
2026-09-17 14:30:00+00:00,15.720000267028809,15.729999542236328,15.710000038146973,15.710000038146973,0
2026-09-17 14:31:00+00:00,15.710000038146973,15.720000267028809,15.6899995803833,15.720000267028809,0
2026-09-17 14:32:00+00:00,15.720000267028809,15.720000267028809,15.710000038146973,15.720000267028809,0
2026-09-17 14:33:00+00:00,15.710000038146973,15.710000038146973,15.699999809265137,15.699999809265137,0
2026-09-17 14:34:00+00:00,15.710000038146973,15.710000038146973,15.670000076293945,15.670000076293945,0
2026-09-17 14:35:00+00:00,15.670000076293945,15.6899995803833,15.670000076293945,15.6899995803833,0
2026-09-17 14:36:00+00:00,15.6899995803833,15.699999809265137,15.6899995803833,15.6899995803833,0
2026-09-17 14:37:00+00:00,15.6899995803833,15.6899995803833,15.680000305175781,15.680000305175781,0
2026-09-17 14:38:00+00:00,15.680000305175781,15.680000305175781,15.670000076293945,15.680000305175781,0
2026-09-17 14:39:00+00:00,15.680000305175781,15.680000305175781,15.670000076293945,15.680000305175781,0
2026-09-17 14:40:00+00:00,15.699999809265137,15.699999809265137,15.680000305175781,15.680000305175781,0
2026-09-17 14:41:00+00:00,15.65999984741211,15.680000305175781,15.65999984741211,15.670000076293945,0
2026-09-17 14:42:00+00:00,15.65999984741211,15.65999984741211,15.649999618530273,15.65999984741211,0
2026-09-17 14:43:00+00:00,15.670000076293945,15.670000076293945,15.65999984741211,15.670000076293945,0
2026-09-17 14:44:00+00:00,15.65999984741211,15.670000076293945,15.649999618530273,15.670000076293945,0
2026-09-17 14:45:00+00:00,15.670000076293945,15.670000076293945,15.670000076293945,15.670000076293945,0
2026-09-17 14:46:00+00:00,15.680000305175781,15.720000267028809,15.680000305175781,15.720000267028809,0
2026-09-17 14:47:00+00:00,15.729999542236328,15.75,15.729999542236328,15.75,0
2026-09-17 14:48:00+00:00,15.75,15.75,15.729999542236328,15.729999542236328,0
2026-09-17 14:49:00+00:00,15.739999771118164,15.760000228881836,15.739999771118164,15.760000228881836,0
2026-09-17 14:50:00+00:00,15.75,15.770000457763672,15.75,15.770000457763672,0
2026-09-17 14:51:00+00:00,15.779999732971191,15.779999732971191,15.770000457763672,15.770000457763672,0
2026-09-17 14:52:00+00:00,15.779999732971191,15.779999732971191,15.779999732971191,15.779999732971191,0
2026-09-17 14:53:00+00:00,15.779999732971191,15.800000190734863,15.779999732971191,15.800000190734863,0
2026-09-17 14:54:00+00:00,15.8100004196167,15.899999618530273,15.8100004196167,15.899999618530273,0
2026-09-17 14:55:00+00:00,15.90999984741211,15.930000305175781,15.90999984741211,15.930000305175781,0
2026-09-17 14:56:00+00:00,15.930000305175781,15.9399995803833,15.920000076293945,15.920000076293945,0
2026-09-17 14:57:00+00:00,15.899999618530273,15.899999618530273,15.850000381469727,15.850000381469727,0
2026-09-17 14:58:00+00:00,15.869999885559082,15.869999885559082,15.84000015258789,15.850000381469727,0
2026-09-17 14:59:00+00:00,15.869999885559082,15.880000114440918,15.869999885559082,15.880000114440918,0
2026-09-17 15:00:00+00:00,15.880000114440918,15.890000343322754,15.869999885559082,15.890000343322754,0
2026-09-17 15:01:00+00:00,15.880000114440918,15.899999618530273,15.880000114440918,15.880000114440918,0
2026-09-17 15:02:00+00:00,15.899999618530273,15.899999618530273,15.899999618530273,15.899999618530273,0
2026-09-17 15:03:00+00:00,15.890000343322754,15.890000343322754,15.859999656677246,15.880000114440918,0
2026-09-17 15:04:00+00:00,15.880000114440918,15.899999618530273,15.880000114440918,15.899999618530273,0
2026-09-17 15:05:00+00:00,15.90999984741211,15.920000076293945,15.90999984741211,15.920000076293945,0
2026-09-17 15:06:00+00:00,15.9399995803833,15.9399995803833,15.920000076293945,15.920000076293945,0
2026-09-17 15:07:00+00:00,15.90999984741211,15.920000076293945,15.90999984741211,15.90999984741211,0
2026-09-17 15:08:00+00:00,15.899999618530273,15.899999618530273,15.890000343322754,15.890000343322754,0
2026-09-17 15:09:00+00:00,15.880000114440918,15.890000343322754,15.880000114440918,15.890000343322754,0
2026-09-17 15:10:00+00:00,15.890000343322754,15.899999618530273,15.890000343322754,15.890000343322754,0
2026-09-17 15:11:00+00:00,15.890000343322754,15.890000343322754,15.850000381469727,15.850000381469727,0
2026-09-17 15:12:00+00:00,15.850000381469727,15.859999656677246,15.84000015258789,15.84000015258789,0
2026-09-17 15:13:00+00:00,15.859999656677246,15.869999885559082,15.850000381469727,15.850000381469727,0
2026-09-17 15:14:00+00:00,15.850000381469727,15.859999656677246,15.850000381469727,15.850000381469727,0
2026-09-17 15:15:00+00:00,15.850000381469727,15.869999885559082,15.850000381469727,15.869999885559082,0
2026-09-17 15:16:00+00:00,15.869999885559082,15.869999885559082,15.859999656677246,15.859999656677246,0
2026-09-17 15:17:00+00:00,15.84000015258789,15.850000381469727,15.829999923706055,15.829999923706055,0
2026-09-17 15:18:00+00:00,15.819999694824219,15.829999923706055,15.819999694824219,15.819999694824219,0
2026-09-17 15:19:00+00:00,15.819999694824219,15.829999923706055,15.819999694824219,15.829999923706055,0
2026-09-17 15:20:00+00:00,15.819999694824219,15.84000015258789,15.819999694824219,15.84000015258789,0
2026-09-17 15:21:00+00:00,15.850000381469727,15.850000381469727,15.850000381469727,15.850000381469727,0
2026-09-17 15:22:00+00:00,15.859999656677246,15.869999885559082,15.859999656677246,15.869999885559082,0
2026-09-17 15:23:00+00:00,15.859999656677246,15.859999656677246,15.859999656677246,15.859999656677246,0
2026-09-17 15:24:00+00:00,15.859999656677246,15.880000114440918,15.850000381469727,15.850000381469727,0
2026-09-17 15:25:00+00:00,15.850000381469727,15.850000381469727,15.800000190734863,15.800000190734863,0
2026-09-17 15:26:00+00:00,15.789999961853027,15.800000190734863,15.789999961853027,15.800000190734863,0
2026-09-17 15:27:00+00:00,15.8100004196167,15.8100004196167,15.779999732971191,15.779999732971191,0
2026-09-17 15:28:00+00:00,15.8100004196167,15.819999694824219,15.8100004196167,15.8100004196167,0
2026-09-17 15:29:00+00:00,15.8100004196167,15.8100004196167,15.800000190734863,15.800000190734863,0
2026-09-17 15:30:00+00:00,15.800000190734863,15.800000190734863,15.779999732971191,15.779999732971191,0
2026-09-17 15:31:00+00:00,15.779999732971191,15.779999732971191,15.779999732971191,15.779999732971191,0
2026-09-17 15:32:00+00:00,15.779999732971191,15.779999732971191,15.770000457763672,15.779999732971191,0
2026-09-17 15:33:00+00:00,15.779999732971191,15.779999732971191,15.770000457763672,15.770000457763672,0
2026-09-17 15:34:00+00:00,15.770000457763672,15.770000457763672,15.760000228881836,15.760000228881836,0
2026-09-17 15:35:00+00:00,15.739999771118164,15.739999771118164,15.729999542236328,15.729999542236328,0
2026-09-17 15:36:00+00:00,15.729999542236328,15.729999542236328,15.729999542236328,15.729999542236328,0
2026-09-17 15:37:00+00:00,15.729999542236328,15.729999542236328,15.710000038146973,15.710000038146973,0
2026-09-17 15:38:00+00:00,15.720000267028809,15.729999542236328,15.720000267028809,15.729999542236328,0
2026-09-17 15:39:00+00:00,15.729999542236328,15.739999771118164,15.729999542236328,15.739999771118164,0
2026-09-17 15:40:00+00:00,15.739999771118164,15.739999771118164,15.720000267028809,15.729999542236328,0
2026-09-17 15:41:00+00:00,15.710000038146973,15.720000267028809,15.6899995803833,15.6899995803833,0
2026-09-17 15:42:00+00:00,15.699999809265137,15.699999809265137,15.6899995803833,15.6899995803833,0
2026-09-17 15:43:00+00:00,15.680000305175781,15.680000305175781,15.680000305175781,15.680000305175781,0
2026-09-17 15:44:00+00:00,15.680000305175781,15.699999809265137,15.680000305175781,15.6899995803833,0
2026-09-17 15:45:00+00:00,15.6899995803833,15.6899995803833,15.6899995803833,15.6899995803833,0
2026-09-17 15:46:00+00:00,15.6899995803833,15.6899995803833,15.6899995803833,15.6899995803833,0
2026-09-17 15:47:00+00:00,15.680000305175781,15.680000305175781,15.680000305175781,15.680000305175781,0
2026-09-17 15:48:00+00:00,15.6899995803833,15.6899995803833,15.680000305175781,15.680000305175781,0
2026-09-17 15:49:00+00:00,15.680000305175781,15.680000305175781,15.670000076293945,15.670000076293945,0
2026-09-17 15:50:00+00:00,15.670000076293945,15.6899995803833,15.670000076293945,15.6899995803833,0
2026-09-17 15:51:00+00:00,15.6899995803833,15.6899995803833,15.6899995803833,15.6899995803833,0
2026-09-17 15:52:00+00:00,15.6899995803833,15.6899995803833,15.680000305175781,15.680000305175781,0
2026-09-17 15:53:00+00:00,15.649999618530273,15.670000076293945,15.649999618530273,15.670000076293945,0
2026-09-17 15:54:00+00:00,15.65999984741211,15.670000076293945,15.65999984741211,15.670000076293945,0
2026-09-17 15:55:00+00:00,15.65999984741211,15.670000076293945,15.65999984741211,15.670000076293945,0
2026-09-17 15:56:00+00:00,15.670000076293945,15.6899995803833,15.670000076293945,15.6899995803833,0
2026-09-17 15:57:00+00:00,15.6899995803833,15.6899995803833,15.6899995803833,15.6899995803833,0
2026-09-17 15:58:00+00:00,15.6899995803833,15.6899995803833,15.680000305175781,15.680000305175781,0
2026-09-17 15:59:00+00:00,15.670000076293945,15.670000076293945,15.65999984741211,15.65999984741211,0
2026-09-17 16:00:00+00:00,15.640000343322754,15.649999618530273,15.640000343322754,15.649999618530273,0
2026-09-17 16:01:00+00:00,15.630000114440918,15.649999618530273,15.630000114440918,15.649999618530273,0
2026-09-17 16:02:00+00:00,15.649999618530273,15.649999618530273,15.649999618530273,15.649999618530273,0
2026-09-17 16:03:00+00:00,15.649999618530273,15.649999618530273,15.640000343322754,15.640000343322754,0
2026-09-17 16:04:00+00:00,15.649999618530273,15.649999618530273,15.649999618530273,15.649999618530273,0
2026-09-17 16:05:00+00:00,15.65999984741211,15.670000076293945,15.65999984741211,15.670000076293945,0
2026-09-17 16:06:00+00:00,15.680000305175781,15.6899995803833,15.680000305175781,15.6899995803833,0
2026-09-17 16:07:00+00:00,15.6899995803833,15.6899995803833,15.680000305175781,15.680000305175781,0
2026-09-17 16:08:00+00:00,15.680000305175781,15.680000305175781,15.680000305175781,15.680000305175781,0
2026-09-17 16:09:00+00:00,15.680000305175781,15.680000305175781,15.649999618530273,15.649999618530273,0
2026-09-17 16:10:00+00:00,15.640000343322754,15.640000343322754,15.640000343322754,15.640000343322754,0
2026-09-17 16:11:00+00:00,15.640000343322754,15.649999618530273,15.640000343322754,15.649999618530273,0
2026-09-17 16:12:00+00:00,15.649999618530273,15.649999618530273,15.640000343322754,15.640000343322754,0
2026-09-17 16:13:00+00:00,15.630000114440918,15.640000343322754,15.630000114440918,15.640000343322754,0
2026-09-17 16:14:00+00:00,15.640000343322754,15.640000343322754,15.640000343322754,15.640000343322754,0
2026-09-17 16:15:00+00:00,15.630000114440918,15.640000343322754,15.630000114440918,15.630000114440918,0
2026-09-17 16:16:00+00:00,15.630000114440918,15.640000343322754,15.630000114440918,15.630000114440918,0
2026-09-17 16:17:00+00:00,15.630000114440918,15.630000114440918,15.630000114440918,15.630000114440918,0
2026-09-17 16:18:00+00:00,15.630000114440918,15.630000114440918,15.630000114440918,15.630000114440918,0
2026-09-17 16:19:00+00:00,15.630000114440918,15.640000343322754,15.630000114440918,15.640000343322754,0
2026-09-17 16:20:00+00:00,15.640000343322754,15.640000343322754,15.630000114440918,15.640000343322754,0
2026-09-17 16:21:00+00:00,15.640000343322754,15.640000343322754,15.619999885559082,15.619999885559082,0
2026-09-17 16:22:00+00:00,15.619999885559082,15.619999885559082,15.609999656677246,15.609999656677246,0
2026-09-17 16:23:00+00:00,15.609999656677246,15.609999656677246,15.609999656677246,15.609999656677246,0
2026-09-17 16:24:00+00:00,15.609999656677246,15.609999656677246,15.600000381469727,15.600000381469727,0
2026-09-17 16:25:00+00:00,15.600000381469727,15.600000381469727,15.600000381469727,15.600000381469727,0
2026-09-17 16:26:00+00:00,15.600000381469727,15.600000381469727,15.600000381469727,15.600000381469727,0
2026-09-17 16:27:00+00:00,15.600000381469727,15.600000381469727,15.59000015258789,15.59000015258789,0
2026-09-17 16:28:00+00:00,15.59000015258789,15.600000381469727,15.59000015258789,15.600000381469727,0
2026-09-17 16:29:00+00:00,15.609999656677246,15.619999885559082,15.609999656677246,15.619999885559082,0
2026-09-17 16:30:00+00:00,15.609999656677246,15.609999656677246,15.600000381469727,15.600000381469727,0
2026-09-17 16:31:00+00:00,15.600000381469727,15.609999656677246,15.600000381469727,15.609999656677246,0
2026-09-17 16:32:00+00:00,15.619999885559082,15.619999885559082,15.609999656677246,15.619999885559082,0
2026-09-17 16:33:00+00:00,15.640000343322754,15.65999984741211,15.640000343322754,15.65999984741211,0
2026-09-17 16:34:00+00:00,15.65999984741211,15.65999984741211,15.65999984741211,15.65999984741211,0
2026-09-17 16:35:00+00:00,15.65999984741211,15.65999984741211,15.649999618530273,15.649999618530273,0
2026-09-17 16:36:00+00:00,15.649999618530273,15.65999984741211,15.640000343322754,15.640000343322754,0
2026-09-17 16:37:00+00:00,15.640000343322754,15.640000343322754,15.640000343322754,15.640000343322754,0
2026-09-17 16:38:00+00:00,15.630000114440918,15.630000114440918,15.630000114440918,15.630000114440918,0
2026-09-17 16:39:00+00:00,15.630000114440918,15.630000114440918,15.609999656677246,15.609999656677246,0
2026-09-17 16:40:00+00:00,15.609999656677246,15.619999885559082,15.600000381469727,15.600000381469727,0
2026-09-17 16:41:00+00:00,15.600000381469727,15.600000381469727,15.59000015258789,15.59000015258789,0
2026-09-17 16:42:00+00:00,15.59000015258789,15.59000015258789,15.579999923706055,15.579999923706055,0
2026-09-17 16:43:00+00:00,15.569999694824219,15.569999694824219,15.569999694824219,15.569999694824219,0
2026-09-17 16:44:00+00:00,15.5600004196167,15.5600004196167,15.5600004196167,15.5600004196167,0
2026-09-17 16:45:00+00:00,15.550000190734863,15.550000190734863,15.550000190734863,15.550000190734863,0
2026-09-17 16:46:00+00:00,15.550000190734863,15.5600004196167,15.550000190734863,15.550000190734863,0
2026-09-17 16:47:00+00:00,15.550000190734863,15.550000190734863,15.539999961853027,15.550000190734863,0
2026-09-17 16:48:00+00:00,15.550000190734863,15.5600004196167,15.550000190734863,15.5600004196167,0
2026-09-17 16:49:00+00:00,15.5600004196167,15.5600004196167,15.5600004196167,15.5600004196167,0
2026-09-17 16:50:00+00:00,15.5600004196167,15.5600004196167,15.5600004196167,15.5600004196167,0
2026-09-17 16:51:00+00:00,15.5600004196167,15.5600004196167,15.550000190734863,15.5600004196167,0
2026-09-17 16:52:00+00:00,15.5600004196167,15.5600004196167,15.550000190734863,15.550000190734863,0
2026-09-17 16:53:00+00:00,15.550000190734863,15.550000190734863,15.550000190734863,15.550000190734863,0
2026-09-17 16:54:00+00:00,15.550000190734863,15.550000190734863,15.550000190734863,15.550000190734863,0
2026-09-17 16:55:00+00:00,15.5600004196167,15.630000114440918,15.5600004196167,15.630000114440918,0
2026-09-17 16:56:00+00:00,15.65999984741211,15.670000076293945,15.65999984741211,15.670000076293945,0
2026-09-17 16:57:00+00:00,15.670000076293945,15.739999771118164,15.670000076293945,15.720000267028809,0
2026-09-17 16:58:00+00:00,15.710000038146973,15.710000038146973,15.65999984741211,15.65999984741211,0
2026-09-17 16:59:00+00:00,15.65999984741211,15.65999984741211,15.630000114440918,15.630000114440918,0
2026-09-17 17:00:00+00:00,15.619999885559082,15.630000114440918,15.600000381469727,15.600000381469727,0
2026-09-17 17:01:00+00:00,15.600000381469727,15.600000381469727,15.600000381469727,15.600000381469727,0
2026-09-17 17:02:00+00:00,15.59000015258789,15.59000015258789,15.569999694824219,15.569999694824219,0
2026-09-17 17:03:00+00:00,15.579999923706055,15.600000381469727,15.579999923706055,15.600000381469727,0
2026-09-17 17:04:00+00:00,15.600000381469727,15.600000381469727,15.579999923706055,15.579999923706055,0
2026-09-17 17:05:00+00:00,15.569999694824219,15.569999694824219,15.5600004196167,15.569999694824219,0
2026-09-17 17:06:00+00:00,15.569999694824219,15.569999694824219,15.550000190734863,15.550000190734863,0
2026-09-17 17:07:00+00:00,15.550000190734863,15.550000190734863,15.550000190734863,15.550000190734863,0
2026-09-17 17:08:00+00:00,15.550000190734863,15.579999923706055,15.550000190734863,15.579999923706055,0
2026-09-17 17:09:00+00:00,15.579999923706055,15.59000015258789,15.579999923706055,15.59000015258789,0
2026-09-17 17:10:00+00:00,15.609999656677246,15.619999885559082,15.609999656677246,15.619999885559082,0
2026-09-17 17:11:00+00:00,15.619999885559082,15.619999885559082,15.609999656677246,15.609999656677246,0
2026-09-17 17:12:00+00:00,15.619999885559082,15.619999885559082,15.619999885559082,15.619999885559082,0
2026-09-17 17:13:00+00:00,15.630000114440918,15.630000114440918,15.619999885559082,15.619999885559082,0
2026-09-17 17:14:00+00:00,15.609999656677246,15.609999656677246,15.600000381469727,15.609999656677246,0
2026-09-17 17:15:00+00:00,15.619999885559082,15.619999885559082,15.609999656677246,15.619999885559082,0
2026-09-17 17:16:00+00:00,15.619999885559082,15.619999885559082,15.619999885559082,15.619999885559082,0
2026-09-17 17:17:00+00:00,15.619999885559082,15.619999885559082,15.609999656677246,15.619999885559082,0
2026-09-17 17:18:00+00:00,15.619999885559082,15.619999885559082,15.619999885559082,15.619999885559082,0
2026-09-17 17:19:00+00:00,15.619999885559082,15.619999885559082,15.609999656677246,15.609999656677246,0
2026-09-17 17:20:00+00:00,15.609999656677246,15.619999885559082,15.609999656677246,15.619999885559082,0
2026-09-17 17:21:00+00:00,15.619999885559082,15.640000343322754,15.619999885559082,15.640000343322754,0
2026-09-17 17:22:00+00:00,15.640000343322754,15.640000343322754,15.630000114440918,15.630000114440918,0
2026-09-17 17:23:00+00:00,15.630000114440918,15.630000114440918,15.619999885559082,15.619999885559082,0
2026-09-17 17:24:00+00:00,15.640000343322754,15.670000076293945,15.630000114440918,15.670000076293945,0
2026-09-17 17:25:00+00:00,15.670000076293945,15.670000076293945,15.65999984741211,15.65999984741211,0
2026-09-17 17:26:00+00:00,15.65999984741211,15.680000305175781,15.65999984741211,15.680000305175781,0
2026-09-17 17:27:00+00:00,15.670000076293945,15.670000076293945,15.649999618530273,15.649999618530273,0
2026-09-17 17:28:00+00:00,15.649999618530273,15.65999984741211,15.649999618530273,15.65999984741211,0
2026-09-17 17:29:00+00:00,15.65999984741211,15.65999984741211,15.65999984741211,15.65999984741211,0
2026-09-17 17:30:00+00:00,15.65999984741211,15.65999984741211,15.649999618530273,15.65999984741211,0
2026-09-17 17:31:00+00:00,15.65999984741211,15.65999984741211,15.65999984741211,15.65999984741211,0
2026-09-17 17:32:00+00:00,15.65999984741211,15.65999984741211,15.630000114440918,15.630000114440918,0
2026-09-17 17:33:00+00:00,15.630000114440918,15.630000114440918,15.619999885559082,15.619999885559082,0
2026-09-17 17:34:00+00:00,15.619999885559082,15.619999885559082,15.609999656677246,15.609999656677246,0
2026-09-17 17:35:00+00:00,15.600000381469727,15.600000381469727,15.59000015258789,15.59000015258789,0
2026-09-17 17:36:00+00:00,15.59000015258789,15.609999656677246,15.59000015258789,15.609999656677246,0
2026-09-17 17:37:00+00:00,15.609999656677246,15.609999656677246,15.600000381469727,15.609999656677246,0
2026-09-17 17:38:00+00:00,15.609999656677246,15.609999656677246,15.609999656677246,15.609999656677246,0
2026-09-17 17:39:00+00:00,15.609999656677246,15.609999656677246,15.609999656677246,15.609999656677246,0
2026-09-17 17:40:00+00:00,15.609999656677246,15.609999656677246,15.600000381469727,15.600000381469727,0
2026-09-17 17:41:00+00:00,15.600000381469727,15.600000381469727,15.59000015258789,15.59000015258789,0
2026-09-17 17:42:00+00:00,15.59000015258789,15.59000015258789,15.59000015258789,15.59000015258789,0
2026-09-17 17:43:00+00:00,15.59000015258789,15.59000015258789,15.59000015258789,15.59000015258789,0
2026-09-17 17:44:00+00:00,15.59000015258789,15.59000015258789,15.59000015258789,15.59000015258789,0
2026-09-17 17:45:00+00:00,15.579999923706055,15.579999923706055,15.579999923706055,15.579999923706055,0
2026-09-17 17:46:00+00:00,15.579999923706055,15.579999923706055,15.569999694824219,15.569999694824219,0
2026-09-17 17:47:00+00:00,15.5600004196167,15.5600004196167,15.550000190734863,15.5600004196167,0
2026-09-17 17:48:00+00:00,15.5600004196167,15.5600004196167,15.5600004196167,15.5600004196167,0
2026-09-17 17:49:00+00:00,15.5600004196167,15.5600004196167,15.5600004196167,15.5600004196167,0
2026-09-17 17:50:00+00:00,15.5600004196167,15.579999923706055,15.5600004196167,15.579999923706055,0
2026-09-17 17:51:00+00:00,15.579999923706055,15.59000015258789,15.579999923706055,15.59000015258789,0
2026-09-17 17:52:00+00:00,15.59000015258789,15.59000015258789,15.59000015258789,15.59000015258789,0
2026-09-17 17:53:00+00:00,15.59000015258789,15.59000015258789,15.579999923706055,15.579999923706055,0
2026-09-17 17:54:00+00:00,15.579999923706055,15.579999923706055,15.579999923706055,15.579999923706055,0
2026-09-17 17:55:00+00:00,15.579999923706055,15.579999923706055,15.569999694824219,15.579999923706055,0
2026-09-17 17:56:00+00:00,15.579999923706055,15.579999923706055,15.569999694824219,15.569999694824219,0
2026-09-17 17:57:00+00:00,15.569999694824219,15.569999694824219,15.5600004196167,15.5600004196167,0
2026-09-17 17:58:00+00:00,15.5600004196167,15.5600004196167,15.550000190734863,15.550000190734863,0
2026-09-17 17:59:00+00:00,15.5600004196167,15.5600004196167,15.5600004196167,15.5600004196167,0
2026-09-17 18:00:00+00:00,15.5600004196167,15.5600004196167,15.5600004196167,15.5600004196167,0
2026-09-17 18:01:00+00:00,15.5600004196167,15.5600004196167,15.550000190734863,15.550000190734863,0
2026-09-17 18:02:00+00:00,15.550000190734863,15.550000190734863,15.550000190734863,15.550000190734863,0
2026-09-17 18:03:00+00:00,15.5600004196167,15.5600004196167,15.550000190734863,15.550000190734863,0
2026-09-17 18:04:00+00:00,15.539999961853027,15.550000190734863,15.539999961853027,15.550000190734863,0
2026-09-17 18:05:00+00:00,15.550000190734863,15.550000190734863,15.539999961853027,15.539999961853027,0
2026-09-17 18:06:00+00:00,15.539999961853027,15.550000190734863,15.539999961853027,15.550000190734863,0
2026-09-17 18:07:00+00:00,15.550000190734863,15.569999694824219,15.550000190734863,15.569999694824219,0
2026-09-17 18:08:00+00:00,15.569999694824219,15.569999694824219,15.569999694824219,15.569999694824219,0
2026-09-17 18:09:00+00:00,15.579999923706055,15.579999923706055,15.579999923706055,15.579999923706055,0
2026-09-17 18:10:00+00:00,15.569999694824219,15.579999923706055,15.569999694824219,15.569999694824219,0
2026-09-17 18:11:00+00:00,15.569999694824219,15.569999694824219,15.5600004196167,15.5600004196167,0
2026-09-17 18:12:00+00:00,15.569999694824219,15.569999694824219,15.569999694824219,15.569999694824219,0
2026-09-17 18:13:00+00:00,15.569999694824219,15.569999694824219,15.5600004196167,15.5600004196167,0
2026-09-17 18:14:00+00:00,15.5600004196167,15.5600004196167,15.5600004196167,15.5600004196167,0
2026-09-17 18:15:00+00:00,15.5600004196167,15.5600004196167,15.550000190734863,15.550000190734863,0
2026-09-17 18:16:00+00:00,15.539999961853027,15.539999961853027,15.529999732971191,15.529999732971191,0
2026-09-17 18:17:00+00:00,15.539999961853027,15.539999961853027,15.539999961853027,15.539999961853027,0
2026-09-17 18:18:00+00:00,15.539999961853027,15.550000190734863,15.539999961853027,15.550000190734863,0
2026-09-17 18:19:00+00:00,15.550000190734863,15.550000190734863,15.529999732971191,15.529999732971191,0
2026-09-17 18:20:00+00:00,15.529999732971191,15.529999732971191,15.529999732971191,15.529999732971191,0
2026-09-17 18:21:00+00:00,15.529999732971191,15.529999732971191,15.529999732971191,15.529999732971191,0
2026-09-17 18:22:00+00:00,15.539999961853027,15.539999961853027,15.539999961853027,15.539999961853027,0
2026-09-17 18:23:00+00:00,15.539999961853027,15.539999961853027,15.539999961853027,15.539999961853027,0
2026-09-17 18:24:00+00:00,15.539999961853027,15.550000190734863,15.539999961853027,15.550000190734863,0
2026-09-17 18:25:00+00:00,15.550000190734863,15.550000190734863,15.539999961853027,15.539999961853027,0
2026-09-17 18:26:00+00:00,15.539999961853027,15.539999961853027,15.539999961853027,15.539999961853027,0
2026-09-17 18:27:00+00:00,15.539999961853027,15.539999961853027,15.529999732971191,15.529999732971191,0
2026-09-17 18:28:00+00:00,15.529999732971191,15.539999961853027,15.529999732971191,15.529999732971191,0
2026-09-17 18:29:00+00:00,15.529999732971191,15.529999732971191,15.529999732971191,15.529999732971191,0
2026-09-17 18:30:00+00:00,15.529999732971191,15.529999732971191,15.520000457763672,15.520000457763672,0
2026-09-17 18:31:00+00:00,15.529999732971191,15.529999732971191,15.529999732971191,15.529999732971191,0
2026-09-17 18:32:00+00:00,15.539999961853027,15.539999961853027,15.529999732971191,15.529999732971191,0
2026-09-17 18:33:00+00:00,15.529999732971191,15.529999732971191,15.529999732971191,15.529999732971191,0
2026-09-17 18:34:00+00:00,15.529999732971191,15.550000190734863,15.529999732971191,15.550000190734863,0
2026-09-17 18:35:00+00:00,15.550000190734863,15.550000190734863,15.550000190734863,15.550000190734863,0
2026-09-17 18:36:00+00:00,15.5600004196167,15.569999694824219,15.5600004196167,15.569999694824219,0
2026-09-17 18:37:00+00:00,15.579999923706055,15.579999923706055,15.579999923706055,15.579999923706055,0
2026-09-17 18:38:00+00:00,15.579999923706055,15.59000015258789,15.579999923706055,15.59000015258789,0
2026-09-17 18:39:00+00:00,15.59000015258789,15.59000015258789,15.59000015258789,15.59000015258789,0
2026-09-17 18:40:00+00:00,15.59000015258789,15.600000381469727,15.59000015258789,15.59000015258789,0
2026-09-17 18:41:00+00:00,15.59000015258789,15.59000015258789,15.579999923706055,15.579999923706055,0
2026-09-17 18:42:00+00:00,15.579999923706055,15.59000015258789,15.579999923706055,15.59000015258789,0
2026-09-17 18:43:00+00:00,15.59000015258789,15.59000015258789,15.579999923706055,15.579999923706055,0
2026-09-17 18:44:00+00:00,15.579999923706055,15.579999923706055,15.569999694824219,15.569999694824219,0
2026-09-17 18:45:00+00:00,15.569999694824219,15.569999694824219,15.5600004196167,15.5600004196167,0
2026-09-17 18:46:00+00:00,15.5600004196167,15.5600004196167,15.5600004196167,15.5600004196167,0
2026-09-17 18:47:00+00:00,15.5600004196167,15.5600004196167,15.550000190734863,15.5600004196167,0
2026-09-17 18:48:00+00:00,15.550000190734863,15.550000190734863,15.550000190734863,15.550000190734863,0
2026-09-17 18:49:00+00:00,15.539999961853027,15.539999961853027,15.529999732971191,15.539999961853027,0
2026-09-17 18:50:00+00:00,15.539999961853027,15.550000190734863,15.539999961853027,15.550000190734863,0
2026-09-17 18:51:00+00:00,15.539999961853027,15.550000190734863,15.539999961853027,15.550000190734863,0
2026-09-17 18:52:00+00:00,15.550000190734863,15.579999923706055,15.550000190734863,15.579999923706055,0
2026-09-17 18:53:00+00:00,15.579999923706055,15.59000015258789,15.579999923706055,15.59000015258789,0
2026-09-17 18:54:00+00:00,15.59000015258789,15.59000015258789,15.59000015258789,15.59000015258789,0
2026-09-17 18:55:00+00:00,15.59000015258789,15.59000015258789,15.59000015258789,15.59000015258789,0
2026-09-17 18:56:00+00:00,15.59000015258789,15.59000015258789,15.59000015258789,15.59000015258789,0
2026-09-17 18:57:00+00:00,15.59000015258789,15.59000015258789,15.579999923706055,15.579999923706055,0
2026-09-17 18:58:00+00:00,15.579999923706055,15.579999923706055,15.579999923706055,15.579999923706055,0
2026-09-17 18:59:00+00:00,15.579999923706055,15.579999923706055,15.579999923706055,15.579999923706055,0
2026-09-17 19:00:00+00:00,15.579999923706055,15.579999923706055,15.550000190734863,15.550000190734863,0
2026-09-17 19:01:00+00:00,15.550000190734863,15.550000190734863,15.539999961853027,15.539999961853027,0
2026-09-17 19:02:00+00:00,15.529999732971191,15.539999961853027,15.529999732971191,15.539999961853027,0
2026-09-17 19:03:00+00:00,15.529999732971191,15.529999732971191,15.529999732971191,15.529999732971191,0
2026-09-17 19:04:00+00:00,15.529999732971191,15.529999732971191,15.520000457763672,15.520000457763672,0
2026-09-17 19:05:00+00:00,15.520000457763672,15.520000457763672,15.5,15.5,0
2026-09-17 19:06:00+00:00,15.5,15.5,15.5,15.5,0
2026-09-17 19:07:00+00:00,15.5,15.510000228881836,15.5,15.510000228881836,0
2026-09-17 19:08:00+00:00,15.510000228881836,15.510000228881836,15.5,15.510000228881836,0
2026-09-17 19:09:00+00:00,15.510000228881836,15.520000457763672,15.5,15.520000457763672,0
2026-09-17 19:10:00+00:00,15.510000228881836,15.510000228881836,15.5,15.5,0
2026-09-17 19:11:00+00:00,15.5,15.5,15.5,15.5,0
2026-09-17 19:12:00+00:00,15.5,15.5,15.5,15.5,0
2026-09-17 19:13:00+00:00,15.5,15.5,15.5,15.5,0
2026-09-17 19:14:00+00:00,15.489999771118164,15.5,15.489999771118164,15.5,0
2026-09-17 19:15:00+00:00,15.5,15.5,15.489999771118164,15.489999771118164,0
2026-09-17 19:16:00+00:00,15.489999771118164,15.489999771118164,15.489999771118164,15.489999771118164,0
2026-09-17 19:17:00+00:00,15.489999771118164,15.489999771118164,15.489999771118164,15.489999771118164,0
2026-09-17 19:18:00+00:00,15.489999771118164,15.489999771118164,15.470000267028809,15.470000267028809,0
2026-09-17 19:19:00+00:00,15.460000038146973,15.460000038146973,15.460000038146973,15.460000038146973,0
2026-09-17 19:20:00+00:00,15.460000038146973,15.470000267028809,15.460000038146973,15.470000267028809,0
2026-09-17 19:21:00+00:00,15.470000267028809,15.479999542236328,15.470000267028809,15.479999542236328,0
2026-09-17 19:22:00+00:00,15.479999542236328,15.489999771118164,15.479999542236328,15.489999771118164,0
2026-09-17 19:23:00+00:00,15.489999771118164,15.5,15.489999771118164,15.5,0
2026-09-17 19:24:00+00:00,15.5,15.510000228881836,15.5,15.5,0
2026-09-17 19:25:00+00:00,15.5,15.5,15.489999771118164,15.489999771118164,0
2026-09-17 19:26:00+00:00,15.479999542236328,15.479999542236328,15.479999542236328,15.479999542236328,0
2026-09-17 19:27:00+00:00,15.489999771118164,15.489999771118164,15.489999771118164,15.489999771118164,0
2026-09-17 19:28:00+00:00,15.489999771118164,15.489999771118164,15.489999771118164,15.489999771118164,0
2026-09-17 19:29:00+00:00,15.489999771118164,15.5,15.489999771118164,15.5,0
2026-09-17 19:30:00+00:00,15.489999771118164,15.489999771118164,15.489999771118164,15.489999771118164,0
2026-09-17 19:31:00+00:00,15.470000267028809,15.470000267028809,15.460000038146973,15.460000038146973,0
2026-09-17 19:32:00+00:00,15.460000038146973,15.460000038146973,15.460000038146973,15.460000038146973,0
2026-09-17 19:33:00+00:00,15.460000038146973,15.470000267028809,15.460000038146973,15.470000267028809,0
2026-09-17 19:34:00+00:00,15.470000267028809,15.470000267028809,15.470000267028809,15.470000267028809,0
2026-09-17 19:35:00+00:00,15.470000267028809,15.470000267028809,15.460000038146973,15.460000038146973,0
2026-09-17 19:36:00+00:00,15.460000038146973,15.460000038146973,15.449999809265137,15.449999809265137,0
2026-09-17 19:37:00+00:00,15.449999809265137,15.460000038146973,15.449999809265137,15.460000038146973,0
2026-09-17 19:38:00+00:00,15.460000038146973,15.460000038146973,15.460000038146973,15.460000038146973,0
2026-09-17 19:39:00+00:00,15.460000038146973,15.460000038146973,15.460000038146973,15.460000038146973,0
2026-09-17 19:40:00+00:00,15.460000038146973,15.489999771118164,15.460000038146973,15.489999771118164,0
2026-09-17 19:41:00+00:00,15.489999771118164,15.5,15.489999771118164,15.5,0
2026-09-17 19:42:00+00:00,15.5,15.510000228881836,15.5,15.510000228881836,0
2026-09-17 19:43:00+00:00,15.510000228881836,15.510000228881836,15.489999771118164,15.489999771118164,0
2026-09-17 19:44:00+00:00,15.479999542236328,15.479999542236328,15.460000038146973,15.460000038146973,0
2026-09-17 19:45:00+00:00,15.470000267028809,15.489999771118164,15.470000267028809,15.489999771118164,0
2026-09-17 19:46:00+00:00,15.479999542236328,15.489999771118164,15.479999542236328,15.489999771118164,0
2026-09-17 19:47:00+00:00,15.5,15.5,15.489999771118164,15.489999771118164,0
2026-09-17 19:48:00+00:00,15.489999771118164,15.489999771118164,15.489999771118164,15.489999771118164,0
2026-09-17 19:49:00+00:00,15.489999771118164,15.5,15.489999771118164,15.5,0
2026-09-17 19:50:00+00:00,15.5,15.5,15.460000038146973,15.460000038146973,0
2026-09-17 19:51:00+00:00,15.460000038146973,15.460000038146973,15.430000305175781,15.430000305175781,0
2026-09-17 19:52:00+00:00,15.420000076293945,15.4399995803833,15.420000076293945,15.4399995803833,0
2026-09-17 19:53:00+00:00,15.430000305175781,15.4399995803833,15.420000076293945,15.420000076293945,0
2026-09-17 19:54:00+00:00,15.40999984741211,15.449999809265137,15.40999984741211,15.449999809265137,0
2026-09-17 19:55:00+00:00,15.460000038146973,15.460000038146973,15.430000305175781,15.430000305175781,0
2026-09-17 19:56:00+00:00,15.449999809265137,15.449999809265137,15.4399995803833,15.4399995803833,0
2026-09-17 19:57:00+00:00,15.4399995803833,15.4399995803833,15.430000305175781,15.430000305175781,0
2026-09-17 19:58:00+00:00,15.430000305175781,15.430000305175781,15.430000305175781,15.430000305175781,0
2026-09-17 19:59:00+00:00,15.420000076293945,15.430000305175781,15.420000076293945,15.430000305175781,0
2026-09-17 20:00:00+00:00,15.449999809265137,15.460000038146973,15.449999809265137,15.449999809265137,0
2026-09-17 20:01:00+00:00,15.460000038146973,15.460000038146973,15.460000038146973,15.460000038146973,0
2026-09-17 20:02:00+00:00,15.460000038146973,15.460000038146973,15.449999809265137,15.460000038146973,0
2026-09-17 20:03:00+00:00,15.449999809265137,15.460000038146973,15.449999809265137,15.460000038146973,0
2026-09-17 20:04:00+00:00,15.460000038146973,15.460000038146973,15.449999809265137,15.449999809265137,0
2026-09-17 20:05:00+00:00,15.460000038146973,15.460000038146973,15.420000076293945,15.420000076293945,0
2026-09-17 20:06:00+00:00,15.420000076293945,15.430000305175781,15.420000076293945,15.430000305175781,0
2026-09-17 20:07:00+00:00,15.430000305175781,15.430000305175781,15.420000076293945,15.420000076293945,0
2026-09-17 20:08:00+00:00,15.420000076293945,15.420000076293945,15.40999984741211,15.40999984741211,0
2026-09-17 20:09:00+00:00,15.399999618530273,15.40999984741211,15.399999618530273,15.40999984741211,0
2026-09-17 20:10:00+00:00,15.399999618530273,15.40999984741211,15.399999618530273,15.40999984741211,0
2026-09-17 20:11:00+00:00,15.40999984741211,15.40999984741211,15.399999618530273,15.399999618530273,0
2026-09-17 20:12:00+00:00,15.399999618530273,15.40999984741211,15.399999618530273,15.40999984741211,0
2026-09-17 20:13:00+00:00,15.420000076293945,15.430000305175781,15.420000076293945,15.430000305175781,0
2026-09-17 20:14:00+00:00,15.430000305175781,15.4399995803833,15.430000305175781,15.4399995803833,0
2026-09-18 07:15:00+00:00,15.069999694824219,15.069999694824219,15.069999694824219,15.069999694824219,0
2026-09-18 07:16:00+00:00,15.069999694824219,15.079999923706055,15.069999694824219,15.069999694824219,0
2026-09-18 07:17:00+00:00,15.069999694824219,15.069999694824219,15.0600004196167,15.0600004196167,0
2026-09-18 07:18:00+00:00,15.0600004196167,15.0600004196167,15.0600004196167,15.0600004196167,0
2026-09-18 07:19:00+00:00,15.0600004196167,15.0600004196167,15.0600004196167,15.0600004196167,0
2026-09-18 07:20:00+00:00,15.0600004196167,15.0600004196167,15.0600004196167,15.0600004196167,0
2026-09-18 07:21:00+00:00,15.0600004196167,15.069999694824219,15.0600004196167,15.069999694824219,0
2026-09-18 07:22:00+00:00,15.069999694824219,15.069999694824219,15.069999694824219,15.069999694824219,0
2026-09-18 07:23:00+00:00,15.069999694824219,15.069999694824219,15.0600004196167,15.0600004196167,0
2026-09-18 07:24:00+00:00,15.0600004196167,15.0600004196167,15.0600004196167,15.0600004196167,0
2026-09-18 07:25:00+00:00,15.0600004196167,15.0600004196167,15.0600004196167,15.0600004196167,0
2026-09-18 07:26:00+00:00,15.050000190734863,15.050000190734863,15.029999732971191,15.029999732971191,0
2026-09-18 07:27:00+00:00,15.020000457763672,15.020000457763672,15.020000457763672,15.020000457763672,0
2026-09-18 07:28:00+00:00,15.020000457763672,15.020000457763672,15.010000228881836,15.010000228881836,0
2026-09-18 07:29:00+00:00,15.010000228881836,15.010000228881836,15.010000228881836,15.010000228881836,0
2026-09-18 07:30:00+00:00,15.010000228881836,15.010000228881836,15.0,15.0,0
2026-09-18 07:31:00+00:00,14.989999771118164,15.010000228881836,14.989999771118164,15.010000228881836,0
2026-09-18 07:32:00+00:00,15.010000228881836,15.029999732971191,15.010000228881836,15.020000457763672,0
2026-09-18 07:33:00+00:00,15.029999732971191,15.039999961853027,15.029999732971191,15.039999961853027,0
2026-09-18 07:34:00+00:00,15.039999961853027,15.050000190734863,15.039999961853027,15.039999961853027,0
2026-09-18 07:35:00+00:00,15.039999961853027,15.050000190734863,15.039999961853027,15.050000190734863,0
2026-09-18 07:36:00+00:00,15.050000190734863,15.050000190734863,15.050000190734863,15.050000190734863,0
2026-09-18 07:37:00+00:00,15.050000190734863,15.0600004196167,15.050000190734863,15.050000190734863,0
2026-09-18 07:38:00+00:00,15.050000190734863,15.0600004196167,15.050000190734863,15.0600004196167,0
2026-09-18 07:39:00+00:00,15.0600004196167,15.0600004196167,15.050000190734863,15.050000190734863,0
2026-09-18 07:40:00+00:00,15.039999961853027,15.069999694824219,15.039999961853027,15.069999694824219,0
2026-09-18 07:41:00+00:00,15.069999694824219,15.079999923706055,15.069999694824219,15.069999694824219,0
2026-09-18 07:42:00+00:00,15.079999923706055,15.09000015258789,15.079999923706055,15.09000015258789,0
2026-09-18 07:43:00+00:00,15.100000381469727,15.100000381469727,15.09000015258789,15.09000015258789,0
2026-09-18 07:44:00+00:00,15.09000015258789,15.09000015258789,15.09000015258789,15.09000015258789,0
2026-09-18 07:45:00+00:00,15.09000015258789,15.09000015258789,15.09000015258789,15.09000015258789,0
2026-09-18 07:46:00+00:00,15.09000015258789,15.09000015258789,15.09000015258789,15.09000015258789,0
2026-09-18 07:47:00+00:00,15.09000015258789,15.09000015258789,15.069999694824219,15.069999694824219,0
2026-09-18 07:48:00+00:00,15.069999694824219,15.069999694824219,15.069999694824219,15.069999694824219,0
2026-09-18 07:49:00+00:00,15.079999923706055,15.079999923706055,15.069999694824219,15.079999923706055,0
2026-09-18 07:50:00+00:00,15.069999694824219,15.079999923706055,15.069999694824219,15.079999923706055,0
2026-09-18 07:51:00+00:00,15.079999923706055,15.079999923706055,15.079999923706055,15.079999923706055,0
2026-09-18 07:52:00+00:00,15.079999923706055,15.079999923706055,15.079999923706055,15.079999923706055,0
2026-09-18 07:53:00+00:00,15.079999923706055,15.079999923706055,15.0600004196167,15.0600004196167,0
2026-09-18 07:54:00+00:00,15.0600004196167,15.0600004196167,15.0600004196167,15.0600004196167,0
2026-09-18 07:55:00+00:00,15.050000190734863,15.0600004196167,15.050000190734863,15.0600004196167,0
2026-09-18 07:56:00+00:00,15.0600004196167,15.0600004196167,15.0600004196167,15.0600004196167,0
2026-09-18 07:57:00+00:00,15.0600004196167,15.069999694824219,15.0600004196167,15.069999694824219,0
2026-09-18 07:58:00+00:00,15.0600004196167,15.0600004196167,15.0600004196167,15.0600004196167,0
2026-09-18 07:59:00+00:00,15.069999694824219,15.119999885559082,15.069999694824219,15.119999885559082,0
2026-09-18 08:00:00+00:00,15.119999885559082,15.119999885559082,15.109999656677246,15.119999885559082,0
2026-09-18 08:01:00+00:00,15.119999885559082,15.119999885559082,15.119999885559082,15.119999885559082,0
2026-09-18 08:02:00+00:00,15.130000114440918,15.130000114440918,15.119999885559082,15.119999885559082,0
2026-09-18 08:03:00+00:00,15.119999885559082,15.119999885559082,15.119999885559082,15.119999885559082,0
2026-09-18 08:04:00+00:00,15.119999885559082,15.130000114440918,15.119999885559082,15.130000114440918,0
2026-09-18 08:05:00+00:00,15.140000343322754,15.15999984741211,15.140000343322754,15.15999984741211,0
2026-09-18 08:06:00+00:00,15.149999618530273,15.15999984741211,15.149999618530273,15.15999984741211,0
2026-09-18 08:07:00+00:00,15.15999984741211,15.15999984741211,15.15999984741211,15.15999984741211,0
2026-09-18 08:08:00+00:00,15.15999984741211,15.170000076293945,15.15999984741211,15.170000076293945,0
2026-09-18 08:09:00+00:00,15.15999984741211,15.180000305175781,15.15999984741211,15.180000305175781,0
2026-09-18 08:10:00+00:00,15.1899995803833,15.199999809265137,15.1899995803833,15.1899995803833,0
2026-09-18 08:11:00+00:00,15.1899995803833,15.210000038146973,15.1899995803833,15.210000038146973,0
2026-09-18 08:12:00+00:00,15.210000038146973,15.220000267028809,15.210000038146973,15.210000038146973,0
2026-09-18 08:13:00+00:00,15.220000267028809,15.220000267028809,15.220000267028809,15.220000267028809,0
2026-09-18 08:14:00+00:00,15.220000267028809,15.220000267028809,15.210000038146973,15.220000267028809,0
2026-09-18 08:15:00+00:00,15.220000267028809,15.229999542236328,15.220000267028809,15.229999542236328,0
2026-09-18 08:16:00+00:00,15.229999542236328,15.229999542236328,15.220000267028809,15.220000267028809,0
2026-09-18 08:17:00+00:00,15.220000267028809,15.220000267028809,15.220000267028809,15.220000267028809,0
2026-09-18 08:18:00+00:00,15.220000267028809,15.220000267028809,15.220000267028809,15.220000267028809,0
2026-09-18 08:19:00+00:00,15.220000267028809,15.229999542236328,15.220000267028809,15.220000267028809,0
2026-09-18 08:20:00+00:00,15.220000267028809,15.220000267028809,15.199999809265137,15.199999809265137,0
2026-09-18 08:21:00+00:00,15.199999809265137,15.210000038146973,15.199999809265137,15.210000038146973,0
2026-09-18 08:22:00+00:00,15.210000038146973,15.210000038146973,15.210000038146973,15.210000038146973,0
2026-09-18 08:23:00+00:00,15.220000267028809,15.229999542236328,15.220000267028809,15.229999542236328,0
2026-09-18 08:24:00+00:00,15.229999542236328,15.229999542236328,15.229999542236328,15.229999542236328,0
2026-09-18 08:25:00+00:00,15.229999542236328,15.229999542236328,15.229999542236328,15.229999542236328,0
2026-09-18 08:26:00+00:00,15.229999542236328,15.239999771118164,15.229999542236328,15.229999542236328,0
2026-09-18 08:27:00+00:00,15.229999542236328,15.239999771118164,15.229999542236328,15.239999771118164,0
2026-09-18 08:28:00+00:00,15.239999771118164,15.260000228881836,15.239999771118164,15.260000228881836,0
2026-09-18 08:29:00+00:00,15.260000228881836,15.279999732971191,15.260000228881836,15.279999732971191,0
2026-09-18 08:30:00+00:00,15.279999732971191,15.289999961853027,15.279999732971191,15.279999732971191,0
2026-09-18 08:31:00+00:00,15.279999732971191,15.279999732971191,15.279999732971191,15.279999732971191,0
2026-09-18 08:32:00+00:00,15.270000457763672,15.279999732971191,15.270000457763672,15.270000457763672,0
2026-09-18 08:33:00+00:00,15.260000228881836,15.260000228881836,15.260000228881836,15.260000228881836,0
2026-09-18 08:34:00+00:00,15.260000228881836,15.260000228881836,15.260000228881836,15.260000228881836,0
2026-09-18 08:35:00+00:00,15.260000228881836,15.260000228881836,15.25,15.25,0
2026-09-18 08:36:00+00:00,15.260000228881836,15.260000228881836,15.25,15.260000228881836,0
2026-09-18 08:37:00+00:00,15.260000228881836,15.260000228881836,15.260000228881836,15.260000228881836,0
2026-09-18 08:38:00+00:00,15.260000228881836,15.260000228881836,15.260000228881836,15.260000228881836,0
2026-09-18 08:39:00+00:00,15.260000228881836,15.260000228881836,15.260000228881836,15.260000228881836,0
2026-09-18 08:40:00+00:00,15.260000228881836,15.260000228881836,15.25,15.25,0
2026-09-18 08:41:00+00:00,15.25,15.25,15.25,15.25,0
2026-09-18 08:42:00+00:00,15.25,15.25,15.25,15.25,0
2026-09-18 08:43:00+00:00,15.25,15.25,15.25,15.25,0
2026-09-18 08:44:00+00:00,15.25,15.25,15.239999771118164,15.239999771118164,0
2026-09-18 08:45:00+00:00,15.229999542236328,15.229999542236328,15.220000267028809,15.220000267028809,0
2026-09-18 08:46:00+00:00,15.220000267028809,15.229999542236328,15.220000267028809,15.229999542236328,0
2026-09-18 08:47:00+00:00,15.229999542236328,15.229999542236328,15.229999542236328,15.229999542236328,0
2026-09-18 08:48:00+00:00,15.229999542236328,15.229999542236328,15.229999542236328,15.229999542236328,0
2026-09-18 08:49:00+00:00,15.229999542236328,15.229999542236328,15.229999542236328,15.229999542236328,0
2026-09-18 08:50:00+00:00,15.229999542236328,15.229999542236328,15.220000267028809,15.220000267028809,0
2026-09-18 08:51:00+00:00,15.220000267028809,15.220000267028809,15.220000267028809,15.220000267028809,0
2026-09-18 08:52:00+00:00,15.220000267028809,15.229999542236328,15.220000267028809,15.229999542236328,0
2026-09-18 08:53:00+00:00,15.229999542236328,15.229999542236328,15.220000267028809,15.220000267028809,0
2026-09-18 08:54:00+00:00,15.220000267028809,15.220000267028809,15.220000267028809,15.220000267028809,0
2026-09-18 08:55:00+00:00,15.220000267028809,15.220000267028809,15.210000038146973,15.210000038146973,0
2026-09-18 08:56:00+00:00,15.210000038146973,15.220000267028809,15.210000038146973,15.210000038146973,0
2026-09-18 08:57:00+00:00,15.210000038146973,15.210000038146973,15.210000038146973,15.210000038146973,0
2026-09-18 08:58:00+00:00,15.210000038146973,15.210000038146973,15.210000038146973,15.210000038146973,0
2026-09-18 08:59:00+00:00,15.220000267028809,15.220000267028809,15.220000267028809,15.220000267028809,0
2026-09-18 09:00:00+00:00,15.220000267028809,15.220000267028809,15.220000267028809,15.220000267028809,0
2026-09-18 09:01:00+00:00,15.220000267028809,15.229999542236328,15.220000267028809,15.229999542236328,0
2026-09-18 09:02:00+00:00,15.229999542236328,15.229999542236328,15.229999542236328,15.229999542236328,0
2026-09-18 09:03:00+00:00,15.229999542236328,15.229999542236328,15.220000267028809,15.220000267028809,0
2026-09-18 09:04:00+00:00,15.220000267028809,15.220000267028809,15.210000038146973,15.220000267028809,0
2026-09-18 09:05:00+00:00,15.220000267028809,15.220000267028809,15.220000267028809,15.220000267028809,0
2026-09-18 09:06:00+00:00,15.220000267028809,15.220000267028809,15.210000038146973,15.220000267028809,0
2026-09-18 09:07:00+00:00,15.210000038146973,15.220000267028809,15.210000038146973,15.220000267028809,0
2026-09-18 09:08:00+00:00,15.220000267028809,15.220000267028809,15.220000267028809,15.220000267028809,0
2026-09-18 09:09:00+00:00,15.210000038146973,15.210000038146973,15.210000038146973,15.210000038146973,0
2026-09-18 09:10:00+00:00,15.210000038146973,15.220000267028809,15.210000038146973,15.220000267028809,0
2026-09-18 09:11:00+00:00,15.210000038146973,15.210000038146973,15.210000038146973,15.210000038146973,0
2026-09-18 09:12:00+00:00,15.210000038146973,15.210000038146973,15.210000038146973,15.210000038146973,0
2026-09-18 09:13:00+00:00,15.210000038146973,15.210000038146973,15.210000038146973,15.210000038146973,0
2026-09-18 09:14:00+00:00,15.210000038146973,15.220000267028809,15.210000038146973,15.220000267028809,0
2026-09-18 09:15:00+00:00,15.220000267028809,15.220000267028809,15.220000267028809,15.220000267028809,0
2026-09-18 09:16:00+00:00,15.220000267028809,15.220000267028809,15.210000038146973,15.210000038146973,0
2026-09-18 09:17:00+00:00,15.210000038146973,15.210000038146973,15.199999809265137,15.199999809265137,0
2026-09-18 09:18:00+00:00,15.199999809265137,15.210000038146973,15.199999809265137,15.199999809265137,0
2026-09-18 09:19:00+00:00,15.1899995803833,15.199999809265137,15.180000305175781,15.180000305175781,0
2026-09-18 09:20:00+00:00,15.180000305175781,15.180000305175781,15.180000305175781,15.180000305175781,0
2026-09-18 09:21:00+00:00,15.180000305175781,15.180000305175781,15.180000305175781,15.180000305175781,0
2026-09-18 09:22:00+00:00,15.180000305175781,15.180000305175781,15.180000305175781,15.180000305175781,0
2026-09-18 09:23:00+00:00,15.180000305175781,15.180000305175781,15.180000305175781,15.180000305175781,0
2026-09-18 09:24:00+00:00,15.170000076293945,15.180000305175781,15.170000076293945,15.180000305175781,0
2026-09-18 09:25:00+00:00,15.180000305175781,15.180000305175781,15.180000305175781,15.180000305175781,0
2026-09-18 09:26:00+00:00,15.1899995803833,15.199999809265137,15.1899995803833,15.199999809265137,0
2026-09-18 09:27:00+00:00,15.210000038146973,15.229999542236328,15.210000038146973,15.229999542236328,0
2026-09-18 09:28:00+00:00,15.229999542236328,15.239999771118164,15.229999542236328,15.239999771118164,0
2026-09-18 09:29:00+00:00,15.229999542236328,15.229999542236328,15.229999542236328,15.229999542236328,0
2026-09-18 09:30:00+00:00,15.229999542236328,15.25,15.229999542236328,15.25,0
2026-09-18 09:31:00+00:00,15.25,15.260000228881836,15.25,15.260000228881836,0
2026-09-18 09:32:00+00:00,15.260000228881836,15.260000228881836,15.260000228881836,15.260000228881836,0
2026-09-18 09:33:00+00:00,15.25,15.260000228881836,15.25,15.260000228881836,0
2026-09-18 09:34:00+00:00,15.260000228881836,15.270000457763672,15.260000228881836,15.270000457763672,0
2026-09-18 09:35:00+00:00,15.270000457763672,15.270000457763672,15.270000457763672,15.270000457763672,0
2026-09-18 09:36:00+00:00,15.270000457763672,15.270000457763672,15.270000457763672,15.270000457763672,0
2026-09-18 09:37:00+00:00,15.279999732971191,15.289999961853027,15.279999732971191,15.289999961853027,0
2026-09-18 09:38:00+00:00,15.289999961853027,15.3100004196167,15.289999961853027,15.3100004196167,0
2026-09-18 09:39:00+00:00,15.3100004196167,15.319999694824219,15.3100004196167,15.319999694824219,0
2026-09-18 09:40:00+00:00,15.319999694824219,15.319999694824219,15.3100004196167,15.319999694824219,0
2026-09-18 09:41:00+00:00,15.319999694824219,15.329999923706055,15.319999694824219,15.329999923706055,0
2026-09-18 09:42:00+00:00,15.329999923706055,15.329999923706055,15.329999923706055,15.329999923706055,0
2026-09-18 09:43:00+00:00,15.329999923706055,15.329999923706055,15.319999694824219,15.319999694824219,0
2026-09-18 09:44:00+00:00,15.329999923706055,15.329999923706055,15.329999923706055,15.329999923706055,0
2026-09-18 09:45:00+00:00,15.34000015258789,15.350000381469727,15.34000015258789,15.350000381469727,0
2026-09-18 09:46:00+00:00,15.350000381469727,15.350000381469727,15.34000015258789,15.34000015258789,0
2026-09-18 09:47:00+00:00,15.34000015258789,15.34000015258789,15.34000015258789,15.34000015258789,0
2026-09-18 09:48:00+00:00,15.34000015258789,15.350000381469727,15.34000015258789,15.350000381469727,0
2026-09-18 09:49:00+00:00,15.350000381469727,15.350000381469727,15.350000381469727,15.350000381469727,0
2026-09-18 09:50:00+00:00,15.350000381469727,15.350000381469727,15.34000015258789,15.34000015258789,0
2026-09-18 09:51:00+00:00,15.34000015258789,15.34000015258789,15.319999694824219,15.319999694824219,0
2026-09-18 09:52:00+00:00,15.319999694824219,15.329999923706055,15.319999694824219,15.329999923706055,0
2026-09-18 09:53:00+00:00,15.319999694824219,15.329999923706055,15.319999694824219,15.329999923706055,0
2026-09-18 09:54:00+00:00,15.329999923706055,15.329999923706055,15.329999923706055,15.329999923706055,0
2026-09-18 09:55:00+00:00,15.329999923706055,15.329999923706055,15.329999923706055,15.329999923706055,0
2026-09-18 09:56:00+00:00,15.34000015258789,15.34000015258789,15.34000015258789,15.34000015258789,0
2026-09-18 09:57:00+00:00,15.34000015258789,15.34000015258789,15.34000015258789,15.34000015258789,0
2026-09-18 09:58:00+00:00,15.34000015258789,15.34000015258789,15.34000015258789,15.34000015258789,0
2026-09-18 09:59:00+00:00,15.34000015258789,15.350000381469727,15.34000015258789,15.350000381469727,0
2026-09-18 10:00:00+00:00,15.350000381469727,15.350000381469727,15.34000015258789,15.350000381469727,0
2026-09-18 10:01:00+00:00,15.34000015258789,15.350000381469727,15.34000015258789,15.350000381469727,0
2026-09-18 10:02:00+00:00,15.350000381469727,15.350000381469727,15.350000381469727,15.350000381469727,0
2026-09-18 10:03:00+00:00,15.350000381469727,15.350000381469727,15.350000381469727,15.350000381469727,0
2026-09-18 10:04:00+00:00,15.350000381469727,15.359999656677246,15.350000381469727,15.359999656677246,0
2026-09-18 10:05:00+00:00,15.359999656677246,15.359999656677246,15.359999656677246,15.359999656677246,0
2026-09-18 10:06:00+00:00,15.359999656677246,15.359999656677246,15.350000381469727,15.350000381469727,0
2026-09-18 10:07:00+00:00,15.350000381469727,15.350000381469727,15.350000381469727,15.350000381469727,0
2026-09-18 10:08:00+00:00,15.34000015258789,15.34000015258789,15.34000015258789,15.34000015258789,0
2026-09-18 10:09:00+00:00,15.34000015258789,15.34000015258789,15.34000015258789,15.34000015258789,0
2026-09-18 10:10:00+00:00,15.34000015258789,15.34000015258789,15.34000015258789,15.34000015258789,0
2026-09-18 10:11:00+00:00,15.34000015258789,15.350000381469727,15.34000015258789,15.350000381469727,0
2026-09-18 10:12:00+00:00,15.350000381469727,15.359999656677246,15.350000381469727,15.350000381469727,0
2026-09-18 10:13:00+00:00,15.350000381469727,15.350000381469727,15.350000381469727,15.350000381469727,0
2026-09-18 10:14:00+00:00,15.350000381469727,15.350000381469727,15.350000381469727,15.350000381469727,0
2026-09-18 10:15:00+00:00,15.350000381469727,15.350000381469727,15.34000015258789,15.34000015258789,0
2026-09-18 10:16:00+00:00,15.34000015258789,15.34000015258789,15.34000015258789,15.34000015258789,0
2026-09-18 10:17:00+00:00,15.34000015258789,15.34000015258789,15.34000015258789,15.34000015258789,0
2026-09-18 10:18:00+00:00,15.34000015258789,15.34000015258789,15.329999923706055,15.329999923706055,0
2026-09-18 10:19:00+00:00,15.329999923706055,15.34000015258789,15.329999923706055,15.34000015258789,0
2026-09-18 10:20:00+00:00,15.34000015258789,15.34000015258789,15.329999923706055,15.329999923706055,0
2026-09-18 10:21:00+00:00,15.329999923706055,15.329999923706055,15.329999923706055,15.329999923706055,0
2026-09-18 10:22:00+00:00,15.329999923706055,15.329999923706055,15.319999694824219,15.319999694824219,0
2026-09-18 10:23:00+00:00,15.319999694824219,15.329999923706055,15.319999694824219,15.329999923706055,0
2026-09-18 10:24:00+00:00,15.329999923706055,15.34000015258789,15.329999923706055,15.34000015258789,0
2026-09-18 10:25:00+00:00,15.34000015258789,15.34000015258789,15.34000015258789,15.34000015258789,0
2026-09-18 10:26:00+00:00,15.34000015258789,15.359999656677246,15.34000015258789,15.359999656677246,0
2026-09-18 10:27:00+00:00,15.359999656677246,15.369999885559082,15.359999656677246,15.369999885559082,0
2026-09-18 10:28:00+00:00,15.359999656677246,15.359999656677246,15.359999656677246,15.359999656677246,0
2026-09-18 10:29:00+00:00,15.359999656677246,15.359999656677246,15.359999656677246,15.359999656677246,0
2026-09-18 10:30:00+00:00,15.359999656677246,15.359999656677246,15.34000015258789,15.34000015258789,0
2026-09-18 10:31:00+00:00,15.329999923706055,15.329999923706055,15.319999694824219,15.319999694824219,0
2026-09-18 10:32:00+00:00,15.319999694824219,15.319999694824219,15.3100004196167,15.3100004196167,0
2026-09-18 10:33:00+00:00,15.3100004196167,15.3100004196167,15.300000190734863,15.300000190734863,0
2026-09-18 10:34:00+00:00,15.300000190734863,15.300000190734863,15.289999961853027,15.289999961853027,0
2026-09-18 10:35:00+00:00,15.289999961853027,15.289999961853027,15.289999961853027,15.289999961853027,0
2026-09-18 10:36:00+00:00,15.289999961853027,15.289999961853027,15.279999732971191,15.279999732971191,0
2026-09-18 10:37:00+00:00,15.279999732971191,15.279999732971191,15.270000457763672,15.270000457763672,0
2026-09-18 10:38:00+00:00,15.260000228881836,15.260000228881836,15.260000228881836,15.260000228881836,0
2026-09-18 10:39:00+00:00,15.260000228881836,15.270000457763672,15.260000228881836,15.260000228881836,0
2026-09-18 10:40:00+00:00,15.260000228881836,15.260000228881836,15.260000228881836,15.260000228881836,0
2026-09-18 10:41:00+00:00,15.260000228881836,15.260000228881836,15.260000228881836,15.260000228881836,0
2026-09-18 10:42:00+00:00,15.260000228881836,15.260000228881836,15.260000228881836,15.260000228881836,0
2026-09-18 10:43:00+00:00,15.260000228881836,15.260000228881836,15.260000228881836,15.260000228881836,0
2026-09-18 10:44:00+00:00,15.260000228881836,15.260000228881836,15.260000228881836,15.260000228881836,0
2026-09-18 10:45:00+00:00,15.260000228881836,15.270000457763672,15.260000228881836,15.270000457763672,0
2026-09-18 10:46:00+00:00,15.279999732971191,15.289999961853027,15.279999732971191,15.289999961853027,0
2026-09-18 10:47:00+00:00,15.289999961853027,15.289999961853027,15.289999961853027,15.289999961853027,0
2026-09-18 10:48:00+00:00,15.289999961853027,15.289999961853027,15.289999961853027,15.289999961853027,0
2026-09-18 10:49:00+00:00,15.289999961853027,15.289999961853027,15.289999961853027,15.289999961853027,0
2026-09-18 10:50:00+00:00,15.289999961853027,15.289999961853027,15.279999732971191,15.279999732971191,0
2026-09-18 10:51:00+00:00,15.279999732971191,15.279999732971191,15.270000457763672,15.270000457763672,0
2026-09-18 10:52:00+00:00,15.270000457763672,15.279999732971191,15.270000457763672,15.270000457763672,0
2026-09-18 10:53:00+00:00,15.270000457763672,15.279999732971191,15.270000457763672,15.270000457763672,0
2026-09-18 10:54:00+00:00,15.270000457763672,15.289999961853027,15.270000457763672,15.289999961853027,0
2026-09-18 10:55:00+00:00,15.289999961853027,15.289999961853027,15.289999961853027,15.289999961853027,0
2026-09-18 10:56:00+00:00,15.289999961853027,15.289999961853027,15.279999732971191,15.279999732971191,0
2026-09-18 10:57:00+00:00,15.279999732971191,15.279999732971191,15.279999732971191,15.279999732971191,0
2026-09-18 10:58:00+00:00,15.279999732971191,15.300000190734863,15.279999732971191,15.300000190734863,0
2026-09-18 10:59:00+00:00,15.300000190734863,15.300000190734863,15.300000190734863,15.300000190734863,0
2026-09-18 11:00:00+00:00,15.300000190734863,15.329999923706055,15.300000190734863,15.329999923706055,0
2026-09-18 11:01:00+00:00,15.329999923706055,15.329999923706055,15.3100004196167,15.3100004196167,0
2026-09-18 11:02:00+00:00,15.3100004196167,15.3100004196167,15.300000190734863,15.300000190734863,0
2026-09-18 11:03:00+00:00,15.3100004196167,15.3100004196167,15.289999961853027,15.289999961853027,0
2026-09-18 11:04:00+00:00,15.289999961853027,15.289999961853027,15.25,15.25,0
2026-09-18 11:05:00+00:00,15.25,15.359999656677246,15.25,15.359999656677246,0
2026-09-18 11:06:00+00:00,15.399999618530273,15.399999618530273,15.390000343322754,15.390000343322754,0
2026-09-18 11:07:00+00:00,15.369999885559082,15.369999885559082,15.359999656677246,15.359999656677246,0
2026-09-18 11:08:00+00:00,15.359999656677246,15.359999656677246,15.350000381469727,15.350000381469727,0
2026-09-18 11:09:00+00:00,15.350000381469727,15.359999656677246,15.350000381469727,15.350000381469727,0
2026-09-18 11:10:00+00:00,15.350000381469727,15.350000381469727,15.350000381469727,15.350000381469727,0
2026-09-18 11:11:00+00:00,15.350000381469727,15.350000381469727,15.34000015258789,15.34000015258789,0
2026-09-18 11:12:00+00:00,15.34000015258789,15.350000381469727,15.34000015258789,15.350000381469727,0
2026-09-18 11:13:00+00:00,15.34000015258789,15.369999885559082,15.34000015258789,15.369999885559082,0
2026-09-18 11:14:00+00:00,15.380000114440918,15.390000343322754,15.369999885559082,15.369999885559082,0
2026-09-18 11:15:00+00:00,15.369999885559082,15.369999885559082,15.369999885559082,15.369999885559082,0
2026-09-18 11:16:00+00:00,15.369999885559082,15.390000343322754,15.369999885559082,15.390000343322754,0
2026-09-18 11:17:00+00:00,15.390000343322754,15.430000305175781,15.390000343322754,15.430000305175781,0
2026-09-18 11:18:00+00:00,15.430000305175781,15.430000305175781,15.420000076293945,15.430000305175781,0
2026-09-18 11:19:00+00:00,15.430000305175781,15.430000305175781,15.420000076293945,15.430000305175781,0
2026-09-18 11:20:00+00:00,15.430000305175781,15.4399995803833,15.430000305175781,15.4399995803833,0
2026-09-18 11:21:00+00:00,15.4399995803833,15.4399995803833,15.420000076293945,15.420000076293945,0
2026-09-18 11:22:00+00:00,15.430000305175781,15.430000305175781,15.40999984741211,15.40999984741211,0
2026-09-18 11:23:00+00:00,15.40999984741211,15.40999984741211,15.40999984741211,15.40999984741211,0
2026-09-18 11:24:00+00:00,15.40999984741211,15.40999984741211,15.40999984741211,15.40999984741211,0
2026-09-18 11:25:00+00:00,15.420000076293945,15.420000076293945,15.40999984741211,15.420000076293945,0
2026-09-18 11:26:00+00:00,15.420000076293945,15.420000076293945,15.420000076293945,15.420000076293945,0
2026-09-18 11:27:00+00:00,15.420000076293945,15.430000305175781,15.420000076293945,15.430000305175781,0
2026-09-18 11:28:00+00:00,15.430000305175781,15.430000305175781,15.420000076293945,15.420000076293945,0
2026-09-18 11:29:00+00:00,15.420000076293945,15.430000305175781,15.420000076293945,15.430000305175781,0
2026-09-18 11:30:00+00:00,15.430000305175781,15.430000305175781,15.420000076293945,15.420000076293945,0
2026-09-18 11:31:00+00:00,15.420000076293945,15.420000076293945,15.369999885559082,15.369999885559082,0
2026-09-18 11:32:00+00:00,15.359999656677246,15.359999656677246,15.359999656677246,15.359999656677246,0
2026-09-18 11:33:00+00:00,15.350000381469727,15.350000381469727,15.350000381469727,15.350000381469727,0
2026-09-18 11:34:00+00:00,15.359999656677246,15.369999885559082,15.359999656677246,15.359999656677246,0
2026-09-18 11:35:00+00:00,15.359999656677246,15.359999656677246,15.359999656677246,15.359999656677246,0
2026-09-18 11:36:00+00:00,15.359999656677246,15.359999656677246,15.34000015258789,15.34000015258789,0
2026-09-18 11:37:00+00:00,15.329999923706055,15.329999923706055,15.319999694824219,15.319999694824219,0
2026-09-18 11:38:00+00:00,15.319999694824219,15.319999694824219,15.319999694824219,15.319999694824219,0
2026-09-18 11:39:00+00:00,15.329999923706055,15.329999923706055,15.329999923706055,15.329999923706055,0
2026-09-18 11:40:00+00:00,15.329999923706055,15.350000381469727,15.329999923706055,15.34000015258789,0
2026-09-18 11:41:00+00:00,15.34000015258789,15.34000015258789,15.34000015258789,15.34000015258789,0
2026-09-18 11:42:00+00:00,15.34000015258789,15.350000381469727,15.34000015258789,15.350000381469727,0
2026-09-18 11:43:00+00:00,15.359999656677246,15.369999885559082,15.359999656677246,15.369999885559082,0
2026-09-18 11:44:00+00:00,15.369999885559082,15.369999885559082,15.369999885559082,15.369999885559082,0
2026-09-18 11:45:00+00:00,15.380000114440918,15.380000114440918,15.380000114440918,15.380000114440918,0
2026-09-18 11:46:00+00:00,15.390000343322754,15.390000343322754,15.380000114440918,15.380000114440918,0
2026-09-18 11:47:00+00:00,15.380000114440918,15.380000114440918,15.380000114440918,15.380000114440918,0
2026-09-18 11:48:00+00:00,15.380000114440918,15.380000114440918,15.369999885559082,15.380000114440918,0
2026-09-18 11:49:00+00:00,15.369999885559082,15.369999885559082,15.369999885559082,15.369999885559082,0
2026-09-18 11:50:00+00:00,15.369999885559082,15.380000114440918,15.369999885559082,15.369999885559082,0
2026-09-18 11:51:00+00:00,15.380000114440918,15.390000343322754,15.380000114440918,15.390000343322754,0
2026-09-18 11:52:00+00:00,15.390000343322754,15.390000343322754,15.390000343322754,15.390000343322754,0
2026-09-18 11:53:00+00:00,15.390000343322754,15.390000343322754,15.380000114440918,15.380000114440918,0
2026-09-18 11:54:00+00:00,15.380000114440918,15.380000114440918,15.380000114440918,15.380000114440918,0
2026-09-18 11:55:00+00:00,15.380000114440918,15.380000114440918,15.380000114440918,15.380000114440918,0
2026-09-18 11:56:00+00:00,15.399999618530273,15.399999618530273,15.399999618530273,15.399999618530273,0
2026-09-18 11:57:00+00:00,15.399999618530273,15.399999618530273,15.399999618530273,15.399999618530273,0
2026-09-18 11:58:00+00:00,15.40999984741211,15.40999984741211,15.40999984741211,15.40999984741211,0
2026-09-18 11:59:00+00:00,15.40999984741211,15.40999984741211,15.399999618530273,15.399999618530273,0
2026-09-18 12:00:00+00:00,15.399999618530273,15.430000305175781,15.399999618530273,15.430000305175781,0
2026-09-18 12:01:00+00:00,15.430000305175781,15.430000305175781,15.430000305175781,15.430000305175781,0
2026-09-18 12:02:00+00:00,15.430000305175781,15.430000305175781,15.420000076293945,15.430000305175781,0
2026-09-18 12:03:00+00:00,15.4399995803833,15.4399995803833,15.4399995803833,15.4399995803833,0
2026-09-18 12:04:00+00:00,15.4399995803833,15.4399995803833,15.430000305175781,15.430000305175781,0
2026-09-18 12:05:00+00:00,15.380000114440918,15.420000076293945,15.369999885559082,15.420000076293945,0
2026-09-18 12:06:00+00:00,15.430000305175781,15.430000305175781,15.430000305175781,15.430000305175781,0
2026-09-18 12:07:00+00:00,15.430000305175781,15.4399995803833,15.430000305175781,15.4399995803833,0
2026-09-18 12:08:00+00:00,15.4399995803833,15.449999809265137,15.4399995803833,15.449999809265137,0
2026-09-18 12:09:00+00:00,15.4399995803833,15.449999809265137,15.4399995803833,15.449999809265137,0
2026-09-18 12:10:00+00:00,15.470000267028809,15.470000267028809,15.470000267028809,15.470000267028809,0
2026-09-18 12:11:00+00:00,15.470000267028809,15.479999542236328,15.470000267028809,15.479999542236328,0
2026-09-18 12:12:00+00:00,15.489999771118164,15.5,15.489999771118164,15.5,0
2026-09-18 12:13:00+00:00,15.5,15.510000228881836,15.5,15.510000228881836,0
2026-09-18 12:14:00+00:00,15.510000228881836,15.529999732971191,15.510000228881836,15.529999732971191,0
2026-09-18 12:15:00+00:00,15.529999732971191,15.529999732971191,15.529999732971191,15.529999732971191,0
2026-09-18 12:16:00+00:00,15.529999732971191,15.529999732971191,15.529999732971191,15.529999732971191,0
2026-09-18 12:17:00+00:00,15.529999732971191,15.539999961853027,15.529999732971191,15.539999961853027,0
2026-09-18 12:18:00+00:00,15.529999732971191,15.550000190734863,15.520000457763672,15.520000457763672,0
2026-09-18 12:19:00+00:00,15.529999732971191,15.550000190734863,15.529999732971191,15.550000190734863,0
2026-09-18 12:20:00+00:00,15.550000190734863,15.579999923706055,15.550000190734863,15.579999923706055,0
2026-09-18 12:21:00+00:00,15.59000015258789,15.59000015258789,15.579999923706055,15.579999923706055,0
2026-09-18 12:22:00+00:00,15.579999923706055,15.579999923706055,15.539999961853027,15.539999961853027,0
2026-09-18 12:23:00+00:00,15.550000190734863,15.59000015258789,15.550000190734863,15.59000015258789,0
2026-09-18 12:24:00+00:00,15.600000381469727,15.609999656677246,15.600000381469727,15.609999656677246,0
2026-09-18 12:25:00+00:00,15.609999656677246,15.609999656677246,15.600000381469727,15.600000381469727,0
2026-09-18 12:26:00+00:00,15.600000381469727,15.600000381469727,15.579999923706055,15.579999923706055,0
2026-09-18 12:27:00+00:00,15.59000015258789,15.59000015258789,15.59000015258789,15.59000015258789,0
2026-09-18 12:28:00+00:00,15.59000015258789,15.59000015258789,15.569999694824219,15.569999694824219,0
2026-09-18 12:29:00+00:00,15.569999694824219,15.579999923706055,15.569999694824219,15.569999694824219,0
2026-09-18 12:30:00+00:00,15.579999923706055,15.579999923706055,15.569999694824219,15.569999694824219,0
2026-09-18 12:31:00+00:00,15.569999694824219,15.579999923706055,15.569999694824219,15.579999923706055,0
2026-09-18 12:32:00+00:00,15.59000015258789,15.59000015258789,15.579999923706055,15.579999923706055,0
2026-09-18 12:33:00+00:00,15.5600004196167,15.5600004196167,15.539999961853027,15.539999961853027,0
2026-09-18 12:34:00+00:00,15.520000457763672,15.529999732971191,15.520000457763672,15.529999732971191,0
2026-09-18 12:35:00+00:00,15.520000457763672,15.520000457763672,15.510000228881836,15.510000228881836,0
2026-09-18 12:36:00+00:00,15.510000228881836,15.510000228881836,15.510000228881836,15.510000228881836,0
2026-09-18 12:37:00+00:00,15.510000228881836,15.539999961853027,15.510000228881836,15.539999961853027,0
2026-09-18 12:38:00+00:00,15.550000190734863,15.550000190734863,15.520000457763672,15.520000457763672,0
2026-09-18 12:39:00+00:00,15.520000457763672,15.520000457763672,15.520000457763672,15.520000457763672,0
2026-09-18 12:40:00+00:00,15.520000457763672,15.520000457763672,15.520000457763672,15.520000457763672,0
2026-09-18 12:41:00+00:00,15.520000457763672,15.520000457763672,15.520000457763672,15.520000457763672,0
2026-09-18 12:42:00+00:00,15.510000228881836,15.520000457763672,15.510000228881836,15.510000228881836,0
2026-09-18 12:43:00+00:00,15.5,15.5,15.5,15.5,0
2026-09-18 12:44:00+00:00,15.5,15.510000228881836,15.5,15.510000228881836,0
2026-09-18 12:45:00+00:00,15.510000228881836,15.510000228881836,15.5,15.5,0
2026-09-18 12:46:00+00:00,15.5,15.510000228881836,15.5,15.5,0
2026-09-18 12:47:00+00:00,15.5,15.510000228881836,15.5,15.510000228881836,0
2026-09-18 12:48:00+00:00,15.5,15.510000228881836,15.5,15.510000228881836,0
2026-09-18 12:49:00+00:00,15.510000228881836,15.510000228881836,15.510000228881836,15.510000228881836,0
2026-09-18 12:50:00+00:00,15.520000457763672,15.520000457763672,15.520000457763672,15.520000457763672,0
2026-09-18 12:51:00+00:00,15.520000457763672,15.520000457763672,15.5,15.5,0
2026-09-18 12:52:00+00:00,15.5,15.510000228881836,15.5,15.510000228881836,0
2026-09-18 12:53:00+00:00,15.510000228881836,15.510000228881836,15.510000228881836,15.510000228881836,0
2026-09-18 12:54:00+00:00,15.510000228881836,15.510000228881836,15.510000228881836,15.510000228881836,0
2026-09-18 12:55:00+00:00,15.510000228881836,15.510000228881836,15.510000228881836,15.510000228881836,0
2026-09-18 12:56:00+00:00,15.510000228881836,15.510000228881836,15.510000228881836,15.510000228881836,0
2026-09-18 12:57:00+00:00,15.510000228881836,15.520000457763672,15.510000228881836,15.520000457763672,0
2026-09-18 12:58:00+00:00,15.520000457763672,15.539999961853027,15.520000457763672,15.539999961853027,0
2026-09-18 12:59:00+00:00,15.529999732971191,15.529999732971191,15.529999732971191,15.529999732971191,0
2026-09-18 13:00:00+00:00,15.520000457763672,15.520000457763672,15.510000228881836,15.510000228881836,0
2026-09-18 13:01:00+00:00,15.5,15.5,15.489999771118164,15.489999771118164,0
2026-09-18 13:02:00+00:00,15.5,15.510000228881836,15.5,15.510000228881836,0
2026-09-18 13:03:00+00:00,15.510000228881836,15.510000228881836,15.510000228881836,15.510000228881836,0
2026-09-18 13:04:00+00:00,15.5,15.5,15.5,15.5,0
2026-09-18 13:05:00+00:00,15.5,15.5,15.479999542236328,15.479999542236328,0
2026-09-18 13:06:00+00:00,15.479999542236328,15.479999542236328,15.460000038146973,15.460000038146973,0
2026-09-18 13:07:00+00:00,15.460000038146973,15.470000267028809,15.460000038146973,15.470000267028809,0
2026-09-18 13:08:00+00:00,15.470000267028809,15.470000267028809,15.4399995803833,15.449999809265137,0
2026-09-18 13:09:00+00:00,15.4399995803833,15.4399995803833,15.430000305175781,15.430000305175781,0
2026-09-18 13:10:00+00:00,15.430000305175781,15.430000305175781,15.420000076293945,15.420000076293945,0
2026-09-18 13:11:00+00:00,15.420000076293945,15.420000076293945,15.40999984741211,15.40999984741211,0
2026-09-18 13:12:00+00:00,15.40999984741211,15.420000076293945,15.40999984741211,15.40999984741211,0
2026-09-18 13:13:00+00:00,15.40999984741211,15.40999984741211,15.399999618530273,15.399999618530273,0
2026-09-18 13:14:00+00:00,15.399999618530273,15.40999984741211,15.399999618530273,15.40999984741211,0
2026-09-18 13:15:00+00:00,15.399999618530273,15.399999618530273,15.390000343322754,15.390000343322754,0
2026-09-18 13:16:00+00:00,15.390000343322754,15.390000343322754,15.369999885559082,15.369999885559082,0
2026-09-18 13:17:00+00:00,15.369999885559082,15.369999885559082,15.369999885559082,15.369999885559082,0
2026-09-18 13:18:00+00:00,15.369999885559082,15.369999885559082,15.369999885559082,15.369999885559082,0
2026-09-18 13:19:00+00:00,15.380000114440918,15.380000114440918,15.380000114440918,15.380000114440918,0
2026-09-18 13:20:00+00:00,15.380000114440918,15.380000114440918,15.369999885559082,15.369999885559082,0
2026-09-18 13:21:00+00:00,15.380000114440918,15.380000114440918,15.380000114440918,15.380000114440918,0
2026-09-18 13:22:00+00:00,15.380000114440918,15.380000114440918,15.369999885559082,15.369999885559082,0
2026-09-18 13:23:00+00:00,15.380000114440918,15.399999618530273,15.380000114440918,15.399999618530273,0
2026-09-18 13:24:00+00:00,15.399999618530273,15.40999984741211,15.399999618530273,15.40999984741211,0
2026-09-18 13:25:00+00:00,15.430000305175781,15.430000305175781,15.430000305175781,15.430000305175781,0
2026-09-18 13:31:00+00:00,15.260000228881836,15.260000228881836,15.220000267028809,15.220000267028809,0
2026-09-18 13:32:00+00:00,15.199999809265137,15.210000038146973,15.1899995803833,15.1899995803833,0
2026-09-18 13:33:00+00:00,15.210000038146973,15.25,15.210000038146973,15.25,0
2026-09-18 13:34:00+00:00,15.260000228881836,15.270000457763672,15.260000228881836,15.260000228881836,0
2026-09-18 13:35:00+00:00,15.260000228881836,15.329999923706055,15.260000228881836,15.319999694824219,0
2026-09-18 13:36:00+00:00,15.319999694824219,15.329999923706055,15.3100004196167,15.3100004196167,0
2026-09-18 13:37:00+00:00,15.3100004196167,15.3100004196167,15.300000190734863,15.300000190734863,0
2026-09-18 13:38:00+00:00,15.279999732971191,15.279999732971191,15.260000228881836,15.260000228881836,0
2026-09-18 13:39:00+00:00,15.279999732971191,15.279999732971191,15.260000228881836,15.260000228881836,0
2026-09-18 13:40:00+00:00,15.279999732971191,15.279999732971191,15.239999771118164,15.239999771118164,0
2026-09-18 13:41:00+00:00,15.260000228881836,15.260000228881836,15.239999771118164,15.239999771118164,0
2026-09-18 13:42:00+00:00,15.229999542236328,15.239999771118164,15.220000267028809,15.220000267028809,0
2026-09-18 13:43:00+00:00,15.229999542236328,15.229999542236328,15.210000038146973,15.210000038146973,0
2026-09-18 13:44:00+00:00,15.239999771118164,15.260000228881836,15.229999542236328,15.260000228881836,0
2026-09-18 13:45:00+00:00,15.25,15.25,15.229999542236328,15.229999542236328,0
2026-09-18 13:46:00+00:00,15.220000267028809,15.220000267028809,15.199999809265137,15.199999809265137,0
2026-09-18 13:47:00+00:00,15.1899995803833,15.220000267028809,15.1899995803833,15.220000267028809,0
2026-09-18 13:48:00+00:00,15.229999542236328,15.229999542236328,15.229999542236328,15.229999542236328,0
2026-09-18 13:49:00+00:00,15.25,15.260000228881836,15.25,15.260000228881836,0
2026-09-18 13:50:00+00:00,15.270000457763672,15.3100004196167,15.270000457763672,15.3100004196167,0
2026-09-18 13:51:00+00:00,15.319999694824219,15.34000015258789,15.319999694824219,15.34000015258789,0
2026-09-18 13:52:00+00:00,15.329999923706055,15.329999923706055,15.300000190734863,15.300000190734863,0
2026-09-18 13:53:00+00:00,15.279999732971191,15.3100004196167,15.279999732971191,15.3100004196167,0
2026-09-18 13:54:00+00:00,15.3100004196167,15.359999656677246,15.3100004196167,15.359999656677246,0
2026-09-18 13:55:00+00:00,15.359999656677246,15.399999618530273,15.359999656677246,15.369999885559082,0
2026-09-18 13:56:00+00:00,15.359999656677246,15.359999656677246,15.350000381469727,15.350000381469727,0
2026-09-18 13:57:00+00:00,15.350000381469727,15.369999885559082,15.350000381469727,15.359999656677246,0
2026-09-18 13:58:00+00:00,15.350000381469727,15.350000381469727,15.319999694824219,15.34000015258789,0
2026-09-18 13:59:00+00:00,15.34000015258789,15.380000114440918,15.34000015258789,15.380000114440918,0
2026-09-18 14:00:00+00:00,15.369999885559082,15.380000114440918,15.359999656677246,15.369999885559082,0
2026-09-18 14:01:00+00:00,15.359999656677246,15.399999618530273,15.34000015258789,15.399999618530273,0
2026-09-18 14:02:00+00:00,15.420000076293945,15.479999542236328,15.420000076293945,15.479999542236328,0
2026-09-18 14:03:00+00:00,15.5,15.510000228881836,15.489999771118164,15.510000228881836,0
2026-09-18 14:04:00+00:00,15.510000228881836,15.510000228881836,15.479999542236328,15.510000228881836,0
2026-09-18 14:05:00+00:00,15.5,15.539999961853027,15.5,15.520000457763672,0
2026-09-18 14:06:00+00:00,15.510000228881836,15.510000228881836,15.470000267028809,15.489999771118164,0
2026-09-18 14:07:00+00:00,15.479999542236328,15.5,15.479999542236328,15.5,0
2026-09-18 14:08:00+00:00,15.510000228881836,15.510000228881836,15.479999542236328,15.479999542236328,0
2026-09-18 14:09:00+00:00,15.5,15.5,15.470000267028809,15.470000267028809,0
2026-09-18 14:10:00+00:00,15.460000038146973,15.460000038146973,15.399999618530273,15.399999618530273,0
2026-09-18 14:11:00+00:00,15.399999618530273,15.399999618530273,15.390000343322754,15.390000343322754,0
2026-09-18 14:12:00+00:00,15.390000343322754,15.420000076293945,15.390000343322754,15.420000076293945,0
2026-09-18 14:13:00+00:00,15.420000076293945,15.470000267028809,15.420000076293945,15.449999809265137,0
2026-09-18 14:14:00+00:00,15.4399995803833,15.470000267028809,15.4399995803833,15.470000267028809,0
2026-09-18 14:15:00+00:00,15.489999771118164,15.5,15.489999771118164,15.5,0
2026-09-18 14:16:00+00:00,15.510000228881836,15.569999694824219,15.510000228881836,15.569999694824219,0
2026-09-18 14:17:00+00:00,15.5600004196167,15.569999694824219,15.539999961853027,15.550000190734863,0
2026-09-18 14:18:00+00:00,15.550000190734863,15.550000190734863,15.529999732971191,15.529999732971191,0
2026-09-18 14:19:00+00:00,15.510000228881836,15.510000228881836,15.510000228881836,15.510000228881836,0
2026-09-18 14:20:00+00:00,15.489999771118164,15.520000457763672,15.489999771118164,15.520000457763672,0
2026-09-18 14:21:00+00:00,15.520000457763672,15.520000457763672,15.510000228881836,15.520000457763672,0
2026-09-18 14:22:00+00:00,15.510000228881836,15.510000228881836,15.489999771118164,15.489999771118164,0
2026-09-18 14:23:00+00:00,15.470000267028809,15.5,15.470000267028809,15.5,0
2026-09-18 14:24:00+00:00,15.479999542236328,15.5,15.479999542236328,15.5,0
2026-09-18 14:25:00+00:00,15.510000228881836,15.520000457763672,15.510000228881836,15.520000457763672,0
2026-09-18 14:26:00+00:00,15.520000457763672,15.520000457763672,15.489999771118164,15.489999771118164,0
2026-09-18 14:27:00+00:00,15.5,15.5,15.479999542236328,15.479999542236328,0
2026-09-18 14:28:00+00:00,15.460000038146973,15.460000038146973,15.430000305175781,15.430000305175781,0
2026-09-18 14:29:00+00:00,15.4399995803833,15.449999809265137,15.4399995803833,15.4399995803833,0
2026-09-18 14:30:00+00:00,15.449999809265137,15.449999809265137,15.4399995803833,15.4399995803833,0
2026-09-18 14:31:00+00:00,15.4399995803833,15.449999809265137,15.430000305175781,15.449999809265137,0
2026-09-18 14:32:00+00:00,15.449999809265137,15.449999809265137,15.430000305175781,15.430000305175781,0
2026-09-18 14:33:00+00:00,15.40999984741211,15.420000076293945,15.40999984741211,15.420000076293945,0
2026-09-18 14:34:00+00:00,15.420000076293945,15.4399995803833,15.420000076293945,15.430000305175781,0
2026-09-18 14:35:00+00:00,15.420000076293945,15.420000076293945,15.40999984741211,15.40999984741211,0
2026-09-18 14:36:00+00:00,15.40999984741211,15.4399995803833,15.40999984741211,15.4399995803833,0
2026-09-18 14:37:00+00:00,15.430000305175781,15.430000305175781,15.399999618530273,15.399999618530273,0
2026-09-18 14:38:00+00:00,15.399999618530273,15.399999618530273,15.399999618530273,15.399999618530273,0
2026-09-18 14:39:00+00:00,15.390000343322754,15.390000343322754,15.350000381469727,15.359999656677246,0
2026-09-18 14:40:00+00:00,15.369999885559082,15.390000343322754,15.369999885559082,15.390000343322754,0
2026-09-18 14:41:00+00:00,15.380000114440918,15.399999618530273,15.380000114440918,15.390000343322754,0
2026-09-18 14:42:00+00:00,15.390000343322754,15.4399995803833,15.390000343322754,15.4399995803833,0
2026-09-18 14:43:00+00:00,15.449999809265137,15.479999542236328,15.449999809265137,15.479999542236328,0
2026-09-18 14:44:00+00:00,15.479999542236328,15.479999542236328,15.470000267028809,15.470000267028809,0
2026-09-18 14:45:00+00:00,15.470000267028809,15.489999771118164,15.470000267028809,15.479999542236328,0
2026-09-18 14:46:00+00:00,15.479999542236328,15.479999542236328,15.430000305175781,15.430000305175781,0
2026-09-18 14:47:00+00:00,15.4399995803833,15.4399995803833,15.399999618530273,15.40999984741211,0
2026-09-18 14:48:00+00:00,15.420000076293945,15.420000076293945,15.40999984741211,15.40999984741211,0
2026-09-18 14:49:00+00:00,15.399999618530273,15.399999618530273,15.329999923706055,15.329999923706055,0
2026-09-18 14:50:00+00:00,15.329999923706055,15.34000015258789,15.329999923706055,15.329999923706055,0
2026-09-18 14:51:00+00:00,15.3100004196167,15.319999694824219,15.289999961853027,15.289999961853027,0
2026-09-18 14:52:00+00:00,15.289999961853027,15.289999961853027,15.279999732971191,15.279999732971191,0
2026-09-18 14:53:00+00:00,15.270000457763672,15.279999732971191,15.270000457763672,15.279999732971191,0
2026-09-18 14:54:00+00:00,15.279999732971191,15.300000190734863,15.279999732971191,15.300000190734863,0
2026-09-18 14:55:00+00:00,15.289999961853027,15.300000190734863,15.289999961853027,15.300000190734863,0
2026-09-18 14:56:00+00:00,15.319999694824219,15.319999694824219,15.3100004196167,15.3100004196167,0
2026-09-18 14:57:00+00:00,15.319999694824219,15.319999694824219,15.3100004196167,15.3100004196167,0
2026-09-18 14:58:00+00:00,15.3100004196167,15.319999694824219,15.3100004196167,15.319999694824219,0
2026-09-18 14:59:00+00:00,15.3100004196167,15.3100004196167,15.289999961853027,15.289999961853027,0
2026-09-18 15:00:00+00:00,15.289999961853027,15.289999961853027,15.279999732971191,15.289999961853027,0
2026-09-18 15:01:00+00:00,15.300000190734863,15.3100004196167,15.300000190734863,15.3100004196167,0
2026-09-18 15:02:00+00:00,15.3100004196167,15.350000381469727,15.3100004196167,15.350000381469727,0
2026-09-18 15:03:00+00:00,15.34000015258789,15.34000015258789,15.34000015258789,15.34000015258789,0
2026-09-18 15:04:00+00:00,15.319999694824219,15.329999923706055,15.319999694824219,15.319999694824219,0
2026-09-18 15:05:00+00:00,15.319999694824219,15.319999694824219,15.3100004196167,15.3100004196167,0
2026-09-18 15:06:00+00:00,15.300000190734863,15.3100004196167,15.289999961853027,15.289999961853027,0
2026-09-18 15:07:00+00:00,15.289999961853027,15.289999961853027,15.289999961853027,15.289999961853027,0
2026-09-18 15:08:00+00:00,15.279999732971191,15.3100004196167,15.279999732971191,15.289999961853027,0
2026-09-18 15:09:00+00:00,15.289999961853027,15.319999694824219,15.289999961853027,15.319999694824219,0
2026-09-18 15:10:00+00:00,15.34000015258789,15.34000015258789,15.329999923706055,15.329999923706055,0
2026-09-18 15:11:00+00:00,15.329999923706055,15.369999885559082,15.329999923706055,15.369999885559082,0
2026-09-18 15:12:00+00:00,15.369999885559082,15.390000343322754,15.369999885559082,15.380000114440918,0
2026-09-18 15:13:00+00:00,15.380000114440918,15.390000343322754,15.369999885559082,15.369999885559082,0
2026-09-18 15:14:00+00:00,15.359999656677246,15.369999885559082,15.359999656677246,15.369999885559082,0
2026-09-18 15:15:00+00:00,15.369999885559082,15.369999885559082,15.369999885559082,15.369999885559082,0
2026-09-18 15:16:00+00:00,15.359999656677246,15.359999656677246,15.350000381469727,15.350000381469727,0
2026-09-18 15:17:00+00:00,15.350000381469727,15.350000381469727,15.289999961853027,15.300000190734863,0
2026-09-18 15:18:00+00:00,15.300000190734863,15.300000190734863,15.279999732971191,15.289999961853027,0
2026-09-18 15:19:00+00:00,15.289999961853027,15.289999961853027,15.25,15.25,0
2026-09-18 15:20:00+00:00,15.25,15.260000228881836,15.25,15.25,0
2026-09-18 15:21:00+00:00,15.25,15.260000228881836,15.25,15.260000228881836,0
2026-09-18 15:22:00+00:00,15.260000228881836,15.260000228881836,15.25,15.25,0
2026-09-18 15:23:00+00:00,15.260000228881836,15.260000228881836,15.239999771118164,15.239999771118164,0
2026-09-18 15:24:00+00:00,15.239999771118164,15.25,15.239999771118164,15.239999771118164,0
2026-09-18 15:25:00+00:00,15.239999771118164,15.239999771118164,15.229999542236328,15.229999542236328,0
2026-09-18 15:26:00+00:00,15.229999542236328,15.229999542236328,15.210000038146973,15.210000038146973,0
2026-09-18 15:27:00+00:00,15.220000267028809,15.220000267028809,15.220000267028809,15.220000267028809,0
2026-09-18 15:28:00+00:00,15.220000267028809,15.220000267028809,15.210000038146973,15.210000038146973,0
2026-09-18 15:29:00+00:00,15.210000038146973,15.220000267028809,15.199999809265137,15.199999809265137,0
2026-09-18 15:30:00+00:00,15.210000038146973,15.210000038146973,15.210000038146973,15.210000038146973,0
2026-09-18 15:31:00+00:00,15.260000228881836,15.260000228881836,15.239999771118164,15.25,0
2026-09-18 15:32:00+00:00,15.25,15.260000228881836,15.25,15.25,0
2026-09-18 15:33:00+00:00,15.25,15.25,15.239999771118164,15.239999771118164,0
2026-09-18 15:34:00+00:00,15.239999771118164,15.25,15.239999771118164,15.25,0
2026-09-18 15:35:00+00:00,15.239999771118164,15.239999771118164,15.229999542236328,15.229999542236328,0
2026-09-18 15:36:00+00:00,15.229999542236328,15.229999542236328,15.229999542236328,15.229999542236328,0
2026-09-18 15:37:00+00:00,15.229999542236328,15.239999771118164,15.229999542236328,15.239999771118164,0
2026-09-18 15:38:00+00:00,15.270000457763672,15.300000190734863,15.270000457763672,15.289999961853027,0
2026-09-18 15:39:00+00:00,15.300000190734863,15.319999694824219,15.300000190734863,15.319999694824219,0
2026-09-18 15:40:00+00:00,15.3100004196167,15.329999923706055,15.3100004196167,15.329999923706055,0
2026-09-18 15:41:00+00:00,15.329999923706055,15.329999923706055,15.319999694824219,15.329999923706055,0
2026-09-18 15:42:00+00:00,15.329999923706055,15.34000015258789,15.329999923706055,15.329999923706055,0
2026-09-18 15:43:00+00:00,15.319999694824219,15.319999694824219,15.3100004196167,15.319999694824219,0
2026-09-18 15:44:00+00:00,15.329999923706055,15.350000381469727,15.329999923706055,15.34000015258789,0
2026-09-18 15:45:00+00:00,15.34000015258789,15.359999656677246,15.34000015258789,15.359999656677246,0
2026-09-18 15:46:00+00:00,15.369999885559082,15.369999885559082,15.350000381469727,15.359999656677246,0
2026-09-18 15:47:00+00:00,15.369999885559082,15.380000114440918,15.369999885559082,15.380000114440918,0
2026-09-18 15:48:00+00:00,15.380000114440918,15.390000343322754,15.380000114440918,15.390000343322754,0
2026-09-18 15:49:00+00:00,15.380000114440918,15.390000343322754,15.380000114440918,15.390000343322754,0
2026-09-18 15:50:00+00:00,15.390000343322754,15.390000343322754,15.369999885559082,15.369999885559082,0
2026-09-18 15:51:00+00:00,15.369999885559082,15.380000114440918,15.369999885559082,15.380000114440918,0
2026-09-18 15:52:00+00:00,15.380000114440918,15.399999618530273,15.380000114440918,15.390000343322754,0
2026-09-18 15:53:00+00:00,15.380000114440918,15.390000343322754,15.380000114440918,15.390000343322754,0
2026-09-18 15:54:00+00:00,15.40999984741211,15.420000076293945,15.399999618530273,15.420000076293945,0
2026-09-18 15:55:00+00:00,15.420000076293945,15.420000076293945,15.40999984741211,15.40999984741211,0
2026-09-18 15:56:00+00:00,15.420000076293945,15.420000076293945,15.399999618530273,15.399999618530273,0
2026-09-18 15:57:00+00:00,15.399999618530273,15.399999618530273,15.390000343322754,15.399999618530273,0
2026-09-18 15:58:00+00:00,15.40999984741211,15.420000076293945,15.40999984741211,15.420000076293945,0
2026-09-18 15:59:00+00:00,15.430000305175781,15.4399995803833,15.430000305175781,15.430000305175781,0
2026-09-18 16:00:00+00:00,15.420000076293945,15.470000267028809,15.420000076293945,15.470000267028809,0
2026-09-18 16:01:00+00:00,15.460000038146973,15.470000267028809,15.460000038146973,15.470000267028809,0
2026-09-18 16:02:00+00:00,15.470000267028809,15.470000267028809,15.449999809265137,15.449999809265137,0
2026-09-18 16:03:00+00:00,15.449999809265137,15.460000038146973,15.449999809265137,15.449999809265137,0
2026-09-18 16:04:00+00:00,15.449999809265137,15.460000038146973,15.449999809265137,15.449999809265137,0
2026-09-18 16:05:00+00:00,15.449999809265137,15.449999809265137,15.4399995803833,15.449999809265137,0
2026-09-18 16:06:00+00:00,15.4399995803833,15.4399995803833,15.420000076293945,15.420000076293945,0
2026-09-18 16:07:00+00:00,15.40999984741211,15.40999984741211,15.399999618530273,15.399999618530273,0
2026-09-18 16:08:00+00:00,15.380000114440918,15.390000343322754,15.380000114440918,15.390000343322754,0
2026-09-18 16:09:00+00:00,15.399999618530273,15.399999618530273,15.390000343322754,15.390000343322754,0
2026-09-18 16:10:00+00:00,15.390000343322754,15.390000343322754,15.390000343322754,15.390000343322754,0
2026-09-18 16:11:00+00:00,15.390000343322754,15.390000343322754,15.380000114440918,15.390000343322754,0
2026-09-18 16:12:00+00:00,15.390000343322754,15.390000343322754,15.380000114440918,15.380000114440918,0
2026-09-18 16:13:00+00:00,15.380000114440918,15.390000343322754,15.380000114440918,15.390000343322754,0
2026-09-18 16:14:00+00:00,15.390000343322754,15.390000343322754,15.380000114440918,15.380000114440918,0
2026-09-18 16:15:00+00:00,15.390000343322754,15.399999618530273,15.390000343322754,15.399999618530273,0
2026-09-18 16:16:00+00:00,15.40999984741211,15.430000305175781,15.40999984741211,15.40999984741211,0
2026-09-18 16:17:00+00:00,15.420000076293945,15.420000076293945,15.40999984741211,15.40999984741211,0
2026-09-18 16:18:00+00:00,15.399999618530273,15.399999618530273,15.380000114440918,15.390000343322754,0
2026-09-18 16:19:00+00:00,15.390000343322754,15.390000343322754,15.390000343322754,15.390000343322754,0
2026-09-18 16:20:00+00:00,15.390000343322754,15.40999984741211,15.390000343322754,15.40999984741211,0
2026-09-18 16:21:00+00:00,15.40999984741211,15.40999984741211,15.390000343322754,15.399999618530273,0
2026-09-18 16:22:00+00:00,15.399999618530273,15.40999984741211,15.399999618530273,15.40999984741211,0
2026-09-18 16:23:00+00:00,15.399999618530273,15.479999542236328,15.399999618530273,15.479999542236328,0
2026-09-18 16:24:00+00:00,15.510000228881836,15.539999961853027,15.510000228881836,15.539999961853027,0
2026-09-18 16:25:00+00:00,15.539999961853027,15.630000114440918,15.539999961853027,15.630000114440918,0
2026-09-18 16:26:00+00:00,15.609999656677246,15.609999656677246,15.59000015258789,15.59000015258789,0
2026-09-18 16:27:00+00:00,15.59000015258789,15.59000015258789,15.569999694824219,15.569999694824219,0
2026-09-18 16:28:00+00:00,15.5600004196167,15.5600004196167,15.520000457763672,15.520000457763672,0
2026-09-18 16:29:00+00:00,15.520000457763672,15.529999732971191,15.470000267028809,15.470000267028809,0
2026-09-18 16:30:00+00:00,15.470000267028809,15.510000228881836,15.470000267028809,15.479999542236328,0
2026-09-18 16:31:00+00:00,15.460000038146973,15.479999542236328,15.460000038146973,15.479999542236328,0
2026-09-18 16:32:00+00:00,15.479999542236328,15.479999542236328,15.479999542236328,15.479999542236328,0
2026-09-18 16:33:00+00:00,15.470000267028809,15.470000267028809,15.430000305175781,15.430000305175781,0
2026-09-18 16:34:00+00:00,15.430000305175781,15.430000305175781,15.399999618530273,15.399999618530273,0
2026-09-18 16:35:00+00:00,15.420000076293945,15.420000076293945,15.420000076293945,15.420000076293945,0
2026-09-18 16:36:00+00:00,15.40999984741211,15.420000076293945,15.40999984741211,15.420000076293945,0
2026-09-18 16:37:00+00:00,15.430000305175781,15.430000305175781,15.420000076293945,15.430000305175781,0
2026-09-18 16:38:00+00:00,15.430000305175781,15.449999809265137,15.430000305175781,15.449999809265137,0
2026-09-18 16:39:00+00:00,15.449999809265137,15.449999809265137,15.4399995803833,15.4399995803833,0
2026-09-18 16:40:00+00:00,15.4399995803833,15.449999809265137,15.4399995803833,15.449999809265137,0
2026-09-18 16:41:00+00:00,15.449999809265137,15.449999809265137,15.449999809265137,15.449999809265137,0
2026-09-18 16:42:00+00:00,15.449999809265137,15.460000038146973,15.4399995803833,15.4399995803833,0
2026-09-18 16:43:00+00:00,15.420000076293945,15.430000305175781,15.420000076293945,15.430000305175781,0
2026-09-18 16:44:00+00:00,15.430000305175781,15.430000305175781,15.40999984741211,15.40999984741211,0
2026-09-18 16:45:00+00:00,15.420000076293945,15.430000305175781,15.420000076293945,15.430000305175781,0
2026-09-18 16:46:00+00:00,15.430000305175781,15.4399995803833,15.420000076293945,15.4399995803833,0
2026-09-18 16:47:00+00:00,15.4399995803833,15.460000038146973,15.4399995803833,15.460000038146973,0
2026-09-18 16:48:00+00:00,15.449999809265137,15.460000038146973,15.449999809265137,15.460000038146973,0
2026-09-18 16:49:00+00:00,15.479999542236328,15.479999542236328,15.460000038146973,15.460000038146973,0
2026-09-18 16:50:00+00:00,15.449999809265137,15.449999809265137,15.430000305175781,15.430000305175781,0
2026-09-18 16:51:00+00:00,15.430000305175781,15.4399995803833,15.430000305175781,15.430000305175781,0
2026-09-18 16:52:00+00:00,15.420000076293945,15.420000076293945,15.40999984741211,15.40999984741211,0
2026-09-18 16:53:00+00:00,15.399999618530273,15.399999618530273,15.390000343322754,15.390000343322754,0
2026-09-18 16:54:00+00:00,15.390000343322754,15.390000343322754,15.390000343322754,15.390000343322754,0
2026-09-18 16:55:00+00:00,15.399999618530273,15.399999618530273,15.399999618530273,15.399999618530273,0
2026-09-18 16:56:00+00:00,15.399999618530273,15.40999984741211,15.399999618530273,15.40999984741211,0
2026-09-18 16:57:00+00:00,15.40999984741211,15.40999984741211,15.399999618530273,15.399999618530273,0
2026-09-18 16:58:00+00:00,15.399999618530273,15.40999984741211,15.399999618530273,15.40999984741211,0
2026-09-18 16:59:00+00:00,15.40999984741211,15.40999984741211,15.40999984741211,15.40999984741211,0
2026-09-18 17:00:00+00:00,15.40999984741211,15.430000305175781,15.40999984741211,15.430000305175781,0
2026-09-18 17:01:00+00:00,15.430000305175781,15.430000305175781,15.399999618530273,15.399999618530273,0
2026-09-18 17:02:00+00:00,15.399999618530273,15.399999618530273,15.390000343322754,15.390000343322754,0
2026-09-18 17:03:00+00:00,15.390000343322754,15.390000343322754,15.380000114440918,15.380000114440918,0
2026-09-18 17:04:00+00:00,15.380000114440918,15.390000343322754,15.380000114440918,15.390000343322754,0
2026-09-18 17:05:00+00:00,15.390000343322754,15.390000343322754,15.369999885559082,15.369999885559082,0
2026-09-18 17:06:00+00:00,15.369999885559082,15.369999885559082,15.369999885559082,15.369999885559082,0
2026-09-18 17:07:00+00:00,15.369999885559082,15.369999885559082,15.369999885559082,15.369999885559082,0
2026-09-18 17:08:00+00:00,15.369999885559082,15.369999885559082,15.369999885559082,15.369999885559082,0
2026-09-18 17:09:00+00:00,15.380000114440918,15.380000114440918,15.380000114440918,15.380000114440918,0
2026-09-18 17:10:00+00:00,15.390000343322754,15.399999618530273,15.390000343322754,15.399999618530273,0
2026-09-18 17:11:00+00:00,15.399999618530273,15.430000305175781,15.399999618530273,15.430000305175781,0
2026-09-18 17:12:00+00:00,15.430000305175781,15.449999809265137,15.430000305175781,15.4399995803833,0
2026-09-18 17:13:00+00:00,15.4399995803833,15.4399995803833,15.420000076293945,15.420000076293945,0
2026-09-18 17:14:00+00:00,15.420000076293945,15.420000076293945,15.420000076293945,15.420000076293945,0
2026-09-18 17:15:00+00:00,15.420000076293945,15.420000076293945,15.40999984741211,15.40999984741211,0
2026-09-18 17:16:00+00:00,15.399999618530273,15.40999984741211,15.399999618530273,15.40999984741211,0
2026-09-18 17:17:00+00:00,15.40999984741211,15.40999984741211,15.399999618530273,15.399999618530273,0
2026-09-18 17:18:00+00:00,15.390000343322754,15.399999618530273,15.390000343322754,15.399999618530273,0
2026-09-18 17:19:00+00:00,15.40999984741211,15.40999984741211,15.40999984741211,15.40999984741211,0
2026-09-18 17:20:00+00:00,15.399999618530273,15.40999984741211,15.399999618530273,15.40999984741211,0
2026-09-18 17:21:00+00:00,15.420000076293945,15.420000076293945,15.40999984741211,15.40999984741211,0
2026-09-18 17:22:00+00:00,15.40999984741211,15.40999984741211,15.40999984741211,15.40999984741211,0
2026-09-18 17:23:00+00:00,15.399999618530273,15.399999618530273,15.390000343322754,15.399999618530273,0
2026-09-18 17:24:00+00:00,15.399999618530273,15.399999618530273,15.390000343322754,15.390000343322754,0
2026-09-18 17:25:00+00:00,15.390000343322754,15.390000343322754,15.380000114440918,15.380000114440918,0
2026-09-18 17:26:00+00:00,15.380000114440918,15.380000114440918,15.369999885559082,15.380000114440918,0
2026-09-18 17:27:00+00:00,15.380000114440918,15.380000114440918,15.380000114440918,15.380000114440918,0
2026-09-18 17:28:00+00:00,15.380000114440918,15.380000114440918,15.369999885559082,15.369999885559082,0
2026-09-18 17:29:00+00:00,15.380000114440918,15.390000343322754,15.380000114440918,15.380000114440918,0
2026-09-18 17:30:00+00:00,15.380000114440918,15.390000343322754,15.380000114440918,15.390000343322754,0
2026-09-18 17:31:00+00:00,15.380000114440918,15.380000114440918,15.380000114440918,15.380000114440918,0
2026-09-18 17:32:00+00:00,15.380000114440918,15.380000114440918,15.369999885559082,15.369999885559082,0
2026-09-18 17:33:00+00:00,15.369999885559082,15.380000114440918,15.369999885559082,15.380000114440918,0
2026-09-18 17:34:00+00:00,15.380000114440918,15.380000114440918,15.350000381469727,15.359999656677246,0
2026-09-18 17:35:00+00:00,15.350000381469727,15.350000381469727,15.329999923706055,15.329999923706055,0
2026-09-18 17:36:00+00:00,15.329999923706055,15.329999923706055,15.3100004196167,15.3100004196167,0
2026-09-18 17:37:00+00:00,15.3100004196167,15.3100004196167,15.300000190734863,15.300000190734863,0
2026-09-18 17:38:00+00:00,15.300000190734863,15.300000190734863,15.300000190734863,15.300000190734863,0
2026-09-18 17:39:00+00:00,15.289999961853027,15.289999961853027,15.279999732971191,15.279999732971191,0
2026-09-18 17:40:00+00:00,15.279999732971191,15.279999732971191,15.279999732971191,15.279999732971191,0
2026-09-18 17:41:00+00:00,15.279999732971191,15.289999961853027,15.279999732971191,15.289999961853027,0
2026-09-18 17:42:00+00:00,15.289999961853027,15.289999961853027,15.289999961853027,15.289999961853027,0
2026-09-18 17:43:00+00:00,15.289999961853027,15.289999961853027,15.279999732971191,15.279999732971191,0
2026-09-18 17:44:00+00:00,15.279999732971191,15.279999732971191,15.270000457763672,15.270000457763672,0
2026-09-18 17:45:00+00:00,15.270000457763672,15.270000457763672,15.260000228881836,15.270000457763672,0
2026-09-18 17:46:00+00:00,15.270000457763672,15.270000457763672,15.260000228881836,15.260000228881836,0
2026-09-18 17:47:00+00:00,15.260000228881836,15.260000228881836,15.260000228881836,15.260000228881836,0
2026-09-18 17:48:00+00:00,15.260000228881836,15.260000228881836,15.260000228881836,15.260000228881836,0
2026-09-18 17:49:00+00:00,15.270000457763672,15.270000457763672,15.270000457763672,15.270000457763672,0
2026-09-18 17:50:00+00:00,15.270000457763672,15.270000457763672,15.270000457763672,15.270000457763672,0
2026-09-18 17:51:00+00:00,15.260000228881836,15.260000228881836,15.260000228881836,15.260000228881836,0
2026-09-18 17:52:00+00:00,15.260000228881836,15.260000228881836,15.260000228881836,15.260000228881836,0
2026-09-18 17:53:00+00:00,15.25,15.25,15.25,15.25,0
2026-09-18 17:54:00+00:00,15.25,15.25,15.25,15.25,0
2026-09-18 17:55:00+00:00,15.25,15.25,15.25,15.25,0
2026-09-18 17:56:00+00:00,15.25,15.25,15.25,15.25,0
2026-09-18 17:57:00+00:00,15.25,15.25,15.239999771118164,15.239999771118164,0
2026-09-18 17:58:00+00:00,15.239999771118164,15.25,15.239999771118164,15.25,0
2026-09-18 17:59:00+00:00,15.239999771118164,15.239999771118164,15.239999771118164,15.239999771118164,0
2026-09-18 18:00:00+00:00,15.239999771118164,15.260000228881836,15.239999771118164,15.260000228881836,0
2026-09-18 18:01:00+00:00,15.260000228881836,15.260000228881836,15.239999771118164,15.239999771118164,0
2026-09-18 18:02:00+00:00,15.239999771118164,15.239999771118164,15.239999771118164,15.239999771118164,0
2026-09-18 18:03:00+00:00,15.239999771118164,15.25,15.239999771118164,15.239999771118164,0
2026-09-18 18:04:00+00:00,15.239999771118164,15.239999771118164,15.239999771118164,15.239999771118164,0
2026-09-18 18:05:00+00:00,15.239999771118164,15.25,15.239999771118164,15.25,0
2026-09-18 18:06:00+00:00,15.239999771118164,15.25,15.239999771118164,15.25,0
2026-09-18 18:07:00+00:00,15.25,15.25,15.239999771118164,15.239999771118164,0
2026-09-18 18:08:00+00:00,15.239999771118164,15.239999771118164,15.229999542236328,15.229999542236328,0
2026-09-18 18:09:00+00:00,15.239999771118164,15.239999771118164,15.239999771118164,15.239999771118164,0
2026-09-18 18:10:00+00:00,15.239999771118164,15.239999771118164,15.239999771118164,15.239999771118164,0
2026-09-18 18:11:00+00:00,15.229999542236328,15.260000228881836,15.229999542236328,15.260000228881836,0
2026-09-18 18:12:00+00:00,15.25,15.260000228881836,15.25,15.25,0
2026-09-18 18:13:00+00:00,15.25,15.25,15.239999771118164,15.239999771118164,0
2026-09-18 18:14:00+00:00,15.239999771118164,15.239999771118164,15.229999542236328,15.239999771118164,0
2026-09-18 18:15:00+00:00,15.239999771118164,15.239999771118164,15.229999542236328,15.229999542236328,0
2026-09-18 18:16:00+00:00,15.229999542236328,15.229999542236328,15.220000267028809,15.220000267028809,0
2026-09-18 18:17:00+00:00,15.210000038146973,15.210000038146973,15.210000038146973,15.210000038146973,0
2026-09-18 18:18:00+00:00,15.220000267028809,15.220000267028809,15.210000038146973,15.210000038146973,0
2026-09-18 18:19:00+00:00,15.199999809265137,15.199999809265137,15.1899995803833,15.1899995803833,0
2026-09-18 18:20:00+00:00,15.180000305175781,15.180000305175781,15.180000305175781,15.180000305175781,0
2026-09-18 18:21:00+00:00,15.170000076293945,15.170000076293945,15.149999618530273,15.15999984741211,0
2026-09-18 18:22:00+00:00,15.15999984741211,15.15999984741211,15.149999618530273,15.149999618530273,0
2026-09-18 18:23:00+00:00,15.130000114440918,15.15999984741211,15.130000114440918,15.15999984741211,0
2026-09-18 18:24:00+00:00,15.15999984741211,15.170000076293945,15.15999984741211,15.170000076293945,0
2026-09-18 18:25:00+00:00,15.170000076293945,15.170000076293945,15.15999984741211,15.15999984741211,0
2026-09-18 18:26:00+00:00,15.170000076293945,15.170000076293945,15.15999984741211,15.15999984741211,0
2026-09-18 18:27:00+00:00,15.15999984741211,15.15999984741211,15.149999618530273,15.149999618530273,0
2026-09-18 18:28:00+00:00,15.140000343322754,15.149999618530273,15.140000343322754,15.149999618530273,0
2026-09-18 18:29:00+00:00,15.149999618530273,15.149999618530273,15.130000114440918,15.130000114440918,0
2026-09-18 18:30:00+00:00,15.130000114440918,15.140000343322754,15.130000114440918,15.140000343322754,0
2026-09-18 18:31:00+00:00,15.140000343322754,15.140000343322754,15.140000343322754,15.140000343322754,0
2026-09-18 18:32:00+00:00,15.149999618530273,15.149999618530273,15.140000343322754,15.140000343322754,0
2026-09-18 18:33:00+00:00,15.140000343322754,15.140000343322754,15.119999885559082,15.119999885559082,0
2026-09-18 18:34:00+00:00,15.119999885559082,15.119999885559082,15.109999656677246,15.109999656677246,0
2026-09-18 18:35:00+00:00,15.100000381469727,15.100000381469727,15.100000381469727,15.100000381469727,0
2026-09-18 18:36:00+00:00,15.09000015258789,15.100000381469727,15.09000015258789,15.100000381469727,0
2026-09-18 18:37:00+00:00,15.100000381469727,15.109999656677246,15.100000381469727,15.109999656677246,0
2026-09-18 18:38:00+00:00,15.100000381469727,15.100000381469727,15.100000381469727,15.100000381469727,0
2026-09-18 18:39:00+00:00,15.100000381469727,15.100000381469727,15.079999923706055,15.079999923706055,0
2026-09-18 18:40:00+00:00,15.079999923706055,15.09000015258789,15.079999923706055,15.079999923706055,0
2026-09-18 18:41:00+00:00,15.069999694824219,15.079999923706055,15.069999694824219,15.069999694824219,0
2026-09-18 18:42:00+00:00,15.069999694824219,15.069999694824219,15.0600004196167,15.0600004196167,0
2026-09-18 18:43:00+00:00,15.050000190734863,15.050000190734863,15.039999961853027,15.039999961853027,0
2026-09-18 18:44:00+00:00,15.039999961853027,15.039999961853027,15.039999961853027,15.039999961853027,0
2026-09-18 18:45:00+00:00,15.029999732971191,15.029999732971191,15.0,15.0,0
2026-09-18 18:46:00+00:00,14.989999771118164,14.989999771118164,14.949999809265137,14.949999809265137,0
2026-09-18 18:47:00+00:00,14.9399995803833,14.949999809265137,14.930000305175781,14.930000305175781,0
2026-09-18 18:48:00+00:00,14.930000305175781,14.949999809265137,14.930000305175781,14.949999809265137,0
2026-09-18 18:49:00+00:00,14.960000038146973,14.970000267028809,14.960000038146973,14.970000267028809,0
2026-09-18 18:50:00+00:00,14.970000267028809,14.970000267028809,14.970000267028809,14.970000267028809,0
2026-09-18 18:51:00+00:00,14.979999542236328,14.979999542236328,14.970000267028809,14.970000267028809,0
2026-09-18 18:52:00+00:00,14.979999542236328,14.979999542236328,14.979999542236328,14.979999542236328,0
2026-09-18 18:53:00+00:00,14.970000267028809,14.970000267028809,14.9399995803833,14.9399995803833,0
2026-09-18 18:54:00+00:00,14.9399995803833,14.960000038146973,14.930000305175781,14.960000038146973,0
2026-09-18 18:55:00+00:00,14.960000038146973,14.979999542236328,14.960000038146973,14.979999542236328,0
2026-09-18 18:56:00+00:00,14.979999542236328,14.989999771118164,14.979999542236328,14.989999771118164,0
2026-09-18 18:57:00+00:00,14.989999771118164,14.989999771118164,14.979999542236328,14.979999542236328,0
2026-09-18 18:58:00+00:00,14.979999542236328,14.979999542236328,14.979999542236328,14.979999542236328,0
2026-09-18 18:59:00+00:00,14.979999542236328,14.989999771118164,14.979999542236328,14.989999771118164,0
2026-09-18 19:00:00+00:00,14.989999771118164,14.989999771118164,14.979999542236328,14.979999542236328,0
2026-09-18 19:01:00+00:00,14.979999542236328,14.979999542236328,14.979999542236328,14.979999542236328,0
2026-09-18 19:02:00+00:00,14.979999542236328,14.979999542236328,14.970000267028809,14.970000267028809,0
2026-09-18 19:03:00+00:00,14.970000267028809,14.970000267028809,14.949999809265137,14.949999809265137,0
2026-09-18 19:04:00+00:00,14.949999809265137,14.949999809265137,14.930000305175781,14.930000305175781,0
2026-09-18 19:05:00+00:00,14.920000076293945,14.930000305175781,14.920000076293945,14.930000305175781,0
2026-09-18 19:06:00+00:00,14.920000076293945,14.930000305175781,14.920000076293945,14.930000305175781,0
2026-09-18 19:07:00+00:00,14.9399995803833,14.949999809265137,14.9399995803833,14.949999809265137,0
2026-09-18 19:08:00+00:00,14.949999809265137,14.949999809265137,14.949999809265137,14.949999809265137,0
2026-09-18 19:09:00+00:00,14.949999809265137,14.949999809265137,14.949999809265137,14.949999809265137,0
2026-09-18 19:10:00+00:00,14.949999809265137,14.960000038146973,14.949999809265137,14.960000038146973,0
2026-09-18 19:11:00+00:00,14.970000267028809,14.970000267028809,14.970000267028809,14.970000267028809,0
2026-09-18 19:12:00+00:00,14.960000038146973,14.960000038146973,14.960000038146973,14.960000038146973,0
2026-09-18 19:13:00+00:00,14.960000038146973,14.970000267028809,14.960000038146973,14.970000267028809,0
2026-09-18 19:14:00+00:00,14.989999771118164,15.0,14.989999771118164,15.0,0
2026-09-18 19:15:00+00:00,14.989999771118164,15.0,14.989999771118164,14.989999771118164,0
2026-09-18 19:16:00+00:00,14.989999771118164,14.989999771118164,14.979999542236328,14.989999771118164,0
2026-09-18 19:17:00+00:00,14.979999542236328,14.989999771118164,14.979999542236328,14.979999542236328,0
2026-09-18 19:18:00+00:00,14.979999542236328,14.979999542236328,14.979999542236328,14.979999542236328,0
2026-09-18 19:19:00+00:00,14.979999542236328,15.0,14.979999542236328,14.989999771118164,0
2026-09-18 19:20:00+00:00,14.989999771118164,15.0,14.989999771118164,14.989999771118164,0
2026-09-18 19:21:00+00:00,14.989999771118164,14.989999771118164,14.979999542236328,14.979999542236328,0
2026-09-18 19:22:00+00:00,14.979999542236328,14.989999771118164,14.979999542236328,14.979999542236328,0
2026-09-18 19:23:00+00:00,14.989999771118164,14.989999771118164,14.979999542236328,14.979999542236328,0
2026-09-18 19:24:00+00:00,14.979999542236328,14.979999542236328,14.979999542236328,14.979999542236328,0
2026-09-18 19:25:00+00:00,14.979999542236328,14.989999771118164,14.979999542236328,14.989999771118164,0
2026-09-18 19:26:00+00:00,14.989999771118164,14.989999771118164,14.989999771118164,14.989999771118164,0
2026-09-18 19:27:00+00:00,14.979999542236328,14.979999542236328,14.979999542236328,14.979999542236328,0
2026-09-18 19:28:00+00:00,14.979999542236328,14.979999542236328,14.979999542236328,14.979999542236328,0
2026-09-18 19:29:00+00:00,14.979999542236328,15.010000228881836,14.979999542236328,15.010000228881836,0
2026-09-18 19:30:00+00:00,15.010000228881836,15.029999732971191,15.010000228881836,15.029999732971191,0
2026-09-18 19:31:00+00:00,15.020000457763672,15.020000457763672,15.020000457763672,15.020000457763672,0
2026-09-18 19:32:00+00:00,15.020000457763672,15.020000457763672,15.010000228881836,15.010000228881836,0
2026-09-18 19:33:00+00:00,15.010000228881836,15.020000457763672,15.010000228881836,15.020000457763672,0
2026-09-18 19:34:00+00:00,15.010000228881836,15.010000228881836,15.0,15.010000228881836,0
2026-09-18 19:35:00+00:00,15.010000228881836,15.010000228881836,15.010000228881836,15.010000228881836,0
2026-09-18 19:36:00+00:00,15.010000228881836,15.010000228881836,14.979999542236328,14.979999542236328,0
2026-09-18 19:37:00+00:00,14.979999542236328,14.979999542236328,14.960000038146973,14.960000038146973,0
2026-09-18 19:38:00+00:00,14.949999809265137,14.949999809265137,14.949999809265137,14.949999809265137,0
2026-09-18 19:39:00+00:00,14.9399995803833,14.9399995803833,14.930000305175781,14.930000305175781,0
2026-09-18 19:40:00+00:00,14.930000305175781,14.930000305175781,14.930000305175781,14.930000305175781,0
2026-09-18 19:41:00+00:00,14.930000305175781,14.930000305175781,14.930000305175781,14.930000305175781,0
2026-09-18 19:42:00+00:00,14.920000076293945,14.920000076293945,14.920000076293945,14.920000076293945,0
2026-09-18 19:43:00+00:00,14.920000076293945,14.920000076293945,14.899999618530273,14.899999618530273,0
2026-09-18 19:44:00+00:00,14.899999618530273,14.899999618530273,14.890000343322754,14.899999618530273,0
2026-09-18 19:45:00+00:00,14.890000343322754,14.899999618530273,14.890000343322754,14.899999618530273,0
2026-09-18 19:46:00+00:00,14.899999618530273,14.899999618530273,14.890000343322754,14.890000343322754,0
2026-09-18 19:47:00+00:00,14.890000343322754,14.890000343322754,14.880000114440918,14.880000114440918,0
2026-09-18 19:48:00+00:00,14.890000343322754,14.890000343322754,14.869999885559082,14.869999885559082,0
2026-09-18 19:49:00+00:00,14.869999885559082,14.869999885559082,14.859999656677246,14.859999656677246,0
2026-09-18 19:50:00+00:00,14.850000381469727,14.899999618530273,14.850000381469727,14.899999618530273,0
2026-09-18 19:51:00+00:00,14.899999618530273,14.899999618530273,14.859999656677246,14.859999656677246,0
2026-09-18 19:52:00+00:00,14.859999656677246,14.880000114440918,14.859999656677246,14.880000114440918,0
2026-09-18 19:53:00+00:00,14.880000114440918,14.880000114440918,14.880000114440918,14.880000114440918,0
2026-09-18 19:54:00+00:00,14.880000114440918,14.880000114440918,14.880000114440918,14.880000114440918,0
2026-09-18 19:55:00+00:00,14.859999656677246,14.859999656677246,14.8100004196167,14.84000015258789,0
2026-09-18 19:56:00+00:00,14.880000114440918,14.880000114440918,14.869999885559082,14.869999885559082,0
2026-09-18 19:57:00+00:00,14.869999885559082,14.869999885559082,14.850000381469727,14.850000381469727,0
2026-09-18 19:58:00+00:00,14.84000015258789,14.880000114440918,14.84000015258789,14.880000114440918,0
2026-09-18 19:59:00+00:00,14.880000114440918,14.890000343322754,14.869999885559082,14.890000343322754,0
2026-09-18 20:00:00+00:00,14.899999618530273,14.899999618530273,14.850000381469727,14.850000381469727,0
2026-09-18 20:01:00+00:00,14.829999923706055,14.829999923706055,14.819999694824219,14.819999694824219,0
2026-09-18 20:02:00+00:00,14.819999694824219,14.819999694824219,14.800000190734863,14.8100004196167,0
2026-09-18 20:03:00+00:00,14.8100004196167,14.819999694824219,14.800000190734863,14.800000190734863,0
2026-09-18 20:04:00+00:00,14.8100004196167,14.819999694824219,14.8100004196167,14.819999694824219,0
2026-09-18 20:05:00+00:00,14.819999694824219,14.829999923706055,14.819999694824219,14.819999694824219,0
2026-09-18 20:06:00+00:00,14.819999694824219,14.819999694824219,14.819999694824219,14.819999694824219,0
2026-09-18 20:07:00+00:00,14.819999694824219,14.84000015258789,14.819999694824219,14.84000015258789,0
2026-09-18 20:08:00+00:00,14.84000015258789,14.859999656677246,14.84000015258789,14.859999656677246,0
2026-09-18 20:09:00+00:00,14.859999656677246,14.869999885559082,14.859999656677246,14.869999885559082,0
2026-09-18 20:10:00+00:00,14.869999885559082,14.869999885559082,14.829999923706055,14.829999923706055,0
2026-09-18 20:11:00+00:00,14.829999923706055,14.829999923706055,14.819999694824219,14.819999694824219,0
2026-09-18 20:12:00+00:00,14.8100004196167,14.829999923706055,14.8100004196167,14.829999923706055,0
2026-09-18 20:13:00+00:00,14.819999694824219,14.829999923706055,14.819999694824219,14.819999694824219,0
2026-09-18 20:14:00+00:00,14.829999923706055,14.829999923706055,14.8100004196167,14.8100004196167,0
2026-09-21 07:15:00+00:00,14.960000038146973,14.970000267028809,14.949999809265137,14.970000267028809,0
2026-09-21 07:16:00+00:00,14.970000267028809,14.970000267028809,14.960000038146973,14.960000038146973,0
2026-09-21 07:17:00+00:00,14.949999809265137,14.949999809265137,14.949999809265137,14.949999809265137,0
2026-09-21 07:18:00+00:00,14.9399995803833,14.9399995803833,14.9399995803833,14.9399995803833,0
2026-09-21 07:19:00+00:00,14.9399995803833,14.9399995803833,14.9399995803833,14.9399995803833,0
2026-09-21 07:20:00+00:00,14.9399995803833,14.960000038146973,14.9399995803833,14.960000038146973,0
2026-09-21 07:21:00+00:00,14.960000038146973,14.960000038146973,14.960000038146973,14.960000038146973,0
2026-09-21 07:22:00+00:00,14.960000038146973,14.970000267028809,14.960000038146973,14.970000267028809,0
2026-09-21 07:23:00+00:00,14.979999542236328,14.989999771118164,14.979999542236328,14.989999771118164,0
2026-09-21 07:24:00+00:00,14.989999771118164,14.989999771118164,14.989999771118164,14.989999771118164,0
2026-09-21 07:25:00+00:00,14.979999542236328,14.989999771118164,14.979999542236328,14.989999771118164,0
2026-09-21 07:26:00+00:00,14.989999771118164,14.989999771118164,14.989999771118164,14.989999771118164,0
2026-09-21 07:27:00+00:00,14.989999771118164,14.989999771118164,14.970000267028809,14.970000267028809,0
2026-09-21 07:28:00+00:00,14.970000267028809,14.970000267028809,14.960000038146973,14.960000038146973,0
2026-09-21 07:29:00+00:00,14.960000038146973,14.960000038146973,14.960000038146973,14.960000038146973,0
2026-09-21 07:30:00+00:00,14.960000038146973,14.960000038146973,14.949999809265137,14.960000038146973,0
2026-09-21 07:31:00+00:00,14.960000038146973,14.960000038146973,14.949999809265137,14.960000038146973,0
2026-09-21 07:32:00+00:00,14.949999809265137,14.960000038146973,14.949999809265137,14.960000038146973,0
2026-09-21 07:33:00+00:00,14.970000267028809,14.970000267028809,14.949999809265137,14.949999809265137,0
2026-09-21 07:34:00+00:00,14.949999809265137,14.949999809265137,14.949999809265137,14.949999809265137,0
2026-09-21 07:35:00+00:00,14.960000038146973,14.960000038146973,14.960000038146973,14.960000038146973,0
2026-09-21 07:36:00+00:00,14.960000038146973,14.970000267028809,14.960000038146973,14.970000267028809,0
2026-09-21 07:37:00+00:00,14.970000267028809,14.970000267028809,14.960000038146973,14.960000038146973,0
2026-09-21 07:38:00+00:00,14.960000038146973,14.960000038146973,14.949999809265137,14.949999809265137,0
2026-09-21 07:39:00+00:00,14.949999809265137,14.970000267028809,14.949999809265137,14.970000267028809,0
2026-09-21 07:40:00+00:00,14.960000038146973,14.970000267028809,14.960000038146973,14.970000267028809,0
2026-09-21 07:41:00+00:00,14.970000267028809,14.970000267028809,14.970000267028809,14.970000267028809,0
2026-09-21 07:42:00+00:00,14.960000038146973,14.970000267028809,14.960000038146973,14.970000267028809,0
2026-09-21 07:43:00+00:00,14.970000267028809,14.989999771118164,14.970000267028809,14.989999771118164,0
2026-09-21 07:44:00+00:00,14.989999771118164,14.989999771118164,14.970000267028809,14.970000267028809,0
2026-09-21 07:45:00+00:00,14.970000267028809,14.970000267028809,14.970000267028809,14.970000267028809,0
2026-09-21 07:46:00+00:00,14.960000038146973,14.989999771118164,14.960000038146973,14.989999771118164,0
2026-09-21 07:47:00+00:00,14.989999771118164,14.989999771118164,14.970000267028809,14.970000267028809,0
2026-09-21 07:48:00+00:00,14.979999542236328,14.979999542236328,14.970000267028809,14.970000267028809,0
2026-09-21 07:49:00+00:00,14.960000038146973,14.970000267028809,14.960000038146973,14.970000267028809,0
2026-09-21 07:50:00+00:00,14.970000267028809,14.970000267028809,14.960000038146973,14.960000038146973,0
2026-09-21 07:51:00+00:00,14.9399995803833,14.9399995803833,14.9399995803833,14.9399995803833,0
2026-09-21 07:52:00+00:00,14.930000305175781,14.930000305175781,14.930000305175781,14.930000305175781,0
2026-09-21 07:53:00+00:00,14.930000305175781,14.930000305175781,14.930000305175781,14.930000305175781,0
2026-09-21 07:54:00+00:00,14.930000305175781,14.9399995803833,14.930000305175781,14.9399995803833,0
2026-09-21 07:55:00+00:00,14.930000305175781,14.930000305175781,14.930000305175781,14.930000305175781,0
2026-09-21 07:56:00+00:00,14.930000305175781,14.930000305175781,14.930000305175781,14.930000305175781,0
2026-09-21 07:57:00+00:00,14.930000305175781,14.930000305175781,14.920000076293945,14.920000076293945,0
2026-09-21 07:58:00+00:00,14.920000076293945,14.920000076293945,14.920000076293945,14.920000076293945,0
2026-09-21 07:59:00+00:00,14.930000305175781,14.9399995803833,14.930000305175781,14.9399995803833,0
2026-09-21 08:00:00+00:00,14.9399995803833,14.9399995803833,14.90999984741211,14.920000076293945,0
2026-09-21 08:01:00+00:00,14.920000076293945,14.920000076293945,14.90999984741211,14.90999984741211,0
2026-09-21 08:02:00+00:00,14.90999984741211,14.920000076293945,14.90999984741211,14.90999984741211,0
2026-09-21 08:03:00+00:00,14.930000305175781,14.930000305175781,14.90999984741211,14.90999984741211,0
2026-09-21 08:04:00+00:00,14.90999984741211,14.920000076293945,14.90999984741211,14.920000076293945,0
2026-09-21 08:05:00+00:00,14.920000076293945,14.9399995803833,14.920000076293945,14.9399995803833,0
2026-09-21 08:06:00+00:00,14.949999809265137,14.949999809265137,14.9399995803833,14.9399995803833,0
2026-09-21 08:07:00+00:00,14.930000305175781,14.9399995803833,14.930000305175781,14.9399995803833,0
2026-09-21 08:08:00+00:00,14.949999809265137,14.949999809265137,14.9399995803833,14.9399995803833,0
2026-09-21 08:09:00+00:00,14.9399995803833,14.9399995803833,14.9399995803833,14.9399995803833,0
2026-09-21 08:10:00+00:00,14.930000305175781,14.930000305175781,14.930000305175781,14.930000305175781,0
2026-09-21 08:11:00+00:00,14.930000305175781,14.930000305175781,14.930000305175781,14.930000305175781,0
2026-09-21 08:12:00+00:00,14.930000305175781,14.930000305175781,14.930000305175781,14.930000305175781,0
2026-09-21 08:13:00+00:00,14.930000305175781,14.9399995803833,14.930000305175781,14.9399995803833,0
2026-09-21 08:14:00+00:00,14.9399995803833,14.9399995803833,14.9399995803833,14.9399995803833,0
2026-09-21 08:15:00+00:00,14.9399995803833,14.9399995803833,14.930000305175781,14.9399995803833,0
2026-09-21 08:16:00+00:00,14.9399995803833,14.9399995803833,14.9399995803833,14.9399995803833,0
2026-09-21 08:17:00+00:00,14.9399995803833,14.9399995803833,14.930000305175781,14.930000305175781,0
2026-09-21 08:18:00+00:00,14.9399995803833,14.9399995803833,14.9399995803833,14.9399995803833,0
2026-09-21 08:19:00+00:00,14.9399995803833,14.9399995803833,14.9399995803833,14.9399995803833,0
2026-09-21 08:20:00+00:00,14.949999809265137,14.949999809265137,14.949999809265137,14.949999809265137,0
2026-09-21 08:21:00+00:00,14.949999809265137,14.949999809265137,14.949999809265137,14.949999809265137,0
2026-09-21 08:22:00+00:00,14.9399995803833,14.949999809265137,14.9399995803833,14.9399995803833,0
2026-09-21 08:23:00+00:00,14.9399995803833,14.9399995803833,14.9399995803833,14.9399995803833,0
2026-09-21 08:24:00+00:00,14.9399995803833,14.9399995803833,14.9399995803833,14.9399995803833,0
2026-09-21 08:25:00+00:00,14.9399995803833,14.9399995803833,14.9399995803833,14.9399995803833,0
2026-09-21 08:26:00+00:00,14.9399995803833,14.949999809265137,14.9399995803833,14.9399995803833,0
2026-09-21 08:27:00+00:00,14.9399995803833,14.949999809265137,14.9399995803833,14.949999809265137,0
2026-09-21 08:28:00+00:00,14.949999809265137,14.949999809265137,14.949999809265137,14.949999809265137,0
2026-09-21 08:29:00+00:00,14.949999809265137,14.949999809265137,14.949999809265137,14.949999809265137,0
2026-09-21 08:30:00+00:00,14.949999809265137,14.949999809265137,14.9399995803833,14.9399995803833,0
2026-09-21 08:31:00+00:00,14.930000305175781,14.9399995803833,14.930000305175781,14.930000305175781,0
2026-09-21 08:32:00+00:00,14.930000305175781,14.930000305175781,14.899999618530273,14.899999618530273,0
2026-09-21 08:33:00+00:00,14.899999618530273,14.90999984741211,14.899999618530273,14.90999984741211,0
2026-09-21 08:34:00+00:00,14.90999984741211,14.920000076293945,14.90999984741211,14.920000076293945,0
2026-09-21 08:35:00+00:00,14.920000076293945,14.920000076293945,14.920000076293945,14.920000076293945,0
2026-09-21 08:36:00+00:00,14.920000076293945,14.920000076293945,14.90999984741211,14.90999984741211,0
2026-09-21 08:37:00+00:00,14.920000076293945,14.930000305175781,14.920000076293945,14.930000305175781,0
2026-09-21 08:38:00+00:00,14.930000305175781,14.930000305175781,14.930000305175781,14.930000305175781,0
2026-09-21 08:39:00+00:00,14.9399995803833,14.9399995803833,14.930000305175781,14.930000305175781,0
2026-09-21 08:40:00+00:00,14.930000305175781,14.9399995803833,14.930000305175781,14.9399995803833,0
2026-09-21 08:41:00+00:00,14.930000305175781,14.930000305175781,14.920000076293945,14.920000076293945,0
2026-09-21 08:42:00+00:00,14.90999984741211,14.920000076293945,14.90999984741211,14.920000076293945,0
2026-09-21 08:43:00+00:00,14.920000076293945,14.920000076293945,14.920000076293945,14.920000076293945,0
2026-09-21 08:44:00+00:00,14.920000076293945,14.920000076293945,14.920000076293945,14.920000076293945,0
2026-09-21 08:45:00+00:00,14.920000076293945,14.920000076293945,14.920000076293945,14.920000076293945,0
2026-09-21 08:46:00+00:00,14.920000076293945,14.920000076293945,14.920000076293945,14.920000076293945,0
2026-09-21 08:47:00+00:00,14.930000305175781,14.930000305175781,14.930000305175781,14.930000305175781,0
2026-09-21 08:48:00+00:00,14.930000305175781,14.930000305175781,14.930000305175781,14.930000305175781,0
2026-09-21 08:49:00+00:00,14.930000305175781,14.930000305175781,14.930000305175781,14.930000305175781,0
2026-09-21 08:50:00+00:00,14.9399995803833,14.960000038146973,14.9399995803833,14.960000038146973,0
2026-09-21 08:51:00+00:00,14.949999809265137,14.949999809265137,14.949999809265137,14.949999809265137,0
2026-09-21 08:52:00+00:00,14.949999809265137,14.970000267028809,14.949999809265137,14.970000267028809,0
2026-09-21 08:53:00+00:00,14.960000038146973,14.960000038146973,14.949999809265137,14.949999809265137,0
2026-09-21 08:54:00+00:00,14.9399995803833,14.970000267028809,14.9399995803833,14.970000267028809,0
2026-09-21 08:55:00+00:00,14.970000267028809,14.970000267028809,14.960000038146973,14.960000038146973,0
2026-09-21 08:56:00+00:00,14.960000038146973,14.970000267028809,14.960000038146973,14.970000267028809,0
2026-09-21 08:57:00+00:00,14.970000267028809,14.970000267028809,14.970000267028809,14.970000267028809,0
2026-09-21 08:58:00+00:00,14.970000267028809,14.970000267028809,14.970000267028809,14.970000267028809,0
2026-09-21 08:59:00+00:00,14.970000267028809,14.970000267028809,14.970000267028809,14.970000267028809,0
2026-09-21 09:00:00+00:00,14.970000267028809,14.979999542236328,14.970000267028809,14.979999542236328,0
2026-09-21 09:01:00+00:00,14.979999542236328,14.989999771118164,14.979999542236328,14.989999771118164,0
2026-09-21 09:02:00+00:00,14.979999542236328,14.989999771118164,14.979999542236328,14.979999542236328,0
2026-09-21 09:03:00+00:00,14.979999542236328,14.979999542236328,14.979999542236328,14.979999542236328,0
2026-09-21 09:04:00+00:00,14.979999542236328,14.979999542236328,14.979999542236328,14.979999542236328,0
2026-09-21 09:05:00+00:00,14.979999542236328,14.979999542236328,14.979999542236328,14.979999542236328,0
2026-09-21 09:06:00+00:00,14.979999542236328,14.979999542236328,14.979999542236328,14.979999542236328,0
2026-09-21 09:07:00+00:00,14.979999542236328,14.979999542236328,14.970000267028809,14.970000267028809,0
2026-09-21 09:08:00+00:00,14.970000267028809,14.970000267028809,14.949999809265137,14.949999809265137,0
2026-09-21 09:09:00+00:00,14.949999809265137,14.960000038146973,14.949999809265137,14.960000038146973,0
2026-09-21 09:10:00+00:00,14.960000038146973,14.970000267028809,14.960000038146973,14.970000267028809,0
2026-09-21 09:11:00+00:00,14.970000267028809,14.970000267028809,14.970000267028809,14.970000267028809,0
2026-09-21 09:12:00+00:00,14.970000267028809,14.970000267028809,14.970000267028809,14.970000267028809,0
2026-09-21 09:13:00+00:00,14.970000267028809,14.970000267028809,14.970000267028809,14.970000267028809,0
2026-09-21 09:14:00+00:00,14.970000267028809,14.970000267028809,14.970000267028809,14.970000267028809,0
2026-09-21 09:15:00+00:00,14.970000267028809,14.970000267028809,14.960000038146973,14.960000038146973,0
2026-09-21 09:16:00+00:00,14.960000038146973,14.970000267028809,14.960000038146973,14.970000267028809,0
2026-09-21 09:17:00+00:00,14.970000267028809,14.970000267028809,14.970000267028809,14.970000267028809,0
2026-09-21 09:18:00+00:00,14.970000267028809,14.970000267028809,14.970000267028809,14.970000267028809,0
2026-09-21 09:19:00+00:00,14.970000267028809,14.979999542236328,14.970000267028809,14.979999542236328,0
2026-09-21 09:20:00+00:00,14.979999542236328,14.979999542236328,14.970000267028809,14.970000267028809,0
2026-09-21 09:21:00+00:00,14.970000267028809,14.979999542236328,14.970000267028809,14.970000267028809,0
2026-09-21 09:22:00+00:00,14.970000267028809,14.970000267028809,14.970000267028809,14.970000267028809,0
2026-09-21 09:23:00+00:00,14.949999809265137,14.949999809265137,14.949999809265137,14.949999809265137,0
2026-09-21 09:24:00+00:00,14.960000038146973,14.960000038146973,14.949999809265137,14.949999809265137,0
2026-09-21 09:25:00+00:00,14.960000038146973,14.960000038146973,14.960000038146973,14.960000038146973,0
2026-09-21 09:26:00+00:00,14.960000038146973,14.960000038146973,14.949999809265137,14.949999809265137,0
2026-09-21 09:27:00+00:00,14.949999809265137,14.949999809265137,14.949999809265137,14.949999809265137,0
2026-09-21 09:28:00+00:00,14.9399995803833,14.949999809265137,14.9399995803833,14.949999809265137,0
2026-09-21 09:29:00+00:00,14.960000038146973,14.960000038146973,14.960000038146973,14.960000038146973,0
2026-09-21 09:30:00+00:00,14.970000267028809,14.979999542236328,14.970000267028809,14.979999542236328,0
2026-09-21 09:31:00+00:00,14.970000267028809,14.979999542236328,14.970000267028809,14.979999542236328,0
2026-09-21 09:32:00+00:00,14.979999542236328,14.979999542236328,14.970000267028809,14.970000267028809,0
2026-09-21 09:33:00+00:00,14.970000267028809,14.970000267028809,14.970000267028809,14.970000267028809,0
2026-09-21 09:34:00+00:00,14.970000267028809,14.970000267028809,14.970000267028809,14.970000267028809,0
2026-09-21 09:35:00+00:00,14.970000267028809,14.970000267028809,14.970000267028809,14.970000267028809,0
2026-09-21 09:36:00+00:00,14.970000267028809,14.970000267028809,14.970000267028809,14.970000267028809,0
2026-09-21 09:37:00+00:00,14.970000267028809,14.970000267028809,14.970000267028809,14.970000267028809,0
2026-09-21 09:38:00+00:00,14.970000267028809,14.970000267028809,14.970000267028809,14.970000267028809,0
2026-09-21 09:39:00+00:00,14.970000267028809,14.970000267028809,14.949999809265137,14.949999809265137,0
2026-09-21 09:40:00+00:00,14.949999809265137,14.949999809265137,14.949999809265137,14.949999809265137,0
2026-09-21 09:41:00+00:00,14.949999809265137,14.949999809265137,14.949999809265137,14.949999809265137,0
2026-09-21 09:42:00+00:00,14.949999809265137,14.949999809265137,14.949999809265137,14.949999809265137,0
2026-09-21 09:43:00+00:00,14.949999809265137,14.949999809265137,14.949999809265137,14.949999809265137,0
2026-09-21 09:44:00+00:00,14.949999809265137,14.949999809265137,14.949999809265137,14.949999809265137,0
2026-09-21 09:45:00+00:00,14.949999809265137,14.949999809265137,14.949999809265137,14.949999809265137,0
2026-09-21 09:46:00+00:00,14.949999809265137,14.949999809265137,14.949999809265137,14.949999809265137,0
2026-09-21 09:47:00+00:00,14.949999809265137,14.949999809265137,14.9399995803833,14.9399995803833,0
2026-09-21 09:48:00+00:00,14.949999809265137,14.949999809265137,14.9399995803833,14.9399995803833,0
2026-09-21 09:49:00+00:00,14.9399995803833,14.9399995803833,14.930000305175781,14.930000305175781,0
2026-09-21 09:50:00+00:00,14.930000305175781,14.930000305175781,14.920000076293945,14.920000076293945,0
2026-09-21 09:51:00+00:00,14.920000076293945,14.920000076293945,14.90999984741211,14.90999984741211,0
2026-09-21 09:52:00+00:00,14.90999984741211,14.90999984741211,14.90999984741211,14.90999984741211,0
2026-09-21 09:53:00+00:00,14.90999984741211,14.90999984741211,14.90999984741211,14.90999984741211,0
2026-09-21 09:54:00+00:00,14.90999984741211,14.90999984741211,14.90999984741211,14.90999984741211,0
2026-09-21 09:55:00+00:00,14.90999984741211,14.90999984741211,14.90999984741211,14.90999984741211,0
2026-09-21 09:56:00+00:00,14.90999984741211,14.90999984741211,14.90999984741211,14.90999984741211,0
2026-09-21 09:57:00+00:00,14.90999984741211,14.930000305175781,14.90999984741211,14.930000305175781,0
2026-09-21 09:58:00+00:00,14.930000305175781,14.930000305175781,14.930000305175781,14.930000305175781,0
2026-09-21 09:59:00+00:00,14.930000305175781,14.930000305175781,14.920000076293945,14.920000076293945,0
2026-09-21 10:00:00+00:00,14.920000076293945,14.920000076293945,14.920000076293945,14.920000076293945,0
2026-09-21 10:01:00+00:00,14.920000076293945,14.920000076293945,14.90999984741211,14.90999984741211,0
2026-09-21 10:02:00+00:00,14.90999984741211,14.90999984741211,14.90999984741211,14.90999984741211,0
2026-09-21 10:03:00+00:00,14.90999984741211,14.90999984741211,14.899999618530273,14.899999618530273,0
2026-09-21 10:04:00+00:00,14.899999618530273,14.899999618530273,14.899999618530273,14.899999618530273,0
2026-09-21 10:05:00+00:00,14.899999618530273,14.899999618530273,14.899999618530273,14.899999618530273,0
2026-09-21 10:06:00+00:00,14.899999618530273,14.899999618530273,14.899999618530273,14.899999618530273,0
2026-09-21 10:07:00+00:00,14.899999618530273,14.899999618530273,14.899999618530273,14.899999618530273,0
2026-09-21 10:08:00+00:00,14.899999618530273,14.899999618530273,14.899999618530273,14.899999618530273,0
2026-09-21 10:09:00+00:00,14.899999618530273,14.899999618530273,14.890000343322754,14.890000343322754,0
2026-09-21 10:10:00+00:00,14.890000343322754,14.890000343322754,14.890000343322754,14.890000343322754,0
2026-09-21 10:11:00+00:00,14.890000343322754,14.890000343322754,14.890000343322754,14.890000343322754,0
2026-09-21 10:12:00+00:00,14.890000343322754,14.890000343322754,14.890000343322754,14.890000343322754,0
2026-09-21 10:13:00+00:00,14.890000343322754,14.890000343322754,14.890000343322754,14.890000343322754,0
2026-09-21 10:14:00+00:00,14.890000343322754,14.890000343322754,14.890000343322754,14.890000343322754,0
2026-09-21 10:15:00+00:00,14.880000114440918,14.880000114440918,14.869999885559082,14.869999885559082,0
2026-09-21 10:16:00+00:00,14.869999885559082,14.869999885559082,14.869999885559082,14.869999885559082,0
2026-09-21 10:17:00+00:00,14.869999885559082,14.869999885559082,14.869999885559082,14.869999885559082,0
2026-09-21 10:18:00+00:00,14.880000114440918,14.880000114440918,14.880000114440918,14.880000114440918,0
2026-09-21 10:19:00+00:00,14.880000114440918,14.890000343322754,14.880000114440918,14.890000343322754,0
2026-09-21 10:20:00+00:00,14.890000343322754,14.890000343322754,14.880000114440918,14.880000114440918,0
2026-09-21 10:21:00+00:00,14.880000114440918,14.880000114440918,14.880000114440918,14.880000114440918,0
2026-09-21 10:22:00+00:00,14.880000114440918,14.880000114440918,14.880000114440918,14.880000114440918,0
2026-09-21 10:23:00+00:00,14.880000114440918,14.899999618530273,14.880000114440918,14.899999618530273,0
2026-09-21 10:24:00+00:00,14.890000343322754,14.890000343322754,14.890000343322754,14.890000343322754,0
2026-09-21 10:25:00+00:00,14.890000343322754,14.890000343322754,14.890000343322754,14.890000343322754,0
2026-09-21 10:26:00+00:00,14.890000343322754,14.890000343322754,14.890000343322754,14.890000343322754,0
2026-09-21 10:27:00+00:00,14.880000114440918,14.880000114440918,14.880000114440918,14.880000114440918,0
2026-09-21 10:28:00+00:00,14.880000114440918,14.880000114440918,14.869999885559082,14.869999885559082,0
2026-09-21 10:29:00+00:00,14.869999885559082,14.880000114440918,14.869999885559082,14.880000114440918,0
2026-09-21 10:30:00+00:00,14.880000114440918,14.890000343322754,14.869999885559082,14.869999885559082,0
2026-09-21 10:31:00+00:00,14.859999656677246,14.869999885559082,14.859999656677246,14.859999656677246,0
2026-09-21 10:32:00+00:00,14.859999656677246,14.859999656677246,14.859999656677246,14.859999656677246,0
2026-09-21 10:33:00+00:00,14.859999656677246,14.859999656677246,14.859999656677246,14.859999656677246,0
2026-09-21 10:34:00+00:00,14.859999656677246,14.859999656677246,14.850000381469727,14.850000381469727,0
2026-09-21 10:35:00+00:00,14.859999656677246,14.880000114440918,14.859999656677246,14.880000114440918,0
2026-09-21 10:36:00+00:00,14.880000114440918,14.890000343322754,14.880000114440918,14.880000114440918,0
2026-09-21 10:37:00+00:00,14.880000114440918,14.880000114440918,14.869999885559082,14.880000114440918,0
2026-09-21 10:38:00+00:00,14.869999885559082,14.869999885559082,14.869999885559082,14.869999885559082,0
2026-09-21 10:39:00+00:00,14.859999656677246,14.859999656677246,14.850000381469727,14.859999656677246,0
2026-09-21 10:40:00+00:00,14.859999656677246,14.869999885559082,14.859999656677246,14.859999656677246,0
2026-09-21 10:41:00+00:00,14.859999656677246,14.869999885559082,14.859999656677246,14.869999885559082,0
2026-09-21 10:42:00+00:00,14.869999885559082,14.869999885559082,14.869999885559082,14.869999885559082,0
2026-09-21 10:43:00+00:00,14.869999885559082,14.869999885559082,14.869999885559082,14.869999885559082,0
2026-09-21 10:44:00+00:00,14.869999885559082,14.869999885559082,14.869999885559082,14.869999885559082,0
2026-09-21 10:45:00+00:00,14.869999885559082,14.869999885559082,14.869999885559082,14.869999885559082,0
2026-09-21 10:46:00+00:00,14.869999885559082,14.869999885559082,14.859999656677246,14.859999656677246,0
2026-09-21 10:47:00+00:00,14.859999656677246,14.869999885559082,14.859999656677246,14.869999885559082,0
2026-09-21 10:48:00+00:00,14.869999885559082,14.880000114440918,14.869999885559082,14.880000114440918,0
2026-09-21 10:49:00+00:00,14.880000114440918,14.880000114440918,14.880000114440918,14.880000114440918,0
2026-09-21 10:50:00+00:00,14.890000343322754,14.890000343322754,14.890000343322754,14.890000343322754,0
2026-09-21 10:51:00+00:00,14.890000343322754,14.890000343322754,14.880000114440918,14.890000343322754,0
2026-09-21 10:52:00+00:00,14.890000343322754,14.890000343322754,14.890000343322754,14.890000343322754,0
2026-09-21 10:53:00+00:00,14.890000343322754,14.890000343322754,14.890000343322754,14.890000343322754,0
2026-09-21 10:54:00+00:00,14.890000343322754,14.890000343322754,14.890000343322754,14.890000343322754,0
2026-09-21 10:55:00+00:00,14.880000114440918,14.880000114440918,14.880000114440918,14.880000114440918,0
2026-09-21 10:56:00+00:00,14.880000114440918,14.880000114440918,14.880000114440918,14.880000114440918,0
2026-09-21 10:57:00+00:00,14.869999885559082,14.880000114440918,14.869999885559082,14.880000114440918,0
2026-09-21 10:58:00+00:00,14.880000114440918,14.890000343322754,14.880000114440918,14.890000343322754,0
2026-09-21 10:59:00+00:00,14.890000343322754,14.890000343322754,14.880000114440918,14.890000343322754,0
2026-09-21 11:00:00+00:00,14.890000343322754,14.899999618530273,14.890000343322754,14.890000343322754,0
2026-09-21 11:01:00+00:00,14.890000343322754,14.890000343322754,14.890000343322754,14.890000343322754,0
2026-09-21 11:02:00+00:00,14.890000343322754,14.890000343322754,14.880000114440918,14.880000114440918,0
2026-09-21 11:03:00+00:00,14.880000114440918,14.880000114440918,14.869999885559082,14.869999885559082,0
2026-09-21 11:04:00+00:00,14.869999885559082,14.869999885559082,14.869999885559082,14.869999885559082,0
2026-09-21 11:05:00+00:00,14.880000114440918,14.880000114440918,14.880000114440918,14.880000114440918,0
2026-09-21 11:06:00+00:00,14.880000114440918,14.880000114440918,14.880000114440918,14.880000114440918,0
2026-09-21 11:07:00+00:00,14.890000343322754,14.890000343322754,14.890000343322754,14.890000343322754,0
2026-09-21 11:08:00+00:00,14.890000343322754,14.890000343322754,14.890000343322754,14.890000343322754,0
2026-09-21 11:09:00+00:00,14.890000343322754,14.890000343322754,14.890000343322754,14.890000343322754,0
2026-09-21 11:10:00+00:00,14.890000343322754,14.890000343322754,14.890000343322754,14.890000343322754,0
2026-09-21 11:11:00+00:00,14.890000343322754,14.890000343322754,14.890000343322754,14.890000343322754,0
2026-09-21 11:12:00+00:00,14.890000343322754,14.890000343322754,14.890000343322754,14.890000343322754,0
2026-09-21 11:13:00+00:00,14.890000343322754,14.890000343322754,14.880000114440918,14.880000114440918,0
2026-09-21 11:14:00+00:00,14.880000114440918,14.880000114440918,14.869999885559082,14.869999885559082,0
2026-09-21 11:15:00+00:00,14.869999885559082,14.869999885559082,14.859999656677246,14.859999656677246,0
2026-09-21 11:16:00+00:00,14.859999656677246,14.880000114440918,14.859999656677246,14.869999885559082,0
2026-09-21 11:17:00+00:00,14.869999885559082,14.869999885559082,14.869999885559082,14.869999885559082,0
2026-09-21 11:18:00+00:00,14.869999885559082,14.869999885559082,14.869999885559082,14.869999885559082,0
2026-09-21 11:19:00+00:00,14.869999885559082,14.869999885559082,14.859999656677246,14.859999656677246,0
2026-09-21 11:20:00+00:00,14.850000381469727,14.859999656677246,14.850000381469727,14.859999656677246,0
2026-09-21 11:21:00+00:00,14.859999656677246,14.859999656677246,14.859999656677246,14.859999656677246,0
2026-09-21 11:22:00+00:00,14.850000381469727,14.859999656677246,14.850000381469727,14.859999656677246,0
2026-09-21 11:23:00+00:00,14.859999656677246,14.880000114440918,14.859999656677246,14.880000114440918,0
2026-09-21 11:24:00+00:00,14.890000343322754,14.890000343322754,14.880000114440918,14.890000343322754,0
2026-09-21 11:25:00+00:00,14.890000343322754,14.890000343322754,14.880000114440918,14.880000114440918,0
2026-09-21 11:26:00+00:00,14.890000343322754,14.890000343322754,14.880000114440918,14.880000114440918,0
2026-09-21 11:27:00+00:00,14.880000114440918,14.880000114440918,14.869999885559082,14.869999885559082,0
2026-09-21 11:28:00+00:00,14.869999885559082,14.869999885559082,14.869999885559082,14.869999885559082,0
2026-09-21 11:29:00+00:00,14.869999885559082,14.869999885559082,14.869999885559082,14.869999885559082,0
2026-09-21 11:30:00+00:00,14.869999885559082,14.880000114440918,14.869999885559082,14.869999885559082,0
2026-09-21 11:31:00+00:00,14.869999885559082,14.869999885559082,14.869999885559082,14.869999885559082,0
2026-09-21 11:32:00+00:00,14.859999656677246,14.869999885559082,14.859999656677246,14.869999885559082,0
2026-09-21 11:33:00+00:00,14.869999885559082,14.869999885559082,14.859999656677246,14.859999656677246,0
2026-09-21 11:34:00+00:00,14.850000381469727,14.850000381469727,14.84000015258789,14.84000015258789,0
2026-09-21 11:35:00+00:00,14.84000015258789,14.84000015258789,14.84000015258789,14.84000015258789,0
2026-09-21 11:36:00+00:00,14.84000015258789,14.850000381469727,14.84000015258789,14.850000381469727,0
2026-09-21 11:37:00+00:00,14.850000381469727,14.859999656677246,14.850000381469727,14.859999656677246,0
2026-09-21 11:38:00+00:00,14.859999656677246,14.859999656677246,14.859999656677246,14.859999656677246,0
2026-09-21 11:39:00+00:00,14.859999656677246,14.859999656677246,14.84000015258789,14.84000015258789,0
2026-09-21 11:40:00+00:00,14.84000015258789,14.84000015258789,14.84000015258789,14.84000015258789,0
2026-09-21 11:41:00+00:00,14.829999923706055,14.84000015258789,14.829999923706055,14.84000015258789,0
2026-09-21 11:42:00+00:00,14.84000015258789,14.84000015258789,14.8100004196167,14.8100004196167,0
2026-09-21 11:43:00+00:00,14.8100004196167,14.819999694824219,14.8100004196167,14.819999694824219,0
2026-09-21 11:44:00+00:00,14.819999694824219,14.819999694824219,14.8100004196167,14.8100004196167,0
2026-09-21 11:45:00+00:00,14.8100004196167,14.8100004196167,14.8100004196167,14.8100004196167,0
2026-09-21 11:46:00+00:00,14.8100004196167,14.8100004196167,14.8100004196167,14.8100004196167,0
2026-09-21 11:47:00+00:00,14.8100004196167,14.819999694824219,14.8100004196167,14.819999694824219,0
2026-09-21 11:48:00+00:00,14.819999694824219,14.829999923706055,14.819999694824219,14.829999923706055,0
2026-09-21 11:49:00+00:00,14.829999923706055,14.829999923706055,14.819999694824219,14.819999694824219,0
2026-09-21 11:50:00+00:00,14.819999694824219,14.819999694824219,14.819999694824219,14.819999694824219,0
2026-09-21 11:51:00+00:00,14.819999694824219,14.819999694824219,14.819999694824219,14.819999694824219,0
2026-09-21 11:52:00+00:00,14.819999694824219,14.819999694824219,14.8100004196167,14.8100004196167,0
2026-09-21 11:53:00+00:00,14.789999961853027,14.8100004196167,14.789999961853027,14.8100004196167,0
2026-09-21 11:54:00+00:00,14.800000190734863,14.800000190734863,14.800000190734863,14.800000190734863,0
2026-09-21 11:55:00+00:00,14.800000190734863,14.800000190734863,14.789999961853027,14.789999961853027,0
2026-09-21 11:56:00+00:00,14.779999732971191,14.789999961853027,14.779999732971191,14.789999961853027,0
2026-09-21 11:57:00+00:00,14.789999961853027,14.8100004196167,14.789999961853027,14.8100004196167,0
2026-09-21 11:58:00+00:00,14.8100004196167,14.8100004196167,14.8100004196167,14.8100004196167,0
2026-09-21 11:59:00+00:00,14.8100004196167,14.8100004196167,14.8100004196167,14.8100004196167,0
2026-09-21 12:00:00+00:00,14.8100004196167,14.8100004196167,14.800000190734863,14.800000190734863,0
2026-09-21 12:01:00+00:00,14.8100004196167,14.819999694824219,14.8100004196167,14.819999694824219,0
2026-09-21 12:02:00+00:00,14.819999694824219,14.819999694824219,14.8100004196167,14.819999694824219,0
2026-09-21 12:03:00+00:00,14.84000015258789,14.84000015258789,14.819999694824219,14.84000015258789,0
2026-09-21 12:04:00+00:00,14.84000015258789,14.84000015258789,14.800000190734863,14.8100004196167,0
2026-09-21 12:05:00+00:00,14.789999961853027,14.789999961853027,14.760000228881836,14.760000228881836,0
2026-09-21 12:06:00+00:00,14.770000457763672,14.770000457763672,14.760000228881836,14.770000457763672,0
2026-09-21 12:07:00+00:00,14.770000457763672,14.779999732971191,14.770000457763672,14.779999732971191,0
2026-09-21 12:08:00+00:00,14.789999961853027,14.789999961853027,14.779999732971191,14.779999732971191,0
2026-09-21 12:09:00+00:00,14.789999961853027,14.8100004196167,14.779999732971191,14.8100004196167,0
2026-09-21 12:10:00+00:00,14.8100004196167,14.8100004196167,14.800000190734863,14.8100004196167,0
2026-09-21 12:11:00+00:00,14.819999694824219,14.829999923706055,14.819999694824219,14.829999923706055,0
2026-09-21 12:12:00+00:00,14.8100004196167,14.829999923706055,14.8100004196167,14.829999923706055,0
2026-09-21 12:13:00+00:00,14.819999694824219,14.84000015258789,14.819999694824219,14.819999694824219,0
2026-09-21 12:14:00+00:00,14.819999694824219,14.850000381469727,14.819999694824219,14.850000381469727,0
2026-09-21 12:15:00+00:00,14.850000381469727,14.850000381469727,14.850000381469727,14.850000381469727,0
2026-09-21 12:16:00+00:00,14.850000381469727,14.850000381469727,14.850000381469727,14.850000381469727,0
2026-09-21 12:17:00+00:00,14.850000381469727,14.850000381469727,14.850000381469727,14.850000381469727,0
2026-09-21 12:18:00+00:00,14.850000381469727,14.850000381469727,14.84000015258789,14.84000015258789,0
2026-09-21 12:19:00+00:00,14.84000015258789,14.84000015258789,14.84000015258789,14.84000015258789,0
2026-09-21 12:20:00+00:00,14.84000015258789,14.84000015258789,14.829999923706055,14.84000015258789,0
2026-09-21 12:21:00+00:00,14.84000015258789,14.84000015258789,14.829999923706055,14.84000015258789,0
2026-09-21 12:22:00+00:00,14.84000015258789,14.869999885559082,14.84000015258789,14.869999885559082,0
2026-09-21 12:23:00+00:00,14.859999656677246,14.869999885559082,14.859999656677246,14.869999885559082,0
2026-09-21 12:24:00+00:00,14.869999885559082,14.869999885559082,14.869999885559082,14.869999885559082,0
2026-09-21 12:25:00+00:00,14.869999885559082,14.869999885559082,14.869999885559082,14.869999885559082,0
2026-09-21 12:26:00+00:00,14.869999885559082,14.869999885559082,14.869999885559082,14.869999885559082,0
2026-09-21 12:27:00+00:00,14.869999885559082,14.869999885559082,14.869999885559082,14.869999885559082,0
2026-09-21 12:28:00+00:00,14.869999885559082,14.869999885559082,14.869999885559082,14.869999885559082,0
2026-09-21 12:29:00+00:00,14.869999885559082,14.880000114440918,14.869999885559082,14.880000114440918,0
2026-09-21 12:30:00+00:00,14.880000114440918,14.880000114440918,14.869999885559082,14.869999885559082,0
2026-09-21 12:31:00+00:00,14.869999885559082,14.880000114440918,14.869999885559082,14.869999885559082,0
2026-09-21 12:32:00+00:00,14.869999885559082,14.880000114440918,14.869999885559082,14.880000114440918,0
2026-09-21 12:33:00+00:00,14.869999885559082,14.880000114440918,14.869999885559082,14.880000114440918,0
2026-09-21 12:34:00+00:00,14.880000114440918,14.880000114440918,14.869999885559082,14.869999885559082,0
2026-09-21 12:35:00+00:00,14.880000114440918,14.880000114440918,14.880000114440918,14.880000114440918,0
2026-09-21 12:36:00+00:00,14.880000114440918,14.880000114440918,14.869999885559082,14.869999885559082,0
2026-09-21 12:37:00+00:00,14.869999885559082,14.880000114440918,14.869999885559082,14.869999885559082,0
2026-09-21 12:38:00+00:00,14.869999885559082,14.880000114440918,14.869999885559082,14.869999885559082,0
2026-09-21 12:39:00+00:00,14.869999885559082,14.869999885559082,14.869999885559082,14.869999885559082,0
2026-09-21 12:40:00+00:00,14.869999885559082,14.869999885559082,14.869999885559082,14.869999885559082,0
2026-09-21 12:41:00+00:00,14.869999885559082,14.869999885559082,14.859999656677246,14.859999656677246,0
2026-09-21 12:42:00+00:00,14.859999656677246,14.859999656677246,14.859999656677246,14.859999656677246,0
2026-09-21 12:43:00+00:00,14.859999656677246,14.859999656677246,14.84000015258789,14.84000015258789,0
2026-09-21 12:44:00+00:00,14.84000015258789,14.850000381469727,14.819999694824219,14.819999694824219,0
2026-09-21 12:45:00+00:00,14.8100004196167,14.829999923706055,14.8100004196167,14.829999923706055,0
2026-09-21 12:46:00+00:00,14.829999923706055,14.84000015258789,14.829999923706055,14.84000015258789,0
2026-09-21 12:47:00+00:00,14.850000381469727,14.850000381469727,14.84000015258789,14.84000015258789,0
2026-09-21 12:48:00+00:00,14.84000015258789,14.850000381469727,14.829999923706055,14.850000381469727,0
2026-09-21 12:49:00+00:00,14.850000381469727,14.850000381469727,14.850000381469727,14.850000381469727,0
2026-09-21 12:50:00+00:00,14.850000381469727,14.859999656677246,14.850000381469727,14.859999656677246,0
2026-09-21 12:51:00+00:00,14.850000381469727,14.859999656677246,14.850000381469727,14.850000381469727,0
2026-09-21 12:52:00+00:00,14.850000381469727,14.859999656677246,14.850000381469727,14.859999656677246,0
2026-09-21 12:53:00+00:00,14.859999656677246,14.859999656677246,14.859999656677246,14.859999656677246,0
2026-09-21 12:54:00+00:00,14.859999656677246,14.859999656677246,14.859999656677246,14.859999656677246,0
2026-09-21 12:55:00+00:00,14.859999656677246,14.869999885559082,14.859999656677246,14.869999885559082,0
2026-09-21 12:56:00+00:00,14.880000114440918,14.880000114440918,14.869999885559082,14.880000114440918,0
2026-09-21 12:57:00+00:00,14.880000114440918,14.880000114440918,14.880000114440918,14.880000114440918,0
2026-09-21 12:58:00+00:00,14.880000114440918,14.880000114440918,14.880000114440918,14.880000114440918,0
2026-09-21 12:59:00+00:00,14.880000114440918,14.880000114440918,14.880000114440918,14.880000114440918,0
2026-09-21 13:00:00+00:00,14.880000114440918,14.880000114440918,14.880000114440918,14.880000114440918,0
2026-09-21 13:01:00+00:00,14.880000114440918,14.880000114440918,14.869999885559082,14.869999885559082,0
2026-09-21 13:02:00+00:00,14.869999885559082,14.869999885559082,14.859999656677246,14.859999656677246,0
2026-09-21 13:03:00+00:00,14.859999656677246,14.859999656677246,14.859999656677246,14.859999656677246,0
2026-09-21 13:04:00+00:00,14.859999656677246,14.859999656677246,14.859999656677246,14.859999656677246,0
2026-09-21 13:05:00+00:00,14.859999656677246,14.859999656677246,14.859999656677246,14.859999656677246,0
2026-09-21 13:06:00+00:00,14.859999656677246,14.869999885559082,14.859999656677246,14.869999885559082,0
2026-09-21 13:07:00+00:00,14.869999885559082,14.869999885559082,14.869999885559082,14.869999885559082,0
2026-09-21 13:08:00+00:00,14.869999885559082,14.869999885559082,14.869999885559082,14.869999885559082,0
2026-09-21 13:09:00+00:00,14.869999885559082,14.869999885559082,14.859999656677246,14.859999656677246,0
2026-09-21 13:10:00+00:00,14.859999656677246,14.859999656677246,14.859999656677246,14.859999656677246,0
2026-09-21 13:11:00+00:00,14.869999885559082,14.880000114440918,14.869999885559082,14.880000114440918,0
2026-09-21 13:12:00+00:00,14.880000114440918,14.880000114440918,14.880000114440918,14.880000114440918,0
2026-09-21 13:13:00+00:00,14.869999885559082,14.880000114440918,14.869999885559082,14.880000114440918,0
2026-09-21 13:14:00+00:00,14.880000114440918,14.880000114440918,14.869999885559082,14.869999885559082,0
2026-09-21 13:15:00+00:00,14.869999885559082,14.869999885559082,14.869999885559082,14.869999885559082,0
2026-09-21 13:16:00+00:00,14.869999885559082,14.869999885559082,14.869999885559082,14.869999885559082,0
2026-09-21 13:17:00+00:00,14.869999885559082,14.869999885559082,14.869999885559082,14.869999885559082,0
2026-09-21 13:18:00+00:00,14.880000114440918,14.880000114440918,14.869999885559082,14.869999885559082,0
2026-09-21 13:19:00+00:00,14.869999885559082,14.869999885559082,14.850000381469727,14.850000381469727,0
2026-09-21 13:20:00+00:00,14.859999656677246,14.859999656677246,14.859999656677246,14.859999656677246,0
2026-09-21 13:21:00+00:00,14.859999656677246,14.859999656677246,14.859999656677246,14.859999656677246,0
2026-09-21 13:22:00+00:00,14.859999656677246,14.869999885559082,14.859999656677246,14.869999885559082,0
2026-09-21 13:23:00+00:00,14.869999885559082,14.880000114440918,14.869999885559082,14.880000114440918,0
2026-09-21 13:24:00+00:00,14.880000114440918,14.890000343322754,14.880000114440918,14.890000343322754,0
2026-09-21 13:25:00+00:00,14.899999618530273,14.899999618530273,14.899999618530273,14.899999618530273,0
2026-09-21 13:31:00+00:00,14.84000015258789,14.890000343322754,14.84000015258789,14.880000114440918,0
2026-09-21 13:32:00+00:00,14.869999885559082,14.880000114440918,14.869999885559082,14.880000114440918,0
2026-09-21 13:33:00+00:00,14.869999885559082,14.899999618530273,14.869999885559082,14.899999618530273,0
2026-09-21 13:34:00+00:00,14.899999618530273,14.90999984741211,14.899999618530273,14.899999618530273,0
2026-09-21 13:35:00+00:00,14.890000343322754,14.890000343322754,14.869999885559082,14.869999885559082,0
2026-09-21 13:36:00+00:00,14.869999885559082,14.890000343322754,14.869999885559082,14.890000343322754,0
2026-09-21 13:37:00+00:00,14.890000343322754,14.890000343322754,14.890000343322754,14.890000343322754,0
2026-09-21 13:38:00+00:00,14.880000114440918,14.890000343322754,14.880000114440918,14.880000114440918,0
2026-09-21 13:39:00+00:00,14.880000114440918,14.890000343322754,14.880000114440918,14.880000114440918,0
2026-09-21 13:40:00+00:00,14.880000114440918,14.890000343322754,14.869999885559082,14.890000343322754,0
2026-09-21 13:41:00+00:00,14.890000343322754,14.890000343322754,14.890000343322754,14.890000343322754,0
2026-09-21 13:42:00+00:00,14.890000343322754,14.90999984741211,14.890000343322754,14.90999984741211,0
2026-09-21 13:43:00+00:00,14.90999984741211,14.90999984741211,14.90999984741211,14.90999984741211,0
2026-09-21 13:44:00+00:00,14.920000076293945,14.920000076293945,14.90999984741211,14.90999984741211,0
2026-09-21 13:45:00+00:00,14.899999618530273,14.899999618530273,14.899999618530273,14.899999618530273,0
2026-09-21 13:46:00+00:00,14.899999618530273,14.90999984741211,14.890000343322754,14.890000343322754,0
2026-09-21 13:47:00+00:00,14.899999618530273,14.920000076293945,14.899999618530273,14.920000076293945,0
2026-09-21 13:48:00+00:00,14.920000076293945,14.930000305175781,14.920000076293945,14.920000076293945,0
2026-09-21 13:49:00+00:00,14.930000305175781,14.930000305175781,14.930000305175781,14.930000305175781,0
2026-09-21 13:50:00+00:00,14.920000076293945,14.920000076293945,14.920000076293945,14.920000076293945,0
2026-09-21 13:51:00+00:00,14.920000076293945,14.920000076293945,14.899999618530273,14.899999618530273,0
2026-09-21 13:52:00+00:00,14.899999618530273,14.90999984741211,14.899999618530273,14.90999984741211,0
2026-09-21 13:53:00+00:00,14.880000114440918,14.890000343322754,14.880000114440918,14.890000343322754,0
2026-09-21 13:54:00+00:00,14.880000114440918,14.880000114440918,14.859999656677246,14.859999656677246,0
2026-09-21 13:55:00+00:00,14.869999885559082,14.869999885559082,14.869999885559082,14.869999885559082,0
2026-09-21 13:56:00+00:00,14.859999656677246,14.880000114440918,14.859999656677246,14.880000114440918,0
2026-09-21 13:57:00+00:00,14.880000114440918,14.880000114440918,14.869999885559082,14.869999885559082,0
2026-09-21 13:58:00+00:00,14.869999885559082,14.880000114440918,14.869999885559082,14.880000114440918,0
2026-09-21 13:59:00+00:00,14.880000114440918,14.880000114440918,14.869999885559082,14.869999885559082,0
2026-09-21 14:00:00+00:00,14.850000381469727,14.859999656677246,14.850000381469727,14.859999656677246,0
2026-09-21 14:01:00+00:00,14.859999656677246,14.859999656677246,14.850000381469727,14.859999656677246,0
2026-09-21 14:02:00+00:00,14.850000381469727,14.859999656677246,14.850000381469727,14.859999656677246,0
2026-09-21 14:03:00+00:00,14.850000381469727,14.850000381469727,14.819999694824219,14.829999923706055,0
2026-09-21 14:04:00+00:00,14.829999923706055,14.829999923706055,14.819999694824219,14.819999694824219,0
2026-09-21 14:05:00+00:00,14.819999694824219,14.850000381469727,14.819999694824219,14.84000015258789,0
2026-09-21 14:06:00+00:00,14.8100004196167,14.8100004196167,14.800000190734863,14.800000190734863,0
2026-09-21 14:07:00+00:00,14.800000190734863,14.800000190734863,14.770000457763672,14.770000457763672,0
2026-09-21 14:08:00+00:00,14.75,14.75,14.75,14.75,0
2026-09-21 14:09:00+00:00,14.75,14.75,14.75,14.75,0
2026-09-21 14:10:00+00:00,14.739999771118164,14.739999771118164,14.729999542236328,14.729999542236328,0
2026-09-21 14:11:00+00:00,14.720000267028809,14.720000267028809,14.710000038146973,14.720000267028809,0
2026-09-21 14:12:00+00:00,14.720000267028809,14.720000267028809,14.6899995803833,14.6899995803833,0
2026-09-21 14:13:00+00:00,14.699999809265137,14.710000038146973,14.6899995803833,14.710000038146973,0
2026-09-21 14:14:00+00:00,14.729999542236328,14.729999542236328,14.729999542236328,14.729999542236328,0
2026-09-21 14:15:00+00:00,14.729999542236328,14.729999542236328,14.720000267028809,14.720000267028809,0
2026-09-21 14:16:00+00:00,14.710000038146973,14.710000038146973,14.699999809265137,14.699999809265137,0
2026-09-21 14:17:00+00:00,14.699999809265137,14.720000267028809,14.699999809265137,14.720000267028809,0
2026-09-21 14:18:00+00:00,14.739999771118164,14.739999771118164,14.729999542236328,14.739999771118164,0
2026-09-21 14:19:00+00:00,14.729999542236328,14.729999542236328,14.729999542236328,14.729999542236328,0
2026-09-21 14:20:00+00:00,14.729999542236328,14.739999771118164,14.729999542236328,14.739999771118164,0
2026-09-21 14:21:00+00:00,14.739999771118164,14.75,14.739999771118164,14.75,0
2026-09-21 14:22:00+00:00,14.739999771118164,14.760000228881836,14.739999771118164,14.75,0
2026-09-21 14:23:00+00:00,14.760000228881836,14.779999732971191,14.760000228881836,14.779999732971191,0
2026-09-21 14:24:00+00:00,14.770000457763672,14.770000457763672,14.770000457763672,14.770000457763672,0
2026-09-21 14:25:00+00:00,14.770000457763672,14.779999732971191,14.770000457763672,14.779999732971191,0
2026-09-21 14:26:00+00:00,14.779999732971191,14.8100004196167,14.779999732971191,14.8100004196167,0
2026-09-21 14:27:00+00:00,14.8100004196167,14.8100004196167,14.789999961853027,14.789999961853027,0
2026-09-21 14:28:00+00:00,14.800000190734863,14.800000190734863,14.789999961853027,14.789999961853027,0
2026-09-21 14:29:00+00:00,14.800000190734863,14.8100004196167,14.800000190734863,14.8100004196167,0
2026-09-21 14:30:00+00:00,14.8100004196167,14.819999694824219,14.8100004196167,14.8100004196167,0
2026-09-21 14:31:00+00:00,14.8100004196167,14.8100004196167,14.800000190734863,14.800000190734863,0
2026-09-21 14:32:00+00:00,14.800000190734863,14.800000190734863,14.800000190734863,14.800000190734863,0
2026-09-21 14:33:00+00:00,14.800000190734863,14.800000190734863,14.800000190734863,14.800000190734863,0
2026-09-21 14:34:00+00:00,14.800000190734863,14.800000190734863,14.770000457763672,14.770000457763672,0
2026-09-21 14:35:00+00:00,14.770000457763672,14.770000457763672,14.770000457763672,14.770000457763672,0
2026-09-21 14:36:00+00:00,14.770000457763672,14.770000457763672,14.770000457763672,14.770000457763672,0
2026-09-21 14:37:00+00:00,14.770000457763672,14.770000457763672,14.770000457763672,14.770000457763672,0
2026-09-21 14:38:00+00:00,14.760000228881836,14.760000228881836,14.75,14.75,0
2026-09-21 14:39:00+00:00,14.75,14.75,14.729999542236328,14.729999542236328,0
2026-09-21 14:40:00+00:00,14.739999771118164,14.739999771118164,14.729999542236328,14.739999771118164,0
2026-09-21 14:41:00+00:00,14.739999771118164,14.739999771118164,14.729999542236328,14.739999771118164,0
2026-09-21 14:42:00+00:00,14.739999771118164,14.739999771118164,14.739999771118164,14.739999771118164,0
2026-09-21 14:43:00+00:00,14.739999771118164,14.739999771118164,14.720000267028809,14.720000267028809,0
2026-09-21 14:44:00+00:00,14.710000038146973,14.710000038146973,14.699999809265137,14.699999809265137,0
2026-09-21 14:45:00+00:00,14.6899995803833,14.699999809265137,14.6899995803833,14.6899995803833,0
2026-09-21 14:46:00+00:00,14.6899995803833,14.699999809265137,14.6899995803833,14.699999809265137,0
2026-09-21 14:47:00+00:00,14.680000305175781,14.680000305175781,14.649999618530273,14.649999618530273,0
2026-09-21 14:48:00+00:00,14.640000343322754,14.640000343322754,14.640000343322754,14.640000343322754,0
2026-09-21 14:49:00+00:00,14.640000343322754,14.649999618530273,14.640000343322754,14.649999618530273,0
2026-09-21 14:50:00+00:00,14.649999618530273,14.649999618530273,14.630000114440918,14.630000114440918,0
2026-09-21 14:51:00+00:00,14.630000114440918,14.640000343322754,14.630000114440918,14.630000114440918,0
2026-09-21 14:52:00+00:00,14.630000114440918,14.630000114440918,14.630000114440918,14.630000114440918,0
2026-09-21 14:53:00+00:00,14.619999885559082,14.619999885559082,14.619999885559082,14.619999885559082,0
2026-09-21 14:54:00+00:00,14.630000114440918,14.630000114440918,14.619999885559082,14.619999885559082,0
2026-09-21 14:55:00+00:00,14.619999885559082,14.619999885559082,14.609999656677246,14.609999656677246,0
2026-09-21 14:56:00+00:00,14.609999656677246,14.619999885559082,14.609999656677246,14.609999656677246,0
2026-09-21 14:57:00+00:00,14.609999656677246,14.609999656677246,14.600000381469727,14.600000381469727,0
2026-09-21 14:58:00+00:00,14.600000381469727,14.600000381469727,14.600000381469727,14.600000381469727,0
2026-09-21 14:59:00+00:00,14.600000381469727,14.609999656677246,14.600000381469727,14.600000381469727,0
2026-09-21 15:00:00+00:00,14.600000381469727,14.640000343322754,14.600000381469727,14.640000343322754,0
2026-09-21 15:01:00+00:00,14.649999618530273,14.649999618530273,14.649999618530273,14.649999618530273,0
2026-09-21 15:02:00+00:00,14.649999618530273,14.649999618530273,14.649999618530273,14.649999618530273,0
2026-09-21 15:03:00+00:00,14.649999618530273,14.65999984741211,14.649999618530273,14.65999984741211,0
2026-09-21 15:04:00+00:00,14.65999984741211,14.65999984741211,14.649999618530273,14.649999618530273,0
2026-09-21 15:05:00+00:00,14.649999618530273,14.649999618530273,14.640000343322754,14.649999618530273,0
2026-09-21 15:06:00+00:00,14.649999618530273,14.649999618530273,14.649999618530273,14.649999618530273,0
2026-09-21 15:07:00+00:00,14.649999618530273,14.649999618530273,14.649999618530273,14.649999618530273,0
2026-09-21 15:08:00+00:00,14.649999618530273,14.670000076293945,14.649999618530273,14.670000076293945,0
2026-09-21 15:09:00+00:00,14.670000076293945,14.670000076293945,14.670000076293945,14.670000076293945,0
2026-09-21 15:10:00+00:00,14.670000076293945,14.670000076293945,14.670000076293945,14.670000076293945,0
2026-09-21 15:11:00+00:00,14.670000076293945,14.680000305175781,14.65999984741211,14.680000305175781,0
2026-09-21 15:12:00+00:00,14.699999809265137,14.699999809265137,14.699999809265137,14.699999809265137,0
2026-09-21 15:13:00+00:00,14.699999809265137,14.710000038146973,14.699999809265137,14.710000038146973,0
2026-09-21 15:14:00+00:00,14.720000267028809,14.729999542236328,14.720000267028809,14.729999542236328,0
2026-09-21 15:15:00+00:00,14.729999542236328,14.739999771118164,14.729999542236328,14.739999771118164,0
2026-09-21 15:16:00+00:00,14.739999771118164,14.75,14.739999771118164,14.75,0
2026-09-21 15:17:00+00:00,14.75,14.75,14.739999771118164,14.739999771118164,0
2026-09-21 15:18:00+00:00,14.729999542236328,14.739999771118164,14.729999542236328,14.739999771118164,0
2026-09-21 15:19:00+00:00,14.739999771118164,14.760000228881836,14.739999771118164,14.760000228881836,0
2026-09-21 15:20:00+00:00,14.760000228881836,14.770000457763672,14.760000228881836,14.770000457763672,0
2026-09-21 15:21:00+00:00,14.789999961853027,14.789999961853027,14.789999961853027,14.789999961853027,0
2026-09-21 15:22:00+00:00,14.789999961853027,14.800000190734863,14.789999961853027,14.800000190734863,0
2026-09-21 15:23:00+00:00,14.789999961853027,14.800000190734863,14.789999961853027,14.789999961853027,0
2026-09-21 15:24:00+00:00,14.789999961853027,14.789999961853027,14.789999961853027,14.789999961853027,0
2026-09-21 15:25:00+00:00,14.789999961853027,14.789999961853027,14.770000457763672,14.779999732971191,0
2026-09-21 15:26:00+00:00,14.770000457763672,14.800000190734863,14.770000457763672,14.800000190734863,0
2026-09-21 15:27:00+00:00,14.789999961853027,14.789999961853027,14.770000457763672,14.779999732971191,0
2026-09-21 15:28:00+00:00,14.789999961853027,14.800000190734863,14.789999961853027,14.789999961853027,0
2026-09-21 15:29:00+00:00,14.789999961853027,14.789999961853027,14.779999732971191,14.789999961853027,0
2026-09-21 15:30:00+00:00,14.789999961853027,14.789999961853027,14.789999961853027,14.789999961853027,0
2026-09-21 15:31:00+00:00,14.789999961853027,14.789999961853027,14.789999961853027,14.789999961853027,0
2026-09-21 15:32:00+00:00,14.779999732971191,14.779999732971191,14.779999732971191,14.779999732971191,0
2026-09-21 15:33:00+00:00,14.779999732971191,14.779999732971191,14.770000457763672,14.770000457763672,0
2026-09-21 15:34:00+00:00,14.770000457763672,14.770000457763672,14.770000457763672,14.770000457763672,0
2026-09-21 15:35:00+00:00,14.770000457763672,14.779999732971191,14.770000457763672,14.779999732971191,0
2026-09-21 15:36:00+00:00,14.779999732971191,14.779999732971191,14.779999732971191,14.779999732971191,0
2026-09-21 15:37:00+00:00,14.779999732971191,14.819999694824219,14.779999732971191,14.819999694824219,0
2026-09-21 15:38:00+00:00,14.829999923706055,14.850000381469727,14.829999923706055,14.850000381469727,0
2026-09-21 15:39:00+00:00,14.850000381469727,14.850000381469727,14.850000381469727,14.850000381469727,0
2026-09-21 15:40:00+00:00,14.859999656677246,14.869999885559082,14.859999656677246,14.869999885559082,0
2026-09-21 15:41:00+00:00,14.880000114440918,14.890000343322754,14.880000114440918,14.890000343322754,0
2026-09-21 15:42:00+00:00,14.880000114440918,14.890000343322754,14.880000114440918,14.880000114440918,0
2026-09-21 15:43:00+00:00,14.880000114440918,14.880000114440918,14.880000114440918,14.880000114440918,0
2026-09-21 15:44:00+00:00,14.880000114440918,14.890000343322754,14.880000114440918,14.890000343322754,0
2026-09-21 15:45:00+00:00,14.890000343322754,14.90999984741211,14.890000343322754,14.90999984741211,0
2026-09-21 15:46:00+00:00,14.90999984741211,14.920000076293945,14.899999618530273,14.899999618530273,0
2026-09-21 15:47:00+00:00,14.90999984741211,14.90999984741211,14.90999984741211,14.90999984741211,0
2026-09-21 15:48:00+00:00,14.90999984741211,14.920000076293945,14.90999984741211,14.920000076293945,0
2026-09-21 15:49:00+00:00,14.930000305175781,14.930000305175781,14.90999984741211,14.920000076293945,0
2026-09-21 15:50:00+00:00,14.920000076293945,14.9399995803833,14.920000076293945,14.9399995803833,0
2026-09-21 15:51:00+00:00,14.930000305175781,14.949999809265137,14.930000305175781,14.949999809265137,0
2026-09-21 15:52:00+00:00,14.949999809265137,14.960000038146973,14.949999809265137,14.960000038146973,0
2026-09-21 15:53:00+00:00,14.960000038146973,14.970000267028809,14.960000038146973,14.970000267028809,0
2026-09-21 15:54:00+00:00,14.949999809265137,14.949999809265137,14.880000114440918,14.880000114440918,0
2026-09-21 15:55:00+00:00,14.880000114440918,14.920000076293945,14.880000114440918,14.920000076293945,0
2026-09-21 15:56:00+00:00,14.920000076293945,14.930000305175781,14.899999618530273,14.899999618530273,0
2026-09-21 15:57:00+00:00,14.899999618530273,14.899999618530273,14.890000343322754,14.890000343322754,0
2026-09-21 15:58:00+00:00,14.880000114440918,14.880000114440918,14.880000114440918,14.880000114440918,0
2026-09-21 15:59:00+00:00,14.890000343322754,14.890000343322754,14.880000114440918,14.880000114440918,0
2026-09-21 16:00:00+00:00,14.880000114440918,14.890000343322754,14.869999885559082,14.869999885559082,0
2026-09-21 16:01:00+00:00,14.869999885559082,14.880000114440918,14.869999885559082,14.880000114440918,0
2026-09-21 16:02:00+00:00,14.880000114440918,14.890000343322754,14.880000114440918,14.890000343322754,0
2026-09-21 16:03:00+00:00,14.890000343322754,14.90999984741211,14.890000343322754,14.90999984741211,0
2026-09-21 16:04:00+00:00,14.90999984741211,14.90999984741211,14.90999984741211,14.90999984741211,0
2026-09-21 16:05:00+00:00,14.920000076293945,14.930000305175781,14.920000076293945,14.920000076293945,0
2026-09-21 16:06:00+00:00,14.920000076293945,14.920000076293945,14.920000076293945,14.920000076293945,0
2026-09-21 16:07:00+00:00,14.920000076293945,14.920000076293945,14.8100004196167,14.90999984741211,0
2026-09-21 16:08:00+00:00,14.90999984741211,14.9399995803833,14.90999984741211,14.9399995803833,0
2026-09-21 16:09:00+00:00,14.949999809265137,14.949999809265137,14.9399995803833,14.9399995803833,0
2026-09-21 16:10:00+00:00,14.9399995803833,14.949999809265137,14.9399995803833,14.949999809265137,0
2026-09-21 16:11:00+00:00,14.949999809265137,14.970000267028809,14.949999809265137,14.970000267028809,0
2026-09-21 16:12:00+00:00,14.970000267028809,14.970000267028809,14.970000267028809,14.970000267028809,0
2026-09-21 16:13:00+00:00,14.970000267028809,14.970000267028809,14.970000267028809,14.970000267028809,0
2026-09-21 16:14:00+00:00,14.970000267028809,14.970000267028809,14.970000267028809,14.970000267028809,0
2026-09-21 16:15:00+00:00,14.970000267028809,14.979999542236328,14.970000267028809,14.979999542236328,0
2026-09-21 16:16:00+00:00,14.979999542236328,14.979999542236328,14.970000267028809,14.979999542236328,0
2026-09-21 16:17:00+00:00,15.0,15.010000228881836,15.0,15.0,0
2026-09-21 16:18:00+00:00,15.010000228881836,15.020000457763672,15.010000228881836,15.010000228881836,0
2026-09-21 16:19:00+00:00,15.010000228881836,15.020000457763672,15.010000228881836,15.020000457763672,0
2026-09-21 16:20:00+00:00,15.020000457763672,15.020000457763672,15.010000228881836,15.010000228881836,0
2026-09-21 16:21:00+00:00,15.010000228881836,15.010000228881836,14.989999771118164,14.989999771118164,0
2026-09-21 16:22:00+00:00,14.989999771118164,15.010000228881836,14.989999771118164,15.010000228881836,0
2026-09-21 16:23:00+00:00,15.010000228881836,15.020000457763672,15.010000228881836,15.020000457763672,0
2026-09-21 16:24:00+00:00,15.020000457763672,15.029999732971191,15.020000457763672,15.020000457763672,0
2026-09-21 16:25:00+00:00,15.020000457763672,15.020000457763672,15.020000457763672,15.020000457763672,0
2026-09-21 16:26:00+00:00,15.029999732971191,15.029999732971191,15.029999732971191,15.029999732971191,0
2026-09-21 16:27:00+00:00,15.029999732971191,15.029999732971191,15.020000457763672,15.020000457763672,0
2026-09-21 16:28:00+00:00,15.029999732971191,15.029999732971191,15.029999732971191,15.029999732971191,0
2026-09-21 16:29:00+00:00,15.020000457763672,15.029999732971191,15.020000457763672,15.029999732971191,0
2026-09-21 16:30:00+00:00,15.020000457763672,15.039999961853027,15.020000457763672,15.039999961853027,0
2026-09-21 16:31:00+00:00,15.039999961853027,15.039999961853027,15.039999961853027,15.039999961853027,0
2026-09-21 16:32:00+00:00,15.050000190734863,15.069999694824219,15.050000190734863,15.069999694824219,0
2026-09-21 16:33:00+00:00,15.069999694824219,15.069999694824219,15.0600004196167,15.069999694824219,0
2026-09-21 16:34:00+00:00,15.069999694824219,15.079999923706055,15.069999694824219,15.069999694824219,0
2026-09-21 16:35:00+00:00,15.069999694824219,15.09000015258789,15.069999694824219,15.09000015258789,0
2026-09-21 16:36:00+00:00,15.100000381469727,15.109999656677246,15.100000381469727,15.100000381469727,0
2026-09-21 16:37:00+00:00,15.100000381469727,15.100000381469727,15.09000015258789,15.09000015258789,0
2026-09-21 16:38:00+00:00,15.100000381469727,15.130000114440918,15.09000015258789,15.09000015258789,0
2026-09-21 16:39:00+00:00,15.09000015258789,15.130000114440918,15.09000015258789,15.130000114440918,0
2026-09-21 16:40:00+00:00,15.119999885559082,15.130000114440918,15.119999885559082,15.130000114440918,0
2026-09-21 16:41:00+00:00,15.130000114440918,15.130000114440918,15.109999656677246,15.109999656677246,0
2026-09-21 16:42:00+00:00,15.109999656677246,15.109999656677246,15.09000015258789,15.09000015258789,0
2026-09-21 16:43:00+00:00,15.09000015258789,15.09000015258789,15.069999694824219,15.069999694824219,0
2026-09-21 16:44:00+00:00,15.100000381469727,15.100000381469727,15.09000015258789,15.09000015258789,0
2026-09-21 16:45:00+00:00,15.079999923706055,15.079999923706055,15.079999923706055,15.079999923706055,0
2026-09-21 16:46:00+00:00,15.079999923706055,15.079999923706055,15.079999923706055,15.079999923706055,0
2026-09-21 16:47:00+00:00,15.09000015258789,15.100000381469727,15.09000015258789,15.09000015258789,0
2026-09-21 16:48:00+00:00,15.09000015258789,15.09000015258789,15.069999694824219,15.069999694824219,0
2026-09-21 16:49:00+00:00,15.079999923706055,15.079999923706055,15.079999923706055,15.079999923706055,0
2026-09-21 16:50:00+00:00,15.069999694824219,15.09000015258789,15.069999694824219,15.09000015258789,0
2026-09-21 16:51:00+00:00,15.09000015258789,15.09000015258789,15.09000015258789,15.09000015258789,0
2026-09-21 16:52:00+00:00,15.079999923706055,15.079999923706055,15.039999961853027,15.039999961853027,0
2026-09-21 16:53:00+00:00,15.039999961853027,15.039999961853027,15.039999961853027,15.039999961853027,0
2026-09-21 16:54:00+00:00,15.039999961853027,15.039999961853027,15.039999961853027,15.039999961853027,0
2026-09-21 16:55:00+00:00,15.039999961853027,15.039999961853027,15.029999732971191,15.029999732971191,0
2026-09-21 16:56:00+00:00,15.020000457763672,15.020000457763672,15.010000228881836,15.010000228881836,0
2026-09-21 16:57:00+00:00,15.010000228881836,15.010000228881836,15.010000228881836,15.010000228881836,0
2026-09-21 16:58:00+00:00,15.010000228881836,15.010000228881836,15.010000228881836,15.010000228881836,0
2026-09-21 16:59:00+00:00,15.010000228881836,15.010000228881836,15.0,15.010000228881836,0
2026-09-21 17:00:00+00:00,15.010000228881836,15.020000457763672,15.010000228881836,15.020000457763672,0
2026-09-21 17:01:00+00:00,15.020000457763672,15.020000457763672,15.010000228881836,15.010000228881836,0
2026-09-21 17:02:00+00:00,15.010000228881836,15.010000228881836,15.0,15.0,0
2026-09-21 17:03:00+00:00,15.0,15.0,14.979999542236328,14.979999542236328,0
2026-09-21 17:04:00+00:00,14.970000267028809,14.970000267028809,14.970000267028809,14.970000267028809,0
2026-09-21 17:05:00+00:00,14.979999542236328,14.979999542236328,14.970000267028809,14.970000267028809,0
2026-09-21 17:06:00+00:00,14.979999542236328,14.979999542236328,14.970000267028809,14.970000267028809,0
2026-09-21 17:07:00+00:00,14.970000267028809,14.970000267028809,14.970000267028809,14.970000267028809,0
2026-09-21 17:08:00+00:00,14.979999542236328,14.979999542236328,14.979999542236328,14.979999542236328,0
2026-09-21 17:09:00+00:00,14.979999542236328,14.979999542236328,14.960000038146973,14.960000038146973,0
2026-09-21 17:10:00+00:00,14.960000038146973,14.960000038146973,14.949999809265137,14.949999809265137,0
2026-09-21 17:11:00+00:00,14.949999809265137,14.949999809265137,14.949999809265137,14.949999809265137,0
2026-09-21 17:12:00+00:00,14.949999809265137,14.979999542236328,14.949999809265137,14.979999542236328,0
2026-09-21 17:13:00+00:00,14.979999542236328,14.989999771118164,14.979999542236328,14.989999771118164,0
2026-09-21 17:14:00+00:00,15.0,15.0,14.989999771118164,15.0,0
2026-09-21 17:15:00+00:00,15.010000228881836,15.010000228881836,15.010000228881836,15.010000228881836,0
2026-09-21 17:16:00+00:00,15.010000228881836,15.050000190734863,15.010000228881836,15.050000190734863,0
2026-09-21 17:17:00+00:00,15.050000190734863,15.050000190734863,15.050000190734863,15.050000190734863,0
2026-09-21 17:18:00+00:00,15.050000190734863,15.0600004196167,15.050000190734863,15.0600004196167,0
2026-09-21 17:19:00+00:00,15.069999694824219,15.069999694824219,15.069999694824219,15.069999694824219,0
2026-09-21 17:20:00+00:00,15.069999694824219,15.069999694824219,15.0600004196167,15.0600004196167,0
2026-09-21 17:21:00+00:00,15.050000190734863,15.050000190734863,15.050000190734863,15.050000190734863,0
2026-09-21 17:22:00+00:00,15.050000190734863,15.050000190734863,15.039999961853027,15.039999961853027,0
2026-09-21 17:23:00+00:00,15.039999961853027,15.039999961853027,15.029999732971191,15.039999961853027,0
2026-09-21 17:24:00+00:00,15.039999961853027,15.050000190734863,15.039999961853027,15.050000190734863,0
2026-09-21 17:25:00+00:00,15.050000190734863,15.050000190734863,15.039999961853027,15.039999961853027,0
2026-09-21 17:26:00+00:00,15.029999732971191,15.039999961853027,15.029999732971191,15.039999961853027,0
2026-09-21 17:27:00+00:00,15.020000457763672,15.020000457763672,15.020000457763672,15.020000457763672,0
2026-09-21 17:28:00+00:00,15.020000457763672,15.020000457763672,15.010000228881836,15.010000228881836,0
2026-09-21 17:29:00+00:00,15.010000228881836,15.010000228881836,15.0,15.010000228881836,0
2026-09-21 17:30:00+00:00,15.010000228881836,15.050000190734863,15.010000228881836,15.050000190734863,0
2026-09-21 17:31:00+00:00,15.050000190734863,15.050000190734863,15.029999732971191,15.039999961853027,0
2026-09-21 17:32:00+00:00,15.039999961853027,15.039999961853027,15.029999732971191,15.029999732971191,0
2026-09-21 17:33:00+00:00,15.029999732971191,15.029999732971191,15.029999732971191,15.029999732971191,0
2026-09-21 17:34:00+00:00,15.029999732971191,15.029999732971191,15.029999732971191,15.029999732971191,0
2026-09-21 17:35:00+00:00,15.029999732971191,15.029999732971191,15.020000457763672,15.020000457763672,0
2026-09-21 17:36:00+00:00,15.020000457763672,15.029999732971191,15.020000457763672,15.020000457763672,0
2026-09-21 17:37:00+00:00,15.020000457763672,15.020000457763672,15.020000457763672,15.020000457763672,0
2026-09-21 17:38:00+00:00,15.0,15.0,15.0,15.0,0
2026-09-21 17:39:00+00:00,15.0,15.0,15.0,15.0,0
2026-09-21 17:40:00+00:00,15.0,15.0,15.0,15.0,0
2026-09-21 17:41:00+00:00,15.0,15.0,15.0,15.0,0
2026-09-21 17:42:00+00:00,14.989999771118164,14.989999771118164,14.989999771118164,14.989999771118164,0
2026-09-21 17:43:00+00:00,14.989999771118164,14.989999771118164,14.989999771118164,14.989999771118164,0
2026-09-21 17:44:00+00:00,14.989999771118164,14.989999771118164,14.989999771118164,14.989999771118164,0
2026-09-21 17:45:00+00:00,14.989999771118164,15.010000228881836,14.989999771118164,15.010000228881836,0
2026-09-21 17:46:00+00:00,15.010000228881836,15.020000457763672,15.010000228881836,15.020000457763672,0
2026-09-21 17:47:00+00:00,15.020000457763672,15.029999732971191,15.020000457763672,15.029999732971191,0
2026-09-21 17:48:00+00:00,15.029999732971191,15.029999732971191,15.029999732971191,15.029999732971191,0
2026-09-21 17:49:00+00:00,15.029999732971191,15.029999732971191,15.029999732971191,15.029999732971191,0
2026-09-21 17:50:00+00:00,15.029999732971191,15.029999732971191,15.029999732971191,15.029999732971191,0
2026-09-21 17:51:00+00:00,15.029999732971191,15.029999732971191,15.029999732971191,15.029999732971191,0
2026-09-21 17:52:00+00:00,15.029999732971191,15.029999732971191,15.029999732971191,15.029999732971191,0
2026-09-21 17:53:00+00:00,15.020000457763672,15.029999732971191,15.020000457763672,15.029999732971191,0
2026-09-21 17:54:00+00:00,15.029999732971191,15.029999732971191,15.029999732971191,15.029999732971191,0
2026-09-21 17:55:00+00:00,15.050000190734863,15.050000190734863,15.050000190734863,15.050000190734863,0
2026-09-21 17:56:00+00:00,15.050000190734863,15.050000190734863,15.050000190734863,15.050000190734863,0
2026-09-21 17:57:00+00:00,15.050000190734863,15.050000190734863,15.050000190734863,15.050000190734863,0
2026-09-21 17:58:00+00:00,15.050000190734863,15.050000190734863,15.050000190734863,15.050000190734863,0
2026-09-21 17:59:00+00:00,15.050000190734863,15.0600004196167,15.050000190734863,15.0600004196167,0
2026-09-21 18:00:00+00:00,15.0600004196167,15.0600004196167,15.050000190734863,15.050000190734863,0
2026-09-21 18:01:00+00:00,15.050000190734863,15.050000190734863,15.050000190734863,15.050000190734863,0
2026-09-21 18:02:00+00:00,15.050000190734863,15.050000190734863,15.050000190734863,15.050000190734863,0
2026-09-21 18:03:00+00:00,15.050000190734863,15.050000190734863,15.050000190734863,15.050000190734863,0
2026-09-21 18:04:00+00:00,15.050000190734863,15.050000190734863,15.050000190734863,15.050000190734863,0
2026-09-21 18:05:00+00:00,15.050000190734863,15.0600004196167,15.050000190734863,15.0600004196167,0
2026-09-21 18:06:00+00:00,15.0600004196167,15.0600004196167,15.0600004196167,15.0600004196167,0
2026-09-21 18:07:00+00:00,15.0600004196167,15.0600004196167,15.0600004196167,15.0600004196167,0
2026-09-21 18:08:00+00:00,15.0600004196167,15.0600004196167,15.0600004196167,15.0600004196167,0
2026-09-21 18:09:00+00:00,15.0600004196167,15.0600004196167,15.050000190734863,15.050000190734863,0
2026-09-21 18:10:00+00:00,15.050000190734863,15.050000190734863,15.050000190734863,15.050000190734863,0
2026-09-21 18:11:00+00:00,15.050000190734863,15.050000190734863,15.029999732971191,15.029999732971191,0
2026-09-21 18:12:00+00:00,15.029999732971191,15.029999732971191,15.029999732971191,15.029999732971191,0
2026-09-21 18:13:00+00:00,15.029999732971191,15.029999732971191,15.029999732971191,15.029999732971191,0
2026-09-21 18:14:00+00:00,15.029999732971191,15.029999732971191,15.029999732971191,15.029999732971191,0
2026-09-21 18:15:00+00:00,15.029999732971191,15.029999732971191,15.029999732971191,15.029999732971191,0
2026-09-21 18:16:00+00:00,15.029999732971191,15.029999732971191,15.029999732971191,15.029999732971191,0
2026-09-21 18:17:00+00:00,15.050000190734863,15.050000190734863,15.050000190734863,15.050000190734863,0
2026-09-21 18:18:00+00:00,15.050000190734863,15.050000190734863,15.050000190734863,15.050000190734863,0
2026-09-21 18:19:00+00:00,15.0600004196167,15.0600004196167,15.050000190734863,15.050000190734863,0
2026-09-21 18:20:00+00:00,15.050000190734863,15.050000190734863,15.050000190734863,15.050000190734863,0
2026-09-21 18:21:00+00:00,15.050000190734863,15.050000190734863,15.050000190734863,15.050000190734863,0
2026-09-21 18:22:00+00:00,15.050000190734863,15.0600004196167,15.050000190734863,15.0600004196167,0
2026-09-21 18:23:00+00:00,15.050000190734863,15.0600004196167,15.050000190734863,15.0600004196167,0
2026-09-21 18:24:00+00:00,15.0600004196167,15.069999694824219,15.0600004196167,15.069999694824219,0
2026-09-21 18:25:00+00:00,15.069999694824219,15.069999694824219,15.050000190734863,15.050000190734863,0
2026-09-21 18:26:00+00:00,15.039999961853027,15.039999961853027,15.039999961853027,15.039999961853027,0
2026-09-21 18:27:00+00:00,15.039999961853027,15.039999961853027,15.029999732971191,15.029999732971191,0
2026-09-21 18:28:00+00:00,15.029999732971191,15.039999961853027,15.029999732971191,15.039999961853027,0
2026-09-21 18:29:00+00:00,15.029999732971191,15.029999732971191,15.029999732971191,15.029999732971191,0
2026-09-21 18:30:00+00:00,15.039999961853027,15.039999961853027,15.029999732971191,15.029999732971191,0
2026-09-21 18:31:00+00:00,15.020000457763672,15.029999732971191,15.020000457763672,15.029999732971191,0
2026-09-21 18:32:00+00:00,15.020000457763672,15.020000457763672,15.010000228881836,15.010000228881836,0
2026-09-21 18:33:00+00:00,15.010000228881836,15.010000228881836,15.010000228881836,15.010000228881836,0
2026-09-21 18:34:00+00:00,15.010000228881836,15.010000228881836,15.010000228881836,15.010000228881836,0
2026-09-21 18:35:00+00:00,15.010000228881836,15.010000228881836,15.010000228881836,15.010000228881836,0
2026-09-21 18:36:00+00:00,15.010000228881836,15.010000228881836,15.0,15.0,0
2026-09-21 18:37:00+00:00,15.010000228881836,15.010000228881836,15.0,15.0,0
2026-09-21 18:38:00+00:00,14.989999771118164,14.989999771118164,14.989999771118164,14.989999771118164,0
2026-09-21 18:39:00+00:00,14.989999771118164,14.989999771118164,14.989999771118164,14.989999771118164,0
2026-09-21 18:40:00+00:00,14.989999771118164,15.0,14.989999771118164,15.0,0
2026-09-21 18:41:00+00:00,15.0,15.010000228881836,15.0,15.010000228881836,0
2026-09-21 18:42:00+00:00,15.010000228881836,15.010000228881836,15.010000228881836,15.010000228881836,0
2026-09-21 18:43:00+00:00,15.010000228881836,15.010000228881836,15.010000228881836,15.010000228881836,0
2026-09-21 18:44:00+00:00,15.010000228881836,15.010000228881836,14.989999771118164,14.989999771118164,0
2026-09-21 18:45:00+00:00,14.989999771118164,15.0,14.989999771118164,15.0,0
2026-09-21 18:46:00+00:00,15.0,15.010000228881836,15.0,15.010000228881836,0
2026-09-21 18:47:00+00:00,15.010000228881836,15.010000228881836,15.0,15.0,0
2026-09-21 18:48:00+00:00,15.0,15.0,15.0,15.0,0
2026-09-21 18:49:00+00:00,15.010000228881836,15.010000228881836,15.010000228881836,15.010000228881836,0
2026-09-21 18:50:00+00:00,15.010000228881836,15.010000228881836,15.010000228881836,15.010000228881836,0
2026-09-21 18:51:00+00:00,15.010000228881836,15.020000457763672,15.010000228881836,15.020000457763672,0
2026-09-21 18:52:00+00:00,15.010000228881836,15.020000457763672,15.010000228881836,15.020000457763672,0
2026-09-21 18:53:00+00:00,15.020000457763672,15.020000457763672,15.020000457763672,15.020000457763672,0
2026-09-21 18:54:00+00:00,15.020000457763672,15.029999732971191,15.020000457763672,15.029999732971191,0
2026-09-21 18:55:00+00:00,15.029999732971191,15.029999732971191,15.020000457763672,15.020000457763672,0
2026-09-21 18:56:00+00:00,15.039999961853027,15.039999961853027,15.029999732971191,15.029999732971191,0
2026-09-21 18:57:00+00:00,15.029999732971191,15.039999961853027,15.029999732971191,15.039999961853027,0
2026-09-21 18:58:00+00:00,15.029999732971191,15.029999732971191,15.020000457763672,15.020000457763672,0
2026-09-21 18:59:00+00:00,15.029999732971191,15.029999732971191,15.020000457763672,15.020000457763672,0
2026-09-21 19:00:00+00:00,15.020000457763672,15.020000457763672,15.010000228881836,15.010000228881836,0
2026-09-21 19:01:00+00:00,15.010000228881836,15.010000228881836,15.010000228881836,15.010000228881836,0
2026-09-21 19:02:00+00:00,15.010000228881836,15.010000228881836,15.010000228881836,15.010000228881836,0
2026-09-21 19:03:00+00:00,15.039999961853027,15.050000190734863,15.039999961853027,15.050000190734863,0
2026-09-21 19:04:00+00:00,15.050000190734863,15.050000190734863,15.039999961853027,15.039999961853027,0
2026-09-21 19:05:00+00:00,15.050000190734863,15.050000190734863,15.050000190734863,15.050000190734863,0
2026-09-21 19:06:00+00:00,15.050000190734863,15.050000190734863,15.050000190734863,15.050000190734863,0
2026-09-21 19:07:00+00:00,15.039999961853027,15.050000190734863,15.039999961853027,15.050000190734863,0
2026-09-21 19:08:00+00:00,15.039999961853027,15.039999961853027,15.039999961853027,15.039999961853027,0
2026-09-21 19:09:00+00:00,15.029999732971191,15.029999732971191,15.029999732971191,15.029999732971191,0
2026-09-21 19:10:00+00:00,15.029999732971191,15.039999961853027,15.029999732971191,15.039999961853027,0
2026-09-21 19:11:00+00:00,15.039999961853027,15.050000190734863,15.039999961853027,15.050000190734863,0
2026-09-21 19:12:00+00:00,15.039999961853027,15.039999961853027,15.039999961853027,15.039999961853027,0
2026-09-21 19:13:00+00:00,15.039999961853027,15.039999961853027,15.029999732971191,15.029999732971191,0
2026-09-21 19:14:00+00:00,15.029999732971191,15.029999732971191,15.029999732971191,15.029999732971191,0
2026-09-21 19:15:00+00:00,15.020000457763672,15.020000457763672,15.010000228881836,15.010000228881836,0
2026-09-21 19:16:00+00:00,15.020000457763672,15.020000457763672,15.010000228881836,15.010000228881836,0
2026-09-21 19:17:00+00:00,15.010000228881836,15.010000228881836,15.010000228881836,15.010000228881836,0
2026-09-21 19:18:00+00:00,15.010000228881836,15.010000228881836,15.010000228881836,15.010000228881836,0
2026-09-21 19:19:00+00:00,15.0,15.0,15.0,15.0,0
2026-09-21 19:20:00+00:00,14.989999771118164,15.0,14.989999771118164,15.0,0
2026-09-21 19:21:00+00:00,15.0,15.0,14.989999771118164,14.989999771118164,0
2026-09-21 19:22:00+00:00,14.989999771118164,14.989999771118164,14.989999771118164,14.989999771118164,0
2026-09-21 19:23:00+00:00,14.989999771118164,14.989999771118164,14.979999542236328,14.979999542236328,0
2026-09-21 19:24:00+00:00,14.979999542236328,14.989999771118164,14.979999542236328,14.979999542236328,0
2026-09-21 19:25:00+00:00,14.989999771118164,14.989999771118164,14.970000267028809,14.979999542236328,0
2026-09-21 19:26:00+00:00,14.970000267028809,14.970000267028809,14.970000267028809,14.970000267028809,0
2026-09-21 19:27:00+00:00,14.960000038146973,14.960000038146973,14.960000038146973,14.960000038146973,0
2026-09-21 19:28:00+00:00,14.960000038146973,14.960000038146973,14.949999809265137,14.949999809265137,0
2026-09-21 19:29:00+00:00,14.949999809265137,14.949999809265137,14.9399995803833,14.9399995803833,0
2026-09-21 19:30:00+00:00,14.9399995803833,14.9399995803833,14.930000305175781,14.930000305175781,0
2026-09-21 19:31:00+00:00,14.90999984741211,14.90999984741211,14.899999618530273,14.899999618530273,0
2026-09-21 19:32:00+00:00,14.890000343322754,14.890000343322754,14.890000343322754,14.890000343322754,0
2026-09-21 19:33:00+00:00,14.890000343322754,14.890000343322754,14.880000114440918,14.880000114440918,0
2026-09-21 19:34:00+00:00,14.880000114440918,14.880000114440918,14.869999885559082,14.869999885559082,0
2026-09-21 19:35:00+00:00,14.869999885559082,14.869999885559082,14.859999656677246,14.859999656677246,0
2026-09-21 19:36:00+00:00,14.859999656677246,14.880000114440918,14.859999656677246,14.880000114440918,0
2026-09-21 19:37:00+00:00,14.869999885559082,14.880000114440918,14.869999885559082,14.880000114440918,0
2026-09-21 19:38:00+00:00,14.880000114440918,14.880000114440918,14.869999885559082,14.869999885559082,0
2026-09-21 19:39:00+00:00,14.869999885559082,14.869999885559082,14.859999656677246,14.859999656677246,0
2026-09-21 19:40:00+00:00,14.850000381469727,14.850000381469727,14.850000381469727,14.850000381469727,0
2026-09-21 19:41:00+00:00,14.850000381469727,14.859999656677246,14.850000381469727,14.850000381469727,0
2026-09-21 19:42:00+00:00,14.850000381469727,14.859999656677246,14.850000381469727,14.859999656677246,0
2026-09-21 19:43:00+00:00,14.859999656677246,14.859999656677246,14.850000381469727,14.850000381469727,0
2026-09-21 19:44:00+00:00,14.850000381469727,14.850000381469727,14.850000381469727,14.850000381469727,0
2026-09-21 19:45:00+00:00,14.850000381469727,14.859999656677246,14.850000381469727,14.850000381469727,0
2026-09-21 19:46:00+00:00,14.850000381469727,14.850000381469727,14.850000381469727,14.850000381469727,0
2026-09-21 19:47:00+00:00,14.859999656677246,14.859999656677246,14.859999656677246,14.859999656677246,0
2026-09-21 19:48:00+00:00,14.850000381469727,14.850000381469727,14.850000381469727,14.850000381469727,0
2026-09-21 19:49:00+00:00,14.84000015258789,14.850000381469727,14.84000015258789,14.84000015258789,0
2026-09-21 19:50:00+00:00,14.800000190734863,14.829999923706055,14.800000190734863,14.829999923706055,0
2026-09-21 19:51:00+00:00,14.829999923706055,14.84000015258789,14.819999694824219,14.84000015258789,0
2026-09-21 19:52:00+00:00,14.859999656677246,14.859999656677246,14.829999923706055,14.829999923706055,0
2026-09-21 19:53:00+00:00,14.829999923706055,14.829999923706055,14.819999694824219,14.819999694824219,0
2026-09-21 19:54:00+00:00,14.8100004196167,14.8100004196167,14.789999961853027,14.800000190734863,0
2026-09-21 19:55:00+00:00,14.770000457763672,14.789999961853027,14.770000457763672,14.779999732971191,0
2026-09-21 19:56:00+00:00,14.779999732971191,14.779999732971191,14.770000457763672,14.770000457763672,0
2026-09-21 19:57:00+00:00,14.779999732971191,14.779999732971191,14.779999732971191,14.779999732971191,0
2026-09-21 19:58:00+00:00,14.779999732971191,14.779999732971191,14.779999732971191,14.779999732971191,0
2026-09-21 19:59:00+00:00,14.770000457763672,14.789999961853027,14.770000457763672,14.789999961853027,0
2026-09-21 20:00:00+00:00,14.800000190734863,14.800000190734863,14.779999732971191,14.800000190734863,0
2026-09-21 20:01:00+00:00,14.800000190734863,14.829999923706055,14.800000190734863,14.829999923706055,0
2026-09-21 20:02:00+00:00,14.829999923706055,14.829999923706055,14.819999694824219,14.819999694824219,0
2026-09-21 20:03:00+00:00,14.8100004196167,14.8100004196167,14.8100004196167,14.8100004196167,0
2026-09-21 20:04:00+00:00,14.8100004196167,14.819999694824219,14.8100004196167,14.819999694824219,0
2026-09-21 20:05:00+00:00,14.819999694824219,14.819999694824219,14.819999694824219,14.819999694824219,0
2026-09-21 20:06:00+00:00,14.819999694824219,14.819999694824219,14.8100004196167,14.8100004196167,0
2026-09-21 20:07:00+00:00,14.8100004196167,14.8100004196167,14.800000190734863,14.800000190734863,0
2026-09-21 20:08:00+00:00,14.800000190734863,14.819999694824219,14.800000190734863,14.819999694824219,0
2026-09-21 20:09:00+00:00,14.819999694824219,14.819999694824219,14.819999694824219,14.819999694824219,0
2026-09-21 20:10:00+00:00,14.819999694824219,14.819999694824219,14.819999694824219,14.819999694824219,0
2026-09-21 20:11:00+00:00,14.819999694824219,14.829999923706055,14.819999694824219,14.819999694824219,0
2026-09-21 20:12:00+00:00,14.819999694824219,14.829999923706055,14.819999694824219,14.829999923706055,0
2026-09-21 20:13:00+00:00,14.829999923706055,14.829999923706055,14.819999694824219,14.819999694824219,0
2026-09-21 20:14:00+00:00,14.819999694824219,14.869999885559082,14.819999694824219,14.859999656677246,0
2026-09-22 07:15:00+00:00,14.640000343322754,14.640000343322754,14.640000343322754,14.640000343322754,0
2026-09-22 07:16:00+00:00,14.640000343322754,14.640000343322754,14.640000343322754,14.640000343322754,0
2026-09-22 07:17:00+00:00,14.640000343322754,14.640000343322754,14.640000343322754,14.640000343322754,0
2026-09-22 07:18:00+00:00,14.640000343322754,14.640000343322754,14.640000343322754,14.640000343322754,0
2026-09-22 07:19:00+00:00,14.640000343322754,14.640000343322754,14.640000343322754,14.640000343322754,0
2026-09-22 07:20:00+00:00,14.649999618530273,14.649999618530273,14.649999618530273,14.649999618530273,0
2026-09-22 07:21:00+00:00,14.649999618530273,14.649999618530273,14.649999618530273,14.649999618530273,0
2026-09-22 07:22:00+00:00,14.649999618530273,14.65999984741211,14.649999618530273,14.65999984741211,0
2026-09-22 07:23:00+00:00,14.65999984741211,14.65999984741211,14.65999984741211,14.65999984741211,0
2026-09-22 07:24:00+00:00,14.65999984741211,14.670000076293945,14.65999984741211,14.65999984741211,0
2026-09-22 07:25:00+00:00,14.670000076293945,14.670000076293945,14.65999984741211,14.670000076293945,0
2026-09-22 07:26:00+00:00,14.670000076293945,14.670000076293945,14.670000076293945,14.670000076293945,0
2026-09-22 07:27:00+00:00,14.670000076293945,14.670000076293945,14.670000076293945,14.670000076293945,0
2026-09-22 07:28:00+00:00,14.670000076293945,14.670000076293945,14.65999984741211,14.65999984741211,0
2026-09-22 07:29:00+00:00,14.65999984741211,14.670000076293945,14.65999984741211,14.670000076293945,0
2026-09-22 07:30:00+00:00,14.670000076293945,14.670000076293945,14.670000076293945,14.670000076293945,0
2026-09-22 07:31:00+00:00,14.670000076293945,14.670000076293945,14.670000076293945,14.670000076293945,0
2026-09-22 07:32:00+00:00,14.670000076293945,14.670000076293945,14.670000076293945,14.670000076293945,0
2026-09-22 07:33:00+00:00,14.680000305175781,14.680000305175781,14.680000305175781,14.680000305175781,0
2026-09-22 07:34:00+00:00,14.680000305175781,14.680000305175781,14.680000305175781,14.680000305175781,0
2026-09-22 07:35:00+00:00,14.680000305175781,14.680000305175781,14.680000305175781,14.680000305175781,0
2026-09-22 07:36:00+00:00,14.680000305175781,14.680000305175781,14.680000305175781,14.680000305175781,0
2026-09-22 07:37:00+00:00,14.680000305175781,14.680000305175781,14.680000305175781,14.680000305175781,0
2026-09-22 07:38:00+00:00,14.680000305175781,14.680000305175781,14.680000305175781,14.680000305175781,0
2026-09-22 07:39:00+00:00,14.680000305175781,14.6899995803833,14.680000305175781,14.6899995803833,0
2026-09-22 07:40:00+00:00,14.6899995803833,14.6899995803833,14.6899995803833,14.6899995803833,0
2026-09-22 07:41:00+00:00,14.6899995803833,14.6899995803833,14.680000305175781,14.680000305175781,0
2026-09-22 07:42:00+00:00,14.680000305175781,14.680000305175781,14.680000305175781,14.680000305175781,0
2026-09-22 07:43:00+00:00,14.680000305175781,14.680000305175781,14.680000305175781,14.680000305175781,0
2026-09-22 07:44:00+00:00,14.6899995803833,14.6899995803833,14.680000305175781,14.680000305175781,0
2026-09-22 07:45:00+00:00,14.680000305175781,14.6899995803833,14.680000305175781,14.680000305175781,0
2026-09-22 07:46:00+00:00,14.680000305175781,14.680000305175781,14.680000305175781,14.680000305175781,0
2026-09-22 07:47:00+00:00,14.680000305175781,14.680000305175781,14.680000305175781,14.680000305175781,0
2026-09-22 07:48:00+00:00,14.6899995803833,14.6899995803833,14.6899995803833,14.6899995803833,0
2026-09-22 07:49:00+00:00,14.6899995803833,14.6899995803833,14.6899995803833,14.6899995803833,0
2026-09-22 07:50:00+00:00,14.6899995803833,14.6899995803833,14.6899995803833,14.6899995803833,0
2026-09-22 07:51:00+00:00,14.699999809265137,14.699999809265137,14.699999809265137,14.699999809265137,0
2026-09-22 07:52:00+00:00,14.699999809265137,14.699999809265137,14.699999809265137,14.699999809265137,0
2026-09-22 07:53:00+00:00,14.699999809265137,14.720000267028809,14.699999809265137,14.720000267028809,0
2026-09-22 07:54:00+00:00,14.729999542236328,14.75,14.729999542236328,14.75,0
2026-09-22 07:55:00+00:00,14.770000457763672,14.779999732971191,14.770000457763672,14.779999732971191,0
2026-09-22 07:56:00+00:00,14.779999732971191,14.779999732971191,14.779999732971191,14.779999732971191,0
2026-09-22 07:57:00+00:00,14.789999961853027,14.800000190734863,14.789999961853027,14.800000190734863,0
2026-09-22 07:58:00+00:00,14.800000190734863,14.8100004196167,14.800000190734863,14.8100004196167,0
2026-09-22 07:59:00+00:00,14.8100004196167,14.8100004196167,14.800000190734863,14.800000190734863,0
2026-09-22 08:00:00+00:00,14.8100004196167,14.819999694824219,14.8100004196167,14.8100004196167,0
2026-09-22 08:01:00+00:00,14.8100004196167,14.819999694824219,14.8100004196167,14.8100004196167,0
2026-09-22 08:02:00+00:00,14.8100004196167,14.8100004196167,14.800000190734863,14.800000190734863,0
2026-09-22 08:03:00+00:00,14.800000190734863,14.800000190734863,14.789999961853027,14.800000190734863,0
2026-09-22 08:04:00+00:00,14.8100004196167,14.8100004196167,14.8100004196167,14.8100004196167,0
2026-09-22 08:05:00+00:00,14.8100004196167,14.8100004196167,14.789999961853027,14.789999961853027,0
2026-09-22 08:06:00+00:00,14.800000190734863,14.8100004196167,14.800000190734863,14.8100004196167,0
2026-09-22 08:07:00+00:00,14.8100004196167,14.8100004196167,14.8100004196167,14.8100004196167,0
2026-09-22 08:08:00+00:00,14.800000190734863,14.8100004196167,14.800000190734863,14.8100004196167,0
2026-09-22 08:09:00+00:00,14.8100004196167,14.819999694824219,14.8100004196167,14.8100004196167,0
2026-09-22 08:10:00+00:00,14.8100004196167,14.819999694824219,14.8100004196167,14.819999694824219,0
2026-09-22 08:11:00+00:00,14.819999694824219,14.819999694824219,14.8100004196167,14.8100004196167,0
2026-09-22 08:12:00+00:00,14.8100004196167,14.8100004196167,14.8100004196167,14.8100004196167,0
2026-09-22 08:13:00+00:00,14.8100004196167,14.819999694824219,14.8100004196167,14.819999694824219,0
2026-09-22 08:14:00+00:00,14.819999694824219,14.829999923706055,14.819999694824219,14.819999694824219,0
2026-09-22 08:15:00+00:00,14.829999923706055,14.84000015258789,14.829999923706055,14.84000015258789,0
2026-09-22 08:16:00+00:00,14.84000015258789,14.850000381469727,14.84000015258789,14.850000381469727,0
2026-09-22 08:17:00+00:00,14.850000381469727,14.859999656677246,14.850000381469727,14.859999656677246,0
2026-09-22 08:18:00+00:00,14.859999656677246,14.869999885559082,14.859999656677246,14.869999885559082,0
2026-09-22 08:19:00+00:00,14.880000114440918,14.880000114440918,14.859999656677246,14.859999656677246,0
2026-09-22 08:20:00+00:00,14.84000015258789,14.850000381469727,14.84000015258789,14.850000381469727,0
2026-09-22 08:21:00+00:00,14.859999656677246,14.859999656677246,14.850000381469727,14.859999656677246,0
2026-09-22 08:22:00+00:00,14.850000381469727,14.869999885559082,14.850000381469727,14.869999885559082,0
2026-09-22 08:23:00+00:00,14.869999885559082,14.880000114440918,14.859999656677246,14.859999656677246,0
2026-09-22 08:24:00+00:00,14.859999656677246,14.869999885559082,14.859999656677246,14.869999885559082,0
2026-09-22 08:25:00+00:00,14.869999885559082,14.869999885559082,14.84000015258789,14.859999656677246,0
2026-09-22 08:26:00+00:00,14.869999885559082,14.899999618530273,14.869999885559082,14.899999618530273,0
2026-09-22 08:27:00+00:00,14.899999618530273,14.90999984741211,14.899999618530273,14.90999984741211,0
2026-09-22 08:28:00+00:00,14.920000076293945,14.930000305175781,14.920000076293945,14.920000076293945,0
2026-09-22 08:29:00+00:00,14.930000305175781,14.930000305175781,14.930000305175781,14.930000305175781,0
2026-09-22 08:30:00+00:00,14.930000305175781,14.9399995803833,14.930000305175781,14.9399995803833,0
2026-09-22 08:31:00+00:00,14.9399995803833,14.949999809265137,14.90999984741211,14.90999984741211,0
2026-09-22 08:32:00+00:00,14.920000076293945,14.920000076293945,14.899999618530273,14.899999618530273,0
2026-09-22 08:33:00+00:00,14.920000076293945,14.930000305175781,14.920000076293945,14.930000305175781,0
2026-09-22 08:34:00+00:00,14.920000076293945,14.9399995803833,14.920000076293945,14.930000305175781,0
2026-09-22 08:35:00+00:00,14.930000305175781,14.930000305175781,14.90999984741211,14.90999984741211,0
2026-09-22 08:36:00+00:00,14.90999984741211,14.920000076293945,14.890000343322754,14.890000343322754,0
2026-09-22 08:37:00+00:00,14.850000381469727,14.859999656677246,14.850000381469727,14.850000381469727,0
2026-09-22 08:38:00+00:00,14.850000381469727,14.850000381469727,14.84000015258789,14.84000015258789,0
2026-09-22 08:39:00+00:00,14.84000015258789,14.84000015258789,14.819999694824219,14.819999694824219,0
2026-09-22 08:40:00+00:00,14.819999694824219,14.829999923706055,14.819999694824219,14.829999923706055,0
2026-09-22 08:41:00+00:00,14.829999923706055,14.829999923706055,14.8100004196167,14.8100004196167,0
2026-09-22 08:42:00+00:00,14.8100004196167,14.819999694824219,14.8100004196167,14.819999694824219,0
2026-09-22 08:43:00+00:00,14.8100004196167,14.819999694824219,14.8100004196167,14.819999694824219,0
2026-09-22 08:44:00+00:00,14.819999694824219,14.819999694824219,14.819999694824219,14.819999694824219,0
2026-09-22 08:45:00+00:00,14.819999694824219,14.819999694824219,14.819999694824219,14.819999694824219,0
2026-09-22 08:46:00+00:00,14.819999694824219,14.829999923706055,14.819999694824219,14.829999923706055,0
2026-09-22 08:47:00+00:00,14.8100004196167,14.8100004196167,14.800000190734863,14.800000190734863,0
2026-09-22 08:48:00+00:00,14.800000190734863,14.800000190734863,14.800000190734863,14.800000190734863,0
2026-09-22 08:49:00+00:00,14.789999961853027,14.789999961853027,14.789999961853027,14.789999961853027,0
2026-09-22 08:50:00+00:00,14.789999961853027,14.789999961853027,14.789999961853027,14.789999961853027,0
2026-09-22 08:51:00+00:00,14.789999961853027,14.800000190734863,14.789999961853027,14.789999961853027,0
2026-09-22 08:52:00+00:00,14.800000190734863,14.800000190734863,14.789999961853027,14.789999961853027,0
2026-09-22 08:53:00+00:00,14.789999961853027,14.800000190734863,14.779999732971191,14.800000190734863,0
2026-09-22 08:54:00+00:00,14.800000190734863,14.829999923706055,14.800000190734863,14.829999923706055,0
2026-09-22 08:55:00+00:00,14.84000015258789,14.84000015258789,14.84000015258789,14.84000015258789,0
2026-09-22 08:56:00+00:00,14.850000381469727,14.850000381469727,14.84000015258789,14.850000381469727,0
2026-09-22 08:57:00+00:00,14.84000015258789,14.859999656677246,14.84000015258789,14.859999656677246,0
2026-09-22 08:58:00+00:00,14.859999656677246,14.869999885559082,14.859999656677246,14.869999885559082,0
2026-09-22 08:59:00+00:00,14.869999885559082,14.869999885559082,14.859999656677246,14.859999656677246,0
2026-09-22 09:00:00+00:00,14.869999885559082,14.869999885559082,14.869999885559082,14.869999885559082,0
2026-09-22 09:01:00+00:00,14.880000114440918,14.880000114440918,14.869999885559082,14.869999885559082,0
2026-09-22 09:02:00+00:00,14.880000114440918,14.880000114440918,14.8100004196167,14.8100004196167,0
2026-09-22 09:03:00+00:00,14.819999694824219,14.850000381469727,14.819999694824219,14.850000381469727,0
2026-09-22 09:04:00+00:00,14.859999656677246,14.869999885559082,14.859999656677246,14.869999885559082,0
2026-09-22 09:05:00+00:00,14.869999885559082,14.890000343322754,14.869999885559082,14.890000343322754,0
2026-09-22 09:06:00+00:00,14.890000343322754,14.890000343322754,14.880000114440918,14.880000114440918,0
2026-09-22 09:07:00+00:00,14.869999885559082,14.890000343322754,14.869999885559082,14.890000343322754,0
2026-09-22 09:08:00+00:00,14.880000114440918,14.880000114440918,14.880000114440918,14.880000114440918,0
2026-09-22 09:09:00+00:00,14.890000343322754,14.890000343322754,14.880000114440918,14.890000343322754,0
2026-09-22 09:10:00+00:00,14.890000343322754,14.890000343322754,14.890000343322754,14.890000343322754,0
2026-09-22 09:11:00+00:00,14.890000343322754,14.899999618530273,14.890000343322754,14.899999618530273,0
2026-09-22 09:12:00+00:00,14.869999885559082,14.890000343322754,14.869999885559082,14.890000343322754,0
2026-09-22 09:13:00+00:00,14.890000343322754,14.890000343322754,14.869999885559082,14.869999885559082,0
2026-09-22 09:14:00+00:00,14.869999885559082,14.890000343322754,14.869999885559082,14.890000343322754,0
2026-09-22 09:15:00+00:00,14.890000343322754,14.890000343322754,14.850000381469727,14.850000381469727,0
2026-09-22 09:16:00+00:00,14.850000381469727,14.859999656677246,14.850000381469727,14.859999656677246,0
2026-09-22 09:17:00+00:00,14.859999656677246,14.869999885559082,14.859999656677246,14.869999885559082,0
2026-09-22 09:18:00+00:00,14.880000114440918,14.890000343322754,14.880000114440918,14.890000343322754,0
2026-09-22 09:19:00+00:00,14.890000343322754,14.890000343322754,14.890000343322754,14.890000343322754,0
2026-09-22 09:20:00+00:00,14.890000343322754,14.899999618530273,14.890000343322754,14.899999618530273,0
2026-09-22 09:21:00+00:00,14.899999618530273,14.899999618530273,14.899999618530273,14.899999618530273,0
2026-09-22 09:22:00+00:00,14.890000343322754,14.90999984741211,14.890000343322754,14.899999618530273,0
2026-09-22 09:23:00+00:00,14.899999618530273,14.899999618530273,14.899999618530273,14.899999618530273,0
2026-09-22 09:24:00+00:00,14.90999984741211,14.90999984741211,14.899999618530273,14.899999618530273,0
2026-09-22 09:25:00+00:00,14.899999618530273,14.899999618530273,14.899999618530273,14.899999618530273,0
2026-09-22 09:26:00+00:00,14.899999618530273,14.899999618530273,14.899999618530273,14.899999618530273,0
2026-09-22 09:27:00+00:00,14.890000343322754,14.890000343322754,14.890000343322754,14.890000343322754,0
2026-09-22 09:28:00+00:00,14.890000343322754,14.890000343322754,14.890000343322754,14.890000343322754,0
2026-09-22 09:29:00+00:00,14.890000343322754,14.890000343322754,14.890000343322754,14.890000343322754,0
2026-09-22 09:30:00+00:00,14.890000343322754,14.890000343322754,14.880000114440918,14.880000114440918,0
2026-09-22 09:31:00+00:00,14.869999885559082,14.869999885559082,14.869999885559082,14.869999885559082,0
2026-09-22 09:32:00+00:00,14.859999656677246,14.859999656677246,14.859999656677246,14.859999656677246,0
2026-09-22 09:33:00+00:00,14.859999656677246,14.859999656677246,14.859999656677246,14.859999656677246,0
2026-09-22 09:34:00+00:00,14.84000015258789,14.84000015258789,14.84000015258789,14.84000015258789,0
2026-09-22 09:35:00+00:00,14.84000015258789,14.850000381469727,14.84000015258789,14.850000381469727,0
2026-09-22 09:36:00+00:00,14.869999885559082,14.869999885559082,14.869999885559082,14.869999885559082,0
2026-09-22 09:37:00+00:00,14.869999885559082,14.869999885559082,14.869999885559082,14.869999885559082,0
2026-09-22 09:38:00+00:00,14.869999885559082,14.869999885559082,14.869999885559082,14.869999885559082,0
2026-09-22 09:39:00+00:00,14.869999885559082,14.869999885559082,14.869999885559082,14.869999885559082,0
2026-09-22 09:40:00+00:00,14.869999885559082,14.869999885559082,14.869999885559082,14.869999885559082,0
2026-09-22 09:41:00+00:00,14.869999885559082,14.869999885559082,14.850000381469727,14.850000381469727,0
2026-09-22 09:42:00+00:00,14.850000381469727,14.859999656677246,14.850000381469727,14.850000381469727,0
2026-09-22 09:43:00+00:00,14.850000381469727,14.850000381469727,14.84000015258789,14.84000015258789,0
2026-09-22 09:44:00+00:00,14.84000015258789,14.84000015258789,14.84000015258789,14.84000015258789,0
2026-09-22 09:45:00+00:00,14.84000015258789,14.84000015258789,14.84000015258789,14.84000015258789,0
2026-09-22 09:46:00+00:00,14.84000015258789,14.850000381469727,14.84000015258789,14.850000381469727,0
2026-09-22 09:47:00+00:00,14.84000015258789,14.84000015258789,14.829999923706055,14.829999923706055,0
2026-09-22 09:48:00+00:00,14.829999923706055,14.829999923706055,14.819999694824219,14.819999694824219,0
2026-09-22 09:49:00+00:00,14.819999694824219,14.819999694824219,14.819999694824219,14.819999694824219,0
2026-09-22 09:50:00+00:00,14.819999694824219,14.819999694824219,14.8100004196167,14.819999694824219,0
2026-09-22 09:51:00+00:00,14.819999694824219,14.819999694824219,14.8100004196167,14.8100004196167,0
2026-09-22 09:52:00+00:00,14.8100004196167,14.8100004196167,14.760000228881836,14.770000457763672,0
2026-09-22 09:53:00+00:00,14.779999732971191,14.819999694824219,14.779999732971191,14.789999961853027,0
2026-09-22 09:54:00+00:00,14.770000457763672,14.8100004196167,14.770000457763672,14.8100004196167,0
2026-09-22 09:55:00+00:00,14.779999732971191,14.819999694824219,14.779999732971191,14.819999694824219,0
2026-09-22 09:56:00+00:00,14.829999923706055,14.859999656677246,14.789999961853027,14.789999961853027,0
2026-09-22 09:57:00+00:00,14.819999694824219,14.84000015258789,14.819999694824219,14.84000015258789,0
2026-09-22 09:58:00+00:00,14.84000015258789,14.84000015258789,14.8100004196167,14.8100004196167,0
2026-09-22 09:59:00+00:00,14.800000190734863,14.800000190734863,14.789999961853027,14.800000190734863,0
2026-09-22 10:00:00+00:00,14.800000190734863,14.819999694824219,14.800000190734863,14.819999694824219,0
2026-09-22 10:01:00+00:00,14.819999694824219,14.819999694824219,14.800000190734863,14.800000190734863,0
2026-09-22 10:02:00+00:00,14.8100004196167,14.8100004196167,14.789999961853027,14.789999961853027,0
2026-09-22 10:03:00+00:00,14.779999732971191,14.789999961853027,14.779999732971191,14.779999732971191,0
2026-09-22 10:04:00+00:00,14.770000457763672,14.800000190734863,14.770000457763672,14.800000190734863,0
2026-09-22 10:05:00+00:00,14.800000190734863,14.8100004196167,14.800000190734863,14.800000190734863,0
2026-09-22 10:06:00+00:00,14.8100004196167,14.8100004196167,14.800000190734863,14.800000190734863,0
2026-09-22 10:07:00+00:00,14.800000190734863,14.8100004196167,14.800000190734863,14.800000190734863,0
2026-09-22 10:08:00+00:00,14.800000190734863,14.800000190734863,14.800000190734863,14.800000190734863,0
2026-09-22 10:09:00+00:00,14.800000190734863,14.800000190734863,14.800000190734863,14.800000190734863,0
2026-09-22 10:10:00+00:00,14.8100004196167,14.8100004196167,14.800000190734863,14.800000190734863,0
2026-09-22 10:11:00+00:00,14.8100004196167,14.8100004196167,14.8100004196167,14.8100004196167,0
2026-09-22 10:12:00+00:00,14.8100004196167,14.8100004196167,14.8100004196167,14.8100004196167,0
2026-09-22 10:13:00+00:00,14.8100004196167,14.829999923706055,14.8100004196167,14.829999923706055,0
2026-09-22 10:14:00+00:00,14.829999923706055,14.829999923706055,14.819999694824219,14.819999694824219,0
2026-09-22 10:15:00+00:00,14.819999694824219,14.819999694824219,14.819999694824219,14.819999694824219,0
2026-09-22 10:16:00+00:00,14.819999694824219,14.819999694824219,14.819999694824219,14.819999694824219,0
2026-09-22 10:17:00+00:00,14.819999694824219,14.819999694824219,14.819999694824219,14.819999694824219,0
2026-09-22 10:18:00+00:00,14.819999694824219,14.829999923706055,14.819999694824219,14.829999923706055,0
2026-09-22 10:19:00+00:00,14.829999923706055,14.829999923706055,14.829999923706055,14.829999923706055,0
2026-09-22 10:20:00+00:00,14.829999923706055,14.84000015258789,14.829999923706055,14.84000015258789,0
2026-09-22 10:21:00+00:00,14.84000015258789,14.84000015258789,14.84000015258789,14.84000015258789,0
2026-09-22 10:22:00+00:00,14.84000015258789,14.84000015258789,14.84000015258789,14.84000015258789,0
2026-09-22 10:23:00+00:00,14.84000015258789,14.84000015258789,14.84000015258789,14.84000015258789,0
2026-09-22 10:24:00+00:00,14.850000381469727,14.850000381469727,14.850000381469727,14.850000381469727,0
2026-09-22 10:25:00+00:00,14.850000381469727,14.850000381469727,14.850000381469727,14.850000381469727,0
2026-09-22 10:26:00+00:00,14.850000381469727,14.850000381469727,14.84000015258789,14.850000381469727,0
2026-09-22 10:27:00+00:00,14.850000381469727,14.850000381469727,14.850000381469727,14.850000381469727,0
2026-09-22 10:28:00+00:00,14.850000381469727,14.850000381469727,14.850000381469727,14.850000381469727,0
2026-09-22 10:29:00+00:00,14.84000015258789,14.850000381469727,14.84000015258789,14.850000381469727,0
2026-09-22 10:30:00+00:00,14.84000015258789,14.850000381469727,14.84000015258789,14.850000381469727,0
2026-09-22 10:31:00+00:00,14.84000015258789,14.84000015258789,14.84000015258789,14.84000015258789,0
2026-09-22 10:32:00+00:00,14.84000015258789,14.84000015258789,14.84000015258789,14.84000015258789,0
2026-09-22 10:33:00+00:00,14.84000015258789,14.84000015258789,14.84000015258789,14.84000015258789,0
2026-09-22 10:34:00+00:00,14.84000015258789,14.84000015258789,14.84000015258789,14.84000015258789,0
2026-09-22 10:35:00+00:00,14.84000015258789,14.84000015258789,14.84000015258789,14.84000015258789,0
2026-09-22 10:36:00+00:00,14.84000015258789,14.84000015258789,14.84000015258789,14.84000015258789,0
2026-09-22 10:37:00+00:00,14.84000015258789,14.84000015258789,14.84000015258789,14.84000015258789,0
2026-09-22 10:38:00+00:00,14.84000015258789,14.84000015258789,14.84000015258789,14.84000015258789,0
2026-09-22 10:39:00+00:00,14.84000015258789,14.84000015258789,14.84000015258789,14.84000015258789,0
2026-09-22 10:40:00+00:00,14.84000015258789,14.84000015258789,14.84000015258789,14.84000015258789,0
2026-09-22 10:41:00+00:00,14.84000015258789,14.84000015258789,14.829999923706055,14.829999923706055,0
2026-09-22 10:42:00+00:00,14.829999923706055,14.829999923706055,14.829999923706055,14.829999923706055,0
2026-09-22 10:43:00+00:00,14.819999694824219,14.819999694824219,14.8100004196167,14.8100004196167,0
2026-09-22 10:44:00+00:00,14.8100004196167,14.8100004196167,14.8100004196167,14.8100004196167,0
2026-09-22 10:45:00+00:00,14.8100004196167,14.8100004196167,14.8100004196167,14.8100004196167,0
2026-09-22 10:46:00+00:00,14.8100004196167,14.819999694824219,14.8100004196167,14.819999694824219,0
2026-09-22 10:47:00+00:00,14.819999694824219,14.819999694824219,14.8100004196167,14.8100004196167,0
2026-09-22 10:48:00+00:00,14.8100004196167,14.8100004196167,14.8100004196167,14.8100004196167,0
2026-09-22 10:49:00+00:00,14.8100004196167,14.8100004196167,14.800000190734863,14.800000190734863,0
2026-09-22 10:50:00+00:00,14.800000190734863,14.800000190734863,14.800000190734863,14.800000190734863,0
2026-09-22 10:51:00+00:00,14.800000190734863,14.800000190734863,14.800000190734863,14.800000190734863,0
2026-09-22 10:52:00+00:00,14.800000190734863,14.800000190734863,14.800000190734863,14.800000190734863,0
2026-09-22 10:53:00+00:00,14.800000190734863,14.800000190734863,14.800000190734863,14.800000190734863,0
2026-09-22 10:54:00+00:00,14.800000190734863,14.8100004196167,14.800000190734863,14.8100004196167,0
2026-09-22 10:55:00+00:00,14.800000190734863,14.800000190734863,14.800000190734863,14.800000190734863,0
2026-09-22 10:56:00+00:00,14.800000190734863,14.8100004196167,14.800000190734863,14.8100004196167,0
2026-09-22 10:57:00+00:00,14.8100004196167,14.8100004196167,14.8100004196167,14.8100004196167,0
2026-09-22 10:58:00+00:00,14.8100004196167,14.8100004196167,14.8100004196167,14.8100004196167,0
2026-09-22 10:59:00+00:00,14.8100004196167,14.8100004196167,14.8100004196167,14.8100004196167,0
2026-09-22 11:00:00+00:00,14.819999694824219,14.819999694824219,14.800000190734863,14.800000190734863,0
2026-09-22 11:01:00+00:00,14.800000190734863,14.800000190734863,14.789999961853027,14.800000190734863,0
2026-09-22 11:02:00+00:00,14.800000190734863,14.800000190734863,14.789999961853027,14.789999961853027,0
2026-09-22 11:03:00+00:00,14.789999961853027,14.800000190734863,14.789999961853027,14.800000190734863,0
2026-09-22 11:04:00+00:00,14.789999961853027,14.789999961853027,14.789999961853027,14.789999961853027,0
2026-09-22 11:05:00+00:00,14.789999961853027,14.789999961853027,14.779999732971191,14.789999961853027,0
2026-09-22 11:06:00+00:00,14.789999961853027,14.800000190734863,14.789999961853027,14.800000190734863,0
2026-09-22 11:07:00+00:00,14.800000190734863,14.800000190734863,14.779999732971191,14.779999732971191,0
2026-09-22 11:08:00+00:00,14.779999732971191,14.779999732971191,14.779999732971191,14.779999732971191,0
2026-09-22 11:09:00+00:00,14.789999961853027,14.829999923706055,14.779999732971191,14.829999923706055,0
2026-09-22 11:10:00+00:00,14.829999923706055,14.84000015258789,14.819999694824219,14.829999923706055,0
2026-09-22 11:11:00+00:00,14.8100004196167,14.84000015258789,14.8100004196167,14.819999694824219,0
2026-09-22 11:12:00+00:00,14.819999694824219,14.84000015258789,14.8100004196167,14.84000015258789,0
2026-09-22 11:13:00+00:00,14.84000015258789,14.84000015258789,14.84000015258789,14.84000015258789,0
2026-09-22 11:14:00+00:00,14.84000015258789,14.84000015258789,14.829999923706055,14.829999923706055,0
2026-09-22 11:15:00+00:00,14.829999923706055,14.829999923706055,14.819999694824219,14.819999694824219,0
2026-09-22 11:16:00+00:00,14.8100004196167,14.8100004196167,14.770000457763672,14.770000457763672,0
2026-09-22 11:17:00+00:00,14.770000457763672,14.779999732971191,14.770000457763672,14.779999732971191,0
2026-09-22 11:18:00+00:00,14.770000457763672,14.770000457763672,14.770000457763672,14.770000457763672,0
2026-09-22 11:19:00+00:00,14.770000457763672,14.770000457763672,14.770000457763672,14.770000457763672,0
2026-09-22 11:20:00+00:00,14.770000457763672,14.770000457763672,14.760000228881836,14.760000228881836,0
2026-09-22 11:21:00+00:00,14.760000228881836,14.760000228881836,14.760000228881836,14.760000228881836,0
2026-09-22 11:22:00+00:00,14.760000228881836,14.760000228881836,14.75,14.75,0
2026-09-22 11:23:00+00:00,14.75,14.75,14.75,14.75,0
2026-09-22 11:24:00+00:00,14.75,14.75,14.739999771118164,14.739999771118164,0
2026-09-22 11:25:00+00:00,14.739999771118164,14.739999771118164,14.729999542236328,14.729999542236328,0
2026-09-22 11:26:00+00:00,14.729999542236328,14.729999542236328,14.729999542236328,14.729999542236328,0
2026-09-22 11:27:00+00:00,14.729999542236328,14.739999771118164,14.729999542236328,14.739999771118164,0
2026-09-22 11:28:00+00:00,14.739999771118164,14.739999771118164,14.739999771118164,14.739999771118164,0
2026-09-22 11:29:00+00:00,14.739999771118164,14.739999771118164,14.739999771118164,14.739999771118164,0
2026-09-22 11:30:00+00:00,14.739999771118164,14.739999771118164,14.739999771118164,14.739999771118164,0
2026-09-22 11:31:00+00:00,14.729999542236328,14.729999542236328,14.729999542236328,14.729999542236328,0
2026-09-22 11:32:00+00:00,14.729999542236328,14.729999542236328,14.720000267028809,14.729999542236328,0
2026-09-22 11:33:00+00:00,14.729999542236328,14.729999542236328,14.729999542236328,14.729999542236328,0
2026-09-22 11:34:00+00:00,14.729999542236328,14.729999542236328,14.720000267028809,14.720000267028809,0
2026-09-22 11:35:00+00:00,14.720000267028809,14.720000267028809,14.710000038146973,14.710000038146973,0
2026-09-22 11:36:00+00:00,14.710000038146973,14.710000038146973,14.710000038146973,14.710000038146973,0
2026-09-22 11:37:00+00:00,14.710000038146973,14.710000038146973,14.710000038146973,14.710000038146973,0
2026-09-22 11:38:00+00:00,14.710000038146973,14.710000038146973,14.710000038146973,14.710000038146973,0
2026-09-22 11:39:00+00:00,14.710000038146973,14.710000038146973,14.699999809265137,14.699999809265137,0
2026-09-22 11:40:00+00:00,14.699999809265137,14.699999809265137,14.699999809265137,14.699999809265137,0
2026-09-22 11:41:00+00:00,14.699999809265137,14.699999809265137,14.699999809265137,14.699999809265137,0
2026-09-22 11:42:00+00:00,14.699999809265137,14.710000038146973,14.699999809265137,14.710000038146973,0
2026-09-22 11:43:00+00:00,14.710000038146973,14.710000038146973,14.699999809265137,14.699999809265137,0
2026-09-22 11:44:00+00:00,14.699999809265137,14.699999809265137,14.699999809265137,14.699999809265137,0
2026-09-22 11:45:00+00:00,14.699999809265137,14.710000038146973,14.699999809265137,14.710000038146973,0
2026-09-22 11:46:00+00:00,14.680000305175781,14.6899995803833,14.680000305175781,14.6899995803833,0
2026-09-22 11:47:00+00:00,14.6899995803833,14.699999809265137,14.6899995803833,14.699999809265137,0
2026-09-22 11:48:00+00:00,14.699999809265137,14.699999809265137,14.699999809265137,14.699999809265137,0
2026-09-22 11:49:00+00:00,14.699999809265137,14.699999809265137,14.6899995803833,14.6899995803833,0
2026-09-22 11:50:00+00:00,14.680000305175781,14.6899995803833,14.680000305175781,14.6899995803833,0
2026-09-22 11:51:00+00:00,14.6899995803833,14.6899995803833,14.6899995803833,14.6899995803833,0
2026-09-22 11:52:00+00:00,14.6899995803833,14.6899995803833,14.6899995803833,14.6899995803833,0
2026-09-22 11:53:00+00:00,14.699999809265137,14.699999809265137,14.6899995803833,14.699999809265137,0
2026-09-22 11:54:00+00:00,14.699999809265137,14.699999809265137,14.699999809265137,14.699999809265137,0
2026-09-22 11:55:00+00:00,14.699999809265137,14.699999809265137,14.680000305175781,14.680000305175781,0
2026-09-22 11:56:00+00:00,14.680000305175781,14.6899995803833,14.680000305175781,14.6899995803833,0
2026-09-22 11:57:00+00:00,14.6899995803833,14.6899995803833,14.680000305175781,14.6899995803833,0
2026-09-22 11:58:00+00:00,14.6899995803833,14.699999809265137,14.6899995803833,14.699999809265137,0
2026-09-22 11:59:00+00:00,14.699999809265137,14.699999809265137,14.699999809265137,14.699999809265137,0
2026-09-22 12:00:00+00:00,14.699999809265137,14.699999809265137,14.699999809265137,14.699999809265137,0
2026-09-22 12:01:00+00:00,14.699999809265137,14.710000038146973,14.699999809265137,14.710000038146973,0
2026-09-22 12:02:00+00:00,14.699999809265137,14.699999809265137,14.6899995803833,14.6899995803833,0
2026-09-22 12:03:00+00:00,14.710000038146973,14.710000038146973,14.6899995803833,14.6899995803833,0
2026-09-22 12:04:00+00:00,14.680000305175781,14.6899995803833,14.680000305175781,14.6899995803833,0
2026-09-22 12:05:00+00:00,14.680000305175781,14.680000305175781,14.680000305175781,14.680000305175781,0
2026-09-22 12:06:00+00:00,14.680000305175781,14.6899995803833,14.680000305175781,14.6899995803833,0
2026-09-22 12:07:00+00:00,14.6899995803833,14.6899995803833,14.6899995803833,14.6899995803833,0
2026-09-22 12:08:00+00:00,14.680000305175781,14.680000305175781,14.670000076293945,14.680000305175781,0
2026-09-22 12:09:00+00:00,14.680000305175781,14.680000305175781,14.670000076293945,14.680000305175781,0
2026-09-22 12:10:00+00:00,14.670000076293945,14.670000076293945,14.65999984741211,14.670000076293945,0
2026-09-22 12:11:00+00:00,14.65999984741211,14.670000076293945,14.65999984741211,14.65999984741211,0
2026-09-22 12:12:00+00:00,14.65999984741211,14.65999984741211,14.65999984741211,14.65999984741211,0
2026-09-22 12:13:00+00:00,14.65999984741211,14.65999984741211,14.65999984741211,14.65999984741211,0
2026-09-22 12:14:00+00:00,14.65999984741211,14.65999984741211,14.65999984741211,14.65999984741211,0
2026-09-22 12:15:00+00:00,14.65999984741211,14.670000076293945,14.65999984741211,14.670000076293945,0
2026-09-22 12:16:00+00:00,14.65999984741211,14.65999984741211,14.65999984741211,14.65999984741211,0
2026-09-22 12:17:00+00:00,14.670000076293945,14.670000076293945,14.670000076293945,14.670000076293945,0
2026-09-22 12:18:00+00:00,14.670000076293945,14.680000305175781,14.65999984741211,14.680000305175781,0
2026-09-22 12:19:00+00:00,14.680000305175781,14.680000305175781,14.670000076293945,14.670000076293945,0
2026-09-22 12:20:00+00:00,14.670000076293945,14.670000076293945,14.65999984741211,14.65999984741211,0
2026-09-22 12:21:00+00:00,14.65999984741211,14.65999984741211,14.65999984741211,14.65999984741211,0
2026-09-22 12:22:00+00:00,14.670000076293945,14.670000076293945,14.65999984741211,14.65999984741211,0
2026-09-22 12:23:00+00:00,14.65999984741211,14.65999984741211,14.65999984741211,14.65999984741211,0
2026-09-22 12:24:00+00:00,14.65999984741211,14.65999984741211,14.649999618530273,14.649999618530273,0
2026-09-22 12:25:00+00:00,14.65999984741211,14.65999984741211,14.649999618530273,14.649999618530273,0
2026-09-22 12:26:00+00:00,14.649999618530273,14.65999984741211,14.649999618530273,14.649999618530273,0
2026-09-22 12:27:00+00:00,14.649999618530273,14.649999618530273,14.649999618530273,14.649999618530273,0
2026-09-22 12:28:00+00:00,14.649999618530273,14.649999618530273,14.649999618530273,14.649999618530273,0
2026-09-22 12:29:00+00:00,14.649999618530273,14.649999618530273,14.649999618530273,14.649999618530273,0
2026-09-22 12:30:00+00:00,14.649999618530273,14.649999618530273,14.640000343322754,14.640000343322754,0
2026-09-22 12:31:00+00:00,14.649999618530273,14.649999618530273,14.640000343322754,14.640000343322754,0
2026-09-22 12:32:00+00:00,14.630000114440918,14.65999984741211,14.630000114440918,14.65999984741211,0
2026-09-22 12:33:00+00:00,14.65999984741211,14.65999984741211,14.649999618530273,14.649999618530273,0
2026-09-22 12:34:00+00:00,14.670000076293945,14.670000076293945,14.670000076293945,14.670000076293945,0
2026-09-22 12:35:00+00:00,14.670000076293945,14.680000305175781,14.670000076293945,14.680000305175781,0
2026-09-22 12:36:00+00:00,14.6899995803833,14.6899995803833,14.680000305175781,14.680000305175781,0
2026-09-22 12:37:00+00:00,14.680000305175781,14.6899995803833,14.680000305175781,14.6899995803833,0
2026-09-22 12:38:00+00:00,14.6899995803833,14.6899995803833,14.680000305175781,14.680000305175781,0
2026-09-22 12:39:00+00:00,14.680000305175781,14.680000305175781,14.680000305175781,14.680000305175781,0
2026-09-22 12:40:00+00:00,14.680000305175781,14.680000305175781,14.680000305175781,14.680000305175781,0
2026-09-22 12:41:00+00:00,14.65999984741211,14.65999984741211,14.65999984741211,14.65999984741211,0
2026-09-22 12:42:00+00:00,14.65999984741211,14.65999984741211,14.65999984741211,14.65999984741211,0
2026-09-22 12:43:00+00:00,14.649999618530273,14.65999984741211,14.649999618530273,14.65999984741211,0
2026-09-22 12:44:00+00:00,14.65999984741211,14.670000076293945,14.65999984741211,14.670000076293945,0
2026-09-22 12:45:00+00:00,14.670000076293945,14.680000305175781,14.670000076293945,14.680000305175781,0
2026-09-22 12:46:00+00:00,14.670000076293945,14.670000076293945,14.670000076293945,14.670000076293945,0
2026-09-22 12:47:00+00:00,14.670000076293945,14.680000305175781,14.670000076293945,14.680000305175781,0
2026-09-22 12:48:00+00:00,14.680000305175781,14.6899995803833,14.680000305175781,14.6899995803833,0
2026-09-22 12:49:00+00:00,14.6899995803833,14.6899995803833,14.6899995803833,14.6899995803833,0
2026-09-22 12:50:00+00:00,14.6899995803833,14.6899995803833,14.6899995803833,14.6899995803833,0
2026-09-22 12:51:00+00:00,14.6899995803833,14.6899995803833,14.6899995803833,14.6899995803833,0
2026-09-22 12:52:00+00:00,14.6899995803833,14.699999809265137,14.6899995803833,14.699999809265137,0
2026-09-22 12:53:00+00:00,14.699999809265137,14.699999809265137,14.699999809265137,14.699999809265137,0
2026-09-22 12:54:00+00:00,14.699999809265137,14.699999809265137,14.6899995803833,14.6899995803833,0
2026-09-22 12:55:00+00:00,14.6899995803833,14.6899995803833,14.6899995803833,14.6899995803833,0
2026-09-22 12:56:00+00:00,14.6899995803833,14.6899995803833,14.680000305175781,14.680000305175781,0
2026-09-22 12:57:00+00:00,14.680000305175781,14.680000305175781,14.670000076293945,14.670000076293945,0
2026-09-22 12:58:00+00:00,14.65999984741211,14.65999984741211,14.65999984741211,14.65999984741211,0
2026-09-22 12:59:00+00:00,14.65999984741211,14.65999984741211,14.649999618530273,14.649999618530273,0
2026-09-22 13:00:00+00:00,14.65999984741211,14.65999984741211,14.649999618530273,14.649999618530273,0
2026-09-22 13:01:00+00:00,14.640000343322754,14.640000343322754,14.630000114440918,14.630000114440918,0
2026-09-22 13:02:00+00:00,14.630000114440918,14.630000114440918,14.630000114440918,14.630000114440918,0
2026-09-22 13:03:00+00:00,14.630000114440918,14.630000114440918,14.630000114440918,14.630000114440918,0
2026-09-22 13:04:00+00:00,14.630000114440918,14.630000114440918,14.630000114440918,14.630000114440918,0
2026-09-22 13:05:00+00:00,14.630000114440918,14.640000343322754,14.630000114440918,14.640000343322754,0
2026-09-22 13:06:00+00:00,14.640000343322754,14.640000343322754,14.630000114440918,14.630000114440918,0
2026-09-22 13:07:00+00:00,14.630000114440918,14.630000114440918,14.630000114440918,14.630000114440918,0
2026-09-22 13:08:00+00:00,14.630000114440918,14.630000114440918,14.619999885559082,14.619999885559082,0
2026-09-22 13:09:00+00:00,14.619999885559082,14.630000114440918,14.619999885559082,14.630000114440918,0
2026-09-22 13:10:00+00:00,14.630000114440918,14.640000343322754,14.630000114440918,14.640000343322754,0
2026-09-22 13:11:00+00:00,14.630000114440918,14.630000114440918,14.630000114440918,14.630000114440918,0
2026-09-22 13:12:00+00:00,14.630000114440918,14.640000343322754,14.630000114440918,14.640000343322754,0
2026-09-22 13:13:00+00:00,14.640000343322754,14.640000343322754,14.640000343322754,14.640000343322754,0
2026-09-22 13:14:00+00:00,14.640000343322754,14.640000343322754,14.630000114440918,14.640000343322754,0
2026-09-22 13:15:00+00:00,14.640000343322754,14.640000343322754,14.640000343322754,14.640000343322754,0
2026-09-22 13:16:00+00:00,14.640000343322754,14.640000343322754,14.619999885559082,14.619999885559082,0
2026-09-22 13:17:00+00:00,14.630000114440918,14.630000114440918,14.630000114440918,14.630000114440918,0
2026-09-22 13:18:00+00:00,14.630000114440918,14.640000343322754,14.630000114440918,14.630000114440918,0
2026-09-22 13:19:00+00:00,14.640000343322754,14.640000343322754,14.630000114440918,14.630000114440918,0
2026-09-22 13:20:00+00:00,14.630000114440918,14.640000343322754,14.630000114440918,14.640000343322754,0
2026-09-22 13:21:00+00:00,14.630000114440918,14.630000114440918,14.630000114440918,14.630000114440918,0
2026-09-22 13:22:00+00:00,14.630000114440918,14.640000343322754,14.630000114440918,14.630000114440918,0
2026-09-22 13:23:00+00:00,14.630000114440918,14.630000114440918,14.630000114440918,14.630000114440918,0
2026-09-22 13:24:00+00:00,14.630000114440918,14.670000076293945,14.630000114440918,14.670000076293945,0
2026-09-22 13:25:00+00:00,14.670000076293945,14.670000076293945,14.670000076293945,14.670000076293945,0
2026-09-22 13:31:00+00:00,14.649999618530273,14.680000305175781,14.649999618530273,14.680000305175781,0
2026-09-22 13:32:00+00:00,14.680000305175781,14.699999809265137,14.680000305175781,14.699999809265137,0
2026-09-22 13:33:00+00:00,14.699999809265137,14.699999809265137,14.6899995803833,14.6899995803833,0
2026-09-22 13:34:00+00:00,14.680000305175781,14.680000305175781,14.65999984741211,14.65999984741211,0
2026-09-22 13:35:00+00:00,14.65999984741211,14.680000305175781,14.640000343322754,14.680000305175781,0
2026-09-22 13:36:00+00:00,14.6899995803833,14.6899995803833,14.670000076293945,14.670000076293945,0
2026-09-22 13:37:00+00:00,14.680000305175781,14.6899995803833,14.670000076293945,14.6899995803833,0
2026-09-22 13:38:00+00:00,14.6899995803833,14.720000267028809,14.6899995803833,14.720000267028809,0
2026-09-22 13:39:00+00:00,14.720000267028809,14.729999542236328,14.720000267028809,14.729999542236328,0
2026-09-22 13:40:00+00:00,14.729999542236328,14.729999542236328,14.699999809265137,14.699999809265137,0
2026-09-22 13:41:00+00:00,14.720000267028809,14.720000267028809,14.710000038146973,14.710000038146973,0
2026-09-22 13:42:00+00:00,14.6899995803833,14.6899995803833,14.6899995803833,14.6899995803833,0
2026-09-22 13:43:00+00:00,14.699999809265137,14.729999542236328,14.6899995803833,14.729999542236328,0
2026-09-22 13:44:00+00:00,14.729999542236328,14.729999542236328,14.710000038146973,14.710000038146973,0
2026-09-22 13:45:00+00:00,14.720000267028809,14.720000267028809,14.710000038146973,14.710000038146973,0
2026-09-22 13:46:00+00:00,14.710000038146973,14.720000267028809,14.699999809265137,14.699999809265137,0
2026-09-22 13:47:00+00:00,14.699999809265137,14.699999809265137,14.699999809265137,14.699999809265137,0
2026-09-22 13:48:00+00:00,14.699999809265137,14.720000267028809,14.699999809265137,14.699999809265137,0
2026-09-22 13:49:00+00:00,14.609999656677246,14.670000076293945,14.609999656677246,14.670000076293945,0
2026-09-22 13:50:00+00:00,14.65999984741211,14.670000076293945,14.65999984741211,14.65999984741211,0
2026-09-22 13:51:00+00:00,14.649999618530273,14.649999618530273,14.649999618530273,14.649999618530273,0
2026-09-22 13:52:00+00:00,14.649999618530273,14.649999618530273,14.630000114440918,14.630000114440918,0
2026-09-22 13:53:00+00:00,14.640000343322754,14.640000343322754,14.630000114440918,14.630000114440918,0
2026-09-22 13:54:00+00:00,14.630000114440918,14.630000114440918,14.619999885559082,14.619999885559082,0
2026-09-22 13:55:00+00:00,14.619999885559082,14.619999885559082,14.619999885559082,14.619999885559082,0
2026-09-22 13:56:00+00:00,14.619999885559082,14.619999885559082,14.619999885559082,14.619999885559082,0
2026-09-22 13:57:00+00:00,14.630000114440918,14.630000114440918,14.609999656677246,14.609999656677246,0
2026-09-22 13:58:00+00:00,14.619999885559082,14.619999885559082,14.609999656677246,14.609999656677246,0
2026-09-22 13:59:00+00:00,14.609999656677246,14.619999885559082,14.609999656677246,14.619999885559082,0
2026-09-22 14:00:00+00:00,14.59000015258789,14.59000015258789,14.569999694824219,14.569999694824219,0
2026-09-22 14:01:00+00:00,14.5600004196167,14.5600004196167,14.550000190734863,14.550000190734863,0
2026-09-22 14:02:00+00:00,14.550000190734863,14.550000190734863,14.550000190734863,14.550000190734863,0
2026-09-22 14:03:00+00:00,14.539999961853027,14.539999961853027,14.539999961853027,14.539999961853027,0
2026-09-22 14:04:00+00:00,14.539999961853027,14.539999961853027,14.529999732971191,14.529999732971191,0
2026-09-22 14:05:00+00:00,14.539999961853027,14.539999961853027,14.520000457763672,14.520000457763672,0
2026-09-22 14:06:00+00:00,14.529999732971191,14.529999732971191,14.5,14.5,0
2026-09-22 14:07:00+00:00,14.5,14.5,14.470000267028809,14.470000267028809,0
2026-09-22 14:08:00+00:00,14.470000267028809,14.479999542236328,14.460000038146973,14.460000038146973,0
2026-09-22 14:09:00+00:00,14.460000038146973,14.460000038146973,14.4399995803833,14.4399995803833,0
2026-09-22 14:10:00+00:00,14.4399995803833,14.4399995803833,14.40999984741211,14.40999984741211,0
2026-09-22 14:11:00+00:00,14.399999618530273,14.399999618530273,14.380000114440918,14.380000114440918,0
2026-09-22 14:12:00+00:00,14.390000343322754,14.399999618530273,14.390000343322754,14.390000343322754,0
2026-09-22 14:13:00+00:00,14.380000114440918,14.399999618530273,14.380000114440918,14.380000114440918,0
2026-09-22 14:14:00+00:00,14.390000343322754,14.420000076293945,14.390000343322754,14.420000076293945,0
2026-09-22 14:15:00+00:00,14.40999984741211,14.40999984741211,14.40999984741211,14.40999984741211,0
2026-09-22 14:16:00+00:00,14.40999984741211,14.40999984741211,14.399999618530273,14.399999618530273,0
2026-09-22 14:17:00+00:00,14.40999984741211,14.420000076293945,14.40999984741211,14.40999984741211,0
2026-09-22 14:18:00+00:00,14.40999984741211,14.430000305175781,14.40999984741211,14.430000305175781,0
2026-09-22 14:19:00+00:00,14.430000305175781,14.430000305175781,14.420000076293945,14.420000076293945,0
2026-09-22 14:20:00+00:00,14.420000076293945,14.420000076293945,14.399999618530273,14.399999618530273,0
2026-09-22 14:21:00+00:00,14.399999618530273,14.420000076293945,14.399999618530273,14.420000076293945,0
2026-09-22 14:22:00+00:00,14.420000076293945,14.420000076293945,14.420000076293945,14.420000076293945,0
2026-09-22 14:23:00+00:00,14.430000305175781,14.4399995803833,14.430000305175781,14.4399995803833,0
2026-09-22 14:24:00+00:00,14.4399995803833,14.449999809265137,14.4399995803833,14.4399995803833,0
2026-09-22 14:25:00+00:00,14.4399995803833,14.449999809265137,14.4399995803833,14.449999809265137,0
2026-09-22 14:26:00+00:00,14.449999809265137,14.449999809265137,14.4399995803833,14.4399995803833,0
2026-09-22 14:27:00+00:00,14.430000305175781,14.4399995803833,14.430000305175781,14.430000305175781,0
2026-09-22 14:28:00+00:00,14.4399995803833,14.4399995803833,14.430000305175781,14.4399995803833,0
2026-09-22 14:29:00+00:00,14.4399995803833,14.4399995803833,14.4399995803833,14.4399995803833,0
2026-09-22 14:30:00+00:00,14.449999809265137,14.449999809265137,14.449999809265137,14.449999809265137,0
2026-09-22 14:31:00+00:00,14.449999809265137,14.449999809265137,14.4399995803833,14.4399995803833,0
2026-09-22 14:32:00+00:00,14.4399995803833,14.4399995803833,14.4399995803833,14.4399995803833,0
2026-09-22 14:33:00+00:00,14.4399995803833,14.4399995803833,14.420000076293945,14.420000076293945,0
2026-09-22 14:34:00+00:00,14.430000305175781,14.430000305175781,14.420000076293945,14.430000305175781,0
2026-09-22 14:35:00+00:00,14.430000305175781,14.470000267028809,14.430000305175781,14.470000267028809,0
2026-09-22 14:36:00+00:00,14.479999542236328,14.489999771118164,14.479999542236328,14.489999771118164,0
2026-09-22 14:37:00+00:00,14.489999771118164,14.489999771118164,14.479999542236328,14.479999542236328,0
2026-09-22 14:38:00+00:00,14.470000267028809,14.470000267028809,14.470000267028809,14.470000267028809,0
2026-09-22 14:39:00+00:00,14.470000267028809,14.470000267028809,14.40999984741211,14.4399995803833,0
2026-09-22 14:40:00+00:00,14.4399995803833,14.479999542236328,14.4399995803833,14.470000267028809,0
2026-09-22 14:41:00+00:00,14.470000267028809,14.489999771118164,14.470000267028809,14.489999771118164,0
2026-09-22 14:42:00+00:00,14.489999771118164,14.489999771118164,14.479999542236328,14.479999542236328,0
2026-09-22 14:43:00+00:00,14.479999542236328,14.479999542236328,14.460000038146973,14.460000038146973,0
2026-09-22 14:44:00+00:00,14.460000038146973,14.470000267028809,14.460000038146973,14.470000267028809,0
2026-09-22 14:45:00+00:00,14.470000267028809,14.479999542236328,14.470000267028809,14.479999542236328,0
2026-09-22 14:46:00+00:00,14.470000267028809,14.470000267028809,14.460000038146973,14.470000267028809,0
2026-09-22 14:47:00+00:00,14.470000267028809,14.470000267028809,14.449999809265137,14.449999809265137,0
2026-09-22 14:48:00+00:00,14.460000038146973,14.470000267028809,14.460000038146973,14.470000267028809,0
2026-09-22 14:49:00+00:00,14.470000267028809,14.470000267028809,14.460000038146973,14.460000038146973,0
2026-09-22 14:50:00+00:00,14.460000038146973,14.460000038146973,14.449999809265137,14.449999809265137,0
2026-09-22 14:51:00+00:00,14.449999809265137,14.449999809265137,14.4399995803833,14.4399995803833,0
2026-09-22 14:52:00+00:00,14.4399995803833,14.4399995803833,14.4399995803833,14.4399995803833,0
2026-09-22 14:53:00+00:00,14.4399995803833,14.4399995803833,14.4399995803833,14.4399995803833,0
2026-09-22 14:54:00+00:00,14.4399995803833,14.4399995803833,14.430000305175781,14.430000305175781,0
2026-09-22 14:55:00+00:00,14.430000305175781,14.4399995803833,14.420000076293945,14.420000076293945,0
2026-09-22 14:56:00+00:00,14.420000076293945,14.420000076293945,14.40999984741211,14.40999984741211,0
2026-09-22 14:57:00+00:00,14.40999984741211,14.40999984741211,14.40999984741211,14.40999984741211,0
2026-09-22 14:58:00+00:00,14.40999984741211,14.420000076293945,14.40999984741211,14.420000076293945,0
2026-09-22 14:59:00+00:00,14.420000076293945,14.420000076293945,14.40999984741211,14.40999984741211,0
2026-09-22 15:00:00+00:00,14.40999984741211,14.420000076293945,14.40999984741211,14.420000076293945,0
2026-09-22 15:01:00+00:00,14.420000076293945,14.420000076293945,14.420000076293945,14.420000076293945,0
2026-09-22 15:02:00+00:00,14.420000076293945,14.420000076293945,14.420000076293945,14.420000076293945,0
2026-09-22 15:03:00+00:00,14.40999984741211,14.420000076293945,14.40999984741211,14.420000076293945,0
2026-09-22 15:04:00+00:00,14.420000076293945,14.420000076293945,14.40999984741211,14.40999984741211,0
2026-09-22 15:05:00+00:00,14.399999618530273,14.40999984741211,14.399999618530273,14.40999984741211,0
2026-09-22 15:06:00+00:00,14.40999984741211,14.430000305175781,14.40999984741211,14.420000076293945,0
2026-09-22 15:07:00+00:00,14.40999984741211,14.40999984741211,14.369999885559082,14.369999885559082,0
2026-09-22 15:08:00+00:00,14.380000114440918,14.380000114440918,14.380000114440918,14.380000114440918,0
2026-09-22 15:09:00+00:00,14.369999885559082,14.369999885559082,14.359999656677246,14.359999656677246,0
2026-09-22 15:10:00+00:00,14.359999656677246,14.359999656677246,14.34000015258789,14.34000015258789,0
2026-09-22 15:11:00+00:00,14.34000015258789,14.34000015258789,14.329999923706055,14.329999923706055,0
2026-09-22 15:12:00+00:00,14.329999923706055,14.329999923706055,14.329999923706055,14.329999923706055,0
2026-09-22 15:13:00+00:00,14.319999694824219,14.319999694824219,14.319999694824219,14.319999694824219,0
2026-09-22 15:14:00+00:00,14.319999694824219,14.319999694824219,14.300000190734863,14.3100004196167,0
2026-09-22 15:15:00+00:00,14.3100004196167,14.3100004196167,14.3100004196167,14.3100004196167,0
2026-09-22 15:16:00+00:00,14.3100004196167,14.3100004196167,14.3100004196167,14.3100004196167,0
2026-09-22 15:17:00+00:00,14.3100004196167,14.3100004196167,14.3100004196167,14.3100004196167,0
2026-09-22 15:18:00+00:00,14.319999694824219,14.319999694824219,14.3100004196167,14.3100004196167,0
2026-09-22 15:19:00+00:00,14.3100004196167,14.329999923706055,14.3100004196167,14.319999694824219,0
2026-09-22 15:20:00+00:00,14.319999694824219,14.319999694824219,14.3100004196167,14.3100004196167,0
2026-09-22 15:21:00+00:00,14.319999694824219,14.319999694824219,14.3100004196167,14.3100004196167,0
2026-09-22 15:22:00+00:00,14.3100004196167,14.3100004196167,14.3100004196167,14.3100004196167,0
2026-09-22 15:23:00+00:00,14.3100004196167,14.3100004196167,14.300000190734863,14.300000190734863,0
2026-09-22 15:24:00+00:00,14.300000190734863,14.300000190734863,14.300000190734863,14.300000190734863,0
2026-09-22 15:25:00+00:00,14.300000190734863,14.300000190734863,14.289999961853027,14.289999961853027,0
2026-09-22 15:26:00+00:00,14.289999961853027,14.300000190734863,14.289999961853027,14.300000190734863,0
2026-09-22 15:27:00+00:00,14.300000190734863,14.300000190734863,14.300000190734863,14.300000190734863,0
2026-09-22 15:28:00+00:00,14.300000190734863,14.3100004196167,14.300000190734863,14.300000190734863,0
2026-09-22 15:29:00+00:00,14.3100004196167,14.3100004196167,14.300000190734863,14.300000190734863,0
2026-09-22 15:30:00+00:00,14.300000190734863,14.3100004196167,14.300000190734863,14.3100004196167,0
2026-09-22 15:31:00+00:00,14.3100004196167,14.3100004196167,14.3100004196167,14.3100004196167,0
2026-09-22 15:32:00+00:00,14.3100004196167,14.319999694824219,14.3100004196167,14.319999694824219,0
2026-09-22 15:33:00+00:00,14.319999694824219,14.319999694824219,14.319999694824219,14.319999694824219,0
2026-09-22 15:34:00+00:00,14.319999694824219,14.319999694824219,14.319999694824219,14.319999694824219,0
2026-09-22 15:35:00+00:00,14.3100004196167,14.3100004196167,14.3100004196167,14.3100004196167,0
2026-09-22 15:36:00+00:00,14.319999694824219,14.329999923706055,14.319999694824219,14.329999923706055,0
2026-09-22 15:37:00+00:00,14.319999694824219,14.329999923706055,14.319999694824219,14.329999923706055,0
2026-09-22 15:38:00+00:00,14.34000015258789,14.369999885559082,14.34000015258789,14.369999885559082,0
2026-09-22 15:39:00+00:00,14.369999885559082,14.380000114440918,14.369999885559082,14.369999885559082,0
2026-09-22 15:40:00+00:00,14.369999885559082,14.380000114440918,14.369999885559082,14.380000114440918,0
2026-09-22 15:41:00+00:00,14.369999885559082,14.380000114440918,14.369999885559082,14.380000114440918,0
2026-09-22 15:42:00+00:00,14.380000114440918,14.380000114440918,14.369999885559082,14.369999885559082,0
2026-09-22 15:43:00+00:00,14.380000114440918,14.380000114440918,14.380000114440918,14.380000114440918,0
2026-09-22 15:44:00+00:00,14.380000114440918,14.390000343322754,14.380000114440918,14.390000343322754,0
2026-09-22 15:45:00+00:00,14.390000343322754,14.390000343322754,14.390000343322754,14.390000343322754,0
2026-09-22 15:46:00+00:00,14.390000343322754,14.390000343322754,14.390000343322754,14.390000343322754,0
2026-09-22 15:47:00+00:00,14.380000114440918,14.380000114440918,14.359999656677246,14.380000114440918,0
2026-09-22 15:48:00+00:00,14.380000114440918,14.390000343322754,14.380000114440918,14.390000343322754,0
2026-09-22 15:49:00+00:00,14.390000343322754,14.390000343322754,14.380000114440918,14.390000343322754,0
2026-09-22 15:50:00+00:00,14.390000343322754,14.399999618530273,14.390000343322754,14.390000343322754,0
2026-09-22 15:51:00+00:00,14.390000343322754,14.390000343322754,14.390000343322754,14.390000343322754,0
2026-09-22 15:52:00+00:00,14.390000343322754,14.390000343322754,14.390000343322754,14.390000343322754,0
2026-09-22 15:53:00+00:00,14.390000343322754,14.390000343322754,14.390000343322754,14.390000343322754,0
2026-09-22 15:54:00+00:00,14.380000114440918,14.390000343322754,14.380000114440918,14.390000343322754,0
2026-09-22 15:55:00+00:00,14.390000343322754,14.390000343322754,14.390000343322754,14.390000343322754,0
2026-09-22 15:56:00+00:00,14.390000343322754,14.390000343322754,14.390000343322754,14.390000343322754,0
2026-09-22 15:57:00+00:00,14.380000114440918,14.380000114440918,14.380000114440918,14.380000114440918,0
2026-09-22 15:58:00+00:00,14.380000114440918,14.380000114440918,14.369999885559082,14.369999885559082,0
2026-09-22 15:59:00+00:00,14.369999885559082,14.369999885559082,14.369999885559082,14.369999885559082,0
2026-09-22 16:00:00+00:00,14.369999885559082,14.369999885559082,14.34000015258789,14.34000015258789,0
2026-09-22 16:01:00+00:00,14.34000015258789,14.350000381469727,14.34000015258789,14.350000381469727,0
2026-09-22 16:02:00+00:00,14.350000381469727,14.350000381469727,14.350000381469727,14.350000381469727,0
2026-09-22 16:03:00+00:00,14.350000381469727,14.350000381469727,14.350000381469727,14.350000381469727,0
2026-09-22 16:04:00+00:00,14.350000381469727,14.350000381469727,14.34000015258789,14.34000015258789,0
2026-09-22 16:05:00+00:00,14.34000015258789,14.34000015258789,14.329999923706055,14.329999923706055,0
2026-09-22 16:06:00+00:00,14.329999923706055,14.329999923706055,14.319999694824219,14.319999694824219,0
2026-09-22 16:07:00+00:00,14.319999694824219,14.319999694824219,14.3100004196167,14.3100004196167,0
2026-09-22 16:08:00+00:00,14.3100004196167,14.3100004196167,14.300000190734863,14.300000190734863,0
2026-09-22 16:09:00+00:00,14.300000190734863,14.300000190734863,14.289999961853027,14.289999961853027,0
2026-09-22 16:10:00+00:00,14.319999694824219,14.329999923706055,14.319999694824219,14.329999923706055,0
2026-09-22 16:11:00+00:00,14.329999923706055,14.329999923706055,14.329999923706055,14.329999923706055,0
2026-09-22 16:12:00+00:00,14.319999694824219,14.319999694824219,14.319999694824219,14.319999694824219,0
2026-09-22 16:13:00+00:00,14.319999694824219,14.319999694824219,14.3100004196167,14.3100004196167,0
2026-09-22 16:14:00+00:00,14.3100004196167,14.3100004196167,14.3100004196167,14.3100004196167,0
2026-09-22 16:15:00+00:00,14.300000190734863,14.3100004196167,14.300000190734863,14.3100004196167,0
2026-09-22 16:16:00+00:00,14.3100004196167,14.3100004196167,14.3100004196167,14.3100004196167,0
2026-09-22 16:17:00+00:00,14.3100004196167,14.3100004196167,14.300000190734863,14.300000190734863,0
2026-09-22 16:18:00+00:00,14.289999961853027,14.289999961853027,14.289999961853027,14.289999961853027,0
2026-09-22 16:19:00+00:00,14.279999732971191,14.289999961853027,14.279999732971191,14.279999732971191,0
2026-09-22 16:20:00+00:00,14.279999732971191,14.289999961853027,14.279999732971191,14.289999961853027,0
2026-09-22 16:21:00+00:00,14.279999732971191,14.279999732971191,14.279999732971191,14.279999732971191,0
2026-09-22 16:22:00+00:00,14.279999732971191,14.279999732971191,14.279999732971191,14.279999732971191,0
2026-09-22 16:23:00+00:00,14.279999732971191,14.289999961853027,14.279999732971191,14.289999961853027,0
2026-09-22 16:24:00+00:00,14.289999961853027,14.300000190734863,14.289999961853027,14.289999961853027,0
2026-09-22 16:25:00+00:00,14.289999961853027,14.289999961853027,14.289999961853027,14.289999961853027,0
2026-09-22 16:26:00+00:00,14.289999961853027,14.289999961853027,14.289999961853027,14.289999961853027,0
2026-09-22 16:27:00+00:00,14.279999732971191,14.279999732971191,14.260000228881836,14.260000228881836,0
2026-09-22 16:28:00+00:00,14.270000457763672,14.270000457763672,14.270000457763672,14.270000457763672,0
2026-09-22 16:29:00+00:00,14.270000457763672,14.270000457763672,14.260000228881836,14.260000228881836,0
2026-09-22 16:30:00+00:00,14.260000228881836,14.260000228881836,14.25,14.260000228881836,0
2026-09-22 16:31:00+00:00,14.260000228881836,14.260000228881836,14.260000228881836,14.260000228881836,0
2026-09-22 16:32:00+00:00,14.260000228881836,14.260000228881836,14.260000228881836,14.260000228881836,0
2026-09-22 16:33:00+00:00,14.260000228881836,14.260000228881836,14.260000228881836,14.260000228881836,0
2026-09-22 16:34:00+00:00,14.25,14.260000228881836,14.25,14.260000228881836,0
2026-09-22 16:35:00+00:00,14.260000228881836,14.270000457763672,14.260000228881836,14.270000457763672,0
2026-09-22 16:36:00+00:00,14.270000457763672,14.270000457763672,14.270000457763672,14.270000457763672,0
2026-09-22 16:37:00+00:00,14.270000457763672,14.270000457763672,14.260000228881836,14.260000228881836,0
2026-09-22 16:38:00+00:00,14.260000228881836,14.270000457763672,14.260000228881836,14.270000457763672,0
2026-09-22 16:39:00+00:00,14.270000457763672,14.270000457763672,14.260000228881836,14.260000228881836,0
2026-09-22 16:40:00+00:00,14.260000228881836,14.270000457763672,14.260000228881836,14.270000457763672,0
2026-09-22 16:41:00+00:00,14.270000457763672,14.270000457763672,14.260000228881836,14.270000457763672,0
2026-09-22 16:42:00+00:00,14.270000457763672,14.279999732971191,14.270000457763672,14.279999732971191,0
2026-09-22 16:43:00+00:00,14.270000457763672,14.270000457763672,14.270000457763672,14.270000457763672,0
2026-09-22 16:44:00+00:00,14.270000457763672,14.270000457763672,14.260000228881836,14.260000228881836,0
2026-09-22 16:45:00+00:00,14.260000228881836,14.260000228881836,14.260000228881836,14.260000228881836,0
2026-09-22 16:46:00+00:00,14.25,14.25,14.25,14.25,0
2026-09-22 16:47:00+00:00,14.25,14.25,14.239999771118164,14.25,0
2026-09-22 16:48:00+00:00,14.25,14.25,14.220000267028809,14.220000267028809,0
2026-09-22 16:49:00+00:00,14.229999542236328,14.239999771118164,14.229999542236328,14.239999771118164,0
2026-09-22 16:50:00+00:00,14.25,14.25,14.239999771118164,14.239999771118164,0
2026-09-22 16:51:00+00:00,14.25,14.25,14.25,14.25,0
2026-09-22 16:52:00+00:00,14.25,14.260000228881836,14.25,14.260000228881836,0
2026-09-22 16:53:00+00:00,14.270000457763672,14.279999732971191,14.270000457763672,14.279999732971191,0
2026-09-22 16:54:00+00:00,14.279999732971191,14.289999961853027,14.279999732971191,14.279999732971191,0
2026-09-22 16:55:00+00:00,14.279999732971191,14.279999732971191,14.279999732971191,14.279999732971191,0
2026-09-22 16:56:00+00:00,14.279999732971191,14.289999961853027,14.279999732971191,14.279999732971191,0
2026-09-22 16:57:00+00:00,14.279999732971191,14.279999732971191,14.279999732971191,14.279999732971191,0
2026-09-22 16:58:00+00:00,14.279999732971191,14.279999732971191,14.279999732971191,14.279999732971191,0
2026-09-22 16:59:00+00:00,14.279999732971191,14.279999732971191,14.279999732971191,14.279999732971191,0
2026-09-22 17:00:00+00:00,14.279999732971191,14.279999732971191,14.279999732971191,14.279999732971191,0
2026-09-22 17:01:00+00:00,14.279999732971191,14.279999732971191,14.260000228881836,14.260000228881836,0
2026-09-22 17:02:00+00:00,14.25,14.270000457763672,14.25,14.25,0
2026-09-22 17:03:00+00:00,14.25,14.25,14.25,14.25,0
2026-09-22 17:04:00+00:00,14.25,14.25,14.25,14.25,0
2026-09-22 17:05:00+00:00,14.25,14.260000228881836,14.25,14.25,0
2026-09-22 17:06:00+00:00,14.25,14.25,14.239999771118164,14.25,0
2026-09-22 17:07:00+00:00,14.25,14.260000228881836,14.239999771118164,14.260000228881836,0
2026-09-22 17:08:00+00:00,14.260000228881836,14.270000457763672,14.260000228881836,14.270000457763672,0
2026-09-22 17:09:00+00:00,14.270000457763672,14.270000457763672,14.260000228881836,14.260000228881836,0
2026-09-22 17:10:00+00:00,14.260000228881836,14.260000228881836,14.260000228881836,14.260000228881836,0
2026-09-22 17:11:00+00:00,14.260000228881836,14.260000228881836,14.260000228881836,14.260000228881836,0
2026-09-22 17:12:00+00:00,14.260000228881836,14.270000457763672,14.260000228881836,14.270000457763672,0
2026-09-22 17:13:00+00:00,14.260000228881836,14.270000457763672,14.260000228881836,14.270000457763672,0
2026-09-22 17:14:00+00:00,14.260000228881836,14.270000457763672,14.260000228881836,14.270000457763672,0
2026-09-22 17:15:00+00:00,14.270000457763672,14.279999732971191,14.270000457763672,14.270000457763672,0
2026-09-22 17:16:00+00:00,14.270000457763672,14.279999732971191,14.270000457763672,14.279999732971191,0
2026-09-22 17:17:00+00:00,14.279999732971191,14.279999732971191,14.279999732971191,14.279999732971191,0
2026-09-22 17:18:00+00:00,14.279999732971191,14.279999732971191,14.279999732971191,14.279999732971191,0
2026-09-22 17:19:00+00:00,14.279999732971191,14.279999732971191,14.270000457763672,14.270000457763672,0
2026-09-22 17:20:00+00:00,14.270000457763672,14.279999732971191,14.270000457763672,14.279999732971191,0
2026-09-22 17:21:00+00:00,14.279999732971191,14.279999732971191,14.279999732971191,14.279999732971191,0
2026-09-22 17:22:00+00:00,14.279999732971191,14.289999961853027,14.279999732971191,14.289999961853027,0
2026-09-22 17:23:00+00:00,14.289999961853027,14.289999961853027,14.289999961853027,14.289999961853027,0
2026-09-22 17:24:00+00:00,14.289999961853027,14.289999961853027,14.289999961853027,14.289999961853027,0
2026-09-22 17:25:00+00:00,14.289999961853027,14.289999961853027,14.289999961853027,14.289999961853027,0
2026-09-22 17:26:00+00:00,14.289999961853027,14.300000190734863,14.289999961853027,14.300000190734863,0
2026-09-22 17:27:00+00:00,14.300000190734863,14.300000190734863,14.289999961853027,14.289999961853027,0
2026-09-22 17:28:00+00:00,14.289999961853027,14.289999961853027,14.289999961853027,14.289999961853027,0
2026-09-22 17:29:00+00:00,14.289999961853027,14.289999961853027,14.279999732971191,14.279999732971191,0
2026-09-22 17:30:00+00:00,14.279999732971191,14.289999961853027,14.279999732971191,14.279999732971191,0
2026-09-22 17:31:00+00:00,14.270000457763672,14.270000457763672,14.270000457763672,14.270000457763672,0
2026-09-22 17:32:00+00:00,14.270000457763672,14.270000457763672,14.270000457763672,14.270000457763672,0
2026-09-22 17:33:00+00:00,14.279999732971191,14.279999732971191,14.270000457763672,14.279999732971191,0
2026-09-22 17:34:00+00:00,14.279999732971191,14.279999732971191,14.270000457763672,14.270000457763672,0
2026-09-22 17:35:00+00:00,14.270000457763672,14.279999732971191,14.270000457763672,14.270000457763672,0
2026-09-22 17:36:00+00:00,14.270000457763672,14.270000457763672,14.260000228881836,14.260000228881836,0
2026-09-22 17:37:00+00:00,14.260000228881836,14.260000228881836,14.260000228881836,14.260000228881836,0
2026-09-22 17:38:00+00:00,14.25,14.25,14.25,14.25,0
2026-09-22 17:39:00+00:00,14.25,14.25,14.25,14.25,0
2026-09-22 17:40:00+00:00,14.239999771118164,14.239999771118164,14.239999771118164,14.239999771118164,0
2026-09-22 17:41:00+00:00,14.239999771118164,14.239999771118164,14.239999771118164,14.239999771118164,0
2026-09-22 17:42:00+00:00,14.239999771118164,14.239999771118164,14.239999771118164,14.239999771118164,0
2026-09-22 17:43:00+00:00,14.239999771118164,14.239999771118164,14.239999771118164,14.239999771118164,0
2026-09-22 17:44:00+00:00,14.239999771118164,14.239999771118164,14.239999771118164,14.239999771118164,0
2026-09-22 17:45:00+00:00,14.239999771118164,14.239999771118164,14.220000267028809,14.220000267028809,0
2026-09-22 17:46:00+00:00,14.220000267028809,14.220000267028809,14.220000267028809,14.220000267028809,0
2026-09-22 17:47:00+00:00,14.220000267028809,14.229999542236328,14.220000267028809,14.229999542236328,0
2026-09-22 17:48:00+00:00,14.229999542236328,14.229999542236328,14.229999542236328,14.229999542236328,0
2026-09-22 17:49:00+00:00,14.229999542236328,14.229999542236328,14.229999542236328,14.229999542236328,0
2026-09-22 17:50:00+00:00,14.229999542236328,14.229999542236328,14.229999542236328,14.229999542236328,0
2026-09-22 17:51:00+00:00,14.229999542236328,14.229999542236328,14.229999542236328,14.229999542236328,0
2026-09-22 17:52:00+00:00,14.229999542236328,14.229999542236328,14.210000038146973,14.210000038146973,0
2026-09-22 17:53:00+00:00,14.1899995803833,14.210000038146973,14.1899995803833,14.210000038146973,0
2026-09-22 17:54:00+00:00,14.210000038146973,14.220000267028809,14.210000038146973,14.220000267028809,0
2026-09-22 17:55:00+00:00,14.229999542236328,14.229999542236328,14.229999542236328,14.229999542236328,0
2026-09-22 17:56:00+00:00,14.229999542236328,14.25,14.229999542236328,14.25,0
2026-09-22 17:57:00+00:00,14.260000228881836,14.260000228881836,14.260000228881836,14.260000228881836,0
2026-09-22 17:58:00+00:00,14.270000457763672,14.270000457763672,14.270000457763672,14.270000457763672,0
2026-09-22 17:59:00+00:00,14.270000457763672,14.270000457763672,14.270000457763672,14.270000457763672,0
2026-09-22 18:00:00+00:00,14.270000457763672,14.270000457763672,14.270000457763672,14.270000457763672,0
2026-09-22 18:01:00+00:00,14.270000457763672,14.279999732971191,14.270000457763672,14.279999732971191,0
2026-09-22 18:02:00+00:00,14.279999732971191,14.289999961853027,14.279999732971191,14.289999961853027,0
2026-09-22 18:03:00+00:00,14.289999961853027,14.289999961853027,14.289999961853027,14.289999961853027,0
2026-09-22 18:04:00+00:00,14.289999961853027,14.289999961853027,14.270000457763672,14.270000457763672,0
2026-09-22 18:05:00+00:00,14.270000457763672,14.289999961853027,14.270000457763672,14.289999961853027,0
2026-09-22 18:06:00+00:00,14.289999961853027,14.300000190734863,14.289999961853027,14.300000190734863,0
2026-09-22 18:07:00+00:00,14.300000190734863,14.300000190734863,14.289999961853027,14.289999961853027,0
2026-09-22 18:08:00+00:00,14.289999961853027,14.289999961853027,14.289999961853027,14.289999961853027,0
2026-09-22 18:09:00+00:00,14.289999961853027,14.289999961853027,14.289999961853027,14.289999961853027,0
2026-09-22 18:10:00+00:00,14.300000190734863,14.300000190734863,14.300000190734863,14.300000190734863,0
2026-09-22 18:11:00+00:00,14.300000190734863,14.300000190734863,14.289999961853027,14.289999961853027,0
2026-09-22 18:12:00+00:00,14.289999961853027,14.289999961853027,14.270000457763672,14.270000457763672,0
2026-09-22 18:13:00+00:00,14.270000457763672,14.279999732971191,14.270000457763672,14.279999732971191,0
2026-09-22 18:14:00+00:00,14.270000457763672,14.279999732971191,14.270000457763672,14.279999732971191,0
2026-09-22 18:15:00+00:00,14.270000457763672,14.279999732971191,14.270000457763672,14.279999732971191,0
2026-09-22 18:16:00+00:00,14.289999961853027,14.300000190734863,14.289999961853027,14.289999961853027,0
2026-09-22 18:17:00+00:00,14.289999961853027,14.289999961853027,14.289999961853027,14.289999961853027,0
2026-09-22 18:18:00+00:00,14.289999961853027,14.289999961853027,14.279999732971191,14.289999961853027,0
2026-09-22 18:19:00+00:00,14.289999961853027,14.289999961853027,14.289999961853027,14.289999961853027,0
2026-09-22 18:20:00+00:00,14.289999961853027,14.300000190734863,14.289999961853027,14.300000190734863,0
2026-09-22 18:21:00+00:00,14.300000190734863,14.300000190734863,14.289999961853027,14.289999961853027,0
2026-09-22 18:22:00+00:00,14.289999961853027,14.289999961853027,14.289999961853027,14.289999961853027,0
2026-09-22 18:23:00+00:00,14.289999961853027,14.289999961853027,14.260000228881836,14.260000228881836,0
2026-09-22 18:24:00+00:00,14.270000457763672,14.289999961853027,14.270000457763672,14.289999961853027,0
2026-09-22 18:25:00+00:00,14.289999961853027,14.289999961853027,14.289999961853027,14.289999961853027,0
2026-09-22 18:26:00+00:00,14.289999961853027,14.289999961853027,14.289999961853027,14.289999961853027,0
2026-09-22 18:27:00+00:00,14.289999961853027,14.289999961853027,14.289999961853027,14.289999961853027,0
2026-09-22 18:28:00+00:00,14.289999961853027,14.289999961853027,14.279999732971191,14.279999732971191,0
2026-09-22 18:29:00+00:00,14.279999732971191,14.279999732971191,14.279999732971191,14.279999732971191,0
2026-09-22 18:30:00+00:00,14.279999732971191,14.279999732971191,14.279999732971191,14.279999732971191,0
2026-09-22 18:31:00+00:00,14.279999732971191,14.279999732971191,14.270000457763672,14.279999732971191,0
2026-09-22 18:32:00+00:00,14.279999732971191,14.279999732971191,14.279999732971191,14.279999732971191,0
2026-09-22 18:33:00+00:00,14.270000457763672,14.279999732971191,14.270000457763672,14.279999732971191,0
2026-09-22 18:34:00+00:00,14.270000457763672,14.279999732971191,14.270000457763672,14.279999732971191,0
2026-09-22 18:35:00+00:00,14.279999732971191,14.279999732971191,14.279999732971191,14.279999732971191,0
2026-09-22 18:36:00+00:00,14.279999732971191,14.279999732971191,14.270000457763672,14.270000457763672,0
2026-09-22 18:37:00+00:00,14.270000457763672,14.270000457763672,14.270000457763672,14.270000457763672,0
2026-09-22 18:38:00+00:00,14.270000457763672,14.270000457763672,14.260000228881836,14.260000228881836,0
2026-09-22 18:39:00+00:00,14.260000228881836,14.270000457763672,14.260000228881836,14.260000228881836,0
2026-09-22 18:40:00+00:00,14.260000228881836,14.260000228881836,14.25,14.25,0
2026-09-22 18:41:00+00:00,14.25,14.25,14.25,14.25,0
2026-09-22 18:42:00+00:00,14.25,14.25,14.239999771118164,14.239999771118164,0
2026-09-22 18:43:00+00:00,14.229999542236328,14.229999542236328,14.220000267028809,14.220000267028809,0
2026-09-22 18:44:00+00:00,14.220000267028809,14.229999542236328,14.220000267028809,14.229999542236328,0
2026-09-22 18:45:00+00:00,14.229999542236328,14.229999542236328,14.220000267028809,14.220000267028809,0
2026-09-22 18:46:00+00:00,14.220000267028809,14.220000267028809,14.220000267028809,14.220000267028809,0
2026-09-22 18:47:00+00:00,14.220000267028809,14.220000267028809,14.220000267028809,14.220000267028809,0
2026-09-22 18:48:00+00:00,14.220000267028809,14.220000267028809,14.220000267028809,14.220000267028809,0
2026-09-22 18:49:00+00:00,14.220000267028809,14.220000267028809,14.220000267028809,14.220000267028809,0
2026-09-22 18:50:00+00:00,14.220000267028809,14.229999542236328,14.220000267028809,14.220000267028809,0
2026-09-22 18:51:00+00:00,14.220000267028809,14.220000267028809,14.220000267028809,14.220000267028809,0
2026-09-22 18:52:00+00:00,14.210000038146973,14.210000038146973,14.210000038146973,14.210000038146973,0
2026-09-22 18:53:00+00:00,14.210000038146973,14.210000038146973,14.210000038146973,14.210000038146973,0
2026-09-22 18:54:00+00:00,14.210000038146973,14.210000038146973,14.210000038146973,14.210000038146973,0
2026-09-22 18:55:00+00:00,14.210000038146973,14.210000038146973,14.210000038146973,14.210000038146973,0
2026-09-22 18:56:00+00:00,14.210000038146973,14.210000038146973,14.210000038146973,14.210000038146973,0
2026-09-22 18:57:00+00:00,14.210000038146973,14.220000267028809,14.210000038146973,14.220000267028809,0
2026-09-22 18:58:00+00:00,14.220000267028809,14.229999542236328,14.220000267028809,14.220000267028809,0
2026-09-22 18:59:00+00:00,14.220000267028809,14.229999542236328,14.220000267028809,14.229999542236328,0
2026-09-22 19:00:00+00:00,14.220000267028809,14.220000267028809,14.220000267028809,14.220000267028809,0
2026-09-22 19:01:00+00:00,14.220000267028809,14.220000267028809,14.220000267028809,14.220000267028809,0
2026-09-22 19:02:00+00:00,14.220000267028809,14.220000267028809,14.210000038146973,14.210000038146973,0
2026-09-22 19:03:00+00:00,14.210000038146973,14.210000038146973,14.210000038146973,14.210000038146973,0
2026-09-22 19:04:00+00:00,14.210000038146973,14.210000038146973,14.210000038146973,14.210000038146973,0
2026-09-22 19:05:00+00:00,14.210000038146973,14.210000038146973,14.210000038146973,14.210000038146973,0
2026-09-22 19:06:00+00:00,14.210000038146973,14.210000038146973,14.210000038146973,14.210000038146973,0
2026-09-22 19:07:00+00:00,14.210000038146973,14.210000038146973,14.210000038146973,14.210000038146973,0
2026-09-22 19:08:00+00:00,14.210000038146973,14.210000038146973,14.210000038146973,14.210000038146973,0
2026-09-22 19:09:00+00:00,14.220000267028809,14.220000267028809,14.220000267028809,14.220000267028809,0
2026-09-22 19:10:00+00:00,14.220000267028809,14.220000267028809,14.210000038146973,14.210000038146973,0
2026-09-22 19:11:00+00:00,14.210000038146973,14.210000038146973,14.210000038146973,14.210000038146973,0
2026-09-22 19:12:00+00:00,14.210000038146973,14.210000038146973,14.199999809265137,14.199999809265137,0
2026-09-22 19:13:00+00:00,14.199999809265137,14.199999809265137,14.199999809265137,14.199999809265137,0
2026-09-22 19:14:00+00:00,14.199999809265137,14.199999809265137,14.199999809265137,14.199999809265137,0
2026-09-22 19:15:00+00:00,14.199999809265137,14.199999809265137,14.199999809265137,14.199999809265137,0
2026-09-22 19:16:00+00:00,14.199999809265137,14.199999809265137,14.1899995803833,14.1899995803833,0
2026-09-22 19:17:00+00:00,14.1899995803833,14.1899995803833,14.1899995803833,14.1899995803833,0
2026-09-22 19:18:00+00:00,14.1899995803833,14.1899995803833,14.1899995803833,14.1899995803833,0
2026-09-22 19:19:00+00:00,14.1899995803833,14.1899995803833,14.1899995803833,14.1899995803833,0
2026-09-22 19:20:00+00:00,14.1899995803833,14.1899995803833,14.1899995803833,14.1899995803833,0
2026-09-22 19:21:00+00:00,14.1899995803833,14.1899995803833,14.1899995803833,14.1899995803833,0
2026-09-22 19:22:00+00:00,14.1899995803833,14.1899995803833,14.1899995803833,14.1899995803833,0
2026-09-22 19:23:00+00:00,14.199999809265137,14.199999809265137,14.199999809265137,14.199999809265137,0
2026-09-22 19:24:00+00:00,14.199999809265137,14.199999809265137,14.1899995803833,14.1899995803833,0
2026-09-22 19:25:00+00:00,14.1899995803833,14.210000038146973,14.1899995803833,14.210000038146973,0
2026-09-22 19:26:00+00:00,14.210000038146973,14.220000267028809,14.210000038146973,14.220000267028809,0
2026-09-22 19:27:00+00:00,14.220000267028809,14.220000267028809,14.1899995803833,14.1899995803833,0
2026-09-22 19:28:00+00:00,14.1899995803833,14.1899995803833,14.1899995803833,14.1899995803833,0
2026-09-22 19:29:00+00:00,14.199999809265137,14.199999809265137,14.199999809265137,14.199999809265137,0
2026-09-22 19:30:00+00:00,14.210000038146973,14.210000038146973,14.199999809265137,14.199999809265137,0
2026-09-22 19:31:00+00:00,14.199999809265137,14.199999809265137,14.199999809265137,14.199999809265137,0
2026-09-22 19:32:00+00:00,14.199999809265137,14.199999809265137,14.199999809265137,14.199999809265137,0
2026-09-22 19:33:00+00:00,14.199999809265137,14.210000038146973,14.199999809265137,14.199999809265137,0
2026-09-22 19:34:00+00:00,14.199999809265137,14.199999809265137,14.199999809265137,14.199999809265137,0
2026-09-22 19:35:00+00:00,14.199999809265137,14.210000038146973,14.199999809265137,14.210000038146973,0
2026-09-22 19:36:00+00:00,14.210000038146973,14.229999542236328,14.210000038146973,14.229999542236328,0
2026-09-22 19:37:00+00:00,14.220000267028809,14.229999542236328,14.220000267028809,14.229999542236328,0
2026-09-22 19:38:00+00:00,14.229999542236328,14.229999542236328,14.220000267028809,14.220000267028809,0
2026-09-22 19:39:00+00:00,14.220000267028809,14.220000267028809,14.210000038146973,14.220000267028809,0
2026-09-22 19:40:00+00:00,14.220000267028809,14.220000267028809,14.220000267028809,14.220000267028809,0
2026-09-22 19:41:00+00:00,14.220000267028809,14.220000267028809,14.210000038146973,14.210000038146973,0
2026-09-22 19:42:00+00:00,14.220000267028809,14.220000267028809,14.220000267028809,14.220000267028809,0
2026-09-22 19:43:00+00:00,14.220000267028809,14.229999542236328,14.220000267028809,14.220000267028809,0
2026-09-22 19:44:00+00:00,14.220000267028809,14.229999542236328,14.220000267028809,14.220000267028809,0
2026-09-22 19:45:00+00:00,14.220000267028809,14.220000267028809,14.220000267028809,14.220000267028809,0
2026-09-22 19:46:00+00:00,14.220000267028809,14.220000267028809,14.220000267028809,14.220000267028809,0
2026-09-22 19:47:00+00:00,14.229999542236328,14.229999542236328,14.229999542236328,14.229999542236328,0
2026-09-22 19:48:00+00:00,14.239999771118164,14.239999771118164,14.239999771118164,14.239999771118164,0
2026-09-22 19:49:00+00:00,14.239999771118164,14.239999771118164,14.239999771118164,14.239999771118164,0
2026-09-22 19:50:00+00:00,14.3100004196167,14.3100004196167,14.239999771118164,14.25,0
2026-09-22 19:51:00+00:00,14.239999771118164,14.260000228881836,14.239999771118164,14.260000228881836,0
2026-09-22 19:52:00+00:00,14.260000228881836,14.260000228881836,14.260000228881836,14.260000228881836,0
2026-09-22 19:53:00+00:00,14.25,14.260000228881836,14.25,14.260000228881836,0
2026-09-22 19:54:00+00:00,14.260000228881836,14.270000457763672,14.260000228881836,14.270000457763672,0
2026-09-22 19:55:00+00:00,14.25,14.279999732971191,14.25,14.279999732971191,0
2026-09-22 19:56:00+00:00,14.289999961853027,14.300000190734863,14.289999961853027,14.300000190734863,0
2026-09-22 19:57:00+00:00,14.300000190734863,14.300000190734863,14.300000190734863,14.300000190734863,0
2026-09-22 19:58:00+00:00,14.300000190734863,14.300000190734863,14.279999732971191,14.289999961853027,0
2026-09-22 19:59:00+00:00,14.300000190734863,14.300000190734863,14.279999732971191,14.279999732971191,0
2026-09-22 20:00:00+00:00,14.289999961853027,14.289999961853027,14.279999732971191,14.279999732971191,0
2026-09-22 20:01:00+00:00,14.279999732971191,14.279999732971191,14.279999732971191,14.279999732971191,0
2026-09-22 20:02:00+00:00,14.279999732971191,14.279999732971191,14.270000457763672,14.270000457763672,0
2026-09-22 20:03:00+00:00,14.270000457763672,14.270000457763672,14.270000457763672,14.270000457763672,0
2026-09-22 20:04:00+00:00,14.270000457763672,14.270000457763672,14.270000457763672,14.270000457763672,0
2026-09-22 20:05:00+00:00,14.270000457763672,14.270000457763672,14.260000228881836,14.270000457763672,0
2026-09-22 20:06:00+00:00,14.260000228881836,14.260000228881836,14.25,14.25,0
2026-09-22 20:07:00+00:00,14.25,14.25,14.239999771118164,14.239999771118164,0
2026-09-22 20:08:00+00:00,14.25,14.25,14.239999771118164,14.25,0
2026-09-22 20:09:00+00:00,14.239999771118164,14.25,14.239999771118164,14.25,0
2026-09-22 20:10:00+00:00,14.25,14.25,14.25,14.25,0
2026-09-22 20:11:00+00:00,14.25,14.25,14.220000267028809,14.220000267028809,0
2026-09-22 20:12:00+00:00,14.210000038146973,14.210000038146973,14.199999809265137,14.199999809265137,0
2026-09-22 20:13:00+00:00,14.199999809265137,14.210000038146973,14.199999809265137,14.210000038146973,0
2026-09-22 20:14:00+00:00,14.210000038146973,14.210000038146973,14.210000038146973,14.210000038146973,0
2026-09-23 07:15:00+00:00,14.15999984741211,14.15999984741211,14.15999984741211,14.15999984741211,0
2026-09-23 07:16:00+00:00,14.15999984741211,14.170000076293945,14.15999984741211,14.15999984741211,0
2026-09-23 07:17:00+00:00,14.15999984741211,14.170000076293945,14.15999984741211,14.170000076293945,0
2026-09-23 07:18:00+00:00,14.170000076293945,14.180000305175781,14.170000076293945,14.180000305175781,0
2026-09-23 07:19:00+00:00,14.180000305175781,14.180000305175781,14.180000305175781,14.180000305175781,0
2026-09-23 07:20:00+00:00,14.170000076293945,14.170000076293945,14.170000076293945,14.170000076293945,0
2026-09-23 07:21:00+00:00,14.170000076293945,14.170000076293945,14.170000076293945,14.170000076293945,0
2026-09-23 07:22:00+00:00,14.170000076293945,14.170000076293945,14.170000076293945,14.170000076293945,0
2026-09-23 07:23:00+00:00,14.170000076293945,14.180000305175781,14.170000076293945,14.180000305175781,0
2026-09-23 07:24:00+00:00,14.180000305175781,14.180000305175781,14.180000305175781,14.180000305175781,0
2026-09-23 07:25:00+00:00,14.1899995803833,14.1899995803833,14.1899995803833,14.1899995803833,0
2026-09-23 07:26:00+00:00,14.1899995803833,14.1899995803833,14.1899995803833,14.1899995803833,0
2026-09-23 07:27:00+00:00,14.1899995803833,14.199999809265137,14.1899995803833,14.1899995803833,0
2026-09-23 07:28:00+00:00,14.180000305175781,14.180000305175781,14.180000305175781,14.180000305175781,0
2026-09-23 07:29:00+00:00,14.180000305175781,14.180000305175781,14.180000305175781,14.180000305175781,0
2026-09-23 07:30:00+00:00,14.170000076293945,14.180000305175781,14.170000076293945,14.180000305175781,0
2026-09-23 07:31:00+00:00,14.170000076293945,14.170000076293945,14.170000076293945,14.170000076293945,0
2026-09-23 07:32:00+00:00,14.170000076293945,14.180000305175781,14.170000076293945,14.180000305175781,0
2026-09-23 07:33:00+00:00,14.180000305175781,14.1899995803833,14.180000305175781,14.1899995803833,0
2026-09-23 07:34:00+00:00,14.1899995803833,14.1899995803833,14.1899995803833,14.1899995803833,0
2026-09-23 07:35:00+00:00,14.1899995803833,14.1899995803833,14.180000305175781,14.1899995803833,0
2026-09-23 07:36:00+00:00,14.1899995803833,14.1899995803833,14.1899995803833,14.1899995803833,0
2026-09-23 07:37:00+00:00,14.1899995803833,14.1899995803833,14.180000305175781,14.180000305175781,0
2026-09-23 07:38:00+00:00,14.180000305175781,14.180000305175781,14.180000305175781,14.180000305175781,0
2026-09-23 07:39:00+00:00,14.180000305175781,14.1899995803833,14.180000305175781,14.180000305175781,0
2026-09-23 07:40:00+00:00,14.1899995803833,14.1899995803833,14.180000305175781,14.180000305175781,0
2026-09-23 07:41:00+00:00,14.180000305175781,14.180000305175781,14.180000305175781,14.180000305175781,0
2026-09-23 07:42:00+00:00,14.180000305175781,14.180000305175781,14.180000305175781,14.180000305175781,0
2026-09-23 07:43:00+00:00,14.180000305175781,14.180000305175781,14.180000305175781,14.180000305175781,0
2026-09-23 07:44:00+00:00,14.180000305175781,14.180000305175781,14.180000305175781,14.180000305175781,0
2026-09-23 07:45:00+00:00,14.180000305175781,14.180000305175781,14.180000305175781,14.180000305175781,0
2026-09-23 07:46:00+00:00,14.180000305175781,14.180000305175781,14.180000305175781,14.180000305175781,0
2026-09-23 07:47:00+00:00,14.180000305175781,14.180000305175781,14.170000076293945,14.180000305175781,0
2026-09-23 07:48:00+00:00,14.170000076293945,14.170000076293945,14.170000076293945,14.170000076293945,0
2026-09-23 07:49:00+00:00,14.170000076293945,14.170000076293945,14.15999984741211,14.15999984741211,0
2026-09-23 07:50:00+00:00,14.15999984741211,14.15999984741211,14.15999984741211,14.15999984741211,0
2026-09-23 07:51:00+00:00,14.15999984741211,14.15999984741211,14.149999618530273,14.149999618530273,0
2026-09-23 07:52:00+00:00,14.149999618530273,14.15999984741211,14.149999618530273,14.15999984741211,0
2026-09-23 07:53:00+00:00,14.170000076293945,14.170000076293945,14.170000076293945,14.170000076293945,0
2026-09-23 07:54:00+00:00,14.180000305175781,14.180000305175781,14.180000305175781,14.180000305175781,0
2026-09-23 07:55:00+00:00,14.180000305175781,14.180000305175781,14.170000076293945,14.170000076293945,0
2026-09-23 07:56:00+00:00,14.170000076293945,14.170000076293945,14.170000076293945,14.170000076293945,0
2026-09-23 07:57:00+00:00,14.15999984741211,14.170000076293945,14.15999984741211,14.170000076293945,0
2026-09-23 07:58:00+00:00,14.15999984741211,14.170000076293945,14.15999984741211,14.170000076293945,0
2026-09-23 07:59:00+00:00,14.170000076293945,14.170000076293945,14.170000076293945,14.170000076293945,0
2026-09-23 08:00:00+00:00,14.170000076293945,14.170000076293945,14.15999984741211,14.170000076293945,0
2026-09-23 08:01:00+00:00,14.170000076293945,14.170000076293945,14.170000076293945,14.170000076293945,0
2026-09-23 08:02:00+00:00,14.170000076293945,14.170000076293945,14.15999984741211,14.170000076293945,0
2026-09-23 08:03:00+00:00,14.170000076293945,14.180000305175781,14.170000076293945,14.180000305175781,0
2026-09-23 08:04:00+00:00,14.180000305175781,14.1899995803833,14.180000305175781,14.1899995803833,0
2026-09-23 08:05:00+00:00,14.1899995803833,14.1899995803833,14.1899995803833,14.1899995803833,0
2026-09-23 08:06:00+00:00,14.1899995803833,14.1899995803833,14.1899995803833,14.1899995803833,0
2026-09-23 08:07:00+00:00,14.1899995803833,14.1899995803833,14.180000305175781,14.180000305175781,0
2026-09-23 08:08:00+00:00,14.180000305175781,14.180000305175781,14.180000305175781,14.180000305175781,0
2026-09-23 08:09:00+00:00,14.180000305175781,14.180000305175781,14.180000305175781,14.180000305175781,0
2026-09-23 08:10:00+00:00,14.180000305175781,14.180000305175781,14.170000076293945,14.170000076293945,0
2026-09-23 08:11:00+00:00,14.170000076293945,14.170000076293945,14.170000076293945,14.170000076293945,0
2026-09-23 08:12:00+00:00,14.170000076293945,14.170000076293945,14.15999984741211,14.15999984741211,0
2026-09-23 08:13:00+00:00,14.149999618530273,14.149999618530273,14.140000343322754,14.140000343322754,0
2026-09-23 08:14:00+00:00,14.140000343322754,14.149999618530273,14.140000343322754,14.149999618530273,0
2026-09-23 08:15:00+00:00,14.149999618530273,14.149999618530273,14.140000343322754,14.140000343322754,0
2026-09-23 08:16:00+00:00,14.140000343322754,14.149999618530273,14.140000343322754,14.149999618530273,0
2026-09-23 08:17:00+00:00,14.149999618530273,14.149999618530273,14.149999618530273,14.149999618530273,0
2026-09-23 08:18:00+00:00,14.149999618530273,14.15999984741211,14.149999618530273,14.15999984741211,0
2026-09-23 08:19:00+00:00,14.149999618530273,14.149999618530273,14.149999618530273,14.149999618530273,0
2026-09-23 08:20:00+00:00,14.149999618530273,14.149999618530273,14.140000343322754,14.140000343322754,0
2026-09-23 08:21:00+00:00,14.140000343322754,14.140000343322754,14.140000343322754,14.140000343322754,0
2026-09-23 08:22:00+00:00,14.149999618530273,14.149999618530273,14.149999618530273,14.149999618530273,0
2026-09-23 08:23:00+00:00,14.140000343322754,14.149999618530273,14.140000343322754,14.149999618530273,0
2026-09-23 08:24:00+00:00,14.140000343322754,14.140000343322754,14.140000343322754,14.140000343322754,0
2026-09-23 08:25:00+00:00,14.140000343322754,14.140000343322754,14.140000343322754,14.140000343322754,0
2026-09-23 08:26:00+00:00,14.149999618530273,14.149999618530273,14.149999618530273,14.149999618530273,0
2026-09-23 08:27:00+00:00,14.149999618530273,14.149999618530273,14.149999618530273,14.149999618530273,0
2026-09-23 08:28:00+00:00,14.149999618530273,14.149999618530273,14.149999618530273,14.149999618530273,0
2026-09-23 08:29:00+00:00,14.149999618530273,14.15999984741211,14.149999618530273,14.15999984741211,0
2026-09-23 08:30:00+00:00,14.15999984741211,14.15999984741211,14.149999618530273,14.149999618530273,0
2026-09-23 08:31:00+00:00,14.149999618530273,14.149999618530273,14.149999618530273,14.149999618530273,0
2026-09-23 08:32:00+00:00,14.149999618530273,14.149999618530273,14.149999618530273,14.149999618530273,0
2026-09-23 08:33:00+00:00,14.149999618530273,14.149999618530273,14.149999618530273,14.149999618530273,0
2026-09-23 08:34:00+00:00,14.149999618530273,14.149999618530273,14.149999618530273,14.149999618530273,0
2026-09-23 08:35:00+00:00,14.130000114440918,14.130000114440918,14.119999885559082,14.130000114440918,0
2026-09-23 08:36:00+00:00,14.130000114440918,14.130000114440918,14.130000114440918,14.130000114440918,0
2026-09-23 08:37:00+00:00,14.130000114440918,14.140000343322754,14.130000114440918,14.140000343322754,0
2026-09-23 08:38:00+00:00,14.140000343322754,14.15999984741211,14.140000343322754,14.15999984741211,0
2026-09-23 08:39:00+00:00,14.15999984741211,14.15999984741211,14.15999984741211,14.15999984741211,0
2026-09-23 08:40:00+00:00,14.15999984741211,14.15999984741211,14.15999984741211,14.15999984741211,0
2026-09-23 08:41:00+00:00,14.15999984741211,14.15999984741211,14.140000343322754,14.140000343322754,0
2026-09-23 08:42:00+00:00,14.140000343322754,14.140000343322754,14.140000343322754,14.140000343322754,0
2026-09-23 08:43:00+00:00,14.140000343322754,14.140000343322754,14.130000114440918,14.130000114440918,0
2026-09-23 08:44:00+00:00,14.140000343322754,14.140000343322754,14.140000343322754,14.140000343322754,0
2026-09-23 08:45:00+00:00,14.140000343322754,14.140000343322754,14.140000343322754,14.140000343322754,0
2026-09-23 08:46:00+00:00,14.140000343322754,14.149999618530273,14.140000343322754,14.140000343322754,0
2026-09-23 08:47:00+00:00,14.149999618530273,14.149999618530273,14.149999618530273,14.149999618530273,0
2026-09-23 08:48:00+00:00,14.149999618530273,14.149999618530273,14.149999618530273,14.149999618530273,0
2026-09-23 08:49:00+00:00,14.140000343322754,14.140000343322754,14.140000343322754,14.140000343322754,0
2026-09-23 08:50:00+00:00,14.140000343322754,14.140000343322754,14.130000114440918,14.130000114440918,0
2026-09-23 08:51:00+00:00,14.130000114440918,14.149999618530273,14.130000114440918,14.149999618530273,0
2026-09-23 08:52:00+00:00,14.149999618530273,14.15999984741211,14.149999618530273,14.15999984741211,0
2026-09-23 08:53:00+00:00,14.15999984741211,14.15999984741211,14.15999984741211,14.15999984741211,0
2026-09-23 08:54:00+00:00,14.15999984741211,14.15999984741211,14.15999984741211,14.15999984741211,0
2026-09-23 08:55:00+00:00,14.15999984741211,14.15999984741211,14.149999618530273,14.149999618530273,0
2026-09-23 08:56:00+00:00,14.149999618530273,14.149999618530273,14.149999618530273,14.149999618530273,0
2026-09-23 08:57:00+00:00,14.149999618530273,14.149999618530273,14.140000343322754,14.140000343322754,0
2026-09-23 08:58:00+00:00,14.140000343322754,14.140000343322754,14.140000343322754,14.140000343322754,0
2026-09-23 08:59:00+00:00,14.140000343322754,14.140000343322754,14.140000343322754,14.140000343322754,0
2026-09-23 09:00:00+00:00,14.140000343322754,14.140000343322754,14.130000114440918,14.130000114440918,0
2026-09-23 09:01:00+00:00,14.130000114440918,14.130000114440918,14.130000114440918,14.130000114440918,0
2026-09-23 09:02:00+00:00,14.130000114440918,14.130000114440918,14.130000114440918,14.130000114440918,0
2026-09-23 09:03:00+00:00,14.130000114440918,14.140000343322754,14.130000114440918,14.140000343322754,0
2026-09-23 09:04:00+00:00,14.149999618530273,14.149999618530273,14.149999618530273,14.149999618530273,0
2026-09-23 09:05:00+00:00,14.149999618530273,14.149999618530273,14.149999618530273,14.149999618530273,0
2026-09-23 09:06:00+00:00,14.149999618530273,14.149999618530273,14.149999618530273,14.149999618530273,0
2026-09-23 09:07:00+00:00,14.140000343322754,14.140000343322754,14.140000343322754,14.140000343322754,0
2026-09-23 09:08:00+00:00,14.140000343322754,14.140000343322754,14.130000114440918,14.130000114440918,0
2026-09-23 09:09:00+00:00,14.130000114440918,14.130000114440918,14.130000114440918,14.130000114440918,0
2026-09-23 09:10:00+00:00,14.130000114440918,14.140000343322754,14.130000114440918,14.140000343322754,0
2026-09-23 09:11:00+00:00,14.140000343322754,14.149999618530273,14.140000343322754,14.149999618530273,0
2026-09-23 09:12:00+00:00,14.140000343322754,14.140000343322754,14.140000343322754,14.140000343322754,0
2026-09-23 09:13:00+00:00,14.140000343322754,14.140000343322754,14.140000343322754,14.140000343322754,0
2026-09-23 09:14:00+00:00,14.149999618530273,14.149999618530273,14.149999618530273,14.149999618530273,0
2026-09-23 09:15:00+00:00,14.149999618530273,14.149999618530273,14.149999618530273,14.149999618530273,0
2026-09-23 09:16:00+00:00,14.149999618530273,14.149999618530273,14.149999618530273,14.149999618530273,0
2026-09-23 09:17:00+00:00,14.149999618530273,14.149999618530273,14.149999618530273,14.149999618530273,0
2026-09-23 09:18:00+00:00,14.149999618530273,14.149999618530273,14.149999618530273,14.149999618530273,0
2026-09-23 09:19:00+00:00,14.149999618530273,14.149999618530273,14.149999618530273,14.149999618530273,0
2026-09-23 09:20:00+00:00,14.149999618530273,14.149999618530273,14.140000343322754,14.149999618530273,0
2026-09-23 09:21:00+00:00,14.149999618530273,14.149999618530273,14.149999618530273,14.149999618530273,0
2026-09-23 09:22:00+00:00,14.149999618530273,14.149999618530273,14.140000343322754,14.140000343322754,0
2026-09-23 09:23:00+00:00,14.15999984741211,14.15999984741211,14.140000343322754,14.140000343322754,0
2026-09-23 09:24:00+00:00,14.140000343322754,14.140000343322754,14.130000114440918,14.130000114440918,0
2026-09-23 09:25:00+00:00,14.130000114440918,14.130000114440918,14.130000114440918,14.130000114440918,0
2026-09-23 09:26:00+00:00,14.130000114440918,14.130000114440918,14.130000114440918,14.130000114440918,0
2026-09-23 09:27:00+00:00,14.130000114440918,14.130000114440918,14.130000114440918,14.130000114440918,0
2026-09-23 09:28:00+00:00,14.130000114440918,14.130000114440918,14.130000114440918,14.130000114440918,0
2026-09-23 09:29:00+00:00,14.130000114440918,14.140000343322754,14.130000114440918,14.140000343322754,0
2026-09-23 09:30:00+00:00,14.140000343322754,14.140000343322754,14.140000343322754,14.140000343322754,0
2026-09-23 09:31:00+00:00,14.140000343322754,14.140000343322754,14.140000343322754,14.140000343322754,0
2026-09-23 09:32:00+00:00,14.140000343322754,14.140000343322754,14.140000343322754,14.140000343322754,0
2026-09-23 09:33:00+00:00,14.140000343322754,14.140000343322754,14.140000343322754,14.140000343322754,0
2026-09-23 09:34:00+00:00,14.149999618530273,14.149999618530273,14.140000343322754,14.140000343322754,0
2026-09-23 09:35:00+00:00,14.149999618530273,14.149999618530273,14.140000343322754,14.140000343322754,0
2026-09-23 09:36:00+00:00,14.140000343322754,14.140000343322754,14.140000343322754,14.140000343322754,0
2026-09-23 09:37:00+00:00,14.140000343322754,14.140000343322754,14.140000343322754,14.140000343322754,0
2026-09-23 09:38:00+00:00,14.140000343322754,14.140000343322754,14.140000343322754,14.140000343322754,0
2026-09-23 09:39:00+00:00,14.140000343322754,14.140000343322754,14.140000343322754,14.140000343322754,0
2026-09-23 09:40:00+00:00,14.140000343322754,14.140000343322754,14.140000343322754,14.140000343322754,0
2026-09-23 09:41:00+00:00,14.149999618530273,14.149999618530273,14.149999618530273,14.149999618530273,0
2026-09-23 09:42:00+00:00,14.149999618530273,14.149999618530273,14.140000343322754,14.140000343322754,0
2026-09-23 09:43:00+00:00,14.149999618530273,14.149999618530273,14.149999618530273,14.149999618530273,0
2026-09-23 09:44:00+00:00,14.149999618530273,14.149999618530273,14.149999618530273,14.149999618530273,0
2026-09-23 09:45:00+00:00,14.149999618530273,14.149999618530273,14.149999618530273,14.149999618530273,0
2026-09-23 09:46:00+00:00,14.15999984741211,14.15999984741211,14.15999984741211,14.15999984741211,0
2026-09-23 09:47:00+00:00,14.15999984741211,14.15999984741211,14.15999984741211,14.15999984741211,0
2026-09-23 09:48:00+00:00,14.15999984741211,14.170000076293945,14.15999984741211,14.170000076293945,0
2026-09-23 09:49:00+00:00,14.180000305175781,14.1899995803833,14.180000305175781,14.180000305175781,0
2026-09-23 09:50:00+00:00,14.180000305175781,14.180000305175781,14.170000076293945,14.170000076293945,0
2026-09-23 09:51:00+00:00,14.170000076293945,14.180000305175781,14.170000076293945,14.180000305175781,0
2026-09-23 09:52:00+00:00,14.180000305175781,14.180000305175781,14.180000305175781,14.180000305175781,0
2026-09-23 09:53:00+00:00,14.180000305175781,14.180000305175781,14.180000305175781,14.180000305175781,0
2026-09-23 09:54:00+00:00,14.180000305175781,14.180000305175781,14.170000076293945,14.170000076293945,0
2026-09-23 09:55:00+00:00,14.170000076293945,14.180000305175781,14.170000076293945,14.170000076293945,0
2026-09-23 09:56:00+00:00,14.170000076293945,14.180000305175781,14.170000076293945,14.180000305175781,0
2026-09-23 09:57:00+00:00,14.180000305175781,14.180000305175781,14.180000305175781,14.180000305175781,0
2026-09-23 09:58:00+00:00,14.180000305175781,14.180000305175781,14.180000305175781,14.180000305175781,0
2026-09-23 09:59:00+00:00,14.180000305175781,14.180000305175781,14.180000305175781,14.180000305175781,0
2026-09-23 10:00:00+00:00,14.180000305175781,14.180000305175781,14.180000305175781,14.180000305175781,0
2026-09-23 10:01:00+00:00,14.180000305175781,14.180000305175781,14.180000305175781,14.180000305175781,0
2026-09-23 10:02:00+00:00,14.170000076293945,14.180000305175781,14.170000076293945,14.180000305175781,0
2026-09-23 10:03:00+00:00,14.170000076293945,14.180000305175781,14.170000076293945,14.170000076293945,0
2026-09-23 10:04:00+00:00,14.170000076293945,14.170000076293945,14.15999984741211,14.15999984741211,0
2026-09-23 10:05:00+00:00,14.15999984741211,14.15999984741211,14.15999984741211,14.15999984741211,0
2026-09-23 10:06:00+00:00,14.15999984741211,14.15999984741211,14.15999984741211,14.15999984741211,0
2026-09-23 10:07:00+00:00,14.15999984741211,14.15999984741211,14.15999984741211,14.15999984741211,0
2026-09-23 10:08:00+00:00,14.15999984741211,14.15999984741211,14.15999984741211,14.15999984741211,0
2026-09-23 10:09:00+00:00,14.15999984741211,14.15999984741211,14.15999984741211,14.15999984741211,0
2026-09-23 10:10:00+00:00,14.15999984741211,14.170000076293945,14.15999984741211,14.170000076293945,0
2026-09-23 10:11:00+00:00,14.170000076293945,14.170000076293945,14.170000076293945,14.170000076293945,0
2026-09-23 10:12:00+00:00,14.170000076293945,14.170000076293945,14.15999984741211,14.15999984741211,0
2026-09-23 10:13:00+00:00,14.15999984741211,14.170000076293945,14.15999984741211,14.170000076293945,0
2026-09-23 10:14:00+00:00,14.15999984741211,14.170000076293945,14.15999984741211,14.170000076293945,0
2026-09-23 10:15:00+00:00,14.170000076293945,14.170000076293945,14.170000076293945,14.170000076293945,0
2026-09-23 10:16:00+00:00,14.170000076293945,14.180000305175781,14.170000076293945,14.180000305175781,0
2026-09-23 10:17:00+00:00,14.180000305175781,14.180000305175781,14.170000076293945,14.170000076293945,0
2026-09-23 10:18:00+00:00,14.180000305175781,14.180000305175781,14.180000305175781,14.180000305175781,0
2026-09-23 10:19:00+00:00,14.180000305175781,14.180000305175781,14.170000076293945,14.170000076293945,0
2026-09-23 10:20:00+00:00,14.170000076293945,14.170000076293945,14.170000076293945,14.170000076293945,0
2026-09-23 10:21:00+00:00,14.170000076293945,14.180000305175781,14.170000076293945,14.180000305175781,0
2026-09-23 10:22:00+00:00,14.180000305175781,14.180000305175781,14.180000305175781,14.180000305175781,0
2026-09-23 10:23:00+00:00,14.180000305175781,14.180000305175781,14.180000305175781,14.180000305175781,0
2026-09-23 10:24:00+00:00,14.180000305175781,14.180000305175781,14.180000305175781,14.180000305175781,0
2026-09-23 10:25:00+00:00,14.180000305175781,14.180000305175781,14.180000305175781,14.180000305175781,0
2026-09-23 10:26:00+00:00,14.180000305175781,14.180000305175781,14.180000305175781,14.180000305175781,0
2026-09-23 10:27:00+00:00,14.180000305175781,14.180000305175781,14.180000305175781,14.180000305175781,0
2026-09-23 10:28:00+00:00,14.180000305175781,14.180000305175781,14.180000305175781,14.180000305175781,0
2026-09-23 10:29:00+00:00,14.180000305175781,14.180000305175781,14.180000305175781,14.180000305175781,0
2026-09-23 10:30:00+00:00,14.180000305175781,14.180000305175781,14.180000305175781,14.180000305175781,0
2026-09-23 10:31:00+00:00,14.180000305175781,14.180000305175781,14.15999984741211,14.15999984741211,0
2026-09-23 10:32:00+00:00,14.15999984741211,14.15999984741211,14.15999984741211,14.15999984741211,0
2026-09-23 10:33:00+00:00,14.15999984741211,14.15999984741211,14.15999984741211,14.15999984741211,0
2026-09-23 10:34:00+00:00,14.15999984741211,14.170000076293945,14.15999984741211,14.170000076293945,0
2026-09-23 10:35:00+00:00,14.170000076293945,14.180000305175781,14.170000076293945,14.180000305175781,0
2026-09-23 10:36:00+00:00,14.180000305175781,14.180000305175781,14.180000305175781,14.180000305175781,0
2026-09-23 10:37:00+00:00,14.180000305175781,14.180000305175781,14.170000076293945,14.170000076293945,0
2026-09-23 10:38:00+00:00,14.170000076293945,14.170000076293945,14.170000076293945,14.170000076293945,0
2026-09-23 10:39:00+00:00,14.170000076293945,14.170000076293945,14.170000076293945,14.170000076293945,0
2026-09-23 10:40:00+00:00,14.170000076293945,14.170000076293945,14.170000076293945,14.170000076293945,0
2026-09-23 10:41:00+00:00,14.170000076293945,14.170000076293945,14.170000076293945,14.170000076293945,0
2026-09-23 10:42:00+00:00,14.170000076293945,14.170000076293945,14.170000076293945,14.170000076293945,0
2026-09-23 10:43:00+00:00,14.170000076293945,14.180000305175781,14.170000076293945,14.180000305175781,0
2026-09-23 10:44:00+00:00,14.170000076293945,14.170000076293945,14.170000076293945,14.170000076293945,0
2026-09-23 10:45:00+00:00,14.170000076293945,14.180000305175781,14.170000076293945,14.180000305175781,0
2026-09-23 10:46:00+00:00,14.180000305175781,14.180000305175781,14.170000076293945,14.170000076293945,0
2026-09-23 10:47:00+00:00,14.170000076293945,14.170000076293945,14.170000076293945,14.170000076293945,0
2026-09-23 10:48:00+00:00,14.170000076293945,14.170000076293945,14.170000076293945,14.170000076293945,0
2026-09-23 10:49:00+00:00,14.170000076293945,14.170000076293945,14.170000076293945,14.170000076293945,0
2026-09-23 10:50:00+00:00,14.170000076293945,14.170000076293945,14.170000076293945,14.170000076293945,0
2026-09-23 10:51:00+00:00,14.180000305175781,14.180000305175781,14.170000076293945,14.170000076293945,0
2026-09-23 10:52:00+00:00,14.170000076293945,14.170000076293945,14.170000076293945,14.170000076293945,0
2026-09-23 10:53:00+00:00,14.170000076293945,14.170000076293945,14.170000076293945,14.170000076293945,0
2026-09-23 10:54:00+00:00,14.170000076293945,14.170000076293945,14.170000076293945,14.170000076293945,0
2026-09-23 10:55:00+00:00,14.15999984741211,14.15999984741211,14.15999984741211,14.15999984741211,0
2026-09-23 10:56:00+00:00,14.15999984741211,14.15999984741211,14.149999618530273,14.15999984741211,0
2026-09-23 10:57:00+00:00,14.15999984741211,14.15999984741211,14.15999984741211,14.15999984741211,0
2026-09-23 10:58:00+00:00,14.15999984741211,14.15999984741211,14.15999984741211,14.15999984741211,0
2026-09-23 10:59:00+00:00,14.15999984741211,14.170000076293945,14.15999984741211,14.170000076293945,0
2026-09-23 11:00:00+00:00,14.170000076293945,14.1899995803833,14.170000076293945,14.1899995803833,0
2026-09-23 11:01:00+00:00,14.1899995803833,14.1899995803833,14.180000305175781,14.180000305175781,0
2026-09-23 11:02:00+00:00,14.180000305175781,14.1899995803833,14.180000305175781,14.1899995803833,0
2026-09-23 11:03:00+00:00,14.1899995803833,14.1899995803833,14.1899995803833,14.1899995803833,0
2026-09-23 11:04:00+00:00,14.199999809265137,14.210000038146973,14.199999809265137,14.210000038146973,0
2026-09-23 11:05:00+00:00,14.210000038146973,14.210000038146973,14.210000038146973,14.210000038146973,0
2026-09-23 11:06:00+00:00,14.210000038146973,14.220000267028809,14.210000038146973,14.210000038146973,0
2026-09-23 11:07:00+00:00,14.210000038146973,14.210000038146973,14.210000038146973,14.210000038146973,0
2026-09-23 11:08:00+00:00,14.210000038146973,14.210000038146973,14.199999809265137,14.199999809265137,0
2026-09-23 11:09:00+00:00,14.1899995803833,14.199999809265137,14.1899995803833,14.1899995803833,0
2026-09-23 11:10:00+00:00,14.180000305175781,14.180000305175781,14.180000305175781,14.180000305175781,0
2026-09-23 11:11:00+00:00,14.180000305175781,14.180000305175781,14.180000305175781,14.180000305175781,0
2026-09-23 11:12:00+00:00,14.180000305175781,14.180000305175781,14.170000076293945,14.170000076293945,0
2026-09-23 11:13:00+00:00,14.180000305175781,14.180000305175781,14.180000305175781,14.180000305175781,0
2026-09-23 11:14:00+00:00,14.180000305175781,14.1899995803833,14.180000305175781,14.1899995803833,0
2026-09-23 11:15:00+00:00,14.1899995803833,14.1899995803833,14.180000305175781,14.180000305175781,0
2026-09-23 11:16:00+00:00,14.180000305175781,14.180000305175781,14.180000305175781,14.180000305175781,0
2026-09-23 11:17:00+00:00,14.180000305175781,14.180000305175781,14.170000076293945,14.170000076293945,0
2026-09-23 11:18:00+00:00,14.180000305175781,14.180000305175781,14.170000076293945,14.170000076293945,0
2026-09-23 11:19:00+00:00,14.180000305175781,14.180000305175781,14.180000305175781,14.180000305175781,0
2026-09-23 11:20:00+00:00,14.180000305175781,14.180000305175781,14.180000305175781,14.180000305175781,0
2026-09-23 11:21:00+00:00,14.1899995803833,14.210000038146973,14.1899995803833,14.210000038146973,0
2026-09-23 11:22:00+00:00,14.210000038146973,14.220000267028809,14.210000038146973,14.220000267028809,0
2026-09-23 11:23:00+00:00,14.220000267028809,14.239999771118164,14.220000267028809,14.239999771118164,0
2026-09-23 11:24:00+00:00,14.229999542236328,14.239999771118164,14.229999542236328,14.239999771118164,0
2026-09-23 11:25:00+00:00,14.239999771118164,14.239999771118164,14.229999542236328,14.239999771118164,0
2026-09-23 11:26:00+00:00,14.239999771118164,14.239999771118164,14.239999771118164,14.239999771118164,0
2026-09-23 11:27:00+00:00,14.25,14.25,14.25,14.25,0
2026-09-23 11:28:00+00:00,14.25,14.25,14.239999771118164,14.239999771118164,0
2026-09-23 11:29:00+00:00,14.239999771118164,14.25,14.239999771118164,14.25,0
2026-09-23 11:30:00+00:00,14.25,14.260000228881836,14.25,14.260000228881836,0
2026-09-23 11:31:00+00:00,14.270000457763672,14.270000457763672,14.260000228881836,14.260000228881836,0
2026-09-23 11:32:00+00:00,14.260000228881836,14.289999961853027,14.260000228881836,14.289999961853027,0
2026-09-23 11:33:00+00:00,14.289999961853027,14.289999961853027,14.279999732971191,14.289999961853027,0
2026-09-23 11:34:00+00:00,14.300000190734863,14.300000190734863,14.300000190734863,14.300000190734863,0
2026-09-23 11:35:00+00:00,14.300000190734863,14.3100004196167,14.300000190734863,14.3100004196167,0
2026-09-23 11:36:00+00:00,14.300000190734863,14.3100004196167,14.300000190734863,14.3100004196167,0
2026-09-23 11:37:00+00:00,14.3100004196167,14.319999694824219,14.3100004196167,14.319999694824219,0
2026-09-23 11:38:00+00:00,14.319999694824219,14.329999923706055,14.319999694824219,14.329999923706055,0
2026-09-23 11:39:00+00:00,14.34000015258789,14.359999656677246,14.34000015258789,14.350000381469727,0
2026-09-23 11:40:00+00:00,14.350000381469727,14.350000381469727,14.350000381469727,14.350000381469727,0
2026-09-23 11:41:00+00:00,14.350000381469727,14.350000381469727,14.350000381469727,14.350000381469727,0
2026-09-23 11:42:00+00:00,14.350000381469727,14.359999656677246,14.350000381469727,14.359999656677246,0
2026-09-23 11:43:00+00:00,14.359999656677246,14.369999885559082,14.359999656677246,14.369999885559082,0
2026-09-23 11:44:00+00:00,14.369999885559082,14.380000114440918,14.359999656677246,14.369999885559082,0
2026-09-23 11:45:00+00:00,14.359999656677246,14.359999656677246,14.319999694824219,14.319999694824219,0
2026-09-23 11:46:00+00:00,14.319999694824219,14.319999694824219,14.300000190734863,14.300000190734863,0
2026-09-23 11:47:00+00:00,14.300000190734863,14.300000190734863,14.289999961853027,14.300000190734863,0
2026-09-23 11:48:00+00:00,14.300000190734863,14.300000190734863,14.289999961853027,14.289999961853027,0
2026-09-23 11:49:00+00:00,14.300000190734863,14.300000190734863,14.289999961853027,14.289999961853027,0
2026-09-23 11:50:00+00:00,14.300000190734863,14.3100004196167,14.300000190734863,14.300000190734863,0
2026-09-23 11:51:00+00:00,14.300000190734863,14.3100004196167,14.300000190734863,14.3100004196167,0
2026-09-23 11:52:00+00:00,14.3100004196167,14.3100004196167,14.300000190734863,14.3100004196167,0
2026-09-23 11:53:00+00:00,14.3100004196167,14.3100004196167,14.3100004196167,14.3100004196167,0
2026-09-23 11:54:00+00:00,14.3100004196167,14.3100004196167,14.3100004196167,14.3100004196167,0
2026-09-23 11:55:00+00:00,14.3100004196167,14.3100004196167,14.289999961853027,14.289999961853027,0
2026-09-23 11:56:00+00:00,14.289999961853027,14.289999961853027,14.289999961853027,14.289999961853027,0
2026-09-23 11:57:00+00:00,14.289999961853027,14.289999961853027,14.289999961853027,14.289999961853027,0
2026-09-23 11:58:00+00:00,14.289999961853027,14.289999961853027,14.289999961853027,14.289999961853027,0
2026-09-23 11:59:00+00:00,14.289999961853027,14.289999961853027,14.289999961853027,14.289999961853027,0
2026-09-23 12:00:00+00:00,14.289999961853027,14.289999961853027,14.279999732971191,14.279999732971191,0
2026-09-23 12:01:00+00:00,14.289999961853027,14.3100004196167,14.289999961853027,14.300000190734863,0
2026-09-23 12:02:00+00:00,14.300000190734863,14.3100004196167,14.300000190734863,14.300000190734863,0
2026-09-23 12:03:00+00:00,14.300000190734863,14.300000190734863,14.300000190734863,14.300000190734863,0
2026-09-23 12:04:00+00:00,14.3100004196167,14.3100004196167,14.3100004196167,14.3100004196167,0
2026-09-23 12:05:00+00:00,14.3100004196167,14.3100004196167,14.3100004196167,14.3100004196167,0
2026-09-23 12:06:00+00:00,14.3100004196167,14.3100004196167,14.300000190734863,14.300000190734863,0
2026-09-23 12:07:00+00:00,14.3100004196167,14.319999694824219,14.3100004196167,14.319999694824219,0
2026-09-23 12:08:00+00:00,14.3100004196167,14.319999694824219,14.3100004196167,14.319999694824219,0
2026-09-23 12:09:00+00:00,14.319999694824219,14.319999694824219,14.319999694824219,14.319999694824219,0
2026-09-23 12:10:00+00:00,14.319999694824219,14.319999694824219,14.319999694824219,14.319999694824219,0
2026-09-23 12:11:00+00:00,14.319999694824219,14.319999694824219,14.319999694824219,14.319999694824219,0
2026-09-23 12:12:00+00:00,14.319999694824219,14.329999923706055,14.319999694824219,14.329999923706055,0
2026-09-23 12:13:00+00:00,14.329999923706055,14.34000015258789,14.329999923706055,14.34000015258789,0
2026-09-23 12:14:00+00:00,14.329999923706055,14.34000015258789,14.329999923706055,14.34000015258789,0
2026-09-23 12:15:00+00:00,14.329999923706055,14.34000015258789,14.329999923706055,14.34000015258789,0
2026-09-23 12:16:00+00:00,14.34000015258789,14.34000015258789,14.34000015258789,14.34000015258789,0
2026-09-23 12:17:00+00:00,14.34000015258789,14.359999656677246,14.34000015258789,14.359999656677246,0
2026-09-23 12:18:00+00:00,14.369999885559082,14.369999885559082,14.359999656677246,14.359999656677246,0
2026-09-23 12:19:00+00:00,14.350000381469727,14.350000381469727,14.34000015258789,14.34000015258789,0
2026-09-23 12:20:00+00:00,14.34000015258789,14.350000381469727,14.34000015258789,14.350000381469727,0
2026-09-23 12:21:00+00:00,14.34000015258789,14.34000015258789,14.34000015258789,14.34000015258789,0
2026-09-23 12:22:00+00:00,14.34000015258789,14.34000015258789,14.329999923706055,14.329999923706055,0
2026-09-23 12:23:00+00:00,14.329999923706055,14.34000015258789,14.329999923706055,14.34000015258789,0
2026-09-23 12:24:00+00:00,14.329999923706055,14.329999923706055,14.319999694824219,14.319999694824219,0
2026-09-23 12:25:00+00:00,14.3100004196167,14.319999694824219,14.3100004196167,14.319999694824219,0
2026-09-23 12:26:00+00:00,14.319999694824219,14.319999694824219,14.319999694824219,14.319999694824219,0
2026-09-23 12:27:00+00:00,14.319999694824219,14.319999694824219,14.3100004196167,14.3100004196167,0
2026-09-23 12:28:00+00:00,14.3100004196167,14.3100004196167,14.3100004196167,14.3100004196167,0
2026-09-23 12:29:00+00:00,14.3100004196167,14.3100004196167,14.3100004196167,14.3100004196167,0
2026-09-23 12:30:00+00:00,14.300000190734863,14.300000190734863,14.300000190734863,14.300000190734863,0
2026-09-23 12:31:00+00:00,14.300000190734863,14.300000190734863,14.300000190734863,14.300000190734863,0
2026-09-23 12:32:00+00:00,14.289999961853027,14.289999961853027,14.289999961853027,14.289999961853027,0
2026-09-23 12:33:00+00:00,14.289999961853027,14.289999961853027,14.289999961853027,14.289999961853027,0
2026-09-23 12:34:00+00:00,14.289999961853027,14.300000190734863,14.289999961853027,14.300000190734863,0
2026-09-23 12:35:00+00:00,14.300000190734863,14.300000190734863,14.289999961853027,14.289999961853027,0
2026-09-23 12:36:00+00:00,14.289999961853027,14.289999961853027,14.279999732971191,14.279999732971191,0
2026-09-23 12:37:00+00:00,14.279999732971191,14.289999961853027,14.279999732971191,14.289999961853027,0
2026-09-23 12:38:00+00:00,14.289999961853027,14.289999961853027,14.279999732971191,14.279999732971191,0
2026-09-23 12:39:00+00:00,14.279999732971191,14.289999961853027,14.279999732971191,14.289999961853027,0
2026-09-23 12:40:00+00:00,14.289999961853027,14.289999961853027,14.289999961853027,14.289999961853027,0
2026-09-23 12:41:00+00:00,14.289999961853027,14.300000190734863,14.289999961853027,14.300000190734863,0
2026-09-23 12:42:00+00:00,14.300000190734863,14.3100004196167,14.300000190734863,14.300000190734863,0
2026-09-23 12:43:00+00:00,14.300000190734863,14.3100004196167,14.300000190734863,14.3100004196167,0
2026-09-23 12:44:00+00:00,14.3100004196167,14.3100004196167,14.3100004196167,14.3100004196167,0
2026-09-23 12:45:00+00:00,14.3100004196167,14.3100004196167,14.3100004196167,14.3100004196167,0
2026-09-23 12:46:00+00:00,14.3100004196167,14.319999694824219,14.3100004196167,14.319999694824219,0
2026-09-23 12:47:00+00:00,14.3100004196167,14.3100004196167,14.300000190734863,14.300000190734863,0
2026-09-23 12:48:00+00:00,14.300000190734863,14.3100004196167,14.300000190734863,14.3100004196167,0
2026-09-23 12:49:00+00:00,14.3100004196167,14.319999694824219,14.3100004196167,14.319999694824219,0
2026-09-23 12:50:00+00:00,14.3100004196167,14.3100004196167,14.3100004196167,14.3100004196167,0
2026-09-23 12:51:00+00:00,14.3100004196167,14.319999694824219,14.3100004196167,14.319999694824219,0
2026-09-23 12:52:00+00:00,14.319999694824219,14.319999694824219,14.3100004196167,14.3100004196167,0
2026-09-23 12:53:00+00:00,14.300000190734863,14.3100004196167,14.300000190734863,14.300000190734863,0
2026-09-23 12:54:00+00:00,14.300000190734863,14.300000190734863,14.300000190734863,14.300000190734863,0
2026-09-23 12:55:00+00:00,14.300000190734863,14.319999694824219,14.300000190734863,14.319999694824219,0
2026-09-23 12:56:00+00:00,14.319999694824219,14.319999694824219,14.300000190734863,14.300000190734863,0
2026-09-23 12:57:00+00:00,14.300000190734863,14.300000190734863,14.300000190734863,14.300000190734863,0
2026-09-23 12:58:00+00:00,14.300000190734863,14.300000190734863,14.300000190734863,14.300000190734863,0
2026-09-23 12:59:00+00:00,14.289999961853027,14.289999961853027,14.289999961853027,14.289999961853027,0
2026-09-23 13:00:00+00:00,14.289999961853027,14.289999961853027,14.279999732971191,14.289999961853027,0
2026-09-23 13:01:00+00:00,14.289999961853027,14.300000190734863,14.289999961853027,14.289999961853027,0
2026-09-23 13:02:00+00:00,14.289999961853027,14.289999961853027,14.289999961853027,14.289999961853027,0
2026-09-23 13:03:00+00:00,14.289999961853027,14.289999961853027,14.289999961853027,14.289999961853027,0
2026-09-23 13:04:00+00:00,14.289999961853027,14.289999961853027,14.279999732971191,14.279999732971191,0
2026-09-23 13:05:00+00:00,14.289999961853027,14.289999961853027,14.289999961853027,14.289999961853027,0
2026-09-23 13:06:00+00:00,14.289999961853027,14.289999961853027,14.289999961853027,14.289999961853027,0
2026-09-23 13:07:00+00:00,14.289999961853027,14.300000190734863,14.289999961853027,14.300000190734863,0
2026-09-23 13:08:00+00:00,14.300000190734863,14.300000190734863,14.300000190734863,14.300000190734863,0
2026-09-23 13:09:00+00:00,14.300000190734863,14.300000190734863,14.300000190734863,14.300000190734863,0
2026-09-23 13:10:00+00:00,14.300000190734863,14.300000190734863,14.300000190734863,14.300000190734863,0
2026-09-23 13:11:00+00:00,14.289999961853027,14.289999961853027,14.289999961853027,14.289999961853027,0
2026-09-23 13:12:00+00:00,14.289999961853027,14.289999961853027,14.289999961853027,14.289999961853027,0
2026-09-23 13:13:00+00:00,14.289999961853027,14.289999961853027,14.279999732971191,14.279999732971191,0
2026-09-23 13:14:00+00:00,14.279999732971191,14.289999961853027,14.279999732971191,14.279999732971191,0
2026-09-23 13:15:00+00:00,14.279999732971191,14.289999961853027,14.279999732971191,14.279999732971191,0
2026-09-23 13:16:00+00:00,14.279999732971191,14.279999732971191,14.270000457763672,14.270000457763672,0
2026-09-23 13:17:00+00:00,14.270000457763672,14.279999732971191,14.270000457763672,14.270000457763672,0
2026-09-23 13:18:00+00:00,14.260000228881836,14.260000228881836,14.260000228881836,14.260000228881836,0
2026-09-23 13:19:00+00:00,14.260000228881836,14.270000457763672,14.260000228881836,14.270000457763672,0
2026-09-23 13:20:00+00:00,14.270000457763672,14.270000457763672,14.260000228881836,14.260000228881836,0
2026-09-23 13:21:00+00:00,14.260000228881836,14.279999732971191,14.260000228881836,14.279999732971191,0
2026-09-23 13:22:00+00:00,14.279999732971191,14.279999732971191,14.279999732971191,14.279999732971191,0
2026-09-23 13:23:00+00:00,14.279999732971191,14.279999732971191,14.279999732971191,14.279999732971191,0
2026-09-23 13:24:00+00:00,14.279999732971191,14.279999732971191,14.270000457763672,14.270000457763672,0
2026-09-23 13:25:00+00:00,14.279999732971191,14.279999732971191,14.279999732971191,14.279999732971191,0
2026-09-23 13:31:00+00:00,14.210000038146973,14.210000038146973,14.210000038146973,14.210000038146973,0
2026-09-23 13:32:00+00:00,14.199999809265137,14.220000267028809,14.199999809265137,14.210000038146973,0
2026-09-23 13:33:00+00:00,14.1899995803833,14.1899995803833,14.170000076293945,14.180000305175781,0
2026-09-23 13:34:00+00:00,14.170000076293945,14.180000305175781,14.170000076293945,14.170000076293945,0
2026-09-23 13:35:00+00:00,14.199999809265137,14.239999771118164,14.199999809265137,14.239999771118164,0
2026-09-23 13:36:00+00:00,14.239999771118164,14.239999771118164,14.220000267028809,14.220000267028809,0
2026-09-23 13:37:00+00:00,14.229999542236328,14.229999542236328,14.210000038146973,14.210000038146973,0
2026-09-23 13:38:00+00:00,14.210000038146973,14.210000038146973,14.180000305175781,14.180000305175781,0
2026-09-23 13:39:00+00:00,14.1899995803833,14.1899995803833,14.180000305175781,14.180000305175781,0
2026-09-23 13:40:00+00:00,14.180000305175781,14.1899995803833,14.180000305175781,14.180000305175781,0
2026-09-23 13:41:00+00:00,14.199999809265137,14.25,14.199999809265137,14.210000038146973,0
2026-09-23 13:42:00+00:00,14.199999809265137,14.229999542236328,14.199999809265137,14.229999542236328,0
2026-09-23 13:43:00+00:00,14.25,14.25,14.220000267028809,14.220000267028809,0
2026-09-23 13:44:00+00:00,14.239999771118164,14.239999771118164,14.229999542236328,14.229999542236328,0
2026-09-23 13:45:00+00:00,14.229999542236328,14.239999771118164,14.220000267028809,14.239999771118164,0
2026-09-23 13:46:00+00:00,14.270000457763672,14.279999732971191,14.270000457763672,14.279999732971191,0
2026-09-23 13:47:00+00:00,14.289999961853027,14.300000190734863,14.279999732971191,14.279999732971191,0
2026-09-23 13:48:00+00:00,14.279999732971191,14.289999961853027,14.270000457763672,14.270000457763672,0
2026-09-23 13:49:00+00:00,14.279999732971191,14.3100004196167,14.279999732971191,14.3100004196167,0
2026-09-23 13:50:00+00:00,14.300000190734863,14.300000190734863,14.289999961853027,14.289999961853027,0
2026-09-23 13:51:00+00:00,14.300000190734863,14.3100004196167,14.300000190734863,14.3100004196167,0
2026-09-23 13:52:00+00:00,14.34000015258789,14.380000114440918,14.34000015258789,14.380000114440918,0
2026-09-23 13:53:00+00:00,14.369999885559082,14.369999885559082,14.34000015258789,14.34000015258789,0
2026-09-23 13:54:00+00:00,14.34000015258789,14.359999656677246,14.34000015258789,14.359999656677246,0
2026-09-23 13:55:00+00:00,14.350000381469727,14.359999656677246,14.350000381469727,14.359999656677246,0
2026-09-23 13:56:00+00:00,14.359999656677246,14.390000343322754,14.359999656677246,14.390000343322754,0
2026-09-23 13:57:00+00:00,14.399999618530273,14.40999984741211,14.399999618530273,14.40999984741211,0
2026-09-23 13:58:00+00:00,14.399999618530273,14.40999984741211,14.399999618530273,14.40999984741211,0
2026-09-23 13:59:00+00:00,14.399999618530273,14.420000076293945,14.399999618530273,14.420000076293945,0
2026-09-23 14:00:00+00:00,14.430000305175781,14.430000305175781,14.40999984741211,14.40999984741211,0
2026-09-23 14:01:00+00:00,14.40999984741211,14.420000076293945,14.40999984741211,14.420000076293945,0
2026-09-23 14:02:00+00:00,14.430000305175781,14.449999809265137,14.430000305175781,14.449999809265137,0
2026-09-23 14:03:00+00:00,14.449999809265137,14.489999771118164,14.449999809265137,14.489999771118164,0
2026-09-23 14:04:00+00:00,14.510000228881836,14.520000457763672,14.510000228881836,14.520000457763672,0
2026-09-23 14:05:00+00:00,14.520000457763672,14.539999961853027,14.520000457763672,14.539999961853027,0
2026-09-23 14:06:00+00:00,14.539999961853027,14.539999961853027,14.529999732971191,14.529999732971191,0
2026-09-23 14:07:00+00:00,14.520000457763672,14.529999732971191,14.520000457763672,14.520000457763672,0
2026-09-23 14:08:00+00:00,14.539999961853027,14.579999923706055,14.539999961853027,14.579999923706055,0
2026-09-23 14:09:00+00:00,14.59000015258789,14.619999885559082,14.59000015258789,14.619999885559082,0
2026-09-23 14:10:00+00:00,14.619999885559082,14.670000076293945,14.619999885559082,14.670000076293945,0
2026-09-23 14:11:00+00:00,14.65999984741211,14.710000038146973,14.65999984741211,14.6899995803833,0
2026-09-23 14:12:00+00:00,14.6899995803833,14.699999809265137,14.6899995803833,14.699999809265137,0
2026-09-23 14:13:00+00:00,14.699999809265137,14.739999771118164,14.699999809265137,14.710000038146973,0
2026-09-23 14:14:00+00:00,14.720000267028809,14.720000267028809,14.670000076293945,14.670000076293945,0
2026-09-23 14:15:00+00:00,14.670000076293945,14.680000305175781,14.640000343322754,14.640000343322754,0
2026-09-23 14:16:00+00:00,14.600000381469727,14.600000381469727,14.579999923706055,14.579999923706055,0
2026-09-23 14:17:00+00:00,14.569999694824219,14.640000343322754,14.569999694824219,14.640000343322754,0
2026-09-23 14:18:00+00:00,14.649999618530273,14.680000305175781,14.649999618530273,14.680000305175781,0
2026-09-23 14:19:00+00:00,14.680000305175781,14.6899995803833,14.680000305175781,14.680000305175781,0
2026-09-23 14:20:00+00:00,14.680000305175781,14.680000305175781,14.640000343322754,14.640000343322754,0
2026-09-23 14:21:00+00:00,14.649999618530273,14.699999809265137,14.649999618530273,14.699999809265137,0
2026-09-23 14:22:00+00:00,14.720000267028809,14.770000457763672,14.720000267028809,14.739999771118164,0
2026-09-23 14:23:00+00:00,14.760000228881836,14.770000457763672,14.739999771118164,14.770000457763672,0
2026-09-23 14:24:00+00:00,14.779999732971191,14.789999961853027,14.779999732971191,14.789999961853027,0
2026-09-23 14:25:00+00:00,14.779999732971191,14.800000190734863,14.760000228881836,14.800000190734863,0
2026-09-23 14:26:00+00:00,14.800000190734863,14.850000381469727,14.800000190734863,14.850000381469727,0
2026-09-23 14:27:00+00:00,14.859999656677246,14.859999656677246,14.829999923706055,14.829999923706055,0
2026-09-23 14:28:00+00:00,14.819999694824219,14.819999694824219,14.800000190734863,14.800000190734863,0
2026-09-23 14:29:00+00:00,14.800000190734863,14.800000190734863,14.760000228881836,14.760000228881836,0
2026-09-23 14:30:00+00:00,14.760000228881836,14.760000228881836,14.670000076293945,14.699999809265137,0
2026-09-23 14:31:00+00:00,14.710000038146973,14.729999542236328,14.710000038146973,14.729999542236328,0
2026-09-23 14:32:00+00:00,14.710000038146973,14.710000038146973,14.680000305175781,14.680000305175781,0
2026-09-23 14:33:00+00:00,14.6899995803833,14.6899995803833,14.649999618530273,14.65999984741211,0
2026-09-23 14:34:00+00:00,14.65999984741211,14.65999984741211,14.630000114440918,14.630000114440918,0
2026-09-23 14:35:00+00:00,14.630000114440918,14.630000114440918,14.569999694824219,14.569999694824219,0
2026-09-23 14:36:00+00:00,14.5600004196167,14.59000015258789,14.5600004196167,14.59000015258789,0
2026-09-23 14:37:00+00:00,14.59000015258789,14.59000015258789,14.579999923706055,14.579999923706055,0
2026-09-23 14:38:00+00:00,14.59000015258789,14.680000305175781,14.59000015258789,14.680000305175781,0
2026-09-23 14:39:00+00:00,14.710000038146973,14.75,14.710000038146973,14.75,0
2026-09-23 14:40:00+00:00,14.75,14.779999732971191,14.75,14.779999732971191,0
2026-09-23 14:41:00+00:00,14.760000228881836,14.760000228881836,14.75,14.75,0
2026-09-23 14:42:00+00:00,14.75,14.75,14.739999771118164,14.75,0
2026-09-23 14:43:00+00:00,14.739999771118164,14.75,14.739999771118164,14.75,0
2026-09-23 14:44:00+00:00,14.729999542236328,14.729999542236328,14.670000076293945,14.670000076293945,0
2026-09-23 14:45:00+00:00,14.670000076293945,14.6899995803833,14.670000076293945,14.680000305175781,0
2026-09-23 14:46:00+00:00,14.6899995803833,14.6899995803833,14.65999984741211,14.65999984741211,0
2026-09-23 14:47:00+00:00,14.670000076293945,14.670000076293945,14.65999984741211,14.65999984741211,0
2026-09-23 14:48:00+00:00,14.680000305175781,14.680000305175781,14.65999984741211,14.65999984741211,0
2026-09-23 14:49:00+00:00,14.65999984741211,14.670000076293945,14.640000343322754,14.670000076293945,0
2026-09-23 14:50:00+00:00,14.670000076293945,14.670000076293945,14.65999984741211,14.670000076293945,0
2026-09-23 14:51:00+00:00,14.710000038146973,14.710000038146973,14.430000305175781,14.430000305175781,0
2026-09-23 14:52:00+00:00,14.630000114440918,14.630000114440918,14.600000381469727,14.600000381469727,0
2026-09-23 14:53:00+00:00,14.579999923706055,14.579999923706055,14.5600004196167,14.5600004196167,0
2026-09-23 14:54:00+00:00,14.5,14.510000228881836,14.489999771118164,14.510000228881836,0
2026-09-23 14:55:00+00:00,14.489999771118164,14.5,14.470000267028809,14.489999771118164,0
2026-09-23 14:56:00+00:00,14.489999771118164,14.5,14.489999771118164,14.489999771118164,0
2026-09-23 14:57:00+00:00,14.510000228881836,14.510000228881836,14.5,14.5,0
2026-09-23 14:58:00+00:00,14.5,14.510000228881836,14.5,14.510000228881836,0
2026-09-23 14:59:00+00:00,14.510000228881836,14.520000457763672,14.489999771118164,14.489999771118164,0
2026-09-23 15:00:00+00:00,14.489999771118164,14.520000457763672,14.489999771118164,14.520000457763672,0
2026-09-23 15:01:00+00:00,14.510000228881836,14.510000228881836,14.5,14.5,0
2026-09-23 15:02:00+00:00,14.520000457763672,14.520000457763672,14.520000457763672,14.520000457763672,0
2026-09-23 15:03:00+00:00,14.529999732971191,14.550000190734863,14.529999732971191,14.550000190734863,0
2026-09-23 15:04:00+00:00,14.529999732971191,14.539999961853027,14.529999732971191,14.529999732971191,0
2026-09-23 15:05:00+00:00,14.5,14.520000457763672,14.5,14.520000457763672,0
2026-09-23 15:06:00+00:00,14.520000457763672,14.539999961853027,14.520000457763672,14.539999961853027,0
2026-09-23 15:07:00+00:00,14.539999961853027,14.609999656677246,14.539999961853027,14.609999656677246,0
2026-09-23 15:08:00+00:00,14.59000015258789,14.59000015258789,14.569999694824219,14.569999694824219,0
2026-09-23 15:09:00+00:00,14.5600004196167,14.5600004196167,14.5600004196167,14.5600004196167,0
2026-09-23 15:10:00+00:00,14.5600004196167,14.569999694824219,14.5600004196167,14.5600004196167,0
2026-09-23 15:11:00+00:00,14.5600004196167,14.579999923706055,14.5600004196167,14.579999923706055,0
2026-09-23 15:12:00+00:00,14.59000015258789,14.600000381469727,14.579999923706055,14.579999923706055,0
2026-09-23 15:13:00+00:00,14.579999923706055,14.59000015258789,14.579999923706055,14.59000015258789,0
2026-09-23 15:14:00+00:00,14.59000015258789,14.59000015258789,14.579999923706055,14.579999923706055,0
2026-09-23 15:15:00+00:00,14.59000015258789,14.59000015258789,14.569999694824219,14.579999923706055,0
2026-09-23 15:16:00+00:00,14.579999923706055,14.600000381469727,14.579999923706055,14.59000015258789,0
2026-09-23 15:17:00+00:00,14.59000015258789,14.649999618530273,14.59000015258789,14.649999618530273,0
2026-09-23 15:18:00+00:00,14.649999618530273,14.649999618530273,14.649999618530273,14.649999618530273,0
2026-09-23 15:19:00+00:00,14.649999618530273,14.649999618530273,14.630000114440918,14.630000114440918,0
2026-09-23 15:20:00+00:00,14.630000114440918,14.630000114440918,14.619999885559082,14.619999885559082,0
2026-09-23 15:21:00+00:00,14.640000343322754,14.649999618530273,14.600000381469727,14.600000381469727,0
2026-09-23 15:22:00+00:00,14.600000381469727,14.600000381469727,14.579999923706055,14.579999923706055,0
2026-09-23 15:23:00+00:00,14.569999694824219,14.600000381469727,14.569999694824219,14.600000381469727,0
2026-09-23 15:24:00+00:00,14.59000015258789,14.600000381469727,14.59000015258789,14.600000381469727,0
2026-09-23 15:25:00+00:00,14.59000015258789,14.59000015258789,14.579999923706055,14.579999923706055,0
2026-09-23 15:26:00+00:00,14.579999923706055,14.600000381469727,14.579999923706055,14.600000381469727,0
2026-09-23 15:27:00+00:00,14.600000381469727,14.619999885559082,14.600000381469727,14.619999885559082,0
2026-09-23 15:28:00+00:00,14.619999885559082,14.649999618530273,14.619999885559082,14.649999618530273,0
2026-09-23 15:29:00+00:00,14.670000076293945,14.710000038146973,14.670000076293945,14.710000038146973,0
2026-09-23 15:30:00+00:00,14.710000038146973,14.75,14.710000038146973,14.75,0
2026-09-23 15:31:00+00:00,14.75,14.770000457763672,14.729999542236328,14.770000457763672,0
2026-09-23 15:32:00+00:00,14.760000228881836,14.760000228881836,14.739999771118164,14.739999771118164,0
2026-09-23 15:33:00+00:00,14.770000457763672,14.770000457763672,14.760000228881836,14.770000457763672,0
2026-09-23 15:34:00+00:00,14.760000228881836,14.760000228881836,14.739999771118164,14.739999771118164,0
2026-09-23 15:35:00+00:00,14.75,14.770000457763672,14.739999771118164,14.739999771118164,0
2026-09-23 15:36:00+00:00,14.729999542236328,14.739999771118164,14.729999542236328,14.739999771118164,0
2026-09-23 15:37:00+00:00,14.739999771118164,14.739999771118164,14.729999542236328,14.729999542236328,0
2026-09-23 15:38:00+00:00,14.729999542236328,14.729999542236328,14.729999542236328,14.729999542236328,0
2026-09-23 15:39:00+00:00,14.739999771118164,14.739999771118164,14.729999542236328,14.739999771118164,0
2026-09-23 15:40:00+00:00,14.729999542236328,14.760000228881836,14.729999542236328,14.760000228881836,0
2026-09-23 15:41:00+00:00,14.760000228881836,14.770000457763672,14.75,14.770000457763672,0
2026-09-23 15:42:00+00:00,14.779999732971191,14.779999732971191,14.75,14.75,0
2026-09-23 15:43:00+00:00,14.75,14.760000228881836,14.729999542236328,14.729999542236328,0
2026-09-23 15:44:00+00:00,14.699999809265137,14.699999809265137,14.680000305175781,14.680000305175781,0
2026-09-23 15:45:00+00:00,14.6899995803833,14.6899995803833,14.6899995803833,14.6899995803833,0
2026-09-23 15:46:00+00:00,14.6899995803833,14.699999809265137,14.6899995803833,14.6899995803833,0
2026-09-23 15:47:00+00:00,14.6899995803833,14.729999542236328,14.6899995803833,14.729999542236328,0
2026-09-23 15:48:00+00:00,14.739999771118164,14.739999771118164,14.729999542236328,14.739999771118164,0
2026-09-23 15:49:00+00:00,14.760000228881836,14.789999961853027,14.760000228881836,14.789999961853027,0
2026-09-23 15:50:00+00:00,14.789999961853027,14.8100004196167,14.789999961853027,14.8100004196167,0
2026-09-23 15:51:00+00:00,14.8100004196167,14.850000381469727,14.8100004196167,14.850000381469727,0
2026-09-23 15:52:00+00:00,14.850000381469727,14.850000381469727,14.819999694824219,14.819999694824219,0
2026-09-23 15:53:00+00:00,14.819999694824219,14.84000015258789,14.819999694824219,14.819999694824219,0
2026-09-23 15:54:00+00:00,14.819999694824219,14.819999694824219,14.800000190734863,14.800000190734863,0
2026-09-23 15:55:00+00:00,14.789999961853027,14.800000190734863,14.779999732971191,14.779999732971191,0
2026-09-23 15:56:00+00:00,14.779999732971191,14.789999961853027,14.770000457763672,14.770000457763672,0
2026-09-23 15:57:00+00:00,14.770000457763672,14.779999732971191,14.770000457763672,14.779999732971191,0
2026-09-23 15:58:00+00:00,14.779999732971191,14.789999961853027,14.779999732971191,14.789999961853027,0
2026-09-23 15:59:00+00:00,14.779999732971191,14.789999961853027,14.779999732971191,14.779999732971191,0
2026-09-23 16:00:00+00:00,14.770000457763672,14.789999961853027,14.770000457763672,14.779999732971191,0
2026-09-23 16:01:00+00:00,14.800000190734863,14.8100004196167,14.800000190734863,14.8100004196167,0
2026-09-23 16:02:00+00:00,14.8100004196167,14.8100004196167,14.8100004196167,14.8100004196167,0
2026-09-23 16:03:00+00:00,14.8100004196167,14.819999694824219,14.8100004196167,14.819999694824219,0
2026-09-23 16:04:00+00:00,14.819999694824219,14.819999694824219,14.8100004196167,14.8100004196167,0
2026-09-23 16:05:00+00:00,14.819999694824219,14.829999923706055,14.819999694824219,14.829999923706055,0
2026-09-23 16:06:00+00:00,14.829999923706055,14.829999923706055,14.819999694824219,14.819999694824219,0
2026-09-23 16:07:00+00:00,14.84000015258789,14.84000015258789,14.819999694824219,14.819999694824219,0
2026-09-23 16:08:00+00:00,14.819999694824219,14.819999694824219,14.8100004196167,14.8100004196167,0
2026-09-23 16:09:00+00:00,14.819999694824219,14.84000015258789,14.819999694824219,14.84000015258789,0
2026-09-23 16:10:00+00:00,14.84000015258789,14.84000015258789,14.819999694824219,14.819999694824219,0
2026-09-23 16:11:00+00:00,14.819999694824219,14.829999923706055,14.819999694824219,14.819999694824219,0
2026-09-23 16:12:00+00:00,14.8100004196167,14.8100004196167,14.800000190734863,14.8100004196167,0
2026-09-23 16:13:00+00:00,14.800000190734863,14.8100004196167,14.800000190734863,14.800000190734863,0
2026-09-23 16:14:00+00:00,14.800000190734863,14.800000190734863,14.800000190734863,14.800000190734863,0
2026-09-23 16:15:00+00:00,14.800000190734863,14.800000190734863,14.789999961853027,14.789999961853027,0
2026-09-23 16:16:00+00:00,14.779999732971191,14.800000190734863,14.779999732971191,14.800000190734863,0
2026-09-23 16:17:00+00:00,14.8100004196167,14.819999694824219,14.8100004196167,14.819999694824219,0
2026-09-23 16:18:00+00:00,14.819999694824219,14.84000015258789,14.819999694824219,14.84000015258789,0
2026-09-23 16:19:00+00:00,14.84000015258789,14.84000015258789,14.829999923706055,14.829999923706055,0
2026-09-23 16:20:00+00:00,14.819999694824219,14.829999923706055,14.819999694824219,14.829999923706055,0
2026-09-23 16:21:00+00:00,14.84000015258789,14.850000381469727,14.84000015258789,14.850000381469727,0
2026-09-23 16:22:00+00:00,14.84000015258789,14.850000381469727,14.84000015258789,14.850000381469727,0
2026-09-23 16:23:00+00:00,14.84000015258789,14.84000015258789,14.84000015258789,14.84000015258789,0
2026-09-23 16:24:00+00:00,14.84000015258789,14.84000015258789,14.829999923706055,14.84000015258789,0
2026-09-23 16:25:00+00:00,14.829999923706055,14.829999923706055,14.819999694824219,14.819999694824219,0
2026-09-23 16:26:00+00:00,14.819999694824219,14.84000015258789,14.819999694824219,14.84000015258789,0
2026-09-23 16:27:00+00:00,14.850000381469727,14.850000381469727,14.84000015258789,14.84000015258789,0
2026-09-23 16:28:00+00:00,14.84000015258789,14.84000015258789,14.84000015258789,14.84000015258789,0
2026-09-23 16:29:00+00:00,14.829999923706055,14.829999923706055,14.829999923706055,14.829999923706055,0
2026-09-23 16:30:00+00:00,14.829999923706055,14.829999923706055,14.800000190734863,14.800000190734863,0
2026-09-23 16:31:00+00:00,14.800000190734863,14.800000190734863,14.789999961853027,14.789999961853027,0
2026-09-23 16:32:00+00:00,14.789999961853027,14.789999961853027,14.789999961853027,14.789999961853027,0
2026-09-23 16:33:00+00:00,14.800000190734863,14.819999694824219,14.789999961853027,14.819999694824219,0
2026-09-23 16:34:00+00:00,14.819999694824219,14.84000015258789,14.819999694824219,14.84000015258789,0
2026-09-23 16:35:00+00:00,14.84000015258789,14.84000015258789,14.829999923706055,14.84000015258789,0
2026-09-23 16:36:00+00:00,14.84000015258789,14.84000015258789,14.84000015258789,14.84000015258789,0
2026-09-23 16:37:00+00:00,14.829999923706055,14.84000015258789,14.829999923706055,14.84000015258789,0
2026-09-23 16:38:00+00:00,14.84000015258789,14.84000015258789,14.84000015258789,14.84000015258789,0
2026-09-23 16:39:00+00:00,14.84000015258789,14.859999656677246,14.84000015258789,14.859999656677246,0
2026-09-23 16:40:00+00:00,14.859999656677246,14.880000114440918,14.859999656677246,14.880000114440918,0
2026-09-23 16:41:00+00:00,14.880000114440918,14.890000343322754,14.880000114440918,14.890000343322754,0
2026-09-23 16:42:00+00:00,14.899999618530273,14.899999618530273,14.880000114440918,14.880000114440918,0
2026-09-23 16:43:00+00:00,14.899999618530273,14.90999984741211,14.899999618530273,14.899999618530273,0
2026-09-23 16:44:00+00:00,14.899999618530273,14.920000076293945,14.899999618530273,14.920000076293945,0
2026-09-23 16:45:00+00:00,14.930000305175781,14.949999809265137,14.920000076293945,14.949999809265137,0
2026-09-23 16:46:00+00:00,14.9399995803833,14.9399995803833,14.930000305175781,14.930000305175781,0
2026-09-23 16:47:00+00:00,14.920000076293945,14.920000076293945,14.899999618530273,14.920000076293945,0
2026-09-23 16:48:00+00:00,14.920000076293945,14.930000305175781,14.920000076293945,14.930000305175781,0
2026-09-23 16:49:00+00:00,14.930000305175781,14.970000267028809,14.930000305175781,14.970000267028809,0
2026-09-23 16:50:00+00:00,14.979999542236328,15.029999732971191,14.979999542236328,15.029999732971191,0
2026-09-23 16:51:00+00:00,15.0600004196167,15.079999923706055,15.0600004196167,15.069999694824219,0
2026-09-23 16:52:00+00:00,15.09000015258789,15.09000015258789,15.079999923706055,15.079999923706055,0
2026-09-23 16:53:00+00:00,15.079999923706055,15.119999885559082,15.079999923706055,15.119999885559082,0
2026-09-23 16:54:00+00:00,15.130000114440918,15.170000076293945,15.130000114440918,15.170000076293945,0
2026-09-23 16:55:00+00:00,15.180000305175781,15.180000305175781,15.180000305175781,15.180000305175781,0
2026-09-23 16:56:00+00:00,15.1899995803833,15.1899995803833,15.180000305175781,15.180000305175781,0
2026-09-23 16:57:00+00:00,15.170000076293945,15.170000076293945,15.149999618530273,15.15999984741211,0
2026-09-23 16:58:00+00:00,15.170000076293945,15.170000076293945,15.140000343322754,15.140000343322754,0
2026-09-23 16:59:00+00:00,15.119999885559082,15.119999885559082,15.109999656677246,15.109999656677246,0
2026-09-23 17:00:00+00:00,15.100000381469727,15.100000381469727,15.09000015258789,15.09000015258789,0
2026-09-23 17:01:00+00:00,15.079999923706055,15.079999923706055,15.0600004196167,15.0600004196167,0
2026-09-23 17:02:00+00:00,15.0600004196167,15.210000038146973,15.0600004196167,15.210000038146973,0
2026-09-23 17:03:00+00:00,15.25,15.289999961853027,15.25,15.289999961853027,0
2026-09-23 17:04:00+00:00,15.329999923706055,15.359999656677246,15.329999923706055,15.34000015258789,0
2026-09-23 17:05:00+00:00,15.34000015258789,15.34000015258789,15.329999923706055,15.34000015258789,0
2026-09-23 17:06:00+00:00,15.34000015258789,15.390000343322754,15.34000015258789,15.390000343322754,0
2026-09-23 17:07:00+00:00,15.399999618530273,15.399999618530273,15.380000114440918,15.399999618530273,0
2026-09-23 17:08:00+00:00,15.40999984741211,15.40999984741211,15.369999885559082,15.369999885559082,0
2026-09-23 17:09:00+00:00,15.369999885559082,15.369999885559082,15.350000381469727,15.350000381469727,0
2026-09-23 17:10:00+00:00,15.390000343322754,15.40999984741211,15.390000343322754,15.40999984741211,0
2026-09-23 17:11:00+00:00,15.40999984741211,15.40999984741211,15.380000114440918,15.399999618530273,0
2026-09-23 17:12:00+00:00,15.449999809265137,15.449999809265137,15.449999809265137,15.449999809265137,0
2026-09-23 17:13:00+00:00,15.4399995803833,15.449999809265137,15.430000305175781,15.430000305175781,0
2026-09-23 17:14:00+00:00,15.420000076293945,15.430000305175781,15.40999984741211,15.40999984741211,0
2026-09-23 17:15:00+00:00,15.40999984741211,15.430000305175781,15.40999984741211,15.40999984741211,0
2026-09-23 17:16:00+00:00,15.399999618530273,15.420000076293945,15.399999618530273,15.399999618530273,0
2026-09-23 17:17:00+00:00,15.399999618530273,15.40999984741211,15.369999885559082,15.369999885559082,0
2026-09-23 17:18:00+00:00,15.359999656677246,15.359999656677246,15.3100004196167,15.3100004196167,0
2026-09-23 17:19:00+00:00,15.300000190734863,15.300000190734863,15.25,15.25,0
2026-09-23 17:20:00+00:00,15.25,15.279999732971191,15.25,15.279999732971191,0
2026-09-23 17:21:00+00:00,15.279999732971191,15.300000190734863,15.279999732971191,15.300000190734863,0
2026-09-23 17:22:00+00:00,15.3100004196167,15.3100004196167,15.260000228881836,15.260000228881836,0
2026-09-23 17:23:00+00:00,15.260000228881836,15.270000457763672,15.25,15.270000457763672,0
2026-09-23 17:24:00+00:00,15.279999732971191,15.350000381469727,15.279999732971191,15.350000381469727,0
2026-09-23 17:25:00+00:00,15.359999656677246,15.359999656677246,15.350000381469727,15.350000381469727,0
2026-09-23 17:26:00+00:00,15.34000015258789,15.34000015258789,15.329999923706055,15.329999923706055,0
2026-09-23 17:27:00+00:00,15.319999694824219,15.319999694824219,15.319999694824219,15.319999694824219,0
2026-09-23 17:28:00+00:00,15.329999923706055,15.329999923706055,15.319999694824219,15.319999694824219,0
2026-09-23 17:29:00+00:00,15.329999923706055,15.34000015258789,15.329999923706055,15.329999923706055,0
2026-09-23 17:30:00+00:00,15.34000015258789,15.399999618530273,15.34000015258789,15.399999618530273,0
2026-09-23 17:31:00+00:00,15.380000114440918,15.390000343322754,15.369999885559082,15.390000343322754,0
2026-09-23 17:32:00+00:00,15.350000381469727,15.380000114440918,15.350000381469727,15.369999885559082,0
2026-09-23 17:33:00+00:00,15.359999656677246,15.369999885559082,15.359999656677246,15.359999656677246,0
2026-09-23 17:34:00+00:00,15.34000015258789,15.34000015258789,15.34000015258789,15.34000015258789,0
2026-09-23 17:35:00+00:00,15.34000015258789,15.369999885559082,15.34000015258789,15.369999885559082,0
2026-09-23 17:36:00+00:00,15.369999885559082,15.369999885559082,15.359999656677246,15.359999656677246,0
2026-09-23 17:37:00+00:00,15.350000381469727,15.350000381469727,15.34000015258789,15.34000015258789,0
2026-09-23 17:38:00+00:00,15.34000015258789,15.34000015258789,15.34000015258789,15.34000015258789,0
2026-09-23 17:39:00+00:00,15.350000381469727,15.350000381469727,15.34000015258789,15.350000381469727,0
2026-09-23 17:40:00+00:00,15.350000381469727,15.369999885559082,15.34000015258789,15.369999885559082,0
2026-09-23 17:41:00+00:00,15.3100004196167,15.3100004196167,15.260000228881836,15.270000457763672,0
2026-09-23 17:42:00+00:00,15.270000457763672,15.270000457763672,15.229999542236328,15.229999542236328,0
2026-09-23 17:43:00+00:00,15.199999809265137,15.199999809265137,15.130000114440918,15.149999618530273,0
2026-09-23 17:44:00+00:00,15.130000114440918,15.130000114440918,15.100000381469727,15.100000381469727,0
2026-09-23 17:45:00+00:00,15.09000015258789,15.09000015258789,15.069999694824219,15.079999923706055,0
2026-09-23 17:46:00+00:00,15.0600004196167,15.0600004196167,15.029999732971191,15.039999961853027,0
2026-09-23 17:47:00+00:00,15.050000190734863,15.069999694824219,15.050000190734863,15.069999694824219,0
2026-09-23 17:48:00+00:00,15.069999694824219,15.100000381469727,15.069999694824219,15.100000381469727,0
2026-09-23 17:49:00+00:00,15.100000381469727,15.100000381469727,15.09000015258789,15.09000015258789,0
2026-09-23 17:50:00+00:00,15.100000381469727,15.100000381469727,15.079999923706055,15.09000015258789,0
2026-09-23 17:51:00+00:00,15.09000015258789,15.109999656677246,15.09000015258789,15.109999656677246,0
2026-09-23 17:52:00+00:00,15.109999656677246,15.109999656677246,15.109999656677246,15.109999656677246,0
2026-09-23 17:53:00+00:00,15.100000381469727,15.100000381469727,15.079999923706055,15.09000015258789,0
2026-09-23 17:54:00+00:00,15.100000381469727,15.100000381469727,15.079999923706055,15.09000015258789,0
2026-09-23 17:55:00+00:00,15.09000015258789,15.100000381469727,15.09000015258789,15.100000381469727,0
2026-09-23 17:56:00+00:00,15.100000381469727,15.109999656677246,15.100000381469727,15.109999656677246,0
2026-09-23 17:57:00+00:00,15.100000381469727,15.100000381469727,15.069999694824219,15.069999694824219,0
2026-09-23 17:58:00+00:00,15.050000190734863,15.050000190734863,15.029999732971191,15.029999732971191,0
2026-09-23 17:59:00+00:00,15.029999732971191,15.029999732971191,15.010000228881836,15.010000228881836,0
2026-09-23 18:00:00+00:00,15.010000228881836,15.029999732971191,15.010000228881836,15.029999732971191,0
2026-09-23 18:01:00+00:00,15.029999732971191,15.029999732971191,15.029999732971191,15.029999732971191,0
2026-09-23 18:02:00+00:00,15.039999961853027,15.050000190734863,15.039999961853027,15.039999961853027,0
2026-09-23 18:03:00+00:00,15.0600004196167,15.079999923706055,15.0600004196167,15.079999923706055,0
2026-09-23 18:04:00+00:00,15.079999923706055,15.100000381469727,15.079999923706055,15.100000381469727,0
2026-09-23 18:05:00+00:00,15.100000381469727,15.109999656677246,15.100000381469727,15.109999656677246,0
2026-09-23 18:06:00+00:00,15.09000015258789,15.09000015258789,15.069999694824219,15.079999923706055,0
2026-09-23 18:07:00+00:00,15.069999694824219,15.069999694824219,15.0600004196167,15.0600004196167,0
2026-09-23 18:08:00+00:00,15.0600004196167,15.0600004196167,15.050000190734863,15.050000190734863,0
2026-09-23 18:09:00+00:00,15.050000190734863,15.0600004196167,15.039999961853027,15.039999961853027,0
2026-09-23 18:10:00+00:00,15.039999961853027,15.039999961853027,15.020000457763672,15.029999732971191,0
2026-09-23 18:11:00+00:00,15.039999961853027,15.039999961853027,15.029999732971191,15.039999961853027,0
2026-09-23 18:12:00+00:00,15.039999961853027,15.050000190734863,15.039999961853027,15.050000190734863,0
2026-09-23 18:13:00+00:00,15.029999732971191,15.039999961853027,15.029999732971191,15.029999732971191,0
2026-09-23 18:14:00+00:00,15.039999961853027,15.039999961853027,15.029999732971191,15.029999732971191,0
2026-09-23 18:15:00+00:00,15.029999732971191,15.029999732971191,15.020000457763672,15.020000457763672,0
2026-09-23 18:16:00+00:00,15.010000228881836,15.010000228881836,14.989999771118164,14.989999771118164,0
2026-09-23 18:17:00+00:00,15.0,15.0,14.989999771118164,14.989999771118164,0
2026-09-23 18:18:00+00:00,14.979999542236328,14.979999542236328,14.949999809265137,14.949999809265137,0
2026-09-23 18:19:00+00:00,14.949999809265137,14.949999809265137,14.9399995803833,14.9399995803833,0
2026-09-23 18:20:00+00:00,14.9399995803833,14.949999809265137,14.9399995803833,14.949999809265137,0
2026-09-23 18:21:00+00:00,14.949999809265137,14.960000038146973,14.949999809265137,14.960000038146973,0
2026-09-23 18:22:00+00:00,14.949999809265137,14.949999809265137,14.9399995803833,14.9399995803833,0
2026-09-23 18:23:00+00:00,14.9399995803833,14.949999809265137,14.930000305175781,14.930000305175781,0
2026-09-23 18:24:00+00:00,14.9399995803833,14.9399995803833,14.930000305175781,14.930000305175781,0
2026-09-23 18:25:00+00:00,14.930000305175781,14.930000305175781,14.920000076293945,14.920000076293945,0
2026-09-23 18:26:00+00:00,14.930000305175781,14.930000305175781,14.920000076293945,14.930000305175781,0
2026-09-23 18:27:00+00:00,14.930000305175781,14.930000305175781,14.930000305175781,14.930000305175781,0
2026-09-23 18:28:00+00:00,14.9399995803833,14.949999809265137,14.9399995803833,14.949999809265137,0
2026-09-23 18:29:00+00:00,14.949999809265137,14.960000038146973,14.949999809265137,14.949999809265137,0
2026-09-23 18:30:00+00:00,14.949999809265137,14.960000038146973,14.949999809265137,14.960000038146973,0
2026-09-23 18:31:00+00:00,14.960000038146973,14.979999542236328,14.960000038146973,14.979999542236328,0
2026-09-23 18:32:00+00:00,14.970000267028809,14.970000267028809,14.970000267028809,14.970000267028809,0
2026-09-23 18:33:00+00:00,14.970000267028809,14.970000267028809,14.970000267028809,14.970000267028809,0
2026-09-23 18:34:00+00:00,14.989999771118164,15.039999961853027,14.989999771118164,15.029999732971191,0
2026-09-23 18:35:00+00:00,15.029999732971191,15.029999732971191,15.020000457763672,15.020000457763672,0
2026-09-23 18:36:00+00:00,15.010000228881836,15.020000457763672,15.010000228881836,15.020000457763672,0
2026-09-23 18:37:00+00:00,15.029999732971191,15.050000190734863,15.029999732971191,15.050000190734863,0
2026-09-23 18:38:00+00:00,15.069999694824219,15.109999656677246,15.069999694824219,15.100000381469727,0
2026-09-23 18:39:00+00:00,15.09000015258789,15.09000015258789,15.09000015258789,15.09000015258789,0
2026-09-23 18:40:00+00:00,15.09000015258789,15.09000015258789,15.050000190734863,15.050000190734863,0
2026-09-23 18:41:00+00:00,15.050000190734863,15.0600004196167,15.039999961853027,15.039999961853027,0
2026-09-23 18:42:00+00:00,15.050000190734863,15.050000190734863,15.039999961853027,15.039999961853027,0
2026-09-23 18:43:00+00:00,15.029999732971191,15.029999732971191,15.010000228881836,15.010000228881836,0
2026-09-23 18:44:00+00:00,15.020000457763672,15.020000457763672,15.020000457763672,15.020000457763672,0
2026-09-23 18:45:00+00:00,15.020000457763672,15.029999732971191,15.020000457763672,15.029999732971191,0
2026-09-23 18:46:00+00:00,15.020000457763672,15.020000457763672,15.020000457763672,15.020000457763672,0
2026-09-23 18:47:00+00:00,15.020000457763672,15.020000457763672,15.020000457763672,15.020000457763672,0
2026-09-23 18:48:00+00:00,15.020000457763672,15.020000457763672,14.970000267028809,14.979999542236328,0
2026-09-23 18:49:00+00:00,14.979999542236328,14.979999542236328,14.970000267028809,14.979999542236328,0
2026-09-23 18:50:00+00:00,14.979999542236328,14.979999542236328,14.970000267028809,14.979999542236328,0
2026-09-23 18:51:00+00:00,14.989999771118164,14.989999771118164,14.989999771118164,14.989999771118164,0
2026-09-23 18:52:00+00:00,14.989999771118164,15.010000228881836,14.989999771118164,15.010000228881836,0
2026-09-23 18:53:00+00:00,15.020000457763672,15.020000457763672,15.020000457763672,15.020000457763672,0
2026-09-23 18:54:00+00:00,15.0,15.010000228881836,15.0,15.010000228881836,0
2026-09-23 18:55:00+00:00,15.0,15.010000228881836,14.979999542236328,14.979999542236328,0
2026-09-23 18:56:00+00:00,14.960000038146973,14.960000038146973,14.960000038146973,14.960000038146973,0
2026-09-23 18:57:00+00:00,14.960000038146973,14.960000038146973,14.960000038146973,14.960000038146973,0
2026-09-23 18:58:00+00:00,14.960000038146973,14.960000038146973,14.949999809265137,14.949999809265137,0
2026-09-23 18:59:00+00:00,14.949999809265137,14.960000038146973,14.949999809265137,14.960000038146973,0
2026-09-23 19:00:00+00:00,14.960000038146973,14.970000267028809,14.9399995803833,14.9399995803833,0
2026-09-23 19:01:00+00:00,14.9399995803833,14.949999809265137,14.9399995803833,14.949999809265137,0
2026-09-23 19:02:00+00:00,14.949999809265137,14.970000267028809,14.949999809265137,14.970000267028809,0
2026-09-23 19:03:00+00:00,14.970000267028809,15.010000228881836,14.970000267028809,15.010000228881836,0
2026-09-23 19:04:00+00:00,15.020000457763672,15.029999732971191,15.010000228881836,15.029999732971191,0
2026-09-23 19:05:00+00:00,15.029999732971191,15.029999732971191,15.020000457763672,15.020000457763672,0
2026-09-23 19:06:00+00:00,15.020000457763672,15.020000457763672,14.979999542236328,14.979999542236328,0
2026-09-23 19:07:00+00:00,14.960000038146973,14.960000038146973,14.930000305175781,14.930000305175781,0
2026-09-23 19:08:00+00:00,14.9399995803833,14.9399995803833,14.930000305175781,14.930000305175781,0
2026-09-23 19:09:00+00:00,14.930000305175781,14.960000038146973,14.930000305175781,14.960000038146973,0
2026-09-23 19:10:00+00:00,14.949999809265137,14.960000038146973,14.949999809265137,14.960000038146973,0
2026-09-23 19:11:00+00:00,14.960000038146973,14.960000038146973,14.949999809265137,14.949999809265137,0
2026-09-23 19:12:00+00:00,14.949999809265137,14.970000267028809,14.949999809265137,14.970000267028809,0
2026-09-23 19:13:00+00:00,14.979999542236328,15.010000228881836,14.979999542236328,15.0,0
2026-09-23 19:14:00+00:00,14.989999771118164,15.0,14.989999771118164,15.0,0
2026-09-23 19:15:00+00:00,15.0,15.020000457763672,15.0,15.020000457763672,0
2026-09-23 19:16:00+00:00,15.039999961853027,15.069999694824219,15.039999961853027,15.069999694824219,0
2026-09-23 19:17:00+00:00,15.0600004196167,15.069999694824219,15.0600004196167,15.069999694824219,0
2026-09-23 19:18:00+00:00,15.069999694824219,15.079999923706055,15.069999694824219,15.079999923706055,0
2026-09-23 19:19:00+00:00,15.0600004196167,15.069999694824219,15.050000190734863,15.069999694824219,0
2026-09-23 19:20:00+00:00,15.079999923706055,15.119999885559082,15.079999923706055,15.119999885559082,0
2026-09-23 19:21:00+00:00,15.109999656677246,15.130000114440918,15.109999656677246,15.130000114440918,0
2026-09-23 19:22:00+00:00,15.119999885559082,15.140000343322754,15.119999885559082,15.140000343322754,0
2026-09-23 19:23:00+00:00,15.140000343322754,15.140000343322754,15.119999885559082,15.130000114440918,0
2026-09-23 19:24:00+00:00,15.130000114440918,15.149999618530273,15.130000114440918,15.149999618530273,0
2026-09-23 19:25:00+00:00,15.140000343322754,15.140000343322754,15.130000114440918,15.140000343322754,0
2026-09-23 19:26:00+00:00,15.149999618530273,15.15999984741211,15.140000343322754,15.15999984741211,0
2026-09-23 19:27:00+00:00,15.170000076293945,15.170000076293945,15.15999984741211,15.15999984741211,0
2026-09-23 19:28:00+00:00,15.170000076293945,15.170000076293945,15.170000076293945,15.170000076293945,0
2026-09-23 19:29:00+00:00,15.180000305175781,15.180000305175781,15.170000076293945,15.180000305175781,0
2026-09-23 19:30:00+00:00,15.15999984741211,15.170000076293945,15.15999984741211,15.170000076293945,0
2026-09-23 19:31:00+00:00,15.15999984741211,15.15999984741211,15.149999618530273,15.149999618530273,0
2026-09-23 19:32:00+00:00,15.149999618530273,15.149999618530273,15.140000343322754,15.149999618530273,0
2026-09-23 19:33:00+00:00,15.140000343322754,15.140000343322754,15.130000114440918,15.140000343322754,0
2026-09-23 19:34:00+00:00,15.130000114440918,15.130000114440918,15.119999885559082,15.119999885559082,0
2026-09-23 19:35:00+00:00,15.109999656677246,15.130000114440918,15.109999656677246,15.130000114440918,0
2026-09-23 19:36:00+00:00,15.140000343322754,15.140000343322754,15.119999885559082,15.130000114440918,0
2026-09-23 19:37:00+00:00,15.149999618530273,15.15999984741211,15.149999618530273,15.149999618530273,0
2026-09-23 19:38:00+00:00,15.149999618530273,15.149999618530273,15.140000343322754,15.140000343322754,0
2026-09-23 19:39:00+00:00,15.140000343322754,15.140000343322754,15.130000114440918,15.130000114440918,0
2026-09-23 19:40:00+00:00,15.109999656677246,15.109999656677246,15.100000381469727,15.100000381469727,0
2026-09-23 19:41:00+00:00,15.109999656677246,15.119999885559082,15.109999656677246,15.119999885559082,0
2026-09-23 19:42:00+00:00,15.140000343322754,15.220000267028809,15.140000343322754,15.220000267028809,0
2026-09-23 19:43:00+00:00,15.229999542236328,15.25,15.229999542236328,15.25,0
2026-09-23 19:44:00+00:00,15.25,15.25,15.239999771118164,15.239999771118164,0
2026-09-23 19:45:00+00:00,15.229999542236328,15.229999542236328,15.220000267028809,15.229999542236328,0
2026-09-23 19:46:00+00:00,15.229999542236328,15.239999771118164,15.229999542236328,15.229999542236328,0
2026-09-23 19:47:00+00:00,15.210000038146973,15.210000038146973,15.170000076293945,15.170000076293945,0
2026-09-23 19:48:00+00:00,15.15999984741211,15.1899995803833,15.15999984741211,15.1899995803833,0
2026-09-23 19:49:00+00:00,15.180000305175781,15.180000305175781,15.15999984741211,15.170000076293945,0
2026-09-23 19:50:00+00:00,15.149999618530273,15.3100004196167,15.149999618530273,15.3100004196167,0
2026-09-23 19:51:00+00:00,15.3100004196167,15.359999656677246,15.3100004196167,15.350000381469727,0
2026-09-23 19:52:00+00:00,15.359999656677246,15.380000114440918,15.359999656677246,15.380000114440918,0
2026-09-23 19:53:00+00:00,15.369999885559082,15.369999885559082,15.350000381469727,15.350000381469727,0
2026-09-23 19:54:00+00:00,15.319999694824219,15.319999694824219,15.3100004196167,15.3100004196167,0
2026-09-23 19:55:00+00:00,15.3100004196167,15.3100004196167,15.229999542236328,15.229999542236328,0
2026-09-23 19:56:00+00:00,15.25,15.260000228881836,15.25,15.260000228881836,0
2026-09-23 19:57:00+00:00,15.25,15.25,15.220000267028809,15.220000267028809,0
2026-09-23 19:58:00+00:00,15.229999542236328,15.229999542236328,15.210000038146973,15.210000038146973,0
2026-09-23 19:59:00+00:00,15.220000267028809,15.260000228881836,15.220000267028809,15.220000267028809,0
2026-09-23 20:00:00+00:00,15.199999809265137,15.199999809265137,15.15999984741211,15.180000305175781,0
2026-09-23 20:01:00+00:00,15.1899995803833,15.1899995803833,15.180000305175781,15.180000305175781,0
2026-09-23 20:02:00+00:00,15.180000305175781,15.1899995803833,15.180000305175781,15.1899995803833,0
2026-09-23 20:03:00+00:00,15.180000305175781,15.180000305175781,15.170000076293945,15.170000076293945,0
2026-09-23 20:04:00+00:00,15.15999984741211,15.180000305175781,15.15999984741211,15.180000305175781,0
2026-09-23 20:05:00+00:00,15.1899995803833,15.199999809265137,15.1899995803833,15.199999809265137,0
2026-09-23 20:06:00+00:00,15.199999809265137,15.210000038146973,15.199999809265137,15.210000038146973,0
2026-09-23 20:07:00+00:00,15.199999809265137,15.199999809265137,15.1899995803833,15.1899995803833,0
2026-09-23 20:08:00+00:00,15.1899995803833,15.199999809265137,15.180000305175781,15.1899995803833,0
2026-09-23 20:09:00+00:00,15.1899995803833,15.1899995803833,15.180000305175781,15.180000305175781,0
2026-09-23 20:10:00+00:00,15.180000305175781,15.180000305175781,15.170000076293945,15.170000076293945,0
2026-09-23 20:11:00+00:00,15.180000305175781,15.180000305175781,15.180000305175781,15.180000305175781,0
2026-09-23 20:12:00+00:00,15.180000305175781,15.180000305175781,15.170000076293945,15.170000076293945,0
2026-09-23 20:13:00+00:00,15.170000076293945,15.170000076293945,15.170000076293945,15.170000076293945,0
2026-09-23 20:14:00+00:00,15.170000076293945,15.170000076293945,15.15999984741211,15.170000076293945,0
2026-09-24 07:15:00+00:00,15.829999923706055,15.869999885559082,15.829999923706055,15.869999885559082,0
2026-09-24 07:16:00+00:00,15.869999885559082,15.869999885559082,15.859999656677246,15.859999656677246,0
2026-09-24 07:17:00+00:00,15.880000114440918,15.880000114440918,15.869999885559082,15.880000114440918,0
2026-09-24 07:18:00+00:00,15.880000114440918,15.880000114440918,15.859999656677246,15.859999656677246,0
2026-09-24 07:19:00+00:00,15.850000381469727,15.850000381469727,15.84000015258789,15.84000015258789,0
2026-09-24 07:20:00+00:00,15.84000015258789,15.84000015258789,15.84000015258789,15.84000015258789,0
2026-09-24 07:21:00+00:00,15.850000381469727,15.850000381469727,15.84000015258789,15.850000381469727,0
2026-09-24 07:22:00+00:00,15.850000381469727,15.850000381469727,15.850000381469727,15.850000381469727,0
2026-09-24 07:23:00+00:00,15.850000381469727,15.859999656677246,15.850000381469727,15.850000381469727,0
2026-09-24 07:24:00+00:00,15.850000381469727,15.869999885559082,15.850000381469727,15.869999885559082,0
2026-09-24 07:25:00+00:00,15.869999885559082,15.869999885559082,15.859999656677246,15.859999656677246,0
2026-09-24 07:26:00+00:00,15.869999885559082,15.890000343322754,15.859999656677246,15.859999656677246,0
2026-09-24 07:27:00+00:00,15.869999885559082,15.869999885559082,15.850000381469727,15.850000381469727,0
2026-09-24 07:28:00+00:00,15.850000381469727,15.850000381469727,15.84000015258789,15.850000381469727,0
2026-09-24 07:29:00+00:00,15.850000381469727,15.850000381469727,15.829999923706055,15.829999923706055,0
2026-09-24 07:30:00+00:00,15.819999694824219,15.819999694824219,15.8100004196167,15.8100004196167,0
2026-09-24 07:31:00+00:00,15.819999694824219,15.819999694824219,15.8100004196167,15.819999694824219,0
2026-09-24 07:32:00+00:00,15.819999694824219,15.829999923706055,15.819999694824219,15.829999923706055,0
2026-09-24 07:33:00+00:00,15.829999923706055,15.829999923706055,15.789999961853027,15.789999961853027,0
2026-09-24 07:34:00+00:00,15.800000190734863,15.8100004196167,15.800000190734863,15.8100004196167,0
2026-09-24 07:35:00+00:00,15.819999694824219,15.819999694824219,15.8100004196167,15.819999694824219,0
2026-09-24 07:36:00+00:00,15.8100004196167,15.8100004196167,15.789999961853027,15.789999961853027,0
2026-09-24 07:37:00+00:00,15.779999732971191,15.779999732971191,15.770000457763672,15.770000457763672,0
2026-09-24 07:38:00+00:00,15.770000457763672,15.779999732971191,15.770000457763672,15.779999732971191,0
2026-09-24 07:39:00+00:00,15.779999732971191,15.789999961853027,15.779999732971191,15.789999961853027,0
2026-09-24 07:40:00+00:00,15.789999961853027,15.819999694824219,15.789999961853027,15.8100004196167,0
2026-09-24 07:41:00+00:00,15.8100004196167,15.819999694824219,15.8100004196167,15.819999694824219,0
2026-09-24 07:42:00+00:00,15.819999694824219,15.829999923706055,15.819999694824219,15.819999694824219,0
2026-09-24 07:43:00+00:00,15.819999694824219,15.819999694824219,15.819999694824219,15.819999694824219,0
2026-09-24 07:44:00+00:00,15.8100004196167,15.8100004196167,15.779999732971191,15.779999732971191,0
2026-09-24 07:45:00+00:00,15.779999732971191,15.779999732971191,15.779999732971191,15.779999732971191,0
2026-09-24 07:46:00+00:00,15.779999732971191,15.789999961853027,15.779999732971191,15.789999961853027,0
2026-09-24 07:47:00+00:00,15.789999961853027,15.800000190734863,15.789999961853027,15.800000190734863,0
2026-09-24 07:48:00+00:00,15.8100004196167,15.819999694824219,15.8100004196167,15.819999694824219,0
2026-09-24 07:49:00+00:00,15.819999694824219,15.819999694824219,15.819999694824219,15.819999694824219,0
2026-09-24 07:50:00+00:00,15.819999694824219,15.84000015258789,15.819999694824219,15.84000015258789,0
2026-09-24 07:51:00+00:00,15.829999923706055,15.829999923706055,15.829999923706055,15.829999923706055,0
2026-09-24 07:52:00+00:00,15.819999694824219,15.829999923706055,15.819999694824219,15.819999694824219,0
2026-09-24 07:53:00+00:00,15.84000015258789,15.859999656677246,15.84000015258789,15.859999656677246,0
2026-09-24 07:54:00+00:00,15.850000381469727,15.859999656677246,15.850000381469727,15.850000381469727,0
2026-09-24 07:55:00+00:00,15.850000381469727,15.920000076293945,15.850000381469727,15.920000076293945,0
2026-09-24 07:56:00+00:00,15.920000076293945,15.9399995803833,15.920000076293945,15.9399995803833,0
2026-09-24 07:57:00+00:00,15.949999809265137,15.960000038146973,15.949999809265137,15.960000038146973,0
2026-09-24 07:58:00+00:00,15.970000267028809,15.970000267028809,15.960000038146973,15.960000038146973,0
2026-09-24 07:59:00+00:00,15.960000038146973,15.979999542236328,15.960000038146973,15.979999542236328,0
2026-09-24 08:00:00+00:00,15.979999542236328,15.989999771118164,15.970000267028809,15.970000267028809,0
2026-09-24 08:01:00+00:00,15.960000038146973,16.0,15.949999809265137,15.949999809265137,0
2026-09-24 08:02:00+00:00,15.90999984741211,15.9399995803833,15.90999984741211,15.9399995803833,0
2026-09-24 08:03:00+00:00,15.949999809265137,15.979999542236328,15.949999809265137,15.949999809265137,0
2026-09-24 08:04:00+00:00,15.9399995803833,16.0,15.9399995803833,16.0,0
2026-09-24 08:05:00+00:00,15.970000267028809,16.0,15.960000038146973,16.0,0
2026-09-24 08:06:00+00:00,16.0,16.020000457763672,16.0,16.020000457763672,0
2026-09-24 08:07:00+00:00,16.010000228881836,16.020000457763672,16.010000228881836,16.020000457763672,0
2026-09-24 08:08:00+00:00,16.020000457763672,16.030000686645508,16.020000457763672,16.030000686645508,0
2026-09-24 08:09:00+00:00,16.040000915527344,16.040000915527344,16.030000686645508,16.040000915527344,0
2026-09-24 08:10:00+00:00,16.040000915527344,16.079999923706055,16.040000915527344,16.06999969482422,0
2026-09-24 08:11:00+00:00,16.06999969482422,16.1200008392334,16.06999969482422,16.1200008392334,0
2026-09-24 08:12:00+00:00,16.110000610351562,16.139999389648438,16.110000610351562,16.139999389648438,0
2026-09-24 08:13:00+00:00,16.139999389648438,16.170000076293945,16.139999389648438,16.170000076293945,0
2026-09-24 08:14:00+00:00,16.190000534057617,16.200000762939453,16.170000076293945,16.170000076293945,0
2026-09-24 08:15:00+00:00,16.18000030517578,16.18000030517578,16.15999984741211,16.18000030517578,0
2026-09-24 08:16:00+00:00,16.200000762939453,16.200000762939453,16.18000030517578,16.18000030517578,0
2026-09-24 08:17:00+00:00,16.170000076293945,16.170000076293945,16.110000610351562,16.110000610351562,0
2026-09-24 08:18:00+00:00,16.1299991607666,16.18000030517578,16.1299991607666,16.18000030517578,0
2026-09-24 08:19:00+00:00,16.190000534057617,16.209999084472656,16.18000030517578,16.190000534057617,0
2026-09-24 08:20:00+00:00,16.190000534057617,16.229999542236328,16.190000534057617,16.229999542236328,0
2026-09-24 08:21:00+00:00,16.229999542236328,16.239999771118164,16.229999542236328,16.229999542236328,0
2026-09-24 08:22:00+00:00,16.25,16.25,16.229999542236328,16.239999771118164,0
2026-09-24 08:23:00+00:00,16.239999771118164,16.25,16.229999542236328,16.25,0
2026-09-24 08:24:00+00:00,16.260000228881836,16.260000228881836,16.239999771118164,16.260000228881836,0
2026-09-24 08:25:00+00:00,16.239999771118164,16.239999771118164,16.209999084472656,16.219999313354492,0
2026-09-24 08:26:00+00:00,16.229999542236328,16.260000228881836,16.229999542236328,16.260000228881836,0
2026-09-24 08:27:00+00:00,16.290000915527344,16.34000015258789,16.290000915527344,16.34000015258789,0
2026-09-24 08:28:00+00:00,16.350000381469727,16.360000610351562,16.350000381469727,16.360000610351562,0
2026-09-24 08:29:00+00:00,16.350000381469727,16.350000381469727,16.31999969482422,16.31999969482422,0
2026-09-24 08:30:00+00:00,16.329999923706055,16.329999923706055,16.299999237060547,16.299999237060547,0
2026-09-24 08:31:00+00:00,16.290000915527344,16.290000915527344,16.200000762939453,16.200000762939453,0
2026-09-24 08:32:00+00:00,16.18000030517578,16.18000030517578,16.170000076293945,16.170000076293945,0
2026-09-24 08:33:00+00:00,16.149999618530273,16.149999618530273,16.1299991607666,16.149999618530273,0
2026-09-24 08:34:00+00:00,16.139999389648438,16.239999771118164,16.139999389648438,16.239999771118164,0
2026-09-24 08:35:00+00:00,16.270000457763672,16.309999465942383,16.270000457763672,16.299999237060547,0
2026-09-24 08:36:00+00:00,16.290000915527344,16.299999237060547,16.290000915527344,16.299999237060547,0
2026-09-24 08:37:00+00:00,16.309999465942383,16.309999465942383,16.299999237060547,16.299999237060547,0
2026-09-24 08:38:00+00:00,16.290000915527344,16.290000915527344,16.280000686645508,16.280000686645508,0
2026-09-24 08:39:00+00:00,16.280000686645508,16.280000686645508,16.260000228881836,16.270000457763672,0
2026-09-24 08:40:00+00:00,16.260000228881836,16.299999237060547,16.260000228881836,16.299999237060547,0
2026-09-24 08:41:00+00:00,16.299999237060547,16.309999465942383,16.299999237060547,16.299999237060547,0
2026-09-24 08:42:00+00:00,16.309999465942383,16.309999465942383,16.280000686645508,16.280000686645508,0
2026-09-24 08:43:00+00:00,16.239999771118164,16.239999771118164,16.219999313354492,16.219999313354492,0
2026-09-24 08:44:00+00:00,16.200000762939453,16.239999771118164,16.200000762939453,16.239999771118164,0
2026-09-24 08:45:00+00:00,16.219999313354492,16.219999313354492,16.200000762939453,16.219999313354492,0
2026-09-24 08:46:00+00:00,16.219999313354492,16.219999313354492,16.209999084472656,16.209999084472656,0
2026-09-24 08:47:00+00:00,16.229999542236328,16.239999771118164,16.229999542236328,16.239999771118164,0
2026-09-24 08:48:00+00:00,16.25,16.270000457763672,16.25,16.260000228881836,0
2026-09-24 08:49:00+00:00,16.270000457763672,16.290000915527344,16.270000457763672,16.290000915527344,0
2026-09-24 08:50:00+00:00,16.290000915527344,16.290000915527344,16.280000686645508,16.280000686645508,0
2026-09-24 08:51:00+00:00,16.280000686645508,16.280000686645508,16.239999771118164,16.239999771118164,0
2026-09-24 08:52:00+00:00,16.239999771118164,16.270000457763672,16.239999771118164,16.270000457763672,0
2026-09-24 08:53:00+00:00,16.270000457763672,16.299999237060547,16.270000457763672,16.299999237060547,0
2026-09-24 08:54:00+00:00,16.299999237060547,16.299999237060547,16.290000915527344,16.290000915527344,0
2026-09-24 08:55:00+00:00,16.299999237060547,16.309999465942383,16.299999237060547,16.299999237060547,0
2026-09-24 08:56:00+00:00,16.299999237060547,16.309999465942383,16.299999237060547,16.309999465942383,0
2026-09-24 08:57:00+00:00,16.309999465942383,16.309999465942383,16.299999237060547,16.299999237060547,0
2026-09-24 08:58:00+00:00,16.290000915527344,16.290000915527344,16.280000686645508,16.280000686645508,0
2026-09-24 08:59:00+00:00,16.280000686645508,16.290000915527344,16.280000686645508,16.290000915527344,0
2026-09-24 09:00:00+00:00,16.280000686645508,16.280000686645508,16.260000228881836,16.260000228881836,0
2026-09-24 09:01:00+00:00,16.260000228881836,16.260000228881836,16.190000534057617,16.190000534057617,0
2026-09-24 09:02:00+00:00,16.209999084472656,16.219999313354492,16.209999084472656,16.209999084472656,0
2026-09-24 09:03:00+00:00,16.209999084472656,16.219999313354492,16.209999084472656,16.219999313354492,0
2026-09-24 09:04:00+00:00,16.219999313354492,16.229999542236328,16.209999084472656,16.229999542236328,0
2026-09-24 09:05:00+00:00,16.229999542236328,16.239999771118164,16.219999313354492,16.239999771118164,0
2026-09-24 09:06:00+00:00,16.239999771118164,16.239999771118164,16.239999771118164,16.239999771118164,0
2026-09-24 09:07:00+00:00,16.219999313354492,16.219999313354492,16.200000762939453,16.209999084472656,0
2026-09-24 09:08:00+00:00,16.219999313354492,16.219999313354492,16.190000534057617,16.209999084472656,0
2026-09-24 09:09:00+00:00,16.200000762939453,16.200000762939453,16.200000762939453,16.200000762939453,0
2026-09-24 09:10:00+00:00,16.209999084472656,16.209999084472656,16.209999084472656,16.209999084472656,0
2026-09-24 09:11:00+00:00,16.200000762939453,16.219999313354492,16.200000762939453,16.219999313354492,0
2026-09-24 09:12:00+00:00,16.239999771118164,16.270000457763672,16.239999771118164,16.270000457763672,0
2026-09-24 09:13:00+00:00,16.280000686645508,16.280000686645508,16.270000457763672,16.270000457763672,0
2026-09-24 09:14:00+00:00,16.270000457763672,16.290000915527344,16.270000457763672,16.280000686645508,0
2026-09-24 09:15:00+00:00,16.280000686645508,16.280000686645508,16.280000686645508,16.280000686645508,0
2026-09-24 09:16:00+00:00,16.270000457763672,16.290000915527344,16.270000457763672,16.290000915527344,0
2026-09-24 09:17:00+00:00,16.290000915527344,16.290000915527344,16.270000457763672,16.270000457763672,0
2026-09-24 09:18:00+00:00,16.290000915527344,16.290000915527344,16.270000457763672,16.270000457763672,0
2026-09-24 09:19:00+00:00,16.270000457763672,16.270000457763672,16.260000228881836,16.260000228881836,0
2026-09-24 09:20:00+00:00,16.260000228881836,16.260000228881836,16.239999771118164,16.239999771118164,0
2026-09-24 09:21:00+00:00,16.239999771118164,16.25,16.239999771118164,16.25,0
2026-09-24 09:22:00+00:00,16.260000228881836,16.280000686645508,16.260000228881836,16.280000686645508,0
2026-09-24 09:23:00+00:00,16.280000686645508,16.280000686645508,16.25,16.25,0
2026-09-24 09:24:00+00:00,16.239999771118164,16.239999771118164,16.229999542236328,16.239999771118164,0
2026-09-24 09:25:00+00:00,16.229999542236328,16.229999542236328,16.219999313354492,16.219999313354492,0
2026-09-24 09:26:00+00:00,16.209999084472656,16.239999771118164,16.209999084472656,16.239999771118164,0
2026-09-24 09:27:00+00:00,16.229999542236328,16.260000228881836,16.229999542236328,16.260000228881836,0
2026-09-24 09:28:00+00:00,16.270000457763672,16.270000457763672,16.270000457763672,16.270000457763672,0
2026-09-24 09:29:00+00:00,16.270000457763672,16.270000457763672,16.270000457763672,16.270000457763672,0
2026-09-24 09:30:00+00:00,16.270000457763672,16.280000686645508,16.270000457763672,16.280000686645508,0
2026-09-24 09:31:00+00:00,16.299999237060547,16.31999969482422,16.290000915527344,16.290000915527344,0
2026-09-24 09:32:00+00:00,16.290000915527344,16.299999237060547,16.290000915527344,16.290000915527344,0
2026-09-24 09:33:00+00:00,16.280000686645508,16.290000915527344,16.280000686645508,16.290000915527344,0
2026-09-24 09:34:00+00:00,16.290000915527344,16.290000915527344,16.280000686645508,16.280000686645508,0
2026-09-24 09:35:00+00:00,16.280000686645508,16.280000686645508,16.270000457763672,16.280000686645508,0
2026-09-24 09:36:00+00:00,16.280000686645508,16.290000915527344,16.280000686645508,16.290000915527344,0
2026-09-24 09:37:00+00:00,16.290000915527344,16.309999465942383,16.290000915527344,16.309999465942383,0
2026-09-24 09:38:00+00:00,16.329999923706055,16.360000610351562,16.329999923706055,16.350000381469727,0
2026-09-24 09:39:00+00:00,16.350000381469727,16.350000381469727,16.329999923706055,16.329999923706055,0
2026-09-24 09:40:00+00:00,16.34000015258789,16.350000381469727,16.34000015258789,16.350000381469727,0
2026-09-24 09:41:00+00:00,16.350000381469727,16.420000076293945,16.350000381469727,16.420000076293945,0
2026-09-24 09:42:00+00:00,16.420000076293945,16.43000030517578,16.420000076293945,16.420000076293945,0
2026-09-24 09:43:00+00:00,16.420000076293945,16.530000686645508,16.420000076293945,16.530000686645508,0
2026-09-24 09:44:00+00:00,16.530000686645508,16.549999237060547,16.530000686645508,16.549999237060547,0
2026-09-24 09:45:00+00:00,16.559999465942383,16.559999465942383,16.559999465942383,16.559999465942383,0
2026-09-24 09:46:00+00:00,16.559999465942383,16.56999969482422,16.549999237060547,16.549999237060547,0
2026-09-24 09:47:00+00:00,16.540000915527344,16.56999969482422,16.530000686645508,16.530000686645508,0
2026-09-24 09:48:00+00:00,16.540000915527344,16.540000915527344,16.520000457763672,16.540000915527344,0
2026-09-24 09:49:00+00:00,16.520000457763672,16.520000457763672,16.489999771118164,16.489999771118164,0
2026-09-24 09:50:00+00:00,16.489999771118164,16.489999771118164,16.450000762939453,16.450000762939453,0
2026-09-24 09:51:00+00:00,16.450000762939453,16.479999542236328,16.450000762939453,16.479999542236328,0
2026-09-24 09:52:00+00:00,16.479999542236328,16.479999542236328,16.459999084472656,16.459999084472656,0
2026-09-24 09:53:00+00:00,16.459999084472656,16.459999084472656,16.440000534057617,16.450000762939453,0
2026-09-24 09:54:00+00:00,16.450000762939453,16.469999313354492,16.450000762939453,16.450000762939453,0
2026-09-24 09:55:00+00:00,16.440000534057617,16.440000534057617,16.399999618530273,16.399999618530273,0
2026-09-24 09:56:00+00:00,16.399999618530273,16.40999984741211,16.389999389648438,16.389999389648438,0
2026-09-24 09:57:00+00:00,16.399999618530273,16.420000076293945,16.399999618530273,16.40999984741211,0
2026-09-24 09:58:00+00:00,16.40999984741211,16.40999984741211,16.3700008392334,16.3700008392334,0
2026-09-24 09:59:00+00:00,16.3700008392334,16.3700008392334,16.350000381469727,16.350000381469727,0
2026-09-24 10:00:00+00:00,16.350000381469727,16.350000381469727,16.34000015258789,16.34000015258789,0
2026-09-24 10:01:00+00:00,16.31999969482422,16.31999969482422,16.309999465942383,16.309999465942383,0
2026-09-24 10:02:00+00:00,16.309999465942383,16.31999969482422,16.309999465942383,16.31999969482422,0
2026-09-24 10:03:00+00:00,16.329999923706055,16.34000015258789,16.329999923706055,16.34000015258789,0
2026-09-24 10:04:00+00:00,16.34000015258789,16.3700008392334,16.34000015258789,16.3700008392334,0
2026-09-24 10:05:00+00:00,16.360000610351562,16.3700008392334,16.360000610351562,16.3700008392334,0
2026-09-24 10:06:00+00:00,16.3799991607666,16.389999389648438,16.3799991607666,16.389999389648438,0
2026-09-24 10:07:00+00:00,16.399999618530273,16.399999618530273,16.389999389648438,16.399999618530273,0
2026-09-24 10:08:00+00:00,16.389999389648438,16.389999389648438,16.3799991607666,16.389999389648438,0
2026-09-24 10:09:00+00:00,16.389999389648438,16.389999389648438,16.389999389648438,16.389999389648438,0
2026-09-24 10:10:00+00:00,16.3799991607666,16.3799991607666,16.329999923706055,16.329999923706055,0
2026-09-24 10:11:00+00:00,16.34000015258789,16.34000015258789,16.31999969482422,16.31999969482422,0
2026-09-24 10:12:00+00:00,16.329999923706055,16.34000015258789,16.329999923706055,16.34000015258789,0
2026-09-24 10:13:00+00:00,16.34000015258789,16.34000015258789,16.309999465942383,16.31999969482422,0
2026-09-24 10:14:00+00:00,16.34000015258789,16.34000015258789,16.31999969482422,16.31999969482422,0
2026-09-24 10:15:00+00:00,16.329999923706055,16.329999923706055,16.329999923706055,16.329999923706055,0
2026-09-24 10:16:00+00:00,16.329999923706055,16.329999923706055,16.309999465942383,16.309999465942383,0
2026-09-24 10:17:00+00:00,16.270000457763672,16.280000686645508,16.270000457763672,16.280000686645508,0
2026-09-24 10:18:00+00:00,16.280000686645508,16.299999237060547,16.270000457763672,16.299999237060547,0
2026-09-24 10:19:00+00:00,16.299999237060547,16.299999237060547,16.290000915527344,16.290000915527344,0
2026-09-24 10:20:00+00:00,16.290000915527344,16.290000915527344,16.290000915527344,16.290000915527344,0
2026-09-24 10:21:00+00:00,16.290000915527344,16.290000915527344,16.290000915527344,16.290000915527344,0
2026-09-24 10:22:00+00:00,16.299999237060547,16.299999237060547,16.299999237060547,16.299999237060547,0
2026-09-24 10:23:00+00:00,16.299999237060547,16.299999237060547,16.290000915527344,16.299999237060547,0
2026-09-24 10:24:00+00:00,16.309999465942383,16.350000381469727,16.309999465942383,16.350000381469727,0
2026-09-24 10:25:00+00:00,16.389999389648438,16.40999984741211,16.389999389648438,16.40999984741211,0
2026-09-24 10:26:00+00:00,16.40999984741211,16.420000076293945,16.399999618530273,16.399999618530273,0
2026-09-24 10:27:00+00:00,16.40999984741211,16.40999984741211,16.399999618530273,16.399999618530273,0
2026-09-24 10:28:00+00:00,16.40999984741211,16.40999984741211,16.360000610351562,16.360000610351562,0
2026-09-24 10:29:00+00:00,16.360000610351562,16.3700008392334,16.360000610351562,16.360000610351562,0
2026-09-24 10:30:00+00:00,16.389999389648438,16.389999389648438,16.3799991607666,16.3799991607666,0
2026-09-24 10:31:00+00:00,16.389999389648438,16.389999389648438,16.360000610351562,16.3700008392334,0
2026-09-24 10:32:00+00:00,16.360000610351562,16.360000610351562,16.34000015258789,16.34000015258789,0
2026-09-24 10:33:00+00:00,16.34000015258789,16.34000015258789,16.329999923706055,16.34000015258789,0
2026-09-24 10:34:00+00:00,16.34000015258789,16.34000015258789,16.309999465942383,16.309999465942383,0
2026-09-24 10:35:00+00:00,16.309999465942383,16.309999465942383,16.309999465942383,16.309999465942383,0
2026-09-24 10:36:00+00:00,16.290000915527344,16.309999465942383,16.290000915527344,16.309999465942383,0
2026-09-24 10:37:00+00:00,16.309999465942383,16.309999465942383,16.290000915527344,16.290000915527344,0
2026-09-24 10:38:00+00:00,16.270000457763672,16.270000457763672,16.239999771118164,16.239999771118164,0
2026-09-24 10:39:00+00:00,16.239999771118164,16.239999771118164,16.219999313354492,16.219999313354492,0
2026-09-24 10:40:00+00:00,16.219999313354492,16.219999313354492,16.209999084472656,16.219999313354492,0
2026-09-24 10:41:00+00:00,16.190000534057617,16.200000762939453,16.190000534057617,16.190000534057617,0
2026-09-24 10:42:00+00:00,16.190000534057617,16.190000534057617,16.170000076293945,16.170000076293945,0
2026-09-24 10:43:00+00:00,16.170000076293945,16.170000076293945,16.170000076293945,16.170000076293945,0
2026-09-24 10:44:00+00:00,16.170000076293945,16.170000076293945,16.139999389648438,16.139999389648438,0
2026-09-24 10:45:00+00:00,16.1299991607666,16.139999389648438,16.1299991607666,16.139999389648438,0
2026-09-24 10:46:00+00:00,16.1299991607666,16.139999389648438,16.1299991607666,16.1299991607666,0
2026-09-24 10:47:00+00:00,16.1299991607666,16.1299991607666,16.1299991607666,16.1299991607666,0
2026-09-24 10:48:00+00:00,16.139999389648438,16.149999618530273,16.139999389648438,16.139999389648438,0
2026-09-24 10:49:00+00:00,16.139999389648438,16.139999389648438,16.06999969482422,16.079999923706055,0
2026-09-24 10:50:00+00:00,16.049999237060547,16.1200008392334,16.049999237060547,16.1200008392334,0
2026-09-24 10:51:00+00:00,16.110000610351562,16.1299991607666,16.110000610351562,16.1299991607666,0
2026-09-24 10:52:00+00:00,16.139999389648438,16.139999389648438,16.139999389648438,16.139999389648438,0
2026-09-24 10:53:00+00:00,16.1299991607666,16.1299991607666,16.1200008392334,16.1299991607666,0
2026-09-24 10:54:00+00:00,16.1299991607666,16.1299991607666,16.1299991607666,16.1299991607666,0
2026-09-24 10:55:00+00:00,16.149999618530273,16.18000030517578,16.149999618530273,16.18000030517578,0
2026-09-24 10:56:00+00:00,16.18000030517578,16.190000534057617,16.18000030517578,16.18000030517578,0
2026-09-24 10:57:00+00:00,16.170000076293945,16.170000076293945,16.15999984741211,16.15999984741211,0
2026-09-24 10:58:00+00:00,16.149999618530273,16.149999618530273,16.1299991607666,16.1299991607666,0
2026-09-24 10:59:00+00:00,16.100000381469727,16.100000381469727,16.09000015258789,16.09000015258789,0
2026-09-24 11:00:00+00:00,16.09000015258789,16.09000015258789,16.059999465942383,16.059999465942383,0
2026-09-24 11:01:00+00:00,16.06999969482422,16.079999923706055,16.06999969482422,16.079999923706055,0
2026-09-24 11:02:00+00:00,16.079999923706055,16.09000015258789,16.079999923706055,16.09000015258789,0
2026-09-24 11:03:00+00:00,16.100000381469727,16.1200008392334,16.100000381469727,16.1200008392334,0
2026-09-24 11:04:00+00:00,16.110000610351562,16.1200008392334,16.110000610351562,16.1200008392334,0
2026-09-24 11:05:00+00:00,16.1299991607666,16.139999389648438,16.1299991607666,16.139999389648438,0
2026-09-24 11:06:00+00:00,16.139999389648438,16.139999389648438,16.1299991607666,16.1299991607666,0
2026-09-24 11:07:00+00:00,16.1299991607666,16.1299991607666,16.1299991607666,16.1299991607666,0
2026-09-24 11:08:00+00:00,16.149999618530273,16.170000076293945,16.139999389648438,16.170000076293945,0
2026-09-24 11:09:00+00:00,16.18000030517578,16.18000030517578,16.15999984741211,16.15999984741211,0
2026-09-24 11:10:00+00:00,16.15999984741211,16.170000076293945,16.15999984741211,16.15999984741211,0
2026-09-24 11:11:00+00:00,16.15999984741211,16.18000030517578,16.15999984741211,16.18000030517578,0
2026-09-24 11:12:00+00:00,16.18000030517578,16.18000030517578,16.18000030517578,16.18000030517578,0
2026-09-24 11:13:00+00:00,16.190000534057617,16.200000762939453,16.170000076293945,16.170000076293945,0
2026-09-24 11:14:00+00:00,16.18000030517578,16.18000030517578,16.1200008392334,16.1200008392334,0
2026-09-24 11:15:00+00:00,16.1200008392334,16.139999389648438,16.1200008392334,16.139999389648438,0
2026-09-24 11:16:00+00:00,16.040000915527344,16.040000915527344,16.040000915527344,16.040000915527344,0
2026-09-24 11:17:00+00:00,16.040000915527344,16.049999237060547,16.030000686645508,16.049999237060547,0
2026-09-24 11:18:00+00:00,16.06999969482422,16.079999923706055,16.059999465942383,16.079999923706055,0
2026-09-24 11:19:00+00:00,16.09000015258789,16.09000015258789,16.06999969482422,16.06999969482422,0
2026-09-24 11:20:00+00:00,16.079999923706055,16.079999923706055,16.049999237060547,16.049999237060547,0
2026-09-24 11:21:00+00:00,16.059999465942383,16.09000015258789,16.059999465942383,16.09000015258789,0
2026-09-24 11:22:00+00:00,16.100000381469727,16.100000381469727,16.059999465942383,16.059999465942383,0
2026-09-24 11:23:00+00:00,16.049999237060547,16.059999465942383,16.049999237060547,16.049999237060547,0
2026-09-24 11:24:00+00:00,16.049999237060547,16.059999465942383,16.049999237060547,16.049999237060547,0
2026-09-24 11:25:00+00:00,16.040000915527344,16.06999969482422,16.040000915527344,16.06999969482422,0
2026-09-24 11:26:00+00:00,16.079999923706055,16.079999923706055,16.06999969482422,16.06999969482422,0
2026-09-24 11:27:00+00:00,16.059999465942383,16.079999923706055,16.059999465942383,16.079999923706055,0
2026-09-24 11:28:00+00:00,16.079999923706055,16.079999923706055,16.06999969482422,16.06999969482422,0
2026-09-24 11:29:00+00:00,16.06999969482422,16.079999923706055,16.06999969482422,16.079999923706055,0
2026-09-24 11:30:00+00:00,16.079999923706055,16.079999923706055,16.040000915527344,16.040000915527344,0
2026-09-24 11:31:00+00:00,16.049999237060547,16.049999237060547,16.020000457763672,16.020000457763672,0
2026-09-24 11:32:00+00:00,16.040000915527344,16.049999237060547,16.040000915527344,16.049999237060547,0
2026-09-24 11:33:00+00:00,16.059999465942383,16.059999465942383,16.049999237060547,16.059999465942383,0
2026-09-24 11:34:00+00:00,16.059999465942383,16.09000015258789,16.049999237060547,16.09000015258789,0
2026-09-24 11:35:00+00:00,16.09000015258789,16.1200008392334,16.09000015258789,16.110000610351562,0
2026-09-24 11:36:00+00:00,16.100000381469727,16.110000610351562,16.100000381469727,16.110000610351562,0
2026-09-24 11:37:00+00:00,16.100000381469727,16.100000381469727,16.09000015258789,16.100000381469727,0
2026-09-24 11:38:00+00:00,16.1200008392334,16.1299991607666,16.1200008392334,16.1299991607666,0
2026-09-24 11:39:00+00:00,16.1299991607666,16.1299991607666,16.1200008392334,16.1200008392334,0
2026-09-24 11:40:00+00:00,16.1299991607666,16.1299991607666,16.1200008392334,16.1299991607666,0
2026-09-24 11:41:00+00:00,16.1299991607666,16.1299991607666,16.1200008392334,16.1200008392334,0
2026-09-24 11:42:00+00:00,16.1200008392334,16.1299991607666,16.1200008392334,16.1299991607666,0
2026-09-24 11:43:00+00:00,16.1299991607666,16.139999389648438,16.1299991607666,16.139999389648438,0
2026-09-24 11:44:00+00:00,16.149999618530273,16.15999984741211,16.149999618530273,16.15999984741211,0
2026-09-24 11:45:00+00:00,16.149999618530273,16.15999984741211,16.149999618530273,16.15999984741211,0
2026-09-24 11:46:00+00:00,16.15999984741211,16.170000076293945,16.15999984741211,16.15999984741211,0
2026-09-24 11:47:00+00:00,16.15999984741211,16.15999984741211,16.149999618530273,16.149999618530273,0
2026-09-24 11:48:00+00:00,16.15999984741211,16.200000762939453,16.15999984741211,16.190000534057617,0
2026-09-24 11:49:00+00:00,16.200000762939453,16.209999084472656,16.200000762939453,16.200000762939453,0
2026-09-24 11:50:00+00:00,16.209999084472656,16.209999084472656,16.200000762939453,16.200000762939453,0
2026-09-24 11:51:00+00:00,16.200000762939453,16.219999313354492,16.200000762939453,16.219999313354492,0
2026-09-24 11:52:00+00:00,16.209999084472656,16.209999084472656,16.200000762939453,16.209999084472656,0
2026-09-24 11:53:00+00:00,16.209999084472656,16.219999313354492,16.209999084472656,16.209999084472656,0
2026-09-24 11:54:00+00:00,16.200000762939453,16.200000762939453,16.15999984741211,16.15999984741211,0
2026-09-24 11:55:00+00:00,16.15999984741211,16.15999984741211,16.149999618530273,16.149999618530273,0
2026-09-24 11:56:00+00:00,16.149999618530273,16.170000076293945,16.149999618530273,16.170000076293945,0
2026-09-24 11:57:00+00:00,16.170000076293945,16.170000076293945,16.149999618530273,16.149999618530273,0
2026-09-24 11:58:00+00:00,16.139999389648438,16.139999389648438,16.100000381469727,16.100000381469727,0
2026-09-24 11:59:00+00:00,16.09000015258789,16.09000015258789,16.030000686645508,16.030000686645508,0
2026-09-24 12:00:00+00:00,16.040000915527344,16.06999969482422,16.040000915527344,16.06999969482422,0
2026-09-24 12:01:00+00:00,16.079999923706055,16.1200008392334,16.079999923706055,16.1200008392334,0
2026-09-24 12:02:00+00:00,16.139999389648438,16.139999389648438,16.1200008392334,16.1299991607666,0
2026-09-24 12:03:00+00:00,16.09000015258789,16.1299991607666,16.09000015258789,16.1200008392334,0
2026-09-24 12:04:00+00:00,16.139999389648438,16.139999389648438,16.110000610351562,16.1299991607666,0
2026-09-24 12:05:00+00:00,16.1299991607666,16.1299991607666,16.110000610351562,16.110000610351562,0
2026-09-24 12:06:00+00:00,16.110000610351562,16.1200008392334,16.110000610351562,16.1200008392334,0
2026-09-24 12:07:00+00:00,16.100000381469727,16.100000381469727,16.079999923706055,16.079999923706055,0
2026-09-24 12:08:00+00:00,16.079999923706055,16.079999923706055,16.079999923706055,16.079999923706055,0
2026-09-24 12:09:00+00:00,16.079999923706055,16.09000015258789,16.079999923706055,16.09000015258789,0
2026-09-24 12:10:00+00:00,16.09000015258789,16.09000015258789,16.079999923706055,16.09000015258789,0
2026-09-24 12:11:00+00:00,16.06999969482422,16.06999969482422,16.06999969482422,16.06999969482422,0
2026-09-24 12:12:00+00:00,16.06999969482422,16.06999969482422,16.049999237060547,16.049999237060547,0
2026-09-24 12:13:00+00:00,16.059999465942383,16.059999465942383,16.049999237060547,16.049999237060547,0
2026-09-24 12:14:00+00:00,16.059999465942383,16.059999465942383,16.020000457763672,16.020000457763672,0
2026-09-24 12:15:00+00:00,16.020000457763672,16.020000457763672,16.010000228881836,16.010000228881836,0
2026-09-24 12:16:00+00:00,16.020000457763672,16.020000457763672,15.989999771118164,15.989999771118164,0
2026-09-24 12:17:00+00:00,15.989999771118164,15.989999771118164,15.960000038146973,15.960000038146973,0
2026-09-24 12:18:00+00:00,15.960000038146973,15.970000267028809,15.949999809265137,15.970000267028809,0
2026-09-24 12:19:00+00:00,15.979999542236328,16.0,15.979999542236328,15.979999542236328,0
2026-09-24 12:20:00+00:00,15.989999771118164,15.989999771118164,15.930000305175781,15.9399995803833,0
2026-09-24 12:21:00+00:00,15.949999809265137,15.949999809265137,15.9399995803833,15.9399995803833,0
2026-09-24 12:22:00+00:00,15.949999809265137,15.949999809265137,15.930000305175781,15.930000305175781,0
2026-09-24 12:23:00+00:00,15.9399995803833,15.960000038146973,15.9399995803833,15.949999809265137,0
2026-09-24 12:24:00+00:00,15.949999809265137,15.960000038146973,15.949999809265137,15.949999809265137,0
2026-09-24 12:25:00+00:00,15.930000305175781,15.989999771118164,15.930000305175781,15.989999771118164,0
2026-09-24 12:26:00+00:00,15.970000267028809,16.020000457763672,15.970000267028809,16.020000457763672,0
2026-09-24 12:27:00+00:00,16.010000228881836,16.030000686645508,16.0,16.0,0
2026-09-24 12:28:00+00:00,16.010000228881836,16.010000228881836,16.0,16.0,0
2026-09-24 12:29:00+00:00,15.989999771118164,16.0,15.989999771118164,15.989999771118164,0
2026-09-24 12:30:00+00:00,15.989999771118164,15.989999771118164,15.979999542236328,15.979999542236328,0
2026-09-24 12:31:00+00:00,15.970000267028809,15.989999771118164,15.970000267028809,15.989999771118164,0
2026-09-24 12:32:00+00:00,16.0,16.010000228881836,16.0,16.0,0
2026-09-24 12:33:00+00:00,16.010000228881836,16.049999237060547,16.010000228881836,16.030000686645508,0
2026-09-24 12:34:00+00:00,16.030000686645508,16.049999237060547,16.030000686645508,16.049999237060547,0
2026-09-24 12:35:00+00:00,16.049999237060547,16.059999465942383,16.049999237060547,16.059999465942383,0
2026-09-24 12:36:00+00:00,16.059999465942383,16.06999969482422,16.059999465942383,16.059999465942383,0
2026-09-24 12:37:00+00:00,16.059999465942383,16.06999969482422,16.059999465942383,16.06999969482422,0
2026-09-24 12:38:00+00:00,16.09000015258789,16.100000381469727,16.09000015258789,16.100000381469727,0
2026-09-24 12:39:00+00:00,16.09000015258789,16.09000015258789,16.079999923706055,16.079999923706055,0
2026-09-24 12:40:00+00:00,16.079999923706055,16.079999923706055,16.030000686645508,16.030000686645508,0
2026-09-24 12:41:00+00:00,16.049999237060547,16.049999237060547,16.0,16.0,0
2026-09-24 12:42:00+00:00,15.979999542236328,15.979999542236328,15.9399995803833,15.960000038146973,0
2026-09-24 12:43:00+00:00,15.979999542236328,15.979999542236328,15.960000038146973,15.970000267028809,0
2026-09-24 12:44:00+00:00,15.970000267028809,15.970000267028809,15.960000038146973,15.960000038146973,0
2026-09-24 12:45:00+00:00,15.960000038146973,15.960000038146973,15.9399995803833,15.949999809265137,0
2026-09-24 12:46:00+00:00,15.949999809265137,15.960000038146973,15.949999809265137,15.960000038146973,0
2026-09-24 12:47:00+00:00,15.960000038146973,15.960000038146973,15.960000038146973,15.960000038146973,0
2026-09-24 12:48:00+00:00,15.960000038146973,15.970000267028809,15.960000038146973,15.960000038146973,0
2026-09-24 12:49:00+00:00,15.949999809265137,15.979999542236328,15.949999809265137,15.979999542236328,0
2026-09-24 12:50:00+00:00,15.970000267028809,16.0,15.970000267028809,16.0,0
2026-09-24 12:51:00+00:00,16.0,16.0,15.979999542236328,15.989999771118164,0
2026-09-24 12:52:00+00:00,15.979999542236328,15.979999542236328,15.970000267028809,15.970000267028809,0
2026-09-24 12:53:00+00:00,15.979999542236328,16.020000457763672,15.979999542236328,16.020000457763672,0
2026-09-24 12:54:00+00:00,16.020000457763672,16.020000457763672,15.979999542236328,15.979999542236328,0
2026-09-24 12:55:00+00:00,15.970000267028809,15.970000267028809,15.960000038146973,15.960000038146973,0
2026-09-24 12:56:00+00:00,15.960000038146973,15.979999542236328,15.960000038146973,15.979999542236328,0
2026-09-24 12:57:00+00:00,15.979999542236328,15.979999542236328,15.960000038146973,15.960000038146973,0
2026-09-24 12:58:00+00:00,15.949999809265137,15.960000038146973,15.949999809265137,15.949999809265137,0
2026-09-24 12:59:00+00:00,15.960000038146973,15.970000267028809,15.960000038146973,15.970000267028809,0
2026-09-24 13:00:00+00:00,15.970000267028809,15.970000267028809,15.949999809265137,15.949999809265137,0
2026-09-24 13:01:00+00:00,15.9399995803833,15.9399995803833,15.930000305175781,15.930000305175781,0
2026-09-24 13:02:00+00:00,15.9399995803833,15.9399995803833,15.930000305175781,15.930000305175781,0
2026-09-24 13:03:00+00:00,15.920000076293945,15.9399995803833,15.920000076293945,15.930000305175781,0
2026-09-24 13:04:00+00:00,15.9399995803833,15.949999809265137,15.9399995803833,15.9399995803833,0
2026-09-24 13:05:00+00:00,15.949999809265137,15.979999542236328,15.949999809265137,15.979999542236328,0
2026-09-24 13:06:00+00:00,15.970000267028809,15.970000267028809,15.960000038146973,15.960000038146973,0
2026-09-24 13:07:00+00:00,15.970000267028809,15.970000267028809,15.960000038146973,15.960000038146973,0
2026-09-24 13:08:00+00:00,15.970000267028809,15.979999542236328,15.970000267028809,15.970000267028809,0
2026-09-24 13:09:00+00:00,15.979999542236328,15.979999542236328,15.970000267028809,15.970000267028809,0
2026-09-24 13:10:00+00:00,15.970000267028809,15.970000267028809,15.960000038146973,15.970000267028809,0
2026-09-24 13:11:00+00:00,15.970000267028809,15.970000267028809,15.930000305175781,15.930000305175781,0
2026-09-24 13:12:00+00:00,15.930000305175781,15.930000305175781,15.920000076293945,15.930000305175781,0
2026-09-24 13:13:00+00:00,15.9399995803833,15.9399995803833,15.930000305175781,15.9399995803833,0
2026-09-24 13:14:00+00:00,15.930000305175781,15.9399995803833,15.930000305175781,15.9399995803833,0
2026-09-24 13:15:00+00:00,15.9399995803833,15.9399995803833,15.90999984741211,15.920000076293945,0
2026-09-24 13:16:00+00:00,15.920000076293945,15.920000076293945,15.899999618530273,15.899999618530273,0
2026-09-24 13:17:00+00:00,15.890000343322754,15.890000343322754,15.880000114440918,15.880000114440918,0
2026-09-24 13:18:00+00:00,15.880000114440918,15.880000114440918,15.850000381469727,15.850000381469727,0
2026-09-24 13:19:00+00:00,15.850000381469727,15.859999656677246,15.850000381469727,15.859999656677246,0
2026-09-24 13:20:00+00:00,15.850000381469727,15.850000381469727,15.850000381469727,15.850000381469727,0
2026-09-24 13:21:00+00:00,15.850000381469727,15.869999885559082,15.850000381469727,15.869999885559082,0
2026-09-24 13:22:00+00:00,15.869999885559082,15.880000114440918,15.869999885559082,15.869999885559082,0
2026-09-24 13:23:00+00:00,15.869999885559082,15.880000114440918,15.869999885559082,15.880000114440918,0
2026-09-24 13:24:00+00:00,15.869999885559082,15.869999885559082,15.869999885559082,15.869999885559082,0
2026-09-24 13:25:00+00:00,15.869999885559082,15.869999885559082,15.869999885559082,15.869999885559082,0
2026-09-24 13:31:00+00:00,15.869999885559082,15.899999618530273,15.869999885559082,15.869999885559082,0
2026-09-24 13:32:00+00:00,15.84000015258789,15.850000381469727,15.819999694824219,15.819999694824219,0
2026-09-24 13:33:00+00:00,15.829999923706055,15.829999923706055,15.779999732971191,15.800000190734863,0
2026-09-24 13:34:00+00:00,15.800000190734863,15.819999694824219,15.800000190734863,15.8100004196167,0
2026-09-24 13:35:00+00:00,15.779999732971191,15.779999732971191,15.729999542236328,15.75,0
2026-09-24 13:36:00+00:00,15.760000228881836,15.760000228881836,15.699999809265137,15.699999809265137,0
2026-09-24 13:37:00+00:00,15.699999809265137,15.779999732971191,15.699999809265137,15.779999732971191,0
2026-09-24 13:38:00+00:00,15.779999732971191,15.779999732971191,15.729999542236328,15.729999542236328,0
2026-09-24 13:39:00+00:00,15.720000267028809,15.729999542236328,15.720000267028809,15.729999542236328,0
2026-09-24 13:40:00+00:00,15.710000038146973,15.720000267028809,15.699999809265137,15.710000038146973,0
2026-09-24 13:41:00+00:00,15.729999542236328,15.75,15.720000267028809,15.75,0
2026-09-24 13:42:00+00:00,15.760000228881836,15.760000228881836,15.739999771118164,15.75,0
2026-09-24 13:43:00+00:00,15.770000457763672,15.779999732971191,15.770000457763672,15.770000457763672,0
2026-09-24 13:44:00+00:00,15.75,15.75,15.739999771118164,15.75,0
2026-09-24 13:45:00+00:00,15.729999542236328,15.739999771118164,15.710000038146973,15.710000038146973,0
2026-09-24 13:46:00+00:00,15.720000267028809,15.720000267028809,15.699999809265137,15.699999809265137,0
2026-09-24 13:47:00+00:00,15.6899995803833,15.6899995803833,15.670000076293945,15.670000076293945,0
2026-09-24 13:48:00+00:00,15.670000076293945,15.710000038146973,15.670000076293945,15.710000038146973,0
2026-09-24 13:49:00+00:00,15.739999771118164,15.760000228881836,15.739999771118164,15.760000228881836,0
2026-09-24 13:50:00+00:00,15.75,15.75,15.720000267028809,15.720000267028809,0
2026-09-24 13:51:00+00:00,15.720000267028809,15.729999542236328,15.710000038146973,15.729999542236328,0
2026-09-24 13:52:00+00:00,15.729999542236328,15.729999542236328,15.6899995803833,15.6899995803833,0
2026-09-24 13:53:00+00:00,15.6899995803833,15.710000038146973,15.6899995803833,15.699999809265137,0
2026-09-24 13:54:00+00:00,15.710000038146973,15.729999542236328,15.699999809265137,15.729999542236328,0
2026-09-24 13:55:00+00:00,15.720000267028809,15.720000267028809,15.699999809265137,15.720000267028809,0
2026-09-24 13:56:00+00:00,15.729999542236328,15.760000228881836,15.729999542236328,15.760000228881836,0
2026-09-24 13:57:00+00:00,15.739999771118164,15.739999771118164,15.710000038146973,15.710000038146973,0
2026-09-24 13:58:00+00:00,15.699999809265137,15.699999809265137,15.699999809265137,15.699999809265137,0
2026-09-24 13:59:00+00:00,15.680000305175781,15.6899995803833,15.680000305175781,15.6899995803833,0
2026-09-24 14:00:00+00:00,15.680000305175781,15.6899995803833,15.649999618530273,15.649999618530273,0
2026-09-24 14:01:00+00:00,15.65999984741211,15.699999809265137,15.65999984741211,15.699999809265137,0
2026-09-24 14:02:00+00:00,15.699999809265137,15.699999809265137,15.670000076293945,15.670000076293945,0
2026-09-24 14:03:00+00:00,15.670000076293945,15.670000076293945,15.65999984741211,15.65999984741211,0
2026-09-24 14:04:00+00:00,15.649999618530273,15.65999984741211,15.649999618530273,15.65999984741211,0
2026-09-24 14:05:00+00:00,15.649999618530273,15.649999618530273,15.630000114440918,15.630000114440918,0
2026-09-24 14:06:00+00:00,15.609999656677246,15.609999656677246,15.600000381469727,15.600000381469727,0
2026-09-24 14:07:00+00:00,15.600000381469727,15.600000381469727,15.569999694824219,15.569999694824219,0
2026-09-24 14:08:00+00:00,15.569999694824219,15.569999694824219,15.5600004196167,15.5600004196167,0
2026-09-24 14:09:00+00:00,15.550000190734863,15.569999694824219,15.550000190734863,15.569999694824219,0
2026-09-24 14:10:00+00:00,15.579999923706055,15.619999885559082,15.579999923706055,15.619999885559082,0
2026-09-24 14:11:00+00:00,15.619999885559082,15.640000343322754,15.619999885559082,15.640000343322754,0
2026-09-24 14:12:00+00:00,15.640000343322754,15.649999618530273,15.640000343322754,15.649999618530273,0
2026-09-24 14:13:00+00:00,15.649999618530273,15.649999618530273,15.630000114440918,15.630000114440918,0
2026-09-24 14:14:00+00:00,15.630000114440918,15.630000114440918,15.609999656677246,15.609999656677246,0
2026-09-24 14:15:00+00:00,15.609999656677246,15.640000343322754,15.609999656677246,15.640000343322754,0
2026-09-24 14:16:00+00:00,15.670000076293945,15.680000305175781,15.670000076293945,15.680000305175781,0
2026-09-24 14:17:00+00:00,15.670000076293945,15.6899995803833,15.670000076293945,15.680000305175781,0
2026-09-24 14:18:00+00:00,15.649999618530273,15.649999618530273,15.619999885559082,15.619999885559082,0
2026-09-24 14:19:00+00:00,15.619999885559082,15.630000114440918,15.619999885559082,15.630000114440918,0
2026-09-24 14:20:00+00:00,15.630000114440918,15.649999618530273,15.630000114440918,15.649999618530273,0
2026-09-24 14:21:00+00:00,15.640000343322754,15.640000343322754,15.630000114440918,15.640000343322754,0
2026-09-24 14:22:00+00:00,15.65999984741211,15.65999984741211,15.649999618530273,15.649999618530273,0
2026-09-24 14:23:00+00:00,15.649999618530273,15.649999618530273,15.600000381469727,15.600000381469727,0
2026-09-24 14:24:00+00:00,15.579999923706055,15.600000381469727,15.579999923706055,15.600000381469727,0
2026-09-24 14:25:00+00:00,15.609999656677246,15.630000114440918,15.600000381469727,15.630000114440918,0
2026-09-24 14:26:00+00:00,15.609999656677246,15.609999656677246,15.609999656677246,15.609999656677246,0
2026-09-24 14:27:00+00:00,15.609999656677246,15.619999885559082,15.609999656677246,15.609999656677246,0
2026-09-24 14:28:00+00:00,15.600000381469727,15.619999885559082,15.600000381469727,15.619999885559082,0
2026-09-24 14:29:00+00:00,15.619999885559082,15.630000114440918,15.619999885559082,15.630000114440918,0
2026-09-24 14:30:00+00:00,15.630000114440918,15.680000305175781,15.630000114440918,15.680000305175781,0
2026-09-24 14:31:00+00:00,15.6899995803833,15.699999809265137,15.680000305175781,15.699999809265137,0
2026-09-24 14:32:00+00:00,15.699999809265137,15.710000038146973,15.699999809265137,15.710000038146973,0
2026-09-24 14:33:00+00:00,15.720000267028809,15.720000267028809,15.720000267028809,15.720000267028809,0
2026-09-24 14:34:00+00:00,15.699999809265137,15.699999809265137,15.6899995803833,15.6899995803833,0
2026-09-24 14:35:00+00:00,15.670000076293945,15.680000305175781,15.670000076293945,15.680000305175781,0
2026-09-24 14:36:00+00:00,15.649999618530273,15.680000305175781,15.649999618530273,15.680000305175781,0
2026-09-24 14:37:00+00:00,15.670000076293945,15.670000076293945,15.649999618530273,15.649999618530273,0
2026-09-24 14:38:00+00:00,15.649999618530273,15.670000076293945,15.649999618530273,15.65999984741211,0
2026-09-24 14:39:00+00:00,15.65999984741211,15.680000305175781,15.65999984741211,15.680000305175781,0
2026-09-24 14:40:00+00:00,15.680000305175781,15.680000305175781,15.65999984741211,15.680000305175781,0
2026-09-24 14:41:00+00:00,15.680000305175781,15.699999809265137,15.680000305175781,15.699999809265137,0
2026-09-24 14:42:00+00:00,15.710000038146973,15.710000038146973,15.6899995803833,15.6899995803833,0
2026-09-24 14:43:00+00:00,15.720000267028809,15.75,15.720000267028809,15.75,0
2026-09-24 14:44:00+00:00,15.75,15.779999732971191,15.75,15.779999732971191,0
2026-09-24 14:45:00+00:00,15.779999732971191,15.8100004196167,15.779999732971191,15.8100004196167,0
2026-09-24 14:46:00+00:00,15.819999694824219,15.850000381469727,15.819999694824219,15.829999923706055,0
2026-09-24 14:47:00+00:00,15.829999923706055,15.829999923706055,15.770000457763672,15.770000457763672,0
2026-09-24 14:48:00+00:00,15.760000228881836,15.779999732971191,15.760000228881836,15.760000228881836,0
2026-09-24 14:49:00+00:00,15.779999732971191,15.779999732971191,15.770000457763672,15.770000457763672,0
2026-09-24 14:50:00+00:00,15.770000457763672,15.770000457763672,15.739999771118164,15.760000228881836,0
2026-09-24 14:51:00+00:00,15.770000457763672,15.789999961853027,15.770000457763672,15.779999732971191,0
2026-09-24 14:52:00+00:00,15.779999732971191,15.800000190734863,15.779999732971191,15.800000190734863,0
2026-09-24 14:53:00+00:00,15.8100004196167,15.850000381469727,15.8100004196167,15.829999923706055,0
2026-09-24 14:54:00+00:00,15.84000015258789,15.859999656677246,15.84000015258789,15.859999656677246,0
2026-09-24 14:55:00+00:00,15.859999656677246,15.890000343322754,15.859999656677246,15.890000343322754,0
2026-09-24 14:56:00+00:00,15.890000343322754,15.90999984741211,15.890000343322754,15.90999984741211,0
2026-09-24 14:57:00+00:00,15.899999618530273,15.9399995803833,15.899999618530273,15.9399995803833,0
2026-09-24 14:58:00+00:00,15.9399995803833,15.989999771118164,15.9399995803833,15.989999771118164,0
2026-09-24 14:59:00+00:00,15.989999771118164,16.010000228881836,15.989999771118164,15.989999771118164,0
2026-09-24 15:00:00+00:00,15.979999542236328,16.0,15.979999542236328,16.0,0
2026-09-24 15:01:00+00:00,16.010000228881836,16.010000228881836,15.989999771118164,15.989999771118164,0
2026-09-24 15:02:00+00:00,16.0,16.0,15.979999542236328,15.979999542236328,0
2026-09-24 15:03:00+00:00,15.989999771118164,16.0,15.960000038146973,15.960000038146973,0
2026-09-24 15:04:00+00:00,15.960000038146973,15.989999771118164,15.9399995803833,15.989999771118164,0
2026-09-24 15:05:00+00:00,16.0,16.030000686645508,16.0,16.020000457763672,0
2026-09-24 15:06:00+00:00,16.030000686645508,16.030000686645508,16.010000228881836,16.030000686645508,0
2026-09-24 15:07:00+00:00,16.030000686645508,16.049999237060547,16.030000686645508,16.049999237060547,0
2026-09-24 15:08:00+00:00,16.059999465942383,16.059999465942383,16.040000915527344,16.040000915527344,0
2026-09-24 15:09:00+00:00,16.040000915527344,16.049999237060547,16.040000915527344,16.040000915527344,0
2026-09-24 15:10:00+00:00,16.049999237060547,16.049999237060547,16.040000915527344,16.040000915527344,0
2026-09-24 15:11:00+00:00,16.059999465942383,16.079999923706055,16.059999465942383,16.079999923706055,0
2026-09-24 15:12:00+00:00,16.079999923706055,16.100000381469727,16.079999923706055,16.100000381469727,0
2026-09-24 15:13:00+00:00,16.1299991607666,16.200000762939453,16.1299991607666,16.18000030517578,0
2026-09-24 15:14:00+00:00,16.200000762939453,16.25,16.200000762939453,16.25,0
2026-09-24 15:15:00+00:00,16.260000228881836,16.260000228881836,16.229999542236328,16.229999542236328,0
2026-09-24 15:16:00+00:00,16.219999313354492,16.219999313354492,16.1299991607666,16.1299991607666,0
2026-09-24 15:17:00+00:00,16.110000610351562,16.110000610351562,16.09000015258789,16.110000610351562,0
2026-09-24 15:18:00+00:00,16.110000610351562,16.149999618530273,16.110000610351562,16.149999618530273,0
2026-09-24 15:19:00+00:00,16.1299991607666,16.149999618530273,16.1299991607666,16.149999618530273,0
2026-09-24 15:20:00+00:00,16.139999389648438,16.15999984741211,16.139999389648438,16.15999984741211,0
2026-09-24 15:21:00+00:00,16.15999984741211,16.15999984741211,16.1299991607666,16.1299991607666,0
2026-09-24 15:22:00+00:00,16.1299991607666,16.1299991607666,16.1200008392334,16.1299991607666,0
2026-09-24 15:23:00+00:00,16.1200008392334,16.1200008392334,16.040000915527344,16.040000915527344,0
2026-09-24 15:24:00+00:00,16.030000686645508,16.030000686645508,15.9399995803833,15.9399995803833,0
2026-09-24 15:25:00+00:00,15.9399995803833,16.020000457763672,15.9399995803833,16.020000457763672,0
2026-09-24 15:26:00+00:00,16.040000915527344,16.079999923706055,16.030000686645508,16.079999923706055,0
2026-09-24 15:27:00+00:00,16.09000015258789,16.1200008392334,16.09000015258789,16.110000610351562,0
2026-09-24 15:28:00+00:00,16.110000610351562,16.1200008392334,16.100000381469727,16.1200008392334,0
2026-09-24 15:29:00+00:00,16.139999389648438,16.149999618530273,16.139999389648438,16.149999618530273,0
2026-09-24 15:30:00+00:00,16.149999618530273,16.15999984741211,16.149999618530273,16.15999984741211,0
2026-09-24 15:31:00+00:00,16.170000076293945,16.190000534057617,16.170000076293945,16.190000534057617,0
2026-09-24 15:32:00+00:00,16.18000030517578,16.219999313354492,16.18000030517578,16.200000762939453,0
2026-09-24 15:33:00+00:00,16.200000762939453,16.209999084472656,16.190000534057617,16.209999084472656,0
2026-09-24 15:34:00+00:00,16.209999084472656,16.209999084472656,16.190000534057617,16.200000762939453,0
2026-09-24 15:35:00+00:00,16.219999313354492,16.219999313354492,16.200000762939453,16.200000762939453,0
2026-09-24 15:36:00+00:00,16.190000534057617,16.190000534057617,16.18000030517578,16.18000030517578,0
2026-09-24 15:37:00+00:00,16.18000030517578,16.200000762939453,16.170000076293945,16.190000534057617,0
2026-09-24 15:38:00+00:00,16.190000534057617,16.200000762939453,16.18000030517578,16.200000762939453,0
2026-09-24 15:39:00+00:00,16.25,16.309999465942383,16.25,16.309999465942383,0
2026-09-24 15:40:00+00:00,16.280000686645508,16.309999465942383,16.280000686645508,16.309999465942383,0
2026-09-24 15:41:00+00:00,16.31999969482422,16.31999969482422,16.299999237060547,16.309999465942383,0
2026-09-24 15:42:00+00:00,16.309999465942383,16.309999465942383,16.280000686645508,16.290000915527344,0
2026-09-24 15:43:00+00:00,16.280000686645508,16.280000686645508,16.260000228881836,16.260000228881836,0
2026-09-24 15:44:00+00:00,16.25,16.25,16.149999618530273,16.149999618530273,0
2026-09-24 15:45:00+00:00,16.15999984741211,16.15999984741211,16.1200008392334,16.1200008392334,0
2026-09-24 15:46:00+00:00,16.1200008392334,16.15999984741211,16.1200008392334,16.15999984741211,0
2026-09-24 15:47:00+00:00,16.149999618530273,16.149999618530273,16.1299991607666,16.139999389648438,0
2026-09-24 15:48:00+00:00,16.15999984741211,16.190000534057617,16.15999984741211,16.190000534057617,0
2026-09-24 15:49:00+00:00,16.209999084472656,16.25,16.209999084472656,16.239999771118164,0
2026-09-24 15:50:00+00:00,16.239999771118164,16.239999771118164,16.170000076293945,16.170000076293945,0
2026-09-24 15:51:00+00:00,16.15999984741211,16.15999984741211,16.100000381469727,16.100000381469727,0
2026-09-24 15:52:00+00:00,16.09000015258789,16.09000015258789,16.06999969482422,16.06999969482422,0
2026-09-24 15:53:00+00:00,16.06999969482422,16.06999969482422,16.040000915527344,16.040000915527344,0
2026-09-24 15:54:00+00:00,16.049999237060547,16.059999465942383,16.049999237060547,16.049999237060547,0
2026-09-24 15:55:00+00:00,16.030000686645508,16.040000915527344,16.030000686645508,16.040000915527344,0
2026-09-24 15:56:00+00:00,16.049999237060547,16.06999969482422,16.049999237060547,16.049999237060547,0
2026-09-24 15:57:00+00:00,16.040000915527344,16.040000915527344,16.040000915527344,16.040000915527344,0
2026-09-24 15:58:00+00:00,16.030000686645508,16.030000686645508,16.020000457763672,16.020000457763672,0
2026-09-24 15:59:00+00:00,16.010000228881836,16.020000457763672,16.010000228881836,16.020000457763672,0
2026-09-24 16:00:00+00:00,16.030000686645508,16.110000610351562,16.030000686645508,16.110000610351562,0
2026-09-24 16:01:00+00:00,16.1200008392334,16.149999618530273,16.1200008392334,16.139999389648438,0
2026-09-24 16:02:00+00:00,16.1299991607666,16.1299991607666,16.110000610351562,16.110000610351562,0
2026-09-24 16:03:00+00:00,16.1200008392334,16.139999389648438,16.1200008392334,16.1200008392334,0
2026-09-24 16:04:00+00:00,16.110000610351562,16.1200008392334,16.110000610351562,16.110000610351562,0
2026-09-24 16:05:00+00:00,16.09000015258789,16.100000381469727,16.079999923706055,16.079999923706055,0
2026-09-24 16:06:00+00:00,16.079999923706055,16.110000610351562,16.079999923706055,16.110000610351562,0
2026-09-24 16:07:00+00:00,16.110000610351562,16.149999618530273,16.110000610351562,16.149999618530273,0
2026-09-24 16:08:00+00:00,16.149999618530273,16.149999618530273,16.149999618530273,16.149999618530273,0
2026-09-24 16:09:00+00:00,16.149999618530273,16.149999618530273,16.149999618530273,16.149999618530273,0
2026-09-24 16:10:00+00:00,16.149999618530273,16.149999618530273,16.1299991607666,16.139999389648438,0
2026-09-24 16:11:00+00:00,16.149999618530273,16.18000030517578,16.149999618530273,16.18000030517578,0
2026-09-24 16:12:00+00:00,16.190000534057617,16.190000534057617,16.18000030517578,16.190000534057617,0
2026-09-24 16:13:00+00:00,16.200000762939453,16.200000762939453,16.18000030517578,16.18000030517578,0
2026-09-24 16:14:00+00:00,16.15999984741211,16.15999984741211,16.1299991607666,16.139999389648438,0
2026-09-24 16:15:00+00:00,16.100000381469727,16.100000381469727,15.899999618530273,15.899999618530273,0
2026-09-24 16:16:00+00:00,15.779999732971191,15.779999732971191,15.649999618530273,15.649999618530273,0
2026-09-24 16:17:00+00:00,15.649999618530273,15.649999618530273,15.550000190734863,15.550000190734863,0
2026-09-24 16:18:00+00:00,15.529999732971191,15.529999732971191,15.5,15.5,0
2026-09-24 16:19:00+00:00,15.550000190734863,15.640000343322754,15.550000190734863,15.640000343322754,0
2026-09-24 16:20:00+00:00,15.649999618530273,15.649999618530273,15.600000381469727,15.630000114440918,0
2026-09-24 16:21:00+00:00,15.640000343322754,15.649999618530273,15.640000343322754,15.649999618530273,0
2026-09-24 16:22:00+00:00,15.670000076293945,15.670000076293945,15.65999984741211,15.65999984741211,0
2026-09-24 16:23:00+00:00,15.640000343322754,15.680000305175781,15.640000343322754,15.680000305175781,0
2026-09-24 16:24:00+00:00,15.680000305175781,15.710000038146973,15.649999618530273,15.649999618530273,0
2026-09-24 16:25:00+00:00,15.649999618530273,15.699999809265137,15.649999618530273,15.699999809265137,0
2026-09-24 16:26:00+00:00,15.710000038146973,15.710000038146973,15.699999809265137,15.699999809265137,0
2026-09-24 16:27:00+00:00,15.699999809265137,15.699999809265137,15.619999885559082,15.619999885559082,0
2026-09-24 16:28:00+00:00,15.630000114440918,15.630000114440918,15.630000114440918,15.630000114440918,0
2026-09-24 16:29:00+00:00,15.619999885559082,15.649999618530273,15.619999885559082,15.649999618530273,0
2026-09-24 16:30:00+00:00,15.649999618530273,15.649999618530273,15.649999618530273,15.649999618530273,0
2026-09-24 16:31:00+00:00,15.619999885559082,15.630000114440918,15.619999885559082,15.630000114440918,0
2026-09-24 16:32:00+00:00,15.649999618530273,15.6899995803833,15.649999618530273,15.680000305175781,0
2026-09-24 16:33:00+00:00,15.680000305175781,15.680000305175781,15.65999984741211,15.65999984741211,0
2026-09-24 16:34:00+00:00,15.65999984741211,15.65999984741211,15.649999618530273,15.65999984741211,0
2026-09-24 16:35:00+00:00,15.649999618530273,15.670000076293945,15.630000114440918,15.630000114440918,0
2026-09-24 16:36:00+00:00,15.630000114440918,15.630000114440918,15.600000381469727,15.600000381469727,0
2026-09-24 16:37:00+00:00,15.59000015258789,15.59000015258789,15.569999694824219,15.569999694824219,0
2026-09-24 16:38:00+00:00,15.59000015258789,15.59000015258789,15.579999923706055,15.579999923706055,0
2026-09-24 16:39:00+00:00,15.569999694824219,15.569999694824219,15.539999961853027,15.539999961853027,0
2026-09-24 16:40:00+00:00,15.529999732971191,15.539999961853027,15.5,15.5,0
2026-09-24 16:41:00+00:00,15.489999771118164,15.489999771118164,15.460000038146973,15.460000038146973,0
2026-09-24 16:42:00+00:00,15.460000038146973,15.460000038146973,15.4399995803833,15.4399995803833,0
2026-09-24 16:43:00+00:00,15.430000305175781,15.4399995803833,15.430000305175781,15.4399995803833,0
2026-09-24 16:44:00+00:00,15.4399995803833,15.470000267028809,15.4399995803833,15.460000038146973,0
2026-09-24 16:45:00+00:00,15.479999542236328,15.510000228881836,15.479999542236328,15.510000228881836,0
2026-09-24 16:46:00+00:00,15.520000457763672,15.520000457763672,15.5,15.510000228881836,0
2026-09-24 16:47:00+00:00,15.489999771118164,15.510000228881836,15.489999771118164,15.489999771118164,0
2026-09-24 16:48:00+00:00,15.5,15.5,15.4399995803833,15.4399995803833,0
2026-09-24 16:49:00+00:00,15.430000305175781,15.4399995803833,15.40999984741211,15.40999984741211,0
2026-09-24 16:50:00+00:00,15.40999984741211,15.430000305175781,15.40999984741211,15.430000305175781,0
2026-09-24 16:51:00+00:00,15.449999809265137,15.449999809265137,15.40999984741211,15.40999984741211,0
2026-09-24 16:52:00+00:00,15.40999984741211,15.430000305175781,15.399999618530273,15.430000305175781,0
2026-09-24 16:53:00+00:00,15.449999809265137,15.449999809265137,15.4399995803833,15.449999809265137,0
2026-09-24 16:54:00+00:00,15.449999809265137,15.449999809265137,15.4399995803833,15.449999809265137,0
2026-09-24 16:55:00+00:00,15.449999809265137,15.449999809265137,15.40999984741211,15.40999984741211,0
2026-09-24 16:56:00+00:00,15.40999984741211,15.40999984741211,15.369999885559082,15.369999885559082,0
2026-09-24 16:57:00+00:00,15.350000381469727,15.350000381469727,15.34000015258789,15.350000381469727,0
2026-09-24 16:58:00+00:00,15.369999885559082,15.390000343322754,15.359999656677246,15.390000343322754,0
2026-09-24 16:59:00+00:00,15.390000343322754,15.40999984741211,15.390000343322754,15.40999984741211,0
2026-09-24 17:00:00+00:00,15.430000305175781,15.470000267028809,15.430000305175781,15.470000267028809,0
2026-09-24 17:01:00+00:00,15.470000267028809,15.470000267028809,15.449999809265137,15.449999809265137,0
2026-09-24 17:02:00+00:00,15.470000267028809,15.5,15.470000267028809,15.489999771118164,0
2026-09-24 17:03:00+00:00,15.470000267028809,15.470000267028809,15.390000343322754,15.390000343322754,0
2026-09-24 17:04:00+00:00,15.40999984741211,15.449999809265137,15.40999984741211,15.449999809265137,0
2026-09-24 17:05:00+00:00,15.420000076293945,15.420000076293945,15.390000343322754,15.420000076293945,0
2026-09-24 17:06:00+00:00,15.420000076293945,15.420000076293945,15.380000114440918,15.380000114440918,0
2026-09-24 17:07:00+00:00,15.380000114440918,15.380000114440918,15.359999656677246,15.359999656677246,0
2026-09-24 17:08:00+00:00,15.390000343322754,15.390000343322754,15.369999885559082,15.369999885559082,0
2026-09-24 17:09:00+00:00,15.359999656677246,15.380000114440918,15.359999656677246,15.380000114440918,0
2026-09-24 17:10:00+00:00,15.390000343322754,15.479999542236328,15.390000343322754,15.479999542236328,0
2026-09-24 17:11:00+00:00,15.470000267028809,15.489999771118164,15.470000267028809,15.479999542236328,0
2026-09-24 17:12:00+00:00,15.470000267028809,15.470000267028809,15.470000267028809,15.470000267028809,0
2026-09-24 17:13:00+00:00,15.470000267028809,15.479999542236328,15.449999809265137,15.449999809265137,0
2026-09-24 17:14:00+00:00,15.430000305175781,15.430000305175781,15.40999984741211,15.40999984741211,0
2026-09-24 17:15:00+00:00,15.420000076293945,15.479999542236328,15.420000076293945,15.470000267028809,0
2026-09-24 17:16:00+00:00,15.470000267028809,15.470000267028809,15.449999809265137,15.449999809265137,0
2026-09-24 17:17:00+00:00,15.470000267028809,15.470000267028809,15.4399995803833,15.449999809265137,0
2026-09-24 17:18:00+00:00,15.479999542236328,15.479999542236328,15.460000038146973,15.460000038146973,0
2026-09-24 17:19:00+00:00,15.470000267028809,15.5600004196167,15.470000267028809,15.5600004196167,0
2026-09-24 17:20:00+00:00,15.59000015258789,15.619999885559082,15.59000015258789,15.619999885559082,0
2026-09-24 17:21:00+00:00,15.619999885559082,15.619999885559082,15.600000381469727,15.600000381469727,0
2026-09-24 17:22:00+00:00,15.600000381469727,15.600000381469727,15.5600004196167,15.569999694824219,0
2026-09-24 17:23:00+00:00,15.5600004196167,15.569999694824219,15.5600004196167,15.5600004196167,0
2026-09-24 17:24:00+00:00,15.569999694824219,15.600000381469727,15.550000190734863,15.600000381469727,0
2026-09-24 17:25:00+00:00,15.609999656677246,15.640000343322754,15.609999656677246,15.640000343322754,0
2026-09-24 17:26:00+00:00,15.65999984741211,15.739999771118164,15.65999984741211,15.739999771118164,0
2026-09-24 17:27:00+00:00,15.760000228881836,15.760000228881836,15.739999771118164,15.75,0
2026-09-24 17:28:00+00:00,15.75,15.75,15.699999809265137,15.699999809265137,0
2026-09-24 17:29:00+00:00,15.6899995803833,15.6899995803833,15.6899995803833,15.6899995803833,0
2026-09-24 17:30:00+00:00,15.680000305175781,15.680000305175781,15.649999618530273,15.649999618530273,0
2026-09-24 17:31:00+00:00,15.640000343322754,15.640000343322754,15.619999885559082,15.619999885559082,0
2026-09-24 17:32:00+00:00,15.619999885559082,15.640000343322754,15.619999885559082,15.640000343322754,0
2026-09-24 17:33:00+00:00,15.640000343322754,15.65999984741211,15.640000343322754,15.65999984741211,0
2026-09-24 17:34:00+00:00,15.65999984741211,15.680000305175781,15.65999984741211,15.680000305175781,0
2026-09-24 17:35:00+00:00,15.699999809265137,15.720000267028809,15.699999809265137,15.720000267028809,0
2026-09-24 17:36:00+00:00,15.729999542236328,15.729999542236328,15.710000038146973,15.720000267028809,0
2026-09-24 17:37:00+00:00,15.729999542236328,15.75,15.729999542236328,15.75,0
2026-09-24 17:38:00+00:00,15.75,15.760000228881836,15.739999771118164,15.760000228881836,0
2026-09-24 17:39:00+00:00,15.75,15.75,15.720000267028809,15.729999542236328,0
2026-09-24 17:40:00+00:00,15.729999542236328,15.729999542236328,15.710000038146973,15.710000038146973,0
2026-09-24 17:41:00+00:00,15.710000038146973,15.710000038146973,15.710000038146973,15.710000038146973,0
2026-09-24 17:42:00+00:00,15.720000267028809,15.720000267028809,15.699999809265137,15.699999809265137,0
2026-09-24 17:43:00+00:00,15.720000267028809,15.8100004196167,15.720000267028809,15.8100004196167,0
2026-09-24 17:44:00+00:00,15.8100004196167,15.819999694824219,15.8100004196167,15.8100004196167,0
2026-09-24 17:45:00+00:00,15.819999694824219,15.84000015258789,15.8100004196167,15.8100004196167,0
2026-09-24 17:46:00+00:00,15.789999961853027,15.789999961853027,15.770000457763672,15.779999732971191,0
2026-09-24 17:47:00+00:00,15.770000457763672,15.770000457763672,15.760000228881836,15.760000228881836,0
2026-09-24 17:48:00+00:00,15.739999771118164,15.770000457763672,15.739999771118164,15.760000228881836,0
2026-09-24 17:49:00+00:00,15.770000457763672,15.770000457763672,15.75,15.75,0
2026-09-24 17:50:00+00:00,15.760000228881836,15.760000228881836,15.739999771118164,15.75,0
2026-09-24 17:51:00+00:00,15.760000228881836,15.760000228881836,15.760000228881836,15.760000228881836,0
2026-09-24 17:52:00+00:00,15.770000457763672,15.770000457763672,15.760000228881836,15.770000457763672,0
2026-09-24 17:53:00+00:00,15.779999732971191,15.789999961853027,15.779999732971191,15.779999732971191,0
2026-09-24 17:54:00+00:00,15.779999732971191,15.789999961853027,15.779999732971191,15.789999961853027,0
2026-09-24 17:55:00+00:00,15.789999961853027,15.789999961853027,15.770000457763672,15.770000457763672,0
2026-09-24 17:56:00+00:00,15.789999961853027,15.789999961853027,15.729999542236328,15.729999542236328,0
2026-09-24 17:57:00+00:00,15.729999542236328,15.770000457763672,15.729999542236328,15.75,0
2026-09-24 17:58:00+00:00,15.739999771118164,15.770000457763672,15.739999771118164,15.75,0
2026-09-24 17:59:00+00:00,15.739999771118164,15.739999771118164,15.720000267028809,15.720000267028809,0
2026-09-24 18:00:00+00:00,15.720000267028809,15.75,15.720000267028809,15.729999542236328,0
2026-09-24 18:01:00+00:00,15.75,15.84000015258789,15.75,15.84000015258789,0
2026-09-24 18:02:00+00:00,15.84000015258789,15.880000114440918,15.84000015258789,15.880000114440918,0
2026-09-24 18:03:00+00:00,15.890000343322754,15.960000038146973,15.890000343322754,15.960000038146973,0
2026-09-24 18:04:00+00:00,15.949999809265137,15.949999809265137,15.930000305175781,15.949999809265137,0
2026-09-24 18:05:00+00:00,15.960000038146973,15.960000038146973,15.949999809265137,15.949999809265137,0
2026-09-24 18:06:00+00:00,15.9399995803833,15.9399995803833,15.880000114440918,15.880000114440918,0
2026-09-24 18:07:00+00:00,15.880000114440918,15.880000114440918,15.819999694824219,15.819999694824219,0
2026-09-24 18:08:00+00:00,15.84000015258789,15.84000015258789,15.729999542236328,15.729999542236328,0
2026-09-24 18:09:00+00:00,15.739999771118164,15.739999771118164,15.720000267028809,15.729999542236328,0
2026-09-24 18:10:00+00:00,15.729999542236328,15.75,15.710000038146973,15.75,0
2026-09-24 18:11:00+00:00,15.739999771118164,15.739999771118164,15.6899995803833,15.699999809265137,0
2026-09-24 18:12:00+00:00,15.720000267028809,15.729999542236328,15.720000267028809,15.729999542236328,0
2026-09-24 18:13:00+00:00,15.729999542236328,15.729999542236328,15.720000267028809,15.720000267028809,0
2026-09-24 18:14:00+00:00,15.710000038146973,15.710000038146973,15.699999809265137,15.699999809265137,0
2026-09-24 18:15:00+00:00,15.680000305175781,15.6899995803833,15.680000305175781,15.6899995803833,0
2026-09-24 18:16:00+00:00,15.670000076293945,15.670000076293945,15.609999656677246,15.630000114440918,0
2026-09-24 18:17:00+00:00,15.619999885559082,15.630000114440918,15.619999885559082,15.630000114440918,0
2026-09-24 18:18:00+00:00,15.609999656677246,15.609999656677246,15.579999923706055,15.600000381469727,0
2026-09-24 18:19:00+00:00,15.609999656677246,15.619999885559082,15.609999656677246,15.609999656677246,0
2026-09-24 18:20:00+00:00,15.600000381469727,15.65999984741211,15.600000381469727,15.65999984741211,0
2026-09-24 18:21:00+00:00,15.65999984741211,15.65999984741211,15.649999618530273,15.649999618530273,0
2026-09-24 18:22:00+00:00,15.649999618530273,15.649999618530273,15.640000343322754,15.640000343322754,0
2026-09-24 18:23:00+00:00,15.649999618530273,15.649999618530273,15.619999885559082,15.619999885559082,0
2026-09-24 18:24:00+00:00,15.619999885559082,15.630000114440918,15.619999885559082,15.630000114440918,0
2026-09-24 18:25:00+00:00,15.619999885559082,15.619999885559082,15.5600004196167,15.569999694824219,0
2026-09-24 18:26:00+00:00,15.579999923706055,15.579999923706055,15.529999732971191,15.539999961853027,0
2026-09-24 18:27:00+00:00,15.539999961853027,15.550000190734863,15.539999961853027,15.550000190734863,0
2026-09-24 18:28:00+00:00,15.5600004196167,15.5600004196167,15.539999961853027,15.5600004196167,0
2026-09-24 18:29:00+00:00,15.5600004196167,15.569999694824219,15.5600004196167,15.569999694824219,0
2026-09-24 18:30:00+00:00,15.579999923706055,15.579999923706055,15.569999694824219,15.569999694824219,0
2026-09-24 18:31:00+00:00,15.569999694824219,15.600000381469727,15.569999694824219,15.59000015258789,0
2026-09-24 18:32:00+00:00,15.579999923706055,15.600000381469727,15.579999923706055,15.600000381469727,0
2026-09-24 18:33:00+00:00,15.619999885559082,15.619999885559082,15.600000381469727,15.600000381469727,0
2026-09-24 18:34:00+00:00,15.609999656677246,15.619999885559082,15.609999656677246,15.619999885559082,0
2026-09-24 18:35:00+00:00,15.619999885559082,15.640000343322754,15.619999885559082,15.640000343322754,0
2026-09-24 18:36:00+00:00,15.65999984741211,15.65999984741211,15.649999618530273,15.649999618530273,0
2026-09-24 18:37:00+00:00,15.65999984741211,15.65999984741211,15.649999618530273,15.649999618530273,0
2026-09-24 18:38:00+00:00,15.649999618530273,15.649999618530273,15.510000228881836,15.510000228881836,0
2026-09-24 18:39:00+00:00,15.520000457763672,15.529999732971191,15.5,15.529999732971191,0
2026-09-24 18:40:00+00:00,15.529999732971191,15.5600004196167,15.529999732971191,15.5600004196167,0
2026-09-24 18:41:00+00:00,15.5600004196167,15.569999694824219,15.5600004196167,15.569999694824219,0
2026-09-24 18:42:00+00:00,15.5600004196167,15.600000381469727,15.5600004196167,15.59000015258789,0
2026-09-24 18:43:00+00:00,15.59000015258789,15.609999656677246,15.59000015258789,15.609999656677246,0
2026-09-24 18:44:00+00:00,15.59000015258789,15.59000015258789,15.569999694824219,15.569999694824219,0
2026-09-24 18:45:00+00:00,15.569999694824219,15.569999694824219,15.550000190734863,15.550000190734863,0
2026-09-24 18:46:00+00:00,15.550000190734863,15.550000190734863,15.539999961853027,15.539999961853027,0
2026-09-24 18:47:00+00:00,15.539999961853027,15.550000190734863,15.539999961853027,15.550000190734863,0
2026-09-24 18:48:00+00:00,15.550000190734863,15.550000190734863,15.529999732971191,15.539999961853027,0
2026-09-24 18:49:00+00:00,15.529999732971191,15.550000190734863,15.529999732971191,15.529999732971191,0
2026-09-24 18:50:00+00:00,15.539999961853027,15.539999961853027,15.529999732971191,15.529999732971191,0
2026-09-24 18:51:00+00:00,15.489999771118164,15.510000228881836,15.489999771118164,15.510000228881836,0
2026-09-24 18:52:00+00:00,15.5,15.510000228881836,15.489999771118164,15.5,0
2026-09-24 18:53:00+00:00,15.489999771118164,15.510000228881836,15.489999771118164,15.5,0
2026-09-24 18:54:00+00:00,15.510000228881836,15.529999732971191,15.510000228881836,15.529999732971191,0
2026-09-24 18:55:00+00:00,15.520000457763672,15.520000457763672,15.5,15.5,0
2026-09-24 18:56:00+00:00,15.510000228881836,15.510000228881836,15.479999542236328,15.479999542236328,0
2026-09-24 18:57:00+00:00,15.470000267028809,15.470000267028809,15.460000038146973,15.460000038146973,0
2026-09-24 18:58:00+00:00,15.460000038146973,15.479999542236328,15.460000038146973,15.470000267028809,0
2026-09-24 18:59:00+00:00,15.470000267028809,15.489999771118164,15.470000267028809,15.489999771118164,0
2026-09-24 19:00:00+00:00,15.449999809265137,15.489999771118164,15.449999809265137,15.479999542236328,0
2026-09-24 19:01:00+00:00,15.5,15.529999732971191,15.5,15.529999732971191,0
2026-09-24 19:02:00+00:00,15.550000190734863,15.5600004196167,15.539999961853027,15.5600004196167,0
2026-09-24 19:03:00+00:00,15.579999923706055,15.619999885559082,15.579999923706055,15.609999656677246,0
2026-09-24 19:04:00+00:00,15.640000343322754,15.640000343322754,15.630000114440918,15.640000343322754,0
2026-09-24 19:05:00+00:00,15.630000114440918,15.630000114440918,15.619999885559082,15.619999885559082,0
2026-09-24 19:06:00+00:00,15.609999656677246,15.609999656677246,15.609999656677246,15.609999656677246,0
2026-09-24 19:07:00+00:00,15.609999656677246,15.619999885559082,15.600000381469727,15.600000381469727,0
2026-09-24 19:08:00+00:00,15.600000381469727,15.600000381469727,15.600000381469727,15.600000381469727,0
2026-09-24 19:09:00+00:00,15.600000381469727,15.600000381469727,15.59000015258789,15.59000015258789,0
2026-09-24 19:10:00+00:00,15.59000015258789,15.59000015258789,15.579999923706055,15.59000015258789,0
2026-09-24 19:11:00+00:00,15.609999656677246,15.609999656677246,15.600000381469727,15.609999656677246,0
2026-09-24 19:12:00+00:00,15.600000381469727,15.609999656677246,15.600000381469727,15.609999656677246,0
2026-09-24 19:13:00+00:00,15.600000381469727,15.600000381469727,15.579999923706055,15.579999923706055,0
2026-09-24 19:14:00+00:00,15.579999923706055,15.600000381469727,15.579999923706055,15.600000381469727,0
2026-09-24 19:15:00+00:00,15.600000381469727,15.600000381469727,15.59000015258789,15.59000015258789,0
2026-09-24 19:16:00+00:00,15.579999923706055,15.579999923706055,15.5600004196167,15.5600004196167,0
2026-09-24 19:17:00+00:00,15.569999694824219,15.569999694824219,15.5600004196167,15.569999694824219,0
2026-09-24 19:18:00+00:00,15.579999923706055,15.579999923706055,15.550000190734863,15.5600004196167,0
2026-09-24 19:19:00+00:00,15.5600004196167,15.579999923706055,15.5600004196167,15.569999694824219,0
2026-09-24 19:20:00+00:00,15.569999694824219,15.579999923706055,15.569999694824219,15.579999923706055,0
2026-09-24 19:21:00+00:00,15.579999923706055,15.59000015258789,15.579999923706055,15.579999923706055,0
2026-09-24 19:22:00+00:00,15.569999694824219,15.579999923706055,15.569999694824219,15.569999694824219,0
2026-09-24 19:23:00+00:00,15.59000015258789,15.59000015258789,15.59000015258789,15.59000015258789,0
2026-09-24 19:24:00+00:00,15.579999923706055,15.579999923706055,15.569999694824219,15.569999694824219,0
2026-09-24 19:25:00+00:00,15.569999694824219,15.569999694824219,15.5600004196167,15.569999694824219,0
2026-09-24 19:26:00+00:00,15.569999694824219,15.579999923706055,15.569999694824219,15.569999694824219,0
2026-09-24 19:27:00+00:00,15.5600004196167,15.569999694824219,15.5600004196167,15.569999694824219,0
2026-09-24 19:28:00+00:00,15.579999923706055,15.579999923706055,15.569999694824219,15.579999923706055,0
2026-09-24 19:29:00+00:00,15.569999694824219,15.579999923706055,15.569999694824219,15.569999694824219,0
2026-09-24 19:30:00+00:00,15.579999923706055,15.579999923706055,15.520000457763672,15.529999732971191,0
2026-09-24 19:31:00+00:00,15.520000457763672,15.520000457763672,15.510000228881836,15.510000228881836,0
2026-09-24 19:32:00+00:00,15.510000228881836,15.529999732971191,15.510000228881836,15.529999732971191,0
2026-09-24 19:33:00+00:00,15.520000457763672,15.520000457763672,15.520000457763672,15.520000457763672,0
2026-09-24 19:34:00+00:00,15.510000228881836,15.520000457763672,15.510000228881836,15.520000457763672,0
2026-09-24 19:35:00+00:00,15.489999771118164,15.489999771118164,15.479999542236328,15.489999771118164,0
2026-09-24 19:36:00+00:00,15.489999771118164,15.489999771118164,15.479999542236328,15.489999771118164,0
2026-09-24 19:37:00+00:00,15.489999771118164,15.5,15.489999771118164,15.5,0
2026-09-24 19:38:00+00:00,15.5,15.510000228881836,15.5,15.5,0
2026-09-24 19:39:00+00:00,15.5,15.5,15.489999771118164,15.489999771118164,0
2026-09-24 19:40:00+00:00,15.479999542236328,15.479999542236328,15.460000038146973,15.479999542236328,0
2026-09-24 19:41:00+00:00,15.479999542236328,15.479999542236328,15.460000038146973,15.460000038146973,0
2026-09-24 19:42:00+00:00,15.460000038146973,15.470000267028809,15.460000038146973,15.470000267028809,0
2026-09-24 19:43:00+00:00,15.470000267028809,15.470000267028809,15.470000267028809,15.470000267028809,0
2026-09-24 19:44:00+00:00,15.460000038146973,15.460000038146973,15.460000038146973,15.460000038146973,0
2026-09-24 19:45:00+00:00,15.460000038146973,15.470000267028809,15.449999809265137,15.470000267028809,0
2026-09-24 19:46:00+00:00,15.479999542236328,15.479999542236328,15.470000267028809,15.470000267028809,0
2026-09-24 19:47:00+00:00,15.470000267028809,15.470000267028809,15.460000038146973,15.460000038146973,0
2026-09-24 19:48:00+00:00,15.460000038146973,15.470000267028809,15.460000038146973,15.470000267028809,0
2026-09-24 19:49:00+00:00,15.470000267028809,15.5,15.470000267028809,15.5,0
2026-09-24 19:50:00+00:00,15.479999542236328,15.479999542236328,15.449999809265137,15.479999542236328,0
2026-09-24 19:51:00+00:00,15.5,15.5,15.430000305175781,15.430000305175781,0
2026-09-24 19:52:00+00:00,15.430000305175781,15.4399995803833,15.430000305175781,15.430000305175781,0
2026-09-24 19:53:00+00:00,15.4399995803833,15.470000267028809,15.4399995803833,15.470000267028809,0
2026-09-24 19:54:00+00:00,15.479999542236328,15.489999771118164,15.479999542236328,15.489999771118164,0
2026-09-24 19:55:00+00:00,15.460000038146973,15.539999961853027,15.460000038146973,15.539999961853027,0
2026-09-24 19:56:00+00:00,15.529999732971191,15.539999961853027,15.529999732971191,15.539999961853027,0
2026-09-24 19:57:00+00:00,15.529999732971191,15.5600004196167,15.529999732971191,15.5600004196167,0
2026-09-24 19:58:00+00:00,15.5600004196167,15.5600004196167,15.529999732971191,15.539999961853027,0
2026-09-24 19:59:00+00:00,15.550000190734863,15.569999694824219,15.550000190734863,15.550000190734863,0
2026-09-24 20:00:00+00:00,15.579999923706055,15.579999923706055,15.579999923706055,15.579999923706055,0
2026-09-24 20:01:00+00:00,15.609999656677246,15.619999885559082,15.609999656677246,15.619999885559082,0
2026-09-24 20:02:00+00:00,15.630000114440918,15.630000114440918,15.619999885559082,15.630000114440918,0
2026-09-24 20:03:00+00:00,15.630000114440918,15.640000343322754,15.630000114440918,15.640000343322754,0
2026-09-24 20:04:00+00:00,15.640000343322754,15.640000343322754,15.640000343322754,15.640000343322754,0
2026-09-24 20:05:00+00:00,15.640000343322754,15.640000343322754,15.619999885559082,15.619999885559082,0
2026-09-24 20:06:00+00:00,15.630000114440918,15.640000343322754,15.619999885559082,15.640000343322754,0
2026-09-24 20:07:00+00:00,15.619999885559082,15.619999885559082,15.619999885559082,15.619999885559082,0
2026-09-24 20:08:00+00:00,15.619999885559082,15.630000114440918,15.609999656677246,15.609999656677246,0
2026-09-24 20:09:00+00:00,15.609999656677246,15.609999656677246,15.600000381469727,15.600000381469727,0
2026-09-24 20:10:00+00:00,15.609999656677246,15.609999656677246,15.600000381469727,15.609999656677246,0
2026-09-24 20:11:00+00:00,15.619999885559082,15.649999618530273,15.619999885559082,15.640000343322754,0
2026-09-24 20:12:00+00:00,15.640000343322754,15.640000343322754,15.619999885559082,15.619999885559082,0
2026-09-24 20:13:00+00:00,15.619999885559082,15.630000114440918,15.619999885559082,15.630000114440918,0
2026-09-24 20:14:00+00:00,15.640000343322754,15.670000076293945,15.640000343322754,15.670000076293945,0
2026-09-25 07:15:00+00:00,15.609999656677246,15.609999656677246,15.600000381469727,15.600000381469727,0
2026-09-25 07:16:00+00:00,15.609999656677246,15.609999656677246,15.600000381469727,15.609999656677246,0
2026-09-25 07:17:00+00:00,15.609999656677246,15.609999656677246,15.609999656677246,15.609999656677246,0
2026-09-25 07:18:00+00:00,15.600000381469727,15.609999656677246,15.600000381469727,15.600000381469727,0
2026-09-25 07:19:00+00:00,15.609999656677246,15.609999656677246,15.609999656677246,15.609999656677246,0
2026-09-25 07:20:00+00:00,15.630000114440918,15.630000114440918,15.609999656677246,15.609999656677246,0
2026-09-25 07:21:00+00:00,15.609999656677246,15.609999656677246,15.59000015258789,15.600000381469727,0
2026-09-25 07:22:00+00:00,15.600000381469727,15.600000381469727,15.600000381469727,15.600000381469727,0
2026-09-25 07:23:00+00:00,15.600000381469727,15.600000381469727,15.59000015258789,15.59000015258789,0
2026-09-25 07:24:00+00:00,15.600000381469727,15.600000381469727,15.59000015258789,15.59000015258789,0
2026-09-25 07:25:00+00:00,15.59000015258789,15.600000381469727,15.59000015258789,15.600000381469727,0
2026-09-25 07:26:00+00:00,15.600000381469727,15.600000381469727,15.59000015258789,15.600000381469727,0
2026-09-25 07:27:00+00:00,15.609999656677246,15.619999885559082,15.600000381469727,15.600000381469727,0
2026-09-25 07:28:00+00:00,15.59000015258789,15.59000015258789,15.59000015258789,15.59000015258789,0
2026-09-25 07:29:00+00:00,15.579999923706055,15.579999923706055,15.5600004196167,15.5600004196167,0
2026-09-25 07:30:00+00:00,15.5600004196167,15.5600004196167,15.550000190734863,15.5600004196167,0
2026-09-25 07:31:00+00:00,15.5600004196167,15.5600004196167,15.539999961853027,15.539999961853027,0
2026-09-25 07:32:00+00:00,15.539999961853027,15.569999694824219,15.539999961853027,15.569999694824219,0
2026-09-25 07:33:00+00:00,15.59000015258789,15.600000381469727,15.59000015258789,15.600000381469727,0
2026-09-25 07:34:00+00:00,15.609999656677246,15.619999885559082,15.609999656677246,15.619999885559082,0
2026-09-25 07:35:00+00:00,15.619999885559082,15.619999885559082,15.609999656677246,15.609999656677246,0
2026-09-25 07:36:00+00:00,15.609999656677246,15.609999656677246,15.59000015258789,15.59000015258789,0
2026-09-25 07:37:00+00:00,15.59000015258789,15.59000015258789,15.579999923706055,15.59000015258789,0
2026-09-25 07:38:00+00:00,15.569999694824219,15.579999923706055,15.569999694824219,15.579999923706055,0
2026-09-25 07:39:00+00:00,15.579999923706055,15.579999923706055,15.569999694824219,15.569999694824219,0
2026-09-25 07:40:00+00:00,15.579999923706055,15.579999923706055,15.569999694824219,15.579999923706055,0
2026-09-25 07:41:00+00:00,15.569999694824219,15.579999923706055,15.569999694824219,15.569999694824219,0
2026-09-25 07:42:00+00:00,15.569999694824219,15.569999694824219,15.5600004196167,15.5600004196167,0
2026-09-25 07:43:00+00:00,15.5600004196167,15.5600004196167,15.5600004196167,15.5600004196167,0
2026-09-25 07:44:00+00:00,15.5600004196167,15.579999923706055,15.5600004196167,15.579999923706055,0
2026-09-25 07:45:00+00:00,15.579999923706055,15.579999923706055,15.569999694824219,15.569999694824219,0
2026-09-25 07:46:00+00:00,15.569999694824219,15.569999694824219,15.5600004196167,15.5600004196167,0
2026-09-25 07:47:00+00:00,15.569999694824219,15.569999694824219,15.5600004196167,15.569999694824219,0
2026-09-25 07:48:00+00:00,15.569999694824219,15.59000015258789,15.569999694824219,15.59000015258789,0
2026-09-25 07:49:00+00:00,15.600000381469727,15.600000381469727,15.59000015258789,15.59000015258789,0
2026-09-25 07:50:00+00:00,15.600000381469727,15.609999656677246,15.600000381469727,15.600000381469727,0
2026-09-25 07:51:00+00:00,15.600000381469727,15.609999656677246,15.600000381469727,15.609999656677246,0
2026-09-25 07:52:00+00:00,15.600000381469727,15.609999656677246,15.600000381469727,15.609999656677246,0
2026-09-25 07:53:00+00:00,15.609999656677246,15.609999656677246,15.59000015258789,15.59000015258789,0
2026-09-25 07:54:00+00:00,15.59000015258789,15.600000381469727,15.59000015258789,15.600000381469727,0
2026-09-25 07:55:00+00:00,15.600000381469727,15.600000381469727,15.59000015258789,15.59000015258789,0
2026-09-25 07:56:00+00:00,15.59000015258789,15.59000015258789,15.59000015258789,15.59000015258789,0
2026-09-25 07:57:00+00:00,15.59000015258789,15.59000015258789,15.59000015258789,15.59000015258789,0
2026-09-25 07:58:00+00:00,15.600000381469727,15.600000381469727,15.600000381469727,15.600000381469727,0
2026-09-25 07:59:00+00:00,15.600000381469727,15.600000381469727,15.59000015258789,15.59000015258789,0
2026-09-25 08:00:00+00:00,15.600000381469727,15.600000381469727,15.600000381469727,15.600000381469727,0
2026-09-25 08:01:00+00:00,15.59000015258789,15.600000381469727,15.59000015258789,15.600000381469727,0
2026-09-25 08:02:00+00:00,15.600000381469727,15.600000381469727,15.600000381469727,15.600000381469727,0
2026-09-25 08:03:00+00:00,15.600000381469727,15.640000343322754,15.600000381469727,15.640000343322754,0
2026-09-25 08:04:00+00:00,15.619999885559082,15.630000114440918,15.619999885559082,15.619999885559082,0
2026-09-25 08:05:00+00:00,15.630000114440918,15.630000114440918,15.609999656677246,15.609999656677246,0
2026-09-25 08:06:00+00:00,15.619999885559082,15.619999885559082,15.609999656677246,15.609999656677246,0
2026-09-25 08:07:00+00:00,15.619999885559082,15.640000343322754,15.619999885559082,15.640000343322754,0
2026-09-25 08:08:00+00:00,15.640000343322754,15.640000343322754,15.630000114440918,15.630000114440918,0
2026-09-25 08:09:00+00:00,15.630000114440918,15.630000114440918,15.619999885559082,15.619999885559082,0
2026-09-25 08:10:00+00:00,15.619999885559082,15.619999885559082,15.609999656677246,15.609999656677246,0
2026-09-25 08:11:00+00:00,15.609999656677246,15.609999656677246,15.600000381469727,15.600000381469727,0
2026-09-25 08:12:00+00:00,15.600000381469727,15.600000381469727,15.579999923706055,15.579999923706055,0
2026-09-25 08:13:00+00:00,15.569999694824219,15.569999694824219,15.5600004196167,15.569999694824219,0
2026-09-25 08:14:00+00:00,15.569999694824219,15.569999694824219,15.550000190734863,15.5600004196167,0
2026-09-25 08:15:00+00:00,15.5600004196167,15.5600004196167,15.5600004196167,15.5600004196167,0
2026-09-25 08:16:00+00:00,15.550000190734863,15.5600004196167,15.550000190734863,15.550000190734863,0
2026-09-25 08:17:00+00:00,15.539999961853027,15.550000190734863,15.539999961853027,15.550000190734863,0
2026-09-25 08:18:00+00:00,15.5600004196167,15.569999694824219,15.5600004196167,15.5600004196167,0
2026-09-25 08:19:00+00:00,15.5600004196167,15.5600004196167,15.550000190734863,15.5600004196167,0
2026-09-25 08:20:00+00:00,15.5600004196167,15.5600004196167,15.5600004196167,15.5600004196167,0
2026-09-25 08:21:00+00:00,15.550000190734863,15.5600004196167,15.539999961853027,15.539999961853027,0
2026-09-25 08:22:00+00:00,15.539999961853027,15.539999961853027,15.539999961853027,15.539999961853027,0
2026-09-25 08:23:00+00:00,15.529999732971191,15.550000190734863,15.529999732971191,15.539999961853027,0
2026-09-25 08:24:00+00:00,15.539999961853027,15.539999961853027,15.529999732971191,15.529999732971191,0
2026-09-25 08:25:00+00:00,15.520000457763672,15.520000457763672,15.520000457763672,15.520000457763672,0
2026-09-25 08:26:00+00:00,15.520000457763672,15.529999732971191,15.520000457763672,15.529999732971191,0
2026-09-25 08:27:00+00:00,15.520000457763672,15.520000457763672,15.520000457763672,15.520000457763672,0
2026-09-25 08:28:00+00:00,15.510000228881836,15.510000228881836,15.479999542236328,15.479999542236328,0
2026-09-25 08:29:00+00:00,15.470000267028809,15.470000267028809,15.470000267028809,15.470000267028809,0
2026-09-25 08:30:00+00:00,15.470000267028809,15.470000267028809,15.470000267028809,15.470000267028809,0
2026-09-25 08:31:00+00:00,15.470000267028809,15.470000267028809,15.470000267028809,15.470000267028809,0
2026-09-25 08:32:00+00:00,15.470000267028809,15.470000267028809,15.470000267028809,15.470000267028809,0
2026-09-25 08:33:00+00:00,15.470000267028809,15.470000267028809,15.449999809265137,15.449999809265137,0
2026-09-25 08:34:00+00:00,15.430000305175781,15.430000305175781,15.430000305175781,15.430000305175781,0
2026-09-25 08:35:00+00:00,15.430000305175781,15.430000305175781,15.430000305175781,15.430000305175781,0
2026-09-25 08:36:00+00:00,15.430000305175781,15.430000305175781,15.430000305175781,15.430000305175781,0
2026-09-25 08:37:00+00:00,15.4399995803833,15.4399995803833,15.4399995803833,15.4399995803833,0
2026-09-25 08:38:00+00:00,15.4399995803833,15.4399995803833,15.430000305175781,15.430000305175781,0
2026-09-25 08:39:00+00:00,15.430000305175781,15.449999809265137,15.430000305175781,15.449999809265137,0
2026-09-25 08:40:00+00:00,15.449999809265137,15.449999809265137,15.4399995803833,15.4399995803833,0
2026-09-25 08:41:00+00:00,15.4399995803833,15.4399995803833,15.420000076293945,15.420000076293945,0
2026-09-25 08:42:00+00:00,15.420000076293945,15.420000076293945,15.40999984741211,15.40999984741211,0
2026-09-25 08:43:00+00:00,15.40999984741211,15.40999984741211,15.399999618530273,15.399999618530273,0
2026-09-25 08:44:00+00:00,15.399999618530273,15.399999618530273,15.390000343322754,15.390000343322754,0
2026-09-25 08:45:00+00:00,15.390000343322754,15.390000343322754,15.380000114440918,15.380000114440918,0
2026-09-25 08:46:00+00:00,15.369999885559082,15.369999885559082,15.369999885559082,15.369999885559082,0
2026-09-25 08:47:00+00:00,15.369999885559082,15.380000114440918,15.369999885559082,15.380000114440918,0
2026-09-25 08:48:00+00:00,15.380000114440918,15.380000114440918,15.380000114440918,15.380000114440918,0
2026-09-25 08:49:00+00:00,15.380000114440918,15.380000114440918,15.380000114440918,15.380000114440918,0
2026-09-25 08:50:00+00:00,15.380000114440918,15.380000114440918,15.380000114440918,15.380000114440918,0
2026-09-25 08:51:00+00:00,15.390000343322754,15.390000343322754,15.380000114440918,15.380000114440918,0
2026-09-25 08:52:00+00:00,15.380000114440918,15.380000114440918,15.369999885559082,15.369999885559082,0
2026-09-25 08:53:00+00:00,15.369999885559082,15.369999885559082,15.369999885559082,15.369999885559082,0
2026-09-25 08:54:00+00:00,15.369999885559082,15.369999885559082,15.359999656677246,15.359999656677246,0
2026-09-25 08:55:00+00:00,15.359999656677246,15.359999656677246,15.34000015258789,15.34000015258789,0
2026-09-25 08:56:00+00:00,15.34000015258789,15.34000015258789,15.34000015258789,15.34000015258789,0
2026-09-25 08:57:00+00:00,15.34000015258789,15.34000015258789,15.34000015258789,15.34000015258789,0
2026-09-25 08:58:00+00:00,15.34000015258789,15.34000015258789,15.329999923706055,15.329999923706055,0
2026-09-25 08:59:00+00:00,15.34000015258789,15.350000381469727,15.34000015258789,15.350000381469727,0
2026-09-25 09:00:00+00:00,15.350000381469727,15.350000381469727,15.34000015258789,15.350000381469727,0
2026-09-25 09:01:00+00:00,15.329999923706055,15.34000015258789,15.329999923706055,15.34000015258789,0
2026-09-25 09:02:00+00:00,15.34000015258789,15.34000015258789,15.34000015258789,15.34000015258789,0
2026-09-25 09:03:00+00:00,15.329999923706055,15.329999923706055,15.3100004196167,15.3100004196167,0
2026-09-25 09:04:00+00:00,15.3100004196167,15.319999694824219,15.3100004196167,15.3100004196167,0
2026-09-25 09:05:00+00:00,15.3100004196167,15.3100004196167,15.300000190734863,15.300000190734863,0
2026-09-25 09:06:00+00:00,15.300000190734863,15.3100004196167,15.300000190734863,15.300000190734863,0
2026-09-25 09:07:00+00:00,15.300000190734863,15.3100004196167,15.289999961853027,15.3100004196167,0
2026-09-25 09:08:00+00:00,15.3100004196167,15.3100004196167,15.300000190734863,15.300000190734863,0
2026-09-25 09:09:00+00:00,15.300000190734863,15.300000190734863,15.300000190734863,15.300000190734863,0
2026-09-25 09:10:00+00:00,15.300000190734863,15.3100004196167,15.300000190734863,15.3100004196167,0
2026-09-25 09:11:00+00:00,15.3100004196167,15.3100004196167,15.3100004196167,15.3100004196167,0
2026-09-25 09:12:00+00:00,15.3100004196167,15.3100004196167,15.3100004196167,15.3100004196167,0
2026-09-25 09:13:00+00:00,15.3100004196167,15.3100004196167,15.3100004196167,15.3100004196167,0
2026-09-25 09:14:00+00:00,15.3100004196167,15.3100004196167,15.3100004196167,15.3100004196167,0
2026-09-25 09:15:00+00:00,15.319999694824219,15.329999923706055,15.319999694824219,15.329999923706055,0
2026-09-25 09:16:00+00:00,15.329999923706055,15.329999923706055,15.329999923706055,15.329999923706055,0
2026-09-25 09:17:00+00:00,15.329999923706055,15.329999923706055,15.329999923706055,15.329999923706055,0
2026-09-25 09:18:00+00:00,15.329999923706055,15.34000015258789,15.329999923706055,15.34000015258789,0
2026-09-25 09:19:00+00:00,15.34000015258789,15.34000015258789,15.34000015258789,15.34000015258789,0
2026-09-25 09:20:00+00:00,15.34000015258789,15.359999656677246,15.34000015258789,15.359999656677246,0
2026-09-25 09:21:00+00:00,15.369999885559082,15.380000114440918,15.369999885559082,15.380000114440918,0
2026-09-25 09:22:00+00:00,15.380000114440918,15.380000114440918,15.369999885559082,15.369999885559082,0
2026-09-25 09:23:00+00:00,15.369999885559082,15.380000114440918,15.369999885559082,15.380000114440918,0
2026-09-25 09:24:00+00:00,15.380000114440918,15.380000114440918,15.369999885559082,15.369999885559082,0
2026-09-25 09:25:00+00:00,15.369999885559082,15.380000114440918,15.369999885559082,15.380000114440918,0
2026-09-25 09:26:00+00:00,15.369999885559082,15.369999885559082,15.369999885559082,15.369999885559082,0
2026-09-25 09:27:00+00:00,15.369999885559082,15.380000114440918,15.369999885559082,15.380000114440918,0
2026-09-25 09:28:00+00:00,15.380000114440918,15.380000114440918,15.380000114440918,15.380000114440918,0
2026-09-25 09:29:00+00:00,15.380000114440918,15.380000114440918,15.380000114440918,15.380000114440918,0
2026-09-25 09:30:00+00:00,15.380000114440918,15.399999618530273,15.380000114440918,15.390000343322754,0
2026-09-25 09:31:00+00:00,15.369999885559082,15.380000114440918,15.369999885559082,15.369999885559082,0
2026-09-25 09:32:00+00:00,15.369999885559082,15.369999885559082,15.359999656677246,15.359999656677246,0
2026-09-25 09:33:00+00:00,15.369999885559082,15.369999885559082,15.369999885559082,15.369999885559082,0
2026-09-25 09:34:00+00:00,15.369999885559082,15.369999885559082,15.359999656677246,15.359999656677246,0
2026-09-25 09:35:00+00:00,15.359999656677246,15.369999885559082,15.359999656677246,15.369999885559082,0
2026-09-25 09:36:00+00:00,15.359999656677246,15.359999656677246,15.350000381469727,15.350000381469727,0
2026-09-25 09:37:00+00:00,15.350000381469727,15.350000381469727,15.34000015258789,15.34000015258789,0
2026-09-25 09:38:00+00:00,15.34000015258789,15.34000015258789,15.34000015258789,15.34000015258789,0
2026-09-25 09:39:00+00:00,15.34000015258789,15.34000015258789,15.34000015258789,15.34000015258789,0
2026-09-25 09:40:00+00:00,15.329999923706055,15.34000015258789,15.329999923706055,15.329999923706055,0
2026-09-25 09:41:00+00:00,15.329999923706055,15.329999923706055,15.319999694824219,15.319999694824219,0
2026-09-25 09:42:00+00:00,15.319999694824219,15.319999694824219,15.319999694824219,15.319999694824219,0
2026-09-25 09:43:00+00:00,15.329999923706055,15.34000015258789,15.329999923706055,15.34000015258789,0
2026-09-25 09:44:00+00:00,15.329999923706055,15.329999923706055,15.329999923706055,15.329999923706055,0
2026-09-25 09:45:00+00:00,15.329999923706055,15.34000015258789,15.329999923706055,15.34000015258789,0
2026-09-25 09:46:00+00:00,15.359999656677246,15.369999885559082,15.359999656677246,15.369999885559082,0
2026-09-25 09:47:00+00:00,15.369999885559082,15.369999885559082,15.369999885559082,15.369999885559082,0
2026-09-25 09:48:00+00:00,15.369999885559082,15.369999885559082,15.369999885559082,15.369999885559082,0
2026-09-25 09:49:00+00:00,15.369999885559082,15.369999885559082,15.359999656677246,15.369999885559082,0
2026-09-25 09:50:00+00:00,15.359999656677246,15.380000114440918,15.359999656677246,15.380000114440918,0
2026-09-25 09:51:00+00:00,15.380000114440918,15.380000114440918,15.380000114440918,15.380000114440918,0
2026-09-25 09:52:00+00:00,15.380000114440918,15.380000114440918,15.369999885559082,15.380000114440918,0
2026-09-25 09:53:00+00:00,15.380000114440918,15.380000114440918,15.369999885559082,15.369999885559082,0
2026-09-25 09:54:00+00:00,15.369999885559082,15.369999885559082,15.369999885559082,15.369999885559082,0
2026-09-25 09:55:00+00:00,15.369999885559082,15.369999885559082,15.369999885559082,15.369999885559082,0
2026-09-25 09:56:00+00:00,15.369999885559082,15.369999885559082,15.359999656677246,15.359999656677246,0
2026-09-25 09:57:00+00:00,15.359999656677246,15.359999656677246,15.359999656677246,15.359999656677246,0
2026-09-25 09:58:00+00:00,15.359999656677246,15.359999656677246,15.359999656677246,15.359999656677246,0
2026-09-25 09:59:00+00:00,15.359999656677246,15.359999656677246,15.34000015258789,15.34000015258789,0
2026-09-25 10:00:00+00:00,15.34000015258789,15.34000015258789,15.329999923706055,15.329999923706055,0
2026-09-25 10:01:00+00:00,15.329999923706055,15.34000015258789,15.329999923706055,15.34000015258789,0
2026-09-25 10:02:00+00:00,15.34000015258789,15.350000381469727,15.34000015258789,15.350000381469727,0
2026-09-25 10:03:00+00:00,15.359999656677246,15.380000114440918,15.359999656677246,15.380000114440918,0
2026-09-25 10:04:00+00:00,15.380000114440918,15.380000114440918,15.380000114440918,15.380000114440918,0
2026-09-25 10:05:00+00:00,15.380000114440918,15.380000114440918,15.380000114440918,15.380000114440918,0
2026-09-25 10:06:00+00:00,15.380000114440918,15.380000114440918,15.380000114440918,15.380000114440918,0
2026-09-25 10:07:00+00:00,15.380000114440918,15.390000343322754,15.380000114440918,15.390000343322754,0
2026-09-25 10:08:00+00:00,15.390000343322754,15.390000343322754,15.380000114440918,15.380000114440918,0
2026-09-25 10:09:00+00:00,15.380000114440918,15.380000114440918,15.380000114440918,15.380000114440918,0
2026-09-25 10:10:00+00:00,15.380000114440918,15.380000114440918,15.380000114440918,15.380000114440918,0
2026-09-25 10:11:00+00:00,15.380000114440918,15.380000114440918,15.359999656677246,15.359999656677246,0
2026-09-25 10:12:00+00:00,15.359999656677246,15.359999656677246,15.350000381469727,15.350000381469727,0
2026-09-25 10:13:00+00:00,15.350000381469727,15.350000381469727,15.34000015258789,15.34000015258789,0
2026-09-25 10:14:00+00:00,15.329999923706055,15.329999923706055,15.329999923706055,15.329999923706055,0
2026-09-25 10:15:00+00:00,15.329999923706055,15.329999923706055,15.319999694824219,15.319999694824219,0
2026-09-25 10:16:00+00:00,15.319999694824219,15.319999694824219,15.3100004196167,15.3100004196167,0
2026-09-25 10:17:00+00:00,15.319999694824219,15.319999694824219,15.3100004196167,15.319999694824219,0
2026-09-25 10:18:00+00:00,15.319999694824219,15.319999694824219,15.319999694824219,15.319999694824219,0
2026-09-25 10:19:00+00:00,15.319999694824219,15.329999923706055,15.319999694824219,15.329999923706055,0
2026-09-25 10:20:00+00:00,15.319999694824219,15.319999694824219,15.319999694824219,15.319999694824219,0
2026-09-25 10:21:00+00:00,15.3100004196167,15.319999694824219,15.3100004196167,15.319999694824219,0
2026-09-25 10:22:00+00:00,15.3100004196167,15.329999923706055,15.3100004196167,15.329999923706055,0
2026-09-25 10:23:00+00:00,15.329999923706055,15.329999923706055,15.329999923706055,15.329999923706055,0
2026-09-25 10:24:00+00:00,15.319999694824219,15.319999694824219,15.319999694824219,15.319999694824219,0
2026-09-25 10:25:00+00:00,15.319999694824219,15.319999694824219,15.3100004196167,15.3100004196167,0
2026-09-25 10:26:00+00:00,15.3100004196167,15.3100004196167,15.3100004196167,15.3100004196167,0
2026-09-25 10:27:00+00:00,15.3100004196167,15.3100004196167,15.3100004196167,15.3100004196167,0
2026-09-25 10:28:00+00:00,15.3100004196167,15.319999694824219,15.3100004196167,15.3100004196167,0
2026-09-25 10:29:00+00:00,15.3100004196167,15.319999694824219,15.3100004196167,15.319999694824219,0
2026-09-25 10:30:00+00:00,15.319999694824219,15.319999694824219,15.3100004196167,15.3100004196167,0
2026-09-25 10:31:00+00:00,15.3100004196167,15.319999694824219,15.3100004196167,15.319999694824219,0
2026-09-25 10:32:00+00:00,15.319999694824219,15.329999923706055,15.319999694824219,15.329999923706055,0
2026-09-25 10:33:00+00:00,15.329999923706055,15.329999923706055,15.329999923706055,15.329999923706055,0
2026-09-25 10:34:00+00:00,15.329999923706055,15.329999923706055,15.3100004196167,15.3100004196167,0
2026-09-25 10:35:00+00:00,15.319999694824219,15.319999694824219,15.3100004196167,15.3100004196167,0
2026-09-25 10:36:00+00:00,15.319999694824219,15.319999694824219,15.3100004196167,15.319999694824219,0
2026-09-25 10:37:00+00:00,15.3100004196167,15.319999694824219,15.3100004196167,15.319999694824219,0
2026-09-25 10:38:00+00:00,15.319999694824219,15.34000015258789,15.319999694824219,15.34000015258789,0
2026-09-25 10:39:00+00:00,15.34000015258789,15.350000381469727,15.34000015258789,15.350000381469727,0
2026-09-25 10:40:00+00:00,15.350000381469727,15.359999656677246,15.350000381469727,15.359999656677246,0
2026-09-25 10:41:00+00:00,15.359999656677246,15.359999656677246,15.350000381469727,15.350000381469727,0
2026-09-25 10:42:00+00:00,15.359999656677246,15.359999656677246,15.359999656677246,15.359999656677246,0
2026-09-25 10:43:00+00:00,15.359999656677246,15.359999656677246,15.350000381469727,15.359999656677246,0
2026-09-25 10:44:00+00:00,15.350000381469727,15.359999656677246,15.350000381469727,15.359999656677246,0
2026-09-25 10:45:00+00:00,15.359999656677246,15.359999656677246,15.359999656677246,15.359999656677246,0
2026-09-25 10:46:00+00:00,15.359999656677246,15.359999656677246,15.34000015258789,15.350000381469727,0
2026-09-25 10:47:00+00:00,15.34000015258789,15.34000015258789,15.34000015258789,15.34000015258789,0
2026-09-25 10:48:00+00:00,15.34000015258789,15.34000015258789,15.34000015258789,15.34000015258789,0
2026-09-25 10:49:00+00:00,15.329999923706055,15.350000381469727,15.329999923706055,15.34000015258789,0
2026-09-25 10:50:00+00:00,15.34000015258789,15.34000015258789,15.329999923706055,15.34000015258789,0
2026-09-25 10:51:00+00:00,15.34000015258789,15.34000015258789,15.34000015258789,15.34000015258789,0
2026-09-25 10:52:00+00:00,15.350000381469727,15.350000381469727,15.350000381469727,15.350000381469727,0
2026-09-25 10:53:00+00:00,15.350000381469727,15.359999656677246,15.350000381469727,15.359999656677246,0
2026-09-25 10:54:00+00:00,15.350000381469727,15.350000381469727,15.329999923706055,15.329999923706055,0
2026-09-25 10:55:00+00:00,15.329999923706055,15.34000015258789,15.329999923706055,15.34000015258789,0
2026-09-25 10:56:00+00:00,15.34000015258789,15.34000015258789,15.3100004196167,15.3100004196167,0
2026-09-25 10:57:00+00:00,15.3100004196167,15.3100004196167,15.300000190734863,15.300000190734863,0
2026-09-25 10:58:00+00:00,15.300000190734863,15.3100004196167,15.300000190734863,15.3100004196167,0
2026-09-25 10:59:00+00:00,15.3100004196167,15.3100004196167,15.3100004196167,15.3100004196167,0
2026-09-25 11:00:00+00:00,15.300000190734863,15.300000190734863,15.279999732971191,15.279999732971191,0
2026-09-25 11:01:00+00:00,15.279999732971191,15.279999732971191,15.25,15.25,0
2026-09-25 11:02:00+00:00,15.260000228881836,15.270000457763672,15.260000228881836,15.270000457763672,0
2026-09-25 11:03:00+00:00,15.260000228881836,15.260000228881836,15.260000228881836,15.260000228881836,0
2026-09-25 11:04:00+00:00,15.270000457763672,15.270000457763672,15.260000228881836,15.270000457763672,0
2026-09-25 11:05:00+00:00,15.270000457763672,15.270000457763672,15.25,15.25,0
2026-09-25 11:06:00+00:00,15.25,15.25,15.239999771118164,15.239999771118164,0
2026-09-25 11:07:00+00:00,15.220000267028809,15.229999542236328,15.210000038146973,15.210000038146973,0
2026-09-25 11:08:00+00:00,15.199999809265137,15.210000038146973,15.199999809265137,15.199999809265137,0
2026-09-25 11:09:00+00:00,15.199999809265137,15.199999809265137,15.1899995803833,15.1899995803833,0
2026-09-25 11:10:00+00:00,15.180000305175781,15.180000305175781,15.180000305175781,15.180000305175781,0
2026-09-25 11:11:00+00:00,15.180000305175781,15.180000305175781,15.170000076293945,15.170000076293945,0
2026-09-25 11:12:00+00:00,15.170000076293945,15.170000076293945,15.170000076293945,15.170000076293945,0
2026-09-25 11:13:00+00:00,15.170000076293945,15.170000076293945,15.170000076293945,15.170000076293945,0
2026-09-25 11:14:00+00:00,15.149999618530273,15.149999618530273,15.149999618530273,15.149999618530273,0
2026-09-25 11:15:00+00:00,15.130000114440918,15.130000114440918,15.109999656677246,15.109999656677246,0
2026-09-25 11:16:00+00:00,15.109999656677246,15.109999656677246,15.079999923706055,15.079999923706055,0
2026-09-25 11:17:00+00:00,15.100000381469727,15.109999656677246,15.100000381469727,15.109999656677246,0
2026-09-25 11:18:00+00:00,15.109999656677246,15.109999656677246,15.09000015258789,15.100000381469727,0
2026-09-25 11:19:00+00:00,15.09000015258789,15.09000015258789,15.09000015258789,15.09000015258789,0
2026-09-25 11:20:00+00:00,15.079999923706055,15.09000015258789,15.079999923706055,15.09000015258789,0
2026-09-25 11:21:00+00:00,15.09000015258789,15.09000015258789,15.079999923706055,15.09000015258789,0
2026-09-25 11:22:00+00:00,15.09000015258789,15.09000015258789,15.09000015258789,15.09000015258789,0
2026-09-25 11:23:00+00:00,15.09000015258789,15.09000015258789,15.09000015258789,15.09000015258789,0
2026-09-25 11:24:00+00:00,15.09000015258789,15.09000015258789,15.09000015258789,15.09000015258789,0
2026-09-25 11:25:00+00:00,15.09000015258789,15.09000015258789,15.09000015258789,15.09000015258789,0
2026-09-25 11:26:00+00:00,15.09000015258789,15.09000015258789,15.079999923706055,15.079999923706055,0
2026-09-25 11:27:00+00:00,15.069999694824219,15.079999923706055,15.069999694824219,15.079999923706055,0
2026-09-25 11:28:00+00:00,15.069999694824219,15.069999694824219,15.069999694824219,15.069999694824219,0
2026-09-25 11:29:00+00:00,15.069999694824219,15.079999923706055,15.069999694824219,15.079999923706055,0
2026-09-25 11:30:00+00:00,15.079999923706055,15.079999923706055,15.079999923706055,15.079999923706055,0
2026-09-25 11:31:00+00:00,15.09000015258789,15.09000015258789,15.079999923706055,15.079999923706055,0
2026-09-25 11:32:00+00:00,15.079999923706055,15.079999923706055,15.069999694824219,15.069999694824219,0
2026-09-25 11:33:00+00:00,15.069999694824219,15.069999694824219,15.069999694824219,15.069999694824219,0
2026-09-25 11:34:00+00:00,15.069999694824219,15.069999694824219,15.0600004196167,15.0600004196167,0
2026-09-25 11:35:00+00:00,15.069999694824219,15.069999694824219,15.0600004196167,15.0600004196167,0
2026-09-25 11:36:00+00:00,15.020000457763672,15.039999961853027,15.020000457763672,15.039999961853027,0
2026-09-25 11:37:00+00:00,15.050000190734863,15.0600004196167,15.050000190734863,15.0600004196167,0
2026-09-25 11:38:00+00:00,15.0600004196167,15.069999694824219,15.0600004196167,15.069999694824219,0
2026-09-25 11:39:00+00:00,15.079999923706055,15.079999923706055,15.079999923706055,15.079999923706055,0
2026-09-25 11:40:00+00:00,15.069999694824219,15.069999694824219,15.069999694824219,15.069999694824219,0
2026-09-25 11:41:00+00:00,15.069999694824219,15.069999694824219,15.069999694824219,15.069999694824219,0
2026-09-25 11:42:00+00:00,15.069999694824219,15.069999694824219,15.0600004196167,15.069999694824219,0
2026-09-25 11:43:00+00:00,15.0600004196167,15.0600004196167,15.0600004196167,15.0600004196167,0
2026-09-25 11:44:00+00:00,15.0600004196167,15.0600004196167,15.050000190734863,15.050000190734863,0
2026-09-25 11:45:00+00:00,15.0600004196167,15.0600004196167,15.050000190734863,15.050000190734863,0
2026-09-25 11:46:00+00:00,15.050000190734863,15.050000190734863,15.050000190734863,15.050000190734863,0
2026-09-25 11:47:00+00:00,15.050000190734863,15.050000190734863,15.029999732971191,15.029999732971191,0
2026-09-25 11:48:00+00:00,15.029999732971191,15.039999961853027,15.029999732971191,15.029999732971191,0
2026-09-25 11:49:00+00:00,15.029999732971191,15.029999732971191,15.029999732971191,15.029999732971191,0
2026-09-25 11:50:00+00:00,15.039999961853027,15.039999961853027,15.039999961853027,15.039999961853027,0
2026-09-25 11:51:00+00:00,15.029999732971191,15.029999732971191,15.029999732971191,15.029999732971191,0
2026-09-25 11:52:00+00:00,15.029999732971191,15.029999732971191,15.020000457763672,15.020000457763672,0
2026-09-25 11:53:00+00:00,15.020000457763672,15.029999732971191,15.020000457763672,15.020000457763672,0
2026-09-25 11:54:00+00:00,15.020000457763672,15.020000457763672,15.020000457763672,15.020000457763672,0
2026-09-25 11:55:00+00:00,15.020000457763672,15.020000457763672,15.020000457763672,15.020000457763672,0
2026-09-25 11:56:00+00:00,15.020000457763672,15.039999961853027,15.020000457763672,15.039999961853027,0
2026-09-25 11:57:00+00:00,15.050000190734863,15.050000190734863,15.039999961853027,15.039999961853027,0
2026-09-25 11:58:00+00:00,15.039999961853027,15.050000190734863,15.039999961853027,15.050000190734863,0
2026-09-25 11:59:00+00:00,15.039999961853027,15.050000190734863,15.039999961853027,15.050000190734863,0
2026-09-25 12:00:00+00:00,15.069999694824219,15.069999694824219,15.0600004196167,15.0600004196167,0
2026-09-25 12:01:00+00:00,15.0600004196167,15.0600004196167,15.050000190734863,15.050000190734863,0
2026-09-25 12:02:00+00:00,15.039999961853027,15.039999961853027,15.039999961853027,15.039999961853027,0
2026-09-25 12:03:00+00:00,15.050000190734863,15.050000190734863,15.050000190734863,15.050000190734863,0
2026-09-25 12:04:00+00:00,15.039999961853027,15.050000190734863,15.039999961853027,15.039999961853027,0
2026-09-25 12:05:00+00:00,15.039999961853027,15.050000190734863,15.039999961853027,15.050000190734863,0
2026-09-25 12:06:00+00:00,15.050000190734863,15.050000190734863,15.029999732971191,15.029999732971191,0
2026-09-25 12:07:00+00:00,15.029999732971191,15.039999961853027,15.029999732971191,15.039999961853027,0
2026-09-25 12:08:00+00:00,15.050000190734863,15.050000190734863,15.050000190734863,15.050000190734863,0
2026-09-25 12:09:00+00:00,15.039999961853027,15.050000190734863,15.039999961853027,15.050000190734863,0
2026-09-25 12:10:00+00:00,15.050000190734863,15.050000190734863,15.039999961853027,15.050000190734863,0
2026-09-25 12:11:00+00:00,15.09000015258789,15.09000015258789,15.050000190734863,15.050000190734863,0
2026-09-25 12:12:00+00:00,15.050000190734863,15.050000190734863,15.050000190734863,15.050000190734863,0
2026-09-25 12:13:00+00:00,15.050000190734863,15.0600004196167,15.050000190734863,15.0600004196167,0
2026-09-25 12:14:00+00:00,15.069999694824219,15.079999923706055,15.069999694824219,15.079999923706055,0
2026-09-25 12:15:00+00:00,15.079999923706055,15.079999923706055,15.079999923706055,15.079999923706055,0
2026-09-25 12:16:00+00:00,15.079999923706055,15.100000381469727,15.079999923706055,15.100000381469727,0
2026-09-25 12:17:00+00:00,15.119999885559082,15.140000343322754,15.119999885559082,15.140000343322754,0
2026-09-25 12:18:00+00:00,15.140000343322754,15.15999984741211,15.140000343322754,15.15999984741211,0
2026-09-25 12:19:00+00:00,15.15999984741211,15.170000076293945,15.15999984741211,15.170000076293945,0
2026-09-25 12:20:00+00:00,15.15999984741211,15.15999984741211,15.149999618530273,15.149999618530273,0
2026-09-25 12:21:00+00:00,15.149999618530273,15.149999618530273,15.130000114440918,15.130000114440918,0
2026-09-25 12:22:00+00:00,15.119999885559082,15.119999885559082,15.100000381469727,15.100000381469727,0
2026-09-25 12:23:00+00:00,15.109999656677246,15.119999885559082,15.109999656677246,15.119999885559082,0
2026-09-25 12:24:00+00:00,15.109999656677246,15.109999656677246,15.100000381469727,15.100000381469727,0
2026-09-25 12:25:00+00:00,15.109999656677246,15.130000114440918,15.109999656677246,15.130000114440918,0
2026-09-25 12:26:00+00:00,15.119999885559082,15.119999885559082,15.119999885559082,15.119999885559082,0
2026-09-25 12:27:00+00:00,15.119999885559082,15.119999885559082,15.109999656677246,15.109999656677246,0
2026-09-25 12:28:00+00:00,15.109999656677246,15.109999656677246,15.100000381469727,15.100000381469727,0
2026-09-25 12:29:00+00:00,15.100000381469727,15.109999656677246,15.100000381469727,15.109999656677246,0
2026-09-25 12:30:00+00:00,15.100000381469727,15.119999885559082,15.100000381469727,15.119999885559082,0
2026-09-25 12:31:00+00:00,15.119999885559082,15.140000343322754,15.119999885559082,15.140000343322754,0
2026-09-25 12:32:00+00:00,15.149999618530273,15.1899995803833,15.149999618530273,15.180000305175781,0
2026-09-25 12:33:00+00:00,15.180000305175781,15.180000305175781,15.170000076293945,15.170000076293945,0
2026-09-25 12:34:00+00:00,15.15999984741211,15.15999984741211,15.149999618530273,15.149999618530273,0
2026-09-25 12:35:00+00:00,15.15999984741211,15.170000076293945,15.15999984741211,15.15999984741211,0
2026-09-25 12:36:00+00:00,15.15999984741211,15.170000076293945,15.15999984741211,15.170000076293945,0
2026-09-25 12:37:00+00:00,15.170000076293945,15.180000305175781,15.170000076293945,15.180000305175781,0
2026-09-25 12:38:00+00:00,15.180000305175781,15.180000305175781,15.180000305175781,15.180000305175781,0
2026-09-25 12:39:00+00:00,15.180000305175781,15.180000305175781,15.180000305175781,15.180000305175781,0
2026-09-25 12:40:00+00:00,15.180000305175781,15.180000305175781,15.180000305175781,15.180000305175781,0
2026-09-25 12:41:00+00:00,15.180000305175781,15.180000305175781,15.180000305175781,15.180000305175781,0
2026-09-25 12:42:00+00:00,15.180000305175781,15.1899995803833,15.180000305175781,15.1899995803833,0
2026-09-25 12:43:00+00:00,15.1899995803833,15.199999809265137,15.1899995803833,15.199999809265137,0
2026-09-25 12:44:00+00:00,15.210000038146973,15.210000038146973,15.170000076293945,15.199999809265137,0
2026-09-25 12:45:00+00:00,15.199999809265137,15.210000038146973,15.199999809265137,15.199999809265137,0
2026-09-25 12:46:00+00:00,15.1899995803833,15.199999809265137,15.1899995803833,15.199999809265137,0
2026-09-25 12:47:00+00:00,15.15999984741211,15.199999809265137,15.15999984741211,15.170000076293945,0
2026-09-25 12:48:00+00:00,15.140000343322754,15.1899995803833,15.140000343322754,15.1899995803833,0
2026-09-25 12:49:00+00:00,15.1899995803833,15.210000038146973,15.1899995803833,15.210000038146973,0
2026-09-25 12:50:00+00:00,15.210000038146973,15.210000038146973,15.210000038146973,15.210000038146973,0
2026-09-25 12:51:00+00:00,15.210000038146973,15.229999542236328,15.210000038146973,15.220000267028809,0
2026-09-25 12:52:00+00:00,15.229999542236328,15.239999771118164,15.229999542236328,15.239999771118164,0
2026-09-25 12:53:00+00:00,15.229999542236328,15.239999771118164,15.229999542236328,15.229999542236328,0
2026-09-25 12:54:00+00:00,15.220000267028809,15.220000267028809,15.220000267028809,15.220000267028809,0
2026-09-25 12:55:00+00:00,15.220000267028809,15.229999542236328,15.220000267028809,15.220000267028809,0
2026-09-25 12:56:00+00:00,15.220000267028809,15.220000267028809,15.220000267028809,15.220000267028809,0
2026-09-25 12:57:00+00:00,15.210000038146973,15.210000038146973,15.199999809265137,15.199999809265137,0
2026-09-25 12:58:00+00:00,15.210000038146973,15.220000267028809,15.210000038146973,15.220000267028809,0
2026-09-25 12:59:00+00:00,15.210000038146973,15.210000038146973,15.210000038146973,15.210000038146973,0
2026-09-25 13:00:00+00:00,15.210000038146973,15.220000267028809,15.210000038146973,15.220000267028809,0
2026-09-25 13:01:00+00:00,15.239999771118164,15.239999771118164,15.220000267028809,15.220000267028809,0
2026-09-25 13:02:00+00:00,15.220000267028809,15.220000267028809,15.220000267028809,15.220000267028809,0
2026-09-25 13:03:00+00:00,15.220000267028809,15.220000267028809,15.199999809265137,15.199999809265137,0
2026-09-25 13:04:00+00:00,15.199999809265137,15.210000038146973,15.199999809265137,15.210000038146973,0
2026-09-25 13:05:00+00:00,15.210000038146973,15.210000038146973,15.199999809265137,15.199999809265137,0
2026-09-25 13:06:00+00:00,15.210000038146973,15.210000038146973,15.1899995803833,15.1899995803833,0
2026-09-25 13:07:00+00:00,15.199999809265137,15.199999809265137,15.199999809265137,15.199999809265137,0
2026-09-25 13:08:00+00:00,15.199999809265137,15.199999809265137,15.1899995803833,15.1899995803833,0
2026-09-25 13:09:00+00:00,15.199999809265137,15.199999809265137,15.180000305175781,15.180000305175781,0
2026-09-25 13:10:00+00:00,15.170000076293945,15.170000076293945,15.170000076293945,15.170000076293945,0
2026-09-25 13:11:00+00:00,15.170000076293945,15.170000076293945,15.170000076293945,15.170000076293945,0
2026-09-25 13:12:00+00:00,15.15999984741211,15.15999984741211,15.149999618530273,15.149999618530273,0
2026-09-25 13:13:00+00:00,15.149999618530273,15.149999618530273,15.130000114440918,15.140000343322754,0
2026-09-25 13:14:00+00:00,15.140000343322754,15.140000343322754,15.140000343322754,15.140000343322754,0
2026-09-25 13:15:00+00:00,15.130000114440918,15.140000343322754,15.130000114440918,15.140000343322754,0
2026-09-25 13:16:00+00:00,15.140000343322754,15.149999618530273,15.140000343322754,15.149999618530273,0
2026-09-25 13:17:00+00:00,15.15999984741211,15.170000076293945,15.15999984741211,15.170000076293945,0
2026-09-25 13:18:00+00:00,15.170000076293945,15.180000305175781,15.170000076293945,15.180000305175781,0
2026-09-25 13:19:00+00:00,15.180000305175781,15.199999809265137,15.180000305175781,15.199999809265137,0
2026-09-25 13:20:00+00:00,15.210000038146973,15.220000267028809,15.210000038146973,15.220000267028809,0
2026-09-25 13:21:00+00:00,15.229999542236328,15.229999542236328,15.220000267028809,15.229999542236328,0
2026-09-25 13:22:00+00:00,15.229999542236328,15.229999542236328,15.229999542236328,15.229999542236328,0
2026-09-25 13:23:00+00:00,15.220000267028809,15.229999542236328,15.220000267028809,15.229999542236328,0
2026-09-25 13:24:00+00:00,15.239999771118164,15.25,15.239999771118164,15.25,0
2026-09-25 13:25:00+00:00,15.25,15.25,15.25,15.25,0
2026-09-25 13:31:00+00:00,15.319999694824219,15.319999694824219,15.25,15.25,0
2026-09-25 13:32:00+00:00,15.239999771118164,15.270000457763672,15.239999771118164,15.270000457763672,0
2026-09-25 13:33:00+00:00,15.220000267028809,15.220000267028809,15.199999809265137,15.199999809265137,0
2026-09-25 13:34:00+00:00,15.1899995803833,15.1899995803833,15.149999618530273,15.15999984741211,0
2026-09-25 13:35:00+00:00,15.140000343322754,15.140000343322754,15.100000381469727,15.100000381469727,0
2026-09-25 13:36:00+00:00,15.100000381469727,15.140000343322754,15.100000381469727,15.130000114440918,0
2026-09-25 13:37:00+00:00,15.130000114440918,15.130000114440918,15.119999885559082,15.130000114440918,0
2026-09-25 13:38:00+00:00,15.130000114440918,15.130000114440918,15.109999656677246,15.130000114440918,0
2026-09-25 13:39:00+00:00,15.119999885559082,15.140000343322754,15.119999885559082,15.140000343322754,0
2026-09-25 13:40:00+00:00,15.109999656677246,15.140000343322754,15.109999656677246,15.140000343322754,0
2026-09-25 13:41:00+00:00,15.119999885559082,15.119999885559082,15.09000015258789,15.09000015258789,0
2026-09-25 13:42:00+00:00,15.079999923706055,15.100000381469727,15.079999923706055,15.09000015258789,0
2026-09-25 13:43:00+00:00,15.09000015258789,15.149999618530273,15.09000015258789,15.149999618530273,0
2026-09-25 13:44:00+00:00,15.180000305175781,15.210000038146973,15.180000305175781,15.210000038146973,0
2026-09-25 13:45:00+00:00,15.210000038146973,15.239999771118164,15.210000038146973,15.239999771118164,0
2026-09-25 13:46:00+00:00,15.239999771118164,15.25,15.229999542236328,15.229999542236328,0
2026-09-25 13:47:00+00:00,15.229999542236328,15.239999771118164,15.220000267028809,15.239999771118164,0
2026-09-25 13:48:00+00:00,15.220000267028809,15.270000457763672,15.220000267028809,15.270000457763672,0
2026-09-25 13:49:00+00:00,15.279999732971191,15.279999732971191,15.210000038146973,15.210000038146973,0
2026-09-25 13:50:00+00:00,15.1899995803833,15.1899995803833,15.180000305175781,15.1899995803833,0
2026-09-25 13:51:00+00:00,15.180000305175781,15.1899995803833,15.149999618530273,15.149999618530273,0
2026-09-25 13:52:00+00:00,15.15999984741211,15.15999984741211,15.15999984741211,15.15999984741211,0
2026-09-25 13:53:00+00:00,15.149999618530273,15.149999618530273,15.130000114440918,15.130000114440918,0
2026-09-25 13:54:00+00:00,15.130000114440918,15.140000343322754,15.109999656677246,15.119999885559082,0
2026-09-25 13:55:00+00:00,15.119999885559082,15.119999885559082,15.100000381469727,15.109999656677246,0
2026-09-25 13:56:00+00:00,15.09000015258789,15.109999656677246,15.09000015258789,15.109999656677246,0
2026-09-25 13:57:00+00:00,15.109999656677246,15.140000343322754,15.109999656677246,15.140000343322754,0
2026-09-25 13:58:00+00:00,15.140000343322754,15.149999618530273,15.119999885559082,15.119999885559082,0
2026-09-25 13:59:00+00:00,15.130000114440918,15.15999984741211,15.130000114440918,15.15999984741211,0
2026-09-25 14:00:00+00:00,15.100000381469727,15.220000267028809,15.100000381469727,15.220000267028809,0
2026-09-25 14:01:00+00:00,15.210000038146973,15.319999694824219,15.210000038146973,15.319999694824219,0
2026-09-25 14:02:00+00:00,15.390000343322754,15.449999809265137,15.390000343322754,15.430000305175781,0
2026-09-25 14:03:00+00:00,15.460000038146973,15.520000457763672,15.460000038146973,15.510000228881836,0
2026-09-25 14:04:00+00:00,15.510000228881836,15.630000114440918,15.510000228881836,15.630000114440918,0
2026-09-25 14:05:00+00:00,15.65999984741211,15.880000114440918,15.65999984741211,15.880000114440918,0
2026-09-25 14:06:00+00:00,15.920000076293945,15.920000076293945,15.880000114440918,15.880000114440918,0
2026-09-25 14:07:00+00:00,15.890000343322754,15.890000343322754,15.760000228881836,15.760000228881836,0
2026-09-25 14:08:00+00:00,15.75,15.75,15.680000305175781,15.680000305175781,0
2026-09-25 14:09:00+00:00,15.65999984741211,15.6899995803833,15.640000343322754,15.640000343322754,0
2026-09-25 14:10:00+00:00,15.619999885559082,15.619999885559082,15.59000015258789,15.600000381469727,0
2026-09-25 14:11:00+00:00,15.630000114440918,15.699999809265137,15.630000114440918,15.699999809265137,0
2026-09-25 14:12:00+00:00,15.649999618530273,15.65999984741211,15.649999618530273,15.649999618530273,0
2026-09-25 14:13:00+00:00,15.670000076293945,15.699999809265137,15.670000076293945,15.699999809265137,0
2026-09-25 14:14:00+00:00,15.75,15.789999961853027,15.75,15.789999961853027,0
2026-09-25 14:15:00+00:00,15.800000190734863,15.9399995803833,15.800000190734863,15.8100004196167,0
2026-09-25 14:16:00+00:00,15.800000190734863,15.800000190734863,15.770000457763672,15.789999961853027,0
2026-09-25 14:17:00+00:00,15.84000015258789,15.869999885559082,15.84000015258789,15.859999656677246,0
2026-09-25 14:18:00+00:00,15.850000381469727,15.850000381469727,15.819999694824219,15.850000381469727,0
2026-09-25 14:19:00+00:00,15.869999885559082,15.880000114440918,15.819999694824219,15.819999694824219,0
2026-09-25 14:20:00+00:00,15.789999961853027,15.789999961853027,15.739999771118164,15.760000228881836,0
2026-09-25 14:21:00+00:00,15.710000038146973,15.729999542236328,15.699999809265137,15.729999542236328,0
2026-09-25 14:22:00+00:00,15.729999542236328,15.729999542236328,15.680000305175781,15.680000305175781,0
2026-09-25 14:23:00+00:00,15.670000076293945,15.670000076293945,15.609999656677246,15.609999656677246,0
2026-09-25 14:24:00+00:00,15.630000114440918,15.640000343322754,15.609999656677246,15.640000343322754,0
2026-09-25 14:25:00+00:00,15.619999885559082,15.619999885559082,15.619999885559082,15.619999885559082,0
2026-09-25 14:26:00+00:00,15.5600004196167,15.5600004196167,15.550000190734863,15.5600004196167,0
2026-09-25 14:27:00+00:00,15.5600004196167,15.59000015258789,15.5600004196167,15.579999923706055,0
2026-09-25 14:28:00+00:00,15.600000381469727,15.6899995803833,15.600000381469727,15.6899995803833,0
2026-09-25 14:29:00+00:00,15.670000076293945,15.680000305175781,15.630000114440918,15.680000305175781,0
2026-09-25 14:30:00+00:00,15.6899995803833,15.720000267028809,15.6899995803833,15.699999809265137,0
2026-09-25 14:31:00+00:00,15.710000038146973,15.729999542236328,15.710000038146973,15.729999542236328,0
2026-09-25 14:32:00+00:00,15.699999809265137,15.699999809265137,15.680000305175781,15.680000305175781,0
2026-09-25 14:33:00+00:00,15.670000076293945,15.680000305175781,15.640000343322754,15.640000343322754,0
2026-09-25 14:34:00+00:00,15.65999984741211,15.65999984741211,15.630000114440918,15.630000114440918,0
2026-09-25 14:35:00+00:00,15.630000114440918,15.640000343322754,15.609999656677246,15.609999656677246,0
2026-09-25 14:36:00+00:00,15.609999656677246,15.640000343322754,15.609999656677246,15.630000114440918,0
2026-09-25 14:37:00+00:00,15.630000114440918,15.630000114440918,15.600000381469727,15.600000381469727,0
2026-09-25 14:38:00+00:00,15.59000015258789,15.59000015258789,15.539999961853027,15.550000190734863,0
2026-09-25 14:39:00+00:00,15.569999694824219,15.569999694824219,15.539999961853027,15.539999961853027,0
2026-09-25 14:40:00+00:00,15.539999961853027,15.550000190734863,15.539999961853027,15.550000190734863,0
2026-09-25 14:41:00+00:00,15.569999694824219,15.609999656677246,15.550000190734863,15.609999656677246,0
2026-09-25 14:42:00+00:00,15.640000343322754,15.65999984741211,15.640000343322754,15.65999984741211,0
2026-09-25 14:43:00+00:00,15.649999618530273,15.699999809265137,15.649999618530273,15.699999809265137,0
2026-09-25 14:44:00+00:00,15.699999809265137,15.720000267028809,15.6899995803833,15.6899995803833,0
2026-09-25 14:45:00+00:00,15.649999618530273,15.699999809265137,15.649999618530273,15.680000305175781,0
2026-09-25 14:46:00+00:00,15.649999618530273,15.670000076293945,15.619999885559082,15.640000343322754,0
2026-09-25 14:47:00+00:00,15.649999618530273,15.649999618530273,15.609999656677246,15.609999656677246,0
2026-09-25 14:48:00+00:00,15.619999885559082,15.649999618530273,15.619999885559082,15.649999618530273,0
2026-09-25 14:49:00+00:00,15.670000076293945,15.670000076293945,15.579999923706055,15.579999923706055,0
2026-09-25 14:50:00+00:00,15.579999923706055,15.600000381469727,15.579999923706055,15.600000381469727,0
2026-09-25 14:51:00+00:00,15.600000381469727,15.619999885559082,15.59000015258789,15.619999885559082,0
2026-09-25 14:52:00+00:00,15.670000076293945,15.6899995803833,15.670000076293945,15.680000305175781,0
2026-09-25 14:53:00+00:00,15.680000305175781,15.680000305175781,15.640000343322754,15.640000343322754,0
2026-09-25 14:54:00+00:00,15.65999984741211,15.65999984741211,15.609999656677246,15.609999656677246,0
2026-09-25 14:55:00+00:00,15.609999656677246,15.609999656677246,15.59000015258789,15.59000015258789,0
2026-09-25 14:56:00+00:00,15.5600004196167,15.5600004196167,15.5,15.5,0
2026-09-25 14:57:00+00:00,15.529999732971191,15.529999732971191,15.489999771118164,15.489999771118164,0
2026-09-25 14:58:00+00:00,15.489999771118164,15.520000457763672,15.489999771118164,15.489999771118164,0
2026-09-25 14:59:00+00:00,15.470000267028809,15.470000267028809,15.420000076293945,15.420000076293945,0
2026-09-25 15:00:00+00:00,15.420000076293945,15.420000076293945,15.380000114440918,15.380000114440918,0
2026-09-25 15:01:00+00:00,15.380000114440918,15.380000114440918,15.329999923706055,15.329999923706055,0
2026-09-25 15:02:00+00:00,15.329999923706055,15.329999923706055,15.289999961853027,15.300000190734863,0
2026-09-25 15:03:00+00:00,15.3100004196167,15.3100004196167,15.279999732971191,15.279999732971191,0
2026-09-25 15:04:00+00:00,15.279999732971191,15.279999732971191,15.220000267028809,15.229999542236328,0
2026-09-25 15:05:00+00:00,15.239999771118164,15.239999771118164,15.199999809265137,15.210000038146973,0
2026-09-25 15:06:00+00:00,15.210000038146973,15.210000038146973,15.1899995803833,15.1899995803833,0
2026-09-25 15:07:00+00:00,15.220000267028809,15.229999542236328,15.199999809265137,15.229999542236328,0
2026-09-25 15:08:00+00:00,15.229999542236328,15.260000228881836,15.229999542236328,15.260000228881836,0
2026-09-25 15:09:00+00:00,15.25,15.289999961853027,15.25,15.279999732971191,0
2026-09-25 15:10:00+00:00,15.319999694824219,15.380000114440918,15.319999694824219,15.380000114440918,0
2026-09-25 15:11:00+00:00,15.369999885559082,15.420000076293945,15.369999885559082,15.420000076293945,0
2026-09-25 15:12:00+00:00,15.430000305175781,15.430000305175781,15.420000076293945,15.420000076293945,0
2026-09-25 15:13:00+00:00,15.40999984741211,15.40999984741211,15.390000343322754,15.390000343322754,0
2026-09-25 15:14:00+00:00,15.390000343322754,15.390000343322754,15.369999885559082,15.369999885559082,0
2026-09-25 15:15:00+00:00,15.350000381469727,15.369999885559082,15.350000381469727,15.359999656677246,0
2026-09-25 15:16:00+00:00,15.369999885559082,15.369999885559082,15.350000381469727,15.350000381469727,0
2026-09-25 15:17:00+00:00,15.329999923706055,15.350000381469727,15.329999923706055,15.329999923706055,0
2026-09-25 15:18:00+00:00,15.34000015258789,15.350000381469727,15.34000015258789,15.350000381469727,0
2026-09-25 15:19:00+00:00,15.359999656677246,15.420000076293945,15.359999656677246,15.420000076293945,0
2026-09-25 15:20:00+00:00,15.430000305175781,15.4399995803833,15.40999984741211,15.40999984741211,0
2026-09-25 15:21:00+00:00,15.369999885559082,15.390000343322754,15.34000015258789,15.359999656677246,0
2026-09-25 15:22:00+00:00,15.350000381469727,15.350000381469727,15.329999923706055,15.329999923706055,0
2026-09-25 15:23:00+00:00,15.329999923706055,15.329999923706055,15.319999694824219,15.319999694824219,0
2026-09-25 15:24:00+00:00,15.34000015258789,15.380000114440918,15.34000015258789,15.380000114440918,0
2026-09-25 15:25:00+00:00,15.390000343322754,15.390000343322754,15.369999885559082,15.390000343322754,0
2026-09-25 15:26:00+00:00,15.390000343322754,15.390000343322754,15.369999885559082,15.369999885559082,0
2026-09-25 15:27:00+00:00,15.350000381469727,15.359999656677246,15.34000015258789,15.359999656677246,0
2026-09-25 15:28:00+00:00,15.350000381469727,15.359999656677246,15.350000381469727,15.350000381469727,0
2026-09-25 15:29:00+00:00,15.359999656677246,15.359999656677246,15.34000015258789,15.34000015258789,0
2026-09-25 15:30:00+00:00,15.369999885559082,15.369999885559082,15.279999732971191,15.289999961853027,0
2026-09-25 15:31:00+00:00,15.279999732971191,15.279999732971191,15.279999732971191,15.279999732971191,0
2026-09-25 15:32:00+00:00,15.25,15.25,15.220000267028809,15.239999771118164,0
2026-09-25 15:33:00+00:00,15.229999542236328,15.25,15.229999542236328,15.239999771118164,0
2026-09-25 15:34:00+00:00,15.229999542236328,15.25,15.210000038146973,15.25,0
2026-09-25 15:35:00+00:00,15.279999732971191,15.319999694824219,15.279999732971191,15.319999694824219,0
2026-09-25 15:36:00+00:00,15.300000190734863,15.319999694824219,15.300000190734863,15.319999694824219,0
2026-09-25 15:37:00+00:00,15.34000015258789,15.359999656677246,15.34000015258789,15.34000015258789,0
2026-09-25 15:38:00+00:00,15.319999694824219,15.40999984741211,15.319999694824219,15.40999984741211,0
2026-09-25 15:39:00+00:00,15.40999984741211,15.420000076293945,15.40999984741211,15.420000076293945,0
2026-09-25 15:40:00+00:00,15.40999984741211,15.430000305175781,15.399999618530273,15.399999618530273,0
2026-09-25 15:41:00+00:00,15.380000114440918,15.380000114440918,15.369999885559082,15.369999885559082,0
2026-09-25 15:42:00+00:00,15.350000381469727,15.350000381469727,15.329999923706055,15.34000015258789,0
2026-09-25 15:43:00+00:00,15.350000381469727,15.380000114440918,15.350000381469727,15.380000114440918,0
2026-09-25 15:44:00+00:00,15.399999618530273,15.449999809265137,15.399999618530273,15.4399995803833,0
2026-09-25 15:45:00+00:00,15.460000038146973,15.460000038146973,15.449999809265137,15.460000038146973,0
2026-09-25 15:46:00+00:00,15.470000267028809,15.510000228881836,15.470000267028809,15.470000267028809,0
2026-09-25 15:47:00+00:00,15.4399995803833,15.4399995803833,15.420000076293945,15.430000305175781,0
2026-09-25 15:48:00+00:00,15.4399995803833,15.460000038146973,15.430000305175781,15.430000305175781,0
2026-09-25 15:49:00+00:00,15.430000305175781,15.449999809265137,15.430000305175781,15.4399995803833,0
2026-09-25 15:50:00+00:00,15.420000076293945,15.420000076293945,15.399999618530273,15.420000076293945,0
2026-09-25 15:51:00+00:00,15.420000076293945,15.510000228881836,15.420000076293945,15.510000228881836,0
2026-09-25 15:52:00+00:00,15.529999732971191,15.529999732971191,15.520000457763672,15.520000457763672,0
2026-09-25 15:53:00+00:00,15.520000457763672,15.520000457763672,15.510000228881836,15.510000228881836,0
2026-09-25 15:54:00+00:00,15.5,15.5,15.420000076293945,15.4399995803833,0
2026-09-25 15:55:00+00:00,15.390000343322754,15.390000343322754,15.329999923706055,15.329999923706055,0
2026-09-25 15:56:00+00:00,15.34000015258789,15.34000015258789,15.3100004196167,15.3100004196167,0
2026-09-25 15:57:00+00:00,15.289999961853027,15.289999961853027,15.260000228881836,15.260000228881836,0
2026-09-25 15:58:00+00:00,15.260000228881836,15.260000228881836,15.1899995803833,15.1899995803833,0
2026-09-25 15:59:00+00:00,15.1899995803833,15.1899995803833,15.140000343322754,15.140000343322754,0
2026-09-25 16:00:00+00:00,15.140000343322754,15.140000343322754,15.109999656677246,15.109999656677246,0
2026-09-25 16:01:00+00:00,15.0600004196167,15.079999923706055,15.050000190734863,15.079999923706055,0
2026-09-25 16:02:00+00:00,15.09000015258789,15.09000015258789,15.050000190734863,15.050000190734863,0
2026-09-25 16:03:00+00:00,15.039999961853027,15.039999961853027,15.020000457763672,15.029999732971191,0
2026-09-25 16:04:00+00:00,15.020000457763672,15.0600004196167,15.020000457763672,15.0600004196167,0
2026-09-25 16:05:00+00:00,15.029999732971191,15.039999961853027,14.989999771118164,14.989999771118164,0
2026-09-25 16:06:00+00:00,15.0,15.029999732971191,15.0,15.020000457763672,0
2026-09-25 16:07:00+00:00,15.020000457763672,15.039999961853027,15.020000457763672,15.039999961853027,0
2026-09-25 16:08:00+00:00,15.029999732971191,15.029999732971191,15.020000457763672,15.020000457763672,0
2026-09-25 16:09:00+00:00,15.010000228881836,15.020000457763672,14.989999771118164,14.989999771118164,0
2026-09-25 16:10:00+00:00,15.020000457763672,15.020000457763672,14.979999542236328,14.989999771118164,0
2026-09-25 16:11:00+00:00,14.989999771118164,15.029999732971191,14.989999771118164,15.029999732971191,0
2026-09-25 16:12:00+00:00,15.029999732971191,15.029999732971191,15.020000457763672,15.029999732971191,0
2026-09-25 16:13:00+00:00,15.029999732971191,15.029999732971191,15.020000457763672,15.020000457763672,0
2026-09-25 16:14:00+00:00,15.039999961853027,15.069999694824219,15.039999961853027,15.039999961853027,0
2026-09-25 16:15:00+00:00,15.039999961853027,15.050000190734863,15.020000457763672,15.020000457763672,0
2026-09-25 16:16:00+00:00,15.020000457763672,15.020000457763672,15.0,15.0,0
2026-09-25 16:17:00+00:00,14.989999771118164,15.010000228881836,14.989999771118164,15.010000228881836,0
2026-09-25 16:18:00+00:00,15.029999732971191,15.079999923706055,15.029999732971191,15.079999923706055,0
2026-09-25 16:19:00+00:00,15.09000015258789,15.100000381469727,15.079999923706055,15.079999923706055,0
2026-09-25 16:20:00+00:00,15.079999923706055,15.109999656677246,15.079999923706055,15.109999656677246,0
2026-09-25 16:21:00+00:00,15.119999885559082,15.140000343322754,15.119999885559082,15.140000343322754,0
2026-09-25 16:22:00+00:00,15.130000114440918,15.170000076293945,15.130000114440918,15.170000076293945,0
2026-09-25 16:23:00+00:00,15.15999984741211,15.180000305175781,15.119999885559082,15.119999885559082,0
2026-09-25 16:24:00+00:00,15.15999984741211,15.15999984741211,15.149999618530273,15.15999984741211,0
2026-09-25 16:25:00+00:00,15.149999618530273,15.149999618530273,15.109999656677246,15.109999656677246,0
2026-09-25 16:26:00+00:00,15.109999656677246,15.109999656677246,15.0600004196167,15.0600004196167,0
2026-09-25 16:27:00+00:00,15.029999732971191,15.029999732971191,15.010000228881836,15.010000228881836,0
2026-09-25 16:28:00+00:00,15.010000228881836,15.020000457763672,15.0,15.0,0
2026-09-25 16:29:00+00:00,14.989999771118164,14.989999771118164,14.970000267028809,14.970000267028809,0
2026-09-25 16:30:00+00:00,14.970000267028809,14.979999542236328,14.960000038146973,14.960000038146973,0
2026-09-25 16:31:00+00:00,14.9399995803833,14.9399995803833,14.880000114440918,14.880000114440918,0
2026-09-25 16:32:00+00:00,14.880000114440918,14.880000114440918,14.859999656677246,14.859999656677246,0
2026-09-25 16:33:00+00:00,14.869999885559082,14.869999885559082,14.859999656677246,14.869999885559082,0
2026-09-25 16:34:00+00:00,14.859999656677246,15.0,14.859999656677246,15.0,0
2026-09-25 16:35:00+00:00,14.989999771118164,14.989999771118164,14.930000305175781,14.930000305175781,0
2026-09-25 16:36:00+00:00,14.890000343322754,14.960000038146973,14.890000343322754,14.960000038146973,0
2026-09-25 16:37:00+00:00,14.949999809265137,14.949999809265137,14.890000343322754,14.899999618530273,0
2026-09-25 16:38:00+00:00,14.90999984741211,14.960000038146973,14.90999984741211,14.960000038146973,0
2026-09-25 16:39:00+00:00,14.960000038146973,14.970000267028809,14.960000038146973,14.970000267028809,0
2026-09-25 16:40:00+00:00,14.979999542236328,14.989999771118164,14.979999542236328,14.989999771118164,0
2026-09-25 16:41:00+00:00,15.0,15.020000457763672,14.989999771118164,15.020000457763672,0
2026-09-25 16:42:00+00:00,15.010000228881836,15.010000228881836,14.979999542236328,14.989999771118164,0
2026-09-25 16:43:00+00:00,14.989999771118164,14.989999771118164,14.949999809265137,14.949999809265137,0
2026-09-25 16:44:00+00:00,14.949999809265137,14.960000038146973,14.9399995803833,14.960000038146973,0
2026-09-25 16:45:00+00:00,14.960000038146973,14.970000267028809,14.960000038146973,14.970000267028809,0
2026-09-25 16:46:00+00:00,14.960000038146973,14.989999771118164,14.960000038146973,14.989999771118164,0
2026-09-25 16:47:00+00:00,14.989999771118164,15.010000228881836,14.989999771118164,15.0,0
2026-09-25 16:48:00+00:00,15.0,15.029999732971191,15.0,15.029999732971191,0
2026-09-25 16:49:00+00:00,15.039999961853027,15.0600004196167,15.039999961853027,15.039999961853027,0
2026-09-25 16:50:00+00:00,15.029999732971191,15.029999732971191,15.020000457763672,15.029999732971191,0
2026-09-25 16:51:00+00:00,15.029999732971191,15.029999732971191,15.020000457763672,15.020000457763672,0
2026-09-25 16:52:00+00:00,15.020000457763672,15.020000457763672,15.0,15.020000457763672,0
2026-09-25 16:53:00+00:00,15.010000228881836,15.010000228881836,15.0,15.010000228881836,0
2026-09-25 16:54:00+00:00,15.020000457763672,15.020000457763672,15.0,15.0,0
2026-09-25 16:55:00+00:00,15.0,15.010000228881836,15.0,15.0,0
2026-09-25 16:56:00+00:00,15.0,15.0,15.0,15.0,0
2026-09-25 16:57:00+00:00,15.0,15.029999732971191,15.0,15.029999732971191,0
2026-09-25 16:58:00+00:00,15.029999732971191,15.039999961853027,15.029999732971191,15.029999732971191,0
2026-09-25 16:59:00+00:00,15.039999961853027,15.069999694824219,15.039999961853027,15.039999961853027,0
2026-09-25 17:00:00+00:00,15.0600004196167,15.069999694824219,15.050000190734863,15.069999694824219,0
2026-09-25 17:01:00+00:00,15.0600004196167,15.0600004196167,15.0,15.0,0
2026-09-25 17:02:00+00:00,15.039999961853027,15.039999961853027,15.020000457763672,15.020000457763672,0
2026-09-25 17:03:00+00:00,15.029999732971191,15.029999732971191,15.020000457763672,15.020000457763672,0
2026-09-25 17:04:00+00:00,15.029999732971191,15.029999732971191,15.020000457763672,15.020000457763672,0
2026-09-25 17:05:00+00:00,15.020000457763672,15.020000457763672,15.010000228881836,15.020000457763672,0
2026-09-25 17:06:00+00:00,15.020000457763672,15.020000457763672,15.020000457763672,15.020000457763672,0
2026-09-25 17:07:00+00:00,15.029999732971191,15.050000190734863,15.020000457763672,15.050000190734863,0
2026-09-25 17:08:00+00:00,15.039999961853027,15.079999923706055,15.039999961853027,15.069999694824219,0
2026-09-25 17:09:00+00:00,15.050000190734863,15.050000190734863,15.020000457763672,15.020000457763672,0
2026-09-25 17:10:00+00:00,15.010000228881836,15.020000457763672,15.010000228881836,15.010000228881836,0
2026-09-25 17:11:00+00:00,15.020000457763672,15.039999961853027,15.020000457763672,15.039999961853027,0
2026-09-25 17:12:00+00:00,15.039999961853027,15.039999961853027,15.039999961853027,15.039999961853027,0
2026-09-25 17:13:00+00:00,15.029999732971191,15.029999732971191,15.0,15.0,0
2026-09-25 17:14:00+00:00,15.010000228881836,15.010000228881836,15.0,15.0,0
2026-09-25 17:15:00+00:00,14.989999771118164,14.989999771118164,14.989999771118164,14.989999771118164,0
2026-09-25 17:16:00+00:00,14.989999771118164,15.0,14.989999771118164,15.0,0
2026-09-25 17:17:00+00:00,15.0,15.0,14.979999542236328,15.0,0
2026-09-25 17:18:00+00:00,15.010000228881836,15.020000457763672,15.010000228881836,15.020000457763672,0
2026-09-25 17:19:00+00:00,15.010000228881836,15.010000228881836,15.0,15.010000228881836,0
2026-09-25 17:20:00+00:00,15.010000228881836,15.020000457763672,15.0,15.020000457763672,0
2026-09-25 17:21:00+00:00,15.020000457763672,15.020000457763672,15.020000457763672,15.020000457763672,0
2026-09-25 17:22:00+00:00,15.020000457763672,15.020000457763672,15.010000228881836,15.010000228881836,0
2026-09-25 17:23:00+00:00,15.010000228881836,15.010000228881836,15.0,15.010000228881836,0
2026-09-25 17:24:00+00:00,15.0,15.0,14.979999542236328,14.979999542236328,0
2026-09-25 17:25:00+00:00,14.979999542236328,14.979999542236328,14.979999542236328,14.979999542236328,0
2026-09-25 17:26:00+00:00,14.989999771118164,14.989999771118164,14.989999771118164,14.989999771118164,0
2026-09-25 17:27:00+00:00,14.989999771118164,14.989999771118164,14.989999771118164,14.989999771118164,0
2026-09-25 17:28:00+00:00,14.989999771118164,14.989999771118164,14.989999771118164,14.989999771118164,0
2026-09-25 17:29:00+00:00,14.989999771118164,14.989999771118164,14.979999542236328,14.979999542236328,0
2026-09-25 17:30:00+00:00,14.979999542236328,14.979999542236328,14.979999542236328,14.979999542236328,0
2026-09-25 17:31:00+00:00,14.979999542236328,15.020000457763672,14.979999542236328,15.010000228881836,0
2026-09-25 17:32:00+00:00,15.010000228881836,15.010000228881836,15.0,15.0,0
2026-09-25 17:33:00+00:00,15.0,15.0,14.989999771118164,14.989999771118164,0
2026-09-25 17:34:00+00:00,15.020000457763672,15.039999961853027,15.020000457763672,15.029999732971191,0
2026-09-25 17:35:00+00:00,15.029999732971191,15.029999732971191,15.029999732971191,15.029999732971191,0
2026-09-25 17:36:00+00:00,15.029999732971191,15.050000190734863,15.029999732971191,15.050000190734863,0
2026-09-25 17:37:00+00:00,15.039999961853027,15.039999961853027,15.039999961853027,15.039999961853027,0
2026-09-25 17:38:00+00:00,15.039999961853027,15.039999961853027,15.029999732971191,15.029999732971191,0
2026-09-25 17:39:00+00:00,15.029999732971191,15.029999732971191,15.020000457763672,15.020000457763672,0
2026-09-25 17:40:00+00:00,15.0,15.0,14.979999542236328,14.989999771118164,0
2026-09-25 17:41:00+00:00,14.989999771118164,14.989999771118164,14.970000267028809,14.979999542236328,0
2026-09-25 17:42:00+00:00,14.979999542236328,14.979999542236328,14.979999542236328,14.979999542236328,0
2026-09-25 17:43:00+00:00,14.979999542236328,14.989999771118164,14.979999542236328,14.989999771118164,0
2026-09-25 17:44:00+00:00,14.989999771118164,15.0,14.979999542236328,15.0,0
2026-09-25 17:45:00+00:00,15.0,15.0,15.0,15.0,0
2026-09-25 17:46:00+00:00,15.0,15.010000228881836,15.0,15.0,0
2026-09-25 17:47:00+00:00,15.0,15.010000228881836,15.0,15.010000228881836,0
2026-09-25 17:48:00+00:00,15.010000228881836,15.010000228881836,15.0,15.0,0
2026-09-25 17:49:00+00:00,15.0,15.0,14.979999542236328,14.989999771118164,0
2026-09-25 17:50:00+00:00,14.989999771118164,15.0,14.989999771118164,15.0,0
2026-09-25 17:51:00+00:00,15.0,15.010000228881836,15.0,15.010000228881836,0
2026-09-25 17:52:00+00:00,15.010000228881836,15.020000457763672,15.010000228881836,15.020000457763672,0
2026-09-25 17:53:00+00:00,15.020000457763672,15.029999732971191,15.010000228881836,15.010000228881836,0
2026-09-25 17:54:00+00:00,15.010000228881836,15.039999961853027,15.010000228881836,15.029999732971191,0
2026-09-25 17:55:00+00:00,15.029999732971191,15.039999961853027,15.029999732971191,15.029999732971191,0
2026-09-25 17:56:00+00:00,15.020000457763672,15.020000457763672,15.020000457763672,15.020000457763672,0
2026-09-25 17:57:00+00:00,15.029999732971191,15.029999732971191,15.020000457763672,15.020000457763672,0
2026-09-25 17:58:00+00:00,15.020000457763672,15.020000457763672,15.0,15.0,0
2026-09-25 17:59:00+00:00,15.0,15.0,14.989999771118164,14.989999771118164,0
2026-09-25 18:00:00+00:00,14.979999542236328,14.989999771118164,14.979999542236328,14.979999542236328,0
2026-09-25 18:01:00+00:00,14.989999771118164,14.989999771118164,14.979999542236328,14.979999542236328,0
2026-09-25 18:02:00+00:00,14.979999542236328,14.979999542236328,14.970000267028809,14.979999542236328,0
2026-09-25 18:03:00+00:00,14.979999542236328,14.979999542236328,14.979999542236328,14.979999542236328,0
2026-09-25 18:04:00+00:00,14.979999542236328,14.989999771118164,14.979999542236328,14.989999771118164,0
2026-09-25 18:05:00+00:00,14.989999771118164,14.989999771118164,14.989999771118164,14.989999771118164,0
2026-09-25 18:06:00+00:00,15.0,15.0,14.989999771118164,14.989999771118164,0
2026-09-25 18:07:00+00:00,14.989999771118164,15.0,14.989999771118164,15.0,0
2026-09-25 18:08:00+00:00,15.0,15.0,14.979999542236328,14.979999542236328,0
2026-09-25 18:09:00+00:00,14.979999542236328,14.979999542236328,14.979999542236328,14.979999542236328,0
2026-09-25 18:10:00+00:00,14.979999542236328,14.979999542236328,14.979999542236328,14.979999542236328,0
2026-09-25 18:11:00+00:00,14.979999542236328,14.989999771118164,14.979999542236328,14.989999771118164,0
2026-09-25 18:12:00+00:00,14.989999771118164,15.0,14.979999542236328,14.979999542236328,0
2026-09-25 18:13:00+00:00,14.970000267028809,14.970000267028809,14.960000038146973,14.960000038146973,0
2026-09-25 18:14:00+00:00,14.949999809265137,14.949999809265137,14.949999809265137,14.949999809265137,0
2026-09-25 18:15:00+00:00,14.949999809265137,14.949999809265137,14.949999809265137,14.949999809265137,0
2026-09-25 18:16:00+00:00,14.949999809265137,14.970000267028809,14.949999809265137,14.970000267028809,0
2026-09-25 18:17:00+00:00,14.970000267028809,14.970000267028809,14.970000267028809,14.970000267028809,0
2026-09-25 18:18:00+00:00,14.960000038146973,14.960000038146973,14.960000038146973,14.960000038146973,0
2026-09-25 18:19:00+00:00,14.960000038146973,14.970000267028809,14.960000038146973,14.970000267028809,0
2026-09-25 18:20:00+00:00,14.970000267028809,14.979999542236328,14.970000267028809,14.979999542236328,0
2026-09-25 18:21:00+00:00,14.979999542236328,14.979999542236328,14.979999542236328,14.979999542236328,0
2026-09-25 18:22:00+00:00,14.989999771118164,14.989999771118164,14.979999542236328,14.989999771118164,0
2026-09-25 18:23:00+00:00,15.0,15.0,14.989999771118164,15.0,0
2026-09-25 18:24:00+00:00,14.989999771118164,14.989999771118164,14.979999542236328,14.979999542236328,0
2026-09-25 18:25:00+00:00,14.989999771118164,14.989999771118164,14.989999771118164,14.989999771118164,0
2026-09-25 18:26:00+00:00,14.989999771118164,15.029999732971191,14.989999771118164,15.029999732971191,0
2026-09-25 18:27:00+00:00,15.039999961853027,15.039999961853027,15.029999732971191,15.039999961853027,0
2026-09-25 18:28:00+00:00,15.079999923706055,15.079999923706055,15.069999694824219,15.069999694824219,0
2026-09-25 18:29:00+00:00,15.069999694824219,15.069999694824219,15.050000190734863,15.050000190734863,0
2026-09-25 18:30:00+00:00,15.039999961853027,15.039999961853027,14.970000267028809,14.970000267028809,0
2026-09-25 18:31:00+00:00,14.970000267028809,14.970000267028809,14.949999809265137,14.960000038146973,0
2026-09-25 18:32:00+00:00,14.960000038146973,14.960000038146973,14.960000038146973,14.960000038146973,0
2026-09-25 18:33:00+00:00,14.960000038146973,14.960000038146973,14.949999809265137,14.949999809265137,0
2026-09-25 18:34:00+00:00,14.949999809265137,14.949999809265137,14.949999809265137,14.949999809265137,0
2026-09-25 18:35:00+00:00,14.949999809265137,14.970000267028809,14.949999809265137,14.960000038146973,0
2026-09-25 18:36:00+00:00,14.960000038146973,14.970000267028809,14.960000038146973,14.960000038146973,0
2026-09-25 18:37:00+00:00,14.970000267028809,15.0,14.970000267028809,15.0,0
2026-09-25 18:38:00+00:00,15.0,15.020000457763672,15.0,15.010000228881836,0
2026-09-25 18:39:00+00:00,15.010000228881836,15.020000457763672,15.010000228881836,15.010000228881836,0
2026-09-25 18:40:00+00:00,15.010000228881836,15.029999732971191,15.010000228881836,15.010000228881836,0
2026-09-25 18:41:00+00:00,15.010000228881836,15.010000228881836,14.989999771118164,14.989999771118164,0
2026-09-25 18:42:00+00:00,14.989999771118164,14.989999771118164,14.979999542236328,14.989999771118164,0
2026-09-25 18:43:00+00:00,14.979999542236328,14.979999542236328,14.979999542236328,14.979999542236328,0
2026-09-25 18:44:00+00:00,14.989999771118164,14.989999771118164,14.970000267028809,14.970000267028809,0
2026-09-25 18:45:00+00:00,14.970000267028809,14.970000267028809,14.960000038146973,14.960000038146973,0
2026-09-25 18:46:00+00:00,14.949999809265137,14.949999809265137,14.9399995803833,14.9399995803833,0
2026-09-25 18:47:00+00:00,14.949999809265137,14.970000267028809,14.949999809265137,14.970000267028809,0
2026-09-25 18:48:00+00:00,14.970000267028809,14.970000267028809,14.960000038146973,14.960000038146973,0
2026-09-25 18:49:00+00:00,14.960000038146973,14.960000038146973,14.949999809265137,14.949999809265137,0
2026-09-25 18:50:00+00:00,14.949999809265137,14.960000038146973,14.949999809265137,14.960000038146973,0
2026-09-25 18:51:00+00:00,14.949999809265137,14.949999809265137,14.949999809265137,14.949999809265137,0
2026-09-25 18:52:00+00:00,14.949999809265137,14.949999809265137,14.949999809265137,14.949999809265137,0
2026-09-25 18:53:00+00:00,14.9399995803833,14.9399995803833,14.9399995803833,14.9399995803833,0
2026-09-25 18:54:00+00:00,14.9399995803833,14.949999809265137,14.9399995803833,14.949999809265137,0
2026-09-25 18:55:00+00:00,14.949999809265137,14.949999809265137,14.930000305175781,14.9399995803833,0
2026-09-25 18:56:00+00:00,14.9399995803833,14.9399995803833,14.9399995803833,14.9399995803833,0
2026-09-25 18:57:00+00:00,14.9399995803833,14.9399995803833,14.9399995803833,14.9399995803833,0
2026-09-25 18:58:00+00:00,14.9399995803833,14.9399995803833,14.920000076293945,14.920000076293945,0
2026-09-25 18:59:00+00:00,14.920000076293945,14.920000076293945,14.920000076293945,14.920000076293945,0
2026-09-25 19:00:00+00:00,14.930000305175781,14.930000305175781,14.920000076293945,14.920000076293945,0
2026-09-25 19:01:00+00:00,14.920000076293945,14.920000076293945,14.90999984741211,14.920000076293945,0
2026-09-25 19:02:00+00:00,14.90999984741211,14.930000305175781,14.90999984741211,14.930000305175781,0
2026-09-25 19:03:00+00:00,14.930000305175781,14.960000038146973,14.930000305175781,14.949999809265137,0
2026-09-25 19:04:00+00:00,14.9399995803833,14.9399995803833,14.9399995803833,14.9399995803833,0
2026-09-25 19:05:00+00:00,14.9399995803833,14.949999809265137,14.9399995803833,14.9399995803833,0
2026-09-25 19:06:00+00:00,14.949999809265137,14.949999809265137,14.949999809265137,14.949999809265137,0
2026-09-25 19:07:00+00:00,14.949999809265137,14.949999809265137,14.920000076293945,14.920000076293945,0
2026-09-25 19:08:00+00:00,14.930000305175781,14.930000305175781,14.930000305175781,14.930000305175781,0
2026-09-25 19:09:00+00:00,14.930000305175781,14.949999809265137,14.930000305175781,14.949999809265137,0
2026-09-25 19:10:00+00:00,14.9399995803833,14.9399995803833,14.930000305175781,14.930000305175781,0
2026-09-25 19:11:00+00:00,14.930000305175781,14.930000305175781,14.90999984741211,14.90999984741211,0
2026-09-25 19:12:00+00:00,14.899999618530273,14.899999618530273,14.890000343322754,14.890000343322754,0
2026-09-25 19:13:00+00:00,14.880000114440918,14.880000114440918,14.880000114440918,14.880000114440918,0
2026-09-25 19:14:00+00:00,14.869999885559082,14.869999885559082,14.859999656677246,14.859999656677246,0
2026-09-25 19:15:00+00:00,14.859999656677246,14.859999656677246,14.84000015258789,14.84000015258789,0
2026-09-25 19:16:00+00:00,14.84000015258789,14.850000381469727,14.84000015258789,14.850000381469727,0
2026-09-25 19:17:00+00:00,14.850000381469727,14.850000381469727,14.84000015258789,14.84000015258789,0
2026-09-25 19:18:00+00:00,14.84000015258789,14.84000015258789,14.84000015258789,14.84000015258789,0
2026-09-25 19:19:00+00:00,14.84000015258789,14.859999656677246,14.84000015258789,14.859999656677246,0
2026-09-25 19:20:00+00:00,14.850000381469727,14.859999656677246,14.850000381469727,14.859999656677246,0
2026-09-25 19:21:00+00:00,14.859999656677246,14.859999656677246,14.850000381469727,14.859999656677246,0
2026-09-25 19:22:00+00:00,14.859999656677246,14.869999885559082,14.859999656677246,14.869999885559082,0
2026-09-25 19:23:00+00:00,14.880000114440918,14.890000343322754,14.880000114440918,14.890000343322754,0
2026-09-25 19:24:00+00:00,14.880000114440918,14.880000114440918,14.869999885559082,14.869999885559082,0
2026-09-25 19:25:00+00:00,14.869999885559082,14.880000114440918,14.869999885559082,14.880000114440918,0
2026-09-25 19:26:00+00:00,14.880000114440918,14.90999984741211,14.880000114440918,14.90999984741211,0
2026-09-25 19:27:00+00:00,14.90999984741211,14.90999984741211,14.899999618530273,14.90999984741211,0
2026-09-25 19:28:00+00:00,14.90999984741211,14.920000076293945,14.899999618530273,14.899999618530273,0
2026-09-25 19:29:00+00:00,14.899999618530273,14.899999618530273,14.890000343322754,14.890000343322754,0
2026-09-25 19:30:00+00:00,14.880000114440918,14.890000343322754,14.880000114440918,14.880000114440918,0
2026-09-25 19:31:00+00:00,14.880000114440918,14.890000343322754,14.869999885559082,14.880000114440918,0
2026-09-25 19:32:00+00:00,14.859999656677246,14.859999656677246,14.850000381469727,14.850000381469727,0
2026-09-25 19:33:00+00:00,14.84000015258789,14.84000015258789,14.829999923706055,14.829999923706055,0
2026-09-25 19:34:00+00:00,14.84000015258789,14.859999656677246,14.84000015258789,14.859999656677246,0
2026-09-25 19:35:00+00:00,14.869999885559082,14.869999885559082,14.859999656677246,14.859999656677246,0
2026-09-25 19:36:00+00:00,14.859999656677246,14.859999656677246,14.850000381469727,14.850000381469727,0
2026-09-25 19:37:00+00:00,14.84000015258789,14.84000015258789,14.779999732971191,14.779999732971191,0
2026-09-25 19:38:00+00:00,14.779999732971191,14.779999732971191,14.770000457763672,14.770000457763672,0
2026-09-25 19:39:00+00:00,14.779999732971191,14.779999732971191,14.770000457763672,14.770000457763672,0
2026-09-25 19:40:00+00:00,14.760000228881836,14.760000228881836,14.75,14.760000228881836,0
2026-09-25 19:41:00+00:00,14.760000228881836,14.760000228881836,14.699999809265137,14.699999809265137,0
2026-09-25 19:42:00+00:00,14.699999809265137,14.710000038146973,14.699999809265137,14.710000038146973,0
2026-09-25 19:43:00+00:00,14.710000038146973,14.710000038146973,14.699999809265137,14.710000038146973,0
2026-09-25 19:44:00+00:00,14.720000267028809,14.729999542236328,14.720000267028809,14.729999542236328,0
2026-09-25 19:45:00+00:00,14.729999542236328,14.760000228881836,14.680000305175781,14.760000228881836,0
2026-09-25 19:46:00+00:00,14.770000457763672,14.779999732971191,14.760000228881836,14.770000457763672,0
2026-09-25 19:47:00+00:00,14.760000228881836,14.770000457763672,14.760000228881836,14.770000457763672,0
2026-09-25 19:48:00+00:00,14.770000457763672,14.779999732971191,14.770000457763672,14.779999732971191,0
2026-09-25 19:49:00+00:00,14.800000190734863,14.800000190734863,14.789999961853027,14.789999961853027,0
2026-09-25 19:50:00+00:00,14.800000190734863,14.800000190734863,14.770000457763672,14.789999961853027,0
2026-09-25 19:51:00+00:00,14.779999732971191,14.800000190734863,14.770000457763672,14.800000190734863,0
2026-09-25 19:52:00+00:00,14.789999961853027,14.789999961853027,14.789999961853027,14.789999961853027,0
2026-09-25 19:53:00+00:00,14.800000190734863,14.800000190734863,14.789999961853027,14.789999961853027,0
2026-09-25 19:54:00+00:00,14.789999961853027,14.800000190734863,14.789999961853027,14.800000190734863,0
2026-09-25 19:55:00+00:00,14.800000190734863,14.8100004196167,14.800000190734863,14.800000190734863,0
2026-09-25 19:56:00+00:00,14.819999694824219,14.84000015258789,14.819999694824219,14.84000015258789,0
2026-09-25 19:57:00+00:00,14.84000015258789,14.84000015258789,14.829999923706055,14.84000015258789,0
2026-09-25 19:58:00+00:00,14.829999923706055,14.829999923706055,14.819999694824219,14.819999694824219,0
2026-09-25 19:59:00+00:00,14.819999694824219,14.84000015258789,14.819999694824219,14.84000015258789,0
2026-09-25 20:00:00+00:00,14.84000015258789,14.850000381469727,14.84000015258789,14.84000015258789,0
2026-09-25 20:01:00+00:00,14.829999923706055,14.859999656677246,14.829999923706055,14.859999656677246,0
2026-09-25 20:02:00+00:00,14.859999656677246,14.859999656677246,14.850000381469727,14.850000381469727,0
2026-09-25 20:03:00+00:00,14.850000381469727,14.850000381469727,14.84000015258789,14.84000015258789,0
2026-09-25 20:04:00+00:00,14.84000015258789,14.869999885559082,14.84000015258789,14.869999885559082,0
2026-09-25 20:05:00+00:00,14.869999885559082,14.899999618530273,14.869999885559082,14.890000343322754,0
2026-09-25 20:06:00+00:00,14.890000343322754,14.890000343322754,14.890000343322754,14.890000343322754,0
2026-09-25 20:07:00+00:00,14.899999618530273,14.899999618530273,14.890000343322754,14.899999618530273,0
2026-09-25 20:08:00+00:00,14.899999618530273,14.899999618530273,14.890000343322754,14.899999618530273,0
2026-09-25 20:09:00+00:00,14.890000343322754,14.890000343322754,14.880000114440918,14.880000114440918,0
2026-09-25 20:10:00+00:00,14.890000343322754,14.890000343322754,14.880000114440918,14.880000114440918,0
2026-09-25 20:11:00+00:00,14.880000114440918,14.899999618530273,14.880000114440918,14.899999618530273,0
2026-09-25 20:12:00+00:00,14.90999984741211,14.90999984741211,14.899999618530273,14.899999618530273,0
2026-09-25 20:13:00+00:00,14.899999618530273,14.899999618530273,14.890000343322754,14.890000343322754,0
2026-09-25 20:14:00+00:00,14.880000114440918,14.890000343322754,14.869999885559082,14.869999885559082,0
