ts,open,high,low,close,volume
2026-09-10 13:30:00+00:00,96.8499984741211,96.98999786376952,96.83999633789062,96.87000274658205,59872
2026-09-10 13:31:00+00:00,96.88999938964844,96.88999938964844,96.75,96.76000213623048,31105
2026-09-10 13:32:00+00:00,96.76000213623048,96.8000030517578,96.72000122070312,96.75,89687
2026-09-10 13:33:00+00:00,96.75,96.83499908447266,96.73999786376952,96.80999755859376,47442
2026-09-10 13:34:00+00:00,96.80999755859376,96.80999755859376,96.7300033569336,96.7300033569336,4105
2026-09-10 13:35:00+00:00,96.72000122070312,96.76499938964844,96.70500183105467,96.75,25626
2026-09-10 13:36:00+00:00,96.8000030517578,96.83999633789062,96.7699966430664,96.7699966430664,1926
2026-09-10 13:37:00+00:00,96.76000213623048,96.7699966430664,96.70999908447266,96.76000213623048,8332
2026-09-10 13:38:00+00:00,96.77999877929688,96.77999877929688,96.6999969482422,96.6999969482422,5634
2026-09-10 13:39:00+00:00,96.70999908447266,96.87000274658205,96.70999908447266,96.87000274658205,5219
2026-09-10 13:40:00+00:00,96.86499786376952,96.87999725341795,96.83999633789062,96.87999725341795,2560
2026-09-10 13:41:00+00:00,96.87999725341795,96.91999816894533,96.87999725341795,96.91000366210938,2972
2026-09-10 13:42:00+00:00,96.91999816894533,96.9499969482422,96.8499984741211,96.88999938964844,32981
2026-09-10 13:43:00+00:00,96.9000015258789,96.91999816894533,96.87000274658205,96.87000274658205,38769
2026-09-10 13:44:00+00:00,96.86499786376952,96.87000274658205,96.79000091552734,96.79000091552734,61217
2026-09-10 13:45:00+00:00,96.77999877929688,96.8499984741211,96.77999877929688,96.83999633789062,64571
2026-09-10 13:46:00+00:00,96.86499786376952,96.87000274658205,96.81500244140624,96.86000061035156,5100
2026-09-10 13:47:00+00:00,96.88500213623048,96.88500213623048,96.83000183105467,96.87999725341795,2109
2026-09-10 13:48:00+00:00,96.87000274658205,96.9000015258789,96.8499984741211,96.86000061035156,6330
2026-09-10 13:49:00+00:00,96.84500122070312,96.95999908447266,96.84500122070312,96.9250030517578,7500
2026-09-10 13:50:00+00:00,96.9000015258789,96.9000015258789,96.80500030517578,96.81999969482422,9338
2026-09-10 13:51:00+00:00,96.7699966430664,96.7699966430664,96.6999969482422,96.70999908447266,6789
2026-09-10 13:52:00+00:00,96.69499969482422,96.79000091552734,96.69499969482422,96.77999877929688,10558
2026-09-10 13:53:00+00:00,96.7750015258789,96.77999877929688,96.73500061035156,96.73999786376952,3962
2026-09-10 13:54:00+00:00,96.72000122070312,96.76000213623048,96.70999908447266,96.71499633789062,2192
2026-09-10 13:55:00+00:00,96.69000244140624,96.7300033569336,96.69000244140624,96.69499969482422,14068
2026-09-10 13:56:00+00:00,96.69000244140624,96.72000122070312,96.68499755859376,96.70999908447266,3780
2026-09-10 13:57:00+00:00,96.70999908447266,96.71499633789062,96.69000244140624,96.6999969482422,7039
2026-09-10 13:58:00+00:00,96.6999969482422,96.7300033569336,96.6999969482422,96.71499633789062,5787
2026-09-10 13:59:00+00:00,96.69000244140624,96.6999969482422,96.66000366210938,96.66829681396484,2315
2026-09-10 14:00:00+00:00,96.66999816894533,96.73500061035156,96.66999816894533,96.70249938964844,3264
2026-09-10 14:01:00+00:00,96.6999969482422,96.81999969482422,96.6999969482422,96.81999969482422,2982
2026-09-10 14:02:00+00:00,96.83000183105467,96.86000061035156,96.83000183105467,96.86000061035156,1496
2026-09-10 14:03:00+00:00,96.87000274658205,96.91000366210938,96.86000061035156,96.87999725341795,4006
2026-09-10 14:04:00+00:00,96.88999938964844,96.88999938964844,96.83000183105467,96.83000183105467,2509
2026-09-10 14:05:00+00:00,96.83499908447266,96.8550033569336,96.81500244140624,96.81500244140624,4473
2026-09-10 14:06:00+00:00,96.81999969482422,96.8249969482422,96.80500030517578,96.80500030517578,9952
2026-09-10 14:07:00+00:00,96.83699798583984,96.87000274658205,96.8000030517578,96.8000030517578,20582
2026-09-10 14:08:00+00:00,96.79000091552734,96.79460144042967,96.78500366210938,96.78500366210938,1522
2026-09-10 14:09:00+00:00,96.7699966430664,96.7699966430664,96.75,96.7689971923828,4314
2026-09-10 14:10:00+00:00,96.81999969482422,96.81999969482422,96.8000030517578,96.8000030517578,1014
2026-09-10 14:11:00+00:00,96.8000030517578,96.8499984741211,96.78500366210938,96.81999969482422,3437
2026-09-10 14:12:00+00:00,96.81999969482422,96.81999969482422,96.7300033569336,96.7300033569336,2230
2026-09-10 14:13:00+00:00,96.7300033569336,96.74500274658205,96.6999969482422,96.70999908447266,12367
2026-09-10 14:14:00+00:00,96.70999908447266,96.7300033569336,96.6999969482422,96.6999969482422,5689
2026-09-10 14:15:00+00:00,96.69000244140624,96.72000122070312,96.66500091552734,96.69000244140624,16023
2026-09-10 14:16:00+00:00,96.6802978515625,96.6802978515625,96.6500015258789,96.66000366210938,1809
2026-09-10 14:17:00+00:00,96.66000366210938,96.66000366210938,96.62999725341795,96.62999725341795,2619
2026-09-10 14:18:00+00:00,96.62999725341795,96.70999908447266,96.62000274658205,96.70999908447266,1567
2026-09-10 14:19:00+00:00,96.6999969482422,96.79000091552734,96.6999969482422,96.76000213623048,35056
2026-09-10 14:20:00+00:00,96.73500061035156,96.80999755859376,96.7300033569336,96.77999877929688,67267
2026-09-10 14:21:00+00:00,96.8000030517578,96.86000061035156,96.8000030517578,96.8550033569336,5499
2026-09-10 14:22:00+00:00,96.87999725341795,96.94000244140624,96.87999725341795,96.93499755859376,4421
2026-09-10 14:23:00+00:00,96.9000015258789,96.9000015258789,96.87000274658205,96.88999938964844,3133
2026-09-10 14:24:00+00:00,96.89990234375,97.16000366210938,96.87999725341795,97.08999633789062,124853
2026-09-10 14:25:00+00:00,97.11499786376952,97.22000122070312,97.11499786376952,97.13999938964844,45717
2026-09-10 14:26:00+00:00,97.11000061035156,97.11000061035156,97.0,97.0199966430664,8720
2026-09-10 14:27:00+00:00,96.98999786376952,97.02999877929688,96.98999786376952,97.00499725341795,6505
2026-09-10 14:28:00+00:00,97.0,97.02999877929688,97.0,97.0199966430664,3346
2026-09-10 14:29:00+00:00,97.02999877929688,97.02999877929688,96.95999908447266,96.95999908447266,1910
2026-09-10 14:30:00+00:00,96.9499969482422,96.95999908447266,96.90499877929688,96.94000244140624,10103
2026-09-10 14:31:00+00:00,96.93000030517578,96.966796875,96.93000030517578,96.966796875,4084
2026-09-10 14:32:00+00:00,96.95999908447266,96.9800033569336,96.93000030517578,96.9800033569336,2461
2026-09-10 14:33:00+00:00,96.96990203857422,96.9749984741211,96.94499969482422,96.94499969482422,3341
2026-09-10 14:34:00+00:00,96.9499969482422,96.98500061035156,96.9499969482422,96.97000122070312,1943
2026-09-10 14:35:00+00:00,97.01000213623048,97.08000183105467,97.01000213623048,97.06500244140624,21683
2026-09-10 14:36:00+00:00,97.04000091552734,97.0749969482422,97.0,97.0749969482422,4841
2026-09-10 14:37:00+00:00,97.06999969482422,97.08000183105467,97.0500030517578,97.0749969482422,6238
2026-09-10 14:38:00+00:00,97.06999969482422,97.06999969482422,96.9800033569336,97.00499725341795,4334
2026-09-10 14:39:00+00:00,97.0,97.0,96.91000366210938,96.91500091552734,62051
2026-09-10 14:40:00+00:00,96.91000366210938,96.9499969482422,96.9000015258789,96.93499755859376,1736
2026-09-10 14:41:00+00:00,96.9499969482422,96.96499633789062,96.94499969482422,96.9499969482422,1366
2026-09-10 14:42:00+00:00,96.94499969482422,96.95999908447266,96.88999938964844,96.88999938964844,1702
2026-09-10 14:43:00+00:00,96.87999725341795,96.88999938964844,96.8499984741211,96.8499984741211,3364
2026-09-10 14:44:00+00:00,96.87000274658205,96.87000274658205,96.8499984741211,96.86499786376952,1358
2026-09-10 14:45:00+00:00,96.86000061035156,96.88999938964844,96.83000183105467,96.83000183105467,14749
2026-09-10 14:46:00+00:00,96.83499908447266,96.86000061035156,96.83000183105467,96.84500122070312,3120
2026-09-10 14:47:00+00:00,96.84500122070312,96.84500122070312,96.78500366210938,96.78500366210938,4880
2026-09-10 14:48:00+00:00,96.77999877929688,96.8249969482422,96.77999877929688,96.8249969482422,1438
2026-09-10 14:49:00+00:00,96.8249969482422,96.87000274658205,96.81500244140624,96.8499984741211,6152
2026-09-10 14:50:00+00:00,96.86499786376952,96.87000274658205,96.83499908447266,96.84500122070312,4219
2026-09-10 14:51:00+00:00,96.8499984741211,96.86000061035156,96.8249969482422,96.8499984741211,3578
2026-09-10 14:52:00+00:00,96.87000274658205,96.87000274658205,96.80999755859376,96.8550033569336,3503
2026-09-10 14:53:00+00:00,96.87000274658205,96.87000274658205,96.8550033569336,96.87000274658205,4931
2026-09-10 14:54:00+00:00,96.875,96.88500213623048,96.86000061035156,96.87000274658205,3463
2026-09-10 14:55:00+00:00,96.88500213623048,96.88999938964844,96.84500122070312,96.8499984741211,17782
2026-09-10 14:56:00+00:00,96.83999633789062,96.91000366210938,96.83999633789062,96.91000366210938,6596
2026-09-10 14:57:00+00:00,96.91000366210938,96.91999816894533,96.88999938964844,96.91999816894533,2690
2026-09-10 14:58:00+00:00,96.91999816894533,96.94000244140624,96.91000366210938,96.93000030517578,5973
2026-09-10 14:59:00+00:00,96.91010284423828,96.95999908447266,96.91010284423828,96.95999908447266,17470
2026-09-10 15:00:00+00:00,96.96499633789062,96.96499633789062,96.87000274658205,96.88500213623048,5580
2026-09-10 15:01:00+00:00,96.87000274658205,96.87000274658205,96.83000183105467,96.84500122070312,2959
2026-09-10 15:02:00+00:00,96.8499984741211,96.8499984741211,96.80500030517578,96.80500030517578,3423
2026-09-10 15:03:00+00:00,96.81500244140624,96.87999725341795,96.81500244140624,96.87999725341795,7215
2026-09-10 15:04:00+00:00,96.8949966430664,96.91999816894533,96.87999725341795,96.87999725341795,2976
2026-09-10 15:05:00+00:00,96.9000015258789,96.95999908447266,96.9000015258789,96.95999908447266,2696
2026-09-10 15:06:00+00:00,96.95999908447266,96.95999908447266,96.9000015258789,96.9250030517578,10573
2026-09-10 15:07:00+00:00,96.93000030517578,96.93000030517578,96.91500091552734,96.9250030517578,5813
2026-09-10 15:08:00+00:00,96.91999816894533,96.9499969482422,96.91500091552734,96.9499969482422,19188
2026-09-10 15:09:00+00:00,96.9499969482422,96.9499969482422,96.91000366210938,96.91000366210938,1243
2026-09-10 15:10:00+00:00,96.87999725341795,96.96499633789062,96.87999725341795,96.96499633789062,9193
2026-09-10 15:11:00+00:00,96.95999908447266,96.97000122070312,96.91999816894533,96.93499755859376,4510
2026-09-10 15:12:00+00:00,96.9250030517578,96.9386978149414,96.91999816894533,96.93000030517578,3559
2026-09-10 15:13:00+00:00,96.93499755859376,96.94000244140624,96.86499786376952,96.90499877929688,10402
2026-09-10 15:14:00+00:00,96.88999938964844,96.9000015258789,96.8499984741211,96.875,5298
2026-09-10 15:15:00+00:00,96.875,96.91000366210938,96.8550033569336,96.87000274658205,11698
2026-09-10 15:16:00+00:00,96.88999938964844,96.8949966430664,96.86499786376952,96.875,8051
2026-09-10 15:17:00+00:00,96.86499786376952,96.87999725341795,96.8499984741211,96.87000274658205,4875
2026-09-10 15:18:00+00:00,96.86499786376952,96.86499786376952,96.80999755859376,96.81500244140624,6522
2026-09-10 15:19:00+00:00,96.80999755859376,96.80999755859376,96.77999877929688,96.77999877929688,4704
2026-09-10 15:20:00+00:00,96.78500366210938,96.80999755859376,96.77999877929688,96.77999877929688,3499
2026-09-10 15:21:00+00:00,96.7677001953125,96.80500030517578,96.76499938964844,96.80500030517578,5414
2026-09-10 15:22:00+00:00,96.8000030517578,96.83000183105467,96.79000091552734,96.83000183105467,3411
2026-09-10 15:23:00+00:00,96.81999969482422,96.8550033569336,96.80999755859376,96.8249969482422,11754
2026-09-10 15:24:00+00:00,96.8249969482422,96.87000274658205,96.8249969482422,96.87000274658205,5987
2026-09-10 15:25:00+00:00,96.86499786376952,96.87000274658205,96.81500244140624,96.81500244140624,1765
2026-09-10 15:26:00+00:00,96.86000061035156,96.86000061035156,96.81800079345705,96.83000183105467,6547
2026-09-10 15:27:00+00:00,96.83000183105467,96.86000061035156,96.81999969482422,96.86000061035156,3735
2026-09-10 15:28:00+00:00,96.86000061035156,96.87000274658205,96.84500122070312,96.84500122070312,8118
2026-09-10 15:29:00+00:00,96.83000183105467,96.83000183105467,96.78500366210938,96.79000091552734,6860
2026-09-10 15:30:00+00:00,96.79499816894533,96.8000030517578,96.7699966430664,96.77999877929688,4113
2026-09-10 15:31:00+00:00,96.7750015258789,96.77999877929688,96.76000213623048,96.7750015258789,9274
2026-09-10 15:32:00+00:00,96.7750015258789,96.7750015258789,96.70999908447266,96.7249984741211,3980
2026-09-10 15:33:00+00:00,96.73500061035156,96.80500030517578,96.73500061035156,96.79000091552734,10133
2026-09-10 15:34:00+00:00,96.79000091552734,96.81999969482422,96.76000213623048,96.76000213623048,13474
2026-09-10 15:35:00+00:00,96.75499725341795,96.77999877929688,96.75,96.76000213623048,23556
2026-09-10 15:36:00+00:00,96.76000213623048,96.79000091552734,96.73999786376952,96.7699966430664,21254
2026-09-10 15:37:00+00:00,96.7750015258789,96.7750015258789,96.74500274658205,96.7750015258789,3486
2026-09-10 15:38:00+00:00,96.77999877929688,96.77999877929688,96.70500183105467,96.70500183105467,3808
2026-09-10 15:39:00+00:00,96.70500183105467,96.70500183105467,96.66500091552734,96.6750030517578,8075
2026-09-10 15:40:00+00:00,96.69000244140624,96.72000122070312,96.69000244140624,96.6999969482422,2791
2026-09-10 15:41:00+00:00,96.70500183105467,96.76000213623048,96.70500183105467,96.74500274658205,34798
2026-09-10 15:42:00+00:00,96.75,96.75,96.72000122070312,96.7249984741211,5996
2026-09-10 15:43:00+00:00,96.6999969482422,96.73500061035156,96.6999969482422,96.73500061035156,1327
2026-09-10 15:44:00+00:00,96.73500061035156,96.75,96.7249984741211,96.73500061035156,20903
2026-09-10 15:45:00+00:00,96.74500274658205,96.76499938964844,96.7300033569336,96.7300033569336,11901
2026-09-10 15:46:00+00:00,96.7249984741211,96.72989654541016,96.6999969482422,96.72000122070312,7477
2026-09-10 15:47:00+00:00,96.6999969482422,96.6999969482422,96.6500015258789,96.65499877929688,2016
2026-09-10 15:48:00+00:00,96.6449966430664,96.6500015258789,96.62999725341795,96.63099670410156,2756
2026-09-10 15:49:00+00:00,96.62999725341795,96.66999816894533,96.62999725341795,96.66000366210938,2072
2026-09-10 15:50:00+00:00,96.66000366210938,96.66500091552734,96.63500213623048,96.63500213623048,3155
2026-09-10 15:51:00+00:00,96.63999938964844,96.66000366210938,96.62999725341795,96.6449966430664,8315
2026-09-10 15:52:00+00:00,96.6500015258789,96.70999908447266,96.6449966430664,96.66500091552734,10776
2026-09-10 15:53:00+00:00,96.66500091552734,96.68000030517578,96.63999938964844,96.63999938964844,4112
2026-09-10 15:54:00+00:00,96.65499877929688,96.65499877929688,96.61499786376952,96.61499786376952,5165
2026-09-10 15:55:00+00:00,96.61000061035156,96.61000061035156,96.58499908447266,96.5999984741211,8079
2026-09-10 15:56:00+00:00,96.59500122070312,96.59500122070312,96.58000183105467,96.58999633789062,8603
2026-09-10 15:57:00+00:00,96.6050033569336,96.60900115966795,96.58999633789062,96.5999984741211,8792
2026-09-10 15:58:00+00:00,96.59500122070312,96.62000274658205,96.59500122070312,96.62000274658205,1366
2026-09-10 15:59:00+00:00,96.63999938964844,96.66500091552734,96.62999725341795,96.62999725341795,2338
2026-09-10 16:00:00+00:00,96.625,96.68000030517578,96.625,96.68000030517578,8760
2026-09-10 16:01:00+00:00,96.6750030517578,96.68000030517578,96.62999725341795,96.63999938964844,9261
2026-09-10 16:02:00+00:00,96.63500213623048,96.6449966430664,96.62000274658205,96.62000274658205,1996
2026-09-10 16:03:00+00:00,96.59500122070312,96.62000274658205,96.58999633789062,96.58999633789062,5042
2026-09-10 16:04:00+00:00,96.58999633789062,96.5999984741211,96.58000183105467,96.58000183105467,4303
2026-09-10 16:05:00+00:00,96.56999969482422,96.56999969482422,96.56999969482422,96.56999969482422,1257
2026-09-10 16:06:00+00:00,96.55999755859376,96.5749969482422,96.54550170898438,96.54550170898438,1671
2026-09-10 16:07:00+00:00,96.51000213623048,96.51000213623048,96.48999786376952,96.48999786376952,1643
2026-09-10 16:09:00+00:00,96.4800033569336,96.49500274658205,96.47000122070312,96.49500274658205,3370
2026-09-10 16:10:00+00:00,96.45500183105467,96.48999786376952,96.4499969482422,96.4499969482422,4275
2026-09-10 16:11:00+00:00,96.4499969482422,96.46499633789062,96.44000244140624,96.46499633789062,1869
2026-09-10 16:12:00+00:00,96.46499633789062,96.4800033569336,96.45999908447266,96.4800033569336,1936
2026-09-10 16:13:00+00:00,96.48999786376952,96.5199966430664,96.48999786376952,96.5199966430664,1573
2026-09-10 16:14:00+00:00,96.53500366210938,96.55500030517578,96.53500366210938,96.54000091552734,11600
2026-09-10 16:15:00+00:00,96.52999877929688,96.5500030517578,96.5250015258789,96.5500030517578,3717
2026-09-10 16:16:00+00:00,96.54499816894533,96.54499816894533,96.51000213623048,96.51000213623048,1093
2026-09-10 16:17:00+00:00,96.48999786376952,96.48999786376952,96.45999908447266,96.45999908447266,2403
2026-09-10 16:18:00+00:00,96.45999908447266,96.47000122070312,96.44499969482422,96.44499969482422,10309
2026-09-10 16:19:00+00:00,96.46499633789062,96.49749755859376,96.46499633789062,96.49500274658205,3618
2026-09-10 16:20:00+00:00,96.49500274658205,96.5199966430664,96.49500274658205,96.51000213623048,7432
2026-09-10 16:21:00+00:00,96.5009994506836,96.5009994506836,96.47000122070312,96.47000122070312,5117
2026-09-10 16:22:00+00:00,96.47000122070312,96.48500061035156,96.47000122070312,96.4800033569336,4347
2026-09-10 16:23:00+00:00,96.4800033569336,96.48500061035156,96.4749984741211,96.4749984741211,3282
2026-09-10 16:24:00+00:00,96.4749984741211,96.49500274658205,96.45999908447266,96.48999786376952,4649
2026-09-10 16:25:00+00:00,96.4800033569336,96.4800033569336,96.4499969482422,96.4499969482422,1348
2026-09-10 16:26:00+00:00,96.44000244140624,96.44499969482422,96.43000030517578,96.43000030517578,1205
2026-09-10 16:27:00+00:00,96.41999816894533,96.41999816894533,96.40499877929688,96.40499877929688,1682
2026-09-10 16:28:00+00:00,96.4000015258789,96.4000015258789,96.4000015258789,96.4000015258789,151
2026-09-10 16:29:00+00:00,96.43000030517578,96.43000030517578,96.41000366210938,96.41999816894533,1720
2026-09-10 16:30:00+00:00,96.43000030517578,96.47000122070312,96.43000030517578,96.47000122070312,15655
2026-09-10 16:31:00+00:00,96.48500061035156,96.49500274658205,96.4800033569336,96.49500274658205,827
2026-09-10 16:32:00+00:00,96.48500061035156,96.5189971923828,96.47000122070312,96.50499725341795,4691
2026-09-10 16:33:00+00:00,96.50499725341795,96.51000213623048,96.48999786376952,96.50499725341795,4801
2026-09-10 16:34:00+00:00,96.50499725341795,96.50499725341795,96.38500213623048,96.4000015258789,35910
2026-09-10 16:35:00+00:00,96.3949966430664,96.3949966430664,96.34500122070312,96.37999725341795,7162
2026-09-10 16:36:00+00:00,96.4000015258789,96.4499969482422,96.4000015258789,96.43499755859376,5949
2026-09-10 16:37:00+00:00,96.4499969482422,96.46499633789062,96.44000244140624,96.45500183105467,3333
2026-09-10 16:38:00+00:00,96.47000122070312,96.4937973022461,96.45999908447266,96.4749984741211,4599
2026-09-10 16:39:00+00:00,96.47000122070312,96.48500061035156,96.46499633789062,96.4800033569336,1896
2026-09-10 16:40:00+00:00,96.48999786376952,96.51499938964844,96.4800033569336,96.51499938964844,9314
2026-09-10 16:41:00+00:00,96.51499938964844,96.51499938964844,96.5,96.51499938964844,2250
2026-09-10 16:42:00+00:00,96.52999877929688,96.52999877929688,96.5,96.5,10323
2026-09-10 16:43:00+00:00,96.5,96.5250015258789,96.5,96.5199966430664,2727
2026-09-10 16:44:00+00:00,96.5500030517578,96.55999755859376,96.5500030517578,96.55999755859376,1346
2026-09-10 16:45:00+00:00,96.5999984741211,96.5999984741211,96.58000183105467,96.59500122070312,2444
2026-09-10 16:46:00+00:00,96.5999984741211,96.61499786376952,96.58999633789062,96.61499786376952,1532
2026-09-10 16:47:00+00:00,96.5999984741211,96.62000274658205,96.58999633789062,96.61499786376952,5378
2026-09-10 16:48:00+00:00,96.5999984741211,96.61000061035156,96.5999984741211,96.6050033569336,4741
2026-09-10 16:49:00+00:00,96.5999984741211,96.5999984741211,96.5500030517578,96.55500030517578,2608
2026-09-10 16:50:00+00:00,96.58999633789062,96.58999633789062,96.56999969482422,96.56999969482422,1747
2026-09-10 16:51:00+00:00,96.58000183105467,96.58000183105467,96.56999969482422,96.56999969482422,8742
2026-09-10 16:52:00+00:00,96.55999755859376,96.58999633789062,96.55999755859376,96.58999633789062,7237
2026-09-10 16:53:00+00:00,96.5999984741211,96.62000274658205,96.5999984741211,96.61000061035156,3693
2026-09-10 16:54:00+00:00,96.62000274658205,96.625,96.61000061035156,96.625,2734
2026-09-10 16:55:00+00:00,96.62000274658205,96.6449966430664,96.61499786376952,96.63099670410156,6427
2026-09-10 16:56:00+00:00,96.63999938964844,96.6449966430664,96.63760375976562,96.63999938964844,2213
2026-09-10 16:57:00+00:00,96.63999938964844,96.6449966430664,96.6050033569336,96.6050033569336,2660
2026-09-10 16:58:00+00:00,96.62000274658205,96.63500213623048,96.62000274658205,96.63500213623048,998
2026-09-10 16:59:00+00:00,96.63999938964844,96.63999938964844,96.63999938964844,96.63999938964844,885
2026-09-10 17:00:00+00:00,96.62999725341795,96.6449966430664,96.62000274658205,96.6449966430664,12168
2026-09-10 17:01:00+00:00,96.63999938964844,96.63999938964844,96.62000274658205,96.62000274658205,2310
2026-09-10 17:02:00+00:00,96.6500015258789,96.70999908447266,96.62000274658205,96.62000274658205,22989
2026-09-10 17:03:00+00:00,96.6050033569336,96.6050033569336,96.5500030517578,96.5500030517578,2494
2026-09-10 17:04:00+00:00,96.54000091552734,96.56500244140624,96.54000091552734,96.56500244140624,2113
2026-09-10 17:05:00+00:00,96.5749969482422,96.59500122070312,96.5749969482422,96.58499908447266,2953
2026-09-10 17:06:00+00:00,96.5500030517578,96.58499908447266,96.54000091552734,96.58499908447266,3799
2026-09-10 17:07:00+00:00,96.56500244140624,96.58000183105467,96.56500244140624,96.58000183105467,1126
2026-09-10 17:08:00+00:00,96.58000183105467,96.58000183105467,96.56999969482422,96.56999969482422,2633
2026-09-10 17:09:00+00:00,96.58000183105467,96.58000183105467,96.5749969482422,96.5749969482422,597
2026-09-10 17:10:00+00:00,96.59500122070312,96.61000061035156,96.58999633789062,96.61000061035156,1571
2026-09-10 17:11:00+00:00,96.61000061035156,96.61499786376952,96.5999984741211,96.6050033569336,3362
2026-09-10 17:12:00+00:00,96.61000061035156,96.625,96.61000061035156,96.62000274658205,997
2026-09-10 17:13:00+00:00,96.62000274658205,96.62000274658205,96.56999969482422,96.56999969482422,1388
2026-09-10 17:14:00+00:00,96.58000183105467,96.58000183105467,96.55999755859376,96.55999755859376,543
2026-09-10 17:15:00+00:00,96.5500030517578,96.55500030517578,96.53500366210938,96.53500366210938,746
2026-09-10 17:16:00+00:00,96.54499816894533,96.58499908447266,96.54499816894533,96.58000183105467,4962
2026-09-10 17:17:00+00:00,96.55500030517578,96.55999755859376,96.55500030517578,96.55999755859376,745
2026-09-10 17:18:00+00:00,96.55999755859376,96.55999755859376,96.52999877929688,96.52999877929688,2024
2026-09-10 17:19:00+00:00,96.51789855957033,96.53500366210938,96.51789855957033,96.53500366210938,1967
2026-09-10 17:20:00+00:00,96.52999877929688,96.5500030517578,96.52999877929688,96.54000091552734,13206
2026-09-10 17:21:00+00:00,96.55999755859376,96.55999755859376,96.54000091552734,96.54000091552734,926
2026-09-10 17:22:00+00:00,96.56500244140624,96.56500244140624,96.54000091552734,96.55999755859376,1364
2026-09-10 17:23:00+00:00,96.5500030517578,96.5500030517578,96.5500030517578,96.5500030517578,370
2026-09-10 17:24:00+00:00,96.5500030517578,96.5500030517578,96.52999877929688,96.54000091552734,1819
2026-09-10 17:25:00+00:00,96.51499938964844,96.51499938964844,96.51000213623048,96.51000213623048,1298
2026-09-10 17:26:00+00:00,96.5199966430664,96.52999877929688,96.51000213623048,96.52999877929688,1118
2026-09-10 17:27:00+00:00,96.52999877929688,96.52999877929688,96.51000213623048,96.51000213623048,814
2026-09-10 17:28:00+00:00,96.51000213623048,96.55500030517578,96.51000213623048,96.55500030517578,1098
2026-09-10 17:29:00+00:00,96.5500030517578,96.5500030517578,96.5500030517578,96.5500030517578,1197
2026-09-10 17:30:00+00:00,96.53500366210938,96.53500366210938,96.51000213623048,96.51000213623048,1518
2026-09-10 17:31:00+00:00,96.5,96.5,96.49500274658205,96.5,1100
2026-09-10 17:32:00+00:00,96.5199966430664,96.5199966430664,96.51499938964844,96.51499938964844,988
2026-09-10 17:33:00+00:00,96.5199966430664,96.5199966430664,96.4800033569336,96.4800033569336,1531
2026-09-10 17:34:00+00:00,96.47000122070312,96.49500274658205,96.47000122070312,96.4800033569336,3625
2026-09-10 17:35:00+00:00,96.48500061035156,96.51499938964844,96.48500061035156,96.51499938964844,653
2026-09-10 17:36:00+00:00,96.51000213623048,96.51000213623048,96.5,96.51000213623048,1830
2026-09-10 17:37:00+00:00,96.48999786376952,96.48999786376952,96.45999908447266,96.47000122070312,1141
2026-09-10 17:38:00+00:00,96.45999908447266,96.45999908447266,96.44979858398438,96.45999908447266,1330
2026-09-10 17:39:00+00:00,96.45999908447266,96.45999908447266,96.4000015258789,96.40499877929688,1781
2026-09-10 17:40:00+00:00,96.40499877929688,96.43000030517578,96.40499877929688,96.41500091552734,3786
2026-09-10 17:41:00+00:00,96.41999816894533,96.41999816894533,96.41999816894533,96.41999816894533,238
2026-09-10 17:42:00+00:00,96.43000030517578,96.43000030517578,96.40499877929688,96.40499877929688,2043
2026-09-10 17:43:00+00:00,96.41000366210938,96.44000244140624,96.41000366210938,96.44000244140624,737
2026-09-10 17:44:00+00:00,96.45999908447266,96.45999908447266,96.4499969482422,96.4499969482422,1286
2026-09-10 17:45:00+00:00,96.45500183105467,96.45999908447266,96.44000244140624,96.4561004638672,1487
2026-09-10 17:46:00+00:00,96.44000244140624,96.44000244140624,96.41500091552734,96.4250030517578,1090
2026-09-10 17:47:00+00:00,96.4250030517578,96.43499755859376,96.4250030517578,96.43499755859376,657
2026-09-10 17:48:00+00:00,96.41999816894533,96.41999816894533,96.41999816894533,96.41999816894533,260
2026-09-10 17:49:00+00:00,96.41500091552734,96.41999816894533,96.41500091552734,96.41999816894533,1184
2026-09-10 17:50:00+00:00,96.43000030517578,96.44499969482422,96.43000030517578,96.44499969482422,1676
2026-09-10 17:51:00+00:00,96.43000030517578,96.4499969482422,96.43000030517578,96.44000244140624,3033
2026-09-10 17:52:00+00:00,96.4499969482422,96.47000122070312,96.43800354003906,96.43800354003906,2444
2026-09-10 17:53:00+00:00,96.44000244140624,96.44000244140624,96.41999816894533,96.43000030517578,3760
2026-09-10 17:54:00+00:00,96.45989990234376,96.4657974243164,96.45989990234376,96.46499633789062,2786
2026-09-10 17:55:00+00:00,96.44000244140624,96.44499969482422,96.41999816894533,96.41999816894533,3192
2026-09-10 17:56:00+00:00,96.43000030517578,96.44499969482422,96.43000030517578,96.44000244140624,5032
2026-09-10 17:57:00+00:00,96.44000244140624,96.45500183105467,96.44000244140624,96.44499969482422,6872
2026-09-10 17:58:00+00:00,96.44499969482422,96.46499633789062,96.44499969482422,96.45999908447266,4160
2026-09-10 17:59:00+00:00,96.48500061035156,96.48500061035156,96.47000122070312,96.47000122070312,4121
2026-09-10 18:00:00+00:00,96.46499633789062,96.5250015258789,96.46499633789062,96.5250015258789,5024
2026-09-10 18:01:00+00:00,96.51000213623048,96.51000213623048,96.44000244140624,96.44000244140624,4236
2026-09-10 18:02:00+00:00,96.44000244140624,96.44000244140624,96.41000366210938,96.41999816894533,3127
2026-09-10 18:03:00+00:00,96.4000015258789,96.4000015258789,96.37999725341795,96.3916015625,1248
2026-09-10 18:04:00+00:00,96.38500213623048,96.41000366210938,96.38500213623048,96.38999938964844,5843
2026-09-10 18:05:00+00:00,96.38999938964844,96.38999938964844,96.375,96.38999938964844,3751
2026-09-10 18:06:00+00:00,96.37999725341795,96.41500091552734,96.37999725341795,96.41500091552734,1123
2026-09-10 18:07:00+00:00,96.41999816894533,96.41999816894533,96.4000015258789,96.41000366210938,1399
2026-09-10 18:08:00+00:00,96.41000366210938,96.41000366210938,96.37999725341795,96.37999725341795,852
2026-09-10 18:09:00+00:00,96.37000274658205,96.37000274658205,96.30999755859376,96.30999755859376,1531
2026-09-10 18:10:00+00:00,96.3000030517578,96.3000030517578,96.2699966430664,96.2699966430664,972
2026-09-10 18:11:00+00:00,96.27999877929688,96.3000030517578,96.27999877929688,96.29000091552734,1793
2026-09-10 18:12:00+00:00,96.29000091552734,96.3000030517578,96.2750015258789,96.3000030517578,2094
2026-09-10 18:13:00+00:00,96.30850219726562,96.30999755859376,96.30850219726562,96.30999755859376,4788
2026-09-10 18:14:00+00:00,96.31999969482422,96.33999633789062,96.31500244140624,96.3249969482422,6682
2026-09-10 18:15:00+00:00,96.30999755859376,96.30999755859376,96.29000091552734,96.3000030517578,1151
2026-09-10 18:16:00+00:00,96.3000030517578,96.31999969482422,96.29499816894533,96.29499816894533,2754
2026-09-10 18:17:00+00:00,96.29499816894533,96.29720306396484,96.29499816894533,96.29720306396484,972
2026-09-10 18:18:00+00:00,96.29499816894533,96.29499816894533,96.2699966430664,96.28500366210938,8268
2026-09-10 18:19:00+00:00,96.29000091552734,96.30500030517578,96.27999877929688,96.3000030517578,1976
2026-09-10 18:20:00+00:00,96.30500030517578,96.32990264892578,96.30500030517578,96.32990264892578,886
2026-09-10 18:21:00+00:00,96.33499908447266,96.3499984741211,96.33499908447266,96.33999633789062,994
2026-09-10 18:22:00+00:00,96.33999633789062,96.36000061035156,96.33999633789062,96.33999633789062,11768
2026-09-10 18:23:00+00:00,96.33999633789062,96.3499984741211,96.33499908447266,96.33999633789062,2305
2026-09-10 18:24:00+00:00,96.34390258789062,96.34390258789062,96.33000183105467,96.33499908447266,1366
2026-09-10 18:25:00+00:00,96.33000183105467,96.33499908447266,96.30999755859376,96.30999755859376,1739
2026-09-10 18:26:00+00:00,96.29000091552734,96.29000091552734,96.27999877929688,96.27999877929688,507
2026-09-10 18:27:00+00:00,96.27999877929688,96.3000030517578,96.26000213623048,96.26000213623048,4508
2026-09-10 18:28:00+00:00,96.2699966430664,96.31500244140624,96.2699966430664,96.30999755859376,3829
2026-09-10 18:29:00+00:00,96.30500030517578,96.30500030517578,96.3000030517578,96.3000030517578,674
2026-09-10 18:30:00+00:00,96.28500366210938,96.28500366210938,96.26000213623048,96.28500366210938,1828
2026-09-10 18:31:00+00:00,96.27999877929688,96.30500030517578,96.27999877929688,96.3000030517578,2767
2026-09-10 18:32:00+00:00,96.3000030517578,96.3000030517578,96.2699966430664,96.2699966430664,1423
2026-09-10 18:33:00+00:00,96.2699966430664,96.2699966430664,96.2699966430664,96.2699966430664,1064
2026-09-10 18:34:00+00:00,96.2699966430664,96.3000030517578,96.2699966430664,96.3000030517578,1502
2026-09-10 18:35:00+00:00,96.31999969482422,96.33000183105467,96.31999969482422,96.33000183105467,1279
2026-09-10 18:36:00+00:00,96.33999633789062,96.36499786376952,96.33999633789062,96.3499984741211,1786
2026-09-10 18:37:00+00:00,96.33999633789062,96.35099792480467,96.33000183105467,96.33000183105467,2761
2026-09-10 18:38:00+00:00,96.33000183105467,96.33999633789062,96.3249969482422,96.33999633789062,1667
2026-09-10 18:39:00+00:00,96.33999633789062,96.36499786376952,96.33999633789062,96.36499786376952,5434
2026-09-10 18:40:00+00:00,96.37000274658205,96.375,96.36000061035156,96.36009979248048,2508
2026-09-10 18:41:00+00:00,96.37000274658205,96.375,96.3499984741211,96.3499984741211,5081
2026-09-10 18:42:00+00:00,96.36000061035156,96.36499786376952,96.36000061035156,96.36000061035156,2267
2026-09-10 18:43:00+00:00,96.36000061035156,96.36499786376952,96.33000183105467,96.33999633789062,16171
2026-09-10 18:44:00+00:00,96.3499984741211,96.36499786376952,96.3499984741211,96.36499786376952,1400
2026-09-10 18:45:00+00:00,96.36499786376952,96.36499786376952,96.33000183105467,96.33999633789062,7973
2026-09-10 18:46:00+00:00,96.33000183105467,96.33999633789062,96.33000183105467,96.33499908447266,4225
2026-09-10 18:47:00+00:00,96.33499908447266,96.33999633789062,96.33000183105467,96.33000183105467,3917
2026-09-10 18:48:00+00:00,96.33000183105467,96.33000183105467,96.30999755859376,96.31900024414062,3017
2026-09-10 18:49:00+00:00,96.31999969482422,96.4000015258789,96.31999969482422,96.3550033569336,10518
2026-09-10 18:50:00+00:00,96.3499984741211,96.375,96.33000183105467,96.375,3144
2026-09-10 18:51:00+00:00,96.37000274658205,96.4800033569336,96.36000061035156,96.4499969482422,9269
2026-09-10 18:52:00+00:00,96.4499969482422,96.48500061035156,96.44000244140624,96.48500061035156,5110
2026-09-10 18:53:00+00:00,96.48999786376952,96.48999786376952,96.44499969482422,96.45999908447266,6235
2026-09-10 18:54:00+00:00,96.45999908447266,96.4749984741211,96.41999816894533,96.43000030517578,13195
2026-09-10 18:55:00+00:00,96.4000015258789,96.43000030517578,96.4000015258789,96.43000030517578,2373
2026-09-10 18:56:00+00:00,96.43499755859376,96.44499969482422,96.43000030517578,96.44499969482422,3843
2026-09-10 18:57:00+00:00,96.43000030517578,96.43000030517578,96.4000015258789,96.41000366210938,2404
2026-09-10 18:58:00+00:00,96.37999725341795,96.38999938964844,96.37999725341795,96.38999938964844,372
2026-09-10 18:59:00+00:00,96.4000015258789,96.41000366210938,96.4000015258789,96.41000366210938,1429
2026-09-10 19:00:00+00:00,96.41000366210938,96.41000366210938,96.37999725341795,96.37999725341795,4336
2026-09-10 19:01:00+00:00,96.38999938964844,96.41000366210938,96.37999725341795,96.37999725341795,15815
2026-09-10 19:02:00+00:00,96.37999725341795,96.38500213623048,96.375,96.375,2839
2026-09-10 19:03:00+00:00,96.37000274658205,96.38999938964844,96.3499984741211,96.38999938964844,21018
2026-09-10 19:04:00+00:00,96.37999725341795,96.38999938964844,96.36000061035156,96.36000061035156,15334
2026-09-10 19:05:00+00:00,96.34500122070312,96.37000274658205,96.34500122070312,96.37000274658205,3623
2026-09-10 19:06:00+00:00,96.36000061035156,96.36000061035156,96.3499984741211,96.36000061035156,3213
2026-09-10 19:07:00+00:00,96.3499984741211,96.38500213623048,96.33000183105467,96.33000183105467,20653
2026-09-10 19:08:00+00:00,96.33000183105467,96.33999633789062,96.33000183105467,96.33000183105467,1787
2026-09-10 19:09:00+00:00,96.33000183105467,96.4000015258789,96.33000183105467,96.4000015258789,11181
2026-09-10 19:10:00+00:00,96.38999938964844,96.41000366210938,96.37000274658205,96.37000274658205,2144
2026-09-10 19:11:00+00:00,96.36000061035156,96.36000061035156,96.31999969482422,96.31999969482422,2263
2026-09-10 19:12:00+00:00,96.31999969482422,96.33999633789062,96.31999969482422,96.33999633789062,902
2026-09-10 19:13:00+00:00,96.33499908447266,96.33499908447266,96.32009887695312,96.32009887695312,4196
2026-09-10 19:14:00+00:00,96.31999969482422,96.31999969482422,96.29000091552734,96.29000091552734,4887
2026-09-10 19:15:00+00:00,96.29000091552734,96.30999755859376,96.28500366210938,96.28500366210938,2751
2026-09-10 19:16:00+00:00,96.28500366210938,96.29000091552734,96.2750015258789,96.27999877929688,24038
2026-09-10 19:17:00+00:00,96.27999877929688,96.3000030517578,96.27999877929688,96.27999877929688,5730
2026-09-10 19:18:00+00:00,96.27999877929688,96.27999877929688,96.26000213623048,96.26000213623048,1304
2026-09-10 19:19:00+00:00,96.26000213623048,96.29000091552734,96.26000213623048,96.27999877929688,2271
2026-09-10 19:20:00+00:00,96.29000091552734,96.31500244140624,96.27999877929688,96.30999755859376,3655
2026-09-10 19:21:00+00:00,96.30999755859376,96.30999755859376,96.3000030517578,96.3000030517578,4648
2026-09-10 19:22:00+00:00,96.30010223388672,96.31999969482422,96.3000030517578,96.3000030517578,4014
2026-09-10 19:23:00+00:00,96.3000030517578,96.30999755859376,96.29000091552734,96.30500030517578,1779
2026-09-10 19:24:00+00:00,96.30999755859376,96.3550033569336,96.30999755859376,96.3499984741211,4960
2026-09-10 19:25:00+00:00,96.3550033569336,96.37000274658205,96.3499984741211,96.3499984741211,3744
2026-09-10 19:26:00+00:00,96.3499984741211,96.375,96.3499984741211,96.37000274658205,4506
2026-09-10 19:27:00+00:00,96.37000274658205,96.3949966430664,96.37000274658205,96.3949966430664,2136
2026-09-10 19:28:00+00:00,96.38999938964844,96.41500091552734,96.37999725341795,96.41000366210938,8828
2026-09-10 19:29:00+00:00,96.4000015258789,96.4000015258789,96.37999725341795,96.3949966430664,7525
2026-09-10 19:30:00+00:00,96.3949966430664,96.44000244140624,96.3949966430664,96.43000030517578,24668
2026-09-10 19:31:00+00:00,96.4250030517578,96.44000244140624,96.41500091552734,96.41999816894533,4667
2026-09-10 19:32:00+00:00,96.4250030517578,96.43499755859376,96.41500091552734,96.43000030517578,9885
2026-09-10 19:33:00+00:00,96.41999816894533,96.44499969482422,96.41999816894533,96.44000244140624,2298
2026-09-10 19:34:00+00:00,96.46499633789062,96.47000122070312,96.45999908447266,96.47000122070312,5534
2026-09-10 19:35:00+00:00,96.46499633789062,96.4749984741211,96.45500183105467,96.46499633789062,15968
2026-09-10 19:36:00+00:00,96.47000122070312,96.50499725341795,96.47000122070312,96.50499725341795,2670
2026-09-10 19:37:00+00:00,96.5,96.5,96.44499969482422,96.4499969482422,5627
2026-09-10 19:38:00+00:00,96.4499969482422,96.4800033569336,96.4499969482422,96.4800033569336,3066
2026-09-10 19:39:00+00:00,96.4749984741211,96.48500061035156,96.47000122070312,96.4749984741211,2133
2026-09-10 19:40:00+00:00,96.48999786376952,96.48999786376952,96.4800033569336,96.4801025390625,1730
2026-09-10 19:41:00+00:00,96.48500061035156,96.48999786376952,96.4800033569336,96.4800033569336,4369
2026-09-10 19:42:00+00:00,96.48999786376952,96.48999786376952,96.4749984741211,96.48500061035156,12055
2026-09-10 19:43:00+00:00,96.4800033569336,96.4800033569336,96.47010040283205,96.4800033569336,2026
2026-09-10 19:44:00+00:00,96.4800033569336,96.4800033569336,96.44499969482422,96.4499969482422,4814
2026-09-10 19:45:00+00:00,96.45999908447266,96.4749984741211,96.45500183105467,96.4749984741211,1877
2026-09-10 19:46:00+00:00,96.4749984741211,96.4749984741211,96.4250030517578,96.43000030517578,6743
2026-09-10 19:47:00+00:00,96.43000030517578,96.45999908447266,96.43000030517578,96.45999908447266,5103
2026-09-10 19:48:00+00:00,96.45999908447266,96.46499633789062,96.44000244140624,96.44499969482422,3936
2026-09-10 19:49:00+00:00,96.44000244140624,96.48500061035156,96.44000244140624,96.48500061035156,4771
2026-09-10 19:50:00+00:00,96.4800033569336,96.48999786376952,96.43000030517578,96.44000244140624,41751
2026-09-10 19:51:00+00:00,96.44000244140624,96.44000244140624,96.4000015258789,96.41999816894533,32034
2026-09-10 19:52:00+00:00,96.4250030517578,96.44000244140624,96.41000366210938,96.41000366210938,19293
2026-09-10 19:53:00+00:00,96.41000366210938,96.43000030517578,96.3949966430664,96.43000030517578,21072
2026-09-10 19:54:00+00:00,96.43499755859376,96.43499755859376,96.40499877929688,96.40499877929688,17103
2026-09-10 19:55:00+00:00,96.41000366210938,96.41500091552734,96.38919830322266,96.3949966430664,44268
2026-09-10 19:56:00+00:00,96.38999938964844,96.3949966430664,96.34500122070312,96.375,12109
2026-09-10 19:57:00+00:00,96.375,96.41999816894533,96.375,96.41500091552734,15086
2026-09-10 19:58:00+00:00,96.41500091552734,96.4250030517578,96.3949966430664,96.41999816894533,59884
2026-09-10 19:59:00+00:00,96.4250030517578,96.4499969482422,96.3949966430664,96.4499969482422,84037
2026-09-11 13:30:00+00:00,98.45999908447266,98.48999786376952,98.38600158691406,98.38999938964844,84958
2026-09-11 13:31:00+00:00,98.37000274658205,98.38500213623048,98.31999969482422,98.38500213623048,3485
2026-09-11 13:32:00+00:00,98.36000061035156,98.44000244140624,98.3499984741211,98.41000366210938,12594
2026-09-11 13:33:00+00:00,98.38999938964844,98.38999938964844,98.33999633789062,98.37000274658205,8467
2026-09-11 13:34:00+00:00,98.41000366210938,98.4499969482422,98.41000366210938,98.44950103759766,19091
2026-09-11 13:35:00+00:00,98.4499969482422,98.5,98.4499969482422,98.48999786376952,18120
2026-09-11 13:36:00+00:00,98.48999786376952,98.48999786376952,98.37999725341795,98.41000366210938,5917
2026-09-11 13:37:00+00:00,98.40499877929688,98.48999786376952,98.40499877929688,98.47000122070312,13276
2026-09-11 13:38:00+00:00,98.45999908447266,98.5,98.44000244140624,98.45169830322266,111061
2026-09-11 13:39:00+00:00,98.4499969482422,98.48999786376952,98.43000030517578,98.48999786376952,6438
2026-09-11 13:40:00+00:00,98.5,98.55999755859376,98.41000366210938,98.48999786376952,38685
2026-09-11 13:41:00+00:00,98.5,98.52999877929688,98.47000122070312,98.5,7618
2026-09-11 13:42:00+00:00,98.4800033569336,98.4800033569336,98.4250030517578,98.4250030517578,5992
2026-09-11 13:43:00+00:00,98.44000244140624,98.44000244140624,98.3939971923828,98.3939971923828,8139
2026-09-11 13:44:00+00:00,98.37999725341795,98.41000366210938,98.3550033569336,98.41000366210938,7240
2026-09-11 13:45:00+00:00,98.43000030517578,98.48500061035156,98.41000366210938,98.47000122070312,14255
2026-09-11 13:46:00+00:00,98.4749984741211,98.58000183105467,98.47000122070312,98.5250015258789,13212
2026-09-11 13:47:00+00:00,98.53500366210938,98.56500244140624,98.5199966430664,98.5500030517578,3951
2026-09-11 13:48:00+00:00,98.52999877929688,98.56500244140624,98.4499969482422,98.4499969482422,11475
2026-09-11 13:49:00+00:00,98.45999908447266,98.54000091552734,98.4499969482422,98.47000122070312,76996
2026-09-11 13:50:00+00:00,98.47000122070312,98.5,98.4000015258789,98.4000015258789,48814
2026-09-11 13:51:00+00:00,98.37999725341795,98.41000366210938,98.37999725341795,98.38999938964844,32595
2026-09-11 13:52:00+00:00,98.41480255126952,98.41480255126952,98.36000061035156,98.37000274658205,16409
2026-09-11 13:53:00+00:00,98.38500213623048,98.4800033569336,98.38500213623048,98.4800033569336,21031
2026-09-11 13:54:00+00:00,98.4800033569336,98.48999786376952,98.43499755859376,98.45500183105467,9517
2026-09-11 13:55:00+00:00,98.47000122070312,98.4800033569336,98.43000030517578,98.45500183105467,16748
2026-09-11 13:56:00+00:00,98.45899963378906,98.51000213623048,98.44499969482422,98.50499725341795,7655
2026-09-11 13:57:00+00:00,98.5,98.51499938964844,98.47799682617188,98.51499938964844,6189
2026-09-11 13:58:00+00:00,98.5199966430664,98.5895004272461,98.5199966430664,98.56999969482422,5800
2026-09-11 13:59:00+00:00,98.58000183105467,98.68000030517578,98.58000183105467,98.66000366210938,16963
2026-09-11 14:00:00+00:00,98.66999816894533,98.66999816894533,98.56500244140624,98.61000061035156,9485
2026-09-11 14:01:00+00:00,98.56999969482422,98.5999984741211,98.52999877929688,98.52999877929688,2362
2026-09-11 14:02:00+00:00,98.5199966430664,98.5250015258789,98.49500274658205,98.50499725341795,94539
2026-09-11 14:03:00+00:00,98.51499938964844,98.5199966430664,98.41999816894533,98.47000122070312,41841
2026-09-11 14:04:00+00:00,98.4749984741211,98.50499725341795,98.45999908447266,98.4749984741211,28992
2026-09-11 14:05:00+00:00,98.4749984741211,98.51000213623048,98.4749984741211,98.5,49512
2026-09-11 14:06:00+00:00,98.49500274658205,98.51000213623048,98.45999908447266,98.45999908447266,5941
2026-09-11 14:07:00+00:00,98.45500183105467,98.50499725341795,98.45500183105467,98.50499725341795,4192
2026-09-11 14:08:00+00:00,98.5,98.53500366210938,98.4800033569336,98.5250015258789,7672
2026-09-11 14:09:00+00:00,98.5199966430664,98.53500366210938,98.5000991821289,98.52999877929688,3792
2026-09-11 14:10:00+00:00,98.54000091552734,98.59500122070312,98.54000091552734,98.59500122070312,10404
2026-09-11 14:11:00+00:00,98.62000274658205,98.62000274658205,98.58999633789062,98.61000061035156,10848
2026-09-11 14:12:00+00:00,98.625,98.62999725341795,98.5199966430664,98.54000091552734,9966
2026-09-11 14:13:00+00:00,98.5500030517578,98.61000061035156,98.54499816894533,98.5749969482422,9821
2026-09-11 14:14:00+00:00,98.56999969482422,98.58999633789062,98.54000091552734,98.54000091552734,22746
2026-09-11 14:15:00+00:00,98.5199966430664,98.58000183105467,98.5199966430664,98.56999969482422,6798
2026-09-11 14:16:00+00:00,98.56500244140624,98.58999633789062,98.5500030517578,98.5500030517578,9046
2026-09-11 14:17:00+00:00,98.54000091552734,98.56999969482422,98.52999877929688,98.56999969482422,1991
2026-09-11 14:18:00+00:00,98.56999969482422,98.58000183105467,98.52999877929688,98.5749969482422,9999
2026-09-11 14:19:00+00:00,98.5999984741211,98.68499755859376,98.5999984741211,98.68000030517578,27527
2026-09-11 14:20:00+00:00,98.68000030517578,98.68000030517578,98.62000274658205,98.6500015258789,4799
2026-09-11 14:21:00+00:00,98.63999938964844,98.66999816894533,98.625,98.66500091552734,5497
2026-09-11 14:22:00+00:00,98.65499877929688,98.66500091552734,98.63500213623048,98.65499877929688,5303
2026-09-11 14:23:00+00:00,98.65399932861328,98.65399932861328,98.5999984741211,98.62000274658205,7566
2026-09-11 14:24:00+00:00,98.625,98.62999725341795,98.58000183105467,98.58000183105467,3470
2026-09-11 14:25:00+00:00,98.5749969482422,98.5749969482422,98.5500030517578,98.55999755859376,16898
2026-09-11 14:26:00+00:00,98.56999969482422,98.58000183105467,98.5500030517578,98.58000183105467,16705
2026-09-11 14:27:00+00:00,98.56999969482422,98.625,98.56999969482422,98.5749969482422,13903
2026-09-11 14:28:00+00:00,98.5749969482422,98.6050033569336,98.55999755859376,98.6050033569336,20463
2026-09-11 14:29:00+00:00,98.61000061035156,98.62999725341795,98.61000061035156,98.62000274658205,5727
2026-09-11 14:30:00+00:00,98.61499786376952,98.62999725341795,98.6050033569336,98.62000274658205,11589
2026-09-11 14:31:00+00:00,98.61499786376952,98.625,98.56999969482422,98.5749969482422,71577
2026-09-11 14:32:00+00:00,98.56999969482422,98.59500122070312,98.56999969482422,98.58499908447266,17121
2026-09-11 14:33:00+00:00,98.58000183105467,98.61000061035156,98.5500030517578,98.58499908447266,11512
2026-09-11 14:34:00+00:00,98.55999755859376,98.55999755859376,98.49500274658205,98.49500274658205,5910
2026-09-11 14:35:00+00:00,98.48999786376952,98.5,98.46499633789062,98.48500061035156,7224
2026-09-11 14:36:00+00:00,98.48500061035156,98.54000091552734,98.48500061035156,98.5199966430664,7197
2026-09-11 14:37:00+00:00,98.51000213623048,98.5500030517578,98.50499725341795,98.53500366210938,8991
2026-09-11 14:38:00+00:00,98.52999877929688,98.53050231933594,98.4499969482422,98.45999908447266,4282
2026-09-11 14:39:00+00:00,98.46499633789062,98.4800033569336,98.46499633789062,98.4800033569336,3097
2026-09-11 14:40:00+00:00,98.4800033569336,98.54000091552734,98.4800033569336,98.5,5455
2026-09-11 14:41:00+00:00,98.48999786376952,98.51000213623048,98.43000030517578,98.43000030517578,3332
2026-09-11 14:42:00+00:00,98.44000244140624,98.44000244140624,98.41500091552734,98.41500091552734,583
2026-09-11 14:43:00+00:00,98.46499633789062,98.46499633789062,98.40499877929688,98.40499877929688,4523
2026-09-11 14:44:00+00:00,98.40499877929688,98.43499755859376,98.3949966430664,98.3949966430664,9487
2026-09-11 14:45:00+00:00,98.4000015258789,98.43000030517578,98.4000015258789,98.4250030517578,8624
2026-09-11 14:46:00+00:00,98.41999816894533,98.41999816894533,98.37000274658205,98.375,5157
2026-09-11 14:47:00+00:00,98.37000274658205,98.37999725341795,98.33999633789062,98.36000061035156,10899
2026-09-11 14:48:00+00:00,98.375,98.54499816894533,98.37000274658205,98.45500183105467,49896
2026-09-11 14:49:00+00:00,98.4749984741211,98.52999877929688,98.46499633789062,98.52999877929688,4066
2026-09-11 14:50:00+00:00,98.56379699707033,98.58000183105467,98.5199966430664,98.55999755859376,5833
2026-09-11 14:51:00+00:00,98.56999969482422,98.5749969482422,98.52999877929688,98.5500030517578,12456
2026-09-11 14:52:00+00:00,98.55999755859376,98.58999633789062,98.55999755859376,98.56999969482422,3234
2026-09-11 14:53:00+00:00,98.54000091552734,98.54000091552734,98.4800033569336,98.4800033569336,1733
2026-09-11 14:54:00+00:00,98.4800033569336,98.48999786376952,98.47000122070312,98.4800033569336,6048
2026-09-11 14:55:00+00:00,98.49500274658205,98.49500274658205,98.43499755859376,98.43499755859376,6985
2026-09-11 14:56:00+00:00,98.45999908447266,98.47000122070312,98.44000244140624,98.44000244140624,1881
2026-09-11 14:57:00+00:00,98.4749984741211,98.51499938964844,98.4749984741211,98.48999786376952,3178
2026-09-11 14:58:00+00:00,98.4800033569336,98.49500274658205,98.45999908447266,98.45999908447266,2236
2026-09-11 14:59:00+00:00,98.45999908447266,98.45999908447266,98.44000244140624,98.4499969482422,2729
2026-09-11 15:00:00+00:00,98.4499969482422,98.5250015258789,98.4499969482422,98.5250015258789,18815
2026-09-11 15:01:00+00:00,98.54000091552734,98.56999969482422,98.52999877929688,98.56999969482422,10795
2026-09-11 15:02:00+00:00,98.58000183105467,98.59500122070312,98.55999755859376,98.59500122070312,4854
2026-09-11 15:03:00+00:00,98.5999984741211,98.61000061035156,98.58000183105467,98.61000061035156,11048
2026-09-11 15:04:00+00:00,98.61990356445312,98.61990356445312,98.5500030517578,98.59500122070312,3975
2026-09-11 15:05:00+00:00,98.58499908447266,98.6449966430664,98.5749969482422,98.63999938964844,3108
2026-09-11 15:06:00+00:00,98.6500015258789,98.69000244140624,98.6500015258789,98.69000244140624,3629
2026-09-11 15:07:00+00:00,98.68000030517578,98.68000030517578,98.66000366210938,98.66500091552734,2143
2026-09-11 15:08:00+00:00,98.63999938964844,98.63999938964844,98.59500122070312,98.59500122070312,1731
2026-09-11 15:09:00+00:00,98.58999633789062,98.58999633789062,98.58000183105467,98.58999633789062,1093
2026-09-11 15:10:00+00:00,98.58000183105467,98.58499908447266,98.56999969482422,98.58000183105467,3066
2026-09-11 15:11:00+00:00,98.57990264892578,98.57990264892578,98.54000091552734,98.54000091552734,1397
2026-09-11 15:12:00+00:00,98.54000091552734,98.55500030517578,98.52999877929688,98.52999877929688,9378
2026-09-11 15:13:00+00:00,98.50499725341795,98.50499725341795,98.4749984741211,98.49500274658205,3427
2026-09-11 15:14:00+00:00,98.5,98.5,98.47000122070312,98.4800033569336,3954
2026-09-11 15:15:00+00:00,98.4800033569336,98.5999984741211,98.4800033569336,98.5999984741211,4013
2026-09-11 15:16:00+00:00,98.58000183105467,98.625,98.58000183105467,98.625,2359
2026-09-11 15:17:00+00:00,98.62999725341795,98.66000366210938,98.61000061035156,98.6500015258789,6989
2026-09-11 15:18:00+00:00,98.63999938964844,98.6500015258789,98.62999725341795,98.6500015258789,6993
2026-09-11 15:19:00+00:00,98.63999938964844,98.66000366210938,98.63500213623048,98.63500213623048,9866
2026-09-11 15:20:00+00:00,98.6449966430664,98.66000366210938,98.6449966430664,98.66000366210938,1147
2026-09-11 15:21:00+00:00,98.6500015258789,98.70999908447266,98.6500015258789,98.70999908447266,2852
2026-09-11 15:22:00+00:00,98.70999908447266,98.70999908447266,98.69000244140624,98.69000244140624,3904
2026-09-11 15:23:00+00:00,98.68499755859376,98.69000244140624,98.66999816894533,98.66999816894533,3452
2026-09-11 15:24:00+00:00,98.6750030517578,98.6750030517578,98.66000366210938,98.66999816894533,2620
2026-09-11 15:25:00+00:00,98.69499969482422,98.71499633789062,98.69499969482422,98.70500183105467,2975
2026-09-11 15:26:00+00:00,98.70999908447266,98.7249984741211,98.70500183105467,98.7249984741211,4563
2026-09-11 15:27:00+00:00,98.7300033569336,98.76000213623048,98.7300033569336,98.73500061035156,3291
2026-09-11 15:28:00+00:00,98.73999786376952,98.74500274658205,98.7249984741211,98.7249984741211,3060
2026-09-11 15:29:00+00:00,98.7300033569336,98.7300033569336,98.70999908447266,98.70999908447266,4177
2026-09-11 15:30:00+00:00,98.70999908447266,98.70999908447266,98.68000030517578,98.6999969482422,1821
2026-09-11 15:31:00+00:00,98.69499969482422,98.70500183105467,98.69499969482422,98.69499969482422,10675
2026-09-11 15:32:00+00:00,98.68499755859376,98.71499633789062,98.66999816894533,98.70989990234376,5619
2026-09-11 15:33:00+00:00,98.70500183105467,98.7300033569336,98.68000030517578,98.68499755859376,37158
2026-09-11 15:34:00+00:00,98.66999816894533,98.68000030517578,98.6500015258789,98.66000366210938,6526
2026-09-11 15:35:00+00:00,98.66000366210938,98.66000366210938,98.62000274658205,98.63999938964844,4842
2026-09-11 15:36:00+00:00,98.6500015258789,98.66000366210938,98.63999938964844,98.6449966430664,2700
2026-09-11 15:37:00+00:00,98.66500091552734,98.66500091552734,98.62999725341795,98.63999938964844,6336
2026-09-11 15:38:00+00:00,98.62999725341795,98.62999725341795,98.61000061035156,98.61000061035156,4206
2026-09-11 15:39:00+00:00,98.625,98.6449966430664,98.625,98.6449966430664,3543
2026-09-11 15:40:00+00:00,98.6500015258789,98.66500091552734,98.62000274658205,98.66500091552734,10194
2026-09-11 15:41:00+00:00,98.65499877929688,98.65499877929688,98.63500213623048,98.6449966430664,3546
2026-09-11 15:42:00+00:00,98.6449966430664,98.69000244140624,98.6449966430664,98.68000030517578,6909
2026-09-11 15:43:00+00:00,98.70999908447266,98.7249984741211,98.6999969482422,98.70999908447266,2347
2026-09-11 15:44:00+00:00,98.70999908447266,98.70999908447266,98.70500183105467,98.70999908447266,926
2026-09-11 15:45:00+00:00,98.71990203857422,98.72010040283205,98.71990203857422,98.72000122070312,1603
2026-09-11 15:46:00+00:00,98.70999908447266,98.7249984741211,98.69000244140624,98.7249984741211,3611
2026-09-11 15:47:00+00:00,98.7300033569336,98.73999786376952,98.70999908447266,98.70999908447266,11729
2026-09-11 15:48:00+00:00,98.70999908447266,98.72000122070312,98.70999908447266,98.72000122070312,663
2026-09-11 15:49:00+00:00,98.72000122070312,98.73500061035156,98.72000122070312,98.72000122070312,9919
2026-09-11 15:50:00+00:00,98.7300033569336,98.73500061035156,98.70999908447266,98.73500061035156,3932
2026-09-11 15:51:00+00:00,98.73500061035156,98.73500061035156,98.70500183105467,98.70500183105467,2775
2026-09-11 15:52:00+00:00,98.70500183105467,98.70500183105467,98.69000244140624,98.6999969482422,3496
2026-09-11 15:53:00+00:00,98.68000030517578,98.68000030517578,98.63999938964844,98.63999938964844,2306
2026-09-11 15:54:00+00:00,98.63999938964844,98.6449966430664,98.63500213623048,98.6449966430664,889
2026-09-11 15:55:00+00:00,98.6500015258789,98.6500015258789,98.62000274658205,98.62000274658205,1685
2026-09-11 15:56:00+00:00,98.62000274658205,98.62000274658205,98.61000061035156,98.61509704589844,544
2026-09-11 15:57:00+00:00,98.62000274658205,98.63999938964844,98.62000274658205,98.62999725341795,1219
2026-09-11 15:58:00+00:00,98.62000274658205,98.62000274658205,98.6050033569336,98.61000061035156,3298
2026-09-11 15:59:00+00:00,98.61000061035156,98.62000274658205,98.5999984741211,98.62000274658205,2202
2026-09-11 16:00:00+00:00,98.61499786376952,98.63999938964844,98.61499786376952,98.63999938964844,1998
2026-09-11 16:01:00+00:00,98.65499877929688,98.66999816894533,98.65499877929688,98.66500091552734,1459
2026-09-11 16:02:00+00:00,98.66999816894533,98.7249984741211,98.66999816894533,98.7249984741211,573
2026-09-11 16:03:00+00:00,98.6999969482422,98.6999969482422,98.69000244140624,98.69000244140624,1534
2026-09-11 16:04:00+00:00,98.7301025390625,98.73500061035156,98.7301025390625,98.73500061035156,1053
2026-09-11 16:05:00+00:00,98.73999786376952,98.73999786376952,98.73999786376952,98.73999786376952,575
2026-09-11 16:06:00+00:00,98.73999786376952,98.75,98.7300033569336,98.75,1273
2026-09-11 16:07:00+00:00,98.7397003173828,98.7397003173828,98.69000244140624,98.6999969482422,7419
2026-09-11 16:08:00+00:00,98.6999969482422,98.72000122070312,98.6999969482422,98.72000122070312,852
2026-09-11 16:09:00+00:00,98.7249984741211,98.7249984741211,98.70999908447266,98.70999908447266,5988
2026-09-11 16:10:00+00:00,98.71499633789062,98.7300033569336,98.71499633789062,98.71499633789062,8993
2026-09-11 16:11:00+00:00,98.7249984741211,98.74500274658205,98.72000122070312,98.73999786376952,7165
2026-09-11 16:12:00+00:00,98.73999786376952,98.73999786376952,98.7042007446289,98.70500183105467,8087
2026-09-11 16:13:00+00:00,98.6999969482422,98.6999969482422,98.66999816894533,98.66999816894533,1030
2026-09-11 16:14:00+00:00,98.68000030517578,98.68000030517578,98.66000366210938,98.66500091552734,5773
2026-09-11 16:15:00+00:00,98.66000366210938,98.66500091552734,98.66000366210938,98.66500091552734,1784
2026-09-11 16:16:00+00:00,98.66000366210938,98.66500091552734,98.63999938964844,98.63999938964844,6431
2026-09-11 16:17:00+00:00,98.6500015258789,98.66000366210938,98.6500015258789,98.66000366210938,1398
2026-09-11 16:18:00+00:00,98.66000366210938,98.68499755859376,98.66000366210938,98.68499755859376,3105
2026-09-11 16:19:00+00:00,98.68499755859376,98.68499755859376,98.65499877929688,98.65499877929688,4251
2026-09-11 16:20:00+00:00,98.66999816894533,98.66999816894533,98.66000366210938,98.66000366210938,2710
2026-09-11 16:21:00+00:00,98.66500091552734,98.68000030517578,98.66500091552734,98.66999816894533,5306
2026-09-11 16:22:00+00:00,98.6750030517578,98.6790008544922,98.66500091552734,98.6750030517578,3698
2026-09-11 16:23:00+00:00,98.6750030517578,98.68499755859376,98.6750030517578,98.68000030517578,4412
2026-09-11 16:24:00+00:00,98.68000030517578,98.68000030517578,98.6449966430664,98.6500015258789,13159
2026-09-11 16:25:00+00:00,98.65499877929688,98.66500091552734,98.6500015258789,98.66000366210938,2235
2026-09-11 16:26:00+00:00,98.6500015258789,98.68000030517578,98.6500015258789,98.66999816894533,4514
2026-09-11 16:27:00+00:00,98.66000366210938,98.6999969482422,98.66000366210938,98.68499755859376,14551
2026-09-11 16:28:00+00:00,98.68000030517578,98.7157974243164,98.68000030517578,98.6999969482422,4888
2026-09-11 16:29:00+00:00,98.6999969482422,98.70500183105467,98.58999633789062,98.58999633789062,16867
2026-09-11 16:30:00+00:00,98.56999969482422,98.62999725341795,98.56999969482422,98.62999725341795,5400
2026-09-11 16:31:00+00:00,98.6449966430664,98.65499877929688,98.62999725341795,98.63500213623048,1353
2026-09-11 16:32:00+00:00,98.63999938964844,98.6500015258789,98.61000061035156,98.6500015258789,9881
2026-09-11 16:33:00+00:00,98.66999816894533,98.73999786376952,98.66999816894533,98.73999786376952,1195
2026-09-11 16:34:00+00:00,98.75,98.75,98.73999786376952,98.73999786376952,4082
2026-09-11 16:35:00+00:00,98.7300033569336,98.7300033569336,98.6999969482422,98.6999969482422,2630
2026-09-11 16:36:00+00:00,98.69499969482422,98.69499969482422,98.6750030517578,98.6750030517578,6578
2026-09-11 16:38:00+00:00,98.69499969482422,98.69499969482422,98.66000366210938,98.66000366210938,1547
2026-09-11 16:39:00+00:00,98.66000366210938,98.66000366210938,98.6500015258789,98.6500015258789,1146
2026-09-11 16:40:00+00:00,98.62999725341795,98.6500015258789,98.62999725341795,98.6500015258789,320
2026-09-11 16:41:00+00:00,98.68000030517578,98.68000030517578,98.68000030517578,98.68000030517578,431
2026-09-11 16:42:00+00:00,98.6999969482422,98.6999969482422,98.68000030517578,98.68000030517578,1081
2026-09-11 16:44:00+00:00,98.6999969482422,98.70999908447266,98.69499969482422,98.70999908447266,986
2026-09-11 16:45:00+00:00,98.6999969482422,98.7300033569336,98.6999969482422,98.7300033569336,4780
2026-09-11 16:46:00+00:00,98.7300033569336,98.74500274658205,98.7300033569336,98.73999786376952,612
2026-09-11 16:47:00+00:00,98.73999786376952,98.7477035522461,98.7300033569336,98.73500061035156,11449
2026-09-11 16:48:00+00:00,98.7300033569336,98.7300033569336,98.70999908447266,98.70999908447266,1259
2026-09-11 16:49:00+00:00,98.70999908447266,98.70999908447266,98.66999816894533,98.66999816894533,1755
2026-09-11 16:50:00+00:00,98.66999816894533,98.68000030517578,98.66999816894533,98.66999816894533,2266
2026-09-11 16:51:00+00:00,98.66000366210938,98.66000366210938,98.6500015258789,98.65779876708984,1181
2026-09-11 16:52:00+00:00,98.6449966430664,98.6449966430664,98.6449966430664,98.6449966430664,506
2026-09-11 16:53:00+00:00,98.6500015258789,98.66000366210938,98.6500015258789,98.66000366210938,1746
2026-09-11 16:54:00+00:00,98.66500091552734,98.66500091552734,98.66000366210938,98.66000366210938,609
2026-09-11 16:55:00+00:00,98.66999816894533,98.68000030517578,98.66999816894533,98.68000030517578,1625
2026-09-11 16:56:00+00:00,98.66999816894533,98.66999816894533,98.66999816894533,98.66999816894533,1301
2026-09-11 16:57:00+00:00,98.66000366210938,98.66000366210938,98.66000366210938,98.66000366210938,1336
2026-09-11 16:58:00+00:00,98.66000366210938,98.68000030517578,98.66000366210938,98.68000030517578,574
2026-09-11 16:59:00+00:00,98.66500091552734,98.66999816894533,98.66500091552734,98.66999816894533,615
2026-09-11 17:00:00+00:00,98.68000030517578,98.68000030517578,98.66999816894533,98.66999816894533,2117
2026-09-11 17:01:00+00:00,98.6500015258789,98.65499877929688,98.6500015258789,98.65499877929688,439
2026-09-11 17:02:00+00:00,98.6500015258789,98.65499877929688,98.6500015258789,98.65499877929688,1375
2026-09-11 17:03:00+00:00,98.6500015258789,98.6500015258789,98.6500015258789,98.6500015258789,1180
2026-09-11 17:04:00+00:00,98.66000366210938,98.66000366210938,98.6449966430664,98.6449966430664,245
2026-09-11 17:05:00+00:00,98.66000366210938,98.6750030517578,98.65499877929688,98.6750030517578,6454
2026-09-11 17:06:00+00:00,98.68000030517578,98.69000244140624,98.6750030517578,98.69000244140624,30240
2026-09-11 17:07:00+00:00,98.68000030517578,98.73999786376952,98.6500015258789,98.6500015258789,15774
2026-09-11 17:08:00+00:00,98.66000366210938,98.66000366210938,98.6449966430664,98.6500015258789,1925
2026-09-11 17:09:00+00:00,98.6500015258789,98.6500015258789,98.6500015258789,98.6500015258789,547
2026-09-11 17:10:00+00:00,98.6500015258789,98.69000244140624,98.63999938964844,98.66500091552734,107008
2026-09-11 17:11:00+00:00,98.66500091552734,98.66500091552734,98.66000366210938,98.66000366210938,1682
2026-09-11 17:12:00+00:00,98.66000366210938,98.68000030517578,98.66000366210938,98.68000030517578,1221
2026-09-11 17:13:00+00:00,98.68000030517578,98.68000030517578,98.6500015258789,98.6500015258789,1543
2026-09-11 17:14:00+00:00,98.65499877929688,98.65499877929688,98.63999938964844,98.63999938964844,1437
2026-09-11 17:15:00+00:00,98.64450073242188,98.64450073242188,98.62000274658205,98.62000274658205,1479
2026-09-11 17:16:00+00:00,98.62000274658205,98.65499877929688,98.62000274658205,98.65499877929688,462
2026-09-11 17:17:00+00:00,98.66000366210938,98.66000366210938,98.66000366210938,98.66000366210938,1263
2026-09-11 17:18:00+00:00,98.6500015258789,98.6500015258789,98.63999938964844,98.63999938964844,1284
2026-09-11 17:19:00+00:00,98.63999938964844,98.66999816894533,98.63999938964844,98.66999816894533,805
2026-09-11 17:20:00+00:00,98.68000030517578,98.68000030517578,98.66999816894533,98.66999816894533,941
2026-09-11 17:21:00+00:00,98.68000030517578,98.69000244140624,98.68000030517578,98.68000030517578,964
2026-09-11 17:22:00+00:00,98.69000244140624,98.6999969482422,98.69000244140624,98.6999969482422,5983
2026-09-11 17:23:00+00:00,98.70500183105467,98.7300033569336,98.6999969482422,98.7300033569336,2416
2026-09-11 17:24:00+00:00,98.7300033569336,98.7300033569336,98.7300033569336,98.7300033569336,233
2026-09-11 17:25:00+00:00,98.73999786376952,98.75499725341795,98.73999786376952,98.75,3250
2026-09-11 17:26:00+00:00,98.7249984741211,98.7249984741211,98.7249984741211,98.7249984741211,1192
2026-09-11 17:27:00+00:00,98.72000122070312,98.72000122070312,98.6999969482422,98.6999969482422,9110
2026-09-11 17:28:00+00:00,98.70500183105467,98.70500183105467,98.6999969482422,98.6999969482422,662
2026-09-11 17:29:00+00:00,98.70500183105467,98.70500183105467,98.69499969482422,98.69499969482422,791
2026-09-11 17:30:00+00:00,98.69000244140624,98.6999969482422,98.69000244140624,98.6999969482422,3279
2026-09-11 17:31:00+00:00,98.69499969482422,98.71499633789062,98.69499969482422,98.70999908447266,2825
2026-09-11 17:32:00+00:00,98.71499633789062,98.71499633789062,98.69000244140624,98.69000244140624,1372
2026-09-11 17:33:00+00:00,98.69000244140624,98.69000244140624,98.68499755859376,98.69000244140624,7983
2026-09-11 17:34:00+00:00,98.69499969482422,98.6999969482422,98.69000244140624,98.69000244140624,4580
2026-09-11 17:35:00+00:00,98.69000244140624,98.6999969482422,98.69000244140624,98.69499969482422,1466
2026-09-11 17:36:00+00:00,98.6999969482422,98.70500183105467,98.6999969482422,98.70500183105467,435
2026-09-11 17:37:00+00:00,98.6999969482422,98.6999969482422,98.69000244140624,98.69000244140624,1136
2026-09-11 17:38:00+00:00,98.68000030517578,98.68000030517578,98.66000366210938,98.66999816894533,2916
2026-09-11 17:39:00+00:00,98.68000030517578,98.68000030517578,98.66999816894533,98.66999816894533,632
2026-09-11 17:40:00+00:00,98.66999816894533,98.68000030517578,98.66000366210938,98.66000366210938,1335
2026-09-11 17:41:00+00:00,98.66000366210938,98.66500091552734,98.63500213623048,98.63500213623048,3332
2026-09-11 17:42:00+00:00,98.63500213623048,98.63500213623048,98.63500213623048,98.63500213623048,279
2026-09-11 17:43:00+00:00,98.63500213623048,98.6449966430664,98.63500213623048,98.6449966430664,1016
2026-09-11 17:44:00+00:00,98.63999938964844,98.63999938964844,98.62184143066406,98.62184143066406,2685
2026-09-11 17:45:00+00:00,98.62000274658205,98.62989807128906,98.62000274658205,98.62000274658205,2151
2026-09-11 17:46:00+00:00,98.62000274658205,98.62000274658205,98.62000274658205,98.62000274658205,410
2026-09-11 17:47:00+00:00,98.62000274658205,98.62000274658205,98.61000061035156,98.61000061035156,2328
2026-09-11 17:48:00+00:00,98.61000061035156,98.61499786376952,98.61000061035156,98.61499786376952,2150
2026-09-11 17:49:00+00:00,98.61499786376952,98.6500015258789,98.61499786376952,98.63999938964844,4235
2026-09-11 17:50:00+00:00,98.6449966430664,98.6449966430664,98.63999938964844,98.63999938964844,825
2026-09-11 17:51:00+00:00,98.63999938964844,98.63999938964844,98.63999938964844,98.63999938964844,1963
2026-09-11 17:52:00+00:00,98.64350128173828,98.6500015258789,98.64350128173828,98.6500015258789,616
2026-09-11 17:53:00+00:00,98.6500015258789,98.6500015258789,98.6449966430664,98.6449966430664,1107
2026-09-11 17:54:00+00:00,98.6449966430664,98.6449966430664,98.6449966430664,98.6449966430664,658
2026-09-11 17:55:00+00:00,98.65450286865234,98.65450286865234,98.63999938964844,98.63999938964844,2831
2026-09-11 17:56:00+00:00,98.63500213623048,98.63500213623048,98.62999725341795,98.62999725341795,312
2026-09-11 17:57:00+00:00,98.63500213623048,98.63500213623048,98.62999725341795,98.62999725341795,1727
2026-09-11 17:58:00+00:00,98.62999725341795,98.63500213623048,98.62999725341795,98.63500213623048,1028
2026-09-11 17:59:00+00:00,98.63500213623048,98.63500213623048,98.62999725341795,98.62999725341795,525
2026-09-11 18:00:00+00:00,98.6500015258789,98.6500015258789,98.6449966430664,98.6449966430664,922
2026-09-11 18:01:00+00:00,98.62999725341795,98.62999725341795,98.62999725341795,98.62999725341795,2823
2026-09-11 18:02:00+00:00,98.62999725341795,98.66500091552734,98.62999725341795,98.66500091552734,4991
2026-09-11 18:03:00+00:00,98.66000366210938,98.6750030517578,98.66000366210938,98.6750030517578,561
2026-09-11 18:04:00+00:00,98.68199920654295,98.68499755859376,98.6750030517578,98.6750030517578,2316
2026-09-11 18:05:00+00:00,98.66500091552734,98.6698989868164,98.66000366210938,98.66000366210938,1550
2026-09-11 18:06:00+00:00,98.66000366210938,98.66999816894533,98.66000366210938,98.66500091552734,8689
2026-09-11 18:07:00+00:00,98.66999816894533,98.6750030517578,98.65499877929688,98.66500091552734,2060
2026-09-11 18:08:00+00:00,98.66999816894533,98.66999816894533,98.6500015258789,98.6500015258789,4430
2026-09-11 18:09:00+00:00,98.66000366210938,98.66000366210938,98.6500015258789,98.6500015258789,994
2026-09-11 18:10:00+00:00,98.65499877929688,98.65499877929688,98.6449966430664,98.65499877929688,1318
2026-09-11 18:11:00+00:00,98.65499877929688,98.65499877929688,98.6449966430664,98.6449966430664,1170
2026-09-11 18:12:00+00:00,98.6449966430664,98.6500015258789,98.6449966430664,98.6500015258789,566
2026-09-11 18:13:00+00:00,98.6500015258789,98.6500015258789,98.62999725341795,98.62999725341795,1508
2026-09-11 18:14:00+00:00,98.63500213623048,98.63500213623048,98.625,98.62999725341795,781
2026-09-11 18:15:00+00:00,98.625,98.63500213623048,98.625,98.63500213623048,688
2026-09-11 18:16:00+00:00,98.63500213623048,98.63999938964844,98.62999725341795,98.62999725341795,1440
2026-09-11 18:17:00+00:00,98.62999725341795,98.63500213623048,98.62999725341795,98.63500213623048,688
2026-09-11 18:18:00+00:00,98.62999725341795,98.63500213623048,98.62999725341795,98.63500213623048,2400
2026-09-11 18:19:00+00:00,98.62999725341795,98.62999725341795,98.62999725341795,98.62999725341795,1504
2026-09-11 18:20:00+00:00,98.625,98.625,98.5500030517578,98.58000183105467,11839
2026-09-11 18:21:00+00:00,98.55999755859376,98.55999755859376,98.5250015258789,98.55999755859376,2291
2026-09-11 18:22:00+00:00,98.55999755859376,98.58000183105467,98.55999755859376,98.5749969482422,1696
2026-09-11 18:23:00+00:00,98.58000183105467,98.58000183105467,98.56999969482422,98.56999969482422,2989
2026-09-11 18:24:00+00:00,98.55010223388672,98.55999755859376,98.54499816894533,98.55999755859376,1277
2026-09-11 18:25:00+00:00,98.56999969482422,98.58499908447266,98.56999969482422,98.58499908447266,1772
2026-09-11 18:26:00+00:00,98.58000183105467,98.58499908447266,98.56999969482422,98.56999969482422,1279
2026-09-11 18:27:00+00:00,98.58000183105467,98.58000183105467,98.55999755859376,98.56999969482422,2305
2026-09-11 18:28:00+00:00,98.56999969482422,98.58499908447266,98.56500244140624,98.58000183105467,2517
2026-09-11 18:29:00+00:00,98.61000061035156,98.61499786376952,98.5999984741211,98.5999984741211,826
2026-09-11 18:30:00+00:00,98.58999633789062,98.61499786376952,98.58999633789062,98.58999633789062,1647
2026-09-11 18:31:00+00:00,98.5749969482422,98.58999633789062,98.56999969482422,98.56999969482422,143487
2026-09-11 18:32:00+00:00,98.5500030517578,98.56999969482422,98.5500030517578,98.56999969482422,1271
2026-09-11 18:33:00+00:00,98.56999969482422,98.56999969482422,98.56999969482422,98.56999969482422,1417
2026-09-11 18:34:00+00:00,98.56500244140624,98.58999633789062,98.56500244140624,98.58999633789062,4061
2026-09-11 18:35:00+00:00,98.58999633789062,98.58999633789062,98.58499908447266,98.58499908447266,689
2026-09-11 18:36:00+00:00,98.58999633789062,98.5999984741211,98.58999633789062,98.5999984741211,1776
2026-09-11 18:37:00+00:00,98.5999984741211,98.5999984741211,98.5749969482422,98.5749969482422,889
2026-09-11 18:38:00+00:00,98.56999969482422,98.56999969482422,98.54499816894533,98.54499816894533,1858
2026-09-11 18:39:00+00:00,98.54499816894533,98.54499816894533,98.54499816894533,98.54499816894533,1280
2026-09-11 18:40:00+00:00,98.5500030517578,98.5500030517578,98.54000091552734,98.5500030517578,768
2026-09-11 18:41:00+00:00,98.55999755859376,98.56500244140624,98.55999755859376,98.56500244140624,678
2026-09-11 18:42:00+00:00,98.56999969482422,98.5771026611328,98.56999969482422,98.5749969482422,3376
2026-09-11 18:43:00+00:00,98.56999969482422,98.56999969482422,98.54139709472656,98.54139709472656,5063
2026-09-11 18:44:00+00:00,98.5438003540039,98.56500244140624,98.5438003540039,98.56500244140624,1324
2026-09-11 18:45:00+00:00,98.54499816894533,98.54499816894533,98.54000091552734,98.54499816894533,2255
2026-09-11 18:46:00+00:00,98.53919982910156,98.54000091552734,98.53919982910156,98.54000091552734,1188
2026-09-11 18:47:00+00:00,98.54000091552734,98.55500030517578,98.54000091552734,98.5500030517578,3394
2026-09-11 18:48:00+00:00,98.54499816894533,98.54499816894533,98.51000213623048,98.51000213623048,3166
2026-09-11 18:49:00+00:00,98.51000213623048,98.5199966430664,98.51000213623048,98.5199966430664,1296
2026-09-11 18:50:00+00:00,98.5250015258789,98.52999877929688,98.52100372314452,98.52999877929688,4911
2026-09-11 18:51:00+00:00,98.53500366210938,98.53500366210938,98.5199966430664,98.5199966430664,3935
2026-09-11 18:52:00+00:00,98.51000213623048,98.5199966430664,98.51000213623048,98.5199966430664,1470
2026-09-11 18:53:00+00:00,98.51499938964844,98.51589965820312,98.51499938964844,98.51499938964844,450
2026-09-11 18:54:00+00:00,98.51499938964844,98.51499938964844,98.50499725341795,98.50499725341795,1873
2026-09-11 18:55:00+00:00,98.50499725341795,98.5250015258789,98.50499725341795,98.5250015258789,1529
2026-09-11 18:56:00+00:00,98.5199966430664,98.52999877929688,98.5199966430664,98.52999877929688,1941
2026-09-11 18:57:00+00:00,98.52999877929688,98.53500366210938,98.52999877929688,98.52999877929688,4565
2026-09-11 18:58:00+00:00,98.53500366210938,98.54000091552734,98.53500366210938,98.54000091552734,496
2026-09-11 18:59:00+00:00,98.54000091552734,98.54499816894533,98.53500366210938,98.53500366210938,2046
2026-09-11 19:00:00+00:00,98.53500366210938,98.53500366210938,98.51000213623048,98.5199966430664,7053
2026-09-11 19:01:00+00:00,98.52999877929688,98.53500366210938,98.51000213623048,98.51000213623048,2154
2026-09-11 19:02:00+00:00,98.51499938964844,98.51499938964844,98.51000213623048,98.51000213623048,1259
2026-09-11 19:03:00+00:00,98.5250015258789,98.5250015258789,98.51499938964844,98.5250015258789,1343
2026-09-11 19:04:00+00:00,98.5199966430664,98.5199966430664,98.51499938964844,98.51499938964844,1055
2026-09-11 19:05:00+00:00,98.52999877929688,98.52999877929688,98.52999877929688,98.52999877929688,1430
2026-09-11 19:06:00+00:00,98.5199966430664,98.5199966430664,98.51000213623048,98.51499938964844,1283
2026-09-11 19:07:00+00:00,98.51000213623048,98.51000213623048,98.50499725341795,98.50499725341795,436
2026-09-11 19:08:00+00:00,98.51000213623048,98.52999877929688,98.51000213623048,98.52999877929688,1997
2026-09-11 19:09:00+00:00,98.53500366210938,98.5478973388672,98.5199966430664,98.5250015258789,9330
2026-09-11 19:10:00+00:00,98.5199966430664,98.5199966430664,98.5199966430664,98.5199966430664,1086
2026-09-11 19:11:00+00:00,98.51000213623048,98.5386962890625,98.51000213623048,98.5386962890625,2775
2026-09-11 19:12:00+00:00,98.53500366210938,98.54000091552734,98.53500366210938,98.54000091552734,971
2026-09-11 19:13:00+00:00,98.53500366210938,98.54000091552734,98.53500366210938,98.53500366210938,977
2026-09-11 19:14:00+00:00,98.54499816894533,98.55999755859376,98.54499816894533,98.55999755859376,5550
2026-09-11 19:15:00+00:00,98.56999969482422,98.58499908447266,98.56999969482422,98.5749969482422,2358
2026-09-11 19:16:00+00:00,98.57820129394533,98.58000183105467,98.5749969482422,98.5749969482422,3710
2026-09-11 19:17:00+00:00,98.5790023803711,98.5790023803711,98.55500030517578,98.55500030517578,3927
2026-09-11 19:18:00+00:00,98.55999755859376,98.55999755859376,98.54010009765624,98.54010009765624,1560
2026-09-11 19:19:00+00:00,98.55500030517578,98.55500030517578,98.55500030517578,98.55500030517578,890
2026-09-11 19:20:00+00:00,98.55999755859376,98.56999969482422,98.55999755859376,98.56999969482422,1279
2026-09-11 19:21:00+00:00,98.56500244140624,98.56999969482422,98.55999755859376,98.55999755859376,3228
2026-09-11 19:22:00+00:00,98.56999969482422,98.56999969482422,98.56500244140624,98.56500244140624,1830
2026-09-11 19:23:00+00:00,98.56500244140624,98.5749969482422,98.55999755859376,98.5749969482422,2728
2026-09-11 19:24:00+00:00,98.5749969482422,98.58000183105467,98.5749969482422,98.58000183105467,1812
2026-09-11 19:25:00+00:00,98.58000183105467,98.58000183105467,98.57301330566406,98.58000183105467,2737
2026-09-11 19:26:00+00:00,98.58000183105467,98.6050033569336,98.58000183105467,98.6050033569336,4841
2026-09-11 19:27:00+00:00,98.60009765625,98.6050033569336,98.58499908447266,98.58499908447266,8238
2026-09-11 19:28:00+00:00,98.58499908447266,98.58499908447266,98.58000183105467,98.58499908447266,2656
2026-09-11 19:29:00+00:00,98.58000183105467,98.5801010131836,98.56999969482422,98.5749969482422,2473
2026-09-11 19:30:00+00:00,98.58000183105467,98.58499908447266,98.56999969482422,98.58499908447266,2529
2026-09-11 19:31:00+00:00,98.58499908447266,98.58499908447266,98.55999755859376,98.58000183105467,6498
2026-09-11 19:32:00+00:00,98.58499908447266,98.58999633789062,98.56999969482422,98.58000183105467,3417
2026-09-11 19:33:00+00:00,98.58499908447266,98.5999984741211,98.58499908447266,98.5999984741211,2669
2026-09-11 19:34:00+00:00,98.6050033569336,98.61000061035156,98.5999984741211,98.61000061035156,2969
2026-09-11 19:35:00+00:00,98.61499786376952,98.62999725341795,98.60009765625,98.61000061035156,9298
2026-09-11 19:36:00+00:00,98.61499786376952,98.63999938964844,98.61499786376952,98.63500213623048,4369
2026-09-11 19:37:00+00:00,98.63999938964844,98.6449966430664,98.63999938964844,98.6449966430664,1677
2026-09-11 19:38:00+00:00,98.63999938964844,98.6449966430664,98.63500213623048,98.63500213623048,3641
2026-09-11 19:39:00+00:00,98.63999938964844,98.6500015258789,98.63999938964844,98.6449966430664,2523
2026-09-11 19:40:00+00:00,98.6449966430664,98.65499877929688,98.6449966430664,98.6449966430664,4449
2026-09-11 19:41:00+00:00,98.63999938964844,98.6449966430664,98.63999938964844,98.6449966430664,726
2026-09-11 19:42:00+00:00,98.6449966430664,98.6449966430664,98.62000274658205,98.63500213623048,8690
2026-09-11 19:43:00+00:00,98.62999725341795,98.63500213623048,98.625,98.625,2445
2026-09-11 19:44:00+00:00,98.625,98.627197265625,98.62000274658205,98.625,1958
2026-09-11 19:45:00+00:00,98.625,98.63999938964844,98.62010192871094,98.63500213623048,10015
2026-09-11 19:46:00+00:00,98.63500213623048,98.6500015258789,98.62999725341795,98.63500213623048,11328
2026-09-11 19:47:00+00:00,98.62999725341795,98.63500213623048,98.6050033569336,98.61000061035156,16172
2026-09-11 19:48:00+00:00,98.62000274658205,98.62000274658205,98.6050033569336,98.61499786376952,7159
2026-09-11 19:49:00+00:00,98.61499786376952,98.61499786376952,98.5999984741211,98.61000061035156,5037
2026-09-11 19:50:00+00:00,98.5999984741211,98.6500015258789,98.58499908447266,98.63500213623048,17903
2026-09-11 19:51:00+00:00,98.63999938964844,98.63999938964844,98.59500122070312,98.5999984741211,12614
2026-09-11 19:52:00+00:00,98.61000061035156,98.63500213623048,98.606201171875,98.62899780273438,36286
2026-09-11 19:53:00+00:00,98.625,98.63999938964844,98.6050033569336,98.60900115966795,37618
2026-09-11 19:54:00+00:00,98.61000061035156,98.62999725341795,98.6050033569336,98.62999725341795,25011
2026-09-11 19:55:00+00:00,98.61000061035156,98.62999725341795,98.59500122070312,98.61000061035156,66575
2026-09-11 19:56:00+00:00,98.6050033569336,98.62999725341795,98.6050033569336,98.625,20889
2026-09-11 19:57:00+00:00,98.625,98.63999938964844,98.62000274658205,98.62000274658205,31271
2026-09-11 19:58:00+00:00,98.61499786376952,98.66000366210938,98.6050033569336,98.61499786376952,118972
2026-09-11 19:59:00+00:00,98.61499786376952,98.61499786376952,98.52999877929688,98.52999877929688,111663
2026-09-14 13:30:00+00:00,97.37000274658205,97.43000030517578,97.25,97.33499908447266,39245
2026-09-14 13:31:00+00:00,97.3000030517578,97.44000244140624,97.3000030517578,97.37999725341795,15736
2026-09-14 13:32:00+00:00,97.41999816894533,97.44499969482422,97.41000366210938,97.43499755859376,9893
2026-09-14 13:33:00+00:00,97.43499755859376,97.48999786376952,97.43499755859376,97.47000122070312,9059
2026-09-14 13:34:00+00:00,97.4499969482422,97.4499969482422,97.34500122070312,97.34500122070312,4553
2026-09-14 13:35:00+00:00,97.3550033569336,97.38999938964844,97.33999633789062,97.3550033569336,13417
2026-09-14 13:36:00+00:00,97.3499984741211,97.3499984741211,97.3249969482422,97.33000183105467,7782
2026-09-14 13:37:00+00:00,97.31999969482422,97.4000015258789,97.31500244140624,97.38500213623048,4210
2026-09-14 13:38:00+00:00,97.4000015258789,97.4000015258789,97.33000183105467,97.33999633789062,7084
2026-09-14 13:39:00+00:00,97.33499908447266,97.3550033569336,97.33000183105467,97.33999633789062,2926
2026-09-14 13:40:00+00:00,97.33499908447266,97.36000061035156,97.31500244140624,97.31999969482422,4223
2026-09-14 13:41:00+00:00,97.31500244140624,97.36000061035156,97.28500366210938,97.36000061035156,4399
2026-09-14 13:42:00+00:00,97.33999633789062,97.36000061035156,97.31999969482422,97.36000061035156,2456
2026-09-14 13:43:00+00:00,97.3249969482422,97.33999633789062,97.28500366210938,97.28500366210938,5741
2026-09-14 13:44:00+00:00,97.29000091552734,97.4000015258789,97.29000091552734,97.4000015258789,3096
2026-09-14 13:45:00+00:00,97.41000366210938,97.48999786376952,97.41000366210938,97.48999786376952,8869
2026-09-14 13:46:00+00:00,97.5,97.56999969482422,97.5,97.56500244140624,7680
2026-09-14 13:47:00+00:00,97.56999969482422,97.58999633789062,97.5199966430664,97.55989837646484,5325
2026-09-14 13:48:00+00:00,97.55999755859376,97.55999755859376,97.50499725341795,97.5500030517578,6784
2026-09-14 13:49:00+00:00,97.55500030517578,97.56999969482422,97.54000091552734,97.54499816894533,5914
2026-09-14 13:50:00+00:00,97.54499816894533,97.62000274658205,97.54499816894533,97.58499908447266,5339
2026-09-14 13:51:00+00:00,97.56999969482422,97.56999969482422,97.46499633789062,97.46499633789062,5384
2026-09-14 13:52:00+00:00,97.48500061035156,97.54000091552734,97.4800033569336,97.5,43036
2026-09-14 13:53:00+00:00,97.5,97.52999877929688,97.4749984741211,97.5250015258789,27194
2026-09-14 13:54:00+00:00,97.51499938964844,97.51499938964844,97.46499633789062,97.5,37647
2026-09-14 13:55:00+00:00,97.49500274658205,97.5250015258789,97.45500183105467,97.45500183105467,15361
2026-09-14 13:56:00+00:00,97.45500183105467,97.46499633789062,97.4250030517578,97.44000244140624,6405
2026-09-14 13:57:00+00:00,97.41000366210938,97.41500091552734,97.3949966430664,97.41500091552734,8515
2026-09-14 13:58:00+00:00,97.41999816894533,97.46499633789062,97.37999725341795,97.41000366210938,38885
2026-09-14 13:59:00+00:00,97.4000015258789,97.43499755859376,97.38500213623048,97.41999816894533,15330
2026-09-14 14:00:00+00:00,97.41000366210938,97.47000122070312,97.41000366210938,97.44000244140624,49343
2026-09-14 14:01:00+00:00,97.43000030517578,97.5250015258789,97.41999816894533,97.51499938964844,28306
2026-09-14 14:02:00+00:00,97.51499938964844,97.51499938964844,97.43000030517578,97.43499755859376,30546
2026-09-14 14:03:00+00:00,97.43499755859376,97.51499938964844,97.4250030517578,97.48999786376952,15468
2026-09-14 14:04:00+00:00,97.4800033569336,97.49500274658205,97.47000122070312,97.4800033569336,6811
2026-09-14 14:05:00+00:00,97.5,97.51000213623048,97.4800033569336,97.4800033569336,4417
2026-09-14 14:06:00+00:00,97.48500061035156,97.5199966430664,97.48500061035156,97.5199966430664,4086
2026-09-14 14:07:00+00:00,97.51000213623048,97.55500030517578,97.51000213623048,97.55500030517578,2700
2026-09-14 14:08:00+00:00,97.55999755859376,97.58999633789062,97.55999755859376,97.56999969482422,5309
2026-09-14 14:09:00+00:00,97.56999969482422,97.56999969482422,97.5250015258789,97.5250015258789,4380
2026-09-14 14:10:00+00:00,97.54000091552734,97.62999725341795,97.54000091552734,97.58000183105467,7051
2026-09-14 14:11:00+00:00,97.5999984741211,97.6500015258789,97.58999633789062,97.58999633789062,4880
2026-09-14 14:12:00+00:00,97.58999633789062,97.61000061035156,97.58499908447266,97.58499908447266,2589
2026-09-14 14:13:00+00:00,97.58000183105467,97.58999633789062,97.55500030517578,97.58999633789062,3800
2026-09-14 14:14:00+00:00,97.59500122070312,97.62000274658205,97.58499908447266,97.58999633789062,4368
2026-09-14 14:15:00+00:00,97.58499908447266,97.61000061035156,97.58000183105467,97.5999984741211,3025
2026-09-14 14:16:00+00:00,97.58000183105467,97.58509826660156,97.54000091552734,97.58000183105467,3851
2026-09-14 14:17:00+00:00,97.58000183105467,97.58000183105467,97.52999877929688,97.52999877929688,13092
2026-09-14 14:18:00+00:00,97.52999877929688,97.52999877929688,97.48999786376952,97.48999786376952,8482
2026-09-14 14:19:00+00:00,97.5,97.50499725341795,97.4800033569336,97.50499725341795,5136
2026-09-14 14:20:00+00:00,97.5,97.5,97.4499969482422,97.4499969482422,2530
2026-09-14 14:21:00+00:00,97.4499969482422,97.4499969482422,97.3499984741211,97.3499984741211,4836
2026-09-14 14:22:00+00:00,97.33999633789062,97.3499984741211,97.3249969482422,97.33000183105467,4938
2026-09-14 14:23:00+00:00,97.33999633789062,97.33999633789062,97.3000030517578,97.3000030517578,2412
2026-09-14 14:24:00+00:00,97.30500030517578,97.30999755859376,97.27999877929688,97.27999877929688,10326
2026-09-14 14:25:00+00:00,97.2699966430664,97.2699966430664,97.2300033569336,97.2300033569336,3154
2026-09-14 14:26:00+00:00,97.22000122070312,97.22000122070312,97.18000030517578,97.19499969482422,3515
2026-09-14 14:27:00+00:00,97.18499755859376,97.2249984741211,97.18499755859376,97.2249984741211,4349
2026-09-14 14:28:00+00:00,97.2249984741211,97.27999877929688,97.2249984741211,97.25,2872
2026-09-14 14:29:00+00:00,97.24500274658205,97.29000091552734,97.24500274658205,97.29000091552734,4280
2026-09-14 14:30:00+00:00,97.28500366210938,97.3000030517578,97.26499938964844,97.2699966430664,45670
2026-09-14 14:31:00+00:00,97.2699966430664,97.2750015258789,97.25,97.25,6266
2026-09-14 14:32:00+00:00,97.25,97.25,97.18499755859376,97.21499633789062,6543
2026-09-14 14:33:00+00:00,97.2249984741211,97.23500061035156,97.19499969482422,97.19499969482422,7517
2026-09-14 14:34:00+00:00,97.20999908447266,97.25,97.20999908447266,97.25,4188
2026-09-14 14:35:00+00:00,97.25,97.25,97.18499755859376,97.1999969482422,5231
2026-09-14 14:36:00+00:00,97.1999969482422,97.1999969482422,97.18000030517578,97.18499755859376,4533
2026-09-14 14:37:00+00:00,97.18000030517578,97.20500183105467,97.1750030517578,97.19499969482422,3304
2026-09-14 14:38:00+00:00,97.1999969482422,97.1999969482422,97.16500091552734,97.18499755859376,2846
2026-09-14 14:39:00+00:00,97.19000244140624,97.19000244140624,97.1500015258789,97.18000030517578,6148
2026-09-14 14:40:00+00:00,97.18000030517578,97.19000244140624,97.11499786376952,97.12000274658205,10552
2026-09-14 14:41:00+00:00,97.12000274658205,97.12000274658205,97.08999633789062,97.09500122070312,3789
2026-09-14 14:42:00+00:00,97.0999984741211,97.1500015258789,97.0999984741211,97.1449966430664,8363
2026-09-14 14:43:00+00:00,97.13500213623048,97.16000366210938,97.13500213623048,97.16000366210938,3850
2026-09-14 14:44:00+00:00,97.15499877929688,97.23500061035156,97.15499877929688,97.23500061035156,3038
2026-09-14 14:45:00+00:00,97.2300033569336,97.29499816894533,97.2300033569336,97.29499816894533,6326
2026-09-14 14:46:00+00:00,97.30999755859376,97.31500244140624,97.26000213623048,97.26000213623048,5328
2026-09-14 14:47:00+00:00,97.2750015258789,97.2750015258789,97.24500274658205,97.26000213623048,3673
2026-09-14 14:48:00+00:00,97.26499938964844,97.29000091552734,97.26000213623048,97.2750015258789,7642
2026-09-14 14:49:00+00:00,97.29000091552734,97.29000091552734,97.26000213623048,97.27010345458984,4709
2026-09-14 14:50:00+00:00,97.2699966430664,97.2699966430664,97.2300033569336,97.23999786376952,4760
2026-09-14 14:51:00+00:00,97.23999786376952,97.27999877929688,97.2249984741211,97.26499938964844,3680
2026-09-14 14:52:00+00:00,97.26000213623048,97.26000213623048,97.19000244140624,97.19000244140624,6434
2026-09-14 14:53:00+00:00,97.1750030517578,97.1750030517578,97.11000061035156,97.12000274658205,1982
2026-09-14 14:54:00+00:00,97.12000274658205,97.1500015258789,97.12000274658205,97.1449966430664,11834
2026-09-14 14:55:00+00:00,97.1500015258789,97.1500015258789,97.12000274658205,97.1449966430664,4502
2026-09-14 14:56:00+00:00,97.16000366210938,97.19000244140624,97.15499877929688,97.18000030517578,8485
2026-09-14 14:57:00+00:00,97.19000244140624,97.22000122070312,97.18000030517578,97.20999908447266,13575
2026-09-14 14:58:00+00:00,97.22000122070312,97.23500061035156,97.1999969482422,97.2300033569336,4942
2026-09-14 14:59:00+00:00,97.22000122070312,97.2300033569336,97.19499969482422,97.2300033569336,13818
2026-09-14 15:00:00+00:00,97.23500061035156,97.23500061035156,97.16999816894533,97.22000122070312,11441
2026-09-14 15:01:00+00:00,97.20999908447266,97.20999908447266,97.13500213623048,97.1999969482422,17820
2026-09-14 15:02:00+00:00,97.20999908447266,97.22000122070312,97.18000030517578,97.19000244140624,11457
2026-09-14 15:03:00+00:00,97.19000244140624,97.1999969482422,97.16000366210938,97.1999969482422,7341
2026-09-14 15:04:00+00:00,97.19000244140624,97.19000244140624,97.12000274658205,97.12999725341795,6583
2026-09-14 15:05:00+00:00,97.11499786376952,97.4499969482422,97.11499786376952,97.3949966430664,114382
2026-09-14 15:06:00+00:00,97.44000244140624,97.6050033569336,97.44000244140624,97.54000091552734,23688
2026-09-14 15:07:00+00:00,97.4800033569336,97.4800033569336,97.3499984741211,97.38500213623048,7784
2026-09-14 15:08:00+00:00,97.36000061035156,97.36000061035156,97.29000091552734,97.31500244140624,13260
2026-09-14 15:09:00+00:00,97.33499908447266,97.3550033569336,97.30999755859376,97.30999755859376,13171
2026-09-14 15:10:00+00:00,97.31500244140624,97.3249969482422,97.3000030517578,97.30999755859376,6713
2026-09-14 15:11:00+00:00,97.30999755859376,97.30999755859376,97.26000213623048,97.26000213623048,21806
2026-09-14 15:12:00+00:00,97.26000213623048,97.26499938964844,97.25499725341795,97.26000213623048,5038
2026-09-14 15:13:00+00:00,97.2699966430664,97.3000030517578,97.2699966430664,97.27999877929688,6620
2026-09-14 15:14:00+00:00,97.29000091552734,97.30999755859376,97.25,97.25,12346
2026-09-14 15:15:00+00:00,97.24500274658205,97.3000030517578,97.24500274658205,97.3000030517578,3178
2026-09-14 15:16:00+00:00,97.30999755859376,97.30999755859376,97.2699966430664,97.28500366210938,8046
2026-09-14 15:17:00+00:00,97.29000091552734,97.3000030517578,97.26499938964844,97.2699966430664,3241
2026-09-14 15:18:00+00:00,97.2750015258789,97.30999755859376,97.2699966430664,97.2699966430664,2720
2026-09-14 15:19:00+00:00,97.2750015258789,97.30500030517578,97.26499938964844,97.26499938964844,4374
2026-09-14 15:20:00+00:00,97.26499938964844,97.2750015258789,97.24500274658205,97.24500274658205,2909
2026-09-14 15:21:00+00:00,97.25,97.26499938964844,97.23999786376952,97.26499938964844,9856
2026-09-14 15:22:00+00:00,97.25499725341795,97.27999877929688,97.25499725341795,97.25499725341795,3756
2026-09-14 15:23:00+00:00,97.2750015258789,97.3000030517578,97.25499725341795,97.29000091552734,7273
2026-09-14 15:24:00+00:00,97.28500366210938,97.3949966430664,97.28500366210938,97.3949966430664,11753
2026-09-14 15:25:00+00:00,97.38999938964844,97.43000030517578,97.37999725341795,97.37999725341795,37866
2026-09-14 15:26:00+00:00,97.38500213623048,97.4000015258789,97.38500213623048,97.39009857177734,1798
2026-09-14 15:27:00+00:00,97.38999938964844,97.40499877929688,97.37999725341795,97.38500213623048,5985
2026-09-14 15:28:00+00:00,97.38999938964844,97.4000015258789,97.38500213623048,97.3949966430664,3583
2026-09-14 15:29:00+00:00,97.38999938964844,97.38999938964844,97.36000061035156,97.38999938964844,4754
2026-09-14 15:30:00+00:00,97.4000015258789,97.41000366210938,97.36499786376952,97.38500213623048,32676
2026-09-14 15:31:00+00:00,97.36000061035156,97.36000061035156,97.27010345458984,97.27999877929688,106315
2026-09-14 15:32:00+00:00,97.2750015258789,97.5199966430664,97.2699966430664,97.48999786376952,80246
2026-09-14 15:33:00+00:00,97.5,97.54000091552734,97.44000244140624,97.54000091552734,5781
2026-09-14 15:34:00+00:00,97.52999877929688,97.55999755859376,97.50499725341795,97.55999755859376,5261
2026-09-14 15:35:00+00:00,97.5500030517578,97.5999984741211,97.5500030517578,97.55999755859376,4307
2026-09-14 15:36:00+00:00,97.55500030517578,97.56999969482422,97.51499938964844,97.52999877929688,6071
2026-09-14 15:37:00+00:00,97.55500030517578,97.6500015258789,97.54000091552734,97.6500015258789,9559
2026-09-14 15:38:00+00:00,97.6500015258789,97.66000366210938,97.6050033569336,97.66000366210938,4865
2026-09-14 15:39:00+00:00,97.66999816894533,97.6999969482422,97.66000366210938,97.6999969482422,4726
2026-09-14 15:40:00+00:00,97.69000244140624,97.72000122070312,97.62000274658205,97.65499877929688,14928
2026-09-14 15:41:00+00:00,97.6500015258789,97.7300033569336,97.62999725341795,97.7249984741211,5690
2026-09-14 15:42:00+00:00,97.7300033569336,97.77999877929688,97.7300033569336,97.74500274658205,27399
2026-09-14 15:43:00+00:00,97.75499725341795,97.81999969482422,97.75,97.80500030517578,10341
2026-09-14 15:44:00+00:00,97.8249969482422,97.8550033569336,97.81500244140624,97.81500244140624,7178
2026-09-14 15:45:00+00:00,97.81999969482422,97.81999969482422,97.75499725341795,97.7699966430664,7859
2026-09-14 15:46:00+00:00,97.73500061035156,97.75,97.73500061035156,97.75,3937
2026-09-14 15:47:00+00:00,97.76499938964844,97.76499938964844,97.73500061035156,97.75,10362
2026-09-14 15:48:00+00:00,97.74500274658205,97.75,97.7249984741211,97.75,9648
2026-09-14 15:49:00+00:00,97.73999786376952,97.73999786376952,97.70999908447266,97.72000122070312,6200
2026-09-14 15:50:00+00:00,97.71499633789062,97.72000122070312,97.66999816894533,97.69000244140624,11206
2026-09-14 15:51:00+00:00,97.69000244140624,97.70500183105467,97.66999816894533,97.70500183105467,7517
2026-09-14 15:52:00+00:00,97.70999908447266,97.7300033569336,97.70999908447266,97.72000122070312,2585
2026-09-14 15:53:00+00:00,97.70999908447266,97.73500061035156,97.6999969482422,97.73500061035156,2429
2026-09-14 15:54:00+00:00,97.7300033569336,97.7300033569336,97.70500183105467,97.7300033569336,30433
2026-09-14 15:55:00+00:00,97.7249984741211,97.75,97.70999908447266,97.74549865722656,5035
2026-09-14 15:56:00+00:00,97.74500274658205,97.75499725341795,97.72000122070312,97.75499725341795,2089
2026-09-14 15:57:00+00:00,97.76000213623048,97.7699966430664,97.75,97.76000213623048,3889
2026-09-14 15:58:00+00:00,97.7699966430664,97.7699966430664,97.7249984741211,97.7249984741211,1623
2026-09-14 15:59:00+00:00,97.73500061035156,97.73500061035156,97.70999908447266,97.7300033569336,4667
2026-09-14 16:00:00+00:00,97.7300033569336,97.73999786376952,97.70999908447266,97.70999908447266,2799
2026-09-14 16:01:00+00:00,97.6999969482422,97.6999969482422,97.68000030517578,97.68499755859376,2124
2026-09-14 16:02:00+00:00,97.68000030517578,97.68000030517578,97.6500015258789,97.6500015258789,1476
2026-09-14 16:03:00+00:00,97.6500015258789,97.66000366210938,97.63999938964844,97.66000366210938,4094
2026-09-14 16:04:00+00:00,97.68000030517578,97.68000030517578,97.66000366210938,97.66999816894533,1431
2026-09-14 16:05:00+00:00,97.66500091552734,97.69000244140624,97.66000366210938,97.68000030517578,6381
2026-09-14 16:06:00+00:00,97.68000030517578,97.68499755859376,97.66500091552734,97.6750030517578,104020
2026-09-14 16:07:00+00:00,97.6750030517578,97.68000030517578,97.66000366210938,97.6750030517578,94089
2026-09-14 16:08:00+00:00,97.66999816894533,97.66999816894533,97.63999938964844,97.6449966430664,31008
2026-09-14 16:09:00+00:00,97.63999938964844,97.66999816894533,97.63999938964844,97.66000366210938,6921
2026-09-14 16:10:00+00:00,97.65499877929688,97.71499633789062,97.65499877929688,97.68000030517578,62468
2026-09-14 16:11:00+00:00,97.6750030517578,97.70999908447266,97.6750030517578,97.70999908447266,6710
2026-09-14 16:12:00+00:00,97.71499633789062,97.73999786376952,97.71499633789062,97.7249984741211,4088
2026-09-14 16:13:00+00:00,97.7300033569336,97.7300033569336,97.71499633789062,97.7300033569336,5308
2026-09-14 16:14:00+00:00,97.7300033569336,97.7300033569336,97.69499969482422,97.6999969482422,2668
2026-09-14 16:15:00+00:00,97.69499969482422,97.78500366210938,97.69499969482422,97.78500366210938,6782
2026-09-14 16:16:00+00:00,97.7750015258789,97.79499816894533,97.7750015258789,97.78500366210938,4834
2026-09-14 16:17:00+00:00,97.77999877929688,97.79000091552734,97.7699966430664,97.79000091552734,4236
2026-09-14 16:18:00+00:00,97.80999755859376,97.83000183105467,97.80500030517578,97.80500030517578,2742
2026-09-14 16:19:00+00:00,97.81999969482422,97.8249969482422,97.81500244140624,97.81500244140624,2435
2026-09-14 16:20:00+00:00,97.80500030517578,97.80989837646484,97.7750015258789,97.79000091552734,3629
2026-09-14 16:21:00+00:00,97.77999877929688,97.77999877929688,97.76499938964844,97.7750015258789,4333
2026-09-14 16:22:00+00:00,97.77999877929688,97.80500030517578,97.77999877929688,97.79000091552734,4377
2026-09-14 16:23:00+00:00,97.79499816894533,97.8000030517578,97.78500366210938,97.79499816894533,1435
2026-09-14 16:24:00+00:00,97.83999633789062,97.87000274658205,97.83000183105467,97.83999633789062,4174
2026-09-14 16:25:00+00:00,97.8499984741211,97.8499984741211,97.81500244140624,97.81500244140624,9288
2026-09-14 16:26:00+00:00,97.80999755859376,97.80999755859376,97.78500366210938,97.79000091552734,3692
2026-09-14 16:27:00+00:00,97.77999877929688,97.79499816894533,97.7699966430664,97.79499816894533,861
2026-09-14 16:28:00+00:00,97.79000091552734,97.79499816894533,97.77999877929688,97.78500366210938,3397
2026-09-14 16:29:00+00:00,97.79000091552734,97.79499816894533,97.77999877929688,97.79499816894533,1453
2026-09-14 16:30:00+00:00,97.78500366210938,97.80500030517578,97.77999877929688,97.78500366210938,4089
2026-09-14 16:31:00+00:00,97.79000091552734,97.8550033569336,97.78500366210938,97.80999755859376,26586
2026-09-14 16:32:00+00:00,97.81500244140624,97.87000274658205,97.80500030517578,97.83000183105467,7395
2026-09-14 16:33:00+00:00,97.84500122070312,97.84500122070312,97.83000183105467,97.83999633789062,1397
2026-09-14 16:34:00+00:00,97.8249969482422,97.8249969482422,97.77999877929688,97.77999877929688,1185
2026-09-14 16:35:00+00:00,97.7699966430664,97.7699966430664,97.75,97.75,1905
2026-09-14 16:36:00+00:00,97.76000213623048,97.76499938964844,97.75,97.75499725341795,2143
2026-09-14 16:37:00+00:00,97.75,97.77999877929688,97.75,97.77999877929688,1900
2026-09-14 16:38:00+00:00,97.79000091552734,97.8000030517578,97.78500366210938,97.79499816894533,3513
2026-09-14 16:39:00+00:00,97.79000091552734,97.81500244140624,97.79000091552734,97.81500244140624,772
2026-09-14 16:40:00+00:00,97.80999755859376,97.81999969482422,97.79499816894533,97.81999969482422,2589
2026-09-14 16:41:00+00:00,97.81999969482422,97.81999969482422,97.80010223388672,97.80500030517578,2574
2026-09-14 16:42:00+00:00,97.83499908447266,97.83999633789062,97.81999969482422,97.83999633789062,3958
2026-09-14 16:43:00+00:00,97.83999633789062,97.87000274658205,97.83499908447266,97.87000274658205,3386
2026-09-14 16:44:00+00:00,97.875,97.875,97.8499984741211,97.87000274658205,2253
2026-09-14 16:45:00+00:00,97.87999725341795,97.87999725341795,97.86000061035156,97.86000061035156,990
2026-09-14 16:46:00+00:00,97.875,97.87999725341795,97.8550033569336,97.8550033569336,1603
2026-09-14 16:47:00+00:00,97.86000061035156,97.97000122070312,97.86000061035156,97.95999908447266,28002
2026-09-14 16:48:00+00:00,97.95999908447266,98.06999969482422,97.95500183105467,98.06009674072266,12247
2026-09-14 16:49:00+00:00,98.05999755859376,98.08000183105467,98.02999877929688,98.02999877929688,2587
2026-09-14 16:50:00+00:00,98.0199966430664,98.0500030517578,98.01000213623048,98.03500366210938,3795
2026-09-14 16:51:00+00:00,98.0500030517578,98.0500030517578,98.01499938964844,98.0500030517578,2348
2026-09-14 16:52:00+00:00,98.05999755859376,98.05999755859376,98.04499816894533,98.0500030517578,2386
2026-09-14 16:53:00+00:00,98.05999755859376,98.06999969482422,98.05500030517578,98.05999755859376,2029
2026-09-14 16:54:00+00:00,98.0500030517578,98.0500030517578,98.02999877929688,98.02999877929688,1940
2026-09-14 16:55:00+00:00,98.02999877929688,98.0500030517578,98.02999877929688,98.02999877929688,12034
2026-09-14 16:56:00+00:00,98.03500366210938,98.03500366210938,98.01499938964844,98.01499938964844,1428
2026-09-14 16:57:00+00:00,98.01000213623048,98.01499938964844,97.98500061035156,97.98500061035156,2662
2026-09-14 16:58:00+00:00,97.98999786376952,97.99009704589844,97.9800033569336,97.98500061035156,1955
2026-09-14 16:59:00+00:00,97.98999786376952,97.99500274658205,97.97000122070312,97.9800033569336,3450
2026-09-14 17:00:00+00:00,97.98500061035156,98.01000213623048,97.98500061035156,98.01000213623048,2411
2026-09-14 17:01:00+00:00,98.00499725341795,98.01000213623048,97.96499633789062,97.97000122070312,3867
2026-09-14 17:02:00+00:00,97.95999908447266,97.97000122070312,97.9499969482422,97.9499969482422,1475
2026-09-14 17:03:00+00:00,97.95999908447266,97.97000122070312,97.94000244140624,97.94000244140624,1825
2026-09-14 17:04:00+00:00,97.95999908447266,97.96499633789062,97.95500183105467,97.96499633789062,818
2026-09-14 17:05:00+00:00,97.96499633789062,97.9800033569336,97.96499633789062,97.9749984741211,2539
2026-09-14 17:06:00+00:00,97.98500061035156,98.01000213623048,97.98500061035156,98.0,2199
2026-09-14 17:07:00+00:00,97.97000122070312,97.9749984741211,97.9499969482422,97.95500183105467,3998
2026-09-14 17:08:00+00:00,97.95500183105467,97.95500183105467,97.94000244140624,97.94499969482422,6420
2026-09-14 17:09:00+00:00,97.93499755859376,97.95999908447266,97.9250030517578,97.9499969482422,6004
2026-09-14 17:10:00+00:00,97.9499969482422,97.95500183105467,97.94499969482422,97.9499969482422,1726
2026-09-14 17:11:00+00:00,97.9499969482422,97.9800033569336,97.9499969482422,97.9800033569336,1448
2026-09-14 17:12:00+00:00,97.9749984741211,98.03500366210938,97.9749984741211,97.99500274658205,17960
2026-09-14 17:13:00+00:00,98.0,98.0,97.95999908447266,97.95999908447266,1844
2026-09-14 17:14:00+00:00,97.93000030517578,97.93000030517578,97.88999938964844,97.88999938964844,2661
2026-09-14 17:15:00+00:00,97.87999725341795,97.87999725341795,97.87999725341795,97.87999725341795,1463
2026-09-14 17:16:00+00:00,97.875,97.88999938964844,97.875,97.88500213623048,2672
2026-09-14 17:17:00+00:00,97.8949966430664,97.90499877929688,97.87000274658205,97.87000274658205,10437
2026-09-14 17:18:00+00:00,97.87000274658205,97.875,97.83000183105467,97.8499984741211,4181
2026-09-14 17:19:00+00:00,97.86000061035156,97.87000274658205,97.84500122070312,97.8499984741211,5730
2026-09-14 17:20:00+00:00,97.86000061035156,97.9000015258789,97.86000061035156,97.88999938964844,3701
2026-09-14 17:21:00+00:00,97.875,97.88999938964844,97.875,97.88999938964844,997
2026-09-14 17:22:00+00:00,97.88999938964844,97.90499877929688,97.88500213623048,97.9000015258789,1866
2026-09-14 17:23:00+00:00,97.90499877929688,97.90499877929688,97.88999938964844,97.88999938964844,2828
2026-09-14 17:24:00+00:00,97.9000015258789,97.9000015258789,97.88999938964844,97.8949966430664,1786
2026-09-14 17:25:00+00:00,97.9000015258789,97.91000366210938,97.88999938964844,97.8949966430664,4814
2026-09-14 17:26:00+00:00,97.9000015258789,97.94499969482422,97.9000015258789,97.94499969482422,3494
2026-09-14 17:27:00+00:00,97.94509887695312,97.95500183105467,97.94000244140624,97.95500183105467,3789
2026-09-14 17:28:00+00:00,97.95999908447266,97.95999908447266,97.94499969482422,97.95999908447266,4067
2026-09-14 17:29:00+00:00,97.95999908447266,97.9749984741211,97.94499969482422,97.9749984741211,5243
2026-09-14 17:30:00+00:00,97.9749984741211,97.9749984741211,97.93499755859376,97.97000122070312,2530
2026-09-14 17:31:00+00:00,97.9749984741211,97.9800033569336,97.94000244140624,97.94000244140624,3596
2026-09-14 17:32:00+00:00,97.9499969482422,97.95999908447266,97.9499969482422,97.95500183105467,1910
2026-09-14 17:33:00+00:00,97.9499969482422,97.95999908447266,97.93000030517578,97.9499969482422,10267
2026-09-14 17:34:00+00:00,97.94000244140624,97.94000244140624,97.94000244140624,97.94000244140624,2462
2026-09-14 17:35:00+00:00,97.9499969482422,97.9499969482422,97.91999816894533,97.91999816894533,4154
2026-09-14 17:36:00+00:00,97.93499755859376,97.94499969482422,97.93000030517578,97.93000030517578,2289
2026-09-14 17:37:00+00:00,97.93499755859376,97.93499755859376,97.91500091552734,97.91999816894533,3091
2026-09-14 17:38:00+00:00,97.93000030517578,97.96499633789062,97.93000030517578,97.94000244140624,3143
2026-09-14 17:39:00+00:00,97.9499969482422,97.95999908447266,97.94499969482422,97.94499969482422,1324
2026-09-14 17:40:00+00:00,97.94499969482422,97.94499969482422,97.93000030517578,97.93499755859376,3230
2026-09-14 17:41:00+00:00,97.93499755859376,97.94000244140624,97.9250030517578,97.9250030517578,3267
2026-09-14 17:42:00+00:00,97.9250030517578,97.9250030517578,97.91999816894533,97.91999816894533,517
2026-09-14 17:43:00+00:00,97.91000366210938,97.91500091552734,97.91000366210938,97.91500091552734,1491
2026-09-14 17:44:00+00:00,97.91500091552734,97.93000030517578,97.91500091552734,97.9250030517578,6081
2026-09-14 17:45:00+00:00,97.93000030517578,97.94000244140624,97.9250030517578,97.94000244140624,2042
2026-09-14 17:46:00+00:00,97.9499969482422,97.95500183105467,97.94499969482422,97.94499969482422,2475
2026-09-14 17:47:00+00:00,97.94000244140624,97.94000244140624,97.93499755859376,97.93499755859376,1883
2026-09-14 17:48:00+00:00,97.94499969482422,97.9499969482422,97.93499755859376,97.9499969482422,3814
2026-09-14 17:49:00+00:00,97.9499969482422,97.9499969482422,97.94000244140624,97.94000244140624,1737
2026-09-14 17:50:00+00:00,97.94499969482422,97.9499969482422,97.93499755859376,97.93499755859376,39519
2026-09-14 17:51:00+00:00,97.93499755859376,97.9499969482422,97.93499755859376,97.9499969482422,1899
2026-09-14 17:52:00+00:00,97.94499969482422,97.9749984741211,97.94499969482422,97.97000122070312,3587
2026-09-14 17:53:00+00:00,97.95999908447266,97.97000122070312,97.94499969482422,97.97000122070312,4948
2026-09-14 17:54:00+00:00,97.9800033569336,97.98999786376952,97.9800033569336,97.9800033569336,1908
2026-09-14 17:55:00+00:00,97.97000122070312,97.9749984741211,97.96499633789062,97.9749984741211,2531
2026-09-14 17:56:00+00:00,97.9749984741211,98.0,97.9749984741211,97.9749984741211,3732
2026-09-14 17:57:00+00:00,97.9800033569336,97.9800033569336,97.95500183105467,97.95999908447266,2686
2026-09-14 17:58:00+00:00,97.95999908447266,97.9657974243164,97.93499755859376,97.93499755859376,3443
2026-09-14 17:59:00+00:00,97.93000030517578,97.93000030517578,97.91999816894533,97.91999816894533,2337
2026-09-14 18:00:00+00:00,97.91999816894533,98.0,97.91999816894533,97.93000030517578,17471
2026-09-14 18:01:00+00:00,97.94000244140624,97.94000244140624,97.91999816894533,97.92269897460938,2173
2026-09-14 18:02:00+00:00,97.93000030517578,97.93000030517578,97.91000366210938,97.91000366210938,2663
2026-09-14 18:03:00+00:00,97.91000366210938,97.91000366210938,97.88999938964844,97.88999938964844,2005
2026-09-14 18:04:00+00:00,97.88500213623048,97.88500213623048,97.87000274658205,97.87999725341795,2615
2026-09-14 18:05:00+00:00,97.87999725341795,97.87999725341795,97.86000061035156,97.87999725341795,5442
2026-09-14 18:06:00+00:00,97.875,97.87999725341795,97.875,97.87999725341795,2179
2026-09-14 18:07:00+00:00,97.87999725341795,97.90499877929688,97.87950134277344,97.90499877929688,3574
2026-09-14 18:08:00+00:00,97.91000366210938,97.93000030517578,97.91000366210938,97.93000030517578,1677
2026-09-14 18:09:00+00:00,97.9250030517578,97.9250030517578,97.9000015258789,97.9000015258789,4987
2026-09-14 18:10:00+00:00,97.9000015258789,97.9055404663086,97.88999938964844,97.9055404663086,1782
2026-09-14 18:11:00+00:00,97.9000015258789,97.9000015258789,97.88999938964844,97.88999938964844,2589
2026-09-14 18:12:00+00:00,97.88469696044922,97.88500213623048,97.875,97.87999725341795,2460
2026-09-14 18:13:00+00:00,97.87999725341795,97.88999938964844,97.87999725341795,97.88500213623048,3943
2026-09-14 18:14:00+00:00,97.8949966430664,97.90499877929688,97.88999938964844,97.9000015258789,4816
2026-09-14 18:15:00+00:00,97.90499877929688,97.93000030517578,97.90499877929688,97.93000030517578,7905
2026-09-14 18:16:00+00:00,97.91999816894533,97.91999816894533,97.90499877929688,97.91500091552734,1895
2026-09-14 18:17:00+00:00,97.91600036621094,97.91999816894533,97.91500091552734,97.91999816894533,1672
2026-09-14 18:18:00+00:00,97.93000030517578,97.93000030517578,97.91500091552734,97.91999816894533,4732
2026-09-14 18:19:00+00:00,97.91999816894533,97.9376983642578,97.91500091552734,97.93000030517578,4248
2026-09-14 18:20:00+00:00,97.93000030517578,97.95500183105467,97.93000030517578,97.94499969482422,3315
2026-09-14 18:21:00+00:00,97.94499969482422,97.94499969482422,97.9000015258789,97.9250030517578,95155
2026-09-14 18:22:00+00:00,97.9250030517578,97.9250030517578,97.90499877929688,97.91500091552734,9795
2026-09-14 18:23:00+00:00,97.91500091552734,97.91500091552734,97.9000015258789,97.91000366210938,5003
2026-09-14 18:24:00+00:00,97.91999816894533,97.93000030517578,97.91999816894533,97.9250030517578,5030
2026-09-14 18:25:00+00:00,97.9250030517578,97.9499969482422,97.9250030517578,97.93000030517578,9067
2026-09-14 18:26:00+00:00,97.93000030517578,97.93000030517578,97.90499877929688,97.91000366210938,8791
2026-09-14 18:27:00+00:00,97.90499877929688,97.90499877929688,97.875,97.875,8739
2026-09-14 18:28:00+00:00,97.87000274658205,97.88500213623048,97.8550033569336,97.86000061035156,14187
2026-09-14 18:29:00+00:00,97.87000274658205,97.87999725341795,97.86499786376952,97.875,5793
2026-09-14 18:30:00+00:00,97.87999725341795,97.8949966430664,97.87999725341795,97.8949966430664,7460
2026-09-14 18:31:00+00:00,97.8949966430664,97.8949966430664,97.88500213623048,97.8949966430664,8926
2026-09-14 18:32:00+00:00,97.8949966430664,97.9250030517578,97.8949966430664,97.9250030517578,12401
2026-09-14 18:33:00+00:00,97.9250030517578,97.94000244140624,97.9250030517578,97.93499755859376,13237
2026-09-14 18:34:00+00:00,97.93499755859376,97.95999908447266,97.93499755859376,97.94499969482422,12622
2026-09-14 18:35:00+00:00,97.9499969482422,97.95999908447266,97.94499969482422,97.94499969482422,12651
2026-09-14 18:36:00+00:00,97.94499969482422,97.95500183105467,97.94000244140624,97.94499969482422,12009
2026-09-14 18:37:00+00:00,97.94499969482422,97.95500183105467,97.94499969482422,97.95500183105467,5616
2026-09-14 18:38:00+00:00,97.95500183105467,97.97000122070312,97.95500183105467,97.96499633789062,11316
2026-09-14 18:39:00+00:00,97.96499633789062,97.96499633789062,97.95999908447266,97.95999908447266,10336
2026-09-14 18:40:00+00:00,97.95500183105467,97.95500183105467,97.94000244140624,97.94499969482422,10311
2026-09-14 18:41:00+00:00,97.94499969482422,97.96499633789062,97.94499969482422,97.96499633789062,3086
2026-09-14 18:42:00+00:00,97.96499633789062,97.97730255126952,97.9499969482422,97.95999908447266,3799
2026-09-14 18:43:00+00:00,97.96499633789062,97.96499633789062,97.95999908447266,97.96499633789062,1500
2026-09-14 18:44:00+00:00,97.96499633789062,97.96499633789062,97.95999908447266,97.95999908447266,890
2026-09-14 18:45:00+00:00,97.95999908447266,97.96499633789062,97.95500183105467,97.96499633789062,1873
2026-09-14 18:46:00+00:00,97.95999908447266,97.95999908447266,97.91000366210938,97.91000366210938,10606
2026-09-14 18:47:00+00:00,97.91500091552734,97.94000244140624,97.90499877929688,97.94000244140624,14716
2026-09-14 18:48:00+00:00,97.93000030517578,97.95999908447266,97.9250030517578,97.95999908447266,2286
2026-09-14 18:49:00+00:00,97.95999908447266,97.96499633789062,97.95999908447266,97.96499633789062,1521
2026-09-14 18:50:00+00:00,97.9749984741211,97.98999786376952,97.95500183105467,97.95500183105467,2972
2026-09-14 18:51:00+00:00,97.95500183105467,97.95500183105467,97.94499969482422,97.9499969482422,3275
2026-09-14 18:52:00+00:00,97.9499969482422,97.9749984741211,97.9499969482422,97.9749984741211,1442
2026-09-14 18:53:00+00:00,97.9800033569336,97.9800033569336,97.9749984741211,97.9749984741211,1951
2026-09-14 18:54:00+00:00,97.9800033569336,97.98999786376952,97.9800033569336,97.9810028076172,3331
2026-09-14 18:55:00+00:00,97.9800033569336,97.9800033569336,97.96499633789062,97.9800033569336,3523
2026-09-14 18:56:00+00:00,97.99500274658205,97.99500274658205,97.98999786376952,97.98999786376952,803
2026-09-14 18:57:00+00:00,97.98500061035156,97.98500061035156,97.97000122070312,97.97000122070312,3272
2026-09-14 18:58:00+00:00,97.97000122070312,97.97000122070312,97.96499633789062,97.97000122070312,4001
2026-09-14 18:59:00+00:00,97.9800033569336,98.0250015258789,97.9800033569336,98.01499938964844,6674
2026-09-14 19:00:00+00:00,98.01499938964844,98.0250015258789,98.00499725341795,98.00499725341795,3475
2026-09-14 19:01:00+00:00,97.98999786376952,97.98999786376952,97.9800033569336,97.9800033569336,5558
2026-09-14 19:02:00+00:00,97.9499969482422,97.9499969482422,97.94499969482422,97.9499969482422,1772
2026-09-14 19:03:00+00:00,97.9499969482422,97.9499969482422,97.93499755859376,97.94499969482422,3424
2026-09-14 19:04:00+00:00,97.94499969482422,97.94499969482422,97.91000366210938,97.94000244140624,12732
2026-09-14 19:05:00+00:00,97.94499969482422,97.94499969482422,97.91000366210938,97.91000366210938,3772
2026-09-14 19:06:00+00:00,97.91500091552734,97.91500091552734,97.87999725341795,97.87999725341795,3584
2026-09-14 19:07:00+00:00,97.88999938964844,97.89929962158205,97.88999938964844,97.88999938964844,2946
2026-09-14 19:08:00+00:00,97.87999725341795,97.8949966430664,97.86499786376952,97.8949966430664,6667
2026-09-14 19:09:00+00:00,97.8949966430664,97.91000366210938,97.87999725341795,97.87999725341795,7123
2026-09-14 19:10:00+00:00,97.875,97.875,97.86000061035156,97.86000061035156,7725
2026-09-14 19:11:00+00:00,97.86499786376952,97.86499786376952,97.83999633789062,97.84500122070312,2826
2026-09-14 19:12:00+00:00,97.84500122070312,97.84500122070312,97.83499908447266,97.83499908447266,2280
2026-09-14 19:13:00+00:00,97.84500122070312,97.8499984741211,97.83499908447266,97.83499908447266,2604
2026-09-14 19:14:00+00:00,97.83000183105467,97.8550033569336,97.81999969482422,97.8499984741211,6554
2026-09-14 19:15:00+00:00,97.84500122070312,97.8498992919922,97.81999969482422,97.83570098876952,20529
2026-09-14 19:16:00+00:00,97.84500122070312,97.8499984741211,97.83499908447266,97.83499908447266,3274
2026-09-14 19:17:00+00:00,97.83499908447266,97.83499908447266,97.81500244140624,97.8249969482422,6560
2026-09-14 19:18:00+00:00,97.8249969482422,97.83000183105467,97.81999969482422,97.83000183105467,5194
2026-09-14 19:19:00+00:00,97.83999633789062,97.8550033569336,97.83000183105467,97.8550033569336,3664
2026-09-14 19:20:00+00:00,97.84500122070312,97.84500122070312,97.83000183105467,97.83000183105467,11459
2026-09-14 19:21:00+00:00,97.8249969482422,97.8249969482422,97.81999969482422,97.81999969482422,3453
2026-09-14 19:22:00+00:00,97.81999969482422,97.81999969482422,97.79499816894533,97.80500030517578,3559
2026-09-14 19:23:00+00:00,97.8000030517578,97.8000030517578,97.8000030517578,97.8000030517578,3468
2026-09-14 19:24:00+00:00,97.80500030517578,97.80500030517578,97.8000030517578,97.8000030517578,1723
2026-09-14 19:25:00+00:00,97.80999755859376,97.81999969482422,97.79499816894533,97.79499816894533,7345
2026-09-14 19:26:00+00:00,97.8000030517578,97.81999969482422,97.8000030517578,97.80999755859376,3778
2026-09-14 19:27:00+00:00,97.8000030517578,97.80999755859376,97.8000030517578,97.8000030517578,5329
2026-09-14 19:28:00+00:00,97.79000091552734,97.79499816894533,97.79000091552734,97.79000091552734,2725
2026-09-14 19:29:00+00:00,97.79000091552734,97.79499816894533,97.79000091552734,97.79000091552734,6778
2026-09-14 19:30:00+00:00,97.7699966430664,97.78500366210938,97.7699966430664,97.77999877929688,4515
2026-09-14 19:31:00+00:00,97.77999877929688,97.79000091552734,97.77999877929688,97.78500366210938,6101
2026-09-14 19:32:00+00:00,97.77999877929688,97.78500366210938,97.7750015258789,97.7750015258789,4736
2026-09-14 19:33:00+00:00,97.7750015258789,97.7750015258789,97.76000213623048,97.76000213623048,2920
2026-09-14 19:34:00+00:00,97.76000213623048,97.76000213623048,97.75,97.76000213623048,19038
2026-09-14 19:35:00+00:00,97.75,97.75499725341795,97.7300033569336,97.7300033569336,4495
2026-09-14 19:36:00+00:00,97.7249984741211,97.7300033569336,97.71499633789062,97.7300033569336,3898
2026-09-14 19:37:00+00:00,97.7300033569336,97.76000213623048,97.7300033569336,97.75499725341795,5383
2026-09-14 19:38:00+00:00,97.75499725341795,97.7699966430664,97.75499725341795,97.7699966430664,4088
2026-09-14 19:39:00+00:00,97.76000213623048,97.7699966430664,97.75499725341795,97.76000213623048,6872
2026-09-14 19:40:00+00:00,97.76000213623048,97.77999877929688,97.76000213623048,97.76499938964844,31947
2026-09-14 19:41:00+00:00,97.76499938964844,97.78500366210938,97.76499938964844,97.77999877929688,6345
2026-09-14 19:42:00+00:00,97.78500366210938,97.80500030517578,97.78500366210938,97.78500366210938,8638
2026-09-14 19:43:00+00:00,97.77999877929688,97.78500366210938,97.7699966430664,97.7699966430664,3404
2026-09-14 19:44:00+00:00,97.7699966430664,97.77999877929688,97.7699966430664,97.7699966430664,6904
2026-09-14 19:45:00+00:00,97.7699966430664,97.7750015258789,97.74500274658205,97.75,24503
2026-09-14 19:46:00+00:00,97.76000213623048,97.76499938964844,97.73500061035156,97.73999786376952,5845
2026-09-14 19:47:00+00:00,97.73500061035156,97.73999786376952,97.7300033569336,97.7300033569336,4430
2026-09-14 19:48:00+00:00,97.72000122070312,97.72000122070312,97.70999908447266,97.71499633789062,5211
2026-09-14 19:49:00+00:00,97.71499633789062,97.75,97.70999908447266,97.75,10428
2026-09-14 19:50:00+00:00,97.73999786376952,97.74500274658205,97.65499877929688,97.66999816894533,13684
2026-09-14 19:51:00+00:00,97.66999816894533,97.69000244140624,97.66000366210938,97.69000244140624,28442
2026-09-14 19:52:00+00:00,97.69000244140624,97.69499969482422,97.66000366210938,97.68499755859376,35395
2026-09-14 19:53:00+00:00,97.6750030517578,97.68499755859376,97.65499877929688,97.66999816894533,30238
2026-09-14 19:54:00+00:00,97.66500091552734,97.68499755859376,97.66000366210938,97.66500091552734,40681
2026-09-14 19:55:00+00:00,97.66000366210938,97.66500091552734,97.61000061035156,97.62000274658205,67608
2026-09-14 19:56:00+00:00,97.62000274658205,97.62000274658205,97.5999984741211,97.5999984741211,18181
2026-09-14 19:57:00+00:00,97.6050033569336,97.63500213623048,97.58499908447266,97.62999725341795,15472
2026-09-14 19:58:00+00:00,97.62999725341795,97.62999725341795,97.5999984741211,97.6050033569336,51987
2026-09-14 19:59:00+00:00,97.6050033569336,97.61000061035156,97.5500030517578,97.56999969482422,118877
2026-09-15 13:30:00+00:00,97.13999938964844,97.26000213623048,97.12000274658205,97.12999725341795,29662
2026-09-15 13:31:00+00:00,97.02999877929688,97.0896987915039,97.0199966430664,97.04499816894533,3362
2026-09-15 13:32:00+00:00,97.04499816894533,97.04499816894533,96.88999938964844,96.94499969482422,11753
2026-09-15 13:33:00+00:00,96.94000244140624,96.94000244140624,96.87999725341795,96.87999725341795,12171
2026-09-15 13:34:00+00:00,96.83999633789062,96.86000061035156,96.80999755859376,96.80999755859376,10368
2026-09-15 13:35:00+00:00,96.81999969482422,96.8499984741211,96.80999755859376,96.83000183105467,21200
2026-09-15 13:36:00+00:00,96.8499984741211,96.8499984741211,96.80999755859376,96.81500244140624,7724
2026-09-15 13:37:00+00:00,96.83000183105467,96.83000183105467,96.7699966430664,96.78500366210938,6891
2026-09-15 13:38:00+00:00,96.77999877929688,96.77999877929688,96.70999908447266,96.72000122070312,10085
2026-09-15 13:39:00+00:00,96.70999908447266,96.70999908447266,96.66500091552734,96.66999816894533,6626
2026-09-15 13:40:00+00:00,96.6500015258789,96.7300033569336,96.6500015258789,96.7300033569336,3278
2026-09-15 13:41:00+00:00,96.73999786376952,96.73999786376952,96.70999908447266,96.70999908447266,6872
2026-09-15 13:42:00+00:00,96.7500991821289,96.7500991821289,96.73999786376952,96.75,2019
2026-09-15 13:43:00+00:00,96.8000030517578,96.80999755859376,96.8000030517578,96.80999755859376,459
2026-09-15 13:44:00+00:00,96.81999969482422,96.83999633789062,96.80999755859376,96.83999633789062,1496
2026-09-15 13:45:00+00:00,96.87999725341795,96.91000366210938,96.87999725341795,96.91000366210938,2059
2026-09-15 13:46:00+00:00,96.88999938964844,96.88999938964844,96.83000183105467,96.8499984741211,3234
2026-09-15 13:47:00+00:00,96.83000183105467,96.84500122070312,96.82990264892578,96.83000183105467,8375
2026-09-15 13:48:00+00:00,96.83000183105467,96.83000183105467,96.7750015258789,96.7750015258789,6269
2026-09-15 13:49:00+00:00,96.77999877929688,96.79000091552734,96.7699966430664,96.79000091552734,879
2026-09-15 13:50:00+00:00,96.77999877929688,96.77999877929688,96.7699966430664,96.7699966430664,2832
2026-09-15 13:51:00+00:00,96.75,96.80999755859376,96.75,96.80999755859376,2488
2026-09-15 13:52:00+00:00,96.80999755859376,96.89990234375,96.80999755859376,96.87940216064452,4700
2026-09-15 13:53:00+00:00,96.87999725341795,96.9000015258789,96.86000061035156,96.9000015258789,8068
2026-09-15 13:54:00+00:00,96.91999816894533,96.91999816894533,96.88999938964844,96.91000366210938,2535
2026-09-15 13:55:00+00:00,96.95999908447266,96.9800033569336,96.93499755859376,96.9749984741211,3893
2026-09-15 13:56:00+00:00,96.97000122070312,96.9749984741211,96.94499969482422,96.9749984741211,4087
2026-09-15 13:57:00+00:00,97.0199966430664,97.0199966430664,97.01000213623048,97.01000213623048,413
2026-09-15 13:58:00+00:00,97.0199966430664,97.0199966430664,97.0199966430664,97.0199966430664,331
2026-09-15 13:59:00+00:00,96.9800033569336,96.9800033569336,96.9749984741211,96.9749984741211,857
2026-09-15 14:00:00+00:00,96.94509887695312,97.05999755859376,96.94509887695312,97.05999755859376,2075
2026-09-15 14:01:00+00:00,97.04499816894533,97.04499816894533,96.97000122070312,96.98500061035156,2061
2026-09-15 14:02:00+00:00,96.97000122070312,96.97000122070312,96.93000030517578,96.93000030517578,1048
2026-09-15 14:03:00+00:00,96.93000030517578,96.93000030517578,96.8998031616211,96.8998031616211,1679
2026-09-15 14:04:00+00:00,96.87999725341795,96.8949966430664,96.87999725341795,96.88999938964844,1904
2026-09-15 14:05:00+00:00,96.86499786376952,96.88999938964844,96.86499786376952,96.875,14325
2026-09-15 14:06:00+00:00,96.88999938964844,96.92009735107422,96.88999938964844,96.92009735107422,1528
2026-09-15 14:07:00+00:00,96.89900207519533,96.9800033569336,96.89900207519533,96.9749984741211,7095
2026-09-15 14:08:00+00:00,96.95999908447266,96.9749984741211,96.94499969482422,96.97000122070312,7557
2026-09-15 14:09:00+00:00,96.98500061035156,96.98719787597656,96.94000244140624,96.94000244140624,4184
2026-09-15 14:10:00+00:00,96.93499755859376,96.93499755859376,96.8949966430664,96.91500091552734,3600
2026-09-15 14:11:00+00:00,96.91000366210938,96.91000366210938,96.87000274658205,96.9000015258789,2853
2026-09-15 14:12:00+00:00,96.9250030517578,96.93000030517578,96.90499877929688,96.90499877929688,6956
2026-09-15 14:13:00+00:00,96.91000366210938,96.93499755859376,96.90499877929688,96.90499877929688,5066
2026-09-15 14:14:00+00:00,96.9000015258789,96.9000015258789,96.87000274658205,96.87000274658205,2952
2026-09-15 14:15:00+00:00,96.87999725341795,96.9250030517578,96.87999725341795,96.91000366210938,7106
2026-09-15 14:16:00+00:00,96.91999816894533,96.91999816894533,96.875,96.88999938964844,9840
2026-09-15 14:17:00+00:00,96.88500213623048,96.94000244140624,96.88500213623048,96.93000030517578,4964
2026-09-15 14:18:00+00:00,96.94000244140624,96.94499969482422,96.91500091552734,96.91999816894533,3856
2026-09-15 14:19:00+00:00,96.95999908447266,96.97000122070312,96.95999908447266,96.97000122070312,1018
2026-09-15 14:20:00+00:00,96.98999786376952,97.0,96.94499969482422,96.95500183105467,4777
2026-09-15 14:21:00+00:00,96.97000122070312,96.97000122070312,96.9000015258789,96.9000015258789,2487
2026-09-15 14:22:00+00:00,96.87999725341795,96.88999938964844,96.87000274658205,96.88999938964844,1307
2026-09-15 14:23:00+00:00,96.87000274658205,96.87000274658205,96.83999633789062,96.8550033569336,2107
2026-09-15 14:24:00+00:00,96.8550033569336,96.93499755859376,96.8550033569336,96.93499755859376,7696
2026-09-15 14:25:00+00:00,96.93000030517578,96.9499969482422,96.93000030517578,96.94249725341795,5611
2026-09-15 14:26:00+00:00,96.9499969482422,96.95999908447266,96.94000244140624,96.94339752197266,2222
2026-09-15 14:27:00+00:00,96.9499969482422,96.9499969482422,96.91999816894533,96.91999816894533,1278
2026-09-15 14:28:00+00:00,96.8949966430664,96.91000366210938,96.875,96.87999725341795,5910
2026-09-15 14:29:00+00:00,96.86000061035156,96.87000274658205,96.8499984741211,96.8499984741211,1521
2026-09-15 14:30:00+00:00,96.87000274658205,96.90499877929688,96.8499984741211,96.87000274658205,21423
2026-09-15 14:31:00+00:00,96.8499984741211,96.91000366210938,96.8499984741211,96.88999938964844,16049
2026-09-15 14:32:00+00:00,96.88999938964844,96.88999938964844,96.8499984741211,96.86000061035156,11045
2026-09-15 14:33:00+00:00,96.90499877929688,96.94499969482422,96.8499984741211,96.875,5780
2026-09-15 14:34:00+00:00,96.87999725341795,96.9000015258789,96.86000061035156,96.9000015258789,3393
2026-09-15 14:35:00+00:00,96.9000015258789,96.91999816894533,96.88999938964844,96.91000366210938,1151
2026-09-15 14:36:00+00:00,96.87999725341795,96.90499877929688,96.87000274658205,96.90499877929688,4892
2026-09-15 14:37:00+00:00,96.90499877929688,96.90499877929688,96.83999633789062,96.8499984741211,7375
2026-09-15 14:38:00+00:00,96.84500122070312,96.84500122070312,96.8000030517578,96.8000030517578,5369
2026-09-15 14:39:00+00:00,96.80999755859376,96.80999755859376,96.77999877929688,96.8000030517578,4699
2026-09-15 14:40:00+00:00,96.7699966430664,96.7699966430664,96.76000213623048,96.7699966430664,2465
2026-09-15 14:41:00+00:00,96.7699966430664,96.7699966430664,96.7699966430664,96.7699966430664,423
2026-09-15 14:42:00+00:00,96.79499816894533,96.79499816894533,96.77999877929688,96.79000091552734,851
2026-09-15 14:43:00+00:00,96.79499816894533,96.79499816894533,96.76499938964844,96.76499938964844,5089
2026-09-15 14:44:00+00:00,96.76499938964844,96.78500366210938,96.76499938964844,96.78500366210938,1102
2026-09-15 14:45:00+00:00,96.7699966430664,96.79499816894533,96.7699966430664,96.79499816894533,1514
2026-09-15 14:46:00+00:00,96.79000091552734,96.8000030517578,96.79000091552734,96.8000030517578,6807
2026-09-15 14:47:00+00:00,96.80500030517578,96.80500030517578,96.77999877929688,96.77999877929688,1976
2026-09-15 14:48:00+00:00,96.76000213623048,96.7602996826172,96.72000122070312,96.72000122070312,6791
2026-09-15 14:49:00+00:00,96.7249984741211,96.7249984741211,96.69000244140624,96.6999969482422,5821
2026-09-15 14:50:00+00:00,96.69499969482422,96.69499969482422,96.63999938964844,96.66000366210938,9520
2026-09-15 14:51:00+00:00,96.66500091552734,96.69000244140624,96.58999633789062,96.61499786376952,54021
2026-09-15 14:52:00+00:00,96.62000274658205,96.70500183105467,96.62000274658205,96.6999969482422,3933
2026-09-15 14:53:00+00:00,96.70500183105467,96.70500183105467,96.62999725341795,96.6500015258789,7179
2026-09-15 14:54:00+00:00,96.6500015258789,96.66500091552734,96.62999725341795,96.6500015258789,7237
2026-09-15 14:55:00+00:00,96.62999725341795,96.6449966430664,96.61000061035156,96.61000061035156,2311
2026-09-15 14:56:00+00:00,96.61499786376952,96.61499786376952,96.58499908447266,96.61000061035156,2236
2026-09-15 14:57:00+00:00,96.5999984741211,96.61000061035156,96.5999984741211,96.5999984741211,1128
2026-09-15 14:58:00+00:00,96.625,96.63500213623048,96.5500030517578,96.63500213623048,4360
2026-09-15 14:59:00+00:00,96.63999938964844,96.63999938964844,96.58999633789062,96.58999633789062,927
2026-09-15 15:00:00+00:00,96.5999984741211,96.66999816894533,96.5999984741211,96.66000366210938,6320
2026-09-15 15:01:00+00:00,96.58000183105467,96.6449966430664,96.58000183105467,96.63999938964844,1495
2026-09-15 15:02:00+00:00,96.61000061035156,96.61000061035156,96.5999984741211,96.5999984741211,468
2026-09-15 15:03:00+00:00,96.58000183105467,96.62000274658205,96.58000183105467,96.62000274658205,755
2026-09-15 15:04:00+00:00,96.63999938964844,96.65499877929688,96.63999938964844,96.65499877929688,780
2026-09-15 15:05:00+00:00,96.68499755859376,96.69000244140624,96.66999816894533,96.68000030517578,14071
2026-09-15 15:06:00+00:00,96.68000030517578,96.69499969482422,96.6750030517578,96.69499969482422,2330
2026-09-15 15:07:00+00:00,96.66999816894533,96.66999816894533,96.66999816894533,96.66999816894533,929
2026-09-15 15:08:00+00:00,96.6500015258789,96.6500015258789,96.6449966430664,96.6449966430664,658
2026-09-15 15:09:00+00:00,96.62999725341795,96.63999938964844,96.62000274658205,96.62999725341795,1308
2026-09-15 15:10:00+00:00,96.6050033569336,96.61000061035156,96.6050033569336,96.61000061035156,1402
2026-09-15 15:11:00+00:00,96.61499786376952,96.62000274658205,96.6050033569336,96.62000274658205,3734
2026-09-15 15:12:00+00:00,96.6050033569336,96.62000274658205,96.5999984741211,96.62000274658205,7089
2026-09-15 15:13:00+00:00,96.61499786376952,96.61499786376952,96.58930206298828,96.58930206298828,1229
2026-09-15 15:14:00+00:00,96.58999633789062,96.66000366210938,96.58999633789062,96.6500015258789,31362
2026-09-15 15:15:00+00:00,96.62999725341795,96.6500015258789,96.62999725341795,96.6500015258789,366
2026-09-15 15:16:00+00:00,96.62000274658205,96.6449966430664,96.62000274658205,96.6449966430664,596
2026-09-15 15:17:00+00:00,96.66999816894533,96.69000244140624,96.66500091552734,96.69000244140624,3938
2026-09-15 15:18:00+00:00,96.68000030517578,96.6999969482422,96.68000030517578,96.69000244140624,916
2026-09-15 15:19:00+00:00,96.69000244140624,96.6999969482422,96.6500015258789,96.66000366210938,6808
2026-09-15 15:20:00+00:00,96.6500015258789,96.66999816894533,96.62999725341795,96.66000366210938,7919
2026-09-15 15:21:00+00:00,96.66799926757812,96.66999816894533,96.6500015258789,96.65609741210938,2096
2026-09-15 15:22:00+00:00,96.65869903564452,96.66000366210938,96.6500015258789,96.6500015258789,1464
2026-09-15 15:23:00+00:00,96.68000030517578,96.69499969482422,96.68000030517578,96.69499969482422,1039
2026-09-15 15:24:00+00:00,96.70999908447266,96.71499633789062,96.70999908447266,96.70999908447266,689
2026-09-15 15:25:00+00:00,96.74500274658205,96.74970245361328,96.73500061035156,96.73500061035156,8640
2026-09-15 15:26:00+00:00,96.73999786376952,96.76499938964844,96.7300033569336,96.76000213623048,2164
2026-09-15 15:27:00+00:00,96.75499725341795,96.77999877929688,96.75,96.77999877929688,11213
2026-09-15 15:28:00+00:00,96.78500366210938,96.8000030517578,96.77999877929688,96.8000030517578,7557
2026-09-15 15:29:00+00:00,96.80500030517578,96.80500030517578,96.7699966430664,96.8000030517578,10651
2026-09-15 15:30:00+00:00,96.80999755859376,96.8249969482422,96.80999755859376,96.81500244140624,7077
2026-09-15 15:31:00+00:00,96.81500244140624,96.8249969482422,96.79000091552734,96.8000030517578,7222
2026-09-15 15:32:00+00:00,96.8000030517578,96.8000030517578,96.73500061035156,96.75499725341795,20666
2026-09-15 15:33:00+00:00,96.75,96.7699966430664,96.74500274658205,96.75,8188
2026-09-15 15:34:00+00:00,96.75499725341795,96.79000091552734,96.73999786376952,96.79000091552734,14258
2026-09-15 15:35:00+00:00,96.8000030517578,96.8000030517578,96.77999877929688,96.77999877929688,1761
2026-09-15 15:36:00+00:00,96.8000030517578,96.8249969482422,96.79000091552734,96.81999969482422,1370
2026-09-15 15:37:00+00:00,96.8000030517578,96.8249969482422,96.79000091552734,96.79000091552734,2357
2026-09-15 15:38:00+00:00,96.80500030517578,96.81999969482422,96.80500030517578,96.81999969482422,90798
2026-09-15 15:39:00+00:00,96.81999969482422,96.8249969482422,96.81999969482422,96.8249969482422,1115
2026-09-15 15:40:00+00:00,96.86499786376952,96.875,96.8499984741211,96.87000274658205,1920
2026-09-15 15:41:00+00:00,96.9000015258789,96.91000366210938,96.9000015258789,96.90499877929688,3466
2026-09-15 15:42:00+00:00,96.88999938964844,96.91999816894533,96.88999938964844,96.91999816894533,1363
2026-09-15 15:43:00+00:00,96.90499877929688,96.90499877929688,96.9000015258789,96.9000015258789,821
2026-09-15 15:44:00+00:00,96.91500091552734,96.91999816894533,96.91500091552734,96.91999816894533,398
2026-09-15 15:45:00+00:00,96.91999816894533,96.93000030517578,96.91000366210938,96.91000366210938,4389
2026-09-15 15:46:00+00:00,96.893798828125,96.893798828125,96.87999725341795,96.88999938964844,699
2026-09-15 15:47:00+00:00,96.9000015258789,96.9000015258789,96.86000061035156,96.86000061035156,2057
2026-09-15 15:48:00+00:00,96.86000061035156,96.86499786376952,96.86000061035156,96.86000061035156,3131
2026-09-15 15:49:00+00:00,96.83999633789062,96.83999633789062,96.79499816894533,96.79499816894533,583
2026-09-15 15:50:00+00:00,96.79000091552734,96.8949966430664,96.79000091552734,96.8499984741211,44602
2026-09-15 15:51:00+00:00,96.8550033569336,96.8550033569336,96.81999969482422,96.81999969482422,3027
2026-09-15 15:52:00+00:00,96.79000091552734,96.79000091552734,96.79000091552734,96.79000091552734,349
2026-09-15 15:53:00+00:00,96.8000030517578,96.8000030517578,96.78500366210938,96.8000030517578,2129
2026-09-15 15:54:00+00:00,96.8000030517578,96.8000030517578,96.77999877929688,96.77999877929688,6652
2026-09-15 15:55:00+00:00,96.76000213623048,96.87999725341795,96.7249984741211,96.87999725341795,19300
2026-09-15 15:56:00+00:00,96.87000274658205,96.875,96.77999877929688,96.77999877929688,4921
2026-09-15 15:57:00+00:00,96.7699966430664,96.78510284423828,96.7699966430664,96.7699966430664,1806
2026-09-15 15:58:00+00:00,96.74500274658205,96.76000213623048,96.7300033569336,96.7300033569336,2466
2026-09-15 15:59:00+00:00,96.70999908447266,96.70999908447266,96.6999969482422,96.6999969482422,792
2026-09-15 16:00:00+00:00,96.68499755859376,96.69000244140624,96.68000030517578,96.68499755859376,2188
2026-09-15 16:01:00+00:00,96.69000244140624,96.72000122070312,96.68499755859376,96.72000122070312,2865
2026-09-15 16:02:00+00:00,96.70999908447266,96.73500061035156,96.70999908447266,96.71499633789062,4228
2026-09-15 16:03:00+00:00,96.70500183105467,96.70500183105467,96.6750030517578,96.6750030517578,2469
2026-09-15 16:04:00+00:00,96.66999816894533,96.70500183105467,96.66999816894533,96.70500183105467,1598
2026-09-15 16:05:00+00:00,96.6999969482422,96.6999969482422,96.66010284423828,96.66999816894533,1722
2026-09-15 16:06:00+00:00,96.68499755859376,96.69499969482422,96.68499755859376,96.69000244140624,1404
2026-09-15 16:07:00+00:00,96.68000030517578,96.68000030517578,96.68000030517578,96.68000030517578,616
2026-09-15 16:08:00+00:00,96.68000030517578,96.68499755859376,96.68000030517578,96.68000030517578,1415
2026-09-15 16:09:00+00:00,96.66999816894533,96.66999816894533,96.65499877929688,96.66000366210938,1913
2026-09-15 16:10:00+00:00,96.65499877929688,96.65499877929688,96.65499877929688,96.65499877929688,491
2026-09-15 16:11:00+00:00,96.62999725341795,96.63999938964844,96.62999725341795,96.63999938964844,786
2026-09-15 16:12:00+00:00,96.6449966430664,96.6449966430664,96.63999938964844,96.63999938964844,765
2026-09-15 16:13:00+00:00,96.62999725341795,96.6449966430664,96.62999725341795,96.6449966430664,1777
2026-09-15 16:14:00+00:00,96.6500015258789,96.66000366210938,96.6500015258789,96.65499877929688,3997
2026-09-15 16:15:00+00:00,96.65499877929688,96.69000244140624,96.6500015258789,96.68000030517578,5504
2026-09-15 16:16:00+00:00,96.68000030517578,96.69499969482422,96.68000030517578,96.69000244140624,3439
2026-09-15 16:17:00+00:00,96.6999969482422,96.70999908447266,96.6999969482422,96.70999908447266,1171
2026-09-15 16:18:00+00:00,96.72000122070312,96.72000122070312,96.6999969482422,96.72000122070312,2568
2026-09-15 16:19:00+00:00,96.72000122070312,96.73989868164062,96.72000122070312,96.73989868164062,2783
2026-09-15 16:20:00+00:00,96.73999786376952,96.76000213623048,96.73999786376952,96.75,2136
2026-09-15 16:21:00+00:00,96.75,96.76000213623048,96.75,96.75,1786
2026-09-15 16:22:00+00:00,96.77999877929688,96.77999877929688,96.7699966430664,96.7699966430664,1409
2026-09-15 16:23:00+00:00,96.76499938964844,96.81999969482422,96.75499725341795,96.8000030517578,5527
2026-09-15 16:24:00+00:00,96.80500030517578,96.83499908447266,96.8000030517578,96.83499908447266,1605
2026-09-15 16:25:00+00:00,96.83999633789062,96.83999633789062,96.80509948730467,96.80509948730467,2798
2026-09-15 16:26:00+00:00,96.80999755859376,96.83000183105467,96.80999755859376,96.80999755859376,8304
2026-09-15 16:27:00+00:00,96.80989837646484,96.81999969482422,96.80989837646484,96.81999969482422,1552
2026-09-15 16:28:00+00:00,96.83000183105467,96.83000183105467,96.83000183105467,96.83000183105467,416
2026-09-15 16:29:00+00:00,96.83999633789062,96.83999633789062,96.80999755859376,96.80999755859376,3710
2026-09-15 16:30:00+00:00,96.78500366210938,96.78500366210938,96.7750015258789,96.7750015258789,1386
2026-09-15 16:31:00+00:00,96.77999877929688,96.77999877929688,96.7699966430664,96.7699966430664,5441
2026-09-15 16:32:00+00:00,96.8249969482422,96.8249969482422,96.81999969482422,96.8249969482422,2813
2026-09-15 16:33:00+00:00,96.84609985351562,96.84609985351562,96.8249969482422,96.83000183105467,7762
2026-09-15 16:34:00+00:00,96.83000183105467,96.83499908447266,96.80999755859376,96.80999755859376,3300
2026-09-15 16:35:00+00:00,96.80599975585938,96.81999969482422,96.8000030517578,96.8000030517578,2927
2026-09-15 16:36:00+00:00,96.8000030517578,96.8249969482422,96.8000030517578,96.81999969482422,1184
2026-09-15 16:37:00+00:00,96.8249969482422,96.8249969482422,96.81999969482422,96.81999969482422,879
2026-09-15 16:38:00+00:00,96.81500244140624,96.81500244140624,96.79000091552734,96.79000091552734,657
2026-09-15 16:39:00+00:00,96.77999877929688,96.77999877929688,96.76499938964844,96.77999877929688,6127
2026-09-15 16:40:00+00:00,96.7750015258789,96.7750015258789,96.76000213623048,96.76000213623048,1929
2026-09-15 16:41:00+00:00,96.75,96.77999877929688,96.7499008178711,96.7699966430664,3582
2026-09-15 16:42:00+00:00,96.7750015258789,96.7750015258789,96.7699966430664,96.7699966430664,724
2026-09-15 16:43:00+00:00,96.76499938964844,96.78500366210938,96.76499938964844,96.77999877929688,3372
2026-09-15 16:44:00+00:00,96.77999877929688,96.77999877929688,96.7699966430664,96.7750015258789,1566
2026-09-15 16:45:00+00:00,96.79499816894533,96.80999755859376,96.79415130615234,96.8000030517578,2262
2026-09-15 16:46:00+00:00,96.8000030517578,96.8000030517578,96.8000030517578,96.8000030517578,902
2026-09-15 16:47:00+00:00,96.79840087890624,96.8000030517578,96.79000091552734,96.79000091552734,2581
2026-09-15 16:48:00+00:00,96.79499816894533,96.79499816894533,96.76000213623048,96.76000213623048,3875
2026-09-15 16:49:00+00:00,96.75499725341795,96.77850341796876,96.75499725341795,96.7750015258789,1550
2026-09-15 16:50:00+00:00,96.7750015258789,96.78500366210938,96.76509857177734,96.78500366210938,4253
2026-09-15 16:51:00+00:00,96.77999877929688,96.8000030517578,96.77999877929688,96.8000030517578,2384
2026-09-15 16:52:00+00:00,96.78500366210938,96.83999633789062,96.78500366210938,96.83499908447266,3026
2026-09-15 16:53:00+00:00,96.83499908447266,96.83999633789062,96.83499908447266,96.83999633789062,813
2026-09-15 16:54:00+00:00,96.8499984741211,96.86730194091795,96.8499984741211,96.86000061035156,1360
2026-09-15 16:55:00+00:00,96.87000274658205,96.875,96.87000274658205,96.87000274658205,1189
2026-09-15 16:56:00+00:00,96.86509704589844,96.86509704589844,96.83999633789062,96.83999633789062,2253
2026-09-15 16:57:00+00:00,96.83999633789062,96.8550033569336,96.83000183105467,96.83999633789062,3171
2026-09-15 16:58:00+00:00,96.81999969482422,96.83000183105467,96.81999969482422,96.83000183105467,2218
2026-09-15 16:59:00+00:00,96.84500122070312,96.84500122070312,96.8249969482422,96.83499908447266,3093
2026-09-15 17:00:00+00:00,96.8499984741211,96.8499984741211,96.83999633789062,96.83999633789062,2032
2026-09-15 17:01:00+00:00,96.84500122070312,96.87999725341795,96.84500122070312,96.87999725341795,1046
2026-09-15 17:02:00+00:00,96.875,96.875,96.83000183105467,96.84500122070312,3050
2026-09-15 17:03:00+00:00,96.84500122070312,96.84500122070312,96.81999969482422,96.81999969482422,2423
2026-09-15 17:04:00+00:00,96.79499816894533,96.79499816894533,96.79000091552734,96.79000091552734,931
2026-09-15 17:05:00+00:00,96.78500366210938,96.79499816894533,96.78500366210938,96.79499816894533,657
2026-09-15 17:06:00+00:00,96.79000091552734,96.79000091552734,96.79000091552734,96.79000091552734,265
2026-09-15 17:07:00+00:00,96.80999755859376,96.83999633789062,96.80999755859376,96.83999633789062,2508
2026-09-15 17:08:00+00:00,96.8249969482422,96.8249969482422,96.80999755859376,96.80999755859376,1081
2026-09-15 17:09:00+00:00,96.80999755859376,96.8249969482422,96.80999755859376,96.80999755859376,2311
2026-09-15 17:10:00+00:00,96.8124008178711,96.83499908447266,96.8124008178711,96.83000183105467,2406
2026-09-15 17:11:00+00:00,96.83499908447266,96.83499908447266,96.83499908447266,96.83499908447266,270
2026-09-15 17:12:00+00:00,96.83499908447266,96.83499908447266,96.80999755859376,96.80999755859376,2198
2026-09-15 17:13:00+00:00,96.81500244140624,96.8499984741211,96.81500244140624,96.8499984741211,2498
2026-09-15 17:14:00+00:00,96.8499984741211,96.86499786376952,96.83999633789062,96.83999633789062,3159
2026-09-15 17:15:00+00:00,96.83999633789062,96.8499984741211,96.83999633789062,96.8499984741211,1554
2026-09-15 17:16:00+00:00,96.83499908447266,96.83499908447266,96.83000183105467,96.83000183105467,2224
2026-09-15 17:17:00+00:00,96.83999633789062,96.83999633789062,96.8249969482422,96.8249969482422,3271
2026-09-15 17:18:00+00:00,96.81999969482422,96.84500122070312,96.81999969482422,96.84500122070312,1418
2026-09-15 17:19:00+00:00,96.83999633789062,96.83999633789062,96.83000183105467,96.83000183105467,3174
2026-09-15 17:20:00+00:00,96.81999969482422,96.8249969482422,96.80999755859376,96.8249969482422,3488
2026-09-15 17:21:00+00:00,96.8249969482422,96.8249969482422,96.81999969482422,96.81999969482422,1704
2026-09-15 17:22:00+00:00,96.80999755859376,96.80999755859376,96.79000091552734,96.79000091552734,3362
2026-09-15 17:23:00+00:00,96.79000091552734,96.81500244140624,96.79000091552734,96.81500244140624,1067
2026-09-15 17:24:00+00:00,96.80500030517578,96.80500030517578,96.77999877929688,96.77999877929688,3389
2026-09-15 17:25:00+00:00,96.7699966430664,96.78500366210938,96.7699966430664,96.77999877929688,9856
2026-09-15 17:26:00+00:00,96.77999877929688,96.79000091552734,96.7699966430664,96.7699966430664,4776
2026-09-15 17:28:00+00:00,96.7699966430664,96.7699966430664,96.76000213623048,96.76499938964844,4293
2026-09-15 17:29:00+00:00,96.7699966430664,96.79000091552734,96.7699966430664,96.78500366210938,4284
2026-09-15 17:30:00+00:00,96.8000030517578,96.81500244140624,96.79499816894533,96.79499816894533,4035
2026-09-15 17:31:00+00:00,96.81999969482422,96.84500122070312,96.81999969482422,96.83000183105467,7754
2026-09-15 17:32:00+00:00,96.83999633789062,96.86000061035156,96.83999633789062,96.8499984741211,7769
2026-09-15 17:33:00+00:00,96.84500122070312,96.86499786376952,96.83499908447266,96.86499786376952,5364
2026-09-15 17:34:00+00:00,96.875,96.875,96.86000061035156,96.86000061035156,2606
2026-09-15 17:35:00+00:00,96.8550033569336,96.87999725341795,96.8499984741211,96.8739013671875,6633
2026-09-15 17:36:00+00:00,96.87999725341795,96.87999725341795,96.8499984741211,96.8499984741211,6100
2026-09-15 17:37:00+00:00,96.8499984741211,96.86000061035156,96.8499984741211,96.86000061035156,2109
2026-09-15 17:38:00+00:00,96.8550033569336,96.8550033569336,96.84500122070312,96.84500122070312,3102
2026-09-15 17:39:00+00:00,96.83999633789062,96.84500122070312,96.83000183105467,96.83000183105467,1719
2026-09-15 17:40:00+00:00,96.83000183105467,96.84500122070312,96.83000183105467,96.84500122070312,5280
2026-09-15 17:41:00+00:00,96.83999633789062,96.83999633789062,96.80500030517578,96.81410217285156,2642
2026-09-15 17:42:00+00:00,96.80999755859376,96.80999755859376,96.77999877929688,96.77999877929688,2692
2026-09-15 17:43:00+00:00,96.7699966430664,96.79499816894533,96.7699966430664,96.79499816894533,4362
2026-09-15 17:44:00+00:00,96.80500030517578,96.81500244140624,96.80500030517578,96.80999755859376,2688
2026-09-15 17:45:00+00:00,96.81500244140624,96.83499908447266,96.81500244140624,96.83000183105467,1975
2026-09-15 17:46:00+00:00,96.8249969482422,96.8249969482422,96.81500244140624,96.81500244140624,831
2026-09-15 17:47:00+00:00,96.80999755859376,96.81999969482422,96.80999755859376,96.80999755859376,6605
2026-09-15 17:48:00+00:00,96.8000030517578,96.8000030517578,96.8000030517578,96.8000030517578,626
2026-09-15 17:49:00+00:00,96.8000030517578,96.8000030517578,96.7750015258789,96.7750015258789,1906
2026-09-15 17:50:00+00:00,96.76000213623048,96.78500366210938,96.76000213623048,96.78500366210938,2911
2026-09-15 17:51:00+00:00,96.77999877929688,96.79499816894533,96.77999877929688,96.77999877929688,2670
2026-09-15 17:52:00+00:00,96.78500366210938,96.78500366210938,96.7699966430664,96.77999877929688,6991
2026-09-15 17:53:00+00:00,96.7750015258789,96.78500366210938,96.7750015258789,96.78500366210938,3479
2026-09-15 17:54:00+00:00,96.79000091552734,96.79000091552734,96.7750015258789,96.79000091552734,3437
2026-09-15 17:55:00+00:00,96.80500030517578,96.82589721679688,96.80500030517578,96.82589721679688,3398
2026-09-15 17:56:00+00:00,96.8249969482422,96.83499908447266,96.8249969482422,96.83499908447266,9241
2026-09-15 17:57:00+00:00,96.83499908447266,96.83499908447266,96.81999969482422,96.8249969482422,7909
2026-09-15 17:58:00+00:00,96.8249969482422,96.8249969482422,96.80999755859376,96.8249969482422,3514
2026-09-15 17:59:00+00:00,96.83000183105467,96.83000183105467,96.81999969482422,96.83000183105467,3418
2026-09-15 18:00:00+00:00,96.83999633789062,96.8550033569336,96.80999755859376,96.80999755859376,9113
2026-09-15 18:01:00+00:00,96.81500244140624,96.81500244140624,96.80999755859376,96.80999755859376,3288
2026-09-15 18:02:00+00:00,96.81999969482422,96.81999969482422,96.81999969482422,96.81999969482422,693
2026-09-15 18:03:00+00:00,96.83000183105467,96.83499908447266,96.83000183105467,96.83499908447266,751
2026-09-15 18:04:00+00:00,96.83999633789062,96.84500122070312,96.83999633789062,96.84500122070312,2531
2026-09-15 18:05:00+00:00,96.83999633789062,96.8550033569336,96.83999633789062,96.8550033569336,2612
2026-09-15 18:07:00+00:00,96.8550033569336,96.8550033569336,96.8499984741211,96.8499984741211,964
2026-09-15 18:08:00+00:00,96.86000061035156,96.86000061035156,96.8499984741211,96.8550033569336,4480
2026-09-15 18:09:00+00:00,96.8550033569336,96.875,96.8550033569336,96.875,2354
2026-09-15 18:10:00+00:00,96.87999725341795,96.8949966430664,96.87999725341795,96.8949966430664,3837
2026-09-15 18:11:00+00:00,96.88500213623048,96.9250030517578,96.88500213623048,96.91999816894533,4965
2026-09-15 18:12:00+00:00,96.91999816894533,96.91999816894533,96.91999816894533,96.91999816894533,285
2026-09-15 18:13:00+00:00,96.93000030517578,96.94499969482422,96.93000030517578,96.94000244140624,1993
2026-09-15 18:14:00+00:00,96.94000244140624,96.94499969482422,96.93499755859376,96.94499969482422,1545
2026-09-15 18:15:00+00:00,96.9499969482422,96.9499969482422,96.93000030517578,96.93000030517578,3178
2026-09-15 18:16:00+00:00,96.93000030517578,96.93000030517578,96.91000366210938,96.91000366210938,1494
2026-09-15 18:17:00+00:00,96.9000015258789,96.9000015258789,96.88999938964844,96.88999938964844,480
2026-09-15 18:18:00+00:00,96.91000366210938,96.91000366210938,96.9000015258789,96.9000015258789,1772
2026-09-15 18:19:00+00:00,96.90499877929688,96.91000366210938,96.90499877929688,96.91000366210938,1152
2026-09-15 18:20:00+00:00,96.9000015258789,96.9250030517578,96.9000015258789,96.9250030517578,2050
2026-09-15 18:21:00+00:00,96.93000030517578,96.94000244140624,96.91999816894533,96.91999816894533,1702
2026-09-15 18:22:00+00:00,96.91000366210938,96.91000366210938,96.91000366210938,96.91000366210938,870
2026-09-15 18:23:00+00:00,96.9000015258789,96.9000015258789,96.88249969482422,96.88999938964844,1467
2026-09-15 18:24:00+00:00,96.9000015258789,96.91500091552734,96.9000015258789,96.91500091552734,1812
2026-09-15 18:25:00+00:00,96.9000015258789,96.91500091552734,96.9000015258789,96.91500091552734,1471
2026-09-15 18:26:00+00:00,96.91500091552734,96.91500091552734,96.91000366210938,96.91000366210938,1463
2026-09-15 18:27:00+00:00,96.91500091552734,96.91500091552734,96.91000366210938,96.91000366210938,1337
2026-09-15 18:28:00+00:00,96.91000366210938,96.91999816894533,96.91000366210938,96.91500091552734,2806
2026-09-15 18:29:00+00:00,96.91500091552734,96.91500091552734,96.91500091552734,96.91500091552734,640
2026-09-15 18:30:00+00:00,96.91000366210938,96.91500091552734,96.875,96.875,6458
2026-09-15 18:31:00+00:00,96.87000274658205,96.87000274658205,96.86000061035156,96.86000061035156,1423
2026-09-15 18:32:00+00:00,96.86100006103516,96.86509704589844,96.86000061035156,96.86000061035156,2668
2026-09-15 18:33:00+00:00,96.8499984741211,96.8550033569336,96.84500122070312,96.84500122070312,2331
2026-09-15 18:34:00+00:00,96.8498992919922,96.8499984741211,96.83999633789062,96.83999633789062,1531
2026-09-15 18:35:00+00:00,96.83999633789062,96.83999633789062,96.83999633789062,96.83999633789062,2612
2026-09-15 18:36:00+00:00,96.83000183105467,96.83000183105467,96.81999969482422,96.83000183105467,3549
2026-09-15 18:37:00+00:00,96.81999969482422,96.81999969482422,96.80999755859376,96.80999755859376,1100
2026-09-15 18:38:00+00:00,96.81999969482422,96.8249969482422,96.81999969482422,96.8249969482422,1219
2026-09-15 18:39:00+00:00,96.8249969482422,96.8249969482422,96.81999969482422,96.81999969482422,2105
2026-09-15 18:40:00+00:00,96.81999969482422,96.81999969482422,96.79499816894533,96.79499816894533,1457
2026-09-15 18:41:00+00:00,96.80999755859376,96.875,96.80999755859376,96.875,33212
2026-09-15 18:42:00+00:00,96.83999633789062,96.84510040283205,96.80999755859376,96.80999755859376,5874
2026-09-15 18:43:00+00:00,96.8000030517578,96.80999755859376,96.8000030517578,96.8000030517578,1862
2026-09-15 18:44:00+00:00,96.79000091552734,96.80999755859376,96.79000091552734,96.80999755859376,1125
2026-09-15 18:45:00+00:00,96.8000030517578,96.8000030517578,96.77999877929688,96.78510284423828,2121
2026-09-15 18:46:00+00:00,96.78500366210938,96.79499816894533,96.78500366210938,96.79000091552734,1975
2026-09-15 18:47:00+00:00,96.77999877929688,96.77999877929688,96.7699966430664,96.7750015258789,1472
2026-09-15 18:48:00+00:00,96.7750015258789,96.7750015258789,96.76000213623048,96.76000213623048,2243
2026-09-15 18:49:00+00:00,96.75800323486328,96.75800323486328,96.73500061035156,96.74500274658205,3260
2026-09-15 18:50:00+00:00,96.75499725341795,96.79000091552734,96.75499725341795,96.78009796142578,6794
2026-09-15 18:51:00+00:00,96.77999877929688,96.80999755859376,96.7750015258789,96.80999755859376,2520
2026-09-15 18:52:00+00:00,96.80999755859376,96.8249969482422,96.8000030517578,96.81999969482422,6364
2026-09-15 18:53:00+00:00,96.81999969482422,96.83499908447266,96.81500244140624,96.83000183105467,1733
2026-09-15 18:54:00+00:00,96.8249969482422,96.8249969482422,96.81999969482422,96.8249969482422,4134
2026-09-15 18:55:00+00:00,96.83000183105467,96.83999633789062,96.83000183105467,96.83999633789062,1893
2026-09-15 18:56:00+00:00,96.83499908447266,96.84500122070312,96.81999969482422,96.84500122070312,6125
2026-09-15 18:57:00+00:00,96.83999633789062,96.83999633789062,96.83999633789062,96.83999633789062,1747
2026-09-15 18:58:00+00:00,96.83999633789062,96.86499786376952,96.83999633789062,96.86000061035156,4281
2026-09-15 18:59:00+00:00,96.87999725341795,96.87999725341795,96.87999725341795,96.87999725341795,1028
2026-09-15 19:00:00+00:00,96.88999938964844,96.9000015258789,96.87999725341795,96.9000015258789,5554
2026-09-15 19:01:00+00:00,96.8949966430664,96.9000015258789,96.86000061035156,96.86000061035156,3078
2026-09-15 19:02:00+00:00,96.8499984741211,96.8550033569336,96.83999633789062,96.8550033569336,2490
2026-09-15 19:03:00+00:00,96.8499984741211,96.8499984741211,96.84500122070312,96.84500122070312,1448
2026-09-15 19:04:00+00:00,96.8499984741211,96.86499786376952,96.8499984741211,96.86000061035156,1971
2026-09-15 19:05:00+00:00,96.8550033569336,96.86000061035156,96.84500122070312,96.8550033569336,37069
2026-09-15 19:06:00+00:00,96.8499984741211,96.8499984741211,96.83999633789062,96.84500122070312,4784
2026-09-15 19:07:00+00:00,96.83999633789062,96.86499786376952,96.83999633789062,96.86000061035156,3061
2026-09-15 19:08:00+00:00,96.86499786376952,96.87000274658205,96.86000061035156,96.87000274658205,1591
2026-09-15 19:09:00+00:00,96.86000061035156,96.86000061035156,96.86000061035156,96.86000061035156,1073
2026-09-15 19:10:00+00:00,96.86000061035156,96.86000061035156,96.8550033569336,96.86000061035156,2000
2026-09-15 19:11:00+00:00,96.8550033569336,96.8550033569336,96.84359741210938,96.84359741210938,1689
2026-09-15 19:12:00+00:00,96.83999633789062,96.84500122070312,96.83000183105467,96.83499908447266,3891
2026-09-15 19:13:00+00:00,96.83000183105467,96.83000183105467,96.81999969482422,96.81999969482422,1432
2026-09-15 19:14:00+00:00,96.83000183105467,96.84500122070312,96.83000183105467,96.83999633789062,2055
2026-09-15 19:15:00+00:00,96.83000183105467,96.83000183105467,96.83000183105467,96.83000183105467,1934
2026-09-15 19:16:00+00:00,96.8249969482422,96.8499984741211,96.8249969482422,96.8499984741211,2061
2026-09-15 19:17:00+00:00,96.83999633789062,96.8415985107422,96.83000183105467,96.83999633789062,4705
2026-09-15 19:18:00+00:00,96.83999633789062,96.8499984741211,96.83999633789062,96.8499984741211,3546
2026-09-15 19:19:00+00:00,96.8499984741211,96.8499984741211,96.83499908447266,96.83999633789062,2688
2026-09-15 19:20:00+00:00,96.83999633789062,96.83999633789062,96.83999633789062,96.83999633789062,557
2026-09-15 19:21:00+00:00,96.83499908447266,96.8499984741211,96.83499908447266,96.8499984741211,3658
2026-09-15 19:22:00+00:00,96.8499984741211,96.8499984741211,96.83999633789062,96.84750366210938,1163
2026-09-15 19:23:00+00:00,96.84970092773438,96.8499984741211,96.84970092773438,96.8499984741211,770
2026-09-15 19:24:00+00:00,96.8499984741211,96.8550033569336,96.83499908447266,96.83499908447266,4372
2026-09-15 19:25:00+00:00,96.83499908447266,96.83499908447266,96.8249969482422,96.8249969482422,4896
2026-09-15 19:26:00+00:00,96.83000183105467,96.84500122070312,96.8249969482422,96.83499908447266,4912
2026-09-15 19:27:00+00:00,96.83100128173828,96.83509826660156,96.83000183105467,96.83000183105467,3521
2026-09-15 19:28:00+00:00,96.83000183105467,96.83999633789062,96.83000183105467,96.83000183105467,993
2026-09-15 19:29:00+00:00,96.83416748046876,96.83999633789062,96.80999755859376,96.81500244140624,9773
2026-09-15 19:30:00+00:00,96.81500244140624,96.81500244140624,96.7750015258789,96.7750015258789,10627
2026-09-15 19:31:00+00:00,96.7699966430664,96.7750015258789,96.76000213623048,96.76000213623048,5583
2026-09-15 19:32:00+00:00,96.76000213623048,96.77999877929688,96.74500274658205,96.7699966430664,15134
2026-09-15 19:33:00+00:00,96.77999877929688,96.78500366210938,96.76499938964844,96.76499938964844,3261
2026-09-15 19:34:00+00:00,96.7699966430664,96.79499816894533,96.76499938964844,96.78500366210938,11488
2026-09-15 19:35:00+00:00,96.79000091552734,96.79499816894533,96.78500366210938,96.79000091552734,5912
2026-09-15 19:36:00+00:00,96.79499816894533,96.81999969482422,96.79499816894533,96.80999755859376,8250
2026-09-15 19:37:00+00:00,96.8000030517578,96.8000030517578,96.79000091552734,96.79000091552734,4601
2026-09-15 19:38:00+00:00,96.79000091552734,96.79499816894533,96.78500366210938,96.78500366210938,3686
2026-09-15 19:39:00+00:00,96.78500366210938,96.8000030517578,96.7750015258789,96.8000030517578,8755
2026-09-15 19:40:00+00:00,96.8000030517578,96.8000030517578,96.77999877929688,96.78500366210938,4921
2026-09-15 19:41:00+00:00,96.78500366210938,96.78500366210938,96.77999877929688,96.78500366210938,3803
2026-09-15 19:42:00+00:00,96.78500366210938,96.78500366210938,96.76499938964844,96.76499938964844,5143
2026-09-15 19:43:00+00:00,96.76499938964844,96.79000091552734,96.76000213623048,96.79000091552734,9321
2026-09-15 19:44:00+00:00,96.79000091552734,96.80500030517578,96.7750015258789,96.7750015258789,10666
2026-09-15 19:45:00+00:00,96.7750015258789,96.7750015258789,96.76499938964844,96.76499938964844,7358
2026-09-15 19:46:00+00:00,96.76499938964844,96.79000091552734,96.76499938964844,96.78500366210938,7784
2026-09-15 19:47:00+00:00,96.79000091552734,96.81999969482422,96.78500366210938,96.80500030517578,10219
2026-09-15 19:48:00+00:00,96.8000030517578,96.81999969482422,96.8000030517578,96.81500244140624,8154
2026-09-15 19:49:00+00:00,96.81999969482422,96.83999633789062,96.81999969482422,96.83499908447266,11498
2026-09-15 19:50:00+00:00,96.83499908447266,96.86499786376952,96.83499908447266,96.84500122070312,10667
2026-09-15 19:51:00+00:00,96.84500122070312,96.8499984741211,96.83499908447266,96.8499984741211,13786
2026-09-15 19:52:00+00:00,96.84500122070312,96.8550033569336,96.8249969482422,96.83499908447266,14318
2026-09-15 19:53:00+00:00,96.83499908447266,96.84500122070312,96.83000183105467,96.84500122070312,18019
2026-09-15 19:54:00+00:00,96.84500122070312,96.875,96.83999633789062,96.87000274658205,12295
2026-09-15 19:55:00+00:00,96.87000274658205,96.87000274658205,96.84500122070312,96.8550033569336,17724
2026-09-15 19:56:00+00:00,96.86000061035156,96.90499877929688,96.86000061035156,96.8949966430664,14003
2026-09-15 19:57:00+00:00,96.8949966430664,96.8949966430664,96.86000061035156,96.86499786376952,17769
2026-09-15 19:58:00+00:00,96.86499786376952,96.91999816894533,96.86000061035156,96.9000015258789,92838
2026-09-15 19:59:00+00:00,96.91000366210938,96.9499969482422,96.87000274658205,96.9499969482422,99369
2026-09-16 13:30:00+00:00,97.62999725341795,97.83999633789062,97.58999633789062,97.6500015258789,55514
2026-09-16 13:31:00+00:00,97.6500015258789,97.72000122070312,97.63999938964844,97.72000122070312,23297
2026-09-16 13:32:00+00:00,97.72000122070312,97.7300033569336,97.69499969482422,97.7249984741211,12898
2026-09-16 13:33:00+00:00,97.72000122070312,97.72000122070312,97.72000122070312,97.72000122070312,1386
2026-09-16 13:34:00+00:00,97.6999969482422,97.73999786376952,97.69000244140624,97.72000122070312,5730
2026-09-16 13:35:00+00:00,97.72000122070312,97.73999786376952,97.70999908447266,97.72000122070312,5073
2026-09-16 13:36:00+00:00,97.7249984741211,97.7300033569336,97.70500183105467,97.72000122070312,5170
2026-09-16 13:37:00+00:00,97.70999908447266,97.71499633789062,97.66999816894533,97.66999816894533,12619
2026-09-16 13:38:00+00:00,97.69000244140624,97.71499633789062,97.69000244140624,97.70500183105467,12390
2026-09-16 13:39:00+00:00,97.68499755859376,97.69000244140624,97.68000030517578,97.69000244140624,2216
2026-09-16 13:40:00+00:00,97.68000030517578,97.68000030517578,97.63999938964844,97.65989685058594,3547
2026-09-16 13:41:00+00:00,97.6500015258789,97.6500015258789,97.625,97.62999725341795,13441
2026-09-16 13:42:00+00:00,97.62999725341795,97.63500213623048,97.62000274658205,97.62000274658205,3106
2026-09-16 13:43:00+00:00,97.61499786376952,97.63999938964844,97.61000061035156,97.63999938964844,2097
2026-09-16 13:44:00+00:00,97.6500015258789,97.68499755859376,97.63999938964844,97.63999938964844,7552
2026-09-16 13:45:00+00:00,97.62999725341795,97.6750030517578,97.62000274658205,97.6500015258789,8923
2026-09-16 13:46:00+00:00,97.6500015258789,97.68000030517578,97.6449966430664,97.6449966430664,3801
2026-09-16 13:47:00+00:00,97.63999938964844,97.6449966430664,97.62999725341795,97.63999938964844,3572
2026-09-16 13:48:00+00:00,97.61000061035156,97.61000061035156,97.5999984741211,97.5999984741211,1530
2026-09-16 13:49:00+00:00,97.58999633789062,97.6050033569336,97.58999633789062,97.5999984741211,1449
2026-09-16 13:50:00+00:00,97.59500122070312,97.62000274658205,97.5749969482422,97.5999984741211,2202
2026-09-16 13:51:00+00:00,97.5999984741211,97.66000366210938,97.5999984741211,97.63999938964844,12676
2026-09-16 13:52:00+00:00,97.62999725341795,97.63500213623048,97.55500030517578,97.55999755859376,5520
2026-09-16 13:53:00+00:00,97.5749969482422,97.58000183105467,97.55999755859376,97.58000183105467,3849
2026-09-16 13:54:00+00:00,97.58000183105467,97.62999725341795,97.58000183105467,97.62999725341795,4114
2026-09-16 13:55:00+00:00,97.66999816894533,97.70999908447266,97.66999816894533,97.6999969482422,3761
2026-09-16 13:56:00+00:00,97.6999969482422,97.72000122070312,97.69989776611328,97.72000122070312,2718
2026-09-16 13:57:00+00:00,97.73989868164062,97.73989868164062,97.7300033569336,97.7300033569336,1155
2026-09-16 13:58:00+00:00,97.7300033569336,97.7300033569336,97.7249984741211,97.7300033569336,1403
2026-09-16 13:59:00+00:00,97.72000122070312,97.72000122070312,97.68000030517578,97.68990325927734,3955
2026-09-16 14:00:00+00:00,97.69000244140624,97.6999969482422,97.69000244140624,97.6999969482422,1286
2026-09-16 14:01:00+00:00,97.68499755859376,97.68499755859376,97.66000366210938,97.66999816894533,10549
2026-09-16 14:02:00+00:00,97.6500015258789,97.6500015258789,97.58999633789062,97.59500122070312,46845
2026-09-16 14:03:00+00:00,97.58000183105467,97.59500122070312,97.54499816894533,97.54499816894533,13744
2026-09-16 14:04:00+00:00,97.5500030517578,97.5749969482422,97.54000091552734,97.5749969482422,3964
2026-09-16 14:05:00+00:00,97.55999755859376,97.55999755859376,97.5500030517578,97.5500030517578,1629
2026-09-16 14:06:00+00:00,97.5199966430664,97.5199966430664,97.51000213623048,97.5199966430664,1490
2026-09-16 14:07:00+00:00,97.52999877929688,97.56999969482422,97.52999877929688,97.55999755859376,2559
2026-09-16 14:08:00+00:00,97.56500244140624,97.58999633789062,97.56500244140624,97.58999633789062,2511
2026-09-16 14:09:00+00:00,97.61000061035156,97.62999725341795,97.61000061035156,97.625,3421
2026-09-16 14:10:00+00:00,97.62999725341795,97.6750030517578,97.62999725341795,97.6750030517578,6753
2026-09-16 14:11:00+00:00,97.66999816894533,97.69000244140624,97.6449966430664,97.68000030517578,22548
2026-09-16 14:12:00+00:00,97.68000030517578,97.68000030517578,97.65499877929688,97.66000366210938,3419
2026-09-16 14:13:00+00:00,97.66000366210938,97.66999816894533,97.63999938964844,97.65499877929688,3099
2026-09-16 14:14:00+00:00,97.6500015258789,97.69000244140624,97.6500015258789,97.68000030517578,3436
2026-09-16 14:15:00+00:00,97.66619873046876,97.66999816894533,97.66000366210938,97.66999816894533,926
2026-09-16 14:16:00+00:00,97.68000030517578,97.69499969482422,97.68000030517578,97.68499755859376,1386
2026-09-16 14:17:00+00:00,97.68000030517578,97.68000030517578,97.6500015258789,97.66000366210938,2013
2026-09-16 14:18:00+00:00,97.66500091552734,97.66999816894533,97.66500091552734,97.66999816894533,653
2026-09-16 14:19:00+00:00,97.6500015258789,97.6500015258789,97.62999725341795,97.62999725341795,1569
2026-09-16 14:20:00+00:00,97.63500213623048,97.63500213623048,97.61499786376952,97.61499786376952,4924
2026-09-16 14:21:00+00:00,97.61499786376952,97.6449966430664,97.61000061035156,97.63999938964844,2674
2026-09-16 14:22:00+00:00,97.62000274658205,97.62000274658205,97.5999984741211,97.5999984741211,647
2026-09-16 14:23:00+00:00,97.58999633789062,97.62000274658205,97.58999633789062,97.62000274658205,3061
2026-09-16 14:24:00+00:00,97.62000274658205,97.63500213623048,97.6050033569336,97.61499786376952,2854
2026-09-16 14:25:00+00:00,97.5999984741211,97.6050033569336,97.5999984741211,97.5999984741211,852
2026-09-16 14:26:00+00:00,97.6050033569336,97.61000061035156,97.5999984741211,97.5999984741211,1854
2026-09-16 14:27:00+00:00,97.61000061035156,97.62999725341795,97.5999984741211,97.62999725341795,3391
2026-09-16 14:28:00+00:00,97.66000366210938,97.68499755859376,97.66000366210938,97.66500091552734,1494
2026-09-16 14:29:00+00:00,97.68000030517578,97.68499755859376,97.67510223388672,97.68000030517578,1100
2026-09-16 14:30:00+00:00,97.70999908447266,97.71499633789062,97.70500183105467,97.71499633789062,3271
2026-09-16 14:31:00+00:00,97.70999908447266,97.73999786376952,97.70500183105467,97.73999786376952,12580
2026-09-16 14:32:00+00:00,97.73500061035156,97.73500061035156,97.70999908447266,97.72000122070312,2953
2026-09-16 14:33:00+00:00,97.71499633789062,97.73500061035156,97.70999908447266,97.7249984741211,17499
2026-09-16 14:34:00+00:00,97.7249984741211,97.7300033569336,97.7249984741211,97.7300033569336,1097
2026-09-16 14:35:00+00:00,97.70500183105467,97.72000122070312,97.70500183105467,97.70500183105467,3030
2026-09-16 14:36:00+00:00,97.70500183105467,97.7300033569336,97.70500183105467,97.70999908447266,3491
2026-09-16 14:37:00+00:00,97.70999908447266,97.75,97.70500183105467,97.75,4315
2026-09-16 14:38:00+00:00,97.75,97.75,97.7300033569336,97.7300033569336,1524
2026-09-16 14:39:00+00:00,97.73999786376952,97.73999786376952,97.73500061035156,97.73999786376952,2085
2026-09-16 14:40:00+00:00,97.73999786376952,97.77999877929688,97.73999786376952,97.77999877929688,2154
2026-09-16 14:41:00+00:00,97.7699966430664,97.7699966430664,97.75,97.75,4710
2026-09-16 14:42:00+00:00,97.76499938964844,97.79000091552734,97.76000213623048,97.79000091552734,4174
2026-09-16 14:43:00+00:00,97.78500366210938,97.81999969482422,97.7750015258789,97.80999755859376,10913
2026-09-16 14:44:00+00:00,97.8000030517578,97.84500122070312,97.8000030517578,97.83999633789062,3328
2026-09-16 14:45:00+00:00,97.83499908447266,97.83999633789062,97.81999969482422,97.83000183105467,6157
2026-09-16 14:46:00+00:00,97.83499908447266,97.86499786376952,97.8249969482422,97.84500122070312,4251
2026-09-16 14:47:00+00:00,97.8550033569336,97.86499786376952,97.8499984741211,97.8501968383789,11594
2026-09-16 14:48:00+00:00,97.8550033569336,97.875,97.8550033569336,97.86000061035156,3588
2026-09-16 14:49:00+00:00,97.86000061035156,97.875,97.8550033569336,97.875,4438
2026-09-16 14:50:00+00:00,97.875,97.88500213623048,97.86499786376952,97.86499786376952,5090
2026-09-16 14:51:00+00:00,97.87000274658205,97.87999725341795,97.86499786376952,97.86499786376952,19009
2026-09-16 14:52:00+00:00,97.87999725341795,97.90499877929688,97.875,97.90499877929688,4295
2026-09-16 14:53:00+00:00,97.90499877929688,97.9250030517578,97.90499877929688,97.90499877929688,5623
2026-09-16 14:54:00+00:00,97.9000015258789,97.9000015258789,97.86499786376952,97.86499786376952,5325
2026-09-16 14:55:00+00:00,97.86509704589844,97.91000366210938,97.86499786376952,97.8949966430664,9519
2026-09-16 14:56:00+00:00,97.8949966430664,97.91500091552734,97.8949966430664,97.91500091552734,2557
2026-09-16 14:57:00+00:00,97.91999816894533,97.91999816894533,97.87000274658205,97.88500213623048,6670
2026-09-16 14:58:00+00:00,97.88500213623048,97.88999938964844,97.875,97.88999938964844,2231
2026-09-16 14:59:00+00:00,97.91500091552734,97.97000122070312,97.91500091552734,97.97000122070312,3837
2026-09-16 15:00:00+00:00,97.97000122070312,98.04499816894533,97.97000122070312,98.04000091552734,10502
2026-09-16 15:01:00+00:00,98.0500030517578,98.08000183105467,98.0500030517578,98.0500030517578,4962
2026-09-16 15:02:00+00:00,98.04499816894533,98.04499816894533,98.0199966430664,98.0291976928711,1989
2026-09-16 15:03:00+00:00,98.05500030517578,98.11499786376952,98.05500030517578,98.11000061035156,2367
2026-09-16 15:04:00+00:00,98.11499786376952,98.11499786376952,98.08999633789062,98.0999984741211,3888
2026-09-16 15:05:00+00:00,98.0999984741211,98.0999984741211,98.08000183105467,98.08999633789062,3109
2026-09-16 15:06:00+00:00,98.11000061035156,98.18000030517578,98.11000061035156,98.18000030517578,6545
2026-09-16 15:07:00+00:00,98.18499755859376,98.29499816894533,98.18499755859376,98.25,28685
2026-09-16 15:08:00+00:00,98.25,98.2699966430664,98.22000122070312,98.2699966430664,7680
2026-09-16 15:09:00+00:00,98.2699966430664,98.30500030517578,98.26499938964844,98.3000030517578,6408
2026-09-16 15:10:00+00:00,98.29000091552734,98.3000030517578,98.26000213623048,98.26000213623048,3217
2026-09-16 15:11:00+00:00,98.26000213623048,98.37000274658205,98.26000213623048,98.29000091552734,27373
2026-09-16 15:12:00+00:00,98.28500366210938,98.29499816894533,98.2699966430664,98.28500366210938,7585
2026-09-16 15:13:00+00:00,98.3000030517578,98.31500244140624,98.28009796142578,98.31500244140624,16622
2026-09-16 15:14:00+00:00,98.31500244140624,98.33000183105467,98.31500244140624,98.31999969482422,13492
2026-09-16 15:15:00+00:00,98.31999969482422,98.31999969482422,98.26000213623048,98.26000213623048,1443
2026-09-16 15:16:00+00:00,98.2699966430664,98.28500366210938,98.2699966430664,98.2699966430664,6577
2026-09-16 15:17:00+00:00,98.2699966430664,98.27999877929688,98.26499938964844,98.2699966430664,21056
2026-09-16 15:18:00+00:00,98.2699966430664,98.29000091552734,98.2699966430664,98.29000091552734,19337
2026-09-16 15:19:00+00:00,98.28500366210938,98.30999755859376,98.26000213623048,98.30999755859376,25822
2026-09-16 15:20:00+00:00,98.30999755859376,98.30999755859376,98.26499938964844,98.27999877929688,13852
2026-09-16 15:22:00+00:00,98.29499816894533,98.30760192871094,98.27999877929688,98.27999877929688,7392
2026-09-16 15:23:00+00:00,98.2750015258789,98.2750015258789,98.24500274658205,98.24500274658205,13533
2026-09-16 15:24:00+00:00,98.24500274658205,98.26000213623048,98.2300033569336,98.2300033569336,6355
2026-09-16 15:25:00+00:00,98.23500061035156,98.2699966430664,98.2300033569336,98.2699966430664,5383
2026-09-16 15:26:00+00:00,98.26000213623048,98.2699966430664,98.23999786376952,98.23999786376952,7892
2026-09-16 15:27:00+00:00,98.2300033569336,98.23500061035156,98.22000122070312,98.2249984741211,4660
2026-09-16 15:28:00+00:00,98.2300033569336,98.25,98.2249984741211,98.2249984741211,4977
2026-09-16 15:29:00+00:00,98.2249984741211,98.2300033569336,98.20999908447266,98.22000122070312,4559
2026-09-16 15:30:00+00:00,98.21499633789062,98.2249984741211,98.16999816894533,98.16999816894533,5912
2026-09-16 15:31:00+00:00,98.15499877929688,98.16999816894533,98.1500015258789,98.1500015258789,18619
2026-09-16 15:32:00+00:00,98.1500015258789,98.1500015258789,98.11000061035156,98.11000061035156,3303
2026-09-16 15:33:00+00:00,98.0999984741211,98.0999984741211,98.06999969482422,98.06999969482422,2468
2026-09-16 15:34:00+00:00,98.06999969482422,98.06999969482422,98.02999877929688,98.04000091552734,4253
2026-09-16 15:35:00+00:00,98.04000091552734,98.04000091552734,98.00959777832033,98.01000213623048,2486
2026-09-16 15:36:00+00:00,98.02999877929688,98.08000183105467,98.02999877929688,98.08000183105467,3256
2026-09-16 15:37:00+00:00,98.0999984741211,98.11000061035156,98.0749969482422,98.08499908447266,2092
2026-09-16 15:38:00+00:00,98.08999633789062,98.1500015258789,98.08999633789062,98.1449966430664,2885
2026-09-16 15:39:00+00:00,98.16500091552734,98.16500091552734,98.16500091552734,98.16500091552734,747
2026-09-16 15:40:00+00:00,98.13500213623048,98.1500015258789,98.13500213623048,98.13999938964844,685
2026-09-16 15:41:00+00:00,98.12999725341795,98.12999725341795,98.11499786376952,98.12000274658205,1064
2026-09-16 15:42:00+00:00,98.0999984741211,98.0999984741211,98.08999633789062,98.08999633789062,738
2026-09-16 15:43:00+00:00,98.08509826660156,98.08509826660156,98.06999969482422,98.06999969482422,7318
2026-09-16 15:44:00+00:00,98.0749969482422,98.08000183105467,98.0749969482422,98.08000183105467,1397
2026-09-16 15:45:00+00:00,98.08000183105467,98.11499786376952,98.0749969482422,98.0999984741211,2521
2026-09-16 15:46:00+00:00,98.1050033569336,98.11000061035156,98.0999984741211,98.0999984741211,4373
2026-09-16 15:47:00+00:00,98.08499908447266,98.33999633789062,98.08499908447266,98.20999908447266,53537
2026-09-16 15:48:00+00:00,98.1999969482422,98.1999969482422,98.1500015258789,98.1500015258789,1652
2026-09-16 15:49:00+00:00,98.18000030517578,98.18499755859376,98.125,98.12999725341795,7321
2026-09-16 15:50:00+00:00,98.12999725341795,98.13999938964844,98.12999725341795,98.13999938964844,6587
2026-09-16 15:51:00+00:00,98.13500213623048,98.16000366210938,98.12999725341795,98.13500213623048,27164
2026-09-16 15:52:00+00:00,98.12999725341795,98.16999816894533,98.12999725341795,98.16999816894533,11487
2026-09-16 15:53:00+00:00,98.18000030517578,98.19000244140624,98.16000366210938,98.16000366210938,1323
2026-09-16 15:54:00+00:00,98.16500091552734,98.16500091552734,98.13500213623048,98.13500213623048,1731
2026-09-16 15:55:00+00:00,98.12999725341795,98.13500213623048,98.12999725341795,98.13500213623048,1258
2026-09-16 15:56:00+00:00,98.12010192871094,98.12999725341795,98.12000274658205,98.12999725341795,2426
2026-09-16 15:57:00+00:00,98.13500213623048,98.13500213623048,98.11499786376952,98.11499786376952,609
2026-09-16 15:58:00+00:00,98.125,98.13500213623048,98.12000274658205,98.13500213623048,2156
2026-09-16 15:59:00+00:00,98.12999725341795,98.12999725341795,98.11000061035156,98.12000274658205,1584
2026-09-16 16:00:00+00:00,98.125,98.12999725341795,98.0999984741211,98.1050033569336,3131
2026-09-16 16:01:00+00:00,98.06999969482422,98.06999969482422,98.05500030517578,98.05500030517578,293
2026-09-16 16:02:00+00:00,98.06999969482422,98.06999969482422,98.04499816894533,98.06999969482422,1960
2026-09-16 16:03:00+00:00,98.06999969482422,98.06999969482422,98.04000091552734,98.04000091552734,875
2026-09-16 16:04:00+00:00,98.05500030517578,98.05500030517578,98.04499816894533,98.05500030517578,1227
2026-09-16 16:05:00+00:00,98.04499816894533,98.0749969482422,98.04499816894533,98.0749969482422,1524
2026-09-16 16:06:00+00:00,98.08000183105467,98.1050033569336,98.08000183105467,98.0999984741211,3653
2026-09-16 16:07:00+00:00,98.11000061035156,98.12999725341795,98.11000061035156,98.12999725341795,4298
2026-09-16 16:08:00+00:00,98.12999725341795,98.12999725341795,98.11000061035156,98.12999725341795,2555
2026-09-16 16:09:00+00:00,98.12000274658205,98.12000274658205,98.1050033569336,98.1050033569336,821
2026-09-16 16:10:00+00:00,98.0999984741211,98.1050033569336,98.09500122070312,98.09500122070312,3022
2026-09-16 16:11:00+00:00,98.09500122070312,98.11000061035156,98.08499908447266,98.11000061035156,1994
2026-09-16 16:12:00+00:00,98.12999725341795,98.12999725341795,98.125,98.125,760
2026-09-16 16:13:00+00:00,98.11499786376952,98.13999938964844,98.11499786376952,98.13999938964844,1312
2026-09-16 16:14:00+00:00,98.1449966430664,98.1449966430664,98.13999938964844,98.13999938964844,1559
2026-09-16 16:15:00+00:00,98.1449966430664,98.1449966430664,98.13999938964844,98.14250183105467,2335
2026-09-16 16:16:00+00:00,98.1449966430664,98.1449966430664,98.13500213623048,98.13999938964844,1674
2026-09-16 16:17:00+00:00,98.13500213623048,98.13500213623048,98.11499786376952,98.13500213623048,21303
2026-09-16 16:18:00+00:00,98.13500213623048,98.13500213623048,98.125,98.12999725341795,3498
2026-09-16 16:19:00+00:00,98.13500213623048,98.13500213623048,98.12999725341795,98.12999725341795,2643
2026-09-16 16:20:00+00:00,98.125,98.12999725341795,98.125,98.12999725341795,573
2026-09-16 16:21:00+00:00,98.12999725341795,98.12999725341795,98.12999725341795,98.12999725341795,521
2026-09-16 16:22:00+00:00,98.11499786376952,98.11499786376952,98.11000061035156,98.11499786376952,1264
2026-09-16 16:23:00+00:00,98.11499786376952,98.11499786376952,98.11499786376952,98.11499786376952,1470
2026-09-16 16:24:00+00:00,98.11499786376952,98.12000274658205,98.11499786376952,98.11499786376952,3775
2026-09-16 16:25:00+00:00,98.11000061035156,98.12999725341795,98.11000061035156,98.12999725341795,2272
2026-09-16 16:26:00+00:00,98.13999938964844,98.13999938964844,98.12999725341795,98.12999725341795,494
2026-09-16 16:27:00+00:00,98.13500213623048,98.13500213623048,98.11499786376952,98.11499786376952,875
2026-09-16 16:28:00+00:00,98.10559844970705,98.11000061035156,98.10559844970705,98.11000061035156,477
2026-09-16 16:29:00+00:00,98.11000061035156,98.11000061035156,98.11000061035156,98.11000061035156,755
2026-09-16 16:30:00+00:00,98.0999984741211,98.0999984741211,98.08000183105467,98.08499908447266,4317
2026-09-16 16:31:00+00:00,98.0999984741211,98.11000061035156,98.08999633789062,98.08999633789062,1829
2026-09-16 16:32:00+00:00,98.0999984741211,98.0999984741211,98.08000183105467,98.08000183105467,890
2026-09-16 16:33:00+00:00,98.0749969482422,98.0749969482422,98.0519027709961,98.0519027709961,1044
2026-09-16 16:34:00+00:00,98.06999969482422,98.0749969482422,98.06999969482422,98.0749969482422,1168
2026-09-16 16:35:00+00:00,98.08499908447266,98.08499908447266,98.08499908447266,98.08499908447266,529
2026-09-16 16:36:00+00:00,98.08999633789062,98.08999633789062,98.08999633789062,98.08999633789062,134
2026-09-16 16:37:00+00:00,98.0749969482422,98.08000183105467,98.06999969482422,98.08000183105467,2902
2026-09-16 16:38:00+00:00,98.08499908447266,98.09500122070312,98.08499908447266,98.09500122070312,2987
2026-09-16 16:39:00+00:00,98.09500122070312,98.09500122070312,98.09500122070312,98.09500122070312,728
2026-09-16 16:40:00+00:00,98.09500122070312,98.0999984741211,98.08999633789062,98.0999984741211,3254
2026-09-16 16:41:00+00:00,98.09500122070312,98.0961685180664,98.08999633789062,98.0961685180664,1907
2026-09-16 16:42:00+00:00,98.08499908447266,98.08499908447266,98.0749969482422,98.0749969482422,1061
2026-09-16 16:43:00+00:00,98.0749969482422,98.08999633789062,98.0749969482422,98.08999633789062,2995
2026-09-16 16:44:00+00:00,98.08999633789062,98.0999984741211,98.08999633789062,98.09500122070312,3275
2026-09-16 16:45:00+00:00,98.08999633789062,98.11000061035156,98.08999633789062,98.0999984741211,2968
2026-09-16 16:46:00+00:00,98.08999633789062,98.08999633789062,98.08999633789062,98.08999633789062,400
2026-09-16 16:47:00+00:00,98.08499908447266,98.1050033569336,98.08499908447266,98.1050033569336,1449
2026-09-16 16:48:00+00:00,98.1050033569336,98.1050033569336,98.1050033569336,98.1050033569336,943
2026-09-16 16:49:00+00:00,98.0999984741211,98.0999984741211,98.09500122070312,98.09500122070312,587
2026-09-16 16:50:00+00:00,98.08999633789062,98.09249877929688,98.08000183105467,98.08499908447266,1771
2026-09-16 16:51:00+00:00,98.08000183105467,98.08499908447266,98.0749969482422,98.0749969482422,1491
2026-09-16 16:52:00+00:00,98.05500030517578,98.06500244140624,98.05500030517578,98.06500244140624,1872
2026-09-16 16:53:00+00:00,98.06999969482422,98.06999969482422,98.06999969482422,98.06999969482422,202
2026-09-16 16:54:00+00:00,98.07990264892578,98.07990264892578,98.06999969482422,98.06999969482422,1349
2026-09-16 16:55:00+00:00,98.06500244140624,98.08999633789062,98.06500244140624,98.08999633789062,2096
2026-09-16 16:56:00+00:00,98.08499908447266,98.08499908447266,98.08499908447266,98.08499908447266,675
2026-09-16 16:57:00+00:00,98.06749725341795,98.06749725341795,98.0625,98.0625,812
2026-09-16 16:58:00+00:00,98.06500244140624,98.06500244140624,98.06500244140624,98.06500244140624,536
2026-09-16 16:59:00+00:00,98.04000091552734,98.04000091552734,98.04000091552734,98.04000091552734,278
2026-09-16 17:00:00+00:00,98.04499816894533,98.04499816894533,98.00499725341795,98.00499725341795,1807
2026-09-16 17:02:00+00:00,97.98500061035156,97.98500061035156,97.9749984741211,97.9800033569336,961
2026-09-16 17:03:00+00:00,97.98500061035156,97.98500061035156,97.95999908447266,97.9749984741211,2985
2026-09-16 17:04:00+00:00,97.9800033569336,97.98500061035156,97.9800033569336,97.9800033569336,1240
2026-09-16 17:05:00+00:00,97.98500061035156,97.98500061035156,97.97000122070312,97.97000122070312,1295
2026-09-16 17:06:00+00:00,97.97000122070312,97.97000122070312,97.97000122070312,97.97000122070312,513
2026-09-16 17:07:00+00:00,97.97000122070312,97.97000122070312,97.96499633789062,97.96499633789062,1326
2026-09-16 17:08:00+00:00,97.97000122070312,97.9749984741211,97.97000122070312,97.9749984741211,952
2026-09-16 17:09:00+00:00,97.96499633789062,97.9800033569336,97.96499633789062,97.9749984741211,2279
2026-09-16 17:10:00+00:00,97.9749984741211,97.9897003173828,97.9749984741211,97.98500061035156,5327
2026-09-16 17:11:00+00:00,97.98500061035156,97.98500061035156,97.98500061035156,97.98500061035156,1280
2026-09-16 17:12:00+00:00,97.96499633789062,97.9749984741211,97.96499633789062,97.9749984741211,1738
2026-09-16 17:13:00+00:00,97.9749984741211,97.98500061035156,97.9749984741211,97.98500061035156,2354
2026-09-16 17:14:00+00:00,97.98999786376952,98.0250015258789,97.98999786376952,98.01000213623048,2125
2026-09-16 17:15:00+00:00,98.01499938964844,98.01499938964844,97.99500274658205,97.99500274658205,4020
2026-09-16 17:16:00+00:00,98.01000213623048,98.01499938964844,98.01000213623048,98.01499938964844,289
2026-09-16 17:17:00+00:00,98.0199966430664,98.0199966430664,98.0198974609375,98.0198974609375,646
2026-09-16 17:18:00+00:00,98.01499938964844,98.01499938964844,98.00499725341795,98.01499938964844,709
2026-09-16 17:19:00+00:00,98.0,98.0,98.0,98.0,707
2026-09-16 17:21:00+00:00,98.01499938964844,98.0198974609375,98.00499725341795,98.01000213623048,4536
2026-09-16 17:22:00+00:00,98.01000213623048,98.0199966430664,97.99500274658205,97.99500274658205,3165
2026-09-16 17:23:00+00:00,98.0,98.0,98.0,98.0,753
2026-09-16 17:24:00+00:00,98.00499725341795,98.00550079345705,98.00499725341795,98.00550079345705,1492
2026-09-16 17:25:00+00:00,98.00499725341795,98.04000091552734,98.0000991821289,98.02999877929688,3460
2026-09-16 17:26:00+00:00,98.0199966430664,98.0199966430664,98.00499725341795,98.01000213623048,1437
2026-09-16 17:28:00+00:00,98.02999877929688,98.02999877929688,98.0250015258789,98.0250015258789,293
2026-09-16 17:29:00+00:00,98.0250015258789,98.0342025756836,98.0250015258789,98.0342025756836,770
2026-09-16 17:30:00+00:00,98.04000091552734,98.05999755859376,98.04000091552734,98.05999755859376,1301
2026-09-16 17:31:00+00:00,98.04499816894533,98.04499816894533,98.00499725341795,98.00499725341795,1585
2026-09-16 17:32:00+00:00,98.01499938964844,98.01499938964844,98.0,98.00499725341795,4791
2026-09-16 17:33:00+00:00,98.0,98.00499725341795,97.99500274658205,98.00499725341795,2935
2026-09-16 17:34:00+00:00,98.01000213623048,98.0250015258789,98.01000213623048,98.01499938964844,2634
2026-09-16 17:35:00+00:00,98.01000213623048,98.0199966430664,98.01000213623048,98.0199966430664,1526
2026-09-16 17:36:00+00:00,98.01499938964844,98.0199966430664,98.01499938964844,98.0199966430664,1027
2026-09-16 17:37:00+00:00,98.03500366210938,98.03500366210938,98.0250015258789,98.0250015258789,3363
2026-09-16 17:38:00+00:00,98.0250015258789,98.02619934082033,98.0199966430664,98.0250015258789,1550
2026-09-16 17:39:00+00:00,98.0199966430664,98.0199966430664,97.99500274658205,97.99500274658205,1500
2026-09-16 17:40:00+00:00,97.99500274658205,97.99500274658205,97.96499633789062,97.9749984741211,2263
2026-09-16 17:41:00+00:00,97.95999908447266,97.98500061035156,97.95999908447266,97.98500061035156,4255
2026-09-16 17:42:00+00:00,97.98500061035156,97.98500061035156,97.97000122070312,97.9749984741211,2569
2026-09-16 17:43:00+00:00,97.9800033569336,97.98999786376952,97.96499633789062,97.96499633789062,2674
2026-09-16 17:44:00+00:00,97.97000122070312,97.9749984741211,97.96499633789062,97.97000122070312,2811
2026-09-16 17:45:00+00:00,97.97000122070312,97.9800033569336,97.97000122070312,97.9800033569336,1091
2026-09-16 17:46:00+00:00,98.0,98.0199966430664,98.0,98.01499938964844,3094
2026-09-16 17:47:00+00:00,98.0250015258789,98.0250015258789,97.99500274658205,98.0,1484
2026-09-16 17:48:00+00:00,97.98999786376952,97.99500274658205,97.98500061035156,97.98999786376952,2453
2026-09-16 17:49:00+00:00,97.98999786376952,97.99500274658205,97.96499633789062,97.96499633789062,2400
2026-09-16 17:50:00+00:00,97.96499633789062,97.9749984741211,97.96499633789062,97.97000122070312,2097
2026-09-16 17:51:00+00:00,97.9801025390625,97.98500061035156,97.9800033569336,97.9800033569336,2521
2026-09-16 17:52:00+00:00,97.98999786376952,97.98999786376952,97.96499633789062,97.9749984741211,7281
2026-09-16 17:53:00+00:00,97.9800033569336,98.0,97.9800033569336,98.0,2543
2026-09-16 17:54:00+00:00,98.00499725341795,98.0199966430664,98.00499725341795,98.0199966430664,2511
2026-09-16 17:55:00+00:00,98.0199966430664,98.02999877929688,98.01499938964844,98.02999877929688,4608
2026-09-16 17:56:00+00:00,98.0250015258789,98.02999877929688,98.0250015258789,98.02999877929688,1730
2026-09-16 17:57:00+00:00,98.04000091552734,98.0500030517578,98.04000091552734,98.0500030517578,709
2026-09-16 17:58:00+00:00,98.06999969482422,98.0999984741211,98.06999969482422,98.0999984741211,2240
2026-09-16 17:59:00+00:00,98.08999633789062,98.16000366210938,98.08499908447266,98.1500015258789,2755
2026-09-16 18:00:00+00:00,98.13999938964844,98.31500244140624,97.95999908447266,97.97000122070312,20989
2026-09-16 18:01:00+00:00,98.0199966430664,98.0199966430664,97.80500030517578,97.80500030517578,12278
2026-09-16 18:02:00+00:00,97.81999969482422,97.9800033569336,97.81999969482422,97.9800033569336,11014
2026-09-16 18:03:00+00:00,97.9800033569336,98.0,97.91999816894533,97.9499969482422,6254
2026-09-16 18:04:00+00:00,97.93000030517578,98.02999877929688,97.93000030517578,97.98999786376952,8943
2026-09-16 18:05:00+00:00,98.0,98.02999877929688,97.97000122070312,98.0199966430664,22932
2026-09-16 18:06:00+00:00,98.0199966430664,98.05999755859376,98.0,98.0250015258789,3620
2026-09-16 18:07:00+00:00,98.04000091552734,98.12000274658205,98.03990173339844,98.11499786376952,4741
2026-09-16 18:08:00+00:00,98.12999725341795,98.16999816894533,98.1050033569336,98.12999725341795,5976
2026-09-16 18:09:00+00:00,98.131103515625,98.1449966430664,98.09500122070312,98.09500122070312,1751
2026-09-16 18:10:00+00:00,98.08499908447266,98.1050033569336,97.99500274658205,98.01000213623048,6950
2026-09-16 18:11:00+00:00,97.99500274658205,98.01000213623048,97.98999786376952,97.98999786376952,3893
2026-09-16 18:12:00+00:00,97.9499969482422,97.97000122070312,97.91999816894533,97.93000030517578,2561
2026-09-16 18:13:00+00:00,97.91999816894533,97.95999908447266,97.87999725341795,97.95999908447266,4076
2026-09-16 18:14:00+00:00,97.95999908447266,97.95999908447266,97.88999938964844,97.91000366210938,1241
2026-09-16 18:15:00+00:00,97.88999938964844,97.88999938964844,97.88999938964844,97.88999938964844,634
2026-09-16 18:16:00+00:00,97.87999725341795,97.91000366210938,97.87999725341795,97.88999938964844,872
2026-09-16 18:17:00+00:00,97.88999938964844,97.88999938964844,97.8499984741211,97.87000274658205,1528
2026-09-16 18:18:00+00:00,97.87999725341795,97.9000015258789,97.87000274658205,97.87000274658205,596
2026-09-16 18:19:00+00:00,97.8499984741211,97.9499969482422,97.8499984741211,97.91999816894533,7379
2026-09-16 18:20:00+00:00,97.91000366210938,97.91000366210938,97.8499984741211,97.87000274658205,3025
2026-09-16 18:21:00+00:00,97.87000274658205,97.91999816894533,97.87000274658205,97.91999816894533,1553
2026-09-16 18:22:00+00:00,97.91999816894533,97.95500183105467,97.91999816894533,97.9499969482422,2277
2026-09-16 18:23:00+00:00,97.9000015258789,97.91999816894533,97.88999938964844,97.91999816894533,1824
2026-09-16 18:24:00+00:00,97.91999816894533,97.91999816894533,97.87999725341795,97.87999725341795,2805
2026-09-16 18:25:00+00:00,97.87000274658205,97.87999725341795,97.83000183105467,97.83000183105467,1384
2026-09-16 18:26:00+00:00,97.83999633789062,97.86000061035156,97.80999755859376,97.83999633789062,12761
2026-09-16 18:27:00+00:00,97.8000030517578,97.8000030517578,97.7300033569336,97.7300033569336,1363
2026-09-16 18:28:00+00:00,97.69499969482422,97.7699966430664,97.69499969482422,97.7699966430664,664
2026-09-16 18:29:00+00:00,97.76000213623048,97.8249969482422,97.75,97.8249969482422,4302
2026-09-16 18:30:00+00:00,97.80999755859376,97.86000061035156,97.6999969482422,97.73999786376952,25725
2026-09-16 18:31:00+00:00,97.7300033569336,97.7300033569336,97.63500213623048,97.69000244140624,3764
2026-09-16 18:32:00+00:00,97.6999969482422,97.6999969482422,97.52999877929688,97.56500244140624,11146
2026-09-16 18:33:00+00:00,97.5250015258789,97.5999984741211,97.45500183105467,97.5,28163
2026-09-16 18:34:00+00:00,97.5,97.52999877929688,97.48500061035156,97.51000213623048,7214
2026-09-16 18:35:00+00:00,97.48999786376952,97.48999786376952,97.34500122070312,97.375,10071
2026-09-16 18:36:00+00:00,97.37999725341795,97.4000015258789,97.2699966430664,97.2699966430664,9597
2026-09-16 18:37:00+00:00,97.29000091552734,97.375,97.2699966430664,97.34500122070312,6124
2026-09-16 18:38:00+00:00,97.3499984741211,97.5500030517578,97.3499984741211,97.5500030517578,14712
2026-09-16 18:39:00+00:00,97.55999755859376,97.66999816894533,97.55999755859376,97.63999938964844,16791
2026-09-16 18:40:00+00:00,97.6500015258789,97.6750030517578,97.62000274658205,97.66999816894533,17943
2026-09-16 18:41:00+00:00,97.66999816894533,97.75,97.61499786376952,97.73999786376952,10096
2026-09-16 18:42:00+00:00,97.76000213623048,97.86000061035156,97.76000213623048,97.86000061035156,8439
2026-09-16 18:43:00+00:00,97.87000274658205,97.9800033569336,97.87000274658205,97.94000244140624,10832
2026-09-16 18:44:00+00:00,97.9800033569336,97.9800033569336,97.8000030517578,97.8000030517578,5917
2026-09-16 18:45:00+00:00,97.78500366210938,97.87999725341795,97.7699966430664,97.87999725341795,7030
2026-09-16 18:46:00+00:00,97.87000274658205,97.8949966430664,97.83499908447266,97.8499984741211,4245
2026-09-16 18:47:00+00:00,97.81500244140624,97.81999969482422,97.76000213623048,97.76000213623048,2302
2026-09-16 18:48:00+00:00,97.7300033569336,97.75,97.68499755859376,97.68499755859376,10541
2026-09-16 18:49:00+00:00,97.68000030517578,97.69000244140624,97.63500213623048,97.6449966430664,6193
2026-09-16 18:50:00+00:00,97.6500015258789,97.69499969482422,97.63500213623048,97.63500213623048,9049
2026-09-16 18:51:00+00:00,97.62000274658205,97.62999725341795,97.55500030517578,97.58499908447266,6218
2026-09-16 18:52:00+00:00,97.58000183105467,97.58000183105467,97.38999938964844,97.4000015258789,11426
2026-09-16 18:53:00+00:00,97.3949966430664,97.43499755859376,97.3000030517578,97.3000030517578,4123
2026-09-16 18:54:00+00:00,97.2699966430664,97.29000091552734,97.23999786376952,97.23999786376952,1782
2026-09-16 18:55:00+00:00,97.25,97.30999755859376,97.20500183105467,97.3000030517578,10080
2026-09-16 18:56:00+00:00,97.20999908447266,97.22000122070312,97.11000061035156,97.11000061035156,9549
2026-09-16 18:57:00+00:00,97.0999984741211,97.11000061035156,97.04000091552734,97.06500244140624,11224
2026-09-16 18:58:00+00:00,97.05999755859376,97.08999633789062,97.04000091552734,97.05999755859376,13401
2026-09-16 18:59:00+00:00,97.06999969482422,97.08000183105467,96.93000030517578,96.93000030517578,9842
2026-09-16 19:00:00+00:00,96.93499755859376,97.18000030517578,96.93499755859376,97.16999816894533,16981
2026-09-16 19:01:00+00:00,97.1750030517578,97.2300033569336,97.0999984741211,97.0999984741211,10675
2026-09-16 19:02:00+00:00,97.12999725341795,97.12999725341795,97.06999969482422,97.0999984741211,5352
2026-09-16 19:03:00+00:00,97.12999725341795,97.18000030517578,97.08999633789062,97.16999816894533,5076
2026-09-16 19:04:00+00:00,97.16999816894533,97.20999908447266,97.12000274658205,97.12000274658205,3955
2026-09-16 19:05:00+00:00,97.06999969482422,97.08000183105467,96.94000244140624,96.98999786376952,13635
2026-09-16 19:06:00+00:00,96.98999786376952,97.02999877929688,96.9800033569336,96.9800033569336,6412
2026-09-16 19:07:00+00:00,96.97000122070312,96.97000122070312,96.87000274658205,96.88999938964844,17056
2026-09-16 19:08:00+00:00,96.87999725341795,96.87999725341795,96.7750015258789,96.8000030517578,10448
2026-09-16 19:09:00+00:00,96.76000213623048,96.77999877929688,96.75,96.76000213623048,5847
2026-09-16 19:10:00+00:00,96.76000213623048,96.76000213623048,96.6750030517578,96.68499755859376,14912
2026-09-16 19:11:00+00:00,96.68499755859376,96.68499755859376,96.62000274658205,96.62000274658205,11656
2026-09-16 19:12:00+00:00,96.6500015258789,96.68000030517578,96.61000061035156,96.62000274658205,14174
2026-09-16 19:13:00+00:00,96.62999725341795,96.6500015258789,96.56999969482422,96.56999969482422,4166
2026-09-16 19:14:00+00:00,96.62999725341795,96.69000244140624,96.58999633789062,96.62000274658205,10517
2026-09-16 19:15:00+00:00,96.61499786376952,96.69000244140624,96.56500244140624,96.58000183105467,18942
2026-09-16 19:16:00+00:00,96.5749969482422,96.58000183105467,96.5199966430664,96.5500030517578,18586
2026-09-16 19:17:00+00:00,96.5199966430664,96.54000091552734,96.48999786376952,96.48999786376952,18334
2026-09-16 19:18:00+00:00,96.51000213623048,96.51000213623048,96.4000015258789,96.4000015258789,8135
2026-09-16 19:19:00+00:00,96.4001007080078,96.41000366210938,96.2750015258789,96.36499786376952,30393
2026-09-16 19:20:00+00:00,96.37000274658205,96.43000030517578,96.36499786376952,96.37999725341795,21906
2026-09-16 19:21:00+00:00,96.3499984741211,96.36000061035156,96.3000030517578,96.3499984741211,9376
2026-09-16 19:22:00+00:00,96.3499984741211,96.38999938964844,96.30999755859376,96.30999755859376,24923
2026-09-16 19:23:00+00:00,96.30999755859376,96.33999633789062,96.29499816894533,96.3000030517578,8807
2026-09-16 19:24:00+00:00,96.3000030517578,96.37000274658205,96.28500366210938,96.37000274658205,8636
2026-09-16 19:25:00+00:00,96.37999725341795,96.41999816894533,96.2699966430664,96.2699966430664,21099
2026-09-16 19:26:00+00:00,96.26000213623048,96.29000091552734,96.26000213623048,96.2699966430664,9955
2026-09-16 19:27:00+00:00,96.26000213623048,96.33000183105467,96.2300033569336,96.31999969482422,19427
2026-09-16 19:28:00+00:00,96.30999755859376,96.3550033569336,96.27999877929688,96.27999877929688,7681
2026-09-16 19:29:00+00:00,96.31500244140624,96.4000015258789,96.31500244140624,96.38999938964844,44944
2026-09-16 19:30:00+00:00,96.37999725341795,96.45999908447266,96.37999725341795,96.44000244140624,8146
2026-09-16 19:31:00+00:00,96.46499633789062,96.5199966430664,96.46499633789062,96.48999786376952,8459
2026-09-16 19:32:00+00:00,96.48500061035156,96.56500244140624,96.48500061035156,96.5500030517578,12929
2026-09-16 19:33:00+00:00,96.55999755859376,96.5999984741211,96.51000213623048,96.55999755859376,28828
2026-09-16 19:34:00+00:00,96.5749969482422,96.66000366210938,96.56999969482422,96.66000366210938,7163
2026-09-16 19:35:00+00:00,96.66000366210938,96.68000030517578,96.61000061035156,96.6500015258789,18222
2026-09-16 19:36:00+00:00,96.63999938964844,96.63999938964844,96.5500030517578,96.56999969482422,21079
2026-09-16 19:37:00+00:00,96.55999755859376,96.63999938964844,96.54000091552734,96.63999938964844,26068
2026-09-16 19:38:00+00:00,96.63999938964844,96.66000366210938,96.58000183105467,96.59500122070312,13250
2026-09-16 19:39:00+00:00,96.5999984741211,96.66000366210938,96.5999984741211,96.63999938964844,6599
2026-09-16 19:40:00+00:00,96.66000366210938,96.66999816894533,96.62000274658205,96.62000274658205,13511
2026-09-16 19:41:00+00:00,96.61000061035156,96.66999816894533,96.56999969482422,96.56999969482422,19183
2026-09-16 19:42:00+00:00,96.55999755859376,96.5999984741211,96.52999877929688,96.58000183105467,47894
2026-09-16 19:43:00+00:00,96.58000183105467,96.6001968383789,96.56999969482422,96.5801010131836,35664
2026-09-16 19:44:00+00:00,96.58999633789062,96.5999984741211,96.53500366210938,96.5500030517578,7247
2026-09-16 19:45:00+00:00,96.54000091552734,96.6500015258789,96.54000091552734,96.6500015258789,10599
2026-09-16 19:46:00+00:00,96.6500015258789,96.69000244140624,96.63999938964844,96.66000366210938,15920
2026-09-16 19:47:00+00:00,96.66000366210938,96.70500183105467,96.6500015258789,96.69000244140624,12938
2026-09-16 19:48:00+00:00,96.6999969482422,96.75499725341795,96.69499969482422,96.73500061035156,15121
2026-09-16 19:49:00+00:00,96.75,96.76499938964844,96.73500061035156,96.75499725341795,17171
2026-09-16 19:50:00+00:00,96.76000213623048,96.83499908447266,96.73999786376952,96.8249969482422,25798
2026-09-16 19:51:00+00:00,96.81999969482422,96.87999725341795,96.78500366210938,96.78500366210938,11474
2026-09-16 19:52:00+00:00,96.78500366210938,96.81999969482422,96.7699966430664,96.81999969482422,15018
2026-09-16 19:53:00+00:00,96.81999969482422,96.8499984741211,96.8115005493164,96.81999969482422,11755
2026-09-16 19:54:00+00:00,96.81500244140624,96.91500091552734,96.80999755859376,96.91000366210938,13876
2026-09-16 19:55:00+00:00,96.91000366210938,96.95500183105467,96.88500213623048,96.94000244140624,27300
2026-09-16 19:56:00+00:00,96.93499755859376,96.93699645996094,96.88999938964844,96.9000015258789,11962
2026-09-16 19:57:00+00:00,96.91000366210938,96.97000122070312,96.91000366210938,96.93879699707033,12173
2026-09-16 19:58:00+00:00,96.93000030517578,96.98999786376952,96.91000366210938,96.9800033569336,30416
2026-09-16 19:59:00+00:00,96.98999786376952,97.0199966430664,96.97000122070312,97.0199966430664,88673
2026-09-17 13:30:00+00:00,98.44000244140625,98.47000122070312,98.4000015258789,98.44000244140625,71520
2026-09-17 13:31:00+00:00,98.43499755859375,98.43499755859375,98.36000061035156,98.36000061035156,8013
2026-09-17 13:32:00+00:00,98.29000091552734,98.30000305175781,98.2603988647461,98.2603988647461,4605
2026-09-17 13:33:00+00:00,98.27999877929688,98.28500366210938,98.26000213623047,98.26000213623047,4011
2026-09-17 13:34:00+00:00,98.26000213623047,98.26000213623047,98.2300033569336,98.23999786376953,6336
2026-09-17 13:35:00+00:00,98.25,98.30999755859375,98.25,98.29000091552734,3677
2026-09-17 13:36:00+00:00,98.27999877929688,98.29000091552734,98.24500274658203,98.24500274658203,1542
2026-09-17 13:37:00+00:00,98.25,98.26000213623047,98.2300033569336,98.26000213623047,3247
2026-09-17 13:38:00+00:00,98.23999786376953,98.23999786376953,98.16999816894531,98.19999694824219,7258
2026-09-17 13:39:00+00:00,98.19999694824219,98.19999694824219,98.13999938964844,98.13999938964844,2280
2026-09-17 13:40:00+00:00,98.12999725341797,98.13500213623047,98.0999984741211,98.0999984741211,2568
2026-09-17 13:41:00+00:00,98.11000061035156,98.11000061035156,98.01499938964844,98.04000091552734,7687
2026-09-17 13:42:00+00:00,98.05000305175781,98.05500030517578,98.04499816894531,98.04499816894531,1414
2026-09-17 13:43:00+00:00,98.05999755859375,98.11000061035156,98.05000305175781,98.08999633789062,4072
2026-09-17 13:44:00+00:00,98.0999984741211,98.11000061035156,98.08000183105469,98.08000183105469,1413
2026-09-17 13:45:00+00:00,98.0999984741211,98.17500305175781,98.0999984741211,98.17500305175781,1111
2026-09-17 13:46:00+00:00,98.16999816894531,98.2750015258789,98.16999816894531,98.26499938964844,3476
2026-09-17 13:47:00+00:00,98.2699966430664,98.31999969482422,98.2699966430664,98.31999969482422,3583
2026-09-17 13:48:00+00:00,98.30000305175781,98.30999755859375,98.25,98.2699966430664,1982
2026-09-17 13:49:00+00:00,98.2699966430664,98.33000183105469,98.25,98.33000183105469,1634
2026-09-17 13:50:00+00:00,98.3499984741211,98.37000274658203,98.33000183105469,98.37000274658203,3013
2026-09-17 13:51:00+00:00,98.38500213623047,98.38500213623047,98.31999969482422,98.3593978881836,1624
2026-09-17 13:52:00+00:00,98.36000061035156,98.375,98.3499984741211,98.36000061035156,2948
2026-09-17 13:53:00+00:00,98.34500122070312,98.37999725341797,98.34500122070312,98.37000274658203,2843
2026-09-17 13:54:00+00:00,98.37999725341797,98.37999725341797,98.33999633789062,98.33999633789062,880
2026-09-17 13:55:00+00:00,98.36000061035156,98.36000061035156,98.34500122070312,98.34500122070312,733
2026-09-17 13:56:00+00:00,98.34500122070312,98.36000061035156,98.33499908447266,98.35659790039062,2007
2026-09-17 13:57:00+00:00,98.33999633789062,98.33999633789062,98.31999969482422,98.31999969482422,1122
2026-09-17 13:58:00+00:00,98.29499816894531,98.29499816894531,98.25,98.25,1397
2026-09-17 13:59:00+00:00,98.26000213623047,98.27999877929688,98.26000213623047,98.2750015258789,1719
2026-09-17 14:00:00+00:00,98.29000091552734,98.30000305175781,98.24500274658203,98.26000213623047,6864
2026-09-17 14:01:00+00:00,98.23999786376953,98.23999786376953,98.16500091552734,98.20500183105469,5006
2026-09-17 14:02:00+00:00,98.18000030517578,98.18000030517578,98.1500015258789,98.16999816894531,2629
2026-09-17 14:03:00+00:00,98.15499877929688,98.19999694824219,98.15499877929688,98.19999694824219,5296
2026-09-17 14:04:00+00:00,98.18499755859375,98.19999694824219,98.17500305175781,98.17500305175781,4412
2026-09-17 14:05:00+00:00,98.18000030517578,98.18000030517578,98.125,98.1500015258789,1988
2026-09-17 14:06:00+00:00,98.15499877929688,98.16999816894531,98.15499877929688,98.16500091552734,2321
2026-09-17 14:07:00+00:00,98.17500305175781,98.18000030517578,98.12999725341797,98.12999725341797,2860
2026-09-17 14:08:00+00:00,98.1050033569336,98.12010192871094,98.08499908447266,98.09500122070312,5139
2026-09-17 14:09:00+00:00,98.11000061035156,98.13999938964844,98.11000061035156,98.12000274658203,1688
2026-09-17 14:10:00+00:00,98.12999725341797,98.12999725341797,98.06999969482422,98.06999969482422,1488
2026-09-17 14:11:00+00:00,98.06999969482422,98.12000274658203,98.06999969482422,98.11000061035156,2770
2026-09-17 14:12:00+00:00,98.0999984741211,98.0999984741211,98.08000183105469,98.08000183105469,2481
2026-09-17 14:13:00+00:00,98.06999969482422,98.13999938964844,98.06999969482422,98.13999938964844,2557
2026-09-17 14:14:00+00:00,98.13999938964844,98.19509887695312,98.13999938964844,98.19509887695312,10873
2026-09-17 14:15:00+00:00,98.16999816894531,98.16999816894531,98.11990356445312,98.11990356445312,2519
2026-09-17 14:16:00+00:00,98.12000274658203,98.12999725341797,98.12000274658203,98.12000274658203,2055
2026-09-17 14:17:00+00:00,98.0999984741211,98.11000061035156,98.06999969482422,98.06999969482422,2367
2026-09-17 14:18:00+00:00,98.05999755859375,98.08499908447266,98.05999755859375,98.08499908447266,1560
2026-09-17 14:19:00+00:00,98.08999633789062,98.08999633789062,98.04000091552734,98.05999755859375,4202
2026-09-17 14:20:00+00:00,98.08000183105469,98.08000183105469,98.06500244140625,98.06500244140625,2360
2026-09-17 14:21:00+00:00,98.06999969482422,98.06999969482422,98.03500366210938,98.05500030517578,3494
2026-09-17 14:22:00+00:00,98.04499816894531,98.05500030517578,98.03500366210938,98.05000305175781,3545
2026-09-17 14:23:00+00:00,98.05999755859375,98.05999755859375,98.02999877929688,98.02999877929688,3162
2026-09-17 14:24:00+00:00,98.02999877929688,98.04000091552734,98.0199966430664,98.0199966430664,4018
2026-09-17 14:25:00+00:00,98.0199966430664,98.0199966430664,97.98500061035156,97.99500274658203,13310
2026-09-17 14:26:00+00:00,98.0,98.05509948730469,97.9749984741211,98.05500030517578,22005
2026-09-17 14:27:00+00:00,98.06500244140625,98.06500244140625,98.04000091552734,98.05000305175781,8699
2026-09-17 14:28:00+00:00,98.05000305175781,98.05500030517578,97.95999908447266,97.95999908447266,7796
2026-09-17 14:29:00+00:00,97.97000122070312,97.97000122070312,97.94000244140625,97.94000244140625,1713
2026-09-17 14:30:00+00:00,97.91000366210938,97.94999694824219,97.90499877929688,97.94999694824219,15276
2026-09-17 14:31:00+00:00,97.95500183105469,97.95999908447266,97.94000244140625,97.95500183105469,2026
2026-09-17 14:32:00+00:00,97.95500183105469,97.98999786376953,97.95500183105469,97.98999786376953,1014
2026-09-17 14:33:00+00:00,97.99500274658203,98.01000213623047,97.99500274658203,98.00990295410156,2539
2026-09-17 14:34:00+00:00,98.0199966430664,98.0199966430664,98.0199966430664,98.0199966430664,379
2026-09-17 14:35:00+00:00,98.02999877929688,98.02999877929688,98.0199966430664,98.0250015258789,933
2026-09-17 14:36:00+00:00,98.02999877929688,98.02999877929688,98.00499725341797,98.01000213623047,2707
2026-09-17 14:37:00+00:00,98.0,98.0,97.96499633789062,97.96499633789062,2094
2026-09-17 14:38:00+00:00,97.97000122070312,97.98999786376953,97.97000122070312,97.9800033569336,3547
2026-09-17 14:39:00+00:00,97.94999694824219,97.95500183105469,97.94999694824219,97.95500183105469,1108
2026-09-17 14:40:00+00:00,97.96499633789062,98.02999877929688,97.96499633789062,98.02999877929688,3212
2026-09-17 14:41:00+00:00,98.0250015258789,98.05999755859375,98.0250015258789,98.05500030517578,3912
2026-09-17 14:42:00+00:00,98.05500030517578,98.05999755859375,98.04499816894531,98.05500030517578,1164
2026-09-17 14:43:00+00:00,98.05000305175781,98.07499694824219,98.05000305175781,98.06500244140625,2006
2026-09-17 14:44:00+00:00,98.08438110351562,98.11000061035156,98.08000183105469,98.1050033569336,2126
2026-09-17 14:45:00+00:00,98.0999984741211,98.0999984741211,98.07499694824219,98.09500122070312,2298
2026-09-17 14:46:00+00:00,98.0999984741211,98.0999984741211,98.05500030517578,98.05500030517578,2265
2026-09-17 14:47:00+00:00,98.04499816894531,98.07499694824219,98.04499816894531,98.05000305175781,5311
2026-09-17 14:48:00+00:00,98.06999969482422,98.06999969482422,98.05999755859375,98.05999755859375,7057
2026-09-17 14:49:00+00:00,98.05000305175781,98.05999755859375,98.02999877929688,98.05999755859375,1855
2026-09-17 14:50:00+00:00,98.05000305175781,98.05000305175781,98.01499938964844,98.0199966430664,3502
2026-09-17 14:51:00+00:00,98.02999877929688,98.02999877929688,97.99500274658203,97.99500274658203,2977
2026-09-17 14:52:00+00:00,97.98999786376953,97.98999786376953,97.95500183105469,97.95500183105469,2444
2026-09-17 14:53:00+00:00,97.94499969482422,97.94499969482422,97.91000366210938,97.91000366210938,2317
2026-09-17 14:54:00+00:00,97.9000015258789,97.92500305175781,97.9000015258789,97.91999816894531,1535
2026-09-17 14:55:00+00:00,97.91000366210938,97.91000366210938,97.87999725341797,97.88999938964844,6903
2026-09-17 14:56:00+00:00,97.88500213623047,97.9000015258789,97.87000274658203,97.88999938964844,3919
2026-09-17 14:57:00+00:00,97.87999725341797,97.9000015258789,97.875,97.9000015258789,2486
2026-09-17 14:58:00+00:00,97.9000015258789,97.93499755859375,97.9000015258789,97.93000030517578,1715
2026-09-17 14:59:00+00:00,97.91999816894531,97.91999816894531,97.86000061035156,97.86000061035156,2672
2026-09-17 15:00:00+00:00,97.87000274658203,97.9000015258789,97.87000274658203,97.9000015258789,1822
2026-09-17 15:01:00+00:00,97.91000366210938,97.94000244140625,97.9000015258789,97.93000030517578,2162
2026-09-17 15:02:00+00:00,97.93000030517578,97.95999908447266,97.93000030517578,97.95999908447266,1820
2026-09-17 15:03:00+00:00,97.95500183105469,98.01000213623047,97.95500183105469,98.01000213623047,2648
2026-09-17 15:04:00+00:00,98.01499938964844,98.02999877929688,98.0,98.0,3387
2026-09-17 15:05:00+00:00,97.97000122070312,98.0,97.95999908447266,97.98500061035156,3137
2026-09-17 15:06:00+00:00,97.97000122070312,97.99500274658203,97.97000122070312,97.99500274658203,1537
2026-09-17 15:07:00+00:00,97.98999786376953,98.01000213623047,97.9800033569336,97.99500274658203,2294
2026-09-17 15:08:00+00:00,97.98999786376953,97.98999786376953,97.9800033569336,97.9800033569336,1497
2026-09-17 15:09:00+00:00,97.97000122070312,97.97000122070312,97.94999694824219,97.95999908447266,2851
2026-09-17 15:10:00+00:00,97.9800033569336,97.9800033569336,97.93000030517578,97.94000244140625,6764
2026-09-17 15:11:00+00:00,97.95999908447266,97.9800033569336,97.95999908447266,97.9800033569336,1185
2026-09-17 15:12:00+00:00,97.97000122070312,97.98999786376953,97.95999908447266,97.95999908447266,2103
2026-09-17 15:13:00+00:00,97.97000122070312,97.98500061035156,97.95500183105469,97.98500061035156,1496
2026-09-17 15:14:00+00:00,97.98999786376953,98.0,97.98999786376953,98.0,1039
2026-09-17 15:15:00+00:00,98.0199966430664,98.0199966430664,97.98999786376953,98.00499725341797,1943
2026-09-17 15:16:00+00:00,97.99500274658203,98.0250015258789,97.98999786376953,98.0250015258789,25457
2026-09-17 15:17:00+00:00,98.02999877929688,98.02999877929688,97.98999786376953,98.0,3697
2026-09-17 15:18:00+00:00,98.0199966430664,98.0199966430664,98.01499938964844,98.01499938964844,1055
2026-09-17 15:19:00+00:00,98.0199966430664,98.0199966430664,97.99019622802734,98.0,2193
2026-09-17 15:20:00+00:00,97.98999786376953,97.98999786376953,97.9551010131836,97.9551010131836,3314
2026-09-17 15:21:00+00:00,97.95999908447266,97.96499633789062,97.93000030517578,97.94499969482422,7986
2026-09-17 15:22:00+00:00,97.94000244140625,97.94999694824219,97.93000030517578,97.94000244140625,3599
2026-09-17 15:23:00+00:00,97.93000030517578,97.95099639892578,97.92500305175781,97.94499969482422,1141
2026-09-17 15:24:00+00:00,97.93000030517578,97.93000030517578,97.91000366210938,97.91000366210938,1812
2026-09-17 15:25:00+00:00,97.93000030517578,97.98999786376953,97.93000030517578,97.97000122070312,2847
2026-09-17 15:26:00+00:00,97.97000122070312,97.97000122070312,97.95999908447266,97.97000122070312,1381
2026-09-17 15:27:00+00:00,97.94999694824219,97.95500183105469,97.94000244140625,97.94000244140625,1624
2026-09-17 15:28:00+00:00,97.93499755859375,97.95500183105469,97.93499755859375,97.94999694824219,8755
2026-09-17 15:29:00+00:00,97.9800033569336,97.98500061035156,97.93499755859375,97.94000244140625,6449
2026-09-17 15:30:00+00:00,97.94000244140625,97.95999908447266,97.94000244140625,97.94000244140625,6870
2026-09-17 15:31:00+00:00,97.94000244140625,97.94000244140625,97.91999816894531,97.91999816894531,10383
2026-09-17 15:32:00+00:00,97.91999816894531,97.93000030517578,97.90499877929688,97.91999816894531,14307
2026-09-17 15:33:00+00:00,97.91999816894531,97.93000030517578,97.91500091552734,97.93000030517578,10005
2026-09-17 15:34:00+00:00,97.91999816894531,97.97000122070312,97.91999816894531,97.95999908447266,8559
2026-09-17 15:35:00+00:00,97.95999908447266,97.99009704589844,97.94999694824219,97.97000122070312,7951
2026-09-17 15:36:00+00:00,97.97000122070312,97.97000122070312,97.94000244140625,97.94000244140625,12041
2026-09-17 15:37:00+00:00,97.94000244140625,97.9800033569336,97.94000244140625,97.9800033569336,6972
2026-09-17 15:38:00+00:00,97.9708023071289,97.9800033569336,97.94999694824219,97.94999694824219,6894
2026-09-17 15:39:00+00:00,97.95999908447266,97.97000122070312,97.95999908447266,97.95999908447266,4622
2026-09-17 15:40:00+00:00,97.98500061035156,98.01000213623047,97.9800033569336,98.01000213623047,4000
2026-09-17 15:41:00+00:00,98.0199966430664,98.0199966430664,97.99500274658203,98.0,4187
2026-09-17 15:42:00+00:00,98.01000213623047,98.01000213623047,98.0,98.00749969482422,14081
2026-09-17 15:43:00+00:00,98.01000213623047,98.01000213623047,97.9800033569336,97.9800033569336,8253
2026-09-17 15:44:00+00:00,97.9800033569336,98.01000213623047,97.9800033569336,97.98500061035156,27733
2026-09-17 15:45:00+00:00,97.9800033569336,97.9800033569336,97.95999908447266,97.96499633789062,9595
2026-09-17 15:46:00+00:00,97.96499633789062,97.98500061035156,97.95999908447266,97.98500061035156,30407
2026-09-17 15:47:00+00:00,97.9800033569336,97.9800033569336,97.91999816894531,97.91999816894531,4867
2026-09-17 15:48:00+00:00,97.91000366210938,97.94999694824219,97.91000366210938,97.94000244140625,24342
2026-09-17 15:49:00+00:00,97.94000244140625,97.95500183105469,97.93000030517578,97.94000244140625,17411
2026-09-17 15:50:00+00:00,97.94999694824219,97.95999908447266,97.93000030517578,97.93000030517578,10202
2026-09-17 15:51:00+00:00,97.93499755859375,97.94499969482422,97.93499755859375,97.94499969482422,8935
2026-09-17 15:52:00+00:00,97.94999694824219,97.9800033569336,97.94999694824219,97.9800033569336,1240
2026-09-17 15:53:00+00:00,97.97000122070312,97.98999786376953,97.96499633789062,97.9800033569336,18051
2026-09-17 15:54:00+00:00,97.9800033569336,97.98999786376953,97.9800033569336,97.98999786376953,1504
2026-09-17 15:55:00+00:00,98.0,98.0,97.98999786376953,97.98999786376953,1362
2026-09-17 15:56:00+00:00,97.98999786376953,98.01000213623047,97.9800033569336,98.00499725341797,11129
2026-09-17 15:57:00+00:00,98.00499725341797,98.018798828125,98.00499725341797,98.01499938964844,17583
2026-09-17 15:58:00+00:00,98.01499938964844,98.05999755859375,98.01499938964844,98.05999755859375,16141
2026-09-17 15:59:00+00:00,98.05999755859375,98.06999969482422,98.05500030517578,98.06999969482422,10701
2026-09-17 16:00:00+00:00,98.08000183105469,98.0999984741211,98.06999969482422,98.0999984741211,1830
2026-09-17 16:01:00+00:00,98.0999984741211,98.0999984741211,98.05999755859375,98.05999755859375,3712
2026-09-17 16:02:00+00:00,98.05999755859375,98.05999755859375,98.03500366210938,98.04000091552734,2727
2026-09-17 16:03:00+00:00,98.04000091552734,98.04000091552734,98.0199966430664,98.0199966430664,501
2026-09-17 16:04:00+00:00,98.02999877929688,98.02999877929688,98.0199966430664,98.0199966430664,1066
2026-09-17 16:05:00+00:00,98.00499725341797,98.01000213623047,97.99500274658203,98.0,1661
2026-09-17 16:06:00+00:00,97.99500274658203,98.0,97.9800033569336,97.9800033569336,1436
2026-09-17 16:07:00+00:00,97.97000122070312,97.97000122070312,97.94999694824219,97.956298828125,3068
2026-09-17 16:08:00+00:00,97.95500183105469,97.95999908447266,97.94999694824219,97.94999694824219,4869
2026-09-17 16:09:00+00:00,97.9800033569336,98.0,97.9800033569336,98.0,2953
2026-09-17 16:10:00+00:00,98.00499725341797,98.00499725341797,97.9800033569336,97.9800033569336,7364
2026-09-17 16:11:00+00:00,97.97000122070312,97.97000122070312,97.95999908447266,97.95999908447266,1647
2026-09-17 16:12:00+00:00,97.95999908447266,97.95999908447266,97.94499969482422,97.95999908447266,3913
2026-09-17 16:13:00+00:00,97.95999908447266,97.9800033569336,97.95999908447266,97.9800033569336,1643
2026-09-17 16:14:00+00:00,97.97000122070312,97.97000122070312,97.97000122070312,97.97000122070312,1353
2026-09-17 16:15:00+00:00,97.95999908447266,97.97000122070312,97.95500183105469,97.97000122070312,24622
2026-09-17 16:16:00+00:00,97.95999908447266,97.95999908447266,97.94999694824219,97.94999694824219,1609
2026-09-17 16:17:00+00:00,97.95500183105469,97.95999908447266,97.94000244140625,97.94499969482422,18204
2026-09-17 16:18:00+00:00,97.95010375976562,97.98500061035156,97.94509887695312,97.9800033569336,5111
2026-09-17 16:19:00+00:00,97.9800033569336,97.9800033569336,97.95500183105469,97.95500183105469,2118
2026-09-17 16:20:00+00:00,97.9800033569336,97.9800033569336,97.97000122070312,97.97019958496094,2911
2026-09-17 16:22:00+00:00,97.97000122070312,97.9749984741211,97.95500183105469,97.95999908447266,6893
2026-09-17 16:23:00+00:00,97.94999694824219,97.96009826660156,97.94999694824219,97.96009826660156,5562
2026-09-17 16:24:00+00:00,97.95999908447266,97.95999908447266,97.94999694824219,97.94999694824219,16479
2026-09-17 16:25:00+00:00,97.94000244140625,97.94499969482422,97.94000244140625,97.94000244140625,7037
2026-09-17 16:26:00+00:00,97.94499969482422,97.94999694824219,97.93499755859375,97.94499969482422,4722
2026-09-17 16:27:00+00:00,97.94499969482422,97.94999694824219,97.93000030517578,97.93000030517578,5218
2026-09-17 16:28:00+00:00,97.92500305175781,97.92500305175781,97.91500091552734,97.91500091552734,9871
2026-09-17 16:29:00+00:00,97.91999816894531,97.94000244140625,97.91999816894531,97.94000244140625,15932
2026-09-17 16:30:00+00:00,97.94000244140625,97.94000244140625,97.92500305175781,97.93499755859375,7579
2026-09-17 16:31:00+00:00,97.93499755859375,97.93499755859375,97.875,97.875,11448
2026-09-17 16:32:00+00:00,97.87000274658203,97.88999938964844,97.87000274658203,97.87999725341797,16280
2026-09-17 16:33:00+00:00,97.875,97.875,97.86000061035156,97.86000061035156,1704
2026-09-17 16:34:00+00:00,97.83999633789062,97.86000061035156,97.83999633789062,97.8550033569336,1339
2026-09-17 16:35:00+00:00,97.86000061035156,97.87999725341797,97.8499984741211,97.87999725341797,5059
2026-09-17 16:36:00+00:00,97.90499877929688,97.91000366210938,97.9000015258789,97.90499877929688,3797
2026-09-17 16:37:00+00:00,97.91510009765625,97.91999816894531,97.9000015258789,97.91000366210938,20674
2026-09-17 16:38:00+00:00,97.91000366210938,97.91000366210938,97.9000015258789,97.9000015258789,10113
2026-09-17 16:39:00+00:00,97.9000015258789,97.91000366210938,97.9000015258789,97.91000366210938,3346
2026-09-17 16:40:00+00:00,97.91000366210938,97.91500091552734,97.90499877929688,97.91500091552734,6188
2026-09-17 16:41:00+00:00,97.91999816894531,97.91999816894531,97.91459655761719,97.91500091552734,1771
2026-09-17 16:42:00+00:00,97.9000015258789,97.9000015258789,97.8949966430664,97.9000015258789,1247
2026-09-17 16:43:00+00:00,97.91000366210938,97.91999816894531,97.91000366210938,97.91999816894531,5557
2026-09-17 16:44:00+00:00,97.93000030517578,97.93000030517578,97.92500305175781,97.92500305175781,740
2026-09-17 16:45:00+00:00,97.93000030517578,97.93000030517578,97.92500305175781,97.92500305175781,2071
2026-09-17 16:46:00+00:00,97.92500305175781,97.93000030517578,97.91999816894531,97.93000030517578,16944
2026-09-17 16:47:00+00:00,97.93000030517578,97.93000030517578,97.91000366210938,97.91000366210938,19585
2026-09-17 16:48:00+00:00,97.91500091552734,97.91500091552734,97.8949966430664,97.90499877929688,15069
2026-09-17 16:49:00+00:00,97.9000015258789,97.9000015258789,97.8949966430664,97.89759826660156,4387
2026-09-17 16:50:00+00:00,97.88999938964844,97.88999938964844,97.875,97.875,1608
2026-09-17 16:51:00+00:00,97.87000274658203,97.87000274658203,97.87000274658203,97.87000274658203,2008
2026-09-17 16:52:00+00:00,97.87999725341797,97.87999725341797,97.87999725341797,97.87999725341797,318
2026-09-17 16:53:00+00:00,97.88999938964844,97.88999938964844,97.88999938964844,97.88999938964844,623
2026-09-17 16:54:00+00:00,97.88500213623047,97.88500213623047,97.87999725341797,97.87999725341797,1488
2026-09-17 16:55:00+00:00,97.87000274658203,97.87000274658203,97.7699966430664,97.77999877929688,33319
2026-09-17 16:56:00+00:00,97.77999877929688,97.79000091552734,97.75,97.76499938964844,2115
2026-09-17 16:57:00+00:00,97.7699966430664,97.80999755859375,97.74500274658203,97.80999755859375,2984
2026-09-17 16:58:00+00:00,97.83000183105469,97.8499984741211,97.83000183105469,97.83999633789062,4540
2026-09-17 16:59:00+00:00,97.8499984741211,97.87000274658203,97.8499984741211,97.87000274658203,1309
2026-09-17 17:00:00+00:00,97.87000274658203,97.88999938964844,97.87000274658203,97.88999938964844,2609
2026-09-17 17:01:00+00:00,97.88999938964844,97.9000015258789,97.88999938964844,97.9000015258789,1157
2026-09-17 17:02:00+00:00,97.89949798583984,97.89949798583984,97.88999938964844,97.88999938964844,1350
2026-09-17 17:03:00+00:00,97.86000061035156,97.86100006103516,97.83999633789062,97.86100006103516,3017
2026-09-17 17:04:00+00:00,97.87000274658203,97.9000015258789,97.87000274658203,97.9000015258789,3567
2026-09-17 17:05:00+00:00,97.8949966430664,97.9000015258789,97.8949966430664,97.9000015258789,1005
2026-09-17 17:06:00+00:00,97.91999816894531,97.92009735107422,97.91999816894531,97.91999816894531,1431
2026-09-17 17:08:00+00:00,97.91999816894531,97.93000030517578,97.91999816894531,97.91999816894531,1824
2026-09-17 17:09:00+00:00,97.9000015258789,97.90499877929688,97.8949966430664,97.8949966430664,2159
2026-09-17 17:10:00+00:00,97.8949966430664,97.8949966430664,97.86499786376953,97.86499786376953,2883
2026-09-17 17:11:00+00:00,97.88500213623047,97.88500213623047,97.88500213623047,97.88500213623047,353
2026-09-17 17:12:00+00:00,97.875,97.875,97.86000061035156,97.86000061035156,6510
2026-09-17 17:13:00+00:00,97.87000274658203,97.88999938964844,97.87000274658203,97.87999725341797,13624
2026-09-17 17:14:00+00:00,97.88999938964844,97.88999938964844,97.87000274658203,97.87000274658203,787
2026-09-17 17:15:00+00:00,97.875,97.88999938964844,97.875,97.87999725341797,11151
2026-09-17 17:16:00+00:00,97.88500213623047,97.88999938964844,97.87999725341797,97.88999938964844,3820
2026-09-17 17:17:00+00:00,97.89070129394531,97.89070129394531,97.87000274658203,97.87000274658203,3042
2026-09-17 17:18:00+00:00,97.87000274658203,97.87000274658203,97.86000061035156,97.87000274658203,4821
2026-09-17 17:19:00+00:00,97.87000274658203,97.87999725341797,97.87000274658203,97.87999725341797,583
2026-09-17 17:20:00+00:00,97.87999725341797,97.87999725341797,97.87000274658203,97.87000274658203,765
2026-09-17 17:21:00+00:00,97.86499786376953,97.86499786376953,97.86499786376953,97.86499786376953,291
2026-09-17 17:22:00+00:00,97.87000274658203,97.88500213623047,97.87000274658203,97.88500213623047,1908
2026-09-17 17:23:00+00:00,97.88999938964844,97.88999938964844,97.87999725341797,97.87999725341797,5369
2026-09-17 17:24:00+00:00,97.8550033569336,97.86000061035156,97.8550033569336,97.86000061035156,536
2026-09-17 17:25:00+00:00,97.86000061035156,97.87000274658203,97.8550033569336,97.8550033569336,1477
2026-09-17 17:27:00+00:00,97.87000274658203,97.87000274658203,97.86499786376953,97.87000274658203,11088
2026-09-17 17:28:00+00:00,97.875,97.875,97.875,97.875,1183
2026-09-17 17:29:00+00:00,97.875,97.88500213623047,97.875,97.87999725341797,9084
2026-09-17 17:30:00+00:00,97.87000274658203,97.87999725341797,97.87000274658203,97.87999725341797,1391
2026-09-17 17:31:00+00:00,97.875,97.88999938964844,97.875,97.88999938964844,1375
2026-09-17 17:32:00+00:00,97.87000274658203,97.87999725341797,97.86499786376953,97.86509704589844,4397
2026-09-17 17:33:00+00:00,97.86499786376953,97.87000274658203,97.86499786376953,97.86499786376953,2680
2026-09-17 17:34:00+00:00,97.86499786376953,97.87999725341797,97.86499786376953,97.87999725341797,912
2026-09-17 17:35:00+00:00,97.88500213623047,97.88999938964844,97.88500213623047,97.88999938964844,2072
2026-09-17 17:36:00+00:00,97.88999938964844,97.88999938964844,97.875,97.88500213623047,8566
2026-09-17 17:37:00+00:00,97.8949966430664,97.8949966430664,97.875,97.87999725341797,33302
2026-09-17 17:38:00+00:00,97.88500213623047,97.9000015258789,97.87999725341797,97.9000015258789,9941
2026-09-17 17:39:00+00:00,97.88999938964844,97.88999938964844,97.87999725341797,97.87999725341797,4053
2026-09-17 17:40:00+00:00,97.87999725341797,97.9000015258789,97.87999725341797,97.9000015258789,4166
2026-09-17 17:41:00+00:00,97.9000015258789,97.9000015258789,97.9000015258789,97.9000015258789,493
2026-09-17 17:42:00+00:00,97.9000015258789,97.9000015258789,97.87999725341797,97.87999725341797,14732
2026-09-17 17:43:00+00:00,97.88999938964844,97.88999938964844,97.87999725341797,97.87999725341797,7965
2026-09-17 17:44:00+00:00,97.875,97.88500213623047,97.875,97.87999725341797,3358
2026-09-17 17:45:00+00:00,97.88999938964844,97.88999938964844,97.88999938964844,97.88999938964844,1540
2026-09-17 17:46:00+00:00,97.88999938964844,97.88999938964844,97.88500213623047,97.88500213623047,2092
2026-09-17 17:47:00+00:00,97.88999938964844,97.88999938964844,97.88999938964844,97.88999938964844,265
2026-09-17 17:48:00+00:00,97.88099670410156,97.88999938964844,97.88099670410156,97.88999938964844,2460
2026-09-17 17:49:00+00:00,97.88500213623047,97.88500213623047,97.87999725341797,97.87999725341797,1495
2026-09-17 17:50:00+00:00,97.87999725341797,97.87999725341797,97.86000061035156,97.86000061035156,6434
2026-09-17 17:51:00+00:00,97.8572998046875,97.86000061035156,97.8550033569336,97.86000061035156,1383
2026-09-17 17:52:00+00:00,97.86000061035156,97.86000061035156,97.8499984741211,97.8550033569336,6950
2026-09-17 17:53:00+00:00,97.8499984741211,97.8499984741211,97.84500122070312,97.8499984741211,6242
2026-09-17 17:54:00+00:00,97.86000061035156,97.86000061035156,97.8499984741211,97.86000061035156,4659
2026-09-17 17:55:00+00:00,97.8550033569336,97.87000274658203,97.8550033569336,97.87000274658203,22241
2026-09-17 17:56:00+00:00,97.87000274658203,97.875,97.86499786376953,97.86499786376953,7685
2026-09-17 17:57:00+00:00,97.87000274658203,97.875,97.87000274658203,97.875,30350
2026-09-17 17:58:00+00:00,97.875,97.88500213623047,97.875,97.88500213623047,3388
2026-09-17 17:59:00+00:00,97.87999725341797,97.88999938964844,97.875,97.88999938964844,23772
2026-09-17 18:00:00+00:00,97.88500213623047,97.8949966430664,97.88500213623047,97.88500213623047,2137
2026-09-17 18:01:00+00:00,97.88500213623047,97.88500213623047,97.86499786376953,97.87000274658203,7178
2026-09-17 18:02:00+00:00,97.87000274658203,97.87000274658203,97.86499786376953,97.86499786376953,2569
2026-09-17 18:03:00+00:00,97.86000061035156,97.87000274658203,97.86000061035156,97.87000274658203,11203
2026-09-17 18:04:00+00:00,97.87999725341797,97.88610076904297,97.87999725341797,97.88610076904297,830
2026-09-17 18:05:00+00:00,97.8895034790039,97.9000015258789,97.88500213623047,97.9000015258789,1523
2026-09-17 18:06:00+00:00,97.88749694824219,97.88999938964844,97.87000274658203,97.875,2496
2026-09-17 18:07:00+00:00,97.87999725341797,97.87999725341797,97.8550033569336,97.86000061035156,3632
2026-09-17 18:08:00+00:00,97.86000061035156,97.86000061035156,97.8499984741211,97.8499984741211,1147
2026-09-17 18:09:00+00:00,97.86499786376953,97.86499786376953,97.84500122070312,97.8499984741211,9124
2026-09-17 18:10:00+00:00,97.8499984741211,97.8499984741211,97.84500122070312,97.8499984741211,8724
2026-09-17 18:11:00+00:00,97.86000061035156,97.875,97.86000061035156,97.87000274658203,5592
2026-09-17 18:12:00+00:00,97.87000274658203,97.9000015258789,97.87000274658203,97.9000015258789,16867
2026-09-17 18:13:00+00:00,97.91999816894531,97.92500305175781,97.91999816894531,97.92500305175781,895
2026-09-17 18:14:00+00:00,97.93000030517578,97.93000030517578,97.93000030517578,97.93000030517578,775
2026-09-17 18:15:00+00:00,97.93000030517578,97.93000030517578,97.92500305175781,97.93000030517578,976
2026-09-17 18:16:00+00:00,97.93499755859375,97.93499755859375,97.91500091552734,97.91500091552734,6429
2026-09-17 18:17:00+00:00,97.91500091552734,97.91500091552734,97.91000366210938,97.91000366210938,2845
2026-09-17 18:18:00+00:00,97.9000015258789,97.9000015258789,97.8949966430664,97.9000015258789,17305
2026-09-17 18:19:00+00:00,97.91000366210938,97.91500091552734,97.90499877929688,97.91500091552734,1332
2026-09-17 18:20:00+00:00,97.91999816894531,97.92500305175781,97.91999816894531,97.91999816894531,1476
2026-09-17 18:21:00+00:00,97.91000366210938,97.91000366210938,97.87999725341797,97.87999725341797,4241
2026-09-17 18:22:00+00:00,97.875,97.875,97.87000274658203,97.87000274658203,6879
2026-09-17 18:23:00+00:00,97.875,97.875,97.875,97.875,759
2026-09-17 18:24:00+00:00,97.875,97.875,97.87000274658203,97.87000274658203,1250
2026-09-17 18:25:00+00:00,97.87000274658203,97.87000274658203,97.87000274658203,97.87000274658203,1020
2026-09-17 18:26:00+00:00,97.87999725341797,97.87999725341797,97.87999725341797,97.87999725341797,644
2026-09-17 18:27:00+00:00,97.88999938964844,97.88999938964844,97.88970184326172,97.88970184326172,1239
2026-09-17 18:28:00+00:00,97.87999725341797,97.87999725341797,97.875,97.87999725341797,1931
2026-09-17 18:29:00+00:00,97.87999725341797,97.88020324707031,97.875,97.87999725341797,4654
2026-09-17 18:30:00+00:00,97.87999725341797,97.8949966430664,97.87999725341797,97.88999938964844,1519
2026-09-17 18:31:00+00:00,97.87999725341797,97.87999725341797,97.87000274658203,97.87000274658203,4297
2026-09-17 18:32:00+00:00,97.87000274658203,97.87000274658203,97.8550033569336,97.86499786376953,17468
2026-09-17 18:33:00+00:00,97.86499786376953,97.87999725341797,97.86499786376953,97.86499786376953,6028
2026-09-17 18:34:00+00:00,97.87000274658203,97.87000274658203,97.86499786376953,97.86499786376953,3777
2026-09-17 18:35:00+00:00,97.87000274658203,97.87000274658203,97.86399841308594,97.87000274658203,2454
2026-09-17 18:36:00+00:00,97.86499786376953,97.86499786376953,97.82499694824219,97.83999633789062,17302
2026-09-17 18:37:00+00:00,97.82499694824219,97.83000183105469,97.81999969482422,97.81999969482422,6170
2026-09-17 18:38:00+00:00,97.81999969482422,97.81999969482422,97.79000091552734,97.80999755859375,34793
2026-09-17 18:39:00+00:00,97.81999969482422,97.82499694824219,97.80500030517578,97.81999969482422,15333
2026-09-17 18:40:00+00:00,97.80999755859375,97.83000183105469,97.80999755859375,97.83000183105469,1455
2026-09-17 18:41:00+00:00,97.83000183105469,97.83999633789062,97.83000183105469,97.83779907226562,2173
2026-09-17 18:42:00+00:00,97.83499908447266,97.84500122070312,97.83499908447266,97.83999633789062,1123
2026-09-17 18:43:00+00:00,97.84500122070312,97.8499984741211,97.83999633789062,97.8499984741211,818
2026-09-17 18:44:00+00:00,97.8499984741211,97.87000274658203,97.84500122070312,97.87000274658203,12027
2026-09-17 18:45:00+00:00,97.87000274658203,97.87999725341797,97.87000274658203,97.87999725341797,3183
2026-09-17 18:46:00+00:00,97.87000274658203,97.87999725341797,97.87000274658203,97.87999725341797,1095
2026-09-17 18:47:00+00:00,97.875,97.875,97.875,97.875,524
2026-09-17 18:48:00+00:00,97.875,97.90499877929688,97.875,97.9000015258789,5688
2026-09-17 18:49:00+00:00,97.9000015258789,97.91500091552734,97.9000015258789,97.90499877929688,3518
2026-09-17 18:50:00+00:00,97.9000015258789,97.9000015258789,97.8949966430664,97.8949966430664,852
2026-09-17 18:51:00+00:00,97.8949966430664,97.9000015258789,97.88500213623047,97.9000015258789,3063
2026-09-17 18:52:00+00:00,97.88999938964844,97.88999938964844,97.87999725341797,97.87999725341797,1873
2026-09-17 18:53:00+00:00,97.86499786376953,97.87000274658203,97.86499786376953,97.87000274658203,2144
2026-09-17 18:54:00+00:00,97.87000274658203,97.87999725341797,97.87000274658203,97.87999725341797,2198
2026-09-17 18:55:00+00:00,97.88500213623047,97.88999938964844,97.87000274658203,97.87000274658203,17688
2026-09-17 18:56:00+00:00,97.875,97.875,97.8550033569336,97.8550033569336,1614
2026-09-17 18:57:00+00:00,97.86000061035156,97.87999725341797,97.86000061035156,97.87999725341797,2116
2026-09-17 18:58:00+00:00,97.875,97.87999725341797,97.875,97.87999725341797,822
2026-09-17 18:59:00+00:00,97.87999725341797,97.87999725341797,97.87999725341797,97.87999725341797,1659
2026-09-17 19:00:00+00:00,97.87999725341797,97.91500091552734,97.875,97.91500091552734,4881
2026-09-17 19:01:00+00:00,97.91500091552734,97.91500091552734,97.90499877929688,97.90499877929688,4339
2026-09-17 19:02:00+00:00,97.9000015258789,97.9000015258789,97.89820098876953,97.9000015258789,1206
2026-09-17 19:03:00+00:00,97.9000015258789,97.91000366210938,97.9000015258789,97.91000366210938,1494
2026-09-17 19:04:00+00:00,97.91500091552734,97.93000030517578,97.91500091552734,97.93000030517578,1517
2026-09-17 19:05:00+00:00,97.91999816894531,97.93499755859375,97.91000366210938,97.93499755859375,10728
2026-09-17 19:06:00+00:00,97.93499755859375,97.95500183105469,97.93499755859375,97.95500183105469,4264
2026-09-17 19:07:00+00:00,97.95500183105469,97.96499633789062,97.94499969482422,97.95010375976562,3523
2026-09-17 19:08:00+00:00,97.95999908447266,97.96499633789062,97.95999908447266,97.95999908447266,1055
2026-09-17 19:09:00+00:00,97.95500183105469,97.95999908447266,97.95500183105469,97.95500183105469,1186
2026-09-17 19:10:00+00:00,97.95500183105469,97.95500183105469,97.94999694824219,97.95500183105469,1918
2026-09-17 19:11:00+00:00,97.94999694824219,97.95999908447266,97.94499969482422,97.95500183105469,10767
2026-09-17 19:12:00+00:00,97.94999694824219,97.95999908447266,97.94499969482422,97.95999908447266,4238
2026-09-17 19:13:00+00:00,97.95999908447266,97.95999908447266,97.95999908447266,97.95999908447266,955
2026-09-17 19:14:00+00:00,97.94999694824219,97.94999694824219,97.93000030517578,97.93000030517578,3864
2026-09-17 19:15:00+00:00,97.93499755859375,97.94499969482422,97.93000030517578,97.93000030517578,8304
2026-09-17 19:16:00+00:00,97.94000244140625,97.94000244140625,97.91500091552734,97.92040252685547,3893
2026-09-17 19:17:00+00:00,97.91999816894531,97.91999816894531,97.91000366210938,97.9103012084961,1364
2026-09-17 19:18:00+00:00,97.91000366210938,97.93499755859375,97.91000366210938,97.93499755859375,1206
2026-09-17 19:19:00+00:00,97.94000244140625,97.94000244140625,97.93499755859375,97.93499755859375,382
2026-09-17 19:20:00+00:00,97.94010162353516,97.94999694824219,97.94010162353516,97.94989776611328,2436
2026-09-17 19:21:00+00:00,97.94999694824219,97.94999694824219,97.93499755859375,97.94000244140625,5748
2026-09-17 19:22:00+00:00,97.94000244140625,97.94000244140625,97.93000030517578,97.93000030517578,1485
2026-09-17 19:23:00+00:00,97.93000030517578,97.93000030517578,97.91999816894531,97.91999816894531,1264
2026-09-17 19:24:00+00:00,97.91999816894531,97.91999816894531,97.91000366210938,97.91000366210938,1252
2026-09-17 19:26:00+00:00,97.91500091552734,97.91999816894531,97.91000366210938,97.91000366210938,2073
2026-09-17 19:27:00+00:00,97.9000015258789,97.90499877929688,97.87999725341797,97.87999725341797,29625
2026-09-17 19:28:00+00:00,97.87999725341797,97.9000015258789,97.87000274658203,97.88999938964844,31039
2026-09-17 19:29:00+00:00,97.88999938964844,97.88999938964844,97.88500213623047,97.88999938964844,4936
2026-09-17 19:30:00+00:00,97.88500213623047,97.91999816894531,97.88500213623047,97.91999816894531,7896
2026-09-17 19:31:00+00:00,97.91999816894531,97.94000244140625,97.91500091552734,97.93499755859375,4316
2026-09-17 19:32:00+00:00,97.94000244140625,97.94000244140625,97.93000030517578,97.93000030517578,7697
2026-09-17 19:33:00+00:00,97.91999816894531,97.91999816894531,97.9000015258789,97.91000366210938,10982
2026-09-17 19:34:00+00:00,97.91000366210938,97.91999816894531,97.90499877929688,97.91999816894531,3201
2026-09-17 19:35:00+00:00,97.91500091552734,97.92500305175781,97.91500091552734,97.91709899902344,20858
2026-09-17 19:36:00+00:00,97.91999816894531,97.93000030517578,97.91500091552734,97.92500305175781,23304
2026-09-17 19:37:00+00:00,97.92500305175781,97.93000030517578,97.91999816894531,97.93000030517578,7020
2026-09-17 19:38:00+00:00,97.93499755859375,97.94000244140625,97.92500305175781,97.92500305175781,41724
2026-09-17 19:39:00+00:00,97.91999816894531,97.92500305175781,97.91500091552734,97.92500305175781,27173
2026-09-17 19:40:00+00:00,97.91999816894531,97.92500305175781,97.8949966430664,97.8949966430664,8506
2026-09-17 19:41:00+00:00,97.89099884033203,97.89099884033203,97.87100219726562,97.875,4636
2026-09-17 19:42:00+00:00,97.87000274658203,97.8949966430664,97.87000274658203,97.88999938964844,5408
2026-09-17 19:43:00+00:00,97.9000015258789,97.90499877929688,97.8949966430664,97.9000015258789,12782
2026-09-17 19:44:00+00:00,97.8949966430664,97.9000015258789,97.88500213623047,97.9000015258789,17999
2026-09-17 19:45:00+00:00,97.8949966430664,97.8949966430664,97.87999725341797,97.88999938964844,26511
2026-09-17 19:46:00+00:00,97.88500213623047,97.88999938964844,97.87000274658203,97.87000274658203,5466
2026-09-17 19:47:00+00:00,97.875,97.88500213623047,97.875,97.88500213623047,1376
2026-09-17 19:48:00+00:00,97.87999725341797,97.88999938964844,97.86000061035156,97.88500213623047,5367
2026-09-17 19:49:00+00:00,97.8949966430664,97.8949966430664,97.88500213623047,97.88999938964844,1776
2026-09-17 19:50:00+00:00,97.88999938964844,97.91500091552734,97.88500213623047,97.91000366210938,11993
2026-09-17 19:51:00+00:00,97.91500091552734,97.93499755859375,97.91500091552734,97.93000030517578,9006
2026-09-17 19:52:00+00:00,97.93000030517578,97.93000030517578,97.90499877929688,97.91000366210938,3757
2026-09-17 19:53:00+00:00,97.91500091552734,97.9749984741211,97.91500091552734,97.97000122070312,20216
2026-09-17 19:54:00+00:00,97.96499633789062,97.96499633789062,97.93000030517578,97.94000244140625,17971
2026-09-17 19:55:00+00:00,97.93000030517578,97.9749984741211,97.93000030517578,97.94999694824219,36746
2026-09-17 19:56:00+00:00,97.94999694824219,97.96499633789062,97.94999694824219,97.95500183105469,16786
2026-09-17 19:57:00+00:00,97.95999908447266,97.95999908447266,97.93499755859375,97.93499755859375,15432
2026-09-17 19:58:00+00:00,97.93499755859375,97.94999694824219,97.92500305175781,97.93499755859375,52624
2026-09-17 19:59:00+00:00,97.93499755859375,97.95999908447266,97.91000366210938,97.91999816894531,89210
2026-09-18 13:30:00+00:00,96.69000244140625,96.80000305175781,96.6449966430664,96.80000305175781,67052
2026-09-18 13:31:00+00:00,96.7699966430664,96.7699966430664,96.7300033569336,96.7300033569336,5821
2026-09-18 13:32:00+00:00,96.70999908447266,96.70999908447266,96.62999725341797,96.68000030517578,22703
2026-09-18 13:33:00+00:00,96.69000244140625,96.70999908447266,96.66000366210938,96.69999694824219,8434
2026-09-18 13:34:00+00:00,96.69000244140625,96.69000244140625,96.56999969482422,96.59500122070312,12774
2026-09-18 13:35:00+00:00,96.58000183105469,96.58499908447266,96.54000091552734,96.54010009765625,7600
2026-09-18 13:36:00+00:00,96.52999877929688,96.52999877929688,96.50499725341797,96.50499725341797,4517
2026-09-18 13:37:00+00:00,96.5,96.5,96.48999786376953,96.5,2910
2026-09-18 13:38:00+00:00,96.5199966430664,96.56500244140625,96.5199966430664,96.55970001220703,4434
2026-09-18 13:39:00+00:00,96.55999755859375,96.58999633789062,96.55500030517578,96.56999969482422,4304
2026-09-18 13:40:00+00:00,96.55999755859375,96.56999969482422,96.54000091552734,96.54000091552734,1247
2026-09-18 13:41:00+00:00,96.52999877929688,96.56500244140625,96.52999877929688,96.56500244140625,1410
2026-09-18 13:42:00+00:00,96.56999969482422,96.61499786376953,96.56999969482422,96.58999633789062,4664
2026-09-18 13:43:00+00:00,96.58999633789062,96.62999725341797,96.58999633789062,96.5999984741211,12313
2026-09-18 13:44:00+00:00,96.59500122070312,96.59500122070312,96.55999755859375,96.56999969482422,6116
2026-09-18 13:45:00+00:00,96.55999755859375,96.58000183105469,96.54499816894531,96.57990264892578,4323
2026-09-18 13:46:00+00:00,96.57499694824219,96.58499908447266,96.57499694824219,96.57499694824219,5043
2026-09-18 13:47:00+00:00,96.58999633789062,96.5999984741211,96.56999969482422,96.56999969482422,3401
2026-09-18 13:48:00+00:00,96.57009887695312,96.58499908447266,96.55999755859375,96.57499694824219,5394
2026-09-18 13:49:00+00:00,96.55999755859375,96.55999755859375,96.5199966430664,96.52999877929688,2921
2026-09-18 13:50:00+00:00,96.54499816894531,96.55000305175781,96.48500061035156,96.50479888916016,6933
2026-09-18 13:51:00+00:00,96.50499725341797,96.51000213623047,96.49500274658203,96.49500274658203,4260
2026-09-18 13:52:00+00:00,96.5,96.5,96.45800018310547,96.4800033569336,2877
2026-09-18 13:53:00+00:00,96.4800033569336,96.48999786376953,96.45999908447266,96.45999908447266,1713
2026-09-18 13:54:00+00:00,96.45999908447266,96.48500061035156,96.45999908447266,96.47000122070312,9837
2026-09-18 13:55:00+00:00,96.47000122070312,96.50499725341797,96.47000122070312,96.48999786376953,8120
2026-09-18 13:56:00+00:00,96.48999786376953,96.48999786376953,96.4749984741211,96.4800033569336,5296
2026-09-18 13:57:00+00:00,96.45999908447266,96.45999908447266,96.44000244140625,96.45999908447266,5458
2026-09-18 13:58:00+00:00,96.45500183105469,96.45500183105469,96.4000015258789,96.4000015258789,6331
2026-09-18 13:59:00+00:00,96.40499877929688,96.41000366210938,96.36000061035156,96.41000366210938,19296
2026-09-18 14:00:00+00:00,96.41500091552734,96.45500183105469,96.4000015258789,96.45500183105469,32748
2026-09-18 14:01:00+00:00,96.45999908447266,96.47000122070312,96.41000366210938,96.41500091552734,32881
2026-09-18 14:02:00+00:00,96.41500091552734,96.42500305175781,96.38999938964844,96.40499877929688,40622
2026-09-18 14:03:00+00:00,96.40499877929688,96.40499877929688,96.37999725341797,96.37999725341797,13380
2026-09-18 14:04:00+00:00,96.37000274658203,96.38999938964844,96.37000274658203,96.38999938964844,4958
2026-09-18 14:05:00+00:00,96.37999725341797,96.3949966430664,96.33999633789062,96.36000061035156,17629
2026-09-18 14:06:00+00:00,96.3550033569336,96.3550033569336,96.31999969482422,96.31999969482422,7858
2026-09-18 14:07:00+00:00,96.32499694824219,96.36000061035156,96.31999969482422,96.31999969482422,13056
2026-09-18 14:08:00+00:00,96.31999969482422,96.33999633789062,96.31999969482422,96.31999969482422,8116
2026-09-18 14:09:00+00:00,96.30999755859375,96.3550033569336,96.30000305175781,96.3550033569336,2279
2026-09-18 14:10:00+00:00,96.3550033569336,96.45500183105469,96.3550033569336,96.45500183105469,29227
2026-09-18 14:11:00+00:00,96.44999694824219,96.46499633789062,96.43499755859375,96.44499969482422,6200
2026-09-18 14:12:00+00:00,96.44000244140625,96.44000244140625,96.37999725341797,96.41999816894531,22156
2026-09-18 14:13:00+00:00,96.41999816894531,96.41999816894531,96.38500213623047,96.38500213623047,4883
2026-09-18 14:14:00+00:00,96.38999938964844,96.41500091552734,96.38999938964844,96.4000015258789,7166
2026-09-18 14:15:00+00:00,96.4000015258789,96.41000366210938,96.4000015258789,96.4000015258789,6987
2026-09-18 14:16:00+00:00,96.38999938964844,96.4000015258789,96.37999725341797,96.38500213623047,5022
2026-09-18 14:17:00+00:00,96.38500213623047,96.38999938964844,96.37000274658203,96.37000274658203,10770
2026-09-18 14:18:00+00:00,96.37000274658203,96.37000274658203,96.33999633789062,96.36000061035156,6794
2026-09-18 14:19:00+00:00,96.37000274658203,96.37999725341797,96.36000061035156,96.37000274658203,2316
2026-09-18 14:20:00+00:00,96.37000274658203,96.37000274658203,96.31999969482422,96.31999969482422,5113
2026-09-18 14:21:00+00:00,96.32499694824219,96.34500122070312,96.32499694824219,96.33000183105469,5600
2026-09-18 14:22:00+00:00,96.33999633789062,96.38999938964844,96.33999633789062,96.38999938964844,1836
2026-09-18 14:23:00+00:00,96.38999938964844,96.4000015258789,96.37999725341797,96.4000015258789,1691
2026-09-18 14:24:00+00:00,96.41000366210938,96.41999816894531,96.375,96.41500091552734,6708
2026-09-18 14:25:00+00:00,96.40499877929688,96.41000366210938,96.38999938964844,96.38999938964844,1833
2026-09-18 14:26:00+00:00,96.38500213623047,96.38999938964844,96.36000061035156,96.36000061035156,8015
2026-09-18 14:27:00+00:00,96.36000061035156,96.37000274658203,96.3550033569336,96.36499786376953,4158
2026-09-18 14:28:00+00:00,96.37000274658203,96.375,96.36000061035156,96.36499786376953,8913
2026-09-18 14:29:00+00:00,96.36499786376953,96.37000274658203,96.33999633789062,96.33999633789062,9197
2026-09-18 14:30:00+00:00,96.33999633789062,96.37000274658203,96.33499908447266,96.3499984741211,8045
2026-09-18 14:31:00+00:00,96.36499786376953,96.37000274658203,96.33999633789062,96.33999633789062,9272
2026-09-18 14:32:00+00:00,96.33499908447266,96.36000061035156,96.33499908447266,96.3550033569336,6499
2026-09-18 14:33:00+00:00,96.33499908447266,96.36000061035156,96.33499908447266,96.3499984741211,3086
2026-09-18 14:34:00+00:00,96.3499984741211,96.3499984741211,96.33000183105469,96.3499984741211,5906
2026-09-18 14:35:00+00:00,96.34500122070312,96.3550033569336,96.34500122070312,96.34500122070312,6870
2026-09-18 14:36:00+00:00,96.33999633789062,96.33999633789062,96.31500244140625,96.31999969482422,4763
2026-09-18 14:37:00+00:00,96.30999755859375,96.34500122070312,96.30999755859375,96.33999633789062,5060
2026-09-18 14:38:00+00:00,96.33499908447266,96.34500122070312,96.33499908447266,96.34500122070312,4820
2026-09-18 14:39:00+00:00,96.34500122070312,96.43000030517578,96.34500122070312,96.40499877929688,16612
2026-09-18 14:40:00+00:00,96.3949966430664,96.3949966430664,96.36000061035156,96.375,5872
2026-09-18 14:41:00+00:00,96.375,96.375,96.31999969482422,96.36000061035156,38779
2026-09-18 14:42:00+00:00,96.3550033569336,96.36000061035156,96.29499816894531,96.30999755859375,12998
2026-09-18 14:43:00+00:00,96.33000183105469,96.33499908447266,96.31500244140625,96.33000183105469,5651
2026-09-18 14:44:00+00:00,96.33999633789062,96.36499786376953,96.33499908447266,96.34500122070312,3786
2026-09-18 14:45:00+00:00,96.33999633789062,96.37000274658203,96.32499694824219,96.37000274658203,7912
2026-09-18 14:46:00+00:00,96.37000274658203,96.42500305175781,96.37000274658203,96.37999725341797,14719
2026-09-18 14:47:00+00:00,96.37000274658203,96.41999816894531,96.37000274658203,96.41999816894531,56917
2026-09-18 14:48:00+00:00,96.41000366210938,96.43000030517578,96.41000366210938,96.43000030517578,7404
2026-09-18 14:49:00+00:00,96.43000030517578,96.4800033569336,96.41999816894531,96.4749984741211,6458
2026-09-18 14:50:00+00:00,96.4749984741211,96.65499877929688,96.47000122070312,96.62999725341797,49658
2026-09-18 14:51:00+00:00,96.62000274658203,96.7699966430664,96.61499786376953,96.70999908447266,73051
2026-09-18 14:52:00+00:00,96.68000030517578,96.7300033569336,96.66000366210938,96.69000244140625,27959
2026-09-18 14:53:00+00:00,96.69499969482422,96.69999694824219,96.62999725341797,96.62999725341797,18199
2026-09-18 14:54:00+00:00,96.62000274658203,96.6500015258789,96.61000061035156,96.6500015258789,13553
2026-09-18 14:55:00+00:00,96.66000366210938,96.67500305175781,96.62000274658203,96.62999725341797,14945
2026-09-18 14:56:00+00:00,96.62999725341797,96.6500015258789,96.61499786376953,96.63500213623047,8339
2026-09-18 14:57:00+00:00,96.63999938964844,96.66000366210938,96.62000274658203,96.62000274658203,12406
2026-09-18 14:58:00+00:00,96.62999725341797,96.63500213623047,96.5999984741211,96.62000274658203,5029
2026-09-18 14:59:00+00:00,96.62999725341797,96.63500213623047,96.6050033569336,96.62999725341797,5321
2026-09-18 15:00:00+00:00,96.63999938964844,96.6449966430664,96.58999633789062,96.61000061035156,5171
2026-09-18 15:01:00+00:00,96.62000274658203,96.66500091552734,96.61499786376953,96.63999938964844,7396
2026-09-18 15:02:00+00:00,96.63999938964844,96.63999938964844,96.58999633789062,96.5999984741211,9694
2026-09-18 15:03:00+00:00,96.5999984741211,96.68000030517578,96.59500122070312,96.66000366210938,6993
2026-09-18 15:04:00+00:00,96.65499877929688,96.66500091552734,96.6449966430664,96.6500015258789,6285
2026-09-18 15:05:00+00:00,96.63999938964844,96.66000366210938,96.625,96.6500015258789,4504
2026-09-18 15:06:00+00:00,96.6500015258789,96.66000366210938,96.61499786376953,96.66000366210938,4713
2026-09-18 15:07:00+00:00,96.66000366210938,96.67500305175781,96.63999938964844,96.63999938964844,6963
2026-09-18 15:08:00+00:00,96.63999938964844,96.6500015258789,96.62000274658203,96.6500015258789,6904
2026-09-18 15:09:00+00:00,96.63999938964844,96.63999938964844,96.61499786376953,96.62000274658203,3096
2026-09-18 15:10:00+00:00,96.625,96.625,96.5999984741211,96.61000061035156,5783
2026-09-18 15:11:00+00:00,96.62000274658203,96.62000274658203,96.58000183105469,96.58999633789062,4891
2026-09-18 15:12:00+00:00,96.58999633789062,96.58999633789062,96.56999969482422,96.57499694824219,5276
2026-09-18 15:13:00+00:00,96.58000183105469,96.7300033569336,96.58000183105469,96.7300033569336,12125
2026-09-18 15:14:00+00:00,96.70500183105469,96.70999908447266,96.66999816894531,96.66999816894531,6591
2026-09-18 15:15:00+00:00,96.68000030517578,96.68000030517578,96.6449966430664,96.6500015258789,3993
2026-09-18 15:16:00+00:00,96.6500015258789,96.6500015258789,96.5999984741211,96.6050033569336,7902
2026-09-18 15:17:00+00:00,96.62000274658203,96.69499969482422,96.62000274658203,96.66500091552734,5584
2026-09-18 15:18:00+00:00,96.68000030517578,96.72000122070312,96.68000030517578,96.69499969482422,4883
2026-09-18 15:19:00+00:00,96.68000030517578,96.76499938964844,96.68000030517578,96.76499938964844,10072
2026-09-18 15:20:00+00:00,96.76000213623047,96.76000213623047,96.73500061035156,96.75,3907
2026-09-18 15:21:00+00:00,96.75,96.75,96.72000122070312,96.7300033569336,3521
2026-09-18 15:22:00+00:00,96.7249984741211,96.7300033569336,96.69999694824219,96.69999694824219,4499
2026-09-18 15:23:00+00:00,96.69999694824219,96.76000213623047,96.69999694824219,96.72000122070312,10916
2026-09-18 15:24:00+00:00,96.72000122070312,96.7249984741211,96.70500183105469,96.7249984741211,5667
2026-09-18 15:25:00+00:00,96.7249984741211,96.74500274658203,96.72000122070312,96.73500061035156,11581
2026-09-18 15:26:00+00:00,96.75,96.75499725341797,96.70999908447266,96.70999908447266,2516
2026-09-18 15:27:00+00:00,96.70999908447266,96.71499633789062,96.69000244140625,96.69999694824219,10728
2026-09-18 15:28:00+00:00,96.70500183105469,96.70500183105469,96.67500305175781,96.68499755859375,19770
2026-09-18 15:29:00+00:00,96.68499755859375,96.70500183105469,96.65499877929688,96.68499755859375,9301
2026-09-18 15:30:00+00:00,96.68000030517578,96.73500061035156,96.66000366210938,96.72000122070312,78687
2026-09-18 15:31:00+00:00,96.7249984741211,96.7300033569336,96.66999816894531,96.68000030517578,8838
2026-09-18 15:32:00+00:00,96.68000030517578,96.68499755859375,96.66999816894531,96.68499755859375,2893
2026-09-18 15:33:00+00:00,96.67500305175781,96.70999908447266,96.67500305175781,96.69999694824219,4970
2026-09-18 15:34:00+00:00,96.69999694824219,96.7699966430664,96.69999694824219,96.7699966430664,18212
2026-09-18 15:35:00+00:00,96.7699966430664,96.80500030517578,96.75,96.78500366210938,6140
2026-09-18 15:36:00+00:00,96.77999877929688,96.81999969482422,96.7750015258789,96.81999969482422,7663
2026-09-18 15:37:00+00:00,96.80000305175781,96.80000305175781,96.75,96.75,4045
2026-09-18 15:38:00+00:00,96.75,96.75,96.70999908447266,96.70999908447266,2535
2026-09-18 15:39:00+00:00,96.69999694824219,96.69999694824219,96.66000366210938,96.66000366210938,2104
2026-09-18 15:40:00+00:00,96.66000366210938,96.66000366210938,96.64440155029297,96.6449966430664,4644
2026-09-18 15:41:00+00:00,96.63999938964844,96.6500015258789,96.62999725341797,96.6500015258789,4117
2026-09-18 15:42:00+00:00,96.62999725341797,96.62999725341797,96.62000274658203,96.62999725341797,2503
2026-09-18 15:43:00+00:00,96.62999725341797,96.66999816894531,96.61499786376953,96.66000366210938,7367
2026-09-18 15:44:00+00:00,96.68000030517578,96.68499755859375,96.67990112304688,96.68000030517578,1708
2026-09-18 15:45:00+00:00,96.68000030517578,96.68000030517578,96.6449966430664,96.6449966430664,1006
2026-09-18 15:46:00+00:00,96.62999725341797,96.65499877929688,96.62999725341797,96.65499877929688,1989
2026-09-18 15:47:00+00:00,96.6500015258789,96.6500015258789,96.63999938964844,96.64399719238281,2284
2026-09-18 15:48:00+00:00,96.6500015258789,96.69999694824219,96.6500015258789,96.68499755859375,8833
2026-09-18 15:49:00+00:00,96.68000030517578,96.68000030517578,96.66000366210938,96.68000030517578,2656
2026-09-18 15:50:00+00:00,96.66500091552734,96.68000030517578,96.66500091552734,96.68000030517578,1774
2026-09-18 15:51:00+00:00,96.68000030517578,96.68000030517578,96.65239715576172,96.66999816894531,4037
2026-09-18 15:52:00+00:00,96.66999816894531,96.66999816894531,96.63999938964844,96.6500015258789,1103
2026-09-18 15:53:00+00:00,96.66000366210938,96.66500091552734,96.66000366210938,96.66000366210938,2785
2026-09-18 15:54:00+00:00,96.63999938964844,96.63999938964844,96.625,96.62999725341797,2121
2026-09-18 15:55:00+00:00,96.62999725341797,96.62999725341797,96.62989807128906,96.62999725341797,1509
2026-09-18 15:56:00+00:00,96.63500213623047,96.69000244140625,96.63500213623047,96.68000030517578,13330
2026-09-18 15:57:00+00:00,96.68000030517578,96.68000030517578,96.63999938964844,96.63999938964844,1727
2026-09-18 15:58:00+00:00,96.62999725341797,96.62999725341797,96.62989807128906,96.62989807128906,1697
2026-09-18 15:59:00+00:00,96.625,96.66000366210938,96.625,96.66000366210938,2290
2026-09-18 16:00:00+00:00,96.66500091552734,96.66500091552734,96.6449966430664,96.66000366210938,3288
2026-09-18 16:01:00+00:00,96.66000366210938,96.66000366210938,96.6500015258789,96.65499877929688,1810
2026-09-18 16:02:00+00:00,96.6449966430664,96.66000366210938,96.6449966430664,96.6449966430664,2428
2026-09-18 16:03:00+00:00,96.6500015258789,96.65499877929688,96.63999938964844,96.6449966430664,2522
2026-09-18 16:04:00+00:00,96.63999938964844,96.64749908447266,96.62999725341797,96.64749908447266,2225
2026-09-18 16:05:00+00:00,96.6500015258789,96.68000030517578,96.6500015258789,96.66999816894531,3937
2026-09-18 16:06:00+00:00,96.66500091552734,96.69000244140625,96.66500091552734,96.69000244140625,1454
2026-09-18 16:07:00+00:00,96.69000244140625,96.70999908447266,96.69000244140625,96.70500183105469,2712
2026-09-18 16:08:00+00:00,96.70500183105469,96.70500183105469,96.67500305175781,96.68000030517578,11894
2026-09-18 16:09:00+00:00,96.68000030517578,96.68000030517578,96.68000030517578,96.68000030517578,658
2026-09-18 16:10:00+00:00,96.66999816894531,96.66999816894531,96.66000366210938,96.66000366210938,2432
2026-09-18 16:11:00+00:00,96.66000366210938,96.69000244140625,96.66000366210938,96.69000244140625,3304
2026-09-18 16:12:00+00:00,96.69999694824219,96.69999694824219,96.69999694824219,96.69999694824219,939
2026-09-18 16:13:00+00:00,96.68499755859375,96.68499755859375,96.68499755859375,96.68499755859375,646
2026-09-18 16:14:00+00:00,96.67500305175781,96.68000030517578,96.67500305175781,96.68000030517578,2431
2026-09-18 16:15:00+00:00,96.66999816894531,96.67500305175781,96.6500015258789,96.6500015258789,3304
2026-09-18 16:16:00+00:00,96.66999816894531,96.66999816894531,96.66000366210938,96.66999816894531,1617
2026-09-18 16:17:00+00:00,96.66000366210938,96.66999816894531,96.6449966430664,96.6500015258789,8093
2026-09-18 16:18:00+00:00,96.67500305175781,96.69000244140625,96.67500305175781,96.67500305175781,1266
2026-09-18 16:19:00+00:00,96.68000030517578,96.68499755859375,96.68000030517578,96.68499755859375,958
2026-09-18 16:20:00+00:00,96.68499755859375,96.69000244140625,96.66000366210938,96.68000030517578,5611
2026-09-18 16:21:00+00:00,96.68499755859375,96.69499969482422,96.68499755859375,96.68499755859375,5553
2026-09-18 16:22:00+00:00,96.68499755859375,96.68499755859375,96.67500305175781,96.67500305175781,1820
2026-09-18 16:23:00+00:00,96.66999816894531,96.66999816894531,96.61499786376953,96.61499786376953,2399
2026-09-18 16:24:00+00:00,96.61499786376953,96.63999938964844,96.61499786376953,96.63999938964844,1818
2026-09-18 16:25:00+00:00,96.62999725341797,96.62999725341797,96.58000183105469,96.5999984741211,4354
2026-09-18 16:26:00+00:00,96.5999984741211,96.5999984741211,96.58999633789062,96.58999633789062,672
2026-09-18 16:27:00+00:00,96.58999633789062,96.625,96.58999633789062,96.62000274658203,9813
2026-09-18 16:28:00+00:00,96.63999938964844,96.68000030517578,96.63500213623047,96.63999938964844,3919
2026-09-18 16:29:00+00:00,96.6449966430664,96.73500061035156,96.6449966430664,96.72000122070312,6075
2026-09-18 16:30:00+00:00,96.70999908447266,96.70999908447266,96.66000366210938,96.66999816894531,4050
2026-09-18 16:31:00+00:00,96.66500091552734,96.66500091552734,96.65499877929688,96.66000366210938,1654
2026-09-18 16:32:00+00:00,96.66000366210938,96.68000030517578,96.66000366210938,96.68000030517578,912
2026-09-18 16:33:00+00:00,96.72000122070312,96.75,96.72000122070312,96.7300033569336,3699
2026-09-18 16:34:00+00:00,96.7300033569336,96.7300033569336,96.69999694824219,96.69999694824219,3333
2026-09-18 16:35:00+00:00,96.69999694824219,96.69999694824219,96.69999694824219,96.69999694824219,10653
2026-09-18 16:36:00+00:00,96.69999694824219,96.69999694824219,96.66999816894531,96.66999816894531,86738
2026-09-18 16:37:00+00:00,96.66999816894531,96.66999816894531,96.63999938964844,96.6500015258789,3534
2026-09-18 16:38:00+00:00,96.66000366210938,96.6698989868164,96.63999938964844,96.65499877929688,3819
2026-09-18 16:39:00+00:00,96.6500015258789,96.69000244140625,96.6449966430664,96.65604400634766,66133
2026-09-18 16:40:00+00:00,96.66999816894531,96.68000030517578,96.66000366210938,96.66500091552734,4093
2026-09-18 16:41:00+00:00,96.6500015258789,96.66500091552734,96.6500015258789,96.6500015258789,1576
2026-09-18 16:42:00+00:00,96.66500091552734,96.68000030517578,96.66500091552734,96.68000030517578,609
2026-09-18 16:43:00+00:00,96.69000244140625,96.69000244140625,96.68000030517578,96.68000030517578,1422
2026-09-18 16:44:00+00:00,96.66950225830078,96.66999816894531,96.65499877929688,96.66999816894531,6422
2026-09-18 16:45:00+00:00,96.66500091552734,96.66500091552734,96.63999938964844,96.6500015258789,2242
2026-09-18 16:46:00+00:00,96.6500015258789,96.6500015258789,96.6449966430664,96.6449966430664,1613
2026-09-18 16:47:00+00:00,96.6449966430664,96.66999816894531,96.62999725341797,96.66999816894531,3506
2026-09-18 16:48:00+00:00,96.66999816894531,96.69000244140625,96.66500091552734,96.68000030517578,1919
2026-09-18 16:49:00+00:00,96.68000030517578,96.72000122070312,96.68000030517578,96.72000122070312,1356
2026-09-18 16:50:00+00:00,96.71499633789062,96.73999786376953,96.71499633789062,96.72000122070312,965
2026-09-18 16:51:00+00:00,96.70999908447266,96.72000122070312,96.70999908447266,96.72000122070312,1638
2026-09-18 16:52:00+00:00,96.73500061035156,96.73500061035156,96.73500061035156,96.73500061035156,569
2026-09-18 16:53:00+00:00,96.73999786376953,96.73999786376953,96.73999786376953,96.73999786376953,296
2026-09-18 16:54:00+00:00,96.73999786376953,96.73999786376953,96.7300033569336,96.7300033569336,2429
2026-09-18 16:55:00+00:00,96.73999786376953,96.75,96.73999786376953,96.74500274658203,1036
2026-09-18 16:56:00+00:00,96.76499938964844,96.77999877929688,96.76499938964844,96.7699966430664,10905
2026-09-18 16:57:00+00:00,96.75,96.75,96.7300033569336,96.73999786376953,965
2026-09-18 16:58:00+00:00,96.73999786376953,96.7750015258789,96.70999908447266,96.72000122070312,3223
2026-09-18 16:59:00+00:00,96.72000122070312,96.72000122070312,96.72000122070312,96.72000122070312,573
2026-09-18 17:00:00+00:00,96.73500061035156,96.73999786376953,96.70999908447266,96.70999908447266,2805
2026-09-18 17:01:00+00:00,96.72000122070312,96.72000122070312,96.70999908447266,96.70999908447266,557
2026-09-18 17:02:00+00:00,96.72000122070312,96.7300033569336,96.70999908447266,96.7249984741211,1700
2026-09-18 17:03:00+00:00,96.7300033569336,96.75,96.7300033569336,96.73999786376953,2269
2026-09-18 17:04:00+00:00,96.73999786376953,96.73999786376953,96.7249984741211,96.7249984741211,696
2026-09-18 17:05:00+00:00,96.7300033569336,96.76000213623047,96.7300033569336,96.76000213623047,3430
2026-09-18 17:06:00+00:00,96.7699966430664,96.7750015258789,96.76229858398438,96.7750015258789,1819
2026-09-18 17:07:00+00:00,96.7699966430664,96.77999877929688,96.7699966430664,96.7750015258789,1047
2026-09-18 17:08:00+00:00,96.7750015258789,96.77999877929688,96.7699966430664,96.7699966430664,4963
2026-09-18 17:09:00+00:00,96.7699966430664,96.7699966430664,96.7699966430664,96.7699966430664,1311
2026-09-18 17:10:00+00:00,96.7699966430664,96.7750015258789,96.7699966430664,96.7750015258789,1612
2026-09-18 17:11:00+00:00,96.7750015258789,96.77999877929688,96.7750015258789,96.77999877929688,1767
2026-09-18 17:12:00+00:00,96.79000091552734,96.79000091552734,96.7699966430664,96.7699966430664,1354
2026-09-18 17:13:00+00:00,96.7699966430664,96.78500366210938,96.7699966430664,96.78500366210938,4266
2026-09-18 17:14:00+00:00,96.79000091552734,96.79499816894531,96.79000091552734,96.79499816894531,826
2026-09-18 17:15:00+00:00,96.80000305175781,96.81999969482422,96.80000305175781,96.81999969482422,1006
2026-09-18 17:16:00+00:00,96.81999969482422,96.81999969482422,96.80000305175781,96.80000305175781,1208
2026-09-18 17:17:00+00:00,96.80000305175781,96.80000305175781,96.80000305175781,96.80000305175781,801
2026-09-18 17:18:00+00:00,96.80000305175781,96.80000305175781,96.7699966430664,96.7699966430664,2184
2026-09-18 17:19:00+00:00,96.76499938964844,96.7699966430664,96.76499938964844,96.7699966430664,1030
2026-09-18 17:20:00+00:00,96.7699966430664,96.77999877929688,96.75499725341797,96.75499725341797,1366
2026-09-18 17:22:00+00:00,96.7699966430664,96.7699966430664,96.7699966430664,96.7699966430664,953
2026-09-18 17:23:00+00:00,96.77999877929688,96.77999877929688,96.77999877929688,96.77999877929688,114
2026-09-18 17:24:00+00:00,96.7699966430664,96.77999877929688,96.7699966430664,96.7750015258789,1139
2026-09-18 17:25:00+00:00,96.7750015258789,96.7750015258789,96.7750015258789,96.7750015258789,1165
2026-09-18 17:26:00+00:00,96.77999877929688,96.77999877929688,96.77999877929688,96.77999877929688,1121
2026-09-18 17:27:00+00:00,96.77999877929688,96.77999877929688,96.77999877929688,96.77999877929688,225
2026-09-18 17:28:00+00:00,96.77999877929688,96.77999877929688,96.76000213623047,96.76000213623047,616
2026-09-18 17:29:00+00:00,96.76000213623047,96.76000213623047,96.76000213623047,96.76000213623047,2163
2026-09-18 17:30:00+00:00,96.74500274658203,96.75,96.7300033569336,96.73500061035156,1627
2026-09-18 17:31:00+00:00,96.73999786376953,96.75,96.73999786376953,96.75,1390
2026-09-18 17:32:00+00:00,96.75,96.75,96.73999786376953,96.75,3562
2026-09-18 17:34:00+00:00,96.75,96.79000091552734,96.75,96.7699966430664,4159
2026-09-18 17:35:00+00:00,96.78500366210938,96.79499816894531,96.78500366210938,96.79000091552734,1441
2026-09-18 17:36:00+00:00,96.80999755859375,96.81999969482422,96.79499816894531,96.79499816894531,2373
2026-09-18 17:37:00+00:00,96.79499816894531,96.79499816894531,96.79000091552734,96.79000091552734,2371
2026-09-18 17:38:00+00:00,96.7699966430664,96.80000305175781,96.7699966430664,96.80000305175781,1386
2026-09-18 17:39:00+00:00,96.80500030517578,96.80999755859375,96.80500030517578,96.80999755859375,3296
2026-09-18 17:40:00+00:00,96.80000305175781,96.80999755859375,96.79499816894531,96.80059814453125,1723
2026-09-18 17:41:00+00:00,96.80000305175781,96.80000305175781,96.79000091552734,96.79499816894531,5058
2026-09-18 17:42:00+00:00,96.79499816894531,96.81500244140625,96.79499816894531,96.80999755859375,2560
2026-09-18 17:43:00+00:00,96.80000305175781,96.80000305175781,96.80000305175781,96.80000305175781,1315
2026-09-18 17:44:00+00:00,96.80000305175781,96.80000305175781,96.79499816894531,96.80000305175781,620
2026-09-18 17:45:00+00:00,96.80000305175781,96.80000305175781,96.79499816894531,96.79499816894531,1296
2026-09-18 17:46:00+00:00,96.80000305175781,96.80000305175781,96.79499816894531,96.79499816894531,642
2026-09-18 17:47:00+00:00,96.80000305175781,96.81500244140625,96.80000305175781,96.81500244140625,683
2026-09-18 17:48:00+00:00,96.80999755859375,96.80999755859375,96.80500030517578,96.80500030517578,1777
2026-09-18 17:49:00+00:00,96.80500030517578,96.80660247802734,96.79499816894531,96.79499816894531,1791
2026-09-18 17:50:00+00:00,96.79499816894531,96.80000305175781,96.79499816894531,96.80000305175781,496
2026-09-18 17:51:00+00:00,96.80999755859375,96.81999969482422,96.80999755859375,96.81999969482422,489
2026-09-18 17:52:00+00:00,96.81999969482422,96.82499694824219,96.81500244140625,96.82499694824219,1260
2026-09-18 17:53:00+00:00,96.81999969482422,96.81999969482422,96.81500244140625,96.81500244140625,1001
2026-09-18 17:54:00+00:00,96.80999755859375,96.80999755859375,96.79499816894531,96.79499816894531,1979
2026-09-18 17:55:00+00:00,96.7962875366211,96.79900360107422,96.78500366210938,96.79000091552734,2792
2026-09-18 17:56:00+00:00,96.79499816894531,96.79900360107422,96.79499816894531,96.79900360107422,713
2026-09-18 17:57:00+00:00,96.80000305175781,96.80000305175781,96.80000305175781,96.80000305175781,929
2026-09-18 17:58:00+00:00,96.79499816894531,96.80000305175781,96.79000091552734,96.79000091552734,1923
2026-09-18 17:59:00+00:00,96.80000305175781,96.80500030517578,96.80000305175781,96.80500030517578,1035
2026-09-18 18:00:00+00:00,96.80999755859375,96.80999755859375,96.7750015258789,96.7750015258789,1411
2026-09-18 18:01:00+00:00,96.77999877929688,96.80999755859375,96.77999877929688,96.80999755859375,1495
2026-09-18 18:02:00+00:00,96.80000305175781,96.80000305175781,96.79000091552734,96.79000091552734,700
2026-09-18 18:03:00+00:00,96.79499816894531,96.80000305175781,96.79499816894531,96.80000305175781,2153
2026-09-18 18:04:00+00:00,96.79989624023438,96.80750274658203,96.79989624023438,96.80750274658203,7585
2026-09-18 18:05:00+00:00,96.80500030517578,96.80500030517578,96.79499816894531,96.80000305175781,2103
2026-09-18 18:07:00+00:00,96.81999969482422,96.81999969482422,96.81999969482422,96.81999969482422,393
2026-09-18 18:08:00+00:00,96.82499694824219,96.83000183105469,96.80010223388672,96.80010223388672,5404
2026-09-18 18:09:00+00:00,96.80000305175781,96.80000305175781,96.80000305175781,96.80000305175781,408
2026-09-18 18:10:00+00:00,96.80500030517578,96.80500030517578,96.79000091552734,96.79750061035156,4018
2026-09-18 18:11:00+00:00,96.79000091552734,96.79000091552734,96.7750015258789,96.7750015258789,2282
2026-09-18 18:12:00+00:00,96.7750015258789,96.79499816894531,96.7750015258789,96.79499816894531,1751
2026-09-18 18:13:00+00:00,96.80000305175781,96.80999755859375,96.78500366210938,96.80999755859375,1901
2026-09-18 18:14:00+00:00,96.80000305175781,96.80000305175781,96.80000305175781,96.80000305175781,413
2026-09-18 18:15:00+00:00,96.79000091552734,96.79499816894531,96.77999877929688,96.79499816894531,2784
2026-09-18 18:16:00+00:00,96.79000091552734,96.79989624023438,96.7750015258789,96.77999877929688,2537
2026-09-18 18:17:00+00:00,96.77999877929688,96.77999877929688,96.7699966430664,96.7750015258789,1820
2026-09-18 18:18:00+00:00,96.7750015258789,96.77999877929688,96.7750015258789,96.77999877929688,2041
2026-09-18 18:19:00+00:00,96.79000091552734,96.80000305175781,96.79000091552734,96.80000305175781,591
2026-09-18 18:20:00+00:00,96.79499816894531,96.79499816894531,96.79499816894531,96.79499816894531,372
2026-09-18 18:21:00+00:00,96.80999755859375,96.80999755859375,96.80000305175781,96.80000305175781,530
2026-09-18 18:22:00+00:00,96.80000305175781,96.81500244140625,96.80000305175781,96.81500244140625,1072
2026-09-18 18:23:00+00:00,96.83000183105469,96.83000183105469,96.83000183105469,96.83000183105469,560
2026-09-18 18:24:00+00:00,96.81999969482422,96.81999969482422,96.80999755859375,96.81500244140625,1226
2026-09-18 18:25:00+00:00,96.81999969482422,96.82099914550781,96.81999969482422,96.82099914550781,1311
2026-09-18 18:26:00+00:00,96.81999969482422,96.81999969482422,96.80500030517578,96.80999755859375,1714
2026-09-18 18:27:00+00:00,96.83499908447266,96.83499908447266,96.83499908447266,96.83499908447266,170
2026-09-18 18:28:00+00:00,96.83000183105469,96.83000183105469,96.80999755859375,96.81999969482422,1965
2026-09-18 18:29:00+00:00,96.81500244140625,96.8301010131836,96.81500244140625,96.8301010131836,2330
2026-09-18 18:30:00+00:00,96.83000183105469,96.83000183105469,96.82499694824219,96.83000183105469,5380
2026-09-18 18:31:00+00:00,96.81999969482422,96.83000183105469,96.81999969482422,96.83000183105469,6753
2026-09-18 18:32:00+00:00,96.83000183105469,96.83499908447266,96.83000183105469,96.83499908447266,534
2026-09-18 18:33:00+00:00,96.83999633789062,96.8550033569336,96.83999633789062,96.8499984741211,2747
2026-09-18 18:34:00+00:00,96.84500122070312,96.8550033569336,96.84500122070312,96.8499984741211,38585
2026-09-18 18:35:00+00:00,96.86499786376953,96.87000274658203,96.86499786376953,96.86499786376953,653
2026-09-18 18:36:00+00:00,96.86499786376953,96.86499786376953,96.8550033569336,96.8550033569336,2220
2026-09-18 18:37:00+00:00,96.8550033569336,96.8550033569336,96.84500122070312,96.8550033569336,2422
2026-09-18 18:38:00+00:00,96.8550033569336,96.8550033569336,96.84500122070312,96.84500122070312,3489
2026-09-18 18:39:00+00:00,96.8499984741211,96.86499786376953,96.8499984741211,96.8550033569336,3525
2026-09-18 18:40:00+00:00,96.86000061035156,96.86000061035156,96.84500122070312,96.84500122070312,6597
2026-09-18 18:41:00+00:00,96.84500122070312,96.84500122070312,96.83499908447266,96.83999633789062,3724
2026-09-18 18:42:00+00:00,96.83999633789062,96.83999633789062,96.83000183105469,96.83000183105469,2653
2026-09-18 18:43:00+00:00,96.82499694824219,96.83999633789062,96.82499694824219,96.83999633789062,2705
2026-09-18 18:44:00+00:00,96.84500122070312,96.84500122070312,96.83499908447266,96.83499908447266,4940
2026-09-18 18:45:00+00:00,96.83999633789062,96.86000061035156,96.83999633789062,96.86000061035156,2913
2026-09-18 18:46:00+00:00,96.8550033569336,96.8949966430664,96.8550033569336,96.8949966430664,3236
2026-09-18 18:47:00+00:00,96.9000015258789,96.90499877929688,96.9000015258789,96.90499877929688,5012
2026-09-18 18:48:00+00:00,96.9000015258789,96.9000015258789,96.88999938964844,96.8949966430664,6247
2026-09-18 18:49:00+00:00,96.88500213623047,96.8949966430664,96.88500213623047,96.8949966430664,750
2026-09-18 18:50:00+00:00,96.8949966430664,96.90499877929688,96.8949966430664,96.9000015258789,3414
2026-09-18 18:51:00+00:00,96.90499877929688,96.90499877929688,96.9000015258789,96.9000015258789,1603
2026-09-18 18:52:00+00:00,96.90499877929688,96.91500091552734,96.90499877929688,96.91500091552734,1710
2026-09-18 18:53:00+00:00,96.91500091552734,96.94999694824219,96.91500091552734,96.94999694824219,5702
2026-09-18 18:54:00+00:00,96.95500183105469,96.96499633789062,96.94000244140625,96.94000244140625,8080
2026-09-18 18:55:00+00:00,96.93000030517578,96.93000030517578,96.90499877929688,96.91000366210938,3231
2026-09-18 18:56:00+00:00,96.91999816894531,96.92500305175781,96.91999816894531,96.92500305175781,1090
2026-09-18 18:57:00+00:00,96.92500305175781,96.92500305175781,96.92500305175781,96.92500305175781,3136
2026-09-18 18:58:00+00:00,96.92500305175781,96.93499755859375,96.92500305175781,96.93499755859375,2399
2026-09-18 18:59:00+00:00,96.93499755859375,96.94499969482422,96.93000030517578,96.93000030517578,10746
2026-09-18 19:00:00+00:00,96.93000030517578,96.93000030517578,96.91000366210938,96.91000366210938,7340
2026-09-18 19:01:00+00:00,96.91000366210938,96.91000366210938,96.88999938964844,96.9000015258789,10855
2026-09-18 19:02:00+00:00,96.9000015258789,96.9000015258789,96.9000015258789,96.9000015258789,568
2026-09-18 19:03:00+00:00,96.90499877929688,96.91500091552734,96.90499877929688,96.91500091552734,911
2026-09-18 19:04:00+00:00,96.91999816894531,96.93000030517578,96.91999816894531,96.93000030517578,1777
2026-09-18 19:05:00+00:00,96.91999816894531,96.93000030517578,96.91999816894531,96.93000030517578,701
2026-09-18 19:06:00+00:00,96.93000030517578,96.93499755859375,96.91999816894531,96.92500305175781,1413
2026-09-18 19:07:00+00:00,96.91999816894531,96.91999816894531,96.91000366210938,96.91000366210938,716
2026-09-18 19:08:00+00:00,96.91000366210938,96.93000030517578,96.91000366210938,96.91999816894531,3209
2026-09-18 19:09:00+00:00,96.91999816894531,96.93499755859375,96.91500091552734,96.93000030517578,2936
2026-09-18 19:11:00+00:00,96.92500305175781,96.92500305175781,96.92500305175781,96.92500305175781,2779
2026-09-18 19:12:00+00:00,96.92500305175781,96.94000244140625,96.92500305175781,96.94000244140625,1352
2026-09-18 19:13:00+00:00,96.94999694824219,96.95999908447266,96.93000030517578,96.93000030517578,8422
2026-09-18 19:14:00+00:00,96.92500305175781,96.93499755859375,96.92500305175781,96.93499755859375,3317
2026-09-18 19:15:00+00:00,96.94000244140625,96.94499969482422,96.93000030517578,96.94499969482422,4927
2026-09-18 19:16:00+00:00,96.94999694824219,96.95999908447266,96.94999694824219,96.95999908447266,685
2026-09-18 19:17:00+00:00,96.94999694824219,96.95500183105469,96.94000244140625,96.94999694824219,15279
2026-09-18 19:18:00+00:00,96.94499969482422,96.94499969482422,96.94499969482422,96.94499969482422,1573
2026-09-18 19:19:00+00:00,96.94000244140625,96.94000244140625,96.93000030517578,96.94000244140625,2880
2026-09-18 19:20:00+00:00,96.94000244140625,96.96499633789062,96.94000244140625,96.95999908447266,2591
2026-09-18 19:21:00+00:00,96.95999908447266,96.9800033569336,96.95999908447266,96.9749984741211,3291
2026-09-18 19:22:00+00:00,96.97000122070312,96.97000122070312,96.97000122070312,96.97000122070312,449
2026-09-18 19:23:00+00:00,96.97000122070312,96.97000122070312,96.9520034790039,96.9520034790039,955
2026-09-18 19:24:00+00:00,96.94999694824219,96.94999694824219,96.93000030517578,96.93000030517578,4648
2026-09-18 19:25:00+00:00,96.93499755859375,96.93499755859375,96.91999816894531,96.91999816894531,3634
2026-09-18 19:26:00+00:00,96.91000366210938,96.91000366210938,96.91000366210938,96.91000366210938,452
2026-09-18 19:27:00+00:00,96.91000366210938,96.91000366210938,96.91000366210938,96.91000366210938,418
2026-09-18 19:28:00+00:00,96.91999816894531,96.93000030517578,96.91999816894531,96.93000030517578,3455
2026-09-18 19:29:00+00:00,96.93499755859375,96.93499755859375,96.90499877929688,96.91500091552734,4952
2026-09-18 19:30:00+00:00,96.91000366210938,96.91000366210938,96.88999938964844,96.90499877929688,4143
2026-09-18 19:31:00+00:00,96.90499877929688,96.90499877929688,96.9000015258789,96.9000015258789,539
2026-09-18 19:32:00+00:00,96.9000015258789,96.91000366210938,96.9000015258789,96.90499877929688,2040
2026-09-18 19:34:00+00:00,96.90499877929688,96.91000366210938,96.90499877929688,96.91000366210938,1031
2026-09-18 19:35:00+00:00,96.91000366210938,96.91000366210938,96.9000015258789,96.9000015258789,7434
2026-09-18 19:36:00+00:00,96.91000366210938,96.91500091552734,96.91000366210938,96.91500091552734,435
2026-09-18 19:37:00+00:00,96.91500091552734,96.93000030517578,96.91500091552734,96.93000030517578,2049
2026-09-18 19:38:00+00:00,96.93499755859375,96.93499755859375,96.91999816894531,96.91999816894531,2858
2026-09-18 19:39:00+00:00,96.93000030517578,96.93499755859375,96.92500305175781,96.92500305175781,3810
2026-09-18 19:40:00+00:00,96.92500305175781,96.93000030517578,96.92500305175781,96.93000030517578,2374
2026-09-18 19:41:00+00:00,96.94000244140625,96.95500183105469,96.94000244140625,96.94999694824219,5303
2026-09-18 19:42:00+00:00,96.94999694824219,96.95500183105469,96.94999694824219,96.94999694824219,2244
2026-09-18 19:43:00+00:00,96.94999694824219,96.95999908447266,96.94999694824219,96.9551010131836,4476
2026-09-18 19:44:00+00:00,96.95999908447266,96.97000122070312,96.95999908447266,96.97000122070312,2405
2026-09-18 19:45:00+00:00,96.97000122070312,96.9749984741211,96.95999908447266,96.9749984741211,5593
2026-09-18 19:46:00+00:00,96.9800033569336,97.00499725341797,96.9800033569336,97.00499725341797,12164
2026-09-18 19:47:00+00:00,97.01000213623047,97.0250015258789,97.01000213623047,97.01010131835938,7810
2026-09-18 19:48:00+00:00,97.01000213623047,97.0199966430664,97.00499725341797,97.0199966430664,1686
2026-09-18 19:50:00+00:00,97.0199966430664,97.06999969482422,97.01000213623047,97.04499816894531,15513
2026-09-18 19:51:00+00:00,97.04000091552734,97.04499816894531,96.98500061035156,96.98999786376953,18932
2026-09-18 19:52:00+00:00,96.98999786376953,96.99500274658203,96.9749984741211,96.9749984741211,4272
2026-09-18 19:53:00+00:00,96.97000122070312,96.9749984741211,96.95999908447266,96.96499633789062,5254
2026-09-18 19:54:00+00:00,96.95999908447266,96.97000122070312,96.94999694824219,96.97000122070312,7835
2026-09-18 19:55:00+00:00,96.98500061035156,97.04499816894531,96.98500061035156,97.0,22541
2026-09-18 19:56:00+00:00,97.0,97.0250015258789,97.0,97.0250015258789,3651
2026-09-18 19:57:00+00:00,97.0199966430664,97.06500244140625,97.01000213623047,97.06500244140625,16329
2026-09-18 19:58:00+00:00,97.05999755859375,97.06999969482422,97.01000213623047,97.01000213623047,76660
2026-09-18 19:59:00+00:00,97.01000213623047,97.0199966430664,96.96499633789062,96.98999786376953,55396
2026-09-21 13:30:00+00:00,97.50199890136719,97.58999633789062,97.44000244140625,97.52999877929688,26497
2026-09-21 13:31:00+00:00,97.56999969482422,97.5999984741211,97.54000091552734,97.55000305175781,8342
2026-09-21 13:32:00+00:00,97.55000305175781,97.55000305175781,97.47250366210938,97.47599792480469,3276
2026-09-21 13:33:00+00:00,97.48999786376953,97.5199966430664,97.4800033569336,97.5199966430664,20267
2026-09-21 13:34:00+00:00,97.5199966430664,97.5199966430664,97.4800033569336,97.48999786376953,12013
2026-09-21 13:35:00+00:00,97.51000213623047,97.51799774169922,97.47000122070312,97.49500274658203,9789
2026-09-21 13:36:00+00:00,97.5,97.54499816894531,97.4800033569336,97.54499816894531,8032
2026-09-21 13:37:00+00:00,97.52999877929688,97.55000305175781,97.5199966430664,97.5250015258789,12598
2026-09-21 13:38:00+00:00,97.52519989013672,97.55500030517578,97.5250015258789,97.52999877929688,40624
2026-09-21 13:39:00+00:00,97.5250015258789,97.53500366210938,97.5,97.5,15828
2026-09-21 13:40:00+00:00,97.50499725341797,97.53500366210938,97.50499725341797,97.52999877929688,24305
2026-09-21 13:41:00+00:00,97.55000305175781,97.55500030517578,97.52999877929688,97.54000091552734,8374
2026-09-21 13:42:00+00:00,97.53500366210938,97.53500366210938,97.50499725341797,97.51000213623047,17671
2026-09-21 13:43:00+00:00,97.51499938964844,97.5199966430664,97.5,97.50499725341797,84560
2026-09-21 13:44:00+00:00,97.5000991821289,97.55999755859375,97.5000991821289,97.55999755859375,17629
2026-09-21 13:45:00+00:00,97.55999755859375,97.58499908447266,97.55000305175781,97.5541000366211,7724
2026-09-21 13:46:00+00:00,97.55500030517578,97.59510040283203,97.55000305175781,97.59510040283203,17704
2026-09-21 13:47:00+00:00,97.59500122070312,97.5999984741211,97.56500244140625,97.58000183105469,16509
2026-09-21 13:48:00+00:00,97.57499694824219,97.59500122070312,97.56999969482422,97.58000183105469,20059
2026-09-21 13:49:00+00:00,97.58000183105469,97.5999984741211,97.55999755859375,97.58999633789062,51007
2026-09-21 13:50:00+00:00,97.58499908447266,97.6050033569336,97.58000183105469,97.5999984741211,34357
2026-09-21 13:51:00+00:00,97.59010314941406,97.63500213623047,97.58999633789062,97.62999725341797,28708
2026-09-21 13:52:00+00:00,97.61499786376953,97.61499786376953,97.58999633789062,97.5999984741211,21930
2026-09-21 13:53:00+00:00,97.58999633789062,97.59500122070312,97.58000183105469,97.58499908447266,4489
2026-09-21 13:54:00+00:00,97.58999633789062,97.61000061035156,97.58499908447266,97.5999984741211,11728
2026-09-21 13:55:00+00:00,97.5999984741211,97.5999984741211,97.56999969482422,97.57499694824219,11412
2026-09-21 13:56:00+00:00,97.56999969482422,97.57499694824219,97.55000305175781,97.56999969482422,20106
2026-09-21 13:57:00+00:00,97.56999969482422,97.56999969482422,97.55999755859375,97.56999969482422,4871
2026-09-21 13:58:00+00:00,97.56999969482422,97.58499908447266,97.55500030517578,97.55999755859375,7848
2026-09-21 13:59:00+00:00,97.55999755859375,97.56999969482422,97.55000305175781,97.55999755859375,9709
2026-09-21 14:00:00+00:00,97.55999755859375,97.56999969482422,97.52999877929688,97.56999969482422,21072
2026-09-21 14:01:00+00:00,97.58000183105469,97.6050033569336,97.58000183105469,97.5999984741211,5434
2026-09-21 14:02:00+00:00,97.5999984741211,97.6050033569336,97.58000183105469,97.58000183105469,22747
2026-09-21 14:03:00+00:00,97.58000183105469,97.58000183105469,97.55000305175781,97.55000305175781,14615
2026-09-21 14:04:00+00:00,97.55000305175781,97.58000183105469,97.55000305175781,97.55999755859375,20186
2026-09-21 14:05:00+00:00,97.55000305175781,97.55500030517578,97.4749984741211,97.4800033569336,24266
2026-09-21 14:06:00+00:00,97.4800033569336,97.50499725341797,97.4749984741211,97.49500274658203,12137
2026-09-21 14:07:00+00:00,97.48999786376953,97.51000213623047,97.4749984741211,97.50499725341797,6515
2026-09-21 14:08:00+00:00,97.5,97.50499725341797,97.5,97.5,2937
2026-09-21 14:09:00+00:00,97.51000213623047,97.5199966430664,97.51000213623047,97.5199966430664,4742
2026-09-21 14:10:00+00:00,97.5199966430664,97.57499694824219,97.50499725341797,97.53500366210938,26082
2026-09-21 14:11:00+00:00,97.54000091552734,97.55999755859375,97.5199966430664,97.54000091552734,20305
2026-09-21 14:12:00+00:00,97.54000091552734,97.55500030517578,97.51000213623047,97.55500030517578,20514
2026-09-21 14:13:00+00:00,97.55000305175781,97.56500244140625,97.55000305175781,97.56500244140625,5769
2026-09-21 14:14:00+00:00,97.56500244140625,97.59500122070312,97.56500244140625,97.58999633789062,15975
2026-09-21 14:15:00+00:00,97.58999633789062,97.5999984741211,97.55999755859375,97.58499908447266,26612
2026-09-21 14:16:00+00:00,97.58499908447266,97.59500122070312,97.57499694824219,97.59500122070312,5473
2026-09-21 14:17:00+00:00,97.59500122070312,97.59500122070312,97.58000183105469,97.59500122070312,7962
2026-09-21 14:18:00+00:00,97.58999633789062,97.5999984741211,97.58499908447266,97.58999633789062,10168
2026-09-21 14:19:00+00:00,97.58000183105469,97.58000183105469,97.55500030517578,97.55999755859375,3496
2026-09-21 14:20:00+00:00,97.55500030517578,97.57499694824219,97.55500030517578,97.56999969482422,2839
2026-09-21 14:21:00+00:00,97.56500244140625,97.62999725341797,97.56500244140625,97.61499786376953,22407
2026-09-21 14:22:00+00:00,97.61499786376953,97.6500015258789,97.61499786376953,97.6500015258789,7736
2026-09-21 14:23:00+00:00,97.6500015258789,97.68000030517578,97.6500015258789,97.68000030517578,3353
2026-09-21 14:24:00+00:00,97.69999694824219,97.69999694824219,97.66500091552734,97.66999816894531,1298
2026-09-21 14:25:00+00:00,97.69000244140625,97.70500183105469,97.68000030517578,97.70500183105469,30653
2026-09-21 14:26:00+00:00,97.70010375976562,97.71499633789062,97.69999694824219,97.69999694824219,13859
2026-09-21 14:27:00+00:00,97.70500183105469,97.73500061035156,97.70500183105469,97.73500061035156,11870
2026-09-21 14:28:00+00:00,97.73500061035156,97.77999877929688,97.7300033569336,97.77999877929688,11421
2026-09-21 14:29:00+00:00,97.7750015258789,97.78500366210938,97.76000213623047,97.7699966430664,10925
2026-09-21 14:30:00+00:00,97.77999877929688,97.78500366210938,97.7699966430664,97.78500366210938,3433
2026-09-21 14:31:00+00:00,97.80000305175781,97.80000305175781,97.76000213623047,97.76000213623047,13406
2026-09-21 14:32:00+00:00,97.75,97.7699966430664,97.75,97.7699966430664,4460
2026-09-21 14:33:00+00:00,97.80500030517578,97.86000061035156,97.80500030517578,97.86000061035156,14772
2026-09-21 14:34:00+00:00,97.8499984741211,97.8499984741211,97.80999755859375,97.80999755859375,4348
2026-09-21 14:35:00+00:00,97.80500030517578,97.81500244140625,97.80000305175781,97.80999755859375,6084
2026-09-21 14:36:00+00:00,97.80999755859375,97.80999755859375,97.76000213623047,97.76000213623047,11221
2026-09-21 14:37:00+00:00,97.76000213623047,97.76499938964844,97.76000213623047,97.76000213623047,2288
2026-09-21 14:38:00+00:00,97.75,97.75,97.69999694824219,97.70999908447266,11468
2026-09-21 14:39:00+00:00,97.69999694824219,97.7249984741211,97.69999694824219,97.70999908447266,9557
2026-09-21 14:40:00+00:00,97.71499633789062,97.74500274658203,97.71499633789062,97.74500274658203,7043
2026-09-21 14:41:00+00:00,97.74500274658203,97.80500030517578,97.7249984741211,97.7249984741211,24487
2026-09-21 14:42:00+00:00,97.73999786376953,97.73999786376953,97.73500061035156,97.73500061035156,4277
2026-09-21 14:43:00+00:00,97.73999786376953,97.73999786376953,97.69000244140625,97.69999694824219,3371
2026-09-21 14:44:00+00:00,97.69999694824219,97.75,97.69999694824219,97.73999786376953,9597
2026-09-21 14:45:00+00:00,97.72000122070312,97.7249984741211,97.70999908447266,97.7249984741211,1904
2026-09-21 14:46:00+00:00,97.7300033569336,97.75,97.7300033569336,97.73999786376953,3172
2026-09-21 14:47:00+00:00,97.75,97.78500366210938,97.75,97.75499725341797,7514
2026-09-21 14:48:00+00:00,97.76000213623047,97.78500366210938,97.73999786376953,97.73999786376953,5269
2026-09-21 14:49:00+00:00,97.7300033569336,97.7300033569336,97.71499633789062,97.71499633789062,2441
2026-09-21 14:50:00+00:00,97.72000122070312,97.74500274658203,97.72000122070312,97.7249984741211,5844
2026-09-21 14:51:00+00:00,97.7300033569336,97.73999786376953,97.7249984741211,97.73500061035156,4019
2026-09-21 14:52:00+00:00,97.73500061035156,97.7699966430664,97.73500061035156,97.76000213623047,6955
2026-09-21 14:53:00+00:00,97.76000213623047,97.76499938964844,97.73999786376953,97.73999786376953,9096
2026-09-21 14:54:00+00:00,97.73999786376953,97.73999786376953,97.73999786376953,97.73999786376953,2837
2026-09-21 14:55:00+00:00,97.73999786376953,97.74500274658203,97.69999694824219,97.69999694824219,11770
2026-09-21 14:56:00+00:00,97.70999908447266,97.73999786376953,97.70999908447266,97.7300033569336,4204
2026-09-21 14:57:00+00:00,97.73999786376953,97.74500274658203,97.7300033569336,97.73999786376953,6288
2026-09-21 14:58:00+00:00,97.73500061035156,97.76499938964844,97.73500061035156,97.76000213623047,5735
2026-09-21 14:59:00+00:00,97.76000213623047,97.76000213623047,97.73500061035156,97.75,9566
2026-09-21 15:00:00+00:00,97.76000213623047,97.79499816894531,97.76000213623047,97.79499816894531,4837
2026-09-21 15:01:00+00:00,97.79000091552734,97.79499816894531,97.77999877929688,97.79000091552734,10496
2026-09-21 15:02:00+00:00,97.77999877929688,97.80999755859375,97.76499938964844,97.80999755859375,6027
2026-09-21 15:03:00+00:00,97.80000305175781,97.81999969482422,97.80000305175781,97.81500244140625,6048
2026-09-21 15:04:00+00:00,97.81999969482422,97.82499694824219,97.81500244140625,97.82499694824219,10114
2026-09-21 15:05:00+00:00,97.81999969482422,97.82499694824219,97.80999755859375,97.80999755859375,8851
2026-09-21 15:06:00+00:00,97.80999755859375,97.81500244140625,97.80000305175781,97.80000305175781,3681
2026-09-21 15:07:00+00:00,97.80000305175781,97.80500030517578,97.79000091552734,97.79499816894531,11638
2026-09-21 15:08:00+00:00,97.79000091552734,97.79000091552734,97.77999877929688,97.78500366210938,3474
2026-09-21 15:09:00+00:00,97.78500366210938,97.80000305175781,97.78500366210938,97.79000091552734,12141
2026-09-21 15:10:00+00:00,97.79000091552734,97.79000091552734,97.77999877929688,97.77999877929688,8850
2026-09-21 15:11:00+00:00,97.7699966430664,97.7750015258789,97.76000213623047,97.76499938964844,2123
2026-09-21 15:12:00+00:00,97.76499938964844,97.80000305175781,97.76000213623047,97.78500366210938,14157
2026-09-21 15:13:00+00:00,97.79499816894531,97.80000305175781,97.77999877929688,97.80000305175781,8302
2026-09-21 15:14:00+00:00,97.79499816894531,97.80500030517578,97.79499816894531,97.80500030517578,129508
2026-09-21 15:15:00+00:00,97.80999755859375,97.81500244140625,97.80000305175781,97.80500030517578,6875
2026-09-21 15:16:00+00:00,97.80500030517578,97.83999633789062,97.80500030517578,97.83499908447266,12423
2026-09-21 15:17:00+00:00,97.83499908447266,97.83499908447266,97.80999755859375,97.83000183105469,13501
2026-09-21 15:18:00+00:00,97.82499694824219,97.83999633789062,97.82499694824219,97.83499908447266,7107
2026-09-21 15:19:00+00:00,97.83000183105469,97.86000061035156,97.83000183105469,97.83000183105469,8877
2026-09-21 15:20:00+00:00,97.83499908447266,97.83999633789062,97.83000183105469,97.83000183105469,5217
2026-09-21 15:21:00+00:00,97.81999969482422,97.83000183105469,97.81500244140625,97.83000183105469,7958
2026-09-21 15:22:00+00:00,97.83000183105469,97.83000183105469,97.81990051269531,97.81999969482422,4370
2026-09-21 15:23:00+00:00,97.82499694824219,97.83499908447266,97.82499694824219,97.83499908447266,3641
2026-09-21 15:24:00+00:00,97.83999633789062,97.83999633789062,97.8301010131836,97.8301010131836,670
2026-09-21 15:25:00+00:00,97.83499908447266,97.84500122070312,97.83499908447266,97.83999633789062,5751
2026-09-21 15:26:00+00:00,97.8499984741211,97.86000061035156,97.83999633789062,97.83999633789062,6421
2026-09-21 15:27:00+00:00,97.83000183105469,97.83000183105469,97.77999877929688,97.77999877929688,5657
2026-09-21 15:28:00+00:00,97.7699966430664,97.7699966430664,97.73999786376953,97.73999786376953,8371
2026-09-21 15:29:00+00:00,97.73500061035156,97.73500061035156,97.69999694824219,97.72000122070312,8968
2026-09-21 15:30:00+00:00,97.71499633789062,97.76000213623047,97.71499633789062,97.76000213623047,6414
2026-09-21 15:31:00+00:00,97.76000213623047,97.76000213623047,97.7300033569336,97.7300033569336,6983
2026-09-21 15:32:00+00:00,97.73999786376953,97.76000213623047,97.73999786376953,97.76000213623047,3528
2026-09-21 15:33:00+00:00,97.76000213623047,97.76000213623047,97.76000213623047,97.76000213623047,642
2026-09-21 15:34:00+00:00,97.75499725341797,97.7699966430664,97.75,97.7699966430664,2527
2026-09-21 15:35:00+00:00,97.77999877929688,97.79000091552734,97.77999877929688,97.79000091552734,3626
2026-09-21 15:36:00+00:00,97.79000091552734,97.83999633789062,97.78500366210938,97.81999969482422,8952
2026-09-21 15:37:00+00:00,97.81600189208984,97.81600189208984,97.80000305175781,97.80999755859375,128407
2026-09-21 15:38:00+00:00,97.80999755859375,97.81500244140625,97.80999755859375,97.81500244140625,879
2026-09-21 15:39:00+00:00,97.81999969482422,97.81999969482422,97.80999755859375,97.80999755859375,2301
2026-09-21 15:40:00+00:00,97.80000305175781,97.80000305175781,97.7699966430664,97.7699966430664,1237
2026-09-21 15:41:00+00:00,97.76000213623047,97.77999877929688,97.76000213623047,97.77999877929688,2115
2026-09-21 15:42:00+00:00,97.77999877929688,97.77999877929688,97.7699966430664,97.77999877929688,1390
2026-09-21 15:43:00+00:00,97.77999877929688,97.79000091552734,97.77999877929688,97.79000091552734,1986
2026-09-21 15:44:00+00:00,97.79000091552734,97.80000305175781,97.79000091552734,97.80000305175781,1520
2026-09-21 15:45:00+00:00,97.80500030517578,97.80999755859375,97.80500030517578,97.80999755859375,560
2026-09-21 15:46:00+00:00,97.80999755859375,97.82499694824219,97.80500030517578,97.82499694824219,2436
2026-09-21 15:47:00+00:00,97.82499694824219,97.83499908447266,97.81999969482422,97.83000183105469,7478
2026-09-21 15:48:00+00:00,97.81999969482422,97.81999969482422,97.79000091552734,97.79000091552734,1680
2026-09-21 15:49:00+00:00,97.79000091552734,97.79499816894531,97.78820037841797,97.79499816894531,1085
2026-09-21 15:50:00+00:00,97.79000091552734,97.87999725341797,97.77999877929688,97.81999969482422,18832
2026-09-21 15:51:00+00:00,97.82499694824219,97.83999633789062,97.79010009765625,97.79010009765625,6320
2026-09-21 15:52:00+00:00,97.77999877929688,97.77999877929688,97.7750015258789,97.7750015258789,2492
2026-09-21 15:53:00+00:00,97.77999877929688,97.78500366210938,97.77999877929688,97.77999877929688,1228
2026-09-21 15:54:00+00:00,97.79000091552734,97.80000305175781,97.7699966430664,97.7699966430664,2273
2026-09-21 15:55:00+00:00,97.7699966430664,97.79000091552734,97.7699966430664,97.78500366210938,3608
2026-09-21 15:56:00+00:00,97.77999877929688,97.77999877929688,97.7699966430664,97.7699966430664,836
2026-09-21 15:58:00+00:00,97.7300033569336,97.7300033569336,97.71499633789062,97.72000122070312,6603
2026-09-21 15:59:00+00:00,97.70999908447266,97.70999908447266,97.70999908447266,97.70999908447266,1782
2026-09-21 16:00:00+00:00,97.70500183105469,97.70500183105469,97.69999694824219,97.69999694824219,870
2026-09-21 16:01:00+00:00,97.69999694824219,97.72000122070312,97.69999694824219,97.70999908447266,1534
2026-09-21 16:02:00+00:00,97.71389770507812,97.73999786376953,97.71389770507812,97.73999786376953,1684
2026-09-21 16:03:00+00:00,97.75,97.76730346679688,97.75,97.76499938964844,1251
2026-09-21 16:04:00+00:00,97.7699966430664,97.77999877929688,97.76499938964844,97.76499938964844,3483
2026-09-21 16:05:00+00:00,97.76000213623047,97.76000213623047,97.75,97.75,887
2026-09-21 16:06:00+00:00,97.74500274658203,97.74500274658203,97.74500274658203,97.74500274658203,1078
2026-09-21 16:07:00+00:00,97.73999786376953,97.86000061035156,97.73500061035156,97.81999969482422,21412
2026-09-21 16:08:00+00:00,97.80999755859375,97.83999633789062,97.80999755859375,97.83999633789062,3395
2026-09-21 16:09:00+00:00,97.83499908447266,97.86000061035156,97.83000183105469,97.86000061035156,3410
2026-09-21 16:10:00+00:00,97.86000061035156,97.88999938964844,97.86000061035156,97.88999938964844,36574
2026-09-21 16:11:00+00:00,97.87999725341797,97.88999938964844,97.87999725341797,97.88999938964844,1504
2026-09-21 16:12:00+00:00,97.87999725341797,97.87999725341797,97.83499908447266,97.83499908447266,5278
2026-09-21 16:13:00+00:00,97.83499908447266,97.8550033569336,97.83499908447266,97.83499908447266,7853
2026-09-21 16:14:00+00:00,97.83000183105469,97.86000061035156,97.83000183105469,97.86000061035156,2762
2026-09-21 16:15:00+00:00,97.87000274658203,97.88999938964844,97.87000274658203,97.88999938964844,5748
2026-09-21 16:16:00+00:00,97.88999938964844,97.91500091552734,97.88999938964844,97.91500091552734,1696
2026-09-21 16:17:00+00:00,97.91500091552734,97.91500091552734,97.8949966430664,97.8949966430664,1405
2026-09-21 16:18:00+00:00,97.9000015258789,97.91000366210938,97.9000015258789,97.91000366210938,1425
2026-09-21 16:19:00+00:00,97.91000366210938,97.93000030517578,97.90499877929688,97.93000030517578,1019
2026-09-21 16:20:00+00:00,97.92500305175781,97.92500305175781,97.91000366210938,97.91000366210938,3357
2026-09-21 16:21:00+00:00,97.90499877929688,97.90499877929688,97.87999725341797,97.88500213623047,5698
2026-09-21 16:22:00+00:00,97.88999938964844,97.8949966430664,97.87999725341797,97.87999725341797,2483
2026-09-21 16:24:00+00:00,97.875,97.87999725341797,97.8550033569336,97.8550033569336,2471
2026-09-21 16:25:00+00:00,97.8499984741211,97.86499786376953,97.83999633789062,97.86499786376953,7064
2026-09-21 16:26:00+00:00,97.86499786376953,97.88999938964844,97.86499786376953,97.88999938964844,3687
2026-09-21 16:27:00+00:00,97.88999938964844,97.91000366210938,97.88999938964844,97.90499877929688,1491
2026-09-21 16:28:00+00:00,97.9000015258789,97.9000015258789,97.88500213623047,97.88500213623047,1876
2026-09-21 16:29:00+00:00,97.88999938964844,97.88999938964844,97.87000274658203,97.87000274658203,1963
2026-09-21 16:30:00+00:00,97.87000274658203,97.88999938964844,97.87000274658203,97.88500213623047,4621
2026-09-21 16:31:00+00:00,97.88999938964844,97.90560150146484,97.88999938964844,97.90560150146484,2941
2026-09-21 16:32:00+00:00,97.91000366210938,97.91999816894531,97.91000366210938,97.91999816894531,1619
2026-09-21 16:33:00+00:00,97.92500305175781,97.94000244140625,97.91999816894531,97.94000244140625,3108
2026-09-21 16:34:00+00:00,97.94000244140625,97.94000244140625,97.93499755859375,97.94000244140625,2283
2026-09-21 16:35:00+00:00,97.94000244140625,97.94499969482422,97.9260025024414,97.9260025024414,1257
2026-09-21 16:36:00+00:00,97.92500305175781,97.92500305175781,97.91500091552734,97.91500091552734,3446
2026-09-21 16:37:00+00:00,97.91999816894531,97.92500305175781,97.91999816894531,97.91999816894531,7755
2026-09-21 16:38:00+00:00,97.91000366210938,97.91000366210938,97.8949966430664,97.9000015258789,5101
2026-09-21 16:39:00+00:00,97.88999938964844,97.88999938964844,97.86499786376953,97.86499786376953,2628
2026-09-21 16:40:00+00:00,97.86000061035156,97.88500213623047,97.86000061035156,97.88500213623047,2802
2026-09-21 16:41:00+00:00,97.87999725341797,97.87999725341797,97.875,97.875,1177
2026-09-21 16:42:00+00:00,97.87999725341797,97.88999938964844,97.87999725341797,97.87999725341797,2014
2026-09-21 16:43:00+00:00,97.875,97.875,97.87000274658203,97.87000274658203,466
2026-09-21 16:44:00+00:00,97.87000274658203,97.87000274658203,97.81999969482422,97.82499694824219,6378
2026-09-21 16:45:00+00:00,97.82499694824219,97.82499694824219,97.80999755859375,97.81999969482422,9461
2026-09-21 16:46:00+00:00,97.82499694824219,97.83499908447266,97.82499694824219,97.83000183105469,2351
2026-09-21 16:47:00+00:00,97.83000183105469,97.8550033569336,97.83000183105469,97.8550033569336,4370
2026-09-21 16:48:00+00:00,97.86000061035156,97.86000061035156,97.8550033569336,97.86000061035156,4600
2026-09-21 16:49:00+00:00,97.86000061035156,97.875,97.86000061035156,97.87000274658203,3540
2026-09-21 16:50:00+00:00,97.87000274658203,97.90499877929688,97.87000274658203,97.9000015258789,11842
2026-09-21 16:51:00+00:00,97.8949966430664,97.8949966430664,97.875,97.875,2954
2026-09-21 16:52:00+00:00,97.87000274658203,97.87000274658203,97.86499786376953,97.87000274658203,3386
2026-09-21 16:53:00+00:00,97.87000274658203,97.87000274658203,97.86499786376953,97.86499786376953,2237
2026-09-21 16:54:00+00:00,97.86430358886719,97.87999725341797,97.86430358886719,97.875,9597
2026-09-21 16:55:00+00:00,97.87999725341797,97.88999938964844,97.87999725341797,97.88999938964844,4481
2026-09-21 16:56:00+00:00,97.88999938964844,97.88999938964844,97.87999725341797,97.87999725341797,1273
2026-09-21 16:57:00+00:00,97.87999725341797,97.87999725341797,97.875,97.87999725341797,3420
2026-09-21 16:58:00+00:00,97.87999725341797,97.87999725341797,97.86499786376953,97.87000274658203,8903
2026-09-21 16:59:00+00:00,97.875,97.8949966430664,97.875,97.8949966430664,2615
2026-09-21 17:00:00+00:00,97.88999938964844,97.88999938964844,97.88159942626953,97.88159942626953,929
2026-09-21 17:01:00+00:00,97.88999938964844,97.90499877929688,97.88999938964844,97.8949966430664,1940
2026-09-21 17:02:00+00:00,97.9000015258789,97.91000366210938,97.9000015258789,97.9000015258789,5715
2026-09-21 17:03:00+00:00,97.9000015258789,97.90499877929688,97.8949966430664,97.9000015258789,4414
2026-09-21 17:04:00+00:00,97.9000015258789,97.9000015258789,97.9000015258789,97.9000015258789,103
2026-09-21 17:05:00+00:00,97.8949966430664,97.91000366210938,97.8949966430664,97.90989685058594,3679
2026-09-21 17:06:00+00:00,97.91000366210938,97.91000366210938,97.91000366210938,97.91000366210938,581
2026-09-21 17:07:00+00:00,97.92500305175781,97.92500305175781,97.92500305175781,97.92500305175781,1253
2026-09-21 17:08:00+00:00,97.92500305175781,97.92500305175781,97.92500305175781,97.92500305175781,637
2026-09-21 17:09:00+00:00,97.92500305175781,97.92500305175781,97.91000366210938,97.91999816894531,2591
2026-09-21 17:10:00+00:00,97.93000030517578,97.93499755859375,97.92500305175781,97.92500305175781,2970
2026-09-21 17:11:00+00:00,97.91999816894531,97.91999816894531,97.91500091552734,97.91999816894531,1364
2026-09-21 17:12:00+00:00,97.93000030517578,97.93499755859375,97.93000030517578,97.93000030517578,2662
2026-09-21 17:13:00+00:00,97.93499755859375,97.94499969482422,97.93499755859375,97.94000244140625,3464
2026-09-21 17:14:00+00:00,97.93499755859375,97.94000244140625,97.93000030517578,97.93000030517578,2495
2026-09-21 17:15:00+00:00,97.92500305175781,97.93499755859375,97.92500305175781,97.93000030517578,1663
2026-09-21 17:16:00+00:00,97.92500305175781,97.92500305175781,97.91999816894531,97.91999816894531,1841
2026-09-21 17:17:00+00:00,97.91000366210938,97.91000366210938,97.88999938964844,97.9000015258789,4043
2026-09-21 17:18:00+00:00,97.88999938964844,97.91999816894531,97.88999938964844,97.91999816894531,2896
2026-09-21 17:19:00+00:00,97.91500091552734,97.91500091552734,97.91500091552734,97.91500091552734,8669
2026-09-21 17:20:00+00:00,97.91999816894531,97.92009735107422,97.91999816894531,97.91999816894531,3522
2026-09-21 17:21:00+00:00,97.91999816894531,97.91999816894531,97.91500091552734,97.91999816894531,2609
2026-09-21 17:22:00+00:00,97.91999816894531,97.91999816894531,97.91500091552734,97.91500091552734,561
2026-09-21 17:23:00+00:00,97.91500091552734,97.91500091552734,97.90499877929688,97.90499877929688,742
2026-09-21 17:24:00+00:00,97.9000015258789,97.9000015258789,97.88999938964844,97.88999938964844,2080
2026-09-21 17:25:00+00:00,97.9000015258789,97.9000015258789,97.9000015258789,97.9000015258789,2110
2026-09-21 17:26:00+00:00,97.9000015258789,97.9000015258789,97.88999938964844,97.88999938964844,1552
2026-09-21 17:27:00+00:00,97.88999938964844,97.88999938964844,97.88999938964844,97.88999938964844,790
2026-09-21 17:28:00+00:00,97.9000015258789,97.9000015258789,97.8949966430664,97.9000015258789,2745
2026-09-21 17:29:00+00:00,97.91000366210938,97.91500091552734,97.91000366210938,97.91500091552734,823
2026-09-21 17:30:00+00:00,97.91999816894531,97.92500305175781,97.90499877929688,97.91000366210938,6010
2026-09-21 17:31:00+00:00,97.91000366210938,97.91000366210938,97.875,97.88999938964844,10730
2026-09-21 17:32:00+00:00,97.88500213623047,97.88999938964844,97.88500213623047,97.88999938964844,814
2026-09-21 17:33:00+00:00,97.88999938964844,97.88999938964844,97.88999938964844,97.88999938964844,633
2026-09-21 17:34:00+00:00,97.87999725341797,97.88500213623047,97.875,97.87999725341797,6787
2026-09-21 17:35:00+00:00,97.88999938964844,97.9000015258789,97.88999938964844,97.9000015258789,722
2026-09-21 17:36:00+00:00,97.88999938964844,97.88999938964844,97.87409973144531,97.87999725341797,3394
2026-09-21 17:37:00+00:00,97.87000274658203,97.87000274658203,97.87000274658203,97.87000274658203,359
2026-09-21 17:38:00+00:00,97.87000274658203,97.87999725341797,97.87000274658203,97.87999725341797,2835
2026-09-21 17:39:00+00:00,97.87999725341797,97.87999725341797,97.86000061035156,97.86000061035156,3332
2026-09-21 17:40:00+00:00,97.86000061035156,97.88500213623047,97.86000061035156,97.875,5812
2026-09-21 17:41:00+00:00,97.87999725341797,97.88500213623047,97.87999725341797,97.88500213623047,3470
2026-09-21 17:42:00+00:00,97.9000015258789,97.9000015258789,97.8949966430664,97.9000015258789,4060
2026-09-21 17:43:00+00:00,97.9000015258789,97.9000015258789,97.8949966430664,97.9000015258789,1413
2026-09-21 17:44:00+00:00,97.90499877929688,97.91500091552734,97.90499877929688,97.91500091552734,1670
2026-09-21 17:45:00+00:00,97.91500091552734,97.93000030517578,97.91500091552734,97.93000030517578,2979
2026-09-21 17:47:00+00:00,97.91999816894531,97.91999816894531,97.90499877929688,97.90499877929688,2521
2026-09-21 17:48:00+00:00,97.91000366210938,97.91000366210938,97.8949966430664,97.8949966430664,2536
2026-09-21 17:49:00+00:00,97.8949966430664,97.8949966430664,97.8949966430664,97.8949966430664,6095
2026-09-21 17:50:00+00:00,97.88999938964844,97.89510345458984,97.88500213623047,97.88500213623047,1930
2026-09-21 17:51:00+00:00,97.88500213623047,97.88999938964844,97.88500213623047,97.88999938964844,3589
2026-09-21 17:52:00+00:00,97.8949966430664,97.90499877929688,97.8949966430664,97.90499877929688,4832
2026-09-21 17:53:00+00:00,97.90499877929688,97.90499877929688,97.9000015258789,97.90380096435547,7459
2026-09-21 17:54:00+00:00,97.90499877929688,97.90499877929688,97.9000015258789,97.90499877929688,4322
2026-09-21 17:55:00+00:00,97.9000015258789,97.9000015258789,97.8949966430664,97.8949966430664,8637
2026-09-21 17:56:00+00:00,97.8949966430664,97.8949966430664,97.8949966430664,97.8949966430664,924
2026-09-21 17:57:00+00:00,97.8949966430664,97.9000015258789,97.8949966430664,97.8949966430664,2737
2026-09-21 17:58:00+00:00,97.8949966430664,97.8949966430664,97.88999938964844,97.8949966430664,3131
2026-09-21 17:59:00+00:00,97.8949966430664,97.8949966430664,97.88999938964844,97.8949966430664,3542
2026-09-21 18:00:00+00:00,97.8949966430664,97.91000366210938,97.8949966430664,97.91000366210938,10494
2026-09-21 18:01:00+00:00,97.90499877929688,97.91500091552734,97.90499877929688,97.91500091552734,8041
2026-09-21 18:02:00+00:00,97.91999816894531,97.93000030517578,97.91999816894531,97.93000030517578,8530
2026-09-21 18:03:00+00:00,97.92500305175781,97.92500305175781,97.92500305175781,97.92500305175781,100
2026-09-21 18:04:00+00:00,97.92500305175781,97.93000030517578,97.92500305175781,97.93000030517578,1262
2026-09-21 18:05:00+00:00,97.93000030517578,97.94000244140625,97.93000030517578,97.94000244140625,10323
2026-09-21 18:06:00+00:00,97.94999694824219,97.94999694824219,97.94999694824219,97.94999694824219,2529
2026-09-21 18:07:00+00:00,97.95500183105469,97.96499633789062,97.95500183105469,97.96499633789062,2036
2026-09-21 18:08:00+00:00,97.95999908447266,97.96499633789062,97.95999908447266,97.95999908447266,1086
2026-09-21 18:09:00+00:00,97.95999908447266,97.95999908447266,97.94010162353516,97.94010162353516,1994
2026-09-21 18:10:00+00:00,97.94499969482422,97.94499969482422,97.94000244140625,97.94000244140625,3735
2026-09-21 18:11:00+00:00,97.94000244140625,97.94000244140625,97.93499755859375,97.94000244140625,2656
2026-09-21 18:12:00+00:00,97.94000244140625,97.94000244140625,97.93499755859375,97.93499755859375,546
2026-09-21 18:13:00+00:00,97.94000244140625,97.94499969482422,97.94000244140625,97.94499969482422,1403
2026-09-21 18:14:00+00:00,97.94499969482422,97.95999908447266,97.94499969482422,97.95999908447266,9484
2026-09-21 18:15:00+00:00,97.97000122070312,97.9749984741211,97.97000122070312,97.9749984741211,1264
2026-09-21 18:16:00+00:00,97.97000122070312,97.97000122070312,97.96379852294922,97.96499633789062,3012
2026-09-21 18:17:00+00:00,97.97000122070312,97.9749984741211,97.96499633789062,97.96499633789062,5719
2026-09-21 18:18:00+00:00,97.96499633789062,97.9800033569336,97.96499633789062,97.9800033569336,4379
2026-09-21 18:19:00+00:00,97.97250366210938,97.9800033569336,97.97250366210938,97.9749984741211,2970
2026-09-21 18:20:00+00:00,97.9800033569336,97.98500061035156,97.97000122070312,97.98500061035156,13852
2026-09-21 18:21:00+00:00,97.98500061035156,97.99500274658203,97.98500061035156,97.98999786376953,8745
2026-09-21 18:22:00+00:00,97.98999786376953,98.0,97.98999786376953,98.0,3057
2026-09-21 18:23:00+00:00,98.0,98.01499938964844,98.0,98.01499938964844,4701
2026-09-21 18:24:00+00:00,98.0199966430664,98.0199966430664,98.01499938964844,98.01499938964844,1103
2026-09-21 18:25:00+00:00,98.01499938964844,98.0199966430664,98.01499938964844,98.0199966430664,1305
2026-09-21 18:26:00+00:00,98.01000213623047,98.01499938964844,97.98500061035156,97.98999786376953,17450
2026-09-21 18:27:00+00:00,97.98999786376953,98.00499725341797,97.98999786376953,97.99500274658203,4733
2026-09-21 18:28:00+00:00,98.0,98.01000213623047,98.0,98.00499725341797,8314
2026-09-21 18:29:00+00:00,98.00499725341797,98.01499938964844,97.98500061035156,97.98500061035156,18902
2026-09-21 18:30:00+00:00,97.98999786376953,97.98999786376953,97.94999694824219,97.94999694824219,62669
2026-09-21 18:31:00+00:00,97.95999908447266,97.95999908447266,97.94499969482422,97.95500183105469,23065
2026-09-21 18:32:00+00:00,97.94999694824219,97.95999908447266,97.94499969482422,97.95500183105469,10243
2026-09-21 18:33:00+00:00,97.95999908447266,97.95999908447266,97.94999694824219,97.94999694824219,2554
2026-09-21 18:34:00+00:00,97.94000244140625,97.94999694824219,97.94000244140625,97.94999694824219,4736
2026-09-21 18:35:00+00:00,97.95999908447266,97.97000122070312,97.95999908447266,97.97000122070312,12840
2026-09-21 18:36:00+00:00,97.9749984741211,97.9800033569336,97.97000122070312,97.97000122070312,5650
2026-09-21 18:37:00+00:00,97.9749984741211,97.9749984741211,97.97000122070312,97.97000122070312,10912
2026-09-21 18:38:00+00:00,97.9800033569336,97.98750305175781,97.96499633789062,97.96499633789062,6213
2026-09-21 18:40:00+00:00,97.97000122070312,97.97000122070312,97.96499633789062,97.96499633789062,1435
2026-09-21 18:41:00+00:00,97.96499633789062,97.96499633789062,97.96499633789062,97.96499633789062,449
2026-09-21 18:42:00+00:00,97.96499633789062,97.9749984741211,97.96499633789062,97.9749984741211,3215
2026-09-21 18:43:00+00:00,97.97509765625,97.97509765625,97.9749984741211,97.9749984741211,2057
2026-09-21 18:44:00+00:00,97.9749984741211,97.9800033569336,97.9749984741211,97.9800033569336,3956
2026-09-21 18:45:00+00:00,97.98999786376953,98.0,97.98999786376953,98.0,1619
2026-09-21 18:46:00+00:00,98.00499725341797,98.00499725341797,98.00499725341797,98.00499725341797,270
2026-09-21 18:47:00+00:00,98.01000213623047,98.0199966430664,98.01000213623047,98.0199966430664,3836
2026-09-21 18:48:00+00:00,98.0250015258789,98.03500366210938,98.0250015258789,98.03500366210938,430
2026-09-21 18:49:00+00:00,98.03500366210938,98.04499816894531,98.03500366210938,98.04499816894531,1884
2026-09-21 18:50:00+00:00,98.04499816894531,98.05500030517578,98.04499816894531,98.05500030517578,616
2026-09-21 18:51:00+00:00,98.05500030517578,98.05500030517578,98.04499816894531,98.05000305175781,5068
2026-09-21 18:52:00+00:00,98.05000305175781,98.05000305175781,98.04499816894531,98.04499816894531,1861
2026-09-21 18:53:00+00:00,98.05000305175781,98.05000305175781,98.05000305175781,98.05000305175781,610
2026-09-21 18:54:00+00:00,98.05000305175781,98.05000305175781,98.05000305175781,98.05000305175781,1055
2026-09-21 18:55:00+00:00,98.05000305175781,98.05999755859375,98.02999877929688,98.02999877929688,7302
2026-09-21 18:56:00+00:00,98.03500366210938,98.03500366210938,98.03500366210938,98.03500366210938,2203
2026-09-21 18:57:00+00:00,98.03099822998047,98.03099822998047,98.0250015258789,98.0250015258789,5094
2026-09-21 18:58:00+00:00,98.0250015258789,98.03500366210938,98.0250015258789,98.0250015258789,4048
2026-09-21 18:59:00+00:00,98.0250015258789,98.03500366210938,98.0250015258789,98.03500366210938,525
2026-09-21 19:00:00+00:00,98.04000091552734,98.04000091552734,98.02999877929688,98.02999877929688,3123
2026-09-21 19:01:00+00:00,98.0199966430664,98.0250015258789,98.01000213623047,98.01000213623047,4864
2026-09-21 19:02:00+00:00,98.01499938964844,98.01499938964844,98.0,98.0,9132
2026-09-21 19:03:00+00:00,98.00499725341797,98.00499725341797,97.99500274658203,97.99500274658203,1876
2026-09-21 19:05:00+00:00,97.99500274658203,97.99500274658203,97.98500061035156,97.98500061035156,1467
2026-09-21 19:06:00+00:00,97.98500061035156,97.99500274658203,97.98500061035156,97.98500061035156,1372
2026-09-21 19:07:00+00:00,97.99500274658203,97.99500274658203,97.99500274658203,97.99500274658203,1262
2026-09-21 19:08:00+00:00,97.98999786376953,97.98999786376953,97.98999786376953,97.98999786376953,1811
2026-09-21 19:09:00+00:00,98.0,98.00499725341797,97.99500274658203,98.0,2788
2026-09-21 19:10:00+00:00,98.0,98.00990295410156,97.98999786376953,97.98999786376953,2975
2026-09-21 19:11:00+00:00,97.98999786376953,98.01499938964844,97.98999786376953,98.01000213623047,1349
2026-09-21 19:12:00+00:00,98.0199966430664,98.0250015258789,98.0199966430664,98.0250015258789,5564
2026-09-21 19:13:00+00:00,98.0250015258789,98.02999877929688,98.0250015258789,98.02999877929688,13305
2026-09-21 19:14:00+00:00,98.03500366210938,98.03500366210938,98.03500366210938,98.03500366210938,100
2026-09-21 19:15:00+00:00,98.03759765625,98.03759765625,98.0250015258789,98.02999877929688,6616
2026-09-21 19:16:00+00:00,98.02999877929688,98.04000091552734,98.02999877929688,98.03500366210938,20007
2026-09-21 19:17:00+00:00,98.03500366210938,98.04499816894531,98.03500366210938,98.04000091552734,14560
2026-09-21 19:18:00+00:00,98.03500366210938,98.04000091552734,98.03500366210938,98.03500366210938,8123
2026-09-21 19:19:00+00:00,98.02999877929688,98.02999877929688,98.0250015258789,98.0250015258789,10208
2026-09-21 19:20:00+00:00,98.0250015258789,98.02999877929688,98.0199966430664,98.02999877929688,9519
2026-09-21 19:21:00+00:00,98.03500366210938,98.03500366210938,98.0250015258789,98.02999877929688,5018
2026-09-21 19:22:00+00:00,98.02999877929688,98.02999877929688,98.02999877929688,98.02999877929688,2803
2026-09-21 19:23:00+00:00,98.03500366210938,98.03500366210938,98.03500366210938,98.03500366210938,28249
2026-09-21 19:24:00+00:00,98.03500366210938,98.03500366210938,98.0199966430664,98.0199966430664,4861
2026-09-21 19:25:00+00:00,98.01499938964844,98.0199966430664,98.01000213623047,98.01000213623047,2910
2026-09-21 19:26:00+00:00,98.01499938964844,98.0199966430664,98.01499938964844,98.0199966430664,27852
2026-09-21 19:27:00+00:00,98.01499938964844,98.0199966430664,98.01499938964844,98.01499938964844,5252
2026-09-21 19:28:00+00:00,98.01499938964844,98.0199966430664,98.00499725341797,98.00499725341797,8496
2026-09-21 19:29:00+00:00,98.00499725341797,98.01499938964844,98.00499725341797,98.01000213623047,6695
2026-09-21 19:30:00+00:00,98.01000213623047,98.0199966430664,98.01000213623047,98.0199966430664,4465
2026-09-21 19:31:00+00:00,98.0250015258789,98.04499816894531,98.0250015258789,98.04499816894531,5418
2026-09-21 19:32:00+00:00,98.04499816894531,98.05000305175781,98.04499816894531,98.04499816894531,2922
2026-09-21 19:33:00+00:00,98.04499816894531,98.05500030517578,98.04499816894531,98.05500030517578,2823
2026-09-21 19:34:00+00:00,98.06999969482422,98.08000183105469,98.06999969482422,98.07499694824219,1698
2026-09-21 19:35:00+00:00,98.07499694824219,98.08000183105469,98.07499694824219,98.07499694824219,15081
2026-09-21 19:36:00+00:00,98.07499694824219,98.08499908447266,98.07499694824219,98.08499908447266,4330
2026-09-21 19:37:00+00:00,98.08499908447266,98.08499908447266,98.08499908447266,98.08499908447266,2501
2026-09-21 19:38:00+00:00,98.08999633789062,98.12000274658203,98.08999633789062,98.12000274658203,6066
2026-09-21 19:39:00+00:00,98.125,98.13999938964844,98.125,98.13500213623047,9816
2026-09-21 19:40:00+00:00,98.13500213623047,98.13500213623047,98.125,98.125,5760
2026-09-21 19:41:00+00:00,98.125,98.1261978149414,98.12000274658203,98.12000274658203,3485
2026-09-21 19:42:00+00:00,98.12000274658203,98.125,98.0999984741211,98.0999984741211,10280
2026-09-21 19:43:00+00:00,98.0999984741211,98.11499786376953,98.09500122070312,98.11499786376953,25574
2026-09-21 19:44:00+00:00,98.11499786376953,98.11499786376953,98.1050033569336,98.11499786376953,3819
2026-09-21 19:45:00+00:00,98.11000061035156,98.12000274658203,98.10099792480469,98.11499786376953,11297
2026-09-21 19:46:00+00:00,98.11499786376953,98.12000274658203,98.1050033569336,98.11000061035156,16133
2026-09-21 19:47:00+00:00,98.1050033569336,98.125,98.1050033569336,98.11000061035156,13164
2026-09-21 19:48:00+00:00,98.11000061035156,98.12000274658203,98.06999969482422,98.07499694824219,12699
2026-09-21 19:49:00+00:00,98.0790023803711,98.0790023803711,98.05999755859375,98.05999755859375,4984
2026-09-21 19:50:00+00:00,98.04000091552734,98.04000091552734,98.0,98.0,23848
2026-09-21 19:51:00+00:00,97.99500274658203,97.99500274658203,97.9800033569336,97.98500061035156,7926
2026-09-21 19:52:00+00:00,97.98500061035156,98.01000213623047,97.98320007324219,98.01000213623047,9625
2026-09-21 19:53:00+00:00,98.00499725341797,98.01499938964844,97.97000122070312,97.98500061035156,12084
2026-09-21 19:54:00+00:00,97.98500061035156,98.01499938964844,97.98500061035156,98.0,11144
2026-09-21 19:55:00+00:00,97.99500274658203,98.0199966430664,97.98999786376953,97.98999786376953,39459
2026-09-21 19:56:00+00:00,97.99500274658203,97.99500274658203,97.98999786376953,97.99500274658203,4752
2026-09-21 19:57:00+00:00,97.99500274658203,98.00499725341797,97.98500061035156,98.0,14688
2026-09-21 19:58:00+00:00,98.00499725341797,98.01570129394531,97.99500274658203,98.00499725341797,41568
2026-09-21 19:59:00+00:00,98.00499725341797,98.01000213623047,97.91000366210938,97.91000366210938,84204
2026-09-22 13:30:00+00:00,98.2699966430664,98.37000274658203,98.2699966430664,98.30999755859375,36064
2026-09-22 13:31:00+00:00,98.29000091552734,98.38999938964844,98.29000091552734,98.37999725341797,8868
2026-09-22 13:32:00+00:00,98.37000274658203,98.44000244140625,98.36000061035156,98.43000030517578,133272
2026-09-22 13:33:00+00:00,98.41999816894531,98.44499969482422,98.37999725341797,98.44499969482422,17759
2026-09-22 13:34:00+00:00,98.44499969482422,98.45999908447266,98.41000366210938,98.41999816894531,27815
2026-09-22 13:35:00+00:00,98.41999816894531,98.45500183105469,98.41000366210938,98.44000244140625,23778
2026-09-22 13:36:00+00:00,98.44000244140625,98.44999694824219,98.41000366210938,98.44000244140625,23618
2026-09-22 13:37:00+00:00,98.44000244140625,98.44000244140625,98.37999725341797,98.4000015258789,34933
2026-09-22 13:38:00+00:00,98.40499877929688,98.45500183105469,98.40499877929688,98.44999694824219,16760
2026-09-22 13:39:00+00:00,98.45500183105469,98.46499633789062,98.44000244140625,98.45999908447266,24363
2026-09-22 13:40:00+00:00,98.44999694824219,98.4800033569336,98.43000030517578,98.44999694824219,31111
2026-09-22 13:41:00+00:00,98.44000244140625,98.4749984741211,98.4000015258789,98.4000015258789,19785
2026-09-22 13:42:00+00:00,98.38500213623047,98.47000122070312,98.37999725341797,98.45999908447266,21442
2026-09-22 13:43:00+00:00,98.45500183105469,98.57499694824219,98.45500183105469,98.56999969482422,21903
2026-09-22 13:44:00+00:00,98.57499694824219,98.58499908447266,98.55000305175781,98.56999969482422,15442
2026-09-22 13:45:00+00:00,98.56500244140625,98.58999633789062,98.51499938964844,98.57499694824219,14831
2026-09-22 13:46:00+00:00,98.55999755859375,98.58499908447266,98.53500366210938,98.58000183105469,14074
2026-09-22 13:47:00+00:00,98.56500244140625,98.56500244140625,98.51000213623047,98.53500366210938,4828
2026-09-22 13:48:00+00:00,98.54000091552734,98.5999984741211,98.5250015258789,98.58000183105469,16961
2026-09-22 13:49:00+00:00,98.5999984741211,98.5999984741211,98.52999877929688,98.54000091552734,7812
2026-09-22 13:50:00+00:00,98.54000091552734,98.62999725341797,98.5199966430664,98.62999725341797,11329
2026-09-22 13:51:00+00:00,98.62999725341797,98.62999725341797,98.5999984741211,98.5999984741211,7657
2026-09-22 13:52:00+00:00,98.61000061035156,98.61499786376953,98.58999633789062,98.58999633789062,11637
2026-09-22 13:53:00+00:00,98.5999984741211,98.61499786376953,98.58999633789062,98.61000061035156,4342
2026-09-22 13:54:00+00:00,98.61000061035156,98.63500213623047,98.5999984741211,98.62999725341797,15033
2026-09-22 13:55:00+00:00,98.625,98.63999938964844,98.61499786376953,98.63999938964844,16648
2026-09-22 13:56:00+00:00,98.62999725341797,98.62999725341797,98.54499816894531,98.55000305175781,24914
2026-09-22 13:57:00+00:00,98.55999755859375,98.62999725341797,98.55999755859375,98.625,21062
2026-09-22 13:58:00+00:00,98.625,98.625,98.58000183105469,98.58000183105469,5110
2026-09-22 13:59:00+00:00,98.58499908447266,98.62000274658203,98.56999969482422,98.62000274658203,3891
2026-09-22 14:00:00+00:00,98.62999725341797,98.6500015258789,98.61499786376953,98.62000274658203,4201
2026-09-22 14:01:00+00:00,98.62999725341797,98.65499877929688,98.5999984741211,98.65499877929688,6624
2026-09-22 14:02:00+00:00,98.66000366210938,98.69499969482422,98.65499877929688,98.68000030517578,12807
2026-09-22 14:03:00+00:00,98.67500305175781,98.72000122070312,98.67500305175781,98.69499969482422,64563
2026-09-22 14:04:00+00:00,98.69499969482422,98.70999908447266,98.66999816894531,98.69000244140625,12214
2026-09-22 14:05:00+00:00,98.70950317382812,98.73999786376953,98.68499755859375,98.73999786376953,15549
2026-09-22 14:06:00+00:00,98.73999786376953,98.76000213623047,98.7249984741211,98.76000213623047,2286
2026-09-22 14:07:00+00:00,98.76000213623047,98.77999877929688,98.73999786376953,98.73999786376953,13080
2026-09-22 14:08:00+00:00,98.73500061035156,98.73500061035156,98.68499755859375,98.69999694824219,8769
2026-09-22 14:09:00+00:00,98.68699645996094,98.68699645996094,98.63999938964844,98.6500015258789,2870
2026-09-22 14:10:00+00:00,98.6500015258789,98.69000244140625,98.6500015258789,98.66999816894531,4086
2026-09-22 14:11:00+00:00,98.69000244140625,98.71499633789062,98.69000244140625,98.71499633789062,1307
2026-09-22 14:12:00+00:00,98.72000122070312,98.76000213623047,98.70999908447266,98.70999908447266,2792
2026-09-22 14:13:00+00:00,98.70999908447266,98.80999755859375,98.70999908447266,98.76000213623047,25814
2026-09-22 14:14:00+00:00,98.75,98.75,98.68000030517578,98.68000030517578,5736
2026-09-22 14:15:00+00:00,98.69000244140625,98.69000244140625,98.62000274658203,98.63999938964844,8076
2026-09-22 14:16:00+00:00,98.63999938964844,98.63999938964844,98.55000305175781,98.55000305175781,9313
2026-09-22 14:17:00+00:00,98.55500030517578,98.58999633789062,98.54000091552734,98.58999633789062,25121
2026-09-22 14:18:00+00:00,98.58999633789062,98.62000274658203,98.55999755859375,98.55999755859375,26319
2026-09-22 14:19:00+00:00,98.57499694824219,98.62000274658203,98.57499694824219,98.6050033569336,3202
2026-09-22 14:20:00+00:00,98.61000061035156,98.62000274658203,98.59500122070312,98.61990356445312,1888
2026-09-22 14:21:00+00:00,98.61000061035156,98.61000061035156,98.58000183105469,98.61000061035156,6529
2026-09-22 14:22:00+00:00,98.61499786376953,98.62000274658203,98.6050033569336,98.62000274658203,5927
2026-09-22 14:23:00+00:00,98.61499786376953,98.6500015258789,98.61499786376953,98.6449966430664,5457
2026-09-22 14:24:00+00:00,98.6500015258789,98.69999694824219,98.6500015258789,98.68499755859375,42046
2026-09-22 14:25:00+00:00,98.68000030517578,98.69999694824219,98.66000366210938,98.69999694824219,12913
2026-09-22 14:26:00+00:00,98.69000244140625,98.69499969482422,98.62999725341797,98.62999725341797,4949
2026-09-22 14:27:00+00:00,98.69000244140625,98.69000244140625,98.66500091552734,98.66500091552734,741
2026-09-22 14:28:00+00:00,98.6500015258789,98.6500015258789,98.63500213623047,98.63999938964844,2619
2026-09-22 14:29:00+00:00,98.66999816894531,98.68499755859375,98.6500015258789,98.6500015258789,6589
2026-09-22 14:30:00+00:00,98.67500305175781,98.67500305175781,98.6500015258789,98.6500015258789,3080
2026-09-22 14:31:00+00:00,98.63500213623047,98.66000366210938,98.63500213623047,98.66000366210938,4603
2026-09-22 14:32:00+00:00,98.66999816894531,98.67500305175781,98.625,98.625,6352
2026-09-22 14:33:00+00:00,98.62000274658203,98.62000274658203,98.6050033569336,98.62000274658203,4744
2026-09-22 14:34:00+00:00,98.61000061035156,98.61000061035156,98.54499816894531,98.54499816894531,2198
2026-09-22 14:35:00+00:00,98.5199966430664,98.5199966430664,98.47000122070312,98.48999786376953,21041
2026-09-22 14:36:00+00:00,98.48999786376953,98.5199966430664,98.4800033569336,98.51499938964844,15276
2026-09-22 14:37:00+00:00,98.5250015258789,98.55000305175781,98.51000213623047,98.55000305175781,6539
2026-09-22 14:38:00+00:00,98.53500366210938,98.54000091552734,98.4749984741211,98.51000213623047,21655
2026-09-22 14:39:00+00:00,98.5250015258789,98.62999725341797,98.46499633789062,98.46499633789062,36717
2026-09-22 14:40:00+00:00,98.47000122070312,98.47000122070312,98.41000366210938,98.43000030517578,21227
2026-09-22 14:41:00+00:00,98.40499877929688,98.41999816894531,98.33499908447266,98.3499984741211,13113
2026-09-22 14:42:00+00:00,98.33999633789062,98.33999633789062,98.2699966430664,98.29000091552734,7555
2026-09-22 14:43:00+00:00,98.30000305175781,98.36499786376953,98.2750015258789,98.36000061035156,30631
2026-09-22 14:44:00+00:00,98.36499786376953,98.38500213623047,98.33000183105469,98.37999725341797,18304
2026-09-22 14:45:00+00:00,98.37000274658203,98.37000274658203,98.33999633789062,98.33999633789062,1555
2026-09-22 14:46:00+00:00,98.33999633789062,98.33999633789062,98.30999755859375,98.31999969482422,2104
2026-09-22 14:47:00+00:00,98.31999969482422,98.44000244140625,98.31999969482422,98.4000015258789,2628
2026-09-22 14:48:00+00:00,98.40499877929688,98.41000366210938,98.38999938964844,98.38999938964844,2167
2026-09-22 14:49:00+00:00,98.4000015258789,98.41000366210938,98.4000015258789,98.41000366210938,864
2026-09-22 14:50:00+00:00,98.44000244140625,98.46499633789062,98.43000030517578,98.43000030517578,10435
2026-09-22 14:51:00+00:00,98.41999816894531,98.41999816894531,98.37000274658203,98.37999725341797,10245
2026-09-22 14:52:00+00:00,98.37000274658203,98.38999938964844,98.36000061035156,98.36000061035156,3647
2026-09-22 14:53:00+00:00,98.36499786376953,98.38999938964844,98.3550033569336,98.375,21932
2026-09-22 14:54:00+00:00,98.375,98.4000015258789,98.36000061035156,98.4000015258789,18420
2026-09-22 14:55:00+00:00,98.375,98.4000015258789,98.375,98.38999938964844,3096
2026-09-22 14:56:00+00:00,98.38999938964844,98.43000030517578,98.38999938964844,98.41999816894531,26854
2026-09-22 14:57:00+00:00,98.41500091552734,98.44000244140625,98.4000015258789,98.44000244140625,23306
2026-09-22 14:58:00+00:00,98.43000030517578,98.43000030517578,98.41500091552734,98.41999816894531,6581
2026-09-22 14:59:00+00:00,98.41999816894531,98.43499755859375,98.40499877929688,98.41500091552734,11737
2026-09-22 15:00:00+00:00,98.41000366210938,98.44000244140625,98.4000015258789,98.44000244140625,6768
2026-09-22 15:01:00+00:00,98.44999694824219,98.44999694824219,98.41000366210938,98.41999816894531,22905
2026-09-22 15:02:00+00:00,98.43499755859375,98.44499969482422,98.40499877929688,98.40499877929688,13489
2026-09-22 15:03:00+00:00,98.41500091552734,98.43000030517578,98.4000015258789,98.4000015258789,3141
2026-09-22 15:04:00+00:00,98.41000366210938,98.41999816894531,98.38500213623047,98.41000366210938,23976
2026-09-22 15:05:00+00:00,98.40499877929688,98.41500091552734,98.38500213623047,98.41500091552734,5985
2026-09-22 15:06:00+00:00,98.41999816894531,98.45500183105469,98.40499877929688,98.43000030517578,14149
2026-09-22 15:07:00+00:00,98.41999816894531,98.5,98.41500091552734,98.4749984741211,23501
2026-09-22 15:08:00+00:00,98.47000122070312,98.4749984741211,98.44000244140625,98.44499969482422,11343
2026-09-22 15:09:00+00:00,98.44499969482422,98.45500183105469,98.43000030517578,98.44000244140625,4686
2026-09-22 15:10:00+00:00,98.44000244140625,98.4854965209961,98.44000244140625,98.4749984741211,5008
2026-09-22 15:11:00+00:00,98.4800033569336,98.48999786376953,98.47000122070312,98.4800033569336,18588
2026-09-22 15:12:00+00:00,98.4800033569336,98.4800033569336,98.45500183105469,98.47000122070312,4402
2026-09-22 15:13:00+00:00,98.45999908447266,98.48999786376953,98.44999694824219,98.48999786376953,2602
2026-09-22 15:14:00+00:00,98.5,98.52999877929688,98.45999908447266,98.45999908447266,18855
2026-09-22 15:15:00+00:00,98.47000122070312,98.47000122070312,98.45500183105469,98.46499633789062,2136
2026-09-22 15:16:00+00:00,98.44999694824219,98.47000122070312,98.44999694824219,98.47000122070312,1107
2026-09-22 15:17:00+00:00,98.45999908447266,98.45999908447266,98.4198989868164,98.41999816894531,1911
2026-09-22 15:18:00+00:00,98.42500305175781,98.44000244140625,98.40499877929688,98.41000366210938,21521
2026-09-22 15:19:00+00:00,98.41500091552734,98.47000122070312,98.41500091552734,98.45500183105469,33340
2026-09-22 15:20:00+00:00,98.44999694824219,98.47000122070312,98.44499969482422,98.44499969482422,11580
2026-09-22 15:21:00+00:00,98.44499969482422,98.5,98.44499969482422,98.5,2043
2026-09-22 15:22:00+00:00,98.50499725341797,98.50499725341797,98.46499633789062,98.4749984741211,3508
2026-09-22 15:23:00+00:00,98.46499633789062,98.4800033569336,98.45500183105469,98.4800033569336,2118
2026-09-22 15:24:00+00:00,98.4800033569336,98.5,98.4800033569336,98.48500061035156,5685
2026-09-22 15:25:00+00:00,98.48500061035156,98.48500061035156,98.4749984741211,98.4749984741211,22332
2026-09-22 15:26:00+00:00,98.4749984741211,98.47989654541016,98.44499969482422,98.44999694824219,6715
2026-09-22 15:27:00+00:00,98.44999694824219,98.4551010131836,98.44499969482422,98.45500183105469,3844
2026-09-22 15:28:00+00:00,98.46499633789062,98.46499633789062,98.44999694824219,98.44999694824219,5904
2026-09-22 15:29:00+00:00,98.45500183105469,98.45500183105469,98.41000366210938,98.41000366210938,7051
2026-09-22 15:30:00+00:00,98.4000015258789,98.4000015258789,98.38999938964844,98.3949966430664,3733
2026-09-22 15:31:00+00:00,98.40499877929688,98.40499877929688,98.38500213623047,98.38500213623047,1983
2026-09-22 15:32:00+00:00,98.37000274658203,98.37999725341797,98.3550033569336,98.3550033569336,4892
2026-09-22 15:33:00+00:00,98.33999633789062,98.36000061035156,98.33499908447266,98.33999633789062,4638
2026-09-22 15:34:00+00:00,98.31999969482422,98.34500122070312,98.31999969482422,98.33999633789062,12759
2026-09-22 15:35:00+00:00,98.33999633789062,98.33999633789062,98.29000091552734,98.29499816894531,5573
2026-09-22 15:36:00+00:00,98.29499816894531,98.30999755859375,98.29499816894531,98.30000305175781,2741
2026-09-22 15:37:00+00:00,98.2750015258789,98.2750015258789,98.23999786376953,98.25499725341797,1129
2026-09-22 15:38:00+00:00,98.25499725341797,98.25499725341797,98.23989868164062,98.24500274658203,2482
2026-09-22 15:39:00+00:00,98.23999786376953,98.25,98.2300033569336,98.2300033569336,2467
2026-09-22 15:40:00+00:00,98.19999694824219,98.20999908447266,98.19999694824219,98.19999694824219,1663
2026-09-22 15:41:00+00:00,98.19000244140625,98.19499969482422,98.16999816894531,98.19000244140625,4687
2026-09-22 15:42:00+00:00,98.19190216064453,98.20999908447266,98.19190216064453,98.20500183105469,1535
2026-09-22 15:43:00+00:00,98.20500183105469,98.2300033569336,98.20500183105469,98.2300033569336,1963
2026-09-22 15:44:00+00:00,98.23999786376953,98.23999786376953,98.16000366210938,98.16000366210938,10339
2026-09-22 15:45:00+00:00,98.1500015258789,98.18000030517578,98.1449966430664,98.18000030517578,6711
2026-09-22 15:46:00+00:00,98.19000244140625,98.20500183105469,98.19000244140625,98.20500183105469,4206
2026-09-22 15:47:00+00:00,98.20999908447266,98.24500274658203,98.20500183105469,98.24500274658203,7837
2026-09-22 15:48:00+00:00,98.22000122070312,98.22000122070312,98.19000244140625,98.20500183105469,1691
2026-09-22 15:49:00+00:00,98.20500183105469,98.22000122070312,98.20500183105469,98.20999908447266,4759
2026-09-22 15:50:00+00:00,98.19999694824219,98.22000122070312,98.19499969482422,98.22000122070312,1825
2026-09-22 15:51:00+00:00,98.20999908447266,98.22000122070312,98.19999694824219,98.22000122070312,1495
2026-09-22 15:52:00+00:00,98.22000122070312,98.22000122070312,98.20500183105469,98.22000122070312,2106
2026-09-22 15:53:00+00:00,98.2249984741211,98.2249984741211,98.22000122070312,98.22000122070312,1272
2026-09-22 15:54:00+00:00,98.2249984741211,98.2249984741211,98.20999908447266,98.21499633789062,1136
2026-09-22 15:55:00+00:00,98.20999908447266,98.22000122070312,98.19499969482422,98.22000122070312,6527
2026-09-22 15:56:00+00:00,98.22000122070312,98.22000122070312,98.20500183105469,98.20500183105469,4862
2026-09-22 15:57:00+00:00,98.20500183105469,98.20500183105469,98.18499755859375,98.19999694824219,49501
2026-09-22 15:58:00+00:00,98.20500183105469,98.2300033569336,98.20500183105469,98.20999908447266,5787
2026-09-22 15:59:00+00:00,98.20999908447266,98.22000122070312,98.20999908447266,98.22000122070312,1219
2026-09-22 16:00:00+00:00,98.2249984741211,98.25499725341797,98.2249984741211,98.25499725341797,3243
2026-09-22 16:01:00+00:00,98.25,98.25,98.21520233154297,98.23999786376953,10493
2026-09-22 16:02:00+00:00,98.2300033569336,98.2300033569336,98.19999694824219,98.19999694824219,3633
2026-09-22 16:03:00+00:00,98.18499755859375,98.18499755859375,98.17500305175781,98.18499755859375,1431
2026-09-22 16:04:00+00:00,98.18499755859375,98.19999694824219,98.18499755859375,98.19999694824219,933
2026-09-22 16:05:00+00:00,98.20500183105469,98.20999908447266,98.20500183105469,98.20999908447266,1825
2026-09-22 16:06:00+00:00,98.22000122070312,98.25499725341797,98.22000122070312,98.25499725341797,7039
2026-09-22 16:07:00+00:00,98.25,98.29000091552734,98.25,98.29000091552734,2551
2026-09-22 16:08:00+00:00,98.28759765625,98.28759765625,98.25,98.26000213623047,3752
2026-09-22 16:09:00+00:00,98.26000213623047,98.26000213623047,98.21499633789062,98.22000122070312,4072
2026-09-22 16:10:00+00:00,98.2300033569336,98.25879669189453,98.2300033569336,98.24500274658203,3995
2026-09-22 16:11:00+00:00,98.25499725341797,98.2699966430664,98.25,98.2699966430664,2300
2026-09-22 16:12:00+00:00,98.27999877929688,98.28500366210938,98.2750015258789,98.28500366210938,1514
2026-09-22 16:13:00+00:00,98.27999877929688,98.27999877929688,98.2750015258789,98.2750015258789,922
2026-09-22 16:14:00+00:00,98.2699966430664,98.27899932861328,98.26000213623047,98.2750015258789,3754
2026-09-22 16:15:00+00:00,98.2750015258789,98.2750015258789,98.24500274658203,98.24500274658203,1304
2026-09-22 16:16:00+00:00,98.24500274658203,98.25,98.23500061035156,98.24500274658203,5992
2026-09-22 16:17:00+00:00,98.23999786376953,98.26000213623047,98.23889923095703,98.26000213623047,3249
2026-09-22 16:18:00+00:00,98.25990295410156,98.25990295410156,98.23500061035156,98.24500274658203,5914
2026-09-22 16:19:00+00:00,98.23999786376953,98.25,98.23999786376953,98.25,4560
2026-09-22 16:20:00+00:00,98.23999786376953,98.25499725341797,98.21499633789062,98.25499725341797,10947
2026-09-22 16:21:00+00:00,98.25499725341797,98.25499725341797,98.2300033569336,98.2300033569336,4791
2026-09-22 16:22:00+00:00,98.23999786376953,98.25,98.23500061035156,98.23500061035156,1550
2026-09-22 16:23:00+00:00,98.25,98.2699966430664,98.23500061035156,98.23500061035156,105974
2026-09-22 16:24:00+00:00,98.2300033569336,98.2300033569336,98.20500183105469,98.20500183105469,4733
2026-09-22 16:25:00+00:00,98.20999908447266,98.2249984741211,98.20999908447266,98.2249984741211,1496
2026-09-22 16:26:00+00:00,98.2249984741211,98.23999786376953,98.2249984741211,98.23999786376953,3388
2026-09-22 16:27:00+00:00,98.21499633789062,98.21499633789062,98.20500183105469,98.20999908447266,2651
2026-09-22 16:28:00+00:00,98.20500183105469,98.20999908447266,98.20500183105469,98.20999908447266,732
2026-09-22 16:29:00+00:00,98.22000122070312,98.23999786376953,98.22000122070312,98.2249984741211,5251
2026-09-22 16:30:00+00:00,98.2249984741211,98.27999877929688,98.2249984741211,98.27999877929688,17885
2026-09-22 16:31:00+00:00,98.27999877929688,98.28880310058594,98.2750015258789,98.27999877929688,5220
2026-09-22 16:32:00+00:00,98.2699966430664,98.2699966430664,98.2699966430664,98.2699966430664,1362
2026-09-22 16:33:00+00:00,98.26000213623047,98.27999877929688,98.26000213623047,98.2699966430664,2481
2026-09-22 16:34:00+00:00,98.27999877929688,98.30999755859375,98.27999877929688,98.30999755859375,3474
2026-09-22 16:35:00+00:00,98.30999755859375,98.30999755859375,98.29499816894531,98.30000305175781,3907
2026-09-22 16:36:00+00:00,98.30500030517578,98.33999633789062,98.30500030517578,98.33999633789062,6212
2026-09-22 16:37:00+00:00,98.33999633789062,98.33999633789062,98.33499908447266,98.33499908447266,4054
2026-09-22 16:38:00+00:00,98.33000183105469,98.33999633789062,98.31500244140625,98.31500244140625,9694
2026-09-22 16:39:00+00:00,98.31999969482422,98.36000061035156,98.31500244140625,98.36000061035156,9434
2026-09-22 16:40:00+00:00,98.36000061035156,98.36499786376953,98.3550033569336,98.36000061035156,8865
2026-09-22 16:41:00+00:00,98.36000061035156,98.36499786376953,98.3499984741211,98.35140228271484,3617
2026-09-22 16:42:00+00:00,98.3499984741211,98.3499984741211,98.33499908447266,98.33499908447266,1943
2026-09-22 16:43:00+00:00,98.33999633789062,98.3499984741211,98.33999633789062,98.3499984741211,772
2026-09-22 16:44:00+00:00,98.34500122070312,98.34500122070312,98.33000183105469,98.33499908447266,1469
2026-09-22 16:45:00+00:00,98.33000183105469,98.33999633789062,98.32499694824219,98.33999633789062,8393
2026-09-22 16:46:00+00:00,98.3499984741211,98.36499786376953,98.3499984741211,98.36499786376953,2081
2026-09-22 16:47:00+00:00,98.37000274658203,98.37000274658203,98.33999633789062,98.33999633789062,2640
2026-09-22 16:48:00+00:00,98.34500122070312,98.45999908447266,98.34500122070312,98.43000030517578,18257
2026-09-22 16:49:00+00:00,98.41000366210938,98.4800033569336,98.41000366210938,98.47000122070312,6186
2026-09-22 16:50:00+00:00,98.45999908447266,98.48999786376953,98.44499969482422,98.4749984741211,5278
2026-09-22 16:51:00+00:00,98.4800033569336,98.5,98.47000122070312,98.48500061035156,3811
2026-09-22 16:52:00+00:00,98.4800033569336,98.4800033569336,98.45999908447266,98.47000122070312,7008
2026-09-22 16:53:00+00:00,98.4749984741211,98.4749984741211,98.45500183105469,98.4749984741211,7437
2026-09-22 16:54:00+00:00,98.4749984741211,98.4749984741211,98.46499633789062,98.46499633789062,7771
2026-09-22 16:55:00+00:00,98.46499633789062,98.4749984741211,98.44999694824219,98.44999694824219,25315
2026-09-22 16:56:00+00:00,98.44000244140625,98.45999908447266,98.42500305175781,98.43000030517578,7272
2026-09-22 16:57:00+00:00,98.43000030517578,98.44999694824219,98.42500305175781,98.44999694824219,4895
2026-09-22 16:58:00+00:00,98.45999908447266,98.48500061035156,98.45999908447266,98.48500061035156,4232
2026-09-22 16:59:00+00:00,98.48500061035156,98.48500061035156,98.47000122070312,98.4800033569336,3154
2026-09-22 17:00:00+00:00,98.47000122070312,98.47000122070312,98.44999694824219,98.47000122070312,5539
2026-09-22 17:01:00+00:00,98.47000122070312,98.47000122070312,98.43499755859375,98.43499755859375,2015
2026-09-22 17:02:00+00:00,98.43000030517578,98.43000030517578,98.4000015258789,98.43000030517578,3462
2026-09-22 17:03:00+00:00,98.43000030517578,98.43000030517578,98.41999816894531,98.43000030517578,752
2026-09-22 17:04:00+00:00,98.41999816894531,98.43499755859375,98.41999816894531,98.41999816894531,3443
2026-09-22 17:05:00+00:00,98.41999816894531,98.44499969482422,98.41500091552734,98.44000244140625,5452
2026-09-22 17:06:00+00:00,98.44999694824219,98.45999908447266,98.44999694824219,98.45999908447266,2902
2026-09-22 17:07:00+00:00,98.45999908447266,98.47000122070312,98.44999694824219,98.44999694824219,1641
2026-09-22 17:08:00+00:00,98.44000244140625,98.44000244140625,98.41999816894531,98.41999816894531,2430
2026-09-22 17:09:00+00:00,98.42500305175781,98.43000030517578,98.42500305175781,98.42500305175781,21354
2026-09-22 17:10:00+00:00,98.42500305175781,98.44000244140625,98.42500305175781,98.43000030517578,6855
2026-09-22 17:11:00+00:00,98.43499755859375,98.44000244140625,98.41500091552734,98.44000244140625,4543
2026-09-22 17:12:00+00:00,98.44499969482422,98.44999694824219,98.44000244140625,98.44499969482422,2879
2026-09-22 17:13:00+00:00,98.43499755859375,98.44000244140625,98.42500305175781,98.44000244140625,3070
2026-09-22 17:14:00+00:00,98.43499755859375,98.43499755859375,98.41999816894531,98.41999816894531,1817
2026-09-22 17:15:00+00:00,98.41000366210938,98.41999816894531,98.3949966430664,98.41999816894531,4835
2026-09-22 17:18:00+00:00,98.4000015258789,98.41000366210938,98.4000015258789,98.41000366210938,2309
2026-09-22 17:19:00+00:00,98.40499877929688,98.40499877929688,98.40499877929688,98.40499877929688,646
2026-09-22 17:20:00+00:00,98.41000366210938,98.41000366210938,98.3949966430664,98.4000015258789,14211
2026-09-22 17:21:00+00:00,98.4000015258789,98.4000015258789,98.3949966430664,98.3949966430664,4626
2026-09-22 17:22:00+00:00,98.3949966430664,98.4000015258789,98.3949966430664,98.4000015258789,1968
2026-09-22 17:23:00+00:00,98.38999938964844,98.38999938964844,98.38999938964844,98.38999938964844,2004
2026-09-22 17:24:00+00:00,98.38500213623047,98.41000366210938,98.38500213623047,98.41000366210938,2559
2026-09-22 17:25:00+00:00,98.40029907226562,98.41000366210938,98.40029907226562,98.40499877929688,5312
2026-09-22 17:26:00+00:00,98.41000366210938,98.41999816894531,98.41000366210938,98.41500091552734,610
2026-09-22 17:27:00+00:00,98.41999816894531,98.44000244140625,98.41999816894531,98.44000244140625,2616
2026-09-22 17:28:00+00:00,98.43499755859375,98.44499969482422,98.43499755859375,98.44000244140625,3827
2026-09-22 17:29:00+00:00,98.44499969482422,98.4749984741211,98.44499969482422,98.4749984741211,1821
2026-09-22 17:30:00+00:00,98.47000122070312,98.4800033569336,98.44999694824219,98.4749984741211,5710
2026-09-22 17:31:00+00:00,98.47000122070312,98.4749984741211,98.45999908447266,98.45999908447266,4674
2026-09-22 17:32:00+00:00,98.45999908447266,98.47000122070312,98.45999908447266,98.45999908447266,1550
2026-09-22 17:33:00+00:00,98.45999908447266,98.46499633789062,98.45999908447266,98.46499633789062,917
2026-09-22 17:34:00+00:00,98.45999908447266,98.45999908447266,98.44499969482422,98.44999694824219,3132
2026-09-22 17:35:00+00:00,98.45999908447266,98.45999908447266,98.45999908447266,98.45999908447266,564
2026-09-22 17:36:00+00:00,98.47000122070312,98.4749984741211,98.47000122070312,98.47000122070312,3097
2026-09-22 17:37:00+00:00,98.47000122070312,98.47000122070312,98.47000122070312,98.47000122070312,631
2026-09-22 17:38:00+00:00,98.47000122070312,98.4800033569336,98.46499633789062,98.4749984741211,2680
2026-09-22 17:39:00+00:00,98.47000122070312,98.47000122070312,98.45500183105469,98.45500183105469,2653
2026-09-22 17:40:00+00:00,98.44999694824219,98.44999694824219,98.44499969482422,98.44999694824219,3307
2026-09-22 17:41:00+00:00,98.45999908447266,98.4749984741211,98.45999908447266,98.46499633789062,2626
2026-09-22 17:42:00+00:00,98.47000122070312,98.4800033569336,98.47000122070312,98.4800033569336,2046
2026-09-22 17:43:00+00:00,98.48500061035156,98.51000213623047,98.48500061035156,98.51000213623047,2735
2026-09-22 17:44:00+00:00,98.51000213623047,98.5199966430664,98.51000213623047,98.5199966430664,2437
2026-09-22 17:45:00+00:00,98.53500366210938,98.54499816894531,98.53500366210938,98.54499816894531,1598
2026-09-22 17:46:00+00:00,98.55000305175781,98.55000305175781,98.52989959716797,98.52989959716797,5236
2026-09-22 17:47:00+00:00,98.5199966430664,98.5199966430664,98.50499725341797,98.5199966430664,1750
2026-09-22 17:48:00+00:00,98.52999877929688,98.52999877929688,98.52999877929688,98.52999877929688,670
2026-09-22 17:49:00+00:00,98.52999877929688,98.52999877929688,98.52999877929688,98.52999877929688,535
2026-09-22 17:50:00+00:00,98.53500366210938,98.54000091552734,98.5250015258789,98.53890228271484,5019
2026-09-22 17:51:00+00:00,98.54000091552734,98.55999755859375,98.54000091552734,98.55999755859375,4381
2026-09-22 17:52:00+00:00,98.55999755859375,98.69999694824219,98.55999755859375,98.69000244140625,21915
2026-09-22 17:53:00+00:00,98.66999816894531,98.67500305175781,98.63999938964844,98.67500305175781,8430
2026-09-22 17:54:00+00:00,98.66999816894531,98.76499938964844,98.66999816894531,98.70999908447266,13684
2026-09-22 17:55:00+00:00,98.72000122070312,98.77999877929688,98.72000122070312,98.7750015258789,58501
2026-09-22 17:56:00+00:00,98.77999877929688,98.79000091552734,98.75,98.75,20869
2026-09-22 17:57:00+00:00,98.75,98.77999877929688,98.73999786376953,98.74500274658203,20777
2026-09-22 17:58:00+00:00,98.75,98.7699966430664,98.75,98.75499725341797,27316
2026-09-22 17:59:00+00:00,98.75499725341797,98.76000213623047,98.74500274658203,98.75499725341797,25584
2026-09-22 18:00:00+00:00,98.75499725341797,98.7699966430664,98.74500274658203,98.74500274658203,25806
2026-09-22 18:01:00+00:00,98.73999786376953,98.73999786376953,98.68000030517578,98.69499969482422,2522
2026-09-22 18:02:00+00:00,98.69000244140625,98.69999694824219,98.68499755859375,98.69999694824219,1651
2026-09-22 18:03:00+00:00,98.69499969482422,98.70999908447266,98.69499969482422,98.70500183105469,3602
2026-09-22 18:04:00+00:00,98.70999908447266,98.76499938964844,98.70999908447266,98.7249984741211,14716
2026-09-22 18:05:00+00:00,98.73999786376953,98.76000213623047,98.73999786376953,98.76000213623047,1477
2026-09-22 18:06:00+00:00,98.7699966430664,98.7699966430664,98.74500274658203,98.74500274658203,1326
2026-09-22 18:07:00+00:00,98.73999786376953,98.74500274658203,98.69000244140625,98.69999694824219,5809
2026-09-22 18:08:00+00:00,98.69999694824219,98.73999786376953,98.69999694824219,98.73999786376953,10171
2026-09-22 18:09:00+00:00,98.73999786376953,98.76000213623047,98.73500061035156,98.76000213623047,3685
2026-09-22 18:10:00+00:00,98.75,98.7699966430664,98.74500274658203,98.7699966430664,3393
2026-09-22 18:11:00+00:00,98.76000213623047,98.76000213623047,98.75,98.75499725341797,6098
2026-09-22 18:12:00+00:00,98.75499725341797,98.76499938964844,98.73999786376953,98.76000213623047,3739
2026-09-22 18:13:00+00:00,98.73999786376953,98.75,98.73500061035156,98.73999786376953,4869
2026-09-22 18:14:00+00:00,98.74500274658203,98.76000213623047,98.73500061035156,98.74500274658203,8354
2026-09-22 18:15:00+00:00,98.74500274658203,98.77999877929688,98.74500274658203,98.77999877929688,4067
2026-09-22 18:16:00+00:00,98.77999877929688,98.78500366210938,98.76000213623047,98.77999877929688,7618
2026-09-22 18:17:00+00:00,98.7699966430664,98.7699966430664,98.75499725341797,98.76000213623047,4225
2026-09-22 18:18:00+00:00,98.76499938964844,98.77999877929688,98.76499938964844,98.7750015258789,7982
2026-09-22 18:19:00+00:00,98.7750015258789,98.7750015258789,98.76499938964844,98.76499938964844,11586
2026-09-22 18:20:00+00:00,98.76000213623047,98.77999877929688,98.75499725341797,98.77999877929688,9648
2026-09-22 18:21:00+00:00,98.78500366210938,98.78500366210938,98.75499725341797,98.75499725341797,4605
2026-09-22 18:22:00+00:00,98.7699966430664,98.7699966430664,98.73999786376953,98.74500274658203,3496
2026-09-22 18:23:00+00:00,98.74500274658203,98.76000213623047,98.73999786376953,98.75499725341797,9809
2026-09-22 18:24:00+00:00,98.76499938964844,98.76499938964844,98.75,98.76499938964844,4040
2026-09-22 18:25:00+00:00,98.7699966430664,98.7699966430664,98.76000213623047,98.76000213623047,15660
2026-09-22 18:26:00+00:00,98.76000213623047,98.7699966430664,98.75499725341797,98.76000213623047,10211
2026-09-22 18:27:00+00:00,98.76000213623047,98.76000213623047,98.73999786376953,98.74500274658203,4341
2026-09-22 18:28:00+00:00,98.73999786376953,98.75,98.7300033569336,98.7301025390625,5755
2026-09-22 18:29:00+00:00,98.7300033569336,98.7300033569336,98.71499633789062,98.71499633789062,3027
2026-09-22 18:30:00+00:00,98.71499633789062,98.72000122070312,98.70500183105469,98.72000122070312,8879
2026-09-22 18:31:00+00:00,98.71499633789062,98.74500274658203,98.71499633789062,98.7300033569336,10953
2026-09-22 18:32:00+00:00,98.72000122070312,98.72000122070312,98.69000244140625,98.70500183105469,5525
2026-09-22 18:33:00+00:00,98.70999908447266,98.70999908447266,98.69499969482422,98.69499969482422,3027
2026-09-22 18:34:00+00:00,98.69499969482422,98.69499969482422,98.69000244140625,98.69000244140625,2266
2026-09-22 18:35:00+00:00,98.67500305175781,98.68000030517578,98.66000366210938,98.66500091552734,9728
2026-09-22 18:36:00+00:00,98.66999816894531,98.68499755859375,98.63999938964844,98.68000030517578,6246
2026-09-22 18:37:00+00:00,98.68000030517578,98.68499755859375,98.67500305175781,98.68000030517578,1694
2026-09-22 18:38:00+00:00,98.67500305175781,98.67500305175781,98.66000366210938,98.66000366210938,4680
2026-09-22 18:39:00+00:00,98.66000366210938,98.67500305175781,98.66000366210938,98.67500305175781,13824
2026-09-22 18:40:00+00:00,98.68000030517578,98.69499969482422,98.67500305175781,98.67500305175781,12553
2026-09-22 18:41:00+00:00,98.68000030517578,98.68000030517578,98.62000274658203,98.63999938964844,6720
2026-09-22 18:42:00+00:00,98.63999938964844,98.66999816894531,98.63999938964844,98.66000366210938,3652
2026-09-22 18:43:00+00:00,98.66000366210938,98.66999816894531,98.6500015258789,98.66999816894531,3443
2026-09-22 18:44:00+00:00,98.68000030517578,98.68000030517578,98.66999816894531,98.66999816894531,1296
2026-09-22 18:45:00+00:00,98.68000030517578,98.69999694824219,98.68000030517578,98.69499969482422,30604
2026-09-22 18:46:00+00:00,98.69000244140625,98.69499969482422,98.66500091552734,98.66500091552734,29953
2026-09-22 18:47:00+00:00,98.66999816894531,98.68000030517578,98.66000366210938,98.66500091552734,7200
2026-09-22 18:48:00+00:00,98.66000366210938,98.66000366210938,98.66000366210938,98.66000366210938,3817
2026-09-22 18:49:00+00:00,98.6500015258789,98.65499877929688,98.6500015258789,98.65499877929688,716
2026-09-22 18:50:00+00:00,98.66000366210938,98.66000366210938,98.6449966430664,98.65499877929688,4727
2026-09-22 18:51:00+00:00,98.66000366210938,98.67500305175781,98.66000366210938,98.66999816894531,6426
2026-09-22 18:52:00+00:00,98.67500305175781,98.67500305175781,98.67500305175781,98.67500305175781,1572
2026-09-22 18:53:00+00:00,98.66999816894531,98.66999816894531,98.66500091552734,98.66500091552734,3625
2026-09-22 18:54:00+00:00,98.66000366210938,98.66500091552734,98.66000366210938,98.66500091552734,627
2026-09-22 18:55:00+00:00,98.66500091552734,98.68000030517578,98.66500091552734,98.67500305175781,8955
2026-09-22 18:56:00+00:00,98.67500305175781,98.67500305175781,98.6449966430664,98.6449966430664,2617
2026-09-22 18:57:00+00:00,98.63999938964844,98.66000366210938,98.63500213623047,98.66000366210938,6387
2026-09-22 18:58:00+00:00,98.65499877929688,98.65499877929688,98.6500015258789,98.6500015258789,3838
2026-09-22 18:59:00+00:00,98.63999938964844,98.63999938964844,98.625,98.62999725341797,2057
2026-09-22 19:00:00+00:00,98.63999938964844,98.66500091552734,98.625,98.66500091552734,1138
2026-09-22 19:01:00+00:00,98.6500015258789,98.66000366210938,98.63500213623047,98.66000366210938,9746
2026-09-22 19:02:00+00:00,98.66500091552734,98.66500091552734,98.62999725341797,98.63999938964844,4975
2026-09-22 19:03:00+00:00,98.63999938964844,98.6500015258789,98.63500213623047,98.63999938964844,6024
2026-09-22 19:04:00+00:00,98.6449966430664,98.65499877929688,98.63500213623047,98.63500213623047,28895
2026-09-22 19:05:00+00:00,98.63500213623047,98.63999938964844,98.63500213623047,98.63500213623047,23686
2026-09-22 19:06:00+00:00,98.63500213623047,98.66500091552734,98.63500213623047,98.66000366210938,9568
2026-09-22 19:07:00+00:00,98.66500091552734,98.66500091552734,98.63500213623047,98.63999938964844,6159
2026-09-22 19:08:00+00:00,98.63500213623047,98.6500015258789,98.625,98.6449966430664,6543
2026-09-22 19:09:00+00:00,98.6500015258789,98.6500015258789,98.63999938964844,98.6500015258789,5419
2026-09-22 19:10:00+00:00,98.6500015258789,98.67500305175781,98.6449966430664,98.66999816894531,12974
2026-09-22 19:11:00+00:00,98.66500091552734,98.68499755859375,98.66500091552734,98.67500305175781,17482
2026-09-22 19:12:00+00:00,98.68000030517578,98.69000244140625,98.67500305175781,98.69000244140625,17351
2026-09-22 19:13:00+00:00,98.68499755859375,98.69000244140625,98.68000030517578,98.68499755859375,15871
2026-09-22 19:14:00+00:00,98.69000244140625,98.69999694824219,98.68499755859375,98.68499755859375,21409
2026-09-22 19:15:00+00:00,98.69499969482422,98.69999694824219,98.68499755859375,98.69999694824219,8003
2026-09-22 19:16:00+00:00,98.69999694824219,98.70999908447266,98.69999694824219,98.69999694824219,6735
2026-09-22 19:17:00+00:00,98.69999694824219,98.72000122070312,98.69499969482422,98.72000122070312,6743
2026-09-22 19:18:00+00:00,98.72000122070312,98.7300033569336,98.72000122070312,98.7300033569336,4739
2026-09-22 19:19:00+00:00,98.7300033569336,98.7300033569336,98.70500183105469,98.70999908447266,11579
2026-09-22 19:20:00+00:00,98.71739959716797,98.71739959716797,98.69999694824219,98.70500183105469,5554
2026-09-22 19:21:00+00:00,98.70999908447266,98.70999908447266,98.68499755859375,98.68499755859375,6113
2026-09-22 19:22:00+00:00,98.68000030517578,98.68499755859375,98.66999816894531,98.68000030517578,20006
2026-09-22 19:23:00+00:00,98.67500305175781,98.68000030517578,98.65499877929688,98.66500091552734,22138
2026-09-22 19:24:00+00:00,98.66500091552734,98.69499969482422,98.66500091552734,98.67500305175781,85933
2026-09-22 19:25:00+00:00,98.67500305175781,98.73500061035156,98.67500305175781,98.73500061035156,71259
2026-09-22 19:26:00+00:00,98.73500061035156,98.73999786376953,98.70999908447266,98.7249984741211,39934
2026-09-22 19:27:00+00:00,98.7249984741211,98.7300033569336,98.70500183105469,98.71499633789062,58222
2026-09-22 19:28:00+00:00,98.71499633789062,98.73999786376953,98.71499633789062,98.7249984741211,86913
2026-09-22 19:29:00+00:00,98.72000122070312,98.74500274658203,98.70999908447266,98.74500274658203,99445
2026-09-22 19:30:00+00:00,98.74500274658203,98.7699966430664,98.72000122070312,98.76499938964844,61720
2026-09-22 19:31:00+00:00,98.76499938964844,98.79000091552734,98.76000213623047,98.79000091552734,80117
2026-09-22 19:32:00+00:00,98.77999877929688,98.83999633789062,98.77999877929688,98.83999633789062,72700
2026-09-22 19:33:00+00:00,98.83499908447266,98.86000061035156,98.83499908447266,98.86000061035156,51333
2026-09-22 19:34:00+00:00,98.8550033569336,98.91999816894531,98.8550033569336,98.91500091552734,46125
2026-09-22 19:35:00+00:00,98.91000366210938,98.92500305175781,98.90499877929688,98.91500091552734,17787
2026-09-22 19:36:00+00:00,98.91999816894531,98.91999816894531,98.90499877929688,98.91000366210938,33336
2026-09-22 19:37:00+00:00,98.90499877929688,98.9749984741211,98.9000015258789,98.95999908447266,111577
2026-09-22 19:38:00+00:00,98.95999908447266,98.9800033569336,98.94499969482422,98.9800033569336,28160
2026-09-22 19:39:00+00:00,98.98999786376953,99.01000213623047,98.9749984741211,99.00499725341797,96296
2026-09-22 19:40:00+00:00,99.00499725341797,99.00499725341797,98.94000244140625,98.94000244140625,21089
2026-09-22 19:41:00+00:00,98.94000244140625,98.94499969482422,98.91000366210938,98.91000366210938,15527
2026-09-22 19:42:00+00:00,98.91000366210938,98.91999816894531,98.88500213623047,98.88999938964844,21797
2026-09-22 19:43:00+00:00,98.88500213623047,98.88999938964844,98.875,98.87999725341797,13396
2026-09-22 19:44:00+00:00,98.87999725341797,98.88999938964844,98.8550033569336,98.88999938964844,3555
2026-09-22 19:45:00+00:00,98.91000366210938,98.91999816894531,98.9000015258789,98.91999816894531,3552
2026-09-22 19:46:00+00:00,98.91000366210938,98.91999816894531,98.9000015258789,98.9000015258789,4023
2026-09-22 19:47:00+00:00,98.9000015258789,98.94999694824219,98.88500213623047,98.93000030517578,5632
2026-09-22 19:48:00+00:00,98.91999816894531,98.91999816894531,98.91000366210938,98.91000366210938,2989
2026-09-22 19:49:00+00:00,98.91999816894531,98.91999816894531,98.90499877929688,98.91000366210938,4543
2026-09-22 19:50:00+00:00,98.91500091552734,98.93000030517578,98.8550033569336,98.86499786376953,17437
2026-09-22 19:51:00+00:00,98.87000274658203,98.88500213623047,98.8550033569336,98.8550033569336,12711
2026-09-22 19:52:00+00:00,98.8550033569336,98.87999725341797,98.8550033569336,98.87000274658203,13085
2026-09-22 19:53:00+00:00,98.87000274658203,98.875,98.79499816894531,98.79499816894531,18105
2026-09-22 19:54:00+00:00,98.79499816894531,98.80500030517578,98.7699966430664,98.78500366210938,12856
2026-09-22 19:55:00+00:00,98.77999877929688,98.77999877929688,98.75499725341797,98.76499938964844,22423
2026-09-22 19:56:00+00:00,98.76499938964844,98.78500366210938,98.75499725341797,98.7750015258789,26254
2026-09-22 19:57:00+00:00,98.77999877929688,98.79499816894531,98.7699966430664,98.79000091552734,15119
2026-09-22 19:58:00+00:00,98.80000305175781,98.81999969482422,98.75,98.7699966430664,91796
2026-09-22 19:59:00+00:00,98.76000213623047,98.79609680175781,98.75,98.7699966430664,34001
2026-09-23 13:30:00+00:00,97.8499984741211,97.94999694824219,97.83999633789062,97.88999938964844,43505
2026-09-23 13:31:00+00:00,97.91999816894531,97.91999816894531,97.80000305175781,97.80000305175781,10590
2026-09-23 13:32:00+00:00,97.76000213623047,97.79000091552734,97.66999816894531,97.70999908447266,12294
2026-09-23 13:33:00+00:00,97.70999908447266,97.72000122070312,97.69000244140625,97.70999908447266,7899
2026-09-23 13:34:00+00:00,97.70999908447266,97.7249984741211,97.69000244140625,97.7249984741211,5942
2026-09-23 13:35:00+00:00,97.7249984741211,97.7699966430664,97.65499877929688,97.7300033569336,19177
2026-09-23 13:36:00+00:00,97.73999786376953,97.76000213623047,97.70999908447266,97.73999786376953,15711
2026-09-23 13:37:00+00:00,97.73999786376953,97.76950073242188,97.72000122070312,97.7300033569336,4947
2026-09-23 13:38:00+00:00,97.7300033569336,97.79000091552734,97.7300033569336,97.76000213623047,11757
2026-09-23 13:39:00+00:00,97.77999877929688,97.77999877929688,97.73500061035156,97.73500061035156,2606
2026-09-23 13:40:00+00:00,97.75,97.75,97.7300033569336,97.75,2101
2026-09-23 13:41:00+00:00,97.7300033569336,97.73500061035156,97.69999694824219,97.69999694824219,1787
2026-09-23 13:42:00+00:00,97.69999694824219,97.69999694824219,97.61000061035156,97.61000061035156,1507
2026-09-23 13:43:00+00:00,97.6050033569336,97.63999938964844,97.6050033569336,97.62999725341797,5185
2026-09-23 13:44:00+00:00,97.62000274658203,97.66020202636719,97.62000274658203,97.66000366210938,17046
2026-09-23 13:45:00+00:00,97.65499877929688,97.65499877929688,97.57499694824219,97.57499694824219,8406
2026-09-23 13:46:00+00:00,97.56999969482422,97.56999969482422,97.51499938964844,97.51499938964844,7743
2026-09-23 13:47:00+00:00,97.52999877929688,97.54000091552734,97.4800033569336,97.5199966430664,7502
2026-09-23 13:48:00+00:00,97.52999877929688,97.52999877929688,97.46499633789062,97.47000122070312,21228
2026-09-23 13:49:00+00:00,97.47000122070312,97.47000122070312,97.4000015258789,97.47000122070312,4427
2026-09-23 13:50:00+00:00,97.4800033569336,97.52999877929688,97.4800033569336,97.49500274658203,6067
2026-09-23 13:51:00+00:00,97.5,97.5,97.4749984741211,97.49500274658203,6319
2026-09-23 13:52:00+00:00,97.48999786376953,97.48999786376953,97.45500183105469,97.4800033569336,3698
2026-09-23 13:53:00+00:00,97.44999694824219,97.4800033569336,97.43000030517578,97.4800033569336,3935
2026-09-23 13:54:00+00:00,97.44999694824219,97.45999908447266,97.43000030517578,97.43000030517578,6656
2026-09-23 13:55:00+00:00,97.41999816894531,97.44999694824219,97.3949966430664,97.4000015258789,7392
2026-09-23 13:56:00+00:00,97.38999938964844,97.41999816894531,97.36000061035156,97.36000061035156,9325
2026-09-23 13:57:00+00:00,97.43000030517578,97.44999694824219,97.43000030517578,97.44999694824219,3368
2026-09-23 13:58:00+00:00,97.45999908447266,97.45999908447266,97.44999694824219,97.44999694824219,1738
2026-09-23 13:59:00+00:00,97.45999908447266,97.45999908447266,97.41500091552734,97.41500091552734,6068
2026-09-23 14:00:00+00:00,97.41999816894531,97.54000091552734,97.41999816894531,97.53500366210938,4937
2026-09-23 14:01:00+00:00,97.52999877929688,97.54000091552734,97.4800033569336,97.48999786376953,9918
2026-09-23 14:02:00+00:00,97.5,97.5,97.44999694824219,97.47000122070312,4000
2026-09-23 14:03:00+00:00,97.45999908447266,97.45999908447266,97.4000015258789,97.41000366210938,4186
2026-09-23 14:04:00+00:00,97.41000366210938,97.46499633789062,97.41000366210938,97.44999694824219,6827
2026-09-23 14:05:00+00:00,97.44999694824219,97.45999908447266,97.41999816894531,97.44000244140625,5566
2026-09-23 14:06:00+00:00,97.43000030517578,97.46499633789062,97.41999816894531,97.46499633789062,4845
2026-09-23 14:07:00+00:00,97.45999908447266,97.45999908447266,97.44000244140625,97.44999694824219,4951
2026-09-23 14:08:00+00:00,97.44999694824219,97.45999908447266,97.43000030517578,97.44000244140625,5568
2026-09-23 14:09:00+00:00,97.45500183105469,97.45999908447266,97.43000030517578,97.43499755859375,1518
2026-09-23 14:10:00+00:00,97.44000244140625,97.44499969482422,97.375,97.375,6294
2026-09-23 14:11:00+00:00,97.36509704589844,97.37999725341797,97.31999969482422,97.36000061035156,5111
2026-09-23 14:12:00+00:00,97.3499984741211,97.36499786376953,97.32499694824219,97.32499694824219,11602
2026-09-23 14:13:00+00:00,97.30500030517578,97.37000274658203,97.30500030517578,97.3550033569336,10201
2026-09-23 14:14:00+00:00,97.3550033569336,97.3550033569336,97.30999755859375,97.33000183105469,8863
2026-09-23 14:15:00+00:00,97.31999969482422,97.37999725341797,97.30999755859375,97.37000274658203,12258
2026-09-23 14:16:00+00:00,97.37999725341797,97.38999938964844,97.36000061035156,97.37999725341797,5494
2026-09-23 14:17:00+00:00,97.3949966430664,97.4000015258789,97.29000091552734,97.29000091552734,6695
2026-09-23 14:18:00+00:00,97.27999877929688,97.27999877929688,97.2300033569336,97.2300033569336,3802
2026-09-23 14:19:00+00:00,97.22000122070312,97.22000122070312,97.18000030517578,97.18499755859375,12341
2026-09-23 14:20:00+00:00,97.19000244140625,97.23999786376953,97.18000030517578,97.23500061035156,10757
2026-09-23 14:21:00+00:00,97.2300033569336,97.24009704589844,97.20999908447266,97.2300033569336,5144
2026-09-23 14:22:00+00:00,97.19999694824219,97.25499725341797,97.19999694824219,97.25499725341797,3321
2026-09-23 14:23:00+00:00,97.25,97.27999877929688,97.2300033569336,97.27999877929688,5595
2026-09-23 14:24:00+00:00,97.27999877929688,97.33499908447266,97.27999877929688,97.33499908447266,7578
2026-09-23 14:25:00+00:00,97.33000183105469,97.33999633789062,97.2699966430664,97.29000091552734,19663
2026-09-23 14:26:00+00:00,97.27999877929688,97.28500366210938,97.2300033569336,97.2300033569336,3933
2026-09-23 14:27:00+00:00,97.24500274658203,97.26000213623047,97.23999786376953,97.25,4263
2026-09-23 14:28:00+00:00,97.25499725341797,97.2750015258789,97.23999786376953,97.26000213623047,7964
2026-09-23 14:29:00+00:00,97.2699966430664,97.2699966430664,97.23999786376953,97.23999786376953,4729
2026-09-23 14:30:00+00:00,97.25,97.27999877929688,97.25,97.2699966430664,2479
2026-09-23 14:31:00+00:00,97.2699966430664,97.27999877929688,97.25,97.26000213623047,4659
2026-09-23 14:32:00+00:00,97.25,97.29000091552734,97.2300033569336,97.2699966430664,16378
2026-09-23 14:33:00+00:00,97.2699966430664,97.31500244140625,97.2699966430664,97.30999755859375,8206
2026-09-23 14:34:00+00:00,97.30000305175781,97.31999969482422,97.27999877929688,97.30999755859375,167289
2026-09-23 14:35:00+00:00,97.31999969482422,97.37000274658203,97.31999969482422,97.3499984741211,5544
2026-09-23 14:36:00+00:00,97.33999633789062,97.375,97.33000183105469,97.3550033569336,5817
2026-09-23 14:37:00+00:00,97.3550033569336,97.38999938964844,97.30999755859375,97.31999969482422,16814
2026-09-23 14:38:00+00:00,97.30999755859375,97.31999969482422,97.26499938964844,97.29000091552734,4594
2026-09-23 14:39:00+00:00,97.30500030517578,97.30500030517578,97.23500061035156,97.23500061035156,5499
2026-09-23 14:40:00+00:00,97.23999786376953,97.26499938964844,97.23999786376953,97.26000213623047,3541
2026-09-23 14:41:00+00:00,97.26000213623047,97.2699966430664,97.25499725341797,97.26000213623047,4122
2026-09-23 14:42:00+00:00,97.23999786376953,97.25,97.22000122070312,97.2300033569336,2177
2026-09-23 14:43:00+00:00,97.22000122070312,97.22000122070312,97.19000244140625,97.21499633789062,44583
2026-09-23 14:44:00+00:00,97.20999908447266,97.22000122070312,97.19999694824219,97.22000122070312,6238
2026-09-23 14:45:00+00:00,97.2300033569336,97.23999786376953,97.22000122070312,97.22000122070312,3662
2026-09-23 14:46:00+00:00,97.20999908447266,97.23999786376953,97.20999908447266,97.23999786376953,3310
2026-09-23 14:47:00+00:00,97.2300033569336,97.2300033569336,97.19999694824219,97.19999694824219,3586
2026-09-23 14:48:00+00:00,97.19999694824219,97.20999908447266,97.17500305175781,97.18000030517578,4885
2026-09-23 14:49:00+00:00,97.18000030517578,97.21499633789062,97.16500091552734,97.21499633789062,2248
2026-09-23 14:50:00+00:00,97.20999908447266,97.20999908447266,97.16999816894531,97.16999816894531,3873
2026-09-23 14:51:00+00:00,97.19000244140625,97.33999633789062,97.18000030517578,97.26000213623047,49104
2026-09-23 14:52:00+00:00,97.27999877929688,97.36000061035156,97.27999877929688,97.30500030517578,14764
2026-09-23 14:53:00+00:00,97.33000183105469,97.5,97.33000183105469,97.48999786376953,17539
2026-09-23 14:54:00+00:00,97.4800033569336,97.51000213623047,97.41999816894531,97.47000122070312,5835
2026-09-23 14:55:00+00:00,97.4800033569336,97.4800033569336,97.41000366210938,97.43499755859375,22531
2026-09-23 14:56:00+00:00,97.43499755859375,97.43499755859375,97.37000274658203,97.37000274658203,5237
2026-09-23 14:57:00+00:00,97.36000061035156,97.41000366210938,97.34500122070312,97.38999938964844,9854
2026-09-23 14:58:00+00:00,97.3949966430664,97.3949966430664,97.37000274658203,97.375,2865
2026-09-23 14:59:00+00:00,97.375,97.44499969482422,97.375,97.44000244140625,7591
2026-09-23 15:00:00+00:00,97.43000030517578,97.43000030517578,97.40499877929688,97.42500305175781,3359
2026-09-23 15:01:00+00:00,97.43499755859375,97.44499969482422,97.40499877929688,97.41000366210938,6928
2026-09-23 15:02:00+00:00,97.41999816894531,97.43499755859375,97.40499877929688,97.41500091552734,6713
2026-09-23 15:03:00+00:00,97.4000015258789,97.4000015258789,97.3499984741211,97.36499786376953,2129
2026-09-23 15:04:00+00:00,97.37000274658203,97.37999725341797,97.36000061035156,97.37000274658203,5807
2026-09-23 15:05:00+00:00,97.36499786376953,97.375,97.36000061035156,97.375,3836
2026-09-23 15:06:00+00:00,97.37000274658203,97.38500213623047,97.37000274658203,97.375,5624
2026-09-23 15:07:00+00:00,97.37000274658203,97.38999938964844,97.36499786376953,97.37999725341797,18975
2026-09-23 15:08:00+00:00,97.38500213623047,97.47000122070312,97.38500213623047,97.46499633789062,13783
2026-09-23 15:09:00+00:00,97.46499633789062,97.4800033569336,97.45500183105469,97.45500183105469,3707
2026-09-23 15:10:00+00:00,97.45500183105469,97.4749984741211,97.45500183105469,97.4749984741211,3104
2026-09-23 15:11:00+00:00,97.47000122070312,97.4749984741211,97.41000366210938,97.41000366210938,3578
2026-09-23 15:12:00+00:00,97.40499877929688,97.43499755859375,97.40499877929688,97.41999816894531,2073
2026-09-23 15:13:00+00:00,97.41999816894531,97.43000030517578,97.41000366210938,97.41999816894531,2005
2026-09-23 15:14:00+00:00,97.43499755859375,97.43499755859375,97.41000366210938,97.41000366210938,3557
2026-09-23 15:15:00+00:00,97.41000366210938,97.43000030517578,97.41000366210938,97.41000366210938,2420
2026-09-23 15:16:00+00:00,97.41000366210938,97.41000366210938,97.37999725341797,97.38500213623047,5641
2026-09-23 15:17:00+00:00,97.37999725341797,97.37999725341797,97.34500122070312,97.36499786376953,4029
2026-09-23 15:18:00+00:00,97.375,97.40499877929688,97.375,97.4000015258789,3893
2026-09-23 15:19:00+00:00,97.40499877929688,97.43000030517578,97.40499877929688,97.43000030517578,1829
2026-09-23 15:20:00+00:00,97.42500305175781,97.43499755859375,97.41999816894531,97.41999816894531,2240
2026-09-23 15:21:00+00:00,97.41000366210938,97.43000030517578,97.38999938964844,97.43000030517578,2633
2026-09-23 15:22:00+00:00,97.43000030517578,97.4800033569336,97.43000030517578,97.4800033569336,4018
2026-09-23 15:23:00+00:00,97.4800033569336,97.48500061035156,97.46499633789062,97.46499633789062,7469
2026-09-23 15:24:00+00:00,97.46499633789062,97.47000122070312,97.43499755859375,97.47000122070312,4888
2026-09-23 15:25:00+00:00,97.48999786376953,97.48999786376953,97.47000122070312,97.47000122070312,8679
2026-09-23 15:26:00+00:00,97.47000122070312,97.4800033569336,97.44999694824219,97.45500183105469,3953
2026-09-23 15:27:00+00:00,97.44999694824219,97.45500183105469,97.43499755859375,97.43499755859375,3370
2026-09-23 15:28:00+00:00,97.41999816894531,97.41999816894531,97.37999725341797,97.37999725341797,2817
2026-09-23 15:29:00+00:00,97.37999725341797,97.37999725341797,97.3499984741211,97.3499984741211,3832
2026-09-23 15:30:00+00:00,97.3499984741211,97.36000061035156,97.33000183105469,97.36000061035156,2944
2026-09-23 15:31:00+00:00,97.3550033569336,97.37000274658203,97.33999633789062,97.36499786376953,3372
2026-09-23 15:32:00+00:00,97.36499786376953,97.375,97.3499984741211,97.3499984741211,3333
2026-09-23 15:33:00+00:00,97.36000061035156,97.37000274658203,97.3499984741211,97.3499984741211,3622
2026-09-23 15:34:00+00:00,97.33000183105469,97.34500122070312,97.30999755859375,97.30999755859375,6824
2026-09-23 15:35:00+00:00,97.31500244140625,97.36000061035156,97.30000305175781,97.36000061035156,11542
2026-09-23 15:36:00+00:00,97.3499984741211,97.36000061035156,97.30999755859375,97.30999755859375,2696
2026-09-23 15:37:00+00:00,97.32499694824219,97.32499694824219,97.30999755859375,97.31999969482422,4655
2026-09-23 15:38:00+00:00,97.31999969482422,97.33000183105469,97.31500244140625,97.31500244140625,1992
2026-09-23 15:39:00+00:00,97.31999969482422,97.31999969482422,97.30000305175781,97.30000305175781,41514
2026-09-23 15:40:00+00:00,97.29000091552734,97.29000091552734,97.27999877929688,97.27999877929688,3299
2026-09-23 15:41:00+00:00,97.27999877929688,97.27999877929688,97.26000213623047,97.26000213623047,2637
2026-09-23 15:42:00+00:00,97.26499938964844,97.29000091552734,97.26499938964844,97.29000091552734,5441
2026-09-23 15:43:00+00:00,97.29000091552734,97.30000305175781,97.29000091552734,97.30000305175781,1274
2026-09-23 15:44:00+00:00,97.30500030517578,97.31999969482422,97.2750015258789,97.31999969482422,3326
2026-09-23 15:45:00+00:00,97.30999755859375,97.33000183105469,97.30999755859375,97.31999969482422,2572
2026-09-23 15:46:00+00:00,97.31999969482422,97.3499984741211,97.31999969482422,97.33999633789062,10563
2026-09-23 15:47:00+00:00,97.33999633789062,97.34500122070312,97.25499725341797,97.26000213623047,25684
2026-09-23 15:48:00+00:00,97.26000213623047,97.29010009765625,97.20999908447266,97.21499633789062,22662
2026-09-23 15:49:00+00:00,97.21499633789062,97.22000122070312,97.16500091552734,97.17500305175781,23291
2026-09-23 15:50:00+00:00,97.16999816894531,97.19000244140625,97.15499877929688,97.19000244140625,24033
2026-09-23 15:51:00+00:00,97.19499969482422,97.19999694824219,97.16500091552734,97.18499755859375,32195
2026-09-23 15:52:00+00:00,97.18000030517578,97.19499969482422,97.16999816894531,97.18499755859375,16970
2026-09-23 15:53:00+00:00,97.18000030517578,97.19999694824219,97.16000366210938,97.18499755859375,26577
2026-09-23 15:54:00+00:00,97.18000030517578,97.19999694824219,97.16999816894531,97.19499969482422,24679
2026-09-23 15:55:00+00:00,97.19499969482422,97.20999908447266,97.19000244140625,97.19999694824219,25264
2026-09-23 15:56:00+00:00,97.19999694824219,97.21499633789062,97.18499755859375,97.21499633789062,35844
2026-09-23 15:57:00+00:00,97.20999908447266,97.2300033569336,97.20500183105469,97.2300033569336,33222
2026-09-23 15:58:00+00:00,97.23500061035156,97.2699966430664,97.23500061035156,97.23500061035156,45164
2026-09-23 15:59:00+00:00,97.23500061035156,97.23999786376953,97.2300033569336,97.23500061035156,19644
2026-09-23 16:00:00+00:00,97.23999786376953,97.23999786376953,97.19999694824219,97.20500183105469,36482
2026-09-23 16:01:00+00:00,97.20500183105469,97.21499633789062,97.18499755859375,97.19000244140625,26895
2026-09-23 16:02:00+00:00,97.19000244140625,97.20500183105469,97.16000366210938,97.16500091552734,36251
2026-09-23 16:03:00+00:00,97.16500091552734,97.16999816894531,97.1500015258789,97.1500015258789,21936
2026-09-23 16:04:00+00:00,97.15499877929688,97.15499877929688,97.13999938964844,97.15499877929688,25570
2026-09-23 16:05:00+00:00,97.1500015258789,97.15499877929688,97.1449966430664,97.15499877929688,20067
2026-09-23 16:06:00+00:00,97.1500015258789,97.1500015258789,97.13500213623047,97.13500213623047,35812
2026-09-23 16:07:00+00:00,97.13500213623047,97.18000030517578,97.13500213623047,97.16500091552734,24335
2026-09-23 16:08:00+00:00,97.16500091552734,97.19999694824219,97.16500091552734,97.18499755859375,25918
2026-09-23 16:09:00+00:00,97.18499755859375,97.18499755859375,97.15499877929688,97.16500091552734,32870
2026-09-23 16:10:00+00:00,97.16500091552734,97.19999694824219,97.1500015258789,97.19999694824219,30052
2026-09-23 16:11:00+00:00,97.19999694824219,97.23500061035156,97.19999694824219,97.21499633789062,52473
2026-09-23 16:12:00+00:00,97.22000122070312,97.22000122070312,97.16999816894531,97.20010375976562,31682
2026-09-23 16:13:00+00:00,97.20999908447266,97.23500061035156,97.19999694824219,97.2300033569336,23894
2026-09-23 16:14:00+00:00,97.2300033569336,97.25499725341797,97.20999908447266,97.25,26060
2026-09-23 16:15:00+00:00,97.25,97.25499725341797,97.23500061035156,97.25,6924
2026-09-23 16:16:00+00:00,97.26000213623047,97.26499938964844,97.23999786376953,97.23999786376953,8233
2026-09-23 16:17:00+00:00,97.2300033569336,97.26000213623047,97.2300033569336,97.25,3371
2026-09-23 16:18:00+00:00,97.26000213623047,97.26499938964844,97.25,97.25499725341797,2694
2026-09-23 16:19:00+00:00,97.26000213623047,97.29000091552734,97.25,97.29000091552734,1929
2026-09-23 16:20:00+00:00,97.29000091552734,97.29000091552734,97.26000213623047,97.26000213623047,6958
2026-09-23 16:21:00+00:00,97.26000213623047,97.26000213623047,97.23999786376953,97.24749755859375,5966
2026-09-23 16:22:00+00:00,97.25499725341797,97.25499725341797,97.24500274658203,97.24500274658203,3577
2026-09-23 16:23:00+00:00,97.25,97.2699966430664,97.25,97.2699966430664,1263
2026-09-23 16:24:00+00:00,97.27999877929688,97.28500366210938,97.2750015258789,97.2750015258789,3520
2026-09-23 16:25:00+00:00,97.27999877929688,97.30000305175781,97.27999877929688,97.29499816894531,2116
2026-09-23 16:26:00+00:00,97.30000305175781,97.30500030517578,97.2699966430664,97.2699966430664,4530
2026-09-23 16:27:00+00:00,97.28500366210938,97.29499816894531,97.28500366210938,97.29499816894531,1397
2026-09-23 16:28:00+00:00,97.29499816894531,97.30000305175781,97.27999877929688,97.30000305175781,4117
2026-09-23 16:29:00+00:00,97.30000305175781,97.30500030517578,97.29000091552734,97.29000091552734,4746
2026-09-23 16:30:00+00:00,97.29000091552734,97.30000305175781,97.29000091552734,97.29499816894531,1426
2026-09-23 16:31:00+00:00,97.29499816894531,97.29499816894531,97.27999877929688,97.27999877929688,3538
2026-09-23 16:32:00+00:00,97.2802963256836,97.28510284423828,97.2699966430664,97.2699966430664,2121
2026-09-23 16:33:00+00:00,97.25499725341797,97.2699966430664,97.24500274658203,97.25499725341797,5258
2026-09-23 16:34:00+00:00,97.25,97.25,97.2249984741211,97.2300033569336,1866
2026-09-23 16:35:00+00:00,97.22000122070312,97.2249984741211,97.20999908447266,97.2249984741211,1882
2026-09-23 16:36:00+00:00,97.2300033569336,97.23999786376953,97.2249984741211,97.23999786376953,2420
2026-09-23 16:37:00+00:00,97.24500274658203,97.25499725341797,97.23999786376953,97.23999786376953,5175
2026-09-23 16:38:00+00:00,97.23999786376953,97.25499725341797,97.23500061035156,97.25,3073
2026-09-23 16:39:00+00:00,97.25,97.25,97.23999786376953,97.25,1683
2026-09-23 16:40:00+00:00,97.23999786376953,97.23999786376953,97.2249984741211,97.2249984741211,3631
2026-09-23 16:41:00+00:00,97.22750091552734,97.22750091552734,97.22000122070312,97.22000122070312,1711
2026-09-23 16:42:00+00:00,97.21499633789062,97.22000122070312,97.19499969482422,97.19499969482422,12518
2026-09-23 16:43:00+00:00,97.19499969482422,97.19999694824219,97.19499969482422,97.19999694824219,2321
2026-09-23 16:44:00+00:00,97.20500183105469,97.20500183105469,97.17500305175781,97.17500305175781,2655
2026-09-23 16:45:00+00:00,97.16999816894531,97.19999694824219,97.13999938964844,97.16999816894531,9950
2026-09-23 16:46:00+00:00,97.18000030517578,97.18000030517578,97.1500015258789,97.1500015258789,2785
2026-09-23 16:47:00+00:00,97.13999938964844,97.16000366210938,97.13500213623047,97.13999938964844,2652
2026-09-23 16:48:00+00:00,97.12999725341797,97.12999725341797,97.1050033569336,97.12000274658203,2742
2026-09-23 16:49:00+00:00,97.125,97.125,97.04499816894531,97.04499816894531,2450
2026-09-23 16:50:00+00:00,97.05000305175781,97.05000305175781,97.0,97.02999877929688,2516
2026-09-23 16:51:00+00:00,97.0199966430664,97.0199966430664,96.94999694824219,96.94999694824219,5569
2026-09-23 16:52:00+00:00,96.94999694824219,96.97000122070312,96.94999694824219,96.97000122070312,1882
2026-09-23 16:53:00+00:00,96.93000030517578,96.9749984741211,96.93000030517578,96.95999908447266,4803
2026-09-23 16:54:00+00:00,96.95999908447266,96.95999908447266,96.94000244140625,96.94000244140625,3092
2026-09-23 16:55:00+00:00,96.94000244140625,96.97000122070312,96.93499755859375,96.95999908447266,20945
2026-09-23 16:56:00+00:00,96.94999694824219,96.94999694824219,96.91999816894531,96.94000244140625,8395
2026-09-23 16:57:00+00:00,96.94000244140625,96.95500183105469,96.91000366210938,96.91000366210938,13857
2026-09-23 16:58:00+00:00,96.91000366210938,96.95500183105469,96.90499877929688,96.95500183105469,3379
2026-09-23 16:59:00+00:00,96.94000244140625,96.9800033569336,96.94000244140625,96.9800033569336,4911
2026-09-23 17:00:00+00:00,96.9800033569336,97.01000213623047,96.9800033569336,97.00499725341797,4840
2026-09-23 17:01:00+00:00,97.01000213623047,97.0199966430664,97.0,97.0,2387
2026-09-23 17:02:00+00:00,97.0,97.0,96.86000061035156,96.86000061035156,16647
2026-09-23 17:03:00+00:00,96.8499984741211,96.91999816894531,96.83999633789062,96.86000061035156,5721
2026-09-23 17:04:00+00:00,96.86499786376953,96.92500305175781,96.86499786376953,96.92500305175781,2745
2026-09-23 17:05:00+00:00,96.91000366210938,96.91999816894531,96.88999938964844,96.88999938964844,2958
2026-09-23 17:06:00+00:00,96.88999938964844,96.9000015258789,96.87000274658203,96.88999938964844,1540
2026-09-23 17:07:00+00:00,96.9000015258789,96.91500091552734,96.9000015258789,96.91000366210938,1943
2026-09-23 17:08:00+00:00,96.9000015258789,96.93000030517578,96.9000015258789,96.9000015258789,2482
2026-09-23 17:09:00+00:00,96.91000366210938,96.91999816894531,96.9000015258789,96.91999816894531,2744
2026-09-23 17:10:00+00:00,96.94000244140625,96.94000244140625,96.93000030517578,96.94000244140625,2872
2026-09-23 17:11:00+00:00,96.91999816894531,96.91999816894531,96.88999938964844,96.88999938964844,777
2026-09-23 17:12:00+00:00,96.87999725341797,96.88999938964844,96.87000274658203,96.88999938964844,1788
2026-09-23 17:13:00+00:00,96.8949966430664,96.9000015258789,96.88999938964844,96.9000015258789,2045
2026-09-23 17:14:00+00:00,96.88999938964844,96.91500091552734,96.88999938964844,96.91000366210938,1553
2026-09-23 17:15:00+00:00,96.91999816894531,96.94000244140625,96.91999816894531,96.91999816894531,2037
2026-09-23 17:16:00+00:00,96.91999816894531,96.94499969482422,96.90499877929688,96.93499755859375,2956
2026-09-23 17:17:00+00:00,96.93000030517578,96.95999908447266,96.91999816894531,96.95500183105469,1950
2026-09-23 17:18:00+00:00,96.97000122070312,96.99500274658203,96.95999908447266,96.99500274658203,1892
2026-09-23 17:19:00+00:00,96.98999786376953,97.0199966430664,96.98999786376953,97.01000213623047,1944
2026-09-23 17:20:00+00:00,97.0,97.0,96.9749984741211,96.98999786376953,2523
2026-09-23 17:21:00+00:00,97.0,97.0,96.9800033569336,96.98999786376953,2784
2026-09-23 17:22:00+00:00,96.99500274658203,97.01000213623047,96.99500274658203,97.01000213623047,2002
2026-09-23 17:23:00+00:00,97.04000091552734,97.05999755859375,97.0250015258789,97.0250015258789,3125
2026-09-23 17:24:00+00:00,97.01000213623047,97.01499938964844,97.0,97.0,875
2026-09-23 17:25:00+00:00,96.98999786376953,97.01000213623047,96.98999786376953,97.01000213623047,2496
2026-09-23 17:26:00+00:00,97.0,97.0199966430664,96.98999786376953,97.01000213623047,3402
2026-09-23 17:27:00+00:00,97.00499725341797,97.00499725341797,97.0,97.0,664
2026-09-23 17:28:00+00:00,97.0,97.00499725341797,96.98999786376953,96.99009704589844,3416
2026-09-23 17:29:00+00:00,96.98999786376953,96.99500274658203,96.9800033569336,96.98500061035156,1620
2026-09-23 17:30:00+00:00,96.9800033569336,96.9800033569336,96.94999694824219,96.95999908447266,2544
2026-09-23 17:31:00+00:00,96.95500183105469,96.97000122070312,96.95500183105469,96.97000122070312,2682
2026-09-23 17:32:00+00:00,96.97000122070312,96.97000122070312,96.93000030517578,96.95999908447266,2822
2026-09-23 17:33:00+00:00,96.97000122070312,96.9800033569336,96.95999908447266,96.9800033569336,3346
2026-09-23 17:34:00+00:00,96.9800033569336,96.99500274658203,96.97000122070312,96.99500274658203,1455
2026-09-23 17:35:00+00:00,96.98999786376953,96.98999786376953,96.94999694824219,96.94999694824219,2786
2026-09-23 17:36:00+00:00,96.94000244140625,96.96499633789062,96.94000244140625,96.96499633789062,7613
2026-09-23 17:37:00+00:00,96.96499633789062,96.99500274658203,96.96499633789062,96.97000122070312,5029
2026-09-23 17:38:00+00:00,96.9749984741211,96.9749984741211,96.94999694824219,96.94999694824219,2333
2026-09-23 17:39:00+00:00,96.94499969482422,96.94499969482422,96.91999816894531,96.91999816894531,1673
2026-09-23 17:40:00+00:00,96.93000030517578,96.98999786376953,96.91000366210938,96.93499755859375,33467
2026-09-23 17:41:00+00:00,96.94000244140625,97.02999877929688,96.94000244140625,97.02999877929688,4057
2026-09-23 17:42:00+00:00,97.04000091552734,97.0999984741211,97.04000091552734,97.0999984741211,4401
2026-09-23 17:43:00+00:00,97.12000274658203,97.16999816894531,97.11000061035156,97.16999816894531,3180
2026-09-23 17:44:00+00:00,97.16999816894531,97.19999694824219,97.13999938964844,97.16000366210938,2552
2026-09-23 17:45:00+00:00,97.16500091552734,97.17500305175781,97.15499877929688,97.16500091552734,2638
2026-09-23 17:46:00+00:00,97.18499755859375,97.19999694824219,97.16999816894531,97.16999816894531,3606
2026-09-23 17:47:00+00:00,97.17500305175781,97.18000030517578,97.16000366210938,97.18000030517578,6509
2026-09-23 17:48:00+00:00,97.16999816894531,97.16999816894531,97.1449966430664,97.16999816894531,5062
2026-09-23 17:49:00+00:00,97.18000030517578,97.20999908447266,97.18000030517578,97.19000244140625,2207
2026-09-23 17:50:00+00:00,97.19499969482422,97.20500183105469,97.19000244140625,97.19999694824219,2504
2026-09-23 17:51:00+00:00,97.19000244140625,97.20999908447266,97.18000030517578,97.18000030517578,3089
2026-09-23 17:52:00+00:00,97.19000244140625,97.19499969482422,97.19000244140625,97.19000244140625,2606
2026-09-23 17:53:00+00:00,97.19000244140625,97.21499633789062,97.18000030517578,97.18000030517578,3923
2026-09-23 17:54:00+00:00,97.16999816894531,97.22000122070312,97.16999816894531,97.19999694824219,3082
2026-09-23 17:55:00+00:00,97.20500183105469,97.20500183105469,97.18000030517578,97.18000030517578,2250
2026-09-23 17:56:00+00:00,97.18000030517578,97.19000244140625,97.18000030517578,97.19000244140625,3908
2026-09-23 17:57:00+00:00,97.19999694824219,97.2300033569336,97.19999694824219,97.2249984741211,5227
2026-09-23 17:58:00+00:00,97.23500061035156,97.25499725341797,97.23500061035156,97.25499725341797,5367
2026-09-23 17:59:00+00:00,97.25499725341797,97.26000213623047,97.25,97.26000213623047,1727
2026-09-23 18:00:00+00:00,97.26499938964844,97.27999877929688,97.26000213623047,97.26499938964844,3378
2026-09-23 18:01:00+00:00,97.26000213623047,97.26000213623047,97.23999786376953,97.23999786376953,2160
2026-09-23 18:02:00+00:00,97.25,97.26000213623047,97.2300033569336,97.23999786376953,4170
2026-09-23 18:03:00+00:00,97.2300033569336,97.2300033569336,97.19999694824219,97.19999694824219,1786
2026-09-23 18:04:00+00:00,97.19000244140625,97.19000244140625,97.17562866210938,97.17562866210938,1076
2026-09-23 18:05:00+00:00,97.1500015258789,97.16999816894531,97.1500015258789,97.16999816894531,2204
2026-09-23 18:06:00+00:00,97.16999816894531,97.19000244140625,97.16999816894531,97.19000244140625,1532
2026-09-23 18:07:00+00:00,97.19999694824219,97.21499633789062,97.19999694824219,97.20500183105469,3191
2026-09-23 18:08:00+00:00,97.20999908447266,97.2300033569336,97.20999908447266,97.2249984741211,3343
2026-09-23 18:09:00+00:00,97.2249984741211,97.2249984741211,97.22000122070312,97.22000122070312,3870
2026-09-23 18:10:00+00:00,97.2300033569336,97.2300033569336,97.22000122070312,97.2300033569336,4200
2026-09-23 18:11:00+00:00,97.23500061035156,97.23500061035156,97.22000122070312,97.22000122070312,1274
2026-09-23 18:12:00+00:00,97.2249984741211,97.2249984741211,97.19010162353516,97.19999694824219,10119
2026-09-23 18:13:00+00:00,97.20500183105469,97.21499633789062,97.20010375976562,97.20999908447266,4019
2026-09-23 18:14:00+00:00,97.20999908447266,97.2249984741211,97.20999908447266,97.22000122070312,6190
2026-09-23 18:15:00+00:00,97.20999908447266,97.2300033569336,97.20500183105469,97.22000122070312,2685
2026-09-23 18:16:00+00:00,97.23500061035156,97.23999786376953,97.2300033569336,97.2300033569336,2950
2026-09-23 18:17:00+00:00,97.21499633789062,97.23999786376953,97.21499633789062,97.2249984741211,3532
2026-09-23 18:18:00+00:00,97.22989654541016,97.23999786376953,97.22989654541016,97.23999786376953,4379
2026-09-23 18:19:00+00:00,97.23999786376953,97.24500274658203,97.20999908447266,97.20999908447266,4644
2026-09-23 18:20:00+00:00,97.20999908447266,97.21499633789062,97.20999908447266,97.20999908447266,2288
2026-09-23 18:21:00+00:00,97.21499633789062,97.21499633789062,97.18499755859375,97.18499755859375,3871
2026-09-23 18:22:00+00:00,97.18000030517578,97.18000030517578,97.16999816894531,97.18000030517578,1316
2026-09-23 18:23:00+00:00,97.19000244140625,97.19499969482422,97.18000030517578,97.18000030517578,5295
2026-09-23 18:24:00+00:00,97.17500305175781,97.17500305175781,97.17500305175781,97.17500305175781,711
2026-09-23 18:25:00+00:00,97.17240142822266,97.18499755859375,97.16000366210938,97.16500091552734,3437
2026-09-23 18:26:00+00:00,97.16999816894531,97.17500305175781,97.1449966430664,97.1449966430664,1656
2026-09-23 18:27:00+00:00,97.14990234375,97.15499877929688,97.14990234375,97.1500015258789,1779
2026-09-23 18:28:00+00:00,97.1500015258789,97.1500015258789,97.12000274658203,97.12000274658203,3872
2026-09-23 18:29:00+00:00,97.12000274658203,97.125,97.11000061035156,97.125,2115
2026-09-23 18:30:00+00:00,97.12000274658203,97.12999725341797,97.12000274658203,97.12000274658203,2632
2026-09-23 18:31:00+00:00,97.10990142822266,97.11499786376953,97.1050033569336,97.11000061035156,4556
2026-09-23 18:32:00+00:00,97.12000274658203,97.125,97.11499786376953,97.125,2115
2026-09-23 18:33:00+00:00,97.125,97.125,97.12000274658203,97.12000274658203,2368
2026-09-23 18:34:00+00:00,97.11000061035156,97.12999725341797,97.11000061035156,97.12999725341797,3995
2026-09-23 18:35:00+00:00,97.12000274658203,97.13999938964844,97.12000274658203,97.13500213623047,1982
2026-09-23 18:36:00+00:00,97.13500213623047,97.13999938964844,97.125,97.125,4038
2026-09-23 18:37:00+00:00,97.12000274658203,97.12000274658203,97.11000061035156,97.11000061035156,841
2026-09-23 18:38:00+00:00,97.11000061035156,97.11000061035156,97.06999969482422,97.0999984741211,6766
2026-09-23 18:39:00+00:00,97.0999984741211,97.0999984741211,97.08999633789062,97.08999633789062,1003
2026-09-23 18:40:00+00:00,97.08999633789062,97.1050033569336,97.08999633789062,97.1050033569336,1719
2026-09-23 18:41:00+00:00,97.1050033569336,97.11499786376953,97.09500122070312,97.0999984741211,5380
2026-09-23 18:42:00+00:00,97.11000061035156,97.125,97.1050033569336,97.11499786376953,3435
2026-09-23 18:43:00+00:00,97.11499786376953,97.12999725341797,97.11499786376953,97.11499786376953,8583
2026-09-23 18:44:00+00:00,97.11499786376953,97.11499786376953,97.09500122070312,97.09500122070312,2353
2026-09-23 18:45:00+00:00,97.08999633789062,97.08999633789062,97.08000183105469,97.08499908447266,2283
2026-09-23 18:46:00+00:00,97.08499908447266,97.08999633789062,97.07499694824219,97.08000183105469,4028
2026-09-23 18:47:00+00:00,97.08000183105469,97.09500122070312,97.08000183105469,97.08999633789062,3447
2026-09-23 18:48:00+00:00,97.08999633789062,97.11000061035156,97.08999633789062,97.11000061035156,5319
2026-09-23 18:49:00+00:00,97.11499786376953,97.1250991821289,97.11499786376953,97.11499786376953,3088
2026-09-23 18:50:00+00:00,97.11499786376953,97.125,97.11000061035156,97.11000061035156,3696
2026-09-23 18:51:00+00:00,97.0999984741211,97.1050033569336,97.0999984741211,97.1050033569336,1308
2026-09-23 18:52:00+00:00,97.1050033569336,97.1050033569336,97.0999984741211,97.0999984741211,2307
2026-09-23 18:53:00+00:00,97.11000061035156,97.11499786376953,97.0999984741211,97.11499786376953,5609
2026-09-23 18:54:00+00:00,97.11499786376953,97.12999725341797,97.11499786376953,97.125,8222
2026-09-23 18:55:00+00:00,97.12999725341797,97.1500015258789,97.12999725341797,97.1500015258789,2990
2026-09-23 18:56:00+00:00,97.15499877929688,97.15499877929688,97.1500015258789,97.1500015258789,998
2026-09-23 18:57:00+00:00,97.1500015258789,97.1500015258789,97.13500213623047,97.13500213623047,3350
2026-09-23 18:58:00+00:00,97.13999938964844,97.16000366210938,97.13999938964844,97.16000366210938,2802
2026-09-23 18:59:00+00:00,97.16500091552734,97.16999816894531,97.16000366210938,97.16999816894531,4679
2026-09-23 19:00:00+00:00,97.16999816894531,97.16999816894531,97.15499877929688,97.16500091552734,8937
2026-09-23 19:01:00+00:00,97.16500091552734,97.16999816894531,97.16500091552734,97.16500091552734,2659
2026-09-23 19:02:00+00:00,97.16000366210938,97.16500091552734,97.16000366210938,97.16000366210938,1750
2026-09-23 19:03:00+00:00,97.15499877929688,97.15499877929688,97.11000061035156,97.12000274658203,3918
2026-09-23 19:04:00+00:00,97.11499786376953,97.11499786376953,97.09500122070312,97.1050033569336,3141
2026-09-23 19:05:00+00:00,97.0999984741211,97.0999984741211,97.08499908447266,97.08999633789062,2678
2026-09-23 19:06:00+00:00,97.09500122070312,97.12999725341797,97.09500122070312,97.12999725341797,3115
2026-09-23 19:07:00+00:00,97.13999938964844,97.16999816894531,97.13999938964844,97.16000366210938,5214
2026-09-23 19:08:00+00:00,97.16000366210938,97.16500091552734,97.13999938964844,97.13999938964844,1661
2026-09-23 19:09:00+00:00,97.12999725341797,97.12999725341797,97.11000061035156,97.125,4137
2026-09-23 19:10:00+00:00,97.12999725341797,97.13500213623047,97.12999725341797,97.13500213623047,1421
2026-09-23 19:11:00+00:00,97.13999938964844,97.1500015258789,97.13500213623047,97.1500015258789,3876
2026-09-23 19:12:00+00:00,97.1500015258789,97.15499877929688,97.13999938964844,97.13999938964844,1837
2026-09-23 19:13:00+00:00,97.13999938964844,97.13999938964844,97.12000274658203,97.13500213623047,2938
2026-09-23 19:14:00+00:00,97.13999938964844,97.13999938964844,97.12999725341797,97.12999725341797,8591
2026-09-23 19:15:00+00:00,97.13999938964844,97.13999938964844,97.125,97.125,2158
2026-09-23 19:16:00+00:00,97.11499786376953,97.11499786376953,97.11000061035156,97.11499786376953,1314
2026-09-23 19:17:00+00:00,97.12000274658203,97.12000274658203,97.12000274658203,97.12000274658203,276
2026-09-23 19:18:00+00:00,97.12000274658203,97.125,97.0999984741211,97.11000061035156,7768
2026-09-23 19:19:00+00:00,97.11509704589844,97.11509704589844,97.0999984741211,97.0999984741211,2946
2026-09-23 19:20:00+00:00,97.0999984741211,97.0999984741211,97.08999633789062,97.09500122070312,2155
2026-09-23 19:21:00+00:00,97.08999633789062,97.08999633789062,97.08000183105469,97.08000183105469,2568
2026-09-23 19:22:00+00:00,97.08499908447266,97.08999633789062,97.08000183105469,97.08999633789062,4878
2026-09-23 19:23:00+00:00,97.09500122070312,97.09500122070312,97.08999633789062,97.09500122070312,6327
2026-09-23 19:24:00+00:00,97.09500122070312,97.0999984741211,97.09500122070312,97.09500122070312,2731
2026-09-23 19:25:00+00:00,97.09500122070312,97.09500122070312,97.07499694824219,97.07499694824219,4383
2026-09-23 19:26:00+00:00,97.08000183105469,97.08499908447266,97.06999969482422,97.06999969482422,3321
2026-09-23 19:27:00+00:00,97.06500244140625,97.11000061035156,97.05999755859375,97.11000061035156,4951
2026-09-23 19:28:00+00:00,97.11000061035156,97.11000061035156,97.09500122070312,97.0999984741211,5057
2026-09-23 19:29:00+00:00,97.08999633789062,97.09500122070312,97.08999633789062,97.08999633789062,1043
2026-09-23 19:30:00+00:00,97.08999633789062,97.11000061035156,97.08000183105469,97.09500122070312,5882
2026-09-23 19:31:00+00:00,97.09500122070312,97.11000061035156,97.08999633789062,97.08999633789062,6339
2026-09-23 19:32:00+00:00,97.08999633789062,97.08999633789062,97.08999633789062,97.08999633789062,206
2026-09-23 19:33:00+00:00,97.09500122070312,97.12000274658203,97.08999633789062,97.11499786376953,7753
2026-09-23 19:34:00+00:00,97.11499786376953,97.11499786376953,97.11000061035156,97.11000061035156,2071
2026-09-23 19:35:00+00:00,97.11000061035156,97.12000274658203,97.11000061035156,97.12000274658203,4391
2026-09-23 19:36:00+00:00,97.12999725341797,97.13500213623047,97.12000274658203,97.12000274658203,3851
2026-09-23 19:37:00+00:00,97.12000274658203,97.12000274658203,97.11000061035156,97.11499786376953,4922
2026-09-23 19:38:00+00:00,97.11000061035156,97.11499786376953,97.09500122070312,97.0999984741211,4745
2026-09-23 19:39:00+00:00,97.0999984741211,97.12999725341797,97.0999984741211,97.125,10105
2026-09-23 19:40:00+00:00,97.125,97.1449966430664,97.125,97.1449966430664,3270
2026-09-23 19:41:00+00:00,97.16000366210938,97.16000366210938,97.1500015258789,97.1500015258789,7673
2026-09-23 19:42:00+00:00,97.12999725341797,97.12999725341797,97.11499786376953,97.11499786376953,3625
2026-09-23 19:43:00+00:00,97.11000061035156,97.11000061035156,97.08999633789062,97.08999633789062,6458
2026-09-23 19:44:00+00:00,97.09500122070312,97.0999984741211,97.08000183105469,97.08000183105469,5197
2026-09-23 19:45:00+00:00,97.08000183105469,97.08000183105469,97.06999969482422,97.06999969482422,2006
2026-09-23 19:46:00+00:00,97.07499694824219,97.08499908447266,97.06500244140625,97.08000183105469,5813
2026-09-23 19:47:00+00:00,97.08499908447266,97.09500122070312,97.08499908447266,97.09500122070312,4571
2026-09-23 19:48:00+00:00,97.09500122070312,97.09500122070312,97.08499908447266,97.08499908447266,4205
2026-09-23 19:49:00+00:00,97.08999633789062,97.1050033569336,97.08999633789062,97.09500122070312,13500
2026-09-23 19:50:00+00:00,97.08999633789062,97.09500122070312,97.0199966430664,97.02999877929688,11881
2026-09-23 19:51:00+00:00,97.04000091552734,97.04499816894531,97.01499938964844,97.0199966430664,11532
2026-09-23 19:52:00+00:00,97.0199966430664,97.03500366210938,97.0,97.0,8776
2026-09-23 19:53:00+00:00,97.01000213623047,97.04000091552734,97.0,97.04000091552734,17548
2026-09-23 19:54:00+00:00,97.05000305175781,97.06500244140625,97.02999877929688,97.02999877929688,16832
2026-09-23 19:55:00+00:00,97.04000091552734,97.09500122070312,97.04000091552734,97.06999969482422,25863
2026-09-23 19:56:00+00:00,97.06500244140625,97.06500244140625,97.04000091552734,97.05999755859375,13865
2026-09-23 19:57:00+00:00,97.05999755859375,97.08499908447266,97.05999755859375,97.08000183105469,6675
2026-09-23 19:58:00+00:00,97.08499908447266,97.08499908447266,97.0250015258789,97.03500366210938,43970
2026-09-23 19:59:00+00:00,97.04000091552734,97.06500244140625,97.0199966430664,97.05000305175781,62124
2026-09-24 13:30:00+00:00,95.69999694824219,95.77999877929688,95.62000274658203,95.6500015258789,127726
2026-09-24 13:31:00+00:00,95.6500015258789,95.72000122070312,95.6500015258789,95.70999908447266,8945
2026-09-24 13:32:00+00:00,95.71499633789062,95.72000122070312,95.66000366210938,95.70999908447266,2544
2026-09-24 13:33:00+00:00,95.73999786376953,95.73999786376953,95.62000274658203,95.6449966430664,7269
2026-09-24 13:34:00+00:00,95.66999816894531,95.67990112304688,95.65499877929688,95.66000366210938,1393
2026-09-24 13:35:00+00:00,95.66500091552734,95.75,95.6500015258789,95.75,8266
2026-09-24 13:36:00+00:00,95.7699966430664,95.7699966430664,95.7300033569336,95.7300033569336,1047
2026-09-24 13:37:00+00:00,95.731201171875,95.731201171875,95.69000244140625,95.70999908447266,3089
2026-09-24 13:38:00+00:00,95.72000122070312,95.7300033569336,95.72000122070312,95.7300033569336,638
2026-09-24 13:39:00+00:00,95.7249984741211,95.7249984741211,95.65499877929688,95.65499877929688,5008
2026-09-24 13:40:00+00:00,95.66000366210938,95.68499755859375,95.6500015258789,95.66000366210938,3760
2026-09-24 13:41:00+00:00,95.6500015258789,95.66000366210938,95.56999969482422,95.57499694824219,3734
2026-09-24 13:42:00+00:00,95.58000183105469,95.62999725341797,95.58000183105469,95.58000183105469,9340
2026-09-24 13:43:00+00:00,95.58999633789062,95.63500213623047,95.58999633789062,95.62999725341797,5572
2026-09-24 13:44:00+00:00,95.63500213623047,95.6500015258789,95.62999725341797,95.6500015258789,6533
2026-09-24 13:45:00+00:00,95.66510009765625,95.70999908447266,95.66510009765625,95.70999908447266,7296
2026-09-24 13:46:00+00:00,95.69999694824219,95.7699966430664,95.69999694824219,95.76000213623047,5386
2026-09-24 13:47:00+00:00,95.76000213623047,95.76000213623047,95.70999908447266,95.72000122070312,6063
2026-09-24 13:48:00+00:00,95.7249984741211,95.7249984741211,95.67500305175781,95.67500305175781,6920
2026-09-24 13:49:00+00:00,95.68000030517578,95.68000030517578,95.6449966430664,95.66000366210938,11416
2026-09-24 13:50:00+00:00,95.6500015258789,95.66000366210938,95.62000274658203,95.6500015258789,15007
2026-09-24 13:51:00+00:00,95.63999938964844,95.69499969482422,95.62999725341797,95.62999725341797,5192
2026-09-24 13:52:00+00:00,95.62999725341797,95.66999816894531,95.62999725341797,95.63999938964844,5114
2026-09-24 13:53:00+00:00,95.6449966430664,95.6449966430664,95.58999633789062,95.58999633789062,3524
2026-09-24 13:54:00+00:00,95.58999633789062,95.625,95.58999633789062,95.6050033569336,59725
2026-09-24 13:55:00+00:00,95.62000274658203,95.66500091552734,95.62000274658203,95.63999938964844,5589
2026-09-24 13:56:00+00:00,95.63500213623047,95.63500213623047,95.61509704589844,95.62999725341797,2343
2026-09-24 13:57:00+00:00,95.63500213623047,95.68000030517578,95.63500213623047,95.67900085449219,6038
2026-09-24 13:58:00+00:00,95.67900085449219,95.69999694824219,95.66999816894531,95.69999694824219,2613
2026-09-24 13:59:00+00:00,95.70999908447266,95.7300033569336,95.69999694824219,95.7300033569336,2745
2026-09-24 14:00:00+00:00,95.73500061035156,95.75499725341797,95.71009826660156,95.71009826660156,3400
2026-09-24 14:01:00+00:00,95.71499633789062,95.7300033569336,95.69000244140625,95.70500183105469,2028
2026-09-24 14:02:00+00:00,95.70999908447266,95.73999786376953,95.70999908447266,95.7300033569336,9327
2026-09-24 14:03:00+00:00,95.7249984741211,95.75,95.72000122070312,95.75,1343
2026-09-24 14:04:00+00:00,95.7699966430664,95.80000305175781,95.7699966430664,95.80000305175781,1613
2026-09-24 14:05:00+00:00,95.80000305175781,95.82499694824219,95.79000091552734,95.80999755859375,1716
2026-09-24 14:06:00+00:00,95.80999755859375,95.81999969482422,95.77999877929688,95.79000091552734,14796
2026-09-24 14:07:00+00:00,95.77999877929688,95.8550033569336,95.77999877929688,95.83999633789062,10133
2026-09-24 14:08:00+00:00,95.84500122070312,95.84500122070312,95.80999755859375,95.81999969482422,4021
2026-09-24 14:09:00+00:00,95.80999755859375,95.81999969482422,95.78500366210938,95.78500366210938,19088
2026-09-24 14:10:00+00:00,95.77999877929688,95.78500366210938,95.73999786376953,95.77999877929688,18175
2026-09-24 14:11:00+00:00,95.7699966430664,95.77999877929688,95.75,95.76000213623047,4794
2026-09-24 14:12:00+00:00,95.75,95.76000213623047,95.75,95.75,2231
2026-09-24 14:13:00+00:00,95.75499725341797,95.78500366210938,95.75499725341797,95.76000213623047,4378
2026-09-24 14:14:00+00:00,95.75,95.75499725341797,95.71499633789062,95.71499633789062,5821
2026-09-24 14:15:00+00:00,95.7249984741211,95.7249984741211,95.67500305175781,95.67500305175781,57641
2026-09-24 14:16:00+00:00,95.67500305175781,95.69999694824219,95.67500305175781,95.69000244140625,5421
2026-09-24 14:17:00+00:00,95.69999694824219,95.71499633789062,95.66999816894531,95.69000244140625,9789
2026-09-24 14:18:00+00:00,95.67500305175781,95.72000122070312,95.67500305175781,95.69999694824219,2222
2026-09-24 14:19:00+00:00,95.70500183105469,95.70999908447266,95.65499877929688,95.66000366210938,1368
2026-09-24 14:20:00+00:00,95.6500015258789,95.6500015258789,95.63999938964844,95.63999938964844,1590
2026-09-24 14:21:00+00:00,95.62999725341797,95.63999938964844,95.58000183105469,95.58000183105469,4362
2026-09-24 14:22:00+00:00,95.58000183105469,95.5999984741211,95.57499694824219,95.59500122070312,103731
2026-09-24 14:23:00+00:00,95.59500122070312,95.5999984741211,95.58000183105469,95.58000183105469,1413
2026-09-24 14:24:00+00:00,95.56999969482422,95.61000061035156,95.56999969482422,95.6050033569336,2036
2026-09-24 14:25:00+00:00,95.61000061035156,95.61000061035156,95.56500244140625,95.56999969482422,2428
2026-09-24 14:26:00+00:00,95.56999969482422,95.61499786376953,95.55999755859375,95.61499786376953,3183
2026-09-24 14:27:00+00:00,95.61000061035156,95.66999816894531,95.5999984741211,95.66999816894531,2587
2026-09-24 14:28:00+00:00,95.68000030517578,95.69499969482422,95.66999816894531,95.69000244140625,2605
2026-09-24 14:29:00+00:00,95.66999816894531,95.67500305175781,95.66000366210938,95.66000366210938,1692
2026-09-24 14:30:00+00:00,95.66999816894531,95.67500305175781,95.66000366210938,95.67500305175781,10967
2026-09-24 14:31:00+00:00,95.68000030517578,95.69999694824219,95.68000030517578,95.69999694824219,4434
2026-09-24 14:32:00+00:00,95.69999694824219,95.7300033569336,95.69000244140625,95.71499633789062,4914
2026-09-24 14:33:00+00:00,95.71050262451172,95.73999786376953,95.69989776611328,95.73999786376953,4517
2026-09-24 14:34:00+00:00,95.73999786376953,95.7750015258789,95.73999786376953,95.7750015258789,2698
2026-09-24 14:35:00+00:00,95.7750015258789,95.79000091552734,95.73999786376953,95.7699966430664,3336
2026-09-24 14:36:00+00:00,95.7699966430664,95.7699966430664,95.72000122070312,95.72000122070312,2737
2026-09-24 14:37:00+00:00,95.7249984741211,95.74500274658203,95.72000122070312,95.72000122070312,4561
2026-09-24 14:38:00+00:00,95.70999908447266,95.71499633789062,95.66500091552734,95.66500091552734,11724
2026-09-24 14:39:00+00:00,95.66000366210938,95.66000366210938,95.61000061035156,95.63999938964844,14352
2026-09-24 14:40:00+00:00,95.63999938964844,95.6500015258789,95.63500213623047,95.63999938964844,2104
2026-09-24 14:41:00+00:00,95.62999725341797,95.62999725341797,95.61000061035156,95.62000274658203,2098
2026-09-24 14:42:00+00:00,95.6050033569336,95.625,95.58000183105469,95.58000183105469,2069
2026-09-24 14:43:00+00:00,95.56500244140625,95.56500244140625,95.54000091552734,95.54000091552734,1782
2026-09-24 14:44:00+00:00,95.53500366210938,95.53500366210938,95.50499725341797,95.51000213623047,102540
2026-09-24 14:45:00+00:00,95.5,95.5,95.48500061035156,95.48999786376953,9217
2026-09-24 14:46:00+00:00,95.48999786376953,95.48999786376953,95.47000122070312,95.4800033569336,10278
2026-09-24 14:47:00+00:00,95.48999786376953,95.5199966430664,95.48999786376953,95.51000213623047,3262
2026-09-24 14:48:00+00:00,95.51000213623047,95.55000305175781,95.51000213623047,95.52999877929688,6933
2026-09-24 14:49:00+00:00,95.5199966430664,95.54499816894531,95.5199966430664,95.54499816894531,5875
2026-09-24 14:50:00+00:00,95.54000091552734,95.5999984741211,95.54000091552734,95.55500030517578,12814
2026-09-24 14:51:00+00:00,95.55000305175781,95.55999755859375,95.54000091552734,95.55010223388672,2929
2026-09-24 14:52:00+00:00,95.55000305175781,95.55999755859375,95.52020263671875,95.52020263671875,4641
2026-09-24 14:53:00+00:00,95.5199966430664,95.52999877929688,95.51000213623047,95.52999877929688,99914
2026-09-24 14:54:00+00:00,95.54000091552734,95.54000091552734,95.5199966430664,95.52999877929688,6772
2026-09-24 14:55:00+00:00,95.52999877929688,95.52999877929688,95.49500274658203,95.49500274658203,2311
2026-09-24 14:56:00+00:00,95.4800033569336,95.4800033569336,95.45999908447266,95.45999908447266,7565
2026-09-24 14:57:00+00:00,95.44999694824219,95.44999694824219,95.41000366210938,95.41999816894531,15670
2026-09-24 14:58:00+00:00,95.40499877929688,95.40499877929688,95.37999725341797,95.37999725341797,5901
2026-09-24 14:59:00+00:00,95.37000274658203,95.43499755859375,95.37000274658203,95.43000030517578,7633
2026-09-24 15:00:00+00:00,95.41999816894531,95.43499755859375,95.41000366210938,95.41999816894531,5557
2026-09-24 15:01:00+00:00,95.41999816894531,95.43499755859375,95.41179656982422,95.41500091552734,2722
2026-09-24 15:02:00+00:00,95.41999816894531,95.43000030517578,95.38500213623047,95.38500213623047,3658
2026-09-24 15:03:00+00:00,95.37010192871094,95.37999725341797,95.36000061035156,95.36499786376953,23993
2026-09-24 15:04:00+00:00,95.37000274658203,95.375,95.33499908447266,95.3499984741211,4648
2026-09-24 15:05:00+00:00,95.36000061035156,95.37000274658203,95.36000061035156,95.36000061035156,4546
2026-09-24 15:06:00+00:00,95.3499984741211,95.36000061035156,95.32499694824219,95.32499694824219,4448
2026-09-24 15:07:00+00:00,95.31999969482422,95.34500122070312,95.30999755859375,95.34500122070312,6321
2026-09-24 15:08:00+00:00,95.33999633789062,95.37329864501953,95.33000183105469,95.36499786376953,6487
2026-09-24 15:09:00+00:00,95.36499786376953,95.37000274658203,95.34500122070312,95.36000061035156,7305
2026-09-24 15:10:00+00:00,95.37000274658203,95.38999938964844,95.3499984741211,95.3550033569336,7885
2026-09-24 15:11:00+00:00,95.36000061035156,95.36000061035156,95.3499984741211,95.3550033569336,4279
2026-09-24 15:12:00+00:00,95.3499984741211,95.3499984741211,95.31500244140625,95.31500244140625,10604
2026-09-24 15:13:00+00:00,95.31500244140625,95.31500244140625,95.2699966430664,95.2699966430664,9296
2026-09-24 15:14:00+00:00,95.2699966430664,95.27999877929688,95.25969696044922,95.25969696044922,2141
2026-09-24 15:15:00+00:00,95.25,95.29000091552734,95.23999786376953,95.27999877929688,7950
2026-09-24 15:16:00+00:00,95.27999877929688,95.36000061035156,95.27999877929688,95.33000183105469,10853
2026-09-24 15:17:00+00:00,95.33999633789062,95.37000274658203,95.33999633789062,95.37000274658203,8430
2026-09-24 15:18:00+00:00,95.37000274658203,95.37999725341797,95.3550033569336,95.37000274658203,9154
2026-09-24 15:19:00+00:00,95.37000274658203,95.37000274658203,95.3499984741211,95.35900115966797,4223
2026-09-24 15:20:00+00:00,95.33999633789062,95.3499984741211,95.33779907226562,95.33779907226562,2501
2026-09-24 15:21:00+00:00,95.33499908447266,95.3499984741211,95.32499694824219,95.3499984741211,1849
2026-09-24 15:22:00+00:00,95.33999633789062,95.3499984741211,95.32499694824219,95.3499984741211,5682
2026-09-24 15:23:00+00:00,95.36000061035156,95.38999938964844,95.36000061035156,95.37999725341797,7081
2026-09-24 15:24:00+00:00,95.38500213623047,95.41999816894531,95.38500213623047,95.41500091552734,9270
2026-09-24 15:25:00+00:00,95.41999816894531,95.41999816894531,95.33999633789062,95.33999633789062,8693
2026-09-24 15:26:00+00:00,95.33999633789062,95.34500122070312,95.31500244140625,95.31999969482422,14663
2026-09-24 15:27:00+00:00,95.31500244140625,95.31500244140625,95.26000213623047,95.2699966430664,7707
2026-09-24 15:28:00+00:00,95.2750015258789,95.29499816894531,95.2699966430664,95.2750015258789,7429
2026-09-24 15:29:00+00:00,95.2750015258789,95.27999877929688,95.26000213623047,95.26499938964844,13765
2026-09-24 15:30:00+00:00,95.26000213623047,95.26499938964844,95.2249984741211,95.2249984741211,9960
2026-09-24 15:31:00+00:00,95.2249984741211,95.2249984741211,95.19499969482422,95.20500183105469,15577
2026-09-24 15:32:00+00:00,95.18499755859375,95.18499755859375,95.16000366210938,95.17500305175781,28460
2026-09-24 15:33:00+00:00,95.17500305175781,95.19999694824219,95.1500015258789,95.16500091552734,8415
2026-09-24 15:34:00+00:00,95.15499877929688,95.16999816894531,95.12000274658203,95.12000274658203,29522
2026-09-24 15:35:00+00:00,95.10990142822266,95.1500015258789,95.1050033569336,95.1449966430664,14931
2026-09-24 15:36:00+00:00,95.1449966430664,95.19000244140625,95.1449966430664,95.15499877929688,18736
2026-09-24 15:37:00+00:00,95.15499877929688,95.20999908447266,95.15499877929688,95.20500183105469,18611
2026-09-24 15:38:00+00:00,95.19999694824219,95.20999908447266,95.18499755859375,95.20999908447266,11527
2026-09-24 15:39:00+00:00,95.20999908447266,95.23999786376953,95.18499755859375,95.23999786376953,3689
2026-09-24 15:40:00+00:00,95.26000213623047,95.2699966430664,95.23999786376953,95.25,5633
2026-09-24 15:41:00+00:00,95.25,95.29000091552734,95.25,95.28500366210938,7053
2026-09-24 15:42:00+00:00,95.27999877929688,95.27999877929688,95.26000213623047,95.2699966430664,2993
2026-09-24 15:43:00+00:00,95.2750015258789,95.30999755859375,95.2699966430664,95.30999755859375,3480
2026-09-24 15:44:00+00:00,95.31999969482422,95.33999633789062,95.31999969482422,95.33000183105469,5733
2026-09-24 15:45:00+00:00,95.33999633789062,95.36000061035156,95.33999633789062,95.3499984741211,3603
2026-09-24 15:46:00+00:00,95.33999633789062,95.36499786376953,95.33000183105469,95.36000061035156,3400
2026-09-24 15:47:00+00:00,95.36000061035156,95.375,95.33000183105469,95.33000183105469,4258
2026-09-24 15:48:00+00:00,95.31999969482422,95.31999969482422,95.30000305175781,95.30000305175781,981
2026-09-24 15:49:00+00:00,95.25,95.29000091552734,95.25,95.29000091552734,2302
2026-09-24 15:50:00+00:00,95.29000091552734,95.3499984741211,95.29000091552734,95.3499984741211,1793
2026-09-24 15:51:00+00:00,95.36000061035156,95.37999725341797,95.3499984741211,95.37000274658203,3942
2026-09-24 15:52:00+00:00,95.38999938964844,95.41000366210938,95.37999725341797,95.37999725341797,2016
2026-09-24 15:53:00+00:00,95.375,95.38500213623047,95.37000274658203,95.37000274658203,2572
2026-09-24 15:54:00+00:00,95.33499908447266,95.3499984741211,95.33000183105469,95.3499984741211,3356
2026-09-24 15:55:00+00:00,95.3550033569336,95.36000061035156,95.33999633789062,95.33999633789062,1505
2026-09-24 15:56:00+00:00,95.33000183105469,95.33000183105469,95.31999969482422,95.31999969482422,3006
2026-09-24 15:57:00+00:00,95.31999969482422,95.33999633789062,95.31500244140625,95.33999633789062,3162
2026-09-24 15:58:00+00:00,95.33999633789062,95.33999633789062,95.33000183105469,95.33000183105469,1378
2026-09-24 15:59:00+00:00,95.32499694824219,95.32499694824219,95.31999969482422,95.32499694824219,1589
2026-09-24 16:00:00+00:00,95.33000183105469,95.34500122070312,95.27999877929688,95.29000091552734,13189
2026-09-24 16:01:00+00:00,95.29000091552734,95.31500244140625,95.27999877929688,95.30999755859375,6420
2026-09-24 16:02:00+00:00,95.30500030517578,95.31999969482422,95.30000305175781,95.31999969482422,2639
2026-09-24 16:03:00+00:00,95.31999969482422,95.31999969482422,95.30000305175781,95.31510162353516,2815
2026-09-24 16:04:00+00:00,95.30999755859375,95.33000183105469,95.30999755859375,95.33000183105469,1981
2026-09-24 16:05:00+00:00,95.33000183105469,95.33000183105469,95.30999755859375,95.33000183105469,2316
2026-09-24 16:06:00+00:00,95.33000183105469,95.33000183105469,95.29000091552734,95.30000305175781,3552
2026-09-24 16:07:00+00:00,95.30000305175781,95.30000305175781,95.2699966430664,95.28500366210938,1815
2026-09-24 16:08:00+00:00,95.28589630126953,95.29000091552734,95.27999877929688,95.29000091552734,4310
2026-09-24 16:09:00+00:00,95.29000091552734,95.29000091552734,95.29000091552734,95.29000091552734,398
2026-09-24 16:10:00+00:00,95.29000091552734,95.29000091552734,95.2699966430664,95.2699966430664,878
2026-09-24 16:11:00+00:00,95.26000213623047,95.26000213623047,95.2300033569336,95.25,6684
2026-09-24 16:12:00+00:00,95.26000213623047,95.27999877929688,95.26000213623047,95.26000213623047,3142
2026-09-24 16:13:00+00:00,95.26000213623047,95.29000091552734,95.26000213623047,95.29000091552734,3324
2026-09-24 16:14:00+00:00,95.29000091552734,95.36000061035156,95.27999877929688,95.3499984741211,8568
2026-09-24 16:15:00+00:00,95.375,95.6500015258789,95.36000061035156,95.61000061035156,32681
2026-09-24 16:16:00+00:00,95.62000274658203,95.98999786376953,95.58999633789062,95.91000366210938,18980
2026-09-24 16:17:00+00:00,95.9000015258789,96.0,95.8499984741211,95.91999816894531,10038
2026-09-24 16:18:00+00:00,95.94000244140625,96.08999633789062,95.9000015258789,95.9000015258789,11124
2026-09-24 16:19:00+00:00,95.91999816894531,95.94999694824219,95.83000183105469,95.83000183105469,7359
2026-09-24 16:20:00+00:00,95.87999725341797,95.94999694824219,95.83499908447266,95.86000061035156,5791
2026-09-24 16:21:00+00:00,95.86000061035156,95.88999938964844,95.81999969482422,95.8499984741211,11059
2026-09-24 16:22:00+00:00,95.8499984741211,95.87999725341797,95.81500244140625,95.87000274658203,56210
2026-09-24 16:23:00+00:00,95.87000274658203,95.88999938964844,95.81999969482422,95.81999969482422,32529
2026-09-24 16:24:00+00:00,95.80999755859375,95.91000366210938,95.80999755859375,95.88999938964844,16700
2026-09-24 16:25:00+00:00,95.88999938964844,95.90499877929688,95.80000305175781,95.81999969482422,6592
2026-09-24 16:26:00+00:00,95.80500030517578,95.87999725341797,95.80000305175781,95.85900115966797,3060
2026-09-24 16:27:00+00:00,95.8499984741211,95.94999694824219,95.8197021484375,95.94000244140625,4040
2026-09-24 16:28:00+00:00,95.94999694824219,95.95999908447266,95.93000030517578,95.95500183105469,3115
2026-09-24 16:29:00+00:00,95.93000030517578,95.93000030517578,95.88999938964844,95.88999938964844,2436
2026-09-24 16:30:00+00:00,95.87000274658203,95.9000015258789,95.86000061035156,95.9000015258789,1831
2026-09-24 16:31:00+00:00,95.88999938964844,95.8949966430664,95.81999969482422,95.81999969482422,3471
2026-09-24 16:32:00+00:00,95.80999755859375,95.80999755859375,95.77999877929688,95.80999755859375,2261
2026-09-24 16:33:00+00:00,95.82499694824219,95.88999938964844,95.82499694824219,95.86499786376953,4344
2026-09-24 16:34:00+00:00,95.8499984741211,95.87000274658203,95.82499694824219,95.8499984741211,7147
2026-09-24 16:35:00+00:00,95.83999633789062,95.87999725341797,95.83000183105469,95.86000061035156,6856
2026-09-24 16:36:00+00:00,95.91000366210938,95.91999816894531,95.9000015258789,95.91999816894531,997
2026-09-24 16:37:00+00:00,95.94000244140625,95.95500183105469,95.92500305175781,95.92500305175781,9582
2026-09-24 16:38:00+00:00,95.92500305175781,95.93499755859375,95.91000366210938,95.91999816894531,4145
2026-09-24 16:39:00+00:00,95.91999816894531,95.93000030517578,95.91500091552734,95.93000030517578,21393
2026-09-24 16:40:00+00:00,95.93000030517578,96.0199966430664,95.91999816894531,96.0199966430664,7224
2026-09-24 16:41:00+00:00,96.06999969482422,96.08999633789062,96.04000091552734,96.04000091552734,5618
2026-09-24 16:42:00+00:00,96.05500030517578,96.05999755859375,96.00499725341797,96.02999877929688,6146
2026-09-24 16:43:00+00:00,96.04000091552734,96.04000091552734,96.0,96.01000213623047,4322
2026-09-24 16:44:00+00:00,96.01000213623047,96.01000213623047,95.91000366210938,95.91000366210938,5788
2026-09-24 16:45:00+00:00,95.9000015258789,95.9000015258789,95.87000274658203,95.9000015258789,39077
2026-09-24 16:46:00+00:00,95.88500213623047,95.94000244140625,95.88500213623047,95.92500305175781,32831
2026-09-24 16:47:00+00:00,95.91999816894531,95.91999816894531,95.87999725341797,95.87999725341797,6824
2026-09-24 16:48:00+00:00,95.94000244140625,95.94000244140625,95.91500091552734,95.94000244140625,2218
2026-09-24 16:49:00+00:00,95.93000030517578,95.9800033569336,95.93000030517578,95.9800033569336,2108
2026-09-24 16:50:00+00:00,95.95999908447266,95.97000122070312,95.94000244140625,95.94000244140625,6244
2026-09-24 16:51:00+00:00,95.94999694824219,95.98999786376953,95.94999694824219,95.95999908447266,6310
2026-09-24 16:52:00+00:00,95.95999908447266,95.97000122070312,95.87000274658203,95.87000274658203,2623
2026-09-24 16:53:00+00:00,95.88999938964844,95.88999938964844,95.83000183105469,95.83999633789062,1842
2026-09-24 16:54:00+00:00,95.84500122070312,95.87000274658203,95.83999633789062,95.84500122070312,2466
2026-09-24 16:55:00+00:00,95.83999633789062,95.87000274658203,95.83000183105469,95.86000061035156,2592
2026-09-24 16:56:00+00:00,95.83999633789062,95.86000061035156,95.83999633789062,95.86000061035156,2396
2026-09-24 16:57:00+00:00,95.87000274658203,95.87999725341797,95.87000274658203,95.87000274658203,2808
2026-09-24 16:58:00+00:00,95.87000274658203,95.875,95.86000061035156,95.86499786376953,8204
2026-09-24 16:59:00+00:00,95.86499786376953,95.86499786376953,95.81999969482422,95.81999969482422,7869
2026-09-24 17:00:00+00:00,95.80999755859375,95.80999755859375,95.76000213623047,95.77999877929688,7139
2026-09-24 17:01:00+00:00,95.79000091552734,95.8550033569336,95.7750015258789,95.83499908447266,18705
2026-09-24 17:02:00+00:00,95.83000183105469,95.83999633789062,95.7699966430664,95.83999633789062,8998
2026-09-24 17:03:00+00:00,95.88999938964844,95.94999694824219,95.88999938964844,95.9000015258789,3395
2026-09-24 17:04:00+00:00,95.9000015258789,95.9000015258789,95.8499984741211,95.87000274658203,17623
2026-09-24 17:05:00+00:00,95.9000015258789,95.93000030517578,95.88999938964844,95.9000015258789,2365
2026-09-24 17:06:00+00:00,95.9000015258789,95.93000030517578,95.88999938964844,95.91000366210938,5659
2026-09-24 17:07:00+00:00,95.91999816894531,95.97000122070312,95.91000366210938,95.91000366210938,23079
2026-09-24 17:08:00+00:00,95.88999938964844,95.91999816894531,95.88999938964844,95.91999816894531,2113
2026-09-24 17:09:00+00:00,95.91999816894531,95.92500305175781,95.90499877929688,95.91999816894531,2951
2026-09-24 17:10:00+00:00,95.87000274658203,95.87999725341797,95.81500244140625,95.8499984741211,17305
2026-09-24 17:11:00+00:00,95.83000183105469,95.83999633789062,95.80999755859375,95.80999755859375,4058
2026-09-24 17:12:00+00:00,95.80000305175781,95.83000183105469,95.79000091552734,95.80999755859375,3082
2026-09-24 17:13:00+00:00,95.80999755859375,95.83999633789062,95.80000305175781,95.83999633789062,20636
2026-09-24 17:14:00+00:00,95.8499984741211,95.88500213623047,95.8499984741211,95.88500213623047,5573
2026-09-24 17:15:00+00:00,95.88500213623047,95.88500213623047,95.81999969482422,95.81999969482422,5957
2026-09-24 17:16:00+00:00,95.83000183105469,95.8499984741211,95.81999969482422,95.81999969482422,5519
2026-09-24 17:17:00+00:00,95.81999969482422,95.82499694824219,95.79000091552734,95.80000305175781,3058
2026-09-24 17:18:00+00:00,95.78500366210938,95.81999969482422,95.78500366210938,95.81999969482422,1892
2026-09-24 17:19:00+00:00,95.80999755859375,95.80999755859375,95.72000122070312,95.72000122070312,7815
2026-09-24 17:20:00+00:00,95.68000030517578,95.71499633789062,95.68000030517578,95.70999908447266,1971
2026-09-24 17:21:00+00:00,95.70999908447266,95.72000122070312,95.70999908447266,95.71499633789062,1147
2026-09-24 17:22:00+00:00,95.70999908447266,95.73999786376953,95.70500183105469,95.73999786376953,1506
2026-09-24 17:23:00+00:00,95.73999786376953,95.73999786376953,95.72000122070312,95.72000122070312,4546
2026-09-24 17:24:00+00:00,95.7300033569336,95.75,95.69999694824219,95.69999694824219,3495
2026-09-24 17:25:00+00:00,95.68000030517578,95.68000030517578,95.6500015258789,95.65499877929688,8034
2026-09-24 17:26:00+00:00,95.6500015258789,95.6500015258789,95.58999633789062,95.61000061035156,2709
2026-09-24 17:27:00+00:00,95.62999725341797,95.62999725341797,95.62000274658203,95.62999725341797,1923
2026-09-24 17:28:00+00:00,95.63500213623047,95.66000366210938,95.62999725341797,95.66000366210938,2416
2026-09-24 17:29:00+00:00,95.66000366210938,95.68009948730469,95.66000366210938,95.68000030517578,4594
2026-09-24 17:30:00+00:00,95.68000030517578,95.7300033569336,95.68000030517578,95.7249984741211,13970
2026-09-24 17:31:00+00:00,95.72000122070312,95.7300033569336,95.72000122070312,95.7249984741211,3076
2026-09-24 17:32:00+00:00,95.72000122070312,95.7249984741211,95.69999694824219,95.7249984741211,4086
2026-09-24 17:33:00+00:00,95.72000122070312,95.72000122070312,95.70999908447266,95.70999908447266,1783
2026-09-24 17:34:00+00:00,95.70500183105469,95.70500183105469,95.63999938964844,95.63999938964844,2532
2026-09-24 17:35:00+00:00,95.62999725341797,95.63999938964844,95.625,95.625,1558
2026-09-24 17:36:00+00:00,95.62000274658203,95.62999725341797,95.61000061035156,95.61000061035156,8266
2026-09-24 17:37:00+00:00,95.6050033569336,95.625,95.58999633789062,95.5999984741211,11289
2026-09-24 17:38:00+00:00,95.58999633789062,95.6050033569336,95.58499908447266,95.5999984741211,6782
2026-09-24 17:39:00+00:00,95.5999984741211,95.62000274658203,95.5999984741211,95.62000274658203,4484
2026-09-24 17:40:00+00:00,95.62000274658203,95.63561248779297,95.62000274658203,95.63500213623047,8157
2026-09-24 17:41:00+00:00,95.62999725341797,95.62999725341797,95.58999633789062,95.61499786376953,23713
2026-09-24 17:42:00+00:00,95.61000061035156,95.62999725341797,95.61000061035156,95.62000274658203,5843
2026-09-24 17:43:00+00:00,95.5999984741211,95.5999984741211,95.54000091552734,95.55000305175781,5799
2026-09-24 17:44:00+00:00,95.55000305175781,95.55000305175781,95.52999877929688,95.54000091552734,5529
2026-09-24 17:45:00+00:00,95.53500366210938,95.55999755859375,95.5250015258789,95.55999755859375,5907
2026-09-24 17:46:00+00:00,95.55999755859375,95.6050033569336,95.55999755859375,95.5999984741211,10937
2026-09-24 17:47:00+00:00,95.58999633789062,95.62000274658203,95.58999633789062,95.62000274658203,9157
2026-09-24 17:48:00+00:00,95.61000061035156,95.61000061035156,95.5999984741211,95.5999984741211,2089
2026-09-24 17:49:00+00:00,95.62000274658203,95.62000274658203,95.61000061035156,95.61000061035156,1411
2026-09-24 17:50:00+00:00,95.61000061035156,95.62999725341797,95.61000061035156,95.62999725341797,5451
2026-09-24 17:51:00+00:00,95.61499786376953,95.625,95.6050033569336,95.6050033569336,11294
2026-09-24 17:52:00+00:00,95.62000274658203,95.62000274658203,95.58999633789062,95.58999633789062,4190
2026-09-24 17:53:00+00:00,95.5999984741211,95.62000274658203,95.58999633789062,95.5999984741211,7151
2026-09-24 17:54:00+00:00,95.58999633789062,95.59500122070312,95.57499694824219,95.58999633789062,16732
2026-09-24 17:55:00+00:00,95.58999633789062,95.5999984741211,95.58999633789062,95.58999633789062,3356
2026-09-24 17:56:00+00:00,95.61499786376953,95.6500015258789,95.61499786376953,95.63999938964844,13739
2026-09-24 17:57:00+00:00,95.62999725341797,95.63500213623047,95.59590148925781,95.5999984741211,4169
2026-09-24 17:58:00+00:00,95.5999984741211,95.61000061035156,95.58499908447266,95.5999984741211,2983
2026-09-24 17:59:00+00:00,95.61000061035156,95.62999725341797,95.61000061035156,95.61000061035156,2011
2026-09-24 18:00:00+00:00,95.61000061035156,95.62000274658203,95.58000183105469,95.58999633789062,4716
2026-09-24 18:01:00+00:00,95.58999633789062,95.58999633789062,95.5199966430664,95.52999877929688,2755
2026-09-24 18:02:00+00:00,95.51499938964844,95.51499938964844,95.4800033569336,95.4800033569336,4641
2026-09-24 18:03:00+00:00,95.4800033569336,95.4800033569336,95.42500305175781,95.43000030517578,5843
2026-09-24 18:04:00+00:00,95.43000030517578,95.45999908447266,95.41999816894531,95.41999816894531,5663
2026-09-24 18:05:00+00:00,95.43000030517578,95.45999908447266,95.43000030517578,95.45999908447266,5828
2026-09-24 18:06:00+00:00,95.44999694824219,95.55000305175781,95.44999694824219,95.55000305175781,9561
2026-09-24 18:07:00+00:00,95.54499816894531,95.58999633789062,95.52999877929688,95.58000183105469,12208
2026-09-24 18:08:00+00:00,95.58000183105469,95.62000274658203,95.58000183105469,95.59500122070312,6885
2026-09-24 18:09:00+00:00,95.58999633789062,95.58999633789062,95.57029724121094,95.58000183105469,2906
2026-09-24 18:10:00+00:00,95.58000183105469,95.61000061035156,95.58000183105469,95.61000061035156,4290
2026-09-24 18:11:00+00:00,95.61000061035156,95.6449966430664,95.61000061035156,95.62000274658203,5024
2026-09-24 18:12:00+00:00,95.62000274658203,95.63500213623047,95.62000274658203,95.62000274658203,12360
2026-09-24 18:13:00+00:00,95.61000061035156,95.62000274658203,95.6050033569336,95.61499786376953,7690
2026-09-24 18:14:00+00:00,95.62999725341797,95.6500015258789,95.62999725341797,95.6500015258789,19649
2026-09-24 18:15:00+00:00,95.66000366210938,95.66000366210938,95.63500213623047,95.6500015258789,13197
2026-09-24 18:16:00+00:00,95.68000030517578,95.69999694824219,95.68000030517578,95.69000244140625,15285
2026-09-24 18:17:00+00:00,95.68000030517578,95.68000030517578,95.6500015258789,95.66000366210938,2946
2026-09-24 18:18:00+00:00,95.66999816894531,95.66999816894531,95.63999938964844,95.63999938964844,7294
2026-09-24 18:19:00+00:00,95.62000274658203,95.62999725341797,95.62000274658203,95.62999725341797,2034
2026-09-24 18:20:00+00:00,95.62999725341797,95.62999725341797,95.58999633789062,95.58999633789062,2325
2026-09-24 18:21:00+00:00,95.58999633789062,95.61000061035156,95.58999633789062,95.61000061035156,3738
2026-09-24 18:22:00+00:00,95.62000274658203,95.625,95.62000274658203,95.625,775
2026-09-24 18:23:00+00:00,95.62999725341797,95.66500091552734,95.62000274658203,95.66500091552734,3801
2026-09-24 18:24:00+00:00,95.66000366210938,95.66999816894531,95.66000366210938,95.66999816894531,2600
2026-09-24 18:25:00+00:00,95.67500305175781,95.7699966430664,95.67500305175781,95.72000122070312,32720
2026-09-24 18:26:00+00:00,95.73999786376953,95.77999877929688,95.73999786376953,95.75499725341797,1533
2026-09-24 18:27:00+00:00,95.75499725341797,95.7699966430664,95.7249984741211,95.7249984741211,7437
2026-09-24 18:28:00+00:00,95.7300033569336,95.75,95.7300033569336,95.75,2616
2026-09-24 18:29:00+00:00,95.73999786376953,95.75,95.73999786376953,95.75,2216
2026-09-24 18:30:00+00:00,95.73999786376953,95.76000213623047,95.73999786376953,95.76000213623047,1997
2026-09-24 18:31:00+00:00,95.76499938964844,95.76499938964844,95.70999908447266,95.72000122070312,15165
2026-09-24 18:32:00+00:00,95.70999908447266,95.7300033569336,95.69000244140625,95.69000244140625,19428
2026-09-24 18:33:00+00:00,95.69999694824219,95.71499633789062,95.69000244140625,95.69000244140625,7949
2026-09-24 18:34:00+00:00,95.69000244140625,95.69999694824219,95.68000030517578,95.68000030517578,3144
2026-09-24 18:35:00+00:00,95.68000030517578,95.68000030517578,95.63999938964844,95.63999938964844,2226
2026-09-24 18:36:00+00:00,95.63999938964844,95.66000366210938,95.63999938964844,95.65499877929688,3754
2026-09-24 18:37:00+00:00,95.65499877929688,95.66999816894531,95.65499877929688,95.66999816894531,2700
2026-09-24 18:38:00+00:00,95.66999816894531,95.8499984741211,95.66999816894531,95.83999633789062,91952
2026-09-24 18:39:00+00:00,95.86000061035156,95.88999938964844,95.77999877929688,95.77999877929688,30232
2026-09-24 18:40:00+00:00,95.76000213623047,95.76000213623047,95.69999694824219,95.69999694824219,2755
2026-09-24 18:41:00+00:00,95.70999908447266,95.72000122070312,95.69499969482422,95.72000122070312,2049
2026-09-24 18:42:00+00:00,95.7300033569336,95.7300033569336,95.68000030517578,95.69999694824219,2446
2026-09-24 18:43:00+00:00,95.69000244140625,95.69000244140625,95.66500091552734,95.68000030517578,2464
2026-09-24 18:44:00+00:00,95.67430114746094,95.69999694824219,95.67430114746094,95.69000244140625,2267
2026-09-24 18:45:00+00:00,95.69000244140625,95.7300033569336,95.69000244140625,95.7249984741211,10103
2026-09-24 18:46:00+00:00,95.72000122070312,95.72000122070312,95.70999908447266,95.71499633789062,8851
2026-09-24 18:47:00+00:00,95.72000122070312,95.7300033569336,95.69999694824219,95.72000122070312,6589
2026-09-24 18:48:00+00:00,95.72000122070312,95.7300033569336,95.72000122070312,95.7300033569336,4291
2026-09-24 18:49:00+00:00,95.7300033569336,95.74500274658203,95.7249984741211,95.73999786376953,6533
2026-09-24 18:50:00+00:00,95.73999786376953,95.83999633789062,95.73999786376953,95.81500244140625,53777
2026-09-24 18:51:00+00:00,95.81500244140625,95.81500244140625,95.7699966430664,95.77999877929688,5253
2026-09-24 18:52:00+00:00,95.80000305175781,95.83000183105469,95.80000305175781,95.83000183105469,1832
2026-09-24 18:53:00+00:00,95.81999969482422,95.81999969482422,95.80000305175781,95.81999969482422,11459
2026-09-24 18:54:00+00:00,95.80999755859375,95.81999969482422,95.80000305175781,95.80000305175781,1265
2026-09-24 18:55:00+00:00,95.80000305175781,95.83000183105469,95.80000305175781,95.81999969482422,5411
2026-09-24 18:56:00+00:00,95.80999755859375,95.8499984741211,95.80999755859375,95.8499984741211,4483
2026-09-24 18:57:00+00:00,95.8499984741211,95.86000061035156,95.83999633789062,95.8499984741211,6097
2026-09-24 18:58:00+00:00,95.8499984741211,95.86000061035156,95.83999633789062,95.8499984741211,2324
2026-09-24 18:59:00+00:00,95.8499984741211,95.8499984741211,95.80000305175781,95.80000305175781,5269
2026-09-24 19:00:00+00:00,95.80999755859375,95.81999969482422,95.77999877929688,95.79000091552734,5701
2026-09-24 19:01:00+00:00,95.77999877929688,95.79000091552734,95.73500061035156,95.73999786376953,26281
2026-09-24 19:02:00+00:00,95.73999786376953,95.74500274658203,95.69010162353516,95.69010162353516,8448
2026-09-24 19:03:00+00:00,95.69889831542969,95.70500183105469,95.66500091552734,95.66500091552734,6720
2026-09-24 19:04:00+00:00,95.6500015258789,95.66999816894531,95.6500015258789,95.66500091552734,2531
2026-09-24 19:05:00+00:00,95.66999816894531,95.69000244140625,95.66999816894531,95.69000244140625,2830
2026-09-24 19:06:00+00:00,95.68499755859375,95.72000122070312,95.68499755859375,95.70999908447266,3969
2026-09-24 19:07:00+00:00,95.70999908447266,95.72000122070312,95.70999908447266,95.72000122070312,1802
2026-09-24 19:08:00+00:00,95.72000122070312,95.74500274658203,95.72000122070312,95.7301025390625,2924
2026-09-24 19:09:00+00:00,95.7300033569336,95.7300033569336,95.71499633789062,95.7249984741211,5856
2026-09-24 19:10:00+00:00,95.7249984741211,95.7249984741211,95.69000244140625,95.69000244140625,4442
2026-09-24 19:11:00+00:00,95.68000030517578,95.68000030517578,95.6500015258789,95.66000366210938,3569
2026-09-24 19:12:00+00:00,95.66999816894531,95.67500305175781,95.65499877929688,95.66000366210938,3022
2026-09-24 19:13:00+00:00,95.66999816894531,95.69000244140625,95.66999816894531,95.66999816894531,2736
2026-09-24 19:14:00+00:00,95.66999816894531,95.66999816894531,95.6500015258789,95.6500015258789,2795
2026-09-24 19:15:00+00:00,95.66000366210938,95.68000030517578,95.66000366210938,95.67500305175781,5016
2026-09-24 19:16:00+00:00,95.67500305175781,95.69499969482422,95.66999816894531,95.69499969482422,3132
2026-09-24 19:17:00+00:00,95.69999694824219,95.71499633789062,95.69000244140625,95.69499969482422,5735
2026-09-24 19:18:00+00:00,95.69999694824219,95.72000122070312,95.69999694824219,95.71499633789062,3386
2026-09-24 19:19:00+00:00,95.71499633789062,95.7249984741211,95.69999694824219,95.70500183105469,55258
2026-09-24 19:20:00+00:00,95.70999908447266,95.70999908447266,95.69999694824219,95.69999694824219,7575
2026-09-24 19:21:00+00:00,95.69000244140625,95.70999908447266,95.68990325927734,95.70999908447266,4532
2026-09-24 19:22:00+00:00,95.70999908447266,95.71499633789062,95.69999694824219,95.70999908447266,15196
2026-09-24 19:23:00+00:00,95.70999908447266,95.72000122070312,95.69999694824219,95.72000122070312,3436
2026-09-24 19:24:00+00:00,95.7249984741211,95.73999786376953,95.7249984741211,95.7300033569336,3417
2026-09-24 19:25:00+00:00,95.73999786376953,95.76000213623047,95.73999786376953,95.74500274658203,5697
2026-09-24 19:26:00+00:00,95.75,95.7699966430664,95.75,95.7699966430664,1656
2026-09-24 19:27:00+00:00,95.7699966430664,95.7699966430664,95.75,95.75,4220
2026-09-24 19:28:00+00:00,95.73999786376953,95.75,95.73999786376953,95.74500274658203,1800
2026-09-24 19:29:00+00:00,95.74500274658203,95.75,95.72000122070312,95.72000122070312,2266
2026-09-24 19:30:00+00:00,95.72000122070312,95.75499725341797,95.71499633789062,95.74500274658203,3983
2026-09-24 19:31:00+00:00,95.74500274658203,95.75,95.73999786376953,95.75,1590
2026-09-24 19:32:00+00:00,95.74500274658203,95.74500274658203,95.70500183105469,95.72000122070312,2187
2026-09-24 19:33:00+00:00,95.7300033569336,95.74500274658203,95.7249984741211,95.7300033569336,3297
2026-09-24 19:34:00+00:00,95.73999786376953,95.7750015258789,95.73999786376953,95.76000213623047,10060
2026-09-24 19:35:00+00:00,95.76000213623047,95.76000213623047,95.7249984741211,95.74500274658203,6935
2026-09-24 19:36:00+00:00,95.75,95.75,95.74500274658203,95.75,2886
2026-09-24 19:37:00+00:00,95.75,95.75,95.7249984741211,95.7300033569336,4428
2026-09-24 19:38:00+00:00,95.73999786376953,95.7699966430664,95.73999786376953,95.76499938964844,4259
2026-09-24 19:39:00+00:00,95.7699966430664,95.79000091552734,95.7699966430664,95.77999877929688,9182
2026-09-24 19:40:00+00:00,95.79000091552734,95.80000305175781,95.7699966430664,95.7699966430664,6661
2026-09-24 19:41:00+00:00,95.7750015258789,95.77999877929688,95.7699966430664,95.7699966430664,4072
2026-09-24 19:42:00+00:00,95.7699966430664,95.7699966430664,95.73999786376953,95.73999786376953,9925
2026-09-24 19:43:00+00:00,95.73999786376953,95.76499938964844,95.73500061035156,95.76000213623047,7490
2026-09-24 19:44:00+00:00,95.76000213623047,95.7750015258789,95.76000213623047,95.7750015258789,4090
2026-09-24 19:45:00+00:00,95.7699966430664,95.77999877929688,95.76000213623047,95.7699966430664,17003
2026-09-24 19:46:00+00:00,95.7699966430664,95.78500366210938,95.7699966430664,95.78500366210938,4784
2026-09-24 19:47:00+00:00,95.79000091552734,95.80500030517578,95.79000091552734,95.80500030517578,7739
2026-09-24 19:48:00+00:00,95.80000305175781,95.80999755859375,95.79000091552734,95.80999755859375,9883
2026-09-24 19:49:00+00:00,95.80999755859375,95.82499694824219,95.80500030517578,95.80999755859375,12540
2026-09-24 19:50:00+00:00,95.80999755859375,95.83499908447266,95.80999755859375,95.80999755859375,14166
2026-09-24 19:51:00+00:00,95.80999755859375,95.86499786376953,95.80999755859375,95.84500122070312,18250
2026-09-24 19:52:00+00:00,95.84500122070312,95.8499984741211,95.83999633789062,95.84500122070312,11374
2026-09-24 19:53:00+00:00,95.84500122070312,95.875,95.84500122070312,95.84500122070312,17860
2026-09-24 19:54:00+00:00,95.83999633789062,95.86000061035156,95.83000183105469,95.83499908447266,13413
2026-09-24 19:55:00+00:00,95.83499908447266,95.86000061035156,95.81999969482422,95.8499984741211,48169
2026-09-24 19:56:00+00:00,95.84500122070312,95.875,95.83499908447266,95.8499984741211,18648
2026-09-24 19:57:00+00:00,95.84500122070312,95.8499984741211,95.83000183105469,95.83000183105469,128518
2026-09-24 19:58:00+00:00,95.83000183105469,95.83999633789062,95.77999877929688,95.78500366210938,46658
2026-09-24 19:59:00+00:00,95.78500366210938,95.82499694824219,95.77999877929688,95.80999755859375,131275
2026-09-25 13:30:00+00:00,97.5199966430664,97.54000091552734,97.41000366210938,97.5199966430664,102398
2026-09-25 13:31:00+00:00,97.5199966430664,97.54000091552734,97.48500061035156,97.52999877929688,2410
2026-09-25 13:32:00+00:00,97.62000274658203,97.62999725341797,97.5199966430664,97.55999755859375,3289
2026-09-25 13:33:00+00:00,97.55000305175781,97.55000305175781,97.52999877929688,97.52999877929688,544
2026-09-25 13:34:00+00:00,97.58000183105469,97.58000183105469,97.58000183105469,97.58000183105469,271
2026-09-25 13:35:00+00:00,97.5999984741211,97.61000061035156,97.55999755859375,97.5999984741211,8702
2026-09-25 13:36:00+00:00,97.58000183105469,97.66000366210938,97.58000183105469,97.63999938964844,28042
2026-09-25 13:37:00+00:00,97.6500015258789,97.66999816894531,97.62000274658203,97.63999938964844,3875
2026-09-25 13:38:00+00:00,97.63999938964844,97.63999938964844,97.62000274658203,97.63500213623047,1062
2026-09-25 13:39:00+00:00,97.62999725341797,97.68000030517578,97.62999725341797,97.68000030517578,1287
2026-09-25 13:40:00+00:00,97.6881103515625,97.69999694824219,97.66999816894531,97.68000030517578,7150
2026-09-25 13:41:00+00:00,97.66999816894531,97.69000244140625,97.66000366210938,97.69000244140625,2372
2026-09-25 13:42:00+00:00,97.69000244140625,97.69000244140625,97.6500015258789,97.68000030517578,1636
2026-09-25 13:43:00+00:00,97.67500305175781,97.68000030517578,97.58499908447266,97.58499908447266,12553
2026-09-25 13:44:00+00:00,97.58499908447266,97.5999984741211,97.56999969482422,97.5999984741211,4787
2026-09-25 13:45:00+00:00,97.57499694824219,97.58000183105469,97.52999877929688,97.53500366210938,6192
2026-09-25 13:46:00+00:00,97.54000091552734,97.55500030517578,97.51000213623047,97.55000305175781,8412
2026-09-25 13:47:00+00:00,97.54000091552734,97.56999969482422,97.54000091552734,97.54000091552734,2173
2026-09-25 13:48:00+00:00,97.54000091552734,97.56999969482422,97.48999786376953,97.51000213623047,3779
2026-09-25 13:49:00+00:00,97.51000213623047,97.55000305175781,97.51000213623047,97.55000305175781,4811
2026-09-25 13:50:00+00:00,97.54499816894531,97.58999633789062,97.54499816894531,97.56999969482422,4219
2026-09-25 13:51:00+00:00,97.56999969482422,97.61000061035156,97.55999755859375,97.58000183105469,4043
2026-09-25 13:52:00+00:00,97.58000183105469,97.58999633789062,97.56999969482422,97.57499694824219,5092
2026-09-25 13:53:00+00:00,97.56999969482422,97.5999984741211,97.56999969482422,97.59010314941406,3682
2026-09-25 13:54:00+00:00,97.5999984741211,97.625,97.5999984741211,97.61000061035156,1631
2026-09-25 13:55:00+00:00,97.6050033569336,97.61000061035156,97.58000183105469,97.58999633789062,17870
2026-09-25 13:56:00+00:00,97.58999633789062,97.58999633789062,97.56999969482422,97.58000183105469,5964
2026-09-25 13:57:00+00:00,97.56999969482422,97.56999969482422,97.54499816894531,97.56999969482422,6313
2026-09-25 13:58:00+00:00,97.55999755859375,97.56500244140625,97.55999755859375,97.55999755859375,1216
2026-09-25 13:59:00+00:00,97.55000305175781,97.55000305175781,97.5199966430664,97.54000091552734,2432
2026-09-25 14:00:00+00:00,97.54000091552734,97.58999633789062,97.4800033569336,97.48999786376953,7140
2026-09-25 14:01:00+00:00,97.4800033569336,97.4800033569336,97.43000030517578,97.45999908447266,20740
2026-09-25 14:02:00+00:00,97.44000244140625,97.44999694824219,97.41000366210938,97.41999816894531,8370
2026-09-25 14:03:00+00:00,97.41000366210938,97.41999816894531,97.37000274658203,97.41000366210938,9436
2026-09-25 14:04:00+00:00,97.41500091552734,97.41500091552734,97.34500122070312,97.34500122070312,6864
2026-09-25 14:05:00+00:00,97.31999969482422,97.33000183105469,97.18000030517578,97.18000030517578,11371
2026-09-25 14:06:00+00:00,97.18499755859375,97.2699966430664,97.18499755859375,97.26000213623047,35420
2026-09-25 14:07:00+00:00,97.26000213623047,97.3499984741211,97.26000213623047,97.33000183105469,11013
2026-09-25 14:08:00+00:00,97.31999969482422,97.36499786376953,97.30999755859375,97.36000061035156,2718
2026-09-25 14:09:00+00:00,97.375,97.3949966430664,97.33499908447266,97.375,15277
2026-09-25 14:10:00+00:00,97.375,97.41000366210938,97.375,97.37999725341797,4799
2026-09-25 14:11:00+00:00,97.37000274658203,97.43000030517578,97.36499786376953,97.41999816894531,5863
2026-09-25 14:12:00+00:00,97.41999816894531,97.41999816894531,97.37000274658203,97.37999725341797,10392
2026-09-25 14:13:00+00:00,97.37000274658203,97.37000274658203,97.33000183105469,97.33000183105469,5383
2026-09-25 14:14:00+00:00,97.31999969482422,97.33000183105469,97.26000213623047,97.2699966430664,3058
2026-09-25 14:15:00+00:00,97.2699966430664,97.2750015258789,97.20999908447266,97.26000213623047,13087
2026-09-25 14:16:00+00:00,97.26499938964844,97.2699966430664,97.18000030517578,97.18000030517578,12555
2026-09-25 14:17:00+00:00,97.16500091552734,97.18000030517578,97.1500015258789,97.18000030517578,5745
2026-09-25 14:18:00+00:00,97.18000030517578,97.19999694824219,97.15499877929688,97.15499877929688,7943
2026-09-25 14:19:00+00:00,97.15499877929688,97.23999786376953,97.1500015258789,97.23999786376953,4599
2026-09-25 14:20:00+00:00,97.23999786376953,97.23999786376953,97.19000244140625,97.2249984741211,7590
2026-09-25 14:21:00+00:00,97.2249984741211,97.23999786376953,97.17500305175781,97.18000030517578,13716
2026-09-25 14:22:00+00:00,97.19499969482422,97.25,97.19499969482422,97.25,2915
2026-09-25 14:23:00+00:00,97.23999786376953,97.26000213623047,97.19000244140625,97.22000122070312,42100
2026-09-25 14:24:00+00:00,97.22000122070312,97.26499938964844,97.21499633789062,97.23500061035156,18528
2026-09-25 14:25:00+00:00,97.23500061035156,97.23999786376953,97.20999908447266,97.23999786376953,6737
2026-09-25 14:26:00+00:00,97.23999786376953,97.23999786376953,97.20500183105469,97.20590209960938,2060
2026-09-25 14:27:00+00:00,97.23500061035156,97.23500061035156,97.20999908447266,97.20999908447266,1077
2026-09-25 14:28:00+00:00,97.19999694824219,97.19999694824219,97.16000366210938,97.16999816894531,4635
2026-09-25 14:29:00+00:00,97.18000030517578,97.19499969482422,97.13500213623047,97.13500213623047,1951
2026-09-25 14:30:00+00:00,97.12999725341797,97.12999725341797,97.08999633789062,97.12000274658203,3057
2026-09-25 14:31:00+00:00,97.13999938964844,97.16500091552734,97.13500213623047,97.13500213623047,2380
2026-09-25 14:32:00+00:00,97.16000366210938,97.18000030517578,97.1500015258789,97.18000030517578,1990
2026-09-25 14:33:00+00:00,97.18499755859375,97.19999694824219,97.18000030517578,97.18000030517578,5884
2026-09-25 14:34:00+00:00,97.18000030517578,97.2249984741211,97.18000030517578,97.20999908447266,12211
2026-09-25 14:35:00+00:00,97.19999694824219,97.22000122070312,97.17500305175781,97.19000244140625,3031
2026-09-25 14:36:00+00:00,97.19740295410156,97.2249984741211,97.19740295410156,97.19999694824219,2409
2026-09-25 14:37:00+00:00,97.19499969482422,97.20999908447266,97.19499969482422,97.20500183105469,5411
2026-09-25 14:38:00+00:00,97.21499633789062,97.25,97.21499633789062,97.2300033569336,7363
2026-09-25 14:39:00+00:00,97.22000122070312,97.22000122070312,97.22000122070312,97.22000122070312,110584
2026-09-25 14:40:00+00:00,97.20999908447266,97.20999908447266,97.18000030517578,97.18000030517578,1063
2026-09-25 14:41:00+00:00,97.16999816894531,97.17500305175781,97.11949920654297,97.12000274658203,2339
2026-09-25 14:42:00+00:00,97.11000061035156,97.13999938964844,97.11000061035156,97.13999938964844,1171
2026-09-25 14:43:00+00:00,97.12000274658203,97.12999725341797,97.11000061035156,97.11000061035156,1047
2026-09-25 14:44:00+00:00,97.12999725341797,97.18499755859375,97.12999725341797,97.18499755859375,3369
2026-09-25 14:45:00+00:00,97.18499755859375,97.19999694824219,97.15499877929688,97.19999694824219,7033
2026-09-25 14:46:00+00:00,97.18000030517578,97.25,97.13999938964844,97.19999694824219,54012
2026-09-25 14:47:00+00:00,97.19999694824219,97.23999786376953,97.18000030517578,97.20999908447266,35745
2026-09-25 14:48:00+00:00,97.20500183105469,97.21499633789062,97.18000030517578,97.18000030517578,12269
2026-09-25 14:49:00+00:00,97.16999816894531,97.23999786376953,97.16999816894531,97.2300033569336,4700
2026-09-25 14:50:00+00:00,97.2300033569336,97.2300033569336,97.20500183105469,97.22000122070312,10599
2026-09-25 14:51:00+00:00,97.2249984741211,97.2300033569336,97.16999816894531,97.16999816894531,4034
2026-09-25 14:52:00+00:00,97.16999816894531,97.23999786376953,97.16999816894531,97.23999786376953,2903
2026-09-25 14:53:00+00:00,97.22000122070312,97.25,97.22000122070312,97.2249984741211,3568
2026-09-25 14:54:00+00:00,97.2300033569336,97.27999877929688,97.2300033569336,97.26499938964844,6658
2026-09-25 14:55:00+00:00,97.27999877929688,97.30000305175781,97.26000213623047,97.29000091552734,15073
2026-09-25 14:56:00+00:00,97.31999969482422,97.36000061035156,97.31999969482422,97.31999969482422,6069
2026-09-25 14:57:00+00:00,97.30000305175781,97.32499694824219,97.30000305175781,97.31500244140625,10256
2026-09-25 14:58:00+00:00,97.30999755859375,97.30999755859375,97.2699966430664,97.30999755859375,4979
2026-09-25 14:59:00+00:00,97.31009674072266,97.38500213623047,97.31009674072266,97.37999725341797,2838
2026-09-25 15:00:00+00:00,97.37000274658203,97.37000274658203,97.36000061035156,97.36000061035156,1995
2026-09-25 15:01:00+00:00,97.3499984741211,97.3499984741211,97.33000183105469,97.34500122070312,17645
2026-09-25 15:02:00+00:00,97.34500122070312,97.3550033569336,97.33999633789062,97.34500122070312,23928
2026-09-25 15:03:00+00:00,97.34500122070312,97.36000061035156,97.33999633789062,97.3499984741211,8950
2026-09-25 15:04:00+00:00,97.33999633789062,97.37999725341797,97.33999633789062,97.33999633789062,5131
2026-09-25 15:05:00+00:00,97.37999725341797,97.38009643554688,97.33000183105469,97.33000183105469,1985
2026-09-25 15:06:00+00:00,97.33999633789062,97.33999633789062,97.32499694824219,97.32499694824219,1248
2026-09-25 15:07:00+00:00,97.33000183105469,97.33000183105469,97.28500366210938,97.30000305175781,5269
2026-09-25 15:08:00+00:00,97.27999877929688,97.27999877929688,97.26000213623047,97.2699966430664,5504
2026-09-25 15:09:00+00:00,97.25,97.25,97.2249984741211,97.23999786376953,2432
2026-09-25 15:10:00+00:00,97.22000122070312,97.2249984741211,97.20500183105469,97.20500183105469,2861
2026-09-25 15:11:00+00:00,97.19999694824219,97.20500183105469,97.16999816894531,97.16999816894531,3300
2026-09-25 15:12:00+00:00,97.18499755859375,97.20999908447266,97.18499755859375,97.20999908447266,1626
2026-09-25 15:13:00+00:00,97.2300033569336,97.25,97.2249984741211,97.23999786376953,2665
2026-09-25 15:14:00+00:00,97.25,97.29000091552734,97.25,97.29000091552734,2792
2026-09-25 15:15:00+00:00,97.27999877929688,97.27999877929688,97.26000213623047,97.27999877929688,3825
2026-09-25 15:16:00+00:00,97.26000213623047,97.26000213623047,97.26000213623047,97.26000213623047,775
2026-09-25 15:17:00+00:00,97.2750015258789,97.30000305175781,97.2699966430664,97.29000091552734,1593
2026-09-25 15:18:00+00:00,97.29000091552734,97.30000305175781,97.29000091552734,97.30000305175781,1575
2026-09-25 15:19:00+00:00,97.29499816894531,97.29499816894531,97.25,97.25509643554688,1451
2026-09-25 15:20:00+00:00,97.25499725341797,97.27999877929688,97.25,97.2699966430664,3380
2026-09-25 15:21:00+00:00,97.28500366210938,97.36000061035156,97.2699966430664,97.31749725341797,43856
2026-09-25 15:22:00+00:00,97.31500244140625,97.375,97.31500244140625,97.36499786376953,18599
2026-09-25 15:23:00+00:00,97.36499786376953,97.38500213623047,97.36000061035156,97.36000061035156,8193
2026-09-25 15:24:00+00:00,97.36000061035156,97.36000061035156,97.31500244140625,97.31999969482422,8132
2026-09-25 15:25:00+00:00,97.31999969482422,97.33999633789062,97.27999877929688,97.27999877929688,11151
2026-09-25 15:26:00+00:00,97.2750015258789,97.33000183105469,97.2750015258789,97.32499694824219,14936
2026-09-25 15:27:00+00:00,97.33499908447266,97.36000061035156,97.30999755859375,97.31999969482422,11808
2026-09-25 15:28:00+00:00,97.31999969482422,97.33499908447266,97.30999755859375,97.32499694824219,9662
2026-09-25 15:29:00+00:00,97.32499694824219,97.36000061035156,97.32499694824219,97.33000183105469,11445
2026-09-25 15:30:00+00:00,97.33499908447266,97.43000030517578,97.33000183105469,97.43000030517578,55260
2026-09-25 15:31:00+00:00,97.41999816894531,97.47000122070312,97.41500091552734,97.45999908447266,24766
2026-09-25 15:32:00+00:00,97.45999908447266,97.51000213623047,97.45500183105469,97.49500274658203,14152
2026-09-25 15:33:00+00:00,97.49500274658203,97.5199966430664,97.45999908447266,97.51000213623047,15459
2026-09-25 15:34:00+00:00,97.5250015258789,97.5250015258789,97.44000244140625,97.45999908447266,28643
2026-09-25 15:35:00+00:00,97.44000244140625,97.44999694824219,97.41000366210938,97.44499969482422,10032
2026-09-25 15:36:00+00:00,97.43000030517578,97.43000030517578,97.37000274658203,97.37000274658203,6969
2026-09-25 15:37:00+00:00,97.3499984741211,97.3550033569336,97.3499984741211,97.3550033569336,401
2026-09-25 15:38:00+00:00,97.33999633789062,97.33999633789062,97.2750015258789,97.2750015258789,2689
2026-09-25 15:39:00+00:00,97.2699966430664,97.28500366210938,97.25499725341797,97.28500366210938,7847
2026-09-25 15:40:00+00:00,97.2750015258789,97.30509948730469,97.26499938964844,97.30509948730469,2409
2026-09-25 15:41:00+00:00,97.30999755859375,97.33000183105469,97.30000305175781,97.31999969482422,5822
2026-09-25 15:42:00+00:00,97.33000183105469,97.33000183105469,97.29000091552734,97.29000091552734,2547
2026-09-25 15:43:00+00:00,97.27999877929688,97.30000305175781,97.25499725341797,97.25499725341797,3483
2026-09-25 15:44:00+00:00,97.22000122070312,97.2300033569336,97.20999908447266,97.2300033569336,840
2026-09-25 15:45:00+00:00,97.20999908447266,97.20999908447266,97.18000030517578,97.18000030517578,1041
2026-09-25 15:46:00+00:00,97.1449966430664,97.19000244140625,97.13999938964844,97.19000244140625,1446
2026-09-25 15:47:00+00:00,97.23999786376953,97.2698974609375,97.23999786376953,97.2698974609375,1029
2026-09-25 15:48:00+00:00,97.25,97.27999877929688,97.25,97.27999877929688,2187
2026-09-25 15:49:00+00:00,97.27999877929688,97.29499816894531,97.27999877929688,97.27999877929688,2971
2026-09-25 15:50:00+00:00,97.30000305175781,97.30999755859375,97.30000305175781,97.30999755859375,1808
2026-09-25 15:51:00+00:00,97.2699966430664,97.2699966430664,97.20999908447266,97.20999908447266,1699
2026-09-25 15:52:00+00:00,97.19999694824219,97.20999908447266,97.1500015258789,97.19000244140625,201911
2026-09-25 15:53:00+00:00,97.19999694824219,97.19999694824219,97.18499755859375,97.18499755859375,10283
2026-09-25 15:54:00+00:00,97.19000244140625,97.30999755859375,97.18000030517578,97.29499816894531,84296
2026-09-25 15:55:00+00:00,97.29000091552734,97.31999969482422,97.28500366210938,97.30999755859375,34153
2026-09-25 15:56:00+00:00,97.30500030517578,97.30500030517578,97.26000213623047,97.2750015258789,13449
2026-09-25 15:57:00+00:00,97.2750015258789,97.31500244140625,97.2750015258789,97.30000305175781,21016
2026-09-25 15:58:00+00:00,97.30999755859375,97.44000244140625,97.30999755859375,97.42500305175781,36854
2026-09-25 15:59:00+00:00,97.42500305175781,97.51499938964844,97.41000366210938,97.5,68204
2026-09-25 16:00:00+00:00,97.50499725341797,97.63999938964844,97.48999786376953,97.63999938964844,38356
2026-09-25 16:01:00+00:00,97.63999938964844,97.69999694824219,97.63999938964844,97.67500305175781,10224
2026-09-25 16:02:00+00:00,97.67500305175781,97.79000091552734,97.67500305175781,97.79000091552734,5391
2026-09-25 16:03:00+00:00,97.81999969482422,97.8949966430664,97.80999755859375,97.8949966430664,11444
2026-09-25 16:04:00+00:00,97.8949966430664,97.8949966430664,97.78500366210938,97.88999938964844,10567
2026-09-25 16:05:00+00:00,97.91000366210938,97.94000244140625,97.88999938964844,97.91000366210938,2956
2026-09-25 16:06:00+00:00,97.86000061035156,97.9800033569336,97.86000061035156,97.97000122070312,5583
2026-09-25 16:07:00+00:00,97.98500061035156,97.98500061035156,97.91999816894531,97.91999816894531,1847
2026-09-25 16:08:00+00:00,97.93000030517578,97.97000122070312,97.91999816894531,97.94999694824219,6399
2026-09-25 16:09:00+00:00,97.94000244140625,97.9800033569336,97.91999816894531,97.9749984741211,2478
2026-09-25 16:10:00+00:00,97.94999694824219,98.00499725341797,97.94999694824219,97.9749984741211,3455
2026-09-25 16:11:00+00:00,97.94999694824219,97.96499633789062,97.91000366210938,97.96499633789062,4180
2026-09-25 16:12:00+00:00,97.97000122070312,97.98999786376953,97.95999908447266,97.95999908447266,2388
2026-09-25 16:13:00+00:00,97.96499633789062,97.9749984741211,97.92500305175781,97.92500305175781,2045
2026-09-25 16:14:00+00:00,97.90499877929688,97.94000244140625,97.88999938964844,97.93499755859375,2048
2026-09-25 16:15:00+00:00,97.94000244140625,97.94000244140625,97.90010070800781,97.94000244140625,4182
2026-09-25 16:16:00+00:00,97.90499877929688,97.9749984741211,97.9000015258789,97.97000122070312,2961
2026-09-25 16:17:00+00:00,97.98999786376953,98.0,97.94999694824219,97.94999694824219,4165
2026-09-25 16:18:00+00:00,97.88999938964844,97.88999938964844,97.83000183105469,97.83000183105469,1968
2026-09-25 16:19:00+00:00,97.83000183105469,97.83000183105469,97.80000305175781,97.83000183105469,4310
2026-09-25 16:20:00+00:00,97.81500244140625,97.83999633789062,97.80000305175781,97.80999755859375,6865
2026-09-25 16:21:00+00:00,97.80999755859375,97.81500244140625,97.79000091552734,97.79499816894531,2867
2026-09-25 16:22:00+00:00,97.81500244140625,97.81999969482422,97.78500366210938,97.80999755859375,6502
2026-09-25 16:23:00+00:00,97.80000305175781,97.80999755859375,97.73999786376953,97.77999877929688,7635
2026-09-25 16:24:00+00:00,97.79000091552734,97.82499694824219,97.77999877929688,97.80999755859375,1729
2026-09-25 16:25:00+00:00,97.81999969482422,97.87000274658203,97.81999969482422,97.83999633789062,6140
2026-09-25 16:26:00+00:00,97.83000183105469,97.92009735107422,97.83000183105469,97.92009735107422,4563
2026-09-25 16:27:00+00:00,97.93000030517578,97.94010162353516,97.91999816894531,97.91999816894531,4758
2026-09-25 16:28:00+00:00,97.9000015258789,97.90010070800781,97.87999725341797,97.89409637451172,2016
2026-09-25 16:29:00+00:00,97.88999938964844,97.91010284423828,97.88999938964844,97.88999938964844,5537
2026-09-25 16:30:00+00:00,97.9000015258789,97.9000015258789,97.88999938964844,97.89029693603516,824
2026-09-25 16:31:00+00:00,97.88999938964844,97.88999938964844,97.86499786376953,97.86499786376953,1896
2026-09-25 16:32:00+00:00,97.86000061035156,97.86499786376953,97.83999633789062,97.8499984741211,1134
2026-09-25 16:33:00+00:00,97.8499984741211,97.86499786376953,97.8499984741211,97.86000061035156,5053
2026-09-25 16:34:00+00:00,97.86000061035156,97.86000061035156,97.69999694824219,97.73999786376953,58841
2026-09-25 16:35:00+00:00,97.75,97.79000091552734,97.75,97.79000091552734,5650
2026-09-25 16:36:00+00:00,97.77239990234375,97.80000305175781,97.77239990234375,97.80000305175781,1651
2026-09-25 16:37:00+00:00,97.81999969482422,97.86499786376953,97.81999969482422,97.81999969482422,4346
2026-09-25 16:38:00+00:00,97.81999969482422,97.81999969482422,97.77999877929688,97.80000305175781,907
2026-09-25 16:39:00+00:00,97.83499908447266,97.83499908447266,97.81999969482422,97.81999969482422,3556
2026-09-25 16:40:00+00:00,97.81999969482422,97.83000183105469,97.80000305175781,97.80000305175781,2510
2026-09-25 16:41:00+00:00,97.81749725341797,97.81999969482422,97.79000091552734,97.80000305175781,3769
2026-09-25 16:42:00+00:00,97.81999969482422,97.8550033569336,97.78500366210938,97.78500366210938,14713
2026-09-25 16:43:00+00:00,97.80000305175781,97.82019805908203,97.80000305175781,97.81999969482422,2478
2026-09-25 16:44:00+00:00,97.83000183105469,97.83999633789062,97.81500244140625,97.81500244140625,3606
2026-09-25 16:45:00+00:00,97.80000305175781,97.80000305175781,97.75,97.75,4862
2026-09-25 16:46:00+00:00,97.76000213623047,97.7699966430664,97.75499725341797,97.75499725341797,813
2026-09-25 16:47:00+00:00,97.75,97.75,97.73999786376953,97.75,3959
2026-09-25 16:48:00+00:00,97.75,97.7699966430664,97.70999908447266,97.70999908447266,16307
2026-09-25 16:49:00+00:00,97.69000244140625,97.72000122070312,97.69000244140625,97.72000122070312,681
2026-09-25 16:50:00+00:00,97.75,97.75499725341797,97.72000122070312,97.72000122070312,1852
2026-09-25 16:51:00+00:00,97.69999694824219,97.71499633789062,97.66999816894531,97.70999908447266,15429
2026-09-25 16:52:00+00:00,97.70999908447266,97.7249984741211,97.69999694824219,97.72000122070312,12473
2026-09-25 16:53:00+00:00,97.7249984741211,97.7300033569336,97.70999908447266,97.70999908447266,1411
2026-09-25 16:54:00+00:00,97.70999908447266,97.70999908447266,97.69999694824219,97.69999694824219,783
2026-09-25 16:55:00+00:00,97.70999908447266,97.72000122070312,97.69999694824219,97.69999694824219,7242
2026-09-25 16:56:00+00:00,97.69999694824219,97.72000122070312,97.67500305175781,97.68499755859375,12523
2026-09-25 16:57:00+00:00,97.68499755859375,97.68499755859375,97.65499877929688,97.66500091552734,41338
2026-09-25 16:58:00+00:00,97.66500091552734,97.68000030517578,97.66500091552734,97.66500091552734,15252
2026-09-25 16:59:00+00:00,97.66000366210938,97.68000030517578,97.58999633789062,97.6500015258789,28600
2026-09-25 17:00:00+00:00,97.65499877929688,97.65499877929688,97.62999725341797,97.62999725341797,2488
2026-09-25 17:01:00+00:00,97.66000366210938,97.73999786376953,97.66000366210938,97.7249984741211,9525
2026-09-25 17:02:00+00:00,97.7300033569336,97.7300033569336,97.70500183105469,97.70999908447266,6672
2026-09-25 17:03:00+00:00,97.72000122070312,97.73500061035156,97.72000122070312,97.72000122070312,1973
2026-09-25 17:04:00+00:00,97.7300033569336,97.7300033569336,97.69999694824219,97.69999694824219,2207
2026-09-25 17:05:00+00:00,97.70500183105469,97.71499633789062,97.70500183105469,97.71499633789062,4201
2026-09-25 17:06:00+00:00,97.72000122070312,97.72000122070312,97.69499969482422,97.69999694824219,1130
2026-09-25 17:07:00+00:00,97.69499969482422,97.70999908447266,97.69000244140625,97.70500183105469,17936
2026-09-25 17:08:00+00:00,97.69999694824219,97.69999694824219,97.63999938964844,97.66000366210938,2976
2026-09-25 17:09:00+00:00,97.69000244140625,97.7300033569336,97.69000244140625,97.7300033569336,2982
2026-09-25 17:10:00+00:00,97.72000122070312,97.72000122070312,97.69999694824219,97.69999694824219,11457
2026-09-25 17:11:00+00:00,97.69499969482422,97.69499969482422,97.67500305175781,97.68000030517578,3272
2026-09-25 17:12:00+00:00,97.69499969482422,97.69999694824219,97.6500015258789,97.66000366210938,7760
2026-09-25 17:13:00+00:00,97.68000030517578,97.69499969482422,97.68000030517578,97.68000030517578,1371
2026-09-25 17:14:00+00:00,97.66000366210938,97.68000030517578,97.66000366210938,97.68000030517578,1477
2026-09-25 17:15:00+00:00,97.68499755859375,97.68499755859375,97.6500015258789,97.66000366210938,1487
2026-09-25 17:16:00+00:00,97.66999816894531,97.66999816894531,97.66480255126953,97.66999816894531,1763
2026-09-25 17:17:00+00:00,97.67500305175781,97.68499755859375,97.67500305175781,97.68000030517578,2675
2026-09-25 17:18:00+00:00,97.66000366210938,97.66000366210938,97.6500015258789,97.65499877929688,1564
2026-09-25 17:19:00+00:00,97.6500015258789,97.66999816894531,97.6449966430664,97.66000366210938,2904
2026-09-25 17:20:00+00:00,97.66500091552734,97.66500091552734,97.65499877929688,97.66000366210938,1865
2026-09-25 17:21:00+00:00,97.65499877929688,97.65499877929688,97.65499877929688,97.65499877929688,1103
2026-09-25 17:22:00+00:00,97.6500015258789,97.66999816894531,97.6500015258789,97.66000366210938,6137
2026-09-25 17:23:00+00:00,97.66500091552734,97.69999694824219,97.66500091552734,97.69999694824219,4552
2026-09-25 17:24:00+00:00,97.69000244140625,97.70999908447266,97.69000244140625,97.69999694824219,1958
2026-09-25 17:25:00+00:00,97.69000244140625,97.69000244140625,97.68499755859375,97.69000244140625,1717
2026-09-25 17:26:00+00:00,97.69000244140625,97.69000244140625,97.68000030517578,97.69000244140625,2315
2026-09-25 17:27:00+00:00,97.69000244140625,97.69000244140625,97.68499755859375,97.68499755859375,1106
2026-09-25 17:28:00+00:00,97.68499755859375,97.70500183105469,97.68499755859375,97.68499755859375,4280
2026-09-25 17:29:00+00:00,97.68000030517578,97.69499969482422,97.66999816894531,97.69499969482422,2317
2026-09-25 17:30:00+00:00,97.70500183105469,97.70500183105469,97.69000244140625,97.69999694824219,2320
2026-09-25 17:31:00+00:00,97.70999908447266,97.70999908447266,97.67500305175781,97.68499755859375,5061
2026-09-25 17:32:00+00:00,97.68499755859375,97.69999694824219,97.68499755859375,97.69999694824219,1420
2026-09-25 17:33:00+00:00,97.70500183105469,97.73500061035156,97.70500183105469,97.70500183105469,2347
2026-09-25 17:34:00+00:00,97.70500183105469,97.70500183105469,97.66500091552734,97.68000030517578,2832
2026-09-25 17:35:00+00:00,97.66999816894531,97.66999816894531,97.6500015258789,97.66999816894531,4703
2026-09-25 17:36:00+00:00,97.67500305175781,97.68000030517578,97.6449966430664,97.6500015258789,2156
2026-09-25 17:37:00+00:00,97.6500015258789,97.6500015258789,97.625,97.62999725341797,1527
2026-09-25 17:38:00+00:00,97.63999938964844,97.6500015258789,97.63500213623047,97.63999938964844,1686
2026-09-25 17:39:00+00:00,97.6449966430664,97.7300033569336,97.6449966430664,97.68499755859375,23941
2026-09-25 17:40:00+00:00,97.68499755859375,97.72000122070312,97.68000030517578,97.69999694824219,7046
2026-09-25 17:41:00+00:00,97.69000244140625,97.75,97.69000244140625,97.73999786376953,3033
2026-09-25 17:42:00+00:00,97.7300033569336,97.76499938964844,97.7249984741211,97.76000213623047,3496
2026-09-25 17:43:00+00:00,97.75,97.76000213623047,97.73500061035156,97.73500061035156,2263
2026-09-25 17:44:00+00:00,97.75,97.75499725341797,97.72989654541016,97.73999786376953,2280
2026-09-25 17:45:00+00:00,97.7300033569336,97.73500061035156,97.7300033569336,97.7300033569336,3659
2026-09-25 17:46:00+00:00,97.7249984741211,97.73500061035156,97.70500183105469,97.71499633789062,4401
2026-09-25 17:47:00+00:00,97.72000122070312,97.72000122070312,97.69999694824219,97.69999694824219,2183
2026-09-25 17:48:00+00:00,97.70500183105469,97.70999908447266,97.69499969482422,97.70999908447266,2547
2026-09-25 17:49:00+00:00,97.70500183105469,97.73500061035156,97.70500183105469,97.7300033569336,3107
2026-09-25 17:50:00+00:00,97.7249984741211,97.7300033569336,97.72000122070312,97.7249984741211,2580
2026-09-25 17:51:00+00:00,97.7249984741211,97.7249984741211,97.71499633789062,97.71499633789062,2447
2026-09-25 17:52:00+00:00,97.7249984741211,97.7249984741211,97.70500183105469,97.70500183105469,3108
2026-09-25 17:53:00+00:00,97.70500183105469,97.73999786376953,97.70500183105469,97.73500061035156,2347
2026-09-25 17:54:00+00:00,97.73500061035156,97.74500274658203,97.70999908447266,97.74259948730469,6428
2026-09-25 17:55:00+00:00,97.74500274658203,97.76000213623047,97.73999786376953,97.75499725341797,5008
2026-09-25 17:56:00+00:00,97.76000213623047,97.78500366210938,97.76000213623047,97.7750015258789,2808
2026-09-25 17:57:00+00:00,97.7699966430664,97.7699966430664,97.74500274658203,97.75,3731
2026-09-25 17:58:00+00:00,97.74500274658203,97.76000213623047,97.74500274658203,97.76000213623047,1505
2026-09-25 17:59:00+00:00,97.7699966430664,97.77999877929688,97.7699966430664,97.77999877929688,4045
2026-09-25 18:00:00+00:00,97.79000091552734,97.79000091552734,97.7699966430664,97.77999877929688,4810
2026-09-25 18:01:00+00:00,97.78500366210938,97.80500030517578,97.7699966430664,97.77999877929688,8105
2026-09-25 18:02:00+00:00,97.77999877929688,97.79000091552734,97.77999877929688,97.77999877929688,1773
2026-09-25 18:03:00+00:00,97.78500366210938,97.78500366210938,97.7699966430664,97.7699966430664,2395
2026-09-25 18:04:00+00:00,97.7750015258789,97.7750015258789,97.76499938964844,97.76499938964844,1902
2026-09-25 18:05:00+00:00,97.76499938964844,97.77999877929688,97.75499725341797,97.75499725341797,5471
2026-09-25 18:06:00+00:00,97.75499725341797,97.7750015258789,97.75,97.76499938964844,3946
2026-09-25 18:07:00+00:00,97.7699966430664,97.7699966430664,97.75499725341797,97.75499725341797,7119
2026-09-25 18:08:00+00:00,97.76000213623047,97.7699966430664,97.75499725341797,97.7699966430664,5818
2026-09-25 18:09:00+00:00,97.7699966430664,97.7750015258789,97.76499938964844,97.76499938964844,2977
2026-09-25 18:10:00+00:00,97.76000213623047,97.7698974609375,97.75499725341797,97.75499725341797,3598
2026-09-25 18:11:00+00:00,97.75499725341797,97.75499725341797,97.75,97.75499725341797,5137
2026-09-25 18:12:00+00:00,97.75499725341797,97.77999877929688,97.74500274658203,97.77999877929688,5612
2026-09-25 18:13:00+00:00,97.7750015258789,97.81999969482422,97.7750015258789,97.80999755859375,8220
2026-09-25 18:14:00+00:00,97.80999755859375,97.81999969482422,97.80999755859375,97.81999969482422,5103
2026-09-25 18:15:00+00:00,97.82990264892578,97.84500122070312,97.82499694824219,97.82499694824219,3593
2026-09-25 18:16:00+00:00,97.82499694824219,97.83999633789062,97.81999969482422,97.81999969482422,5818
2026-09-25 18:17:00+00:00,97.81999969482422,97.82499694824219,97.81999969482422,97.81999969482422,3426
2026-09-25 18:18:00+00:00,97.81500244140625,97.83000183105469,97.81500244140625,97.81999969482422,4338
2026-09-25 18:19:00+00:00,97.81500244140625,97.81999969482422,97.79499816894531,97.81999969482422,7326
2026-09-25 18:20:00+00:00,97.81749725341797,97.82499694824219,97.81500244140625,97.82499694824219,4307
2026-09-25 18:21:00+00:00,97.81999969482422,97.82499694824219,97.7750015258789,97.7750015258789,14094
2026-09-25 18:22:00+00:00,97.77999877929688,97.79000091552734,97.7750015258789,97.7750015258789,5481
2026-09-25 18:23:00+00:00,97.7750015258789,97.79499816894531,97.7750015258789,97.78500366210938,7436
2026-09-25 18:24:00+00:00,97.79000091552734,97.81999969482422,97.79000091552734,97.81500244140625,3104
2026-09-25 18:25:00+00:00,97.81999969482422,97.83499908447266,97.81999969482422,97.82499694824219,9956
2026-09-25 18:26:00+00:00,97.83000183105469,97.83999633789062,97.76000213623047,97.76000213623047,25642
2026-09-25 18:27:00+00:00,97.7699966430664,97.77999877929688,97.72000122070312,97.72000122070312,5343
2026-09-25 18:28:00+00:00,97.7300033569336,97.76499938964844,97.72000122070312,97.76000213623047,28210
2026-09-25 18:29:00+00:00,97.76000213623047,97.80000305175781,97.75499725341797,97.79000091552734,9198
2026-09-25 18:30:00+00:00,97.80000305175781,97.8499984741211,97.80000305175781,97.83999633789062,10173
2026-09-25 18:31:00+00:00,97.8499984741211,97.87000274658203,97.8499984741211,97.8550033569336,5831
2026-09-25 18:32:00+00:00,97.86000061035156,97.875,97.86000061035156,97.86499786376953,5434
2026-09-25 18:33:00+00:00,97.86000061035156,97.86499786376953,97.84500122070312,97.86000061035156,7058
2026-09-25 18:34:00+00:00,97.8550033569336,97.87000274658203,97.8499984741211,97.86000061035156,5001
2026-09-25 18:35:00+00:00,97.8550033569336,97.86499786376953,97.83999633789062,97.86499786376953,3990
2026-09-25 18:36:00+00:00,97.87000274658203,97.88500213623047,97.87000274658203,97.88500213623047,4196
2026-09-25 18:37:00+00:00,97.87999725341797,97.87999725341797,97.79000091552734,97.80000305175781,7513
2026-09-25 18:38:00+00:00,97.80000305175781,97.80000305175781,97.79499816894531,97.80000305175781,1428
2026-09-25 18:39:00+00:00,97.79000091552734,97.79000091552734,97.77999877929688,97.77999877929688,3569
2026-09-25 18:40:00+00:00,97.7699966430664,97.7750015258789,97.76000213623047,97.76499938964844,2941
2026-09-25 18:41:00+00:00,97.76000213623047,97.77999877929688,97.75499725341797,97.77999877929688,2679
2026-09-25 18:42:00+00:00,97.79000091552734,97.81500244140625,97.79000091552734,97.81500244140625,3178
2026-09-25 18:43:00+00:00,97.81999969482422,97.83000183105469,97.81500244140625,97.82499694824219,1480
2026-09-25 18:44:00+00:00,97.82499694824219,97.8499984741211,97.81999969482422,97.8499984741211,10379
2026-09-25 18:45:00+00:00,97.84500122070312,97.86499786376953,97.84500122070312,97.8499984741211,5170
2026-09-25 18:46:00+00:00,97.84500122070312,97.8550033569336,97.84500122070312,97.8499984741211,2833
2026-09-25 18:47:00+00:00,97.84500122070312,97.84500122070312,97.83499908447266,97.83499908447266,5659
2026-09-25 18:48:00+00:00,97.83499908447266,97.84500122070312,97.83000183105469,97.83999633789062,11658
2026-09-25 18:49:00+00:00,97.83999633789062,97.8550033569336,97.83499908447266,97.8499984741211,3523
2026-09-25 18:50:00+00:00,97.8499984741211,97.86499786376953,97.8499984741211,97.86000061035156,5411
2026-09-25 18:51:00+00:00,97.86000061035156,97.86499786376953,97.83499908447266,97.86000061035156,4126
2026-09-25 18:52:00+00:00,97.8499984741211,97.86000061035156,97.84500122070312,97.86000061035156,3530
2026-09-25 18:53:00+00:00,97.87000274658203,97.875,97.83999633789062,97.84500122070312,7976
2026-09-25 18:54:00+00:00,97.83999633789062,97.83999633789062,97.81999969482422,97.81999969482422,12786
2026-09-25 18:55:00+00:00,97.82499694824219,97.83499908447266,97.81500244140625,97.81500244140625,4088
2026-09-25 18:56:00+00:00,97.83000183105469,97.83499908447266,97.82499694824219,97.83000183105469,2919
2026-09-25 18:57:00+00:00,97.83499908447266,97.83499908447266,97.81999969482422,97.82499694824219,2761
2026-09-25 18:58:00+00:00,97.83000183105469,97.83499908447266,97.82499694824219,97.83499908447266,2259
2026-09-25 18:59:00+00:00,97.83499908447266,97.83499908447266,97.80500030517578,97.80999755859375,5963
2026-09-25 19:00:00+00:00,97.81999969482422,97.83499908447266,97.80999755859375,97.80999755859375,4278
2026-09-25 19:01:00+00:00,97.80999755859375,97.86000061035156,97.80000305175781,97.80500030517578,33003
2026-09-25 19:02:00+00:00,97.80000305175781,97.80000305175781,97.76499938964844,97.7699966430664,3157
2026-09-25 19:03:00+00:00,97.7750015258789,97.80500030517578,97.75499725341797,97.80500030517578,4381
2026-09-25 19:04:00+00:00,97.80999755859375,97.80999755859375,97.79000091552734,97.80000305175781,3065
2026-09-25 19:05:00+00:00,97.80500030517578,97.83999633789062,97.80500030517578,97.83499908447266,9142
2026-09-25 19:06:00+00:00,97.83499908447266,97.84500122070312,97.81500244140625,97.81500244140625,6890
2026-09-25 19:07:00+00:00,97.81999969482422,97.8550033569336,97.81999969482422,97.8499984741211,2314
2026-09-25 19:08:00+00:00,97.8550033569336,97.86000061035156,97.83499908447266,97.83999633789062,8302
2026-09-25 19:09:00+00:00,97.83000183105469,97.83000183105469,97.81500244140625,97.82499694824219,2465
2026-09-25 19:10:00+00:00,97.82499694824219,97.83000183105469,97.82499694824219,97.83000183105469,1663
2026-09-25 19:11:00+00:00,97.82499694824219,97.82499694824219,97.80500030517578,97.81500244140625,5187
2026-09-25 19:12:00+00:00,97.81500244140625,97.84500122070312,97.81500244140625,97.83999633789062,6915
2026-09-25 19:13:00+00:00,97.83499908447266,97.8499984741211,97.83000183105469,97.83999633789062,313736
2026-09-25 19:14:00+00:00,97.84500122070312,97.88500213623047,97.84500122070312,97.88500213623047,14025
2026-09-25 19:15:00+00:00,97.88500213623047,97.88500213623047,97.8550033569336,97.87000274658203,5931
2026-09-25 19:16:00+00:00,97.87000274658203,97.87000274658203,97.8499984741211,97.8550033569336,8952
2026-09-25 19:17:00+00:00,97.86000061035156,97.87000274658203,97.8550033569336,97.8550033569336,14220
2026-09-25 19:18:00+00:00,97.86000061035156,97.86499786376953,97.8550033569336,97.86499786376953,3567
2026-09-25 19:19:00+00:00,97.86499786376953,97.86499786376953,97.8499984741211,97.8499984741211,15594
2026-09-25 19:20:00+00:00,97.8499984741211,97.8499984741211,97.83000183105469,97.8499984741211,90774
2026-09-25 19:21:00+00:00,97.84500122070312,97.86000061035156,97.83999633789062,97.86000061035156,27034
2026-09-25 19:22:00+00:00,97.86499786376953,97.86499786376953,97.84500122070312,97.84500122070312,9959
2026-09-25 19:23:00+00:00,97.83999633789062,97.8550033569336,97.83999633789062,97.8550033569336,6053
2026-09-25 19:24:00+00:00,97.8550033569336,97.87000274658203,97.8550033569336,97.86499786376953,12417
2026-09-25 19:25:00+00:00,97.86499786376953,97.86499786376953,97.83999633789062,97.84500122070312,8270
2026-09-25 19:26:00+00:00,97.84500122070312,97.84500122070312,97.81999969482422,97.83509826660156,57791
2026-09-25 19:27:00+00:00,97.83999633789062,97.8550033569336,97.83999633789062,97.8499984741211,6125
2026-09-25 19:28:00+00:00,97.84500122070312,97.8550033569336,97.83499908447266,97.83499908447266,12647
2026-09-25 19:29:00+00:00,97.83499908447266,97.83499908447266,97.80500030517578,97.81500244140625,12392
2026-09-25 19:30:00+00:00,97.81500244140625,97.82499694824219,97.80999755859375,97.81500244140625,11583
2026-09-25 19:31:00+00:00,97.81500244140625,97.81999969482422,97.80000305175781,97.81670379638672,11900
2026-09-25 19:32:00+00:00,97.81500244140625,97.81999969482422,97.81500244140625,97.81500244140625,8448
2026-09-25 19:33:00+00:00,97.81999969482422,97.83499908447266,97.81999969482422,97.83499908447266,9352
2026-09-25 19:34:00+00:00,97.83499908447266,97.83499908447266,97.82499694824219,97.82499694824219,9634
2026-09-25 19:35:00+00:00,97.82499694824219,97.83999633789062,97.82499694824219,97.83499908447266,11369
2026-09-25 19:36:00+00:00,97.83999633789062,97.8499984741211,97.83499908447266,97.8499984741211,8026
2026-09-25 19:37:00+00:00,97.8499984741211,97.91000366210938,97.84500122070312,97.9000015258789,34421
2026-09-25 19:38:00+00:00,97.8949966430664,97.93000030517578,97.8949966430664,97.90499877929688,11329
2026-09-25 19:39:00+00:00,97.90499877929688,97.91999816894531,97.90499877929688,97.91000366210938,4927
2026-09-25 19:40:00+00:00,97.9000015258789,97.9000015258789,97.875,97.875,5858
2026-09-25 19:41:00+00:00,97.875,97.88999938964844,97.87000274658203,97.875,11356
2026-09-25 19:42:00+00:00,97.87999725341797,97.87999725341797,97.875,97.875,2210
2026-09-25 19:43:00+00:00,97.875,97.89990234375,97.875,97.88999938964844,12443
2026-09-25 19:44:00+00:00,97.8949966430664,97.90989685058594,97.8949966430664,97.8949966430664,8941
2026-09-25 19:45:00+00:00,97.9000015258789,97.96499633789062,97.8949966430664,97.93499755859375,34502
2026-09-25 19:46:00+00:00,97.93499755859375,97.97000122070312,97.91500091552734,97.95999908447266,46702
2026-09-25 19:47:00+00:00,97.95500183105469,97.95999908447266,97.93499755859375,97.93499755859375,9896
2026-09-25 19:48:00+00:00,97.94000244140625,97.94999694824219,97.91500091552734,97.94499969482422,10922
2026-09-25 19:49:00+00:00,97.94000244140625,97.94499969482422,97.92500305175781,97.94000244140625,14483
2026-09-25 19:50:00+00:00,97.94000244140625,98.00499725341797,97.94000244140625,97.97000122070312,36146
2026-09-25 19:51:00+00:00,97.9749984741211,97.9800033569336,97.94999694824219,97.96499633789062,15353
2026-09-25 19:52:00+00:00,97.96499633789062,97.9800033569336,97.94499969482422,97.94499969482422,16386
2026-09-25 19:53:00+00:00,97.94499969482422,97.98500061035156,97.94499969482422,97.9800033569336,27443
2026-09-25 19:54:00+00:00,97.9749984741211,97.9749984741211,97.94999694824219,97.95500183105469,30309
2026-09-25 19:55:00+00:00,97.94999694824219,97.9800033569336,97.94999694824219,97.97000122070312,38381
2026-09-25 19:56:00+00:00,97.95999908447266,97.95999908447266,97.93499755859375,97.94999694824219,21180
2026-09-25 19:57:00+00:00,97.94499969482422,97.95999908447266,97.93000030517578,97.94000244140625,30564
2026-09-25 19:58:00+00:00,97.94000244140625,97.9749984741211,97.93499755859375,97.9749984741211,40622
2026-09-25 19:59:00+00:00,97.97000122070312,97.9749984741211,97.91000366210938,97.93000030517578,122141
