ts,open,high,low,close,volume
2026-09-10 13:30:00+00:00,96.52799987792967,96.52799987792967,95.83999633789062,96.11499786376952,1864933
2026-09-10 13:31:00+00:00,96.11000061035156,96.23999786376952,95.62000274658205,95.98500061035156,300907
2026-09-10 13:32:00+00:00,95.98999786376952,96.62000274658205,95.95999908447266,96.1999969482422,179755
2026-09-10 13:33:00+00:00,96.18000030517578,96.5999984741211,96.16999816894533,96.54000091552734,103810
2026-09-10 13:34:00+00:00,96.54000091552734,96.63999938964844,96.3000030517578,96.3000030517578,135877
2026-09-10 13:35:00+00:00,96.2699966430664,96.36000061035156,96.0199966430664,96.06999969482422,64906
2026-09-10 13:36:00+00:00,96.08999633789062,96.45500183105467,96.08999633789062,96.1750030517578,86695
2026-09-10 13:37:00+00:00,96.18990325927734,96.33999633789062,95.93000030517578,96.19000244140624,97923
2026-09-10 13:38:00+00:00,96.16999816894533,96.37000274658205,96.1050033569336,96.1500015258789,93512
2026-09-10 13:39:00+00:00,96.1500015258789,96.47000122070312,96.13999938964844,96.45999908447266,56735
2026-09-10 13:40:00+00:00,96.45999908447266,96.86000061035156,96.45500183105467,96.81999969482422,70460
2026-09-10 13:41:00+00:00,96.83000183105467,96.98500061035156,96.6999969482422,96.87999725341795,73698
2026-09-10 13:42:00+00:00,96.88500213623048,96.95999908447266,96.5709991455078,96.63999938964844,90923
2026-09-10 13:43:00+00:00,96.63500213623048,96.80999755859376,96.5250015258789,96.56990051269533,63291
2026-09-10 13:44:00+00:00,96.56999969482422,96.6999969482422,96.54000091552734,96.6085968017578,87794
2026-09-10 13:45:00+00:00,96.63999938964844,96.80500030517578,96.58000183105467,96.8000030517578,26229
2026-09-10 13:46:00+00:00,96.80500030517578,96.91999816894533,96.6999969482422,96.91000366210938,36619
2026-09-10 13:47:00+00:00,96.91999816894533,97.16000366210938,96.87999725341795,97.12000274658205,47487
2026-09-10 13:48:00+00:00,97.11000061035156,97.19000244140624,96.9800033569336,97.19000244140624,48520
2026-09-10 13:49:00+00:00,97.1500015258789,97.3499984741211,97.0500030517578,97.0500030517578,91878
2026-09-10 13:50:00+00:00,97.04000091552734,97.12999725341795,96.8499984741211,96.97000122070312,58047
2026-09-10 13:51:00+00:00,96.9499969482422,96.9800033569336,96.78839111328124,96.81999969482422,53769
2026-09-10 13:52:00+00:00,96.81500244140624,97.1999969482422,96.71768951416016,97.19000244140624,50428
2026-09-10 13:53:00+00:00,97.16500091552734,97.23400115966795,97.0199966430664,97.06999969482422,62714
2026-09-10 13:54:00+00:00,97.08000183105467,97.22000122070312,97.0199966430664,97.02400207519533,27309
2026-09-10 13:55:00+00:00,97.04000091552734,97.1500015258789,96.93000030517578,96.98999786376952,54644
2026-09-10 13:56:00+00:00,97.00969696044922,97.12000274658205,96.9000015258789,97.02999877929688,48334
2026-09-10 13:57:00+00:00,97.01000213623048,97.08999633789062,96.95999908447266,97.05999755859376,31221
2026-09-10 13:58:00+00:00,97.0500030517578,97.06999969482422,96.9499969482422,96.96499633789062,27485
2026-09-10 13:59:00+00:00,96.97000122070312,97.0,96.81999969482422,96.86000061035156,40548
2026-09-10 14:00:00+00:00,96.87999725341795,97.23999786376952,96.87999725341795,97.11009979248048,46042
2026-09-10 14:01:00+00:00,97.06999969482422,97.25,97.01000213623048,97.25,31557
2026-09-10 14:02:00+00:00,97.26000213623048,97.29000091552734,97.11000061035156,97.17009735107422,34320
2026-09-10 14:03:00+00:00,97.22000122070312,97.36499786376952,97.16999816894533,97.3498992919922,32752
2026-09-10 14:04:00+00:00,97.33989715576172,97.37000274658205,97.1750030517578,97.27999877929688,22618
2026-09-10 14:05:00+00:00,97.26000213623048,97.30500030517578,97.04000091552734,97.04000091552734,47406
2026-09-10 14:06:00+00:00,97.0500030517578,97.0999984741211,96.760498046875,96.79499816894533,44312
2026-09-10 14:07:00+00:00,96.76000213623048,96.83000183105467,96.55809020996094,96.55809020996094,45426
2026-09-10 14:08:00+00:00,96.55999755859376,96.6500015258789,96.3949966430664,96.3949966430664,39464
2026-09-10 14:09:00+00:00,96.4000015258789,96.54000091552734,96.29499816894533,96.4844970703125,55350
2026-09-10 14:10:00+00:00,96.52999877929688,96.63999938964844,96.44000244140624,96.48999786376952,27877
2026-09-10 14:11:00+00:00,96.51499938964844,96.70989990234376,96.47000122070312,96.58999633789062,77752
2026-09-10 14:12:00+00:00,96.62999725341795,96.62999725341795,96.30010223388672,96.33000183105467,33384
2026-09-10 14:13:00+00:00,96.33999633789062,96.47000122070312,96.33000183105467,96.43000030517578,30998
2026-09-10 14:14:00+00:00,96.44000244140624,96.45099639892578,96.33000183105467,96.37000274658205,17585
2026-09-10 14:15:00+00:00,96.37000274658205,96.5199966430664,96.33999633789062,96.5,32882
2026-09-10 14:16:00+00:00,96.5,96.53500366210938,96.38999938964844,96.47000122070312,53326
2026-09-10 14:17:00+00:00,96.46990203857422,96.46990203857422,96.22000122070312,96.2300033569336,33305
2026-09-10 14:18:00+00:00,96.27999877929688,96.38999938964844,96.23999786376952,96.37000274658205,21630
2026-09-10 14:19:00+00:00,96.37000274658205,96.56999969482422,96.33899688720705,96.48999786376952,51789
2026-09-10 14:20:00+00:00,96.5,96.6999969482422,96.48999786376952,96.5199966430664,68481
2026-09-10 14:21:00+00:00,96.52999877929688,96.58999633789062,96.4749984741211,96.58999633789062,33011
2026-09-10 14:22:00+00:00,96.5999984741211,96.75,96.56999969482422,96.75,32705
2026-09-10 14:23:00+00:00,96.79000091552734,96.79000091552734,96.54499816894533,96.5500030517578,15121
2026-09-10 14:24:00+00:00,96.55999755859376,97.01499938964844,96.4394989013672,96.9499969482422,199171
2026-09-10 14:25:00+00:00,96.97000122070312,97.11000061035156,96.94000244140624,96.9499969482422,80495
2026-09-10 14:26:00+00:00,96.93009948730467,96.95999908447266,96.73999786376952,96.8000030517578,66083
2026-09-10 14:27:00+00:00,96.79000091552734,97.01000213623048,96.72699737548828,96.95999908447266,42248
2026-09-10 14:28:00+00:00,96.94499969482422,97.0,96.87000274658205,96.98999786376952,63898
2026-09-10 14:29:00+00:00,96.98999786376952,96.99500274658205,96.66999816894533,96.69499969482422,28079
2026-09-10 14:30:00+00:00,96.69000244140624,96.72000122070312,96.55999755859376,96.5999984741211,36575
2026-09-10 14:31:00+00:00,96.62000274658205,96.75,96.58000183105467,96.75,66507
2026-09-10 14:32:00+00:00,96.76499938964844,96.85330200195312,96.7300033569336,96.85330200195312,16219
2026-09-10 14:33:00+00:00,96.80999755859376,96.88999938964844,96.75,96.75499725341795,13193
2026-09-10 14:34:00+00:00,96.7699966430664,96.88999938964844,96.7699966430664,96.86000061035156,12902
2026-09-10 14:35:00+00:00,96.87000274658205,97.13999938964844,96.87000274658205,97.0999984741211,66827
2026-09-10 14:36:00+00:00,97.08999633789062,97.08999633789062,96.94000244140624,97.06999969482422,21828
2026-09-10 14:37:00+00:00,97.05999755859376,97.05999755859376,96.93499755859376,96.98999786376952,22175
2026-09-10 14:38:00+00:00,96.9499969482422,97.01000213623048,96.86000061035156,97.0,20681
2026-09-10 14:39:00+00:00,96.9800033569336,97.00990295410156,96.66000366210938,96.66999816894533,26376
2026-09-10 14:40:00+00:00,96.66999816894533,96.95999908447266,96.66999816894533,96.91999816894533,23631
2026-09-10 14:41:00+00:00,96.93000030517578,96.9499969482422,96.78500366210938,96.78800201416016,13948
2026-09-10 14:42:00+00:00,96.79000091552734,96.8000030517578,96.5500030517578,96.5500030517578,30898
2026-09-10 14:43:00+00:00,96.54000091552734,96.54000091552734,96.44000244140624,96.4800033569336,39255
2026-09-10 14:44:00+00:00,96.48999786376952,96.52999877929688,96.45500183105467,96.5,32402
2026-09-10 14:45:00+00:00,96.49500274658205,96.51000213623048,96.4499969482422,96.47000122070312,35172
2026-09-10 14:46:00+00:00,96.45999908447266,96.52999877929688,96.41500091552734,96.52010345458984,30190
2026-09-10 14:47:00+00:00,96.5199966430664,96.56999969482422,96.4800033569336,96.51000213623048,24510
2026-09-10 14:48:00+00:00,96.54000091552734,96.73999786376952,96.52999877929688,96.73999786376952,23368
2026-09-10 14:49:00+00:00,96.73999786376952,96.8499984741211,96.71499633789062,96.7699966430664,26797
2026-09-10 14:50:00+00:00,96.79000091552734,96.8499984741211,96.7519989013672,96.8000030517578,11202
2026-09-10 14:51:00+00:00,96.80999755859376,96.86000061035156,96.6999969482422,96.81500244140624,26158
2026-09-10 14:52:00+00:00,96.81999969482422,96.87999725341795,96.78500366210938,96.87999725341795,19851
2026-09-10 14:53:00+00:00,96.88999938964844,96.99829864501952,96.87000274658205,96.9499969482422,20488
2026-09-10 14:54:00+00:00,96.94000244140624,96.94000244140624,96.79000091552734,96.8000030517578,19690
2026-09-10 14:55:00+00:00,96.80999755859376,96.87000274658205,96.77999877929688,96.8499984741211,14942
2026-09-10 14:56:00+00:00,96.83000183105467,97.0,96.83000183105467,97.0,25258
2026-09-10 14:57:00+00:00,97.0,97.02999877929688,96.95999908447266,97.01000213623048,16237
2026-09-10 14:58:00+00:00,97.0199966430664,97.0199966430664,96.94000244140624,96.9800033569336,14674
2026-09-10 14:59:00+00:00,96.98999786376952,97.06999969482422,96.9749984741211,97.06999969482422,48101
2026-09-10 15:00:00+00:00,97.0749969482422,97.0749969482422,96.87000274658205,96.87999725341795,17970
2026-09-10 15:01:00+00:00,96.87999725341795,96.87999725341795,96.75,96.76000213623048,23063
2026-09-10 15:02:00+00:00,96.76000213623048,96.86000061035156,96.7300033569336,96.79000091552734,20897
2026-09-10 15:03:00+00:00,96.79000091552734,96.93000030517578,96.7699966430664,96.83999633789062,16206
2026-09-10 15:04:00+00:00,96.83000183105467,96.88999938964844,96.72000122070312,96.73999786376952,19837
2026-09-10 15:05:00+00:00,96.75,96.95999908447266,96.75,96.95999908447266,23668
2026-09-10 15:06:00+00:00,96.9499969482422,96.9499969482422,96.79000091552734,96.83000183105467,14148
2026-09-10 15:07:00+00:00,96.83000183105467,96.91500091552734,96.81999969482422,96.86000061035156,12994
2026-09-10 15:08:00+00:00,96.87999725341795,96.98999786376952,96.86000061035156,96.98999786376952,64111
2026-09-10 15:09:00+00:00,96.9800033569336,96.9800033569336,96.8000030517578,96.8000030517578,207730
2026-09-10 15:10:00+00:00,96.77999877929688,97.01000213623048,96.77999877929688,96.97000122070312,27507
2026-09-10 15:11:00+00:00,96.95999908447266,97.04000091552734,96.88999938964844,96.97000122070312,21333
2026-09-10 15:12:00+00:00,96.9800033569336,97.02249908447266,96.88999938964844,96.9800033569336,21076
2026-09-10 15:13:00+00:00,96.98999786376952,96.98999786376952,96.81999969482422,96.89009857177734,44415
2026-09-10 15:14:00+00:00,96.93000030517578,96.95999908447266,96.8550033569336,96.9499969482422,60544
2026-09-10 15:15:00+00:00,96.94000244140624,97.01000213623048,96.87999725341795,97.01000213623048,42222
2026-09-10 15:16:00+00:00,97.01000213623048,97.05999755859376,96.9574966430664,97.04000091552734,32004
2026-09-10 15:17:00+00:00,97.04000091552734,97.08000183105467,97.01000213623048,97.05999755859376,14653
2026-09-10 15:18:00+00:00,97.05999755859376,97.0999984741211,97.048095703125,97.08689880371094,31418
2026-09-10 15:19:00+00:00,97.06999969482422,97.06999969482422,96.95999908447266,97.0,31968
2026-09-10 15:20:00+00:00,97.01000213623048,97.0749969482422,97.01000213623048,97.01010131835938,19786
2026-09-10 15:21:00+00:00,97.01000213623048,97.13999938964844,96.97919464111328,97.12000274658205,25029
2026-09-10 15:22:00+00:00,97.12000274658205,97.16500091552734,97.08000183105467,97.16500091552734,15677
2026-09-10 15:23:00+00:00,97.16000366210938,97.16000366210938,97.01000213623048,97.0199966430664,25454
2026-09-10 15:24:00+00:00,97.0199966430664,97.06999969482422,97.0199966430664,97.0500030517578,11243
2026-09-10 15:25:00+00:00,97.04000091552734,97.11499786376952,97.0,97.11000061035156,16021
2026-09-10 15:26:00+00:00,97.11000061035156,97.11000061035156,97.04000091552734,97.04000091552734,79382
2026-09-10 15:27:00+00:00,97.04499816894533,97.13999938964844,97.04000091552734,97.12000274658205,46329
2026-09-10 15:28:00+00:00,97.12000274658205,97.12999725341795,96.96499633789062,96.97000122070312,81093
2026-09-10 15:29:00+00:00,96.9749984741211,97.06999969482422,96.97000122070312,97.05999755859376,18326
2026-09-10 15:30:00+00:00,97.08000183105467,97.13500213623048,97.04000091552734,97.0500030517578,24956
2026-09-10 15:31:00+00:00,97.05500030517578,97.08000183105467,97.01000213623048,97.04000091552734,23690
2026-09-10 15:32:00+00:00,97.04000091552734,97.04000091552734,96.9447021484375,96.9800033569336,20382
2026-09-10 15:33:00+00:00,96.97000122070312,97.12999725341795,96.95999908447266,97.12999725341795,14522
2026-09-10 15:34:00+00:00,97.12000274658205,97.18000030517578,97.0999984741211,97.1500015258789,14758
2026-09-10 15:35:00+00:00,97.1520004272461,97.15499877929688,97.06999969482422,97.08499908447266,22102
2026-09-10 15:36:00+00:00,97.09500122070312,97.19000244140624,97.08000183105467,97.16999816894533,15848
2026-09-10 15:37:00+00:00,97.13999938964844,97.1999969482422,97.13999938964844,97.18000030517578,9733
2026-09-10 15:38:00+00:00,97.18000030517578,97.19000244140624,97.0500030517578,97.0500030517578,18326
2026-09-10 15:39:00+00:00,97.0500030517578,97.0500030517578,96.94000244140624,96.98999786376952,8012
2026-09-10 15:40:00+00:00,96.98999786376952,97.04000091552734,96.97000122070312,96.97000122070312,10969
2026-09-10 15:41:00+00:00,96.9800033569336,97.0500030517578,96.94000244140624,96.98999786376952,45630
2026-09-10 15:42:00+00:00,96.9800033569336,96.98999786376952,96.91999816894533,96.93000030517578,11517
2026-09-10 15:43:00+00:00,96.94000244140624,97.02999877929688,96.94000244140624,97.02999877929688,10821
2026-09-10 15:44:00+00:00,97.03500366210938,97.08049774169922,97.02999877929688,97.03500366210938,10451
2026-09-10 15:45:00+00:00,97.05999755859376,97.05999755859376,96.9499969482422,96.9499969482422,7873
2026-09-10 15:46:00+00:00,96.94000244140624,96.95999908447266,96.86000061035156,96.8625030517578,22570
2026-09-10 15:47:00+00:00,96.86000061035156,96.86183166503906,96.7249984741211,96.76000213623048,44114
2026-09-10 15:48:00+00:00,96.77999877929688,96.8209991455078,96.7750015258789,96.77999877929688,14742
2026-09-10 15:49:00+00:00,96.77999877929688,96.95999908447266,96.77999877929688,96.9499969482422,18279
2026-09-10 15:50:00+00:00,96.9499969482422,96.9551010131836,96.8499984741211,96.8499984741211,18236
2026-09-10 15:51:00+00:00,96.86000061035156,96.88999938964844,96.8000030517578,96.8550033569336,21200
2026-09-10 15:52:00+00:00,96.8499984741211,96.9583969116211,96.8499984741211,96.90499877929688,11679
2026-09-10 15:53:00+00:00,96.9000015258789,96.91000366210938,96.83000183105467,96.83499908447266,7655
2026-09-10 15:54:00+00:00,96.83999633789062,96.84600067138672,96.75499725341795,96.76000213623048,11064
2026-09-10 15:55:00+00:00,96.75,96.83999633789062,96.6999969482422,96.80500030517578,63315
2026-09-10 15:56:00+00:00,96.80500030517578,96.81999969482422,96.72000122070312,96.76000213623048,38976
2026-09-10 15:57:00+00:00,96.75,96.80950164794922,96.7300033569336,96.75,14514
2026-09-10 15:58:00+00:00,96.73999786376952,96.86000061035156,96.7300033569336,96.86000061035156,16255
2026-09-10 15:59:00+00:00,96.83999633789062,96.8499984741211,96.8000030517578,96.81999969482422,12585
2026-09-10 16:00:00+00:00,96.80999755859376,96.93000030517578,96.80999755859376,96.93000030517578,18928
2026-09-10 16:01:00+00:00,96.93000030517578,96.95989990234376,96.83999633789062,96.9499969482422,10314
2026-09-10 16:02:00+00:00,96.94000244140624,96.9499969482422,96.91000366210938,96.91999816894533,13926
2026-09-10 16:03:00+00:00,96.88999938964844,96.93000030517578,96.83999633789062,96.91999816894533,12423
2026-09-10 16:04:00+00:00,96.91999816894533,96.93000030517578,96.87999725341795,96.87999725341795,11430
2026-09-10 16:05:00+00:00,96.86000061035156,96.91000366210938,96.83999633789062,96.86000061035156,9415
2026-09-10 16:06:00+00:00,96.8499984741211,96.8499984741211,96.79000091552734,96.79499816894533,12428
2026-09-10 16:07:00+00:00,96.8000030517578,96.83999633789062,96.75405883789062,96.7699966430664,9064
2026-09-10 16:08:00+00:00,96.77999877929688,96.82009887695312,96.68000030517578,96.69000244140624,10364
2026-09-10 16:09:00+00:00,96.66999816894533,96.7699966430664,96.66000366210938,96.70999908447266,12889
2026-09-10 16:10:00+00:00,96.70999908447266,96.78399658203124,96.66000366210938,96.66999816894533,16471
2026-09-10 16:11:00+00:00,96.66999816894533,96.68000030517578,96.58999633789062,96.61000061035156,25047
2026-09-10 16:12:00+00:00,96.58999633789062,96.6999969482422,96.58000183105467,96.69499969482422,16721
2026-09-10 16:13:00+00:00,96.68000030517578,96.73999786376952,96.62000274658205,96.73999786376952,49816
2026-09-10 16:14:00+00:00,96.75,96.77999877929688,96.72000122070312,96.7699966430664,0
2026-09-10 16:15:00+00:00,96.7699966430664,96.81999969482422,96.75,96.79000091552734,17800
2026-09-10 16:16:00+00:00,96.8000030517578,96.8000030517578,96.7249984741211,96.7300033569336,6765
2026-09-10 16:17:00+00:00,96.68000030517578,96.69000244140624,96.59500122070312,96.61000061035156,7472
2026-09-10 16:18:00+00:00,96.58000183105467,96.66100311279295,96.58000183105467,96.66000366210938,18624
2026-09-10 16:19:00+00:00,96.66500091552734,96.7499008178711,96.65499877929688,96.73999786376952,12056
2026-09-10 16:20:00+00:00,96.75,96.81600189208984,96.73999786376952,96.80999755859376,11507
2026-09-10 16:21:00+00:00,96.80999755859376,96.87999725341795,96.8000030517578,96.87999725341795,6439
2026-09-10 16:22:00+00:00,96.87000274658205,96.9000015258789,96.8499984741211,96.9000015258789,5674
2026-09-10 16:23:00+00:00,96.88999938964844,96.95999908447266,96.88999938964844,96.9499969482422,106154
2026-09-10 16:24:00+00:00,96.9499969482422,96.97000122070312,96.93000030517578,96.94000244140624,7712
2026-09-10 16:25:00+00:00,96.94000244140624,96.95999908447266,96.88999938964844,96.9000015258789,12917
2026-09-10 16:26:00+00:00,96.9000015258789,96.9800033569336,96.9000015258789,96.9800033569336,9176
2026-09-10 16:27:00+00:00,96.9800033569336,96.9800033569336,96.93000030517578,96.9499969482422,7789
2026-09-10 16:28:00+00:00,96.9499969482422,96.97000122070312,96.9499969482422,96.97000122070312,4921
2026-09-10 16:29:00+00:00,96.9800033569336,96.98999786376952,96.9499969482422,96.98999786376952,8107
2026-09-10 16:30:00+00:00,96.98999786376952,97.0199966430664,96.94000244140624,96.94499969482422,31766
2026-09-10 16:31:00+00:00,96.94499969482422,97.00440216064452,96.94499969482422,96.9800033569336,19804
2026-09-10 16:32:00+00:00,96.9800033569336,97.02999877929688,96.96499633789062,97.0199966430664,6352
2026-09-10 16:33:00+00:00,97.0199966430664,97.0500030517578,96.9749984741211,97.04000091552734,13826
2026-09-10 16:34:00+00:00,97.04499816894533,97.09420013427734,96.83999633789062,96.83999633789062,128649
2026-09-10 16:35:00+00:00,96.83999633789062,96.8949966430664,96.76010131835938,96.8000030517578,36790
2026-09-10 16:36:00+00:00,96.77999877929688,96.86499786376952,96.75,96.83000183105467,28832
2026-09-10 16:37:00+00:00,96.83999633789062,96.9000015258789,96.83999633789062,96.87999725341795,13988
2026-09-10 16:38:00+00:00,96.87000274658205,96.91999816894533,96.81999969482422,96.8499984741211,14484
2026-09-10 16:39:00+00:00,96.8499984741211,96.91999816894533,96.81999969482422,96.86499786376952,20823
2026-09-10 16:40:00+00:00,96.87000274658205,96.88500213623048,96.80500030517578,96.8249969482422,34905
2026-09-10 16:41:00+00:00,96.81999969482422,96.86499786376952,96.80999755859376,96.83999633789062,26988
2026-09-10 16:42:00+00:00,96.83999633789062,96.83999633789062,96.71499633789062,96.7300033569336,51700
2026-09-10 16:43:00+00:00,96.72000122070312,96.7300033569336,96.62999725341795,96.69499969482422,293601
2026-09-10 16:44:00+00:00,96.6999969482422,96.70999908447266,96.66000366210938,96.66999816894533,21130
2026-09-10 16:45:00+00:00,96.66999816894533,96.8499984741211,96.66999816894533,96.8499984741211,33529
2026-09-10 16:46:00+00:00,96.87999725341795,96.88999938964844,96.80999755859376,96.87999725341795,12202
2026-09-10 16:47:00+00:00,96.88999938964844,96.94989776611328,96.87000274658205,96.91000366210938,12624
2026-09-10 16:48:00+00:00,96.93000030517578,96.93000030517578,96.8000030517578,96.8000030517578,13157
2026-09-10 16:49:00+00:00,96.81500244140624,96.83000183105467,96.6999969482422,96.77999877929688,14814
2026-09-10 16:50:00+00:00,96.80999755859376,96.86000061035156,96.8000030517578,96.8000030517578,9138
2026-09-10 16:51:00+00:00,96.79000091552734,96.84500122070312,96.76000213623048,96.83000183105467,12780
2026-09-10 16:52:00+00:00,96.81500244140624,96.85759735107422,96.80329895019533,96.81999969482422,9619
2026-09-10 16:53:00+00:00,96.80999755859376,96.87000274658205,96.79000091552734,96.87000274658205,33001
2026-09-10 16:54:00+00:00,96.87999725341795,96.87999725341795,96.8000030517578,96.83000183105467,7141
2026-09-10 16:55:00+00:00,96.83499908447266,96.87000274658205,96.80999755859376,96.86000061035156,6577
2026-09-10 16:56:00+00:00,96.87989807128906,96.8949966430664,96.8499984741211,96.8499984741211,21749
2026-09-10 16:57:00+00:00,96.8499984741211,96.89510345458984,96.8499984741211,96.86499786376952,15905
2026-09-10 16:58:00+00:00,96.87999725341795,96.91000366210938,96.8550033569336,96.91000366210938,8551
2026-09-10 16:59:00+00:00,96.91000366210938,96.91000366210938,96.8499984741211,96.88500213623048,8997
2026-09-10 17:00:00+00:00,96.87999725341795,96.9000015258789,96.83499908447266,96.87999725341795,5238
2026-09-10 17:01:00+00:00,96.88999938964844,96.88999938964844,96.83000183105467,96.8499984741211,6760
2026-09-10 17:02:00+00:00,96.8499984741211,97.0999984741211,96.8499984741211,96.91999816894533,116433
2026-09-10 17:03:00+00:00,96.91999816894533,96.91999816894533,96.75,96.75,14707
2026-09-10 17:04:00+00:00,96.77999877929688,96.91000366210938,96.7750015258789,96.90499877929688,9620
2026-09-10 17:05:00+00:00,96.9800033569336,96.98999786376952,96.91999816894533,96.95500183105467,9301
2026-09-10 17:06:00+00:00,96.95999908447266,97.0,96.91000366210938,96.98500061035156,23850
2026-09-10 17:07:00+00:00,96.98999786376952,97.02999877929688,96.95999908447266,96.98999786376952,13946
2026-09-10 17:08:00+00:00,96.99500274658205,97.02999877929688,96.91000366210938,96.91999816894533,9133
2026-09-10 17:09:00+00:00,96.93499755859376,96.9800033569336,96.91000366210938,96.95999908447266,10451
2026-09-10 17:10:00+00:00,96.97000122070312,97.13500213623048,96.97000122070312,97.13500213623048,14325
2026-09-10 17:11:00+00:00,97.12999725341795,97.12999725341795,97.0500030517578,97.08999633789062,9089
2026-09-10 17:12:00+00:00,97.08999633789062,97.14530181884766,97.08000183105467,97.0999984741211,10073
2026-09-10 17:13:00+00:00,97.08999633789062,97.08999633789062,96.98500061035156,96.98500061035156,6306
2026-09-10 17:14:00+00:00,96.98999786376952,97.01000213623048,96.98999786376952,97.0,7602
2026-09-10 17:15:00+00:00,97.0,97.01000213623048,96.9800033569336,96.98999786376952,3964
2026-09-10 17:16:00+00:00,97.0,97.04000091552734,96.97000122070312,97.01499938964844,8696
2026-09-10 17:17:00+00:00,97.01000213623048,97.08999633789062,96.97000122070312,97.03500366210938,64821
2026-09-10 17:18:00+00:00,97.03990173339844,97.16999816894533,96.9800033569336,97.16999816894533,80283
2026-09-10 17:19:00+00:00,97.1500015258789,97.44000244140624,97.1050033569336,97.4000015258789,218908
2026-09-10 17:20:00+00:00,97.41000366210938,97.41000366210938,97.20999908447266,97.23999786376952,61582
2026-09-10 17:21:00+00:00,97.25,97.30999755859376,97.19000244140624,97.19000244140624,20185
2026-09-10 17:22:00+00:00,97.16000366210938,97.36000061035156,97.16000366210938,97.30999755859376,41760
2026-09-10 17:23:00+00:00,97.3000030517578,97.33999633789062,97.25,97.28500366210938,16451
2026-09-10 17:24:00+00:00,97.29000091552734,97.41000366210938,97.29000091552734,97.30999755859376,41037
2026-09-10 17:25:00+00:00,97.31999969482422,97.33989715576172,97.23500061035156,97.33000183105467,32370
2026-09-10 17:26:00+00:00,97.33999633789062,97.36499786376952,97.33999633789062,97.36000061035156,12980
2026-09-10 17:27:00+00:00,97.36000061035156,97.4000015258789,97.2750015258789,97.30606842041016,15323
2026-09-10 17:28:00+00:00,97.29000091552734,97.33999633789062,97.25,97.3000030517578,8997
2026-09-10 17:29:00+00:00,97.29499816894533,97.36000061035156,97.26000213623048,97.33999633789062,22328
2026-09-10 17:30:00+00:00,97.33999633789062,97.36000061035156,97.29499816894533,97.33000183105467,38656
2026-09-10 17:31:00+00:00,97.3499984741211,97.3499984741211,97.3000030517578,97.31500244140624,35654
2026-09-10 17:32:00+00:00,97.31999969482422,97.33000183105467,97.27999877929688,97.30989837646484,19396
2026-09-10 17:33:00+00:00,97.29979705810548,97.3000030517578,97.20500183105467,97.21499633789062,29762
2026-09-10 17:34:00+00:00,97.22000122070312,97.29000091552734,97.22000122070312,97.2300033569336,9275
2026-09-10 17:35:00+00:00,97.20999908447266,97.22000122070312,97.1449966430664,97.18000030517578,12185
2026-09-10 17:36:00+00:00,97.18499755859376,97.19000244140624,97.08000183105467,97.08999633789062,27584
2026-09-10 17:37:00+00:00,97.08999633789062,97.11000061035156,97.04000091552734,97.04000091552734,16950
2026-09-10 17:38:00+00:00,97.0500030517578,97.05500030517578,97.01000213623048,97.05500030517578,10004
2026-09-10 17:39:00+00:00,97.05999755859376,97.06500244140624,96.97000122070312,97.0,20707
2026-09-10 17:40:00+00:00,97.0,97.0,96.91000366210938,96.93000030517578,18428
2026-09-10 17:41:00+00:00,96.93499755859376,96.94000244140624,96.91000366210938,96.93499755859376,10402
2026-09-10 17:42:00+00:00,96.93000030517578,96.94000244140624,96.8949966430664,96.9394989013672,14229
2026-09-10 17:43:00+00:00,96.93499755859376,96.9749984741211,96.93000030517578,96.97000122070312,12507
2026-09-10 17:44:00+00:00,96.97000122070312,97.0,96.93000030517578,97.0,16067
2026-09-10 17:45:00+00:00,97.0,97.0,96.97000122070312,96.9875030517578,9932
2026-09-10 17:46:00+00:00,96.98999786376952,97.0199966430664,96.93000030517578,96.94499969482422,32806
2026-09-10 17:47:00+00:00,96.94000244140624,96.96499633789062,96.94000244140624,96.94000244140624,9604
2026-09-10 17:48:00+00:00,96.94000244140624,96.98500061035156,96.94000244140624,96.95999908447266,11367
2026-09-10 17:49:00+00:00,96.95999908447266,96.97000122070312,96.93000030517578,96.95500183105467,8733
2026-09-10 17:50:00+00:00,96.95999908447266,96.98500061035156,96.94499969482422,96.94499969482422,7768
2026-09-10 17:51:00+00:00,96.9499969482422,96.95999908447266,96.93000030517578,96.94499969482422,10183
2026-09-10 17:52:00+00:00,96.9499969482422,96.97000122070312,96.9000015258789,96.91000366210938,17867
2026-09-10 17:53:00+00:00,96.9000015258789,96.9000015258789,96.83000183105467,96.8550033569336,14626
2026-09-10 17:54:00+00:00,96.8499984741211,96.91999816894533,96.83999633789062,96.87999725341795,12780
2026-09-10 17:55:00+00:00,96.87999725341795,96.87999725341795,96.80999755859376,96.80999755859376,5124
2026-09-10 17:56:00+00:00,96.8139190673828,96.822998046875,96.78500366210938,96.79000091552734,12743
2026-09-10 17:57:00+00:00,96.79000091552734,96.80500030517578,96.73999786376952,96.73999786376952,21118
2026-09-10 17:58:00+00:00,96.74500274658205,96.77999877929688,96.74500274658205,96.7750015258789,13929
2026-09-10 17:59:00+00:00,96.7750015258789,96.81999969482422,96.73999786376952,96.73999786376952,29800
2026-09-10 18:00:00+00:00,96.74500274658205,96.79000091552734,96.69499969482422,96.79000091552734,27387
2026-09-10 18:01:00+00:00,96.78500366210938,96.80999755859376,96.66999816894533,96.66999816894533,24167
2026-09-10 18:02:00+00:00,96.66000366210938,96.69000244140624,96.61499786376952,96.6500015258789,28759
2026-09-10 18:03:00+00:00,96.64009857177734,96.64009857177734,96.55500030517578,96.5749969482422,49102
2026-09-10 18:04:00+00:00,96.5749969482422,96.63999938964844,96.5749969482422,96.61289978027344,24588
2026-09-10 18:05:00+00:00,96.58999633789062,96.58999633789062,96.5199966430664,96.56999969482422,54673
2026-09-10 18:06:00+00:00,96.56500244140624,96.5999984741211,96.52999877929688,96.56999969482422,36029
2026-09-10 18:07:00+00:00,96.56999969482422,96.62999725341795,96.54000091552734,96.62000274658205,26789
2026-09-10 18:08:00+00:00,96.61499786376952,96.62000274658205,96.4499969482422,96.45500183105467,87541
2026-09-10 18:09:00+00:00,96.45500183105467,96.45500183105467,96.33000183105467,96.36000061035156,81881
2026-09-10 18:10:00+00:00,96.36000061035156,96.36000061035156,96.27999877929688,96.29000091552734,25539
2026-09-10 18:11:00+00:00,96.3000030517578,96.33999633789062,96.28500366210938,96.29499816894533,21237
2026-09-10 18:12:00+00:00,96.29000091552734,96.3000030517578,96.24500274658205,96.29499816894533,20816
2026-09-10 18:13:00+00:00,96.29000091552734,96.30750274658205,96.25499725341795,96.26000213623048,28533
2026-09-10 18:14:00+00:00,96.2699966430664,96.38999938964844,96.2699966430664,96.36000061035156,17543
2026-09-10 18:15:00+00:00,96.33999633789062,96.33999633789062,96.26499938964844,96.33000183105467,15330
2026-09-10 18:16:00+00:00,96.31999969482422,96.38999938964844,96.24500274658205,96.26000213623048,39894
2026-09-10 18:17:00+00:00,96.2511978149414,96.27999877929688,96.2249984741211,96.2249984741211,14885
2026-09-10 18:18:00+00:00,96.22000122070312,96.2699966430664,96.20999908447266,96.26000213623048,36926
2026-09-10 18:19:00+00:00,96.26000213623048,96.33499908447266,96.26000213623048,96.33000183105467,13284
2026-09-10 18:20:00+00:00,96.33000183105467,96.37999725341795,96.33000183105467,96.37999725341795,18193
2026-09-10 18:21:00+00:00,96.37000274658205,96.41000366210938,96.3499984741211,96.40499877929688,10984
2026-09-10 18:22:00+00:00,96.41000366210938,96.50499725341795,96.41000366210938,96.50499725341795,32605
2026-09-10 18:23:00+00:00,96.5,96.5199966430664,96.47000122070312,96.47000122070312,26932
2026-09-10 18:24:00+00:00,96.47000122070312,96.5199966430664,96.45999908447266,96.51000213623048,16623
2026-09-10 18:25:00+00:00,96.5,96.54000091552734,96.49500274658205,96.5199966430664,12265
2026-09-10 18:26:00+00:00,96.5,96.5,96.4000015258789,96.41000366210938,35449
2026-09-10 18:27:00+00:00,96.41000366210938,96.44000244140624,96.37999725341795,96.37999725341795,15743
2026-09-10 18:28:00+00:00,96.37999725341795,96.48500061035156,96.37750244140624,96.44010162353516,25387
2026-09-10 18:29:00+00:00,96.44499969482422,96.44499969482422,96.37000274658205,96.41000366210938,14277
2026-09-10 18:30:00+00:00,96.4000015258789,96.41000366210938,96.26000213623048,96.26000213623048,37055
2026-09-10 18:31:00+00:00,96.26499938964844,96.3000030517578,96.24500274658205,96.2699966430664,29909
2026-09-10 18:32:00+00:00,96.2699966430664,96.28500366210938,96.2490005493164,96.2699966430664,13740
2026-09-10 18:33:00+00:00,96.2699966430664,96.27999877929688,96.20999908447266,96.21499633789062,15565
2026-09-10 18:34:00+00:00,96.22000122070312,96.33000183105467,96.19000244140624,96.33000183105467,32166
2026-09-10 18:35:00+00:00,96.33000183105467,96.3499984741211,96.30999755859376,96.31999969482422,11175
2026-09-10 18:36:00+00:00,96.31999969482422,96.33999633789062,96.3000030517578,96.3000030517578,11971
2026-09-10 18:37:00+00:00,96.29000091552734,96.33999633789062,96.29000091552734,96.33999633789062,17276
2026-09-10 18:38:00+00:00,96.33999633789062,96.37000274658205,96.30999755859376,96.37000274658205,14916
2026-09-10 18:39:00+00:00,96.36499786376952,96.41000366210938,96.3550033569336,96.41000366210938,19809
2026-09-10 18:40:00+00:00,96.40499877929688,96.41000366210938,96.36000061035156,96.36499786376952,18069
2026-09-10 18:41:00+00:00,96.36499786376952,96.44000244140624,96.36000061035156,96.43000030517578,14240
2026-09-10 18:42:00+00:00,96.44000244140624,96.45999908447266,96.4250030517578,96.44000244140624,14653
2026-09-10 18:43:00+00:00,96.44000244140624,96.44000244140624,96.37000274658205,96.38999938964844,67543
2026-09-10 18:44:00+00:00,96.4000015258789,96.43000030517578,96.38999938964844,96.43000030517578,10719
2026-09-10 18:45:00+00:00,96.41999816894533,96.4250030517578,96.3550033569336,96.37999725341795,14618
2026-09-10 18:46:00+00:00,96.36499786376952,96.38999938964844,96.3499984741211,96.3499984741211,15472
2026-09-10 18:47:00+00:00,96.33999633789062,96.34500122070312,96.29499816894533,96.34500122070312,25544
2026-09-10 18:48:00+00:00,96.33499908447266,96.33999633789062,96.28500366210938,96.3000030517578,11115
2026-09-10 18:49:00+00:00,96.30999755859376,96.4209976196289,96.29499816894533,96.33000183105467,24754
2026-09-10 18:50:00+00:00,96.31999969482422,96.37000274658205,96.27999877929688,96.37000274658205,13064
2026-09-10 18:51:00+00:00,96.36000061035156,96.68000030517578,96.3499984741211,96.63999938964844,42941
2026-09-10 18:52:00+00:00,96.62000274658205,96.69000244140624,96.55999755859376,96.66010284423828,15362
2026-09-10 18:53:00+00:00,96.66500091552734,96.68000030517578,96.58000183105467,96.5999984741211,15304
2026-09-10 18:54:00+00:00,96.58999633789062,96.63999938964844,96.54000091552734,96.55999755859376,22204
2026-09-10 18:55:00+00:00,96.56999969482422,96.6500015258789,96.56999969482422,96.6500015258789,14830
2026-09-10 18:56:00+00:00,96.66999816894533,96.6999969482422,96.62999725341795,96.66000366210938,11781
2026-09-10 18:57:00+00:00,96.63999938964844,96.66500091552734,96.62000274658205,96.62999725341795,30957
2026-09-10 18:58:00+00:00,96.62999725341795,96.6449966430664,96.55500030517578,96.62000274658205,23653
2026-09-10 18:59:00+00:00,96.62000274658205,96.66999816894533,96.5999984741211,96.61000061035156,18558
2026-09-10 19:00:00+00:00,96.5999984741211,96.5999984741211,96.36499786376952,96.38999938964844,53190
2026-09-10 19:01:00+00:00,96.38999938964844,96.41000366210938,96.2699966430664,96.2750015258789,49026
2026-09-10 19:02:00+00:00,96.26000213623048,96.3000030517578,96.12779998779295,96.12999725341795,49782
2026-09-10 19:03:00+00:00,96.12999725341795,96.19000244140624,96.08000183105467,96.19000244140624,58950
2026-09-10 19:04:00+00:00,96.18000030517578,96.23500061035156,96.16000366210938,96.19139862060548,25765
2026-09-10 19:05:00+00:00,96.18080139160156,96.25,96.1750030517578,96.23999786376952,45935
2026-09-10 19:06:00+00:00,96.23999786376952,96.31999969482422,96.22000122070312,96.29000091552734,18151
2026-09-10 19:07:00+00:00,96.29000091552734,96.30989837646484,96.25,96.25,26809
2026-09-10 19:08:00+00:00,96.25,96.3000030517578,96.23999786376952,96.26499938964844,103282
2026-09-10 19:09:00+00:00,96.26000213623048,96.4800033569336,96.25,96.4800033569336,66186
2026-09-10 19:10:00+00:00,96.4749984741211,96.51000213623048,96.3949966430664,96.4000015258789,45443
2026-09-10 19:11:00+00:00,96.4000015258789,96.43000030517578,96.29000091552734,96.29499816894533,14770
2026-09-10 19:12:00+00:00,96.29499816894533,96.41000366210938,96.27999877929688,96.33999633789062,31226
2026-09-10 19:13:00+00:00,96.33999633789062,96.41000366210938,96.33999633789062,96.36000061035156,10161
2026-09-10 19:14:00+00:00,96.36000061035156,96.38999938964844,96.31999969482422,96.38999938964844,30419
2026-09-10 19:15:00+00:00,96.37999725341795,96.43000030517578,96.33999633789062,96.33999633789062,11534
2026-09-10 19:16:00+00:00,96.33000183105467,96.33999633789062,96.26119995117188,96.27999877929688,13141
2026-09-10 19:17:00+00:00,96.27999877929688,96.30999755859376,96.26499938964844,96.2699966430664,19870
2026-09-10 19:18:00+00:00,96.26000213623048,96.26499938964844,96.22000122070312,96.25,15440
2026-09-10 19:19:00+00:00,96.24099731445312,96.24500274658205,96.20999908447266,96.22000122070312,15030
2026-09-10 19:20:00+00:00,96.22000122070312,96.31999969482422,96.22000122070312,96.2699966430664,19682
2026-09-10 19:21:00+00:00,96.2699966430664,96.29000091552734,96.26499938964844,96.2699966430664,10567
2026-09-10 19:22:00+00:00,96.2750015258789,96.31999969482422,96.2750015258789,96.2750015258789,48879
2026-09-10 19:23:00+00:00,96.27999877929688,96.27999877929688,96.2300033569336,96.2300033569336,22211
2026-09-10 19:24:00+00:00,96.2249984741211,96.37999725341795,96.2249984741211,96.37000274658205,46073
2026-09-10 19:25:00+00:00,96.37000274658205,96.44000244140624,96.34500122070312,96.3499984741211,32964
2026-09-10 19:26:00+00:00,96.3499984741211,96.38999938964844,96.30999755859376,96.37000274658205,30656
2026-09-10 19:27:00+00:00,96.37000274658205,96.37999725341795,96.33499908447266,96.36000061035156,28299
2026-09-10 19:28:00+00:00,96.36000061035156,96.36000061035156,96.28500366210938,96.33000183105467,25930
2026-09-10 19:29:00+00:00,96.3249969482422,96.3249969482422,96.27999877929688,96.3000030517578,33775
2026-09-10 19:30:00+00:00,96.3000030517578,96.3000030517578,96.20999908447266,96.23999786376952,90031
2026-09-10 19:31:00+00:00,96.23500061035156,96.31999969482422,96.2300033569336,96.30999755859376,61367
2026-09-10 19:32:00+00:00,96.30999755859376,96.30999755859376,96.23999786376952,96.2699966430664,52895
2026-09-10 19:33:00+00:00,96.26000213623048,96.3000030517578,96.23999786376952,96.3000030517578,50460
2026-09-10 19:34:00+00:00,96.30999755859376,96.33000183105467,96.26000213623048,96.27010345458984,74360
2026-09-10 19:35:00+00:00,96.2699966430664,96.29499816894533,96.25,96.27999877929688,48293
2026-09-10 19:36:00+00:00,96.29000091552734,96.29979705810548,96.23999786376952,96.29000091552734,64263
2026-09-10 19:37:00+00:00,96.28500366210938,96.28500366210938,96.1999969482422,96.2300033569336,60138
2026-09-10 19:38:00+00:00,96.2300033569336,96.2300033569336,96.1750030517578,96.22869873046876,137091
2026-09-10 19:39:00+00:00,96.22608947753906,96.22608947753906,96.12999725341795,96.19000244140624,133233
2026-09-10 19:40:00+00:00,96.1999969482422,96.23500061035156,96.16000366210938,96.16000366210938,90251
2026-09-10 19:41:00+00:00,96.16500091552734,96.1999969482422,96.08000183105467,96.08999633789062,124046
2026-09-10 19:42:00+00:00,96.08999633789062,96.12999725341795,96.0199966430664,96.04000091552734,65408
2026-09-10 19:43:00+00:00,96.0500030517578,96.05999755859376,95.9800033569336,96.0199966430664,126043
2026-09-10 19:44:00+00:00,96.01000213623048,96.03990173339844,95.97010040283205,95.9962387084961,101108
2026-09-10 19:45:00+00:00,96.0,96.0250015258789,95.9800033569336,95.99500274658205,84932
2026-09-10 19:46:00+00:00,95.99500274658205,96.05500030517578,95.9499969482422,95.95500183105467,123304
2026-09-10 19:47:00+00:00,95.95500183105467,95.98999786376952,95.9499969482422,95.9749984741211,73684
2026-09-10 19:48:00+00:00,95.97000122070312,96.02999877929688,95.97000122070312,95.98999786376952,104760
2026-09-10 19:49:00+00:00,95.9800033569336,96.05999755859376,95.9749984741211,96.03500366210938,100108
2026-09-10 19:50:00+00:00,96.02999877929688,96.12999725341795,95.97000122070312,96.00990295410156,257780
2026-09-10 19:51:00+00:00,96.00499725341795,96.05989837646484,95.9800033569336,96.0500030517578,125124
2026-09-10 19:52:00+00:00,96.05999755859376,96.05999755859376,95.91000366210938,95.93499755859376,148456
2026-09-10 19:53:00+00:00,95.93499755859376,95.9749984741211,95.87000274658205,95.95999908447266,234247
2026-09-10 19:54:00+00:00,95.95500183105467,96.0,95.91999816894533,95.99500274658205,131212
2026-09-10 19:55:00+00:00,95.98999786376952,96.00499725341795,95.87999725341795,95.9250030517578,281839
2026-09-10 19:56:00+00:00,95.9250030517578,95.96749877929688,95.87999725341795,95.88500213623048,358755
2026-09-10 19:57:00+00:00,95.88500213623048,95.93000030517578,95.87999725341795,95.9250030517578,211428
2026-09-10 19:58:00+00:00,95.91999816894533,95.94000244140624,95.87000274658205,95.9250030517578,298728
2026-09-10 19:59:00+00:00,95.93000030517578,96.08999633789062,95.91000366210938,96.0500030517578,850741
2026-09-11 13:30:00+00:00,98.20999908447266,98.41999816894533,97.97000122070312,98.13500213623048,1924143
2026-09-11 13:31:00+00:00,98.125,98.18000030517578,97.58999633789062,97.70999908447266,126199
2026-09-11 13:32:00+00:00,97.72000122070312,97.9198989868164,97.41999816894533,97.68499755859376,117853
2026-09-11 13:33:00+00:00,97.65249633789062,97.90499877929688,97.54499816894533,97.80999755859376,76378
2026-09-11 13:34:00+00:00,97.79000091552734,98.16999816894533,97.79000091552734,98.16999816894533,75743
2026-09-11 13:35:00+00:00,98.18000030517578,98.56999969482422,98.12999725341795,98.5199966430664,328212
2026-09-11 13:36:00+00:00,98.5250015258789,98.68000030517578,98.1999969482422,98.2300033569336,204779
2026-09-11 13:37:00+00:00,98.23999786376952,98.47000122070312,98.2300033569336,98.3550033569336,128789
2026-09-11 13:38:00+00:00,98.3550033569336,98.3550033569336,97.88999938964844,97.99500274658205,77227
2026-09-11 13:39:00+00:00,97.9800033569336,98.36000061035156,97.95999908447266,98.36000061035156,42591
2026-09-11 13:40:00+00:00,98.36499786376952,98.94499969482422,98.3000030517578,98.80999755859376,147305
2026-09-11 13:41:00+00:00,98.81500244140624,98.9250030517578,98.69000244140624,98.83000183105467,72961
2026-09-11 13:42:00+00:00,98.83000183105467,99.07579803466795,98.75,98.97000122070312,116273
2026-09-11 13:43:00+00:00,98.97000122070312,98.9800033569336,98.8000030517578,98.83000183105467,75418
2026-09-11 13:44:00+00:00,98.83000183105467,98.87999725341795,98.45999908447266,98.76499938964844,81345
2026-09-11 13:45:00+00:00,98.76000213623048,98.76000213623048,98.50499725341795,98.56999969482422,64507
2026-09-11 13:46:00+00:00,98.56999969482422,98.6999969482422,98.48999786376952,98.54000091552734,115205
2026-09-11 13:47:00+00:00,98.55999755859376,98.9000015258789,98.51499938964844,98.9000015258789,60384
2026-09-11 13:48:00+00:00,98.91000366210938,98.91999816894533,98.51000213623048,98.52999877929688,35154
2026-09-11 13:49:00+00:00,98.5500030517578,98.5999984741211,98.44000244140624,98.55999755859376,72581
2026-09-11 13:50:00+00:00,98.56999969482422,98.63999938964844,98.37999725341795,98.45999908447266,103316
2026-09-11 13:51:00+00:00,98.45999908447266,98.51499938964844,98.37999725341795,98.43000030517578,21066
2026-09-11 13:52:00+00:00,98.4499969482422,98.46499633789062,98.37999725341795,98.41500091552734,25831
2026-09-11 13:53:00+00:00,98.41999816894533,98.66000366210938,98.38999938964844,98.58000183105467,32978
2026-09-11 13:54:00+00:00,98.58999633789062,98.66000366210938,98.47000122070312,98.51000213623048,62630
2026-09-11 13:55:00+00:00,98.52999877929688,98.56999969482422,98.4800033569336,98.48999786376952,34396
2026-09-11 13:56:00+00:00,98.5,98.5999984741211,98.44000244140624,98.5500030517578,37188
2026-09-11 13:57:00+00:00,98.55999755859376,98.56999969482422,98.4000015258789,98.5500030517578,39671
2026-09-11 13:58:00+00:00,98.5500030517578,98.8000030517578,98.53500366210938,98.79000091552734,46484
2026-09-11 13:59:00+00:00,98.79199981689452,98.97000122070312,98.76000213623048,98.95999908447266,50674
2026-09-11 14:00:00+00:00,98.93000030517578,98.9499969482422,98.55999755859376,98.55999755859376,66735
2026-09-11 14:01:00+00:00,98.54000091552734,98.5500030517578,98.22000122070312,98.23999786376952,91801
2026-09-11 14:02:00+00:00,98.23999786376952,98.31999969482422,98.1501007080078,98.22000122070312,127906
2026-09-11 14:03:00+00:00,98.25,98.30500030517578,98.1500015258789,98.20240020751952,72666
2026-09-11 14:04:00+00:00,98.1999969482422,98.51000213623048,98.1999969482422,98.4499969482422,43222
2026-09-11 14:05:00+00:00,98.4499969482422,98.47000122070312,98.25,98.26000213623048,48209
2026-09-11 14:06:00+00:00,98.25,98.27999877929688,98.12999725341795,98.20500183105467,36581
2026-09-11 14:07:00+00:00,98.19000244140624,98.2699966430664,97.9800033569336,98.0199966430664,37399
2026-09-11 14:08:00+00:00,97.98999786376952,98.27999877929688,97.94000244140624,98.19000244140624,36663
2026-09-11 14:09:00+00:00,98.16000366210938,98.16999816894533,98.01000213623048,98.01000213623048,19656
2026-09-11 14:10:00+00:00,98.02999877929688,98.08000183105467,97.86000061035156,97.9250030517578,32053
2026-09-11 14:11:00+00:00,97.91000366210938,98.01000213623048,97.9000015258789,97.95999908447266,34659
2026-09-11 14:12:00+00:00,97.97589874267578,97.97589874267578,97.73999786376952,97.86000061035156,45220
2026-09-11 14:13:00+00:00,97.87999725341795,98.0199966430664,97.87999725341795,98.0,39141
2026-09-11 14:14:00+00:00,97.98999786376952,98.06999969482422,97.87999725341795,97.93000030517578,53213
2026-09-11 14:15:00+00:00,97.91000366210938,98.06999969482422,97.875,98.0500030517578,58062
2026-09-11 14:16:00+00:00,98.05999755859376,98.05999755859376,97.86000061035156,97.86000061035156,35192
2026-09-11 14:17:00+00:00,97.84500122070312,97.94000244140624,97.8000030517578,97.87999725341795,29422
2026-09-11 14:18:00+00:00,97.87000274658205,97.88999938964844,97.7699966430664,97.86000061035156,27317
2026-09-11 14:19:00+00:00,97.86000061035156,98.05500030517578,97.83000183105467,98.0199966430664,66811
2026-09-11 14:20:00+00:00,98.04000091552734,98.16000366210938,97.9800033569336,98.12999725341795,72528
2026-09-11 14:21:00+00:00,98.13999938964844,98.18499755859376,98.05999755859376,98.16010284423828,39955
2026-09-11 14:22:00+00:00,98.16000366210938,98.30500030517578,98.08999633789062,98.2699966430664,18389
2026-09-11 14:23:00+00:00,98.26000213623048,98.26000213623048,98.04000091552734,98.1500015258789,47703
2026-09-11 14:24:00+00:00,98.13999938964844,98.13999938964844,97.94000244140624,97.9499969482422,29552
2026-09-11 14:25:00+00:00,97.9499969482422,97.9499969482422,97.8000030517578,97.8249969482422,30896
2026-09-11 14:26:00+00:00,97.8499984741211,97.8550033569336,97.66000366210938,97.69000244140624,45872
2026-09-11 14:27:00+00:00,97.70999908447266,97.83499908447266,97.70999908447266,97.83000183105467,15830
2026-09-11 14:28:00+00:00,97.83170318603516,97.9000015258789,97.70999908447266,97.7300033569336,18148
2026-09-11 14:29:00+00:00,97.73999786376952,97.87999725341795,97.73999786376952,97.83999633789062,23436
2026-09-11 14:30:00+00:00,97.83999633789062,97.86000061035156,97.58999633789062,97.66000366210938,61455
2026-09-11 14:31:00+00:00,97.6439971923828,97.75,97.58000183105467,97.58000183105467,65333
2026-09-11 14:32:00+00:00,97.58999633789062,97.62000274658205,97.5,97.58999633789062,74914
2026-09-11 14:33:00+00:00,97.62000274658205,97.69010162353516,97.4800033569336,97.63999938964844,39515
2026-09-11 14:34:00+00:00,97.62999725341795,97.63999938964844,97.45999908447266,97.48999786376952,19856
2026-09-11 14:35:00+00:00,97.4800033569336,97.48999786376952,97.33999633789062,97.37000274658205,31392
2026-09-11 14:36:00+00:00,97.36499786376952,97.36499786376952,97.22000122070312,97.22000122070312,51492
2026-09-11 14:37:00+00:00,97.22000122070312,97.36000061035156,97.22000122070312,97.23999786376952,32628
2026-09-11 14:38:00+00:00,97.23999786376952,97.23999786376952,97.0250015258789,97.0999984741211,67880
2026-09-11 14:39:00+00:00,97.1050033569336,97.16999816894533,97.0199966430664,97.16000366210938,110100
2026-09-11 14:40:00+00:00,97.16999816894533,97.36000061035156,97.0199966430664,97.0199966430664,76497
2026-09-11 14:41:00+00:00,97.0199966430664,97.2300033569336,96.98999786376952,97.1999969482422,29289
2026-09-11 14:42:00+00:00,97.18099975585938,97.30999755859376,97.1500015258789,97.30999755859376,28050
2026-09-11 14:43:00+00:00,97.31999969482422,97.4000015258789,97.3000030517578,97.33000183105467,26619
2026-09-11 14:44:00+00:00,97.3249969482422,97.41809844970705,97.23999786376952,97.26499938964844,12517
2026-09-11 14:45:00+00:00,97.27999877929688,97.47000122070312,97.27999877929688,97.4499969482422,49673
2026-09-11 14:46:00+00:00,97.45999908447266,97.47000122070312,97.41000366210938,97.45500183105467,22230
2026-09-11 14:47:00+00:00,97.45500183105467,97.5250015258789,97.36000061035156,97.36499786376952,27645
2026-09-11 14:48:00+00:00,97.37999725341795,97.8499984741211,97.37999725341795,97.66999816894533,164585
2026-09-11 14:49:00+00:00,97.68000030517578,97.93499755859376,97.66500091552734,97.9000015258789,30381
2026-09-11 14:50:00+00:00,97.88999938964844,97.94000244140624,97.76000213623048,97.87999725341795,29034
2026-09-11 14:51:00+00:00,97.87000274658205,97.98999786376952,97.87000274658205,97.91999816894533,22671
2026-09-11 14:52:00+00:00,97.91999816894533,98.04000091552734,97.79000091552734,97.80999755859376,19155
2026-09-11 14:53:00+00:00,97.80500030517578,97.86000061035156,97.72000122070312,97.83999633789062,15539
2026-09-11 14:54:00+00:00,97.81999969482422,97.87999725341795,97.7300033569336,97.7300033569336,15002
2026-09-11 14:55:00+00:00,97.7300033569336,97.73999786376952,97.63999938964844,97.66999816894533,23127
2026-09-11 14:56:00+00:00,97.6999969482422,97.76000213623048,97.66999816894533,97.72000122070312,17159
2026-09-11 14:57:00+00:00,97.72000122070312,97.72000122070312,97.62999725341795,97.6500015258789,12986
2026-09-11 14:58:00+00:00,97.6500015258789,97.65499877929688,97.51000213623048,97.52999877929688,22188
2026-09-11 14:59:00+00:00,97.5500030517578,97.55999755859376,97.5,97.5500030517578,18687
2026-09-11 15:00:00+00:00,97.55500030517578,97.55500030517578,97.43000030517578,97.54000091552734,27622
2026-09-11 15:01:00+00:00,97.54000091552734,97.5999984741211,97.52999877929688,97.5500030517578,15007
2026-09-11 15:02:00+00:00,97.5500030517578,97.5500030517578,97.45999908447266,97.4800033569336,6882
2026-09-11 15:03:00+00:00,97.47000122070312,97.4800033569336,97.3499984741211,97.47000122070312,21545
2026-09-11 15:04:00+00:00,97.47000122070312,97.48500061035156,97.37000274658205,97.41000366210938,11396
2026-09-11 15:05:00+00:00,97.4000015258789,97.44000244140624,97.36000061035156,97.41000366210938,24280
2026-09-11 15:06:00+00:00,97.4000015258789,97.4499969482422,97.36000061035156,97.38999938964844,12025
2026-09-11 15:07:00+00:00,97.38999938964844,97.4000015258789,97.2300033569336,97.2699966430664,28153
2026-09-11 15:08:00+00:00,97.27999877929688,97.27999877929688,97.11000061035156,97.1500015258789,29926
2026-09-11 15:09:00+00:00,97.16000366210938,97.16999816894533,97.05760192871094,97.12000274658205,19818
2026-09-11 15:10:00+00:00,97.1050033569336,97.18000030517578,97.0709991455078,97.12999725341795,11860
2026-09-11 15:11:00+00:00,97.12000274658205,97.16000366210938,97.0999984741211,97.11000061035156,14406
2026-09-11 15:12:00+00:00,97.12000274658205,97.12779998779295,97.04000091552734,97.04000091552734,39870
2026-09-11 15:13:00+00:00,97.01000213623048,97.08999633789062,97.01000213623048,97.08830261230467,19494
2026-09-11 15:14:00+00:00,97.08000183105467,97.11239624023438,97.0199966430664,97.08000183105467,16979
2026-09-11 15:15:00+00:00,97.08000183105467,97.19000244140624,97.06999969482422,97.1500015258789,14584
2026-09-11 15:16:00+00:00,97.12999725341795,97.33000183105467,97.11499786376952,97.31999969482422,18245
2026-09-11 15:17:00+00:00,97.31999969482422,97.31999969482422,97.24500274658205,97.27999877929688,17159
2026-09-11 15:18:00+00:00,97.25,97.25,97.0999984741211,97.12999725341795,17058
2026-09-11 15:19:00+00:00,97.11000061035156,97.22000122070312,97.11000061035156,97.19000244140624,24665
2026-09-11 15:20:00+00:00,97.20999908447266,97.2699966430664,97.16999816894533,97.23999786376952,6612
2026-09-11 15:21:00+00:00,97.30999755859376,97.45999908447266,97.3000030517578,97.44499969482422,14835
2026-09-11 15:22:00+00:00,97.47000122070312,97.5063018798828,97.37000274658205,97.38999938964844,22458
2026-09-11 15:23:00+00:00,97.3949966430664,97.45999908447266,97.3550033569336,97.44000244140624,12364
2026-09-11 15:24:00+00:00,97.4499969482422,97.45999908447266,97.3000030517578,97.38999938964844,22939
2026-09-11 15:25:00+00:00,97.38999938964844,97.44499969482422,97.38999938964844,97.41000366210938,9246
2026-09-11 15:26:00+00:00,97.4250030517578,97.4499969482422,97.36000061035156,97.36000061035156,14675
2026-09-11 15:27:00+00:00,97.3499984741211,97.51000213623048,97.3499984741211,97.4499969482422,22446
2026-09-11 15:28:00+00:00,97.45800018310548,97.56500244140624,97.45800018310548,97.5,16138
2026-09-11 15:29:00+00:00,97.48999786376952,97.52999877929688,97.43000030517578,97.43000030517578,11754
2026-09-11 15:30:00+00:00,97.41999816894533,97.4250030517578,97.31999969482422,97.41000366210938,13095
2026-09-11 15:31:00+00:00,97.37999725341795,97.4000015258789,97.31999969482422,97.37999725341795,13810
2026-09-11 15:32:00+00:00,97.36499786376952,97.4990005493164,97.36499786376952,97.48999786376952,12662
2026-09-11 15:33:00+00:00,97.5,97.54000091552734,97.48999786376952,97.51000213623048,16915
2026-09-11 15:34:00+00:00,97.5,97.5,97.40499877929688,97.40565490722656,13084
2026-09-11 15:35:00+00:00,97.38999938964844,97.44499969482422,97.33999633789062,97.41000366210938,12819
2026-09-11 15:36:00+00:00,97.41000366210938,97.4499969482422,97.37999725341795,97.41329956054688,7249
2026-09-11 15:37:00+00:00,97.41500091552734,97.51000213623048,97.41500091552734,97.48500061035156,17022
2026-09-11 15:38:00+00:00,97.4800033569336,97.4800033569336,97.37999725341795,97.38999938964844,10795
2026-09-11 15:39:00+00:00,97.38999938964844,97.38999938964844,97.3000030517578,97.30999755859376,10648
2026-09-11 15:40:00+00:00,97.29000091552734,97.29000091552734,97.16999816894533,97.21690368652344,26032
2026-09-11 15:41:00+00:00,97.19000244140624,97.26000213623048,97.19000244140624,97.20999908447266,16929
2026-09-11 15:42:00+00:00,97.20999908447266,97.31999969482422,97.20999908447266,97.30010223388672,15129
2026-09-11 15:43:00+00:00,97.31999969482422,97.37000274658205,97.31999969482422,97.3499984741211,13044
2026-09-11 15:44:00+00:00,97.3499984741211,97.41500091552734,97.3499984741211,97.4000015258789,15962
2026-09-11 15:45:00+00:00,97.38999938964844,97.41000366210938,97.33000183105467,97.36000061035156,28540
2026-09-11 15:46:00+00:00,97.36000061035156,97.4000015258789,97.30509948730467,97.30509948730467,10557
2026-09-11 15:47:00+00:00,97.30500030517578,97.30500030517578,97.1999969482422,97.23999786376952,6802
2026-09-11 15:48:00+00:00,97.25,97.30999755859376,97.2300033569336,97.29879760742188,7492
2026-09-11 15:49:00+00:00,97.30999755859376,97.38999938964844,97.29000091552734,97.37000274658205,10808
2026-09-11 15:50:00+00:00,97.38999938964844,97.42009735107422,97.38999938964844,97.41999816894533,12680
2026-09-11 15:51:00+00:00,97.41999816894533,97.47000122070312,97.41000366210938,97.43000030517578,13492
2026-09-11 15:52:00+00:00,97.41999816894533,97.45999908447266,97.37000274658205,97.45999908447266,11204
2026-09-11 15:53:00+00:00,97.4499969482422,97.45500183105467,97.31500244140624,97.31500244140624,7130
2026-09-11 15:54:00+00:00,97.31999969482422,97.375,97.29000091552734,97.375,18352
2026-09-11 15:55:00+00:00,97.37000274658205,97.375,97.2699966430664,97.2699966430664,26398
2026-09-11 15:56:00+00:00,97.26000213623048,97.33000183105467,97.24500274658205,97.25,10661
2026-09-11 15:57:00+00:00,97.25499725341795,97.33000183105467,97.25499725341795,97.33000183105467,7588
2026-09-11 15:58:00+00:00,97.33999633789062,97.36000061035156,97.27999877929688,97.29000091552734,11563
2026-09-11 15:59:00+00:00,97.3000030517578,97.3499984741211,97.29000091552734,97.3499984741211,6184
2026-09-11 16:00:00+00:00,97.33000183105467,97.38999938964844,97.33000183105467,97.38999938964844,8388
2026-09-11 16:01:00+00:00,97.4000015258789,97.4000015258789,97.3000030517578,97.3000030517578,25265
2026-09-11 16:02:00+00:00,97.30999755859376,97.36000061035156,97.30999755859376,97.36000061035156,5389
2026-09-11 16:03:00+00:00,97.3499984741211,97.4499969482422,97.3499984741211,97.4499969482422,11043
2026-09-11 16:04:00+00:00,97.44000244140624,97.47000122070312,97.41999816894533,97.47000122070312,14574
2026-09-11 16:05:00+00:00,97.44000244140624,97.47000122070312,97.37999725341795,97.37999725341795,6238
2026-09-11 16:06:00+00:00,97.38999938964844,97.41000366210938,97.31999969482422,97.3249969482422,10560
2026-09-11 16:07:00+00:00,97.30999755859376,97.31999969482422,97.16000366210938,97.16999816894533,10154
2026-09-11 16:08:00+00:00,97.13999938964844,97.20999908447266,97.13500213623048,97.16000366210938,5309
2026-09-11 16:09:00+00:00,97.18000030517578,97.19000244140624,97.12999725341795,97.13999938964844,7511
2026-09-11 16:10:00+00:00,97.13999938964844,97.16000366210938,97.08000183105467,97.08000183105467,10314
2026-09-11 16:11:00+00:00,97.0999984741211,97.1500015258789,97.0999984741211,97.13999938964844,12490
2026-09-11 16:12:00+00:00,97.11000061035156,97.1500015258789,97.0999984741211,97.10990142822266,10131
2026-09-11 16:13:00+00:00,97.11000061035156,97.11000061035156,96.9800033569336,97.0,18783
2026-09-11 16:14:00+00:00,97.0,97.0,96.91010284423828,96.91999816894533,28394
2026-09-11 16:15:00+00:00,96.91000366210938,96.9800033569336,96.9000015258789,96.95999908447266,27093
2026-09-11 16:16:00+00:00,96.9499969482422,96.98999786376952,96.94000244140624,96.98999786376952,3231
2026-09-11 16:17:00+00:00,97.00990295410156,97.0199966430664,96.9499969482422,96.9499969482422,7692
2026-09-11 16:18:00+00:00,96.94000244140624,96.95999908447266,96.91000366210938,96.94989776611328,10101
2026-09-11 16:19:00+00:00,96.9499969482422,96.9499969482422,96.81009674072266,96.8499984741211,28537
2026-09-11 16:20:00+00:00,96.83999633789062,96.93000030517578,96.83000183105467,96.83000183105467,11128
2026-09-11 16:21:00+00:00,96.83999633789062,96.9000015258789,96.79000091552734,96.79000091552734,8443
2026-09-11 16:22:00+00:00,96.8000030517578,96.80500030517578,96.7699966430664,96.77999877929688,13091
2026-09-11 16:23:00+00:00,96.79000091552734,96.8499984741211,96.7699966430664,96.7699966430664,10951
2026-09-11 16:24:00+00:00,96.7699966430664,96.7699966430664,96.63999938964844,96.70069885253906,31654
2026-09-11 16:25:00+00:00,96.70999908447266,96.7300033569336,96.69000244140624,96.72000122070312,10291
2026-09-11 16:26:00+00:00,96.70999908447266,96.81009674072266,96.69499969482422,96.78250122070312,10979
2026-09-11 16:27:00+00:00,96.8000030517578,96.93000030517578,96.8000030517578,96.93000030517578,20455
2026-09-11 16:28:00+00:00,96.91000366210938,96.98999786376952,96.91000366210938,96.9800033569336,11357
2026-09-11 16:29:00+00:00,96.95999908447266,96.97000122070312,96.6999969482422,96.72000122070312,149646
2026-09-11 16:30:00+00:00,96.6999969482422,96.88500213623048,96.63999938964844,96.86000061035156,26017
2026-09-11 16:31:00+00:00,96.83999633789062,96.90989685058594,96.81999969482422,96.87000274658205,19799
2026-09-11 16:32:00+00:00,96.88999938964844,97.04000091552734,96.79499816894533,97.02999877929688,20032
2026-09-11 16:33:00+00:00,97.0199966430664,97.13069915771484,97.0199966430664,97.12999725341795,7037
2026-09-11 16:34:00+00:00,97.12999725341795,97.12999725341795,97.08000183105467,97.0999984741211,10593
2026-09-11 16:35:00+00:00,97.06999969482422,97.06999969482422,96.9000015258789,96.9000015258789,12405
2026-09-11 16:36:00+00:00,96.87999725341795,96.9000015258789,96.76499938964844,96.81999969482422,10970
2026-09-11 16:37:00+00:00,96.8000030517578,96.9000015258789,96.8000030517578,96.9000015258789,9841
2026-09-11 16:38:00+00:00,96.91999816894533,96.95999908447266,96.87000274658205,96.87000274658205,5174
2026-09-11 16:39:00+00:00,96.87000274658205,96.87000274658205,96.79000091552734,96.80999755859376,6189
2026-09-11 16:40:00+00:00,96.8000030517578,96.93000030517578,96.8000030517578,96.91999816894533,12462
2026-09-11 16:41:00+00:00,96.93000030517578,96.97000122070312,96.91999816894533,96.9499969482422,6690
2026-09-11 16:42:00+00:00,96.91999816894533,96.93499755859376,96.8499984741211,96.8585968017578,9570
2026-09-11 16:43:00+00:00,96.86000061035156,96.94000244140624,96.86000061035156,96.9250030517578,6991
2026-09-11 16:44:00+00:00,96.91999816894533,96.96499633789062,96.91000366210938,96.96499633789062,5275
2026-09-11 16:45:00+00:00,96.97000122070312,97.01000213623048,96.94000244140624,97.01000213623048,9603
2026-09-11 16:46:00+00:00,97.0199966430664,97.06999969482422,97.0199966430664,97.02999877929688,7328
2026-09-11 16:47:00+00:00,97.02999877929688,97.0500030517578,97.0199966430664,97.0199966430664,4315
2026-09-11 16:48:00+00:00,97.0199966430664,97.04000091552734,96.9800033569336,96.98999786376952,9198
2026-09-11 16:49:00+00:00,96.95999908447266,97.0,96.95999908447266,96.9749984741211,8931
2026-09-11 16:50:00+00:00,96.93000030517578,96.96499633789062,96.93000030517578,96.9499969482422,5162
2026-09-11 16:51:00+00:00,96.9499969482422,96.9749984741211,96.91999816894533,96.95999908447266,3418
2026-09-11 16:52:00+00:00,96.9499969482422,96.95999908447266,96.93000030517578,96.9499969482422,5073
2026-09-11 16:53:00+00:00,96.94000244140624,96.97000122070312,96.91999816894533,96.9499969482422,5719
2026-09-11 16:54:00+00:00,96.9499969482422,96.9749984741211,96.94000244140624,96.9499969482422,4187
2026-09-11 16:55:00+00:00,96.9499969482422,96.97000122070312,96.94000244140624,96.95999908447266,5332
2026-09-11 16:56:00+00:00,96.95500183105467,96.95500183105467,96.9000015258789,96.91000366210938,5035
2026-09-11 16:57:00+00:00,96.90499877929688,96.98829650878906,96.87999725341795,96.9749984741211,10074
2026-09-11 16:58:00+00:00,96.9800033569336,96.98500061035156,96.9499969482422,96.9499969482422,7356
2026-09-11 16:59:00+00:00,96.95999908447266,96.95999908447266,96.9499969482422,96.95500183105467,3711
2026-09-11 17:00:00+00:00,96.94000244140624,96.99500274658205,96.93000030517578,96.95999908447266,8859
2026-09-11 17:01:00+00:00,96.97000122070312,96.99500274658205,96.97000122070312,96.97000122070312,7358
2026-09-11 17:02:00+00:00,96.9499969482422,96.95999908447266,96.94000244140624,96.94499969482422,2986
2026-09-11 17:03:00+00:00,96.91999816894533,96.91999816894533,96.86900329589844,96.87000274658205,7514
2026-09-11 17:04:00+00:00,96.87000274658205,96.91000366210938,96.87000274658205,96.9000015258789,8093
2026-09-11 17:05:00+00:00,96.87999725341795,96.91999816894533,96.87000274658205,96.87999725341795,8025
2026-09-11 17:06:00+00:00,96.91000366210938,96.93000030517578,96.87999725341795,96.91000366210938,4387
2026-09-11 17:07:00+00:00,96.91999816894533,97.08999633789062,96.91999816894533,96.97000122070312,63455
2026-09-11 17:08:00+00:00,96.9800033569336,97.04499816894533,96.97000122070312,96.98999786376952,6860
2026-09-11 17:09:00+00:00,97.0,97.01000213623048,96.9499969482422,96.99500274658205,8037
2026-09-11 17:10:00+00:00,96.96499633789062,97.0500030517578,96.93499755859376,96.98999786376952,13227
2026-09-11 17:11:00+00:00,96.98999786376952,97.0500030517578,96.95999908447266,97.0500030517578,5410
2026-09-11 17:12:00+00:00,97.0500030517578,97.11499786376952,97.02999877929688,97.02999877929688,10418
2026-09-11 17:13:00+00:00,97.02749633789062,97.0500030517578,97.0,97.02999877929688,9867
2026-09-11 17:14:00+00:00,97.01000213623048,97.0250015258789,96.97000122070312,97.0199966430664,11174
2026-09-11 17:15:00+00:00,97.0199966430664,97.06500244140624,96.98999786376952,97.0,2923
2026-09-11 17:16:00+00:00,97.0,97.05999755859376,96.9800033569336,97.05999755859376,9464
2026-09-11 17:17:00+00:00,97.09500122070312,97.0999984741211,97.06999969482422,97.09500122070312,7857
2026-09-11 17:18:00+00:00,97.0749969482422,97.0998992919922,97.06999969482422,97.08499908447266,3596
2026-09-11 17:19:00+00:00,97.0999984741211,97.16999816894533,97.0999984741211,97.12999725341795,3422
2026-09-11 17:20:00+00:00,97.16999816894533,97.23500061035156,97.16999816894533,97.20999908447266,11533
2026-09-11 17:21:00+00:00,97.20999908447266,97.22000122070312,97.1500015258789,97.15499877929688,7589
2026-09-11 17:22:00+00:00,97.16000366210938,97.23999786376952,97.16000366210938,97.1999969482422,50118
2026-09-11 17:23:00+00:00,97.19000244140624,97.29000091552734,97.19000244140624,97.27010345458984,14673
2026-09-11 17:24:00+00:00,97.2699966430664,97.31500244140624,97.2699966430664,97.3000030517578,12398
2026-09-11 17:25:00+00:00,97.30999755859376,97.30999755859376,97.23999786376952,97.23999786376952,12267
2026-09-11 17:26:00+00:00,97.25,97.25,97.20999908447266,97.22000122070312,6393
2026-09-11 17:27:00+00:00,97.21910095214844,97.25,97.19000244140624,97.19000244140624,11300
2026-09-11 17:28:00+00:00,97.20500183105467,97.20500183105467,97.12999725341795,97.1500015258789,7619
2026-09-11 17:29:00+00:00,97.16799926757812,97.1750030517578,97.12999725341795,97.12999725341795,8786
2026-09-11 17:30:00+00:00,97.125,97.125,97.05500030517578,97.06999969482422,8806
2026-09-11 17:31:00+00:00,97.05999755859376,97.12000274658205,97.05999755859376,97.11000061035156,9999
2026-09-11 17:32:00+00:00,97.12000274658205,97.12000274658205,97.06999969482422,97.0999984741211,8215
2026-09-11 17:33:00+00:00,97.08999633789062,97.13500213623048,97.08000183105467,97.12000274658205,7760
2026-09-11 17:34:00+00:00,97.11000061035156,97.1500015258789,97.1050033569336,97.1500015258789,8850
2026-09-11 17:35:00+00:00,97.16999816894533,97.1750030517578,97.12999725341795,97.12999725341795,4710
2026-09-11 17:36:00+00:00,97.12000274658205,97.1500015258789,97.11000061035156,97.12999725341795,3427
2026-09-11 17:37:00+00:00,97.11969757080078,97.11969757080078,97.052001953125,97.052001953125,8080
2026-09-11 17:38:00+00:00,97.0500030517578,97.0500030517578,96.98999786376952,97.0199966430664,6069
2026-09-11 17:39:00+00:00,97.01000213623048,97.0500030517578,97.0,97.04000091552734,6242
2026-09-11 17:40:00+00:00,97.0199966430664,97.0199966430664,96.97000122070312,96.97000122070312,3801
2026-09-11 17:41:00+00:00,96.96499633789062,96.96499633789062,96.91999816894533,96.94000244140624,14565
2026-09-11 17:42:00+00:00,96.94000244140624,96.9499969482422,96.91010284423828,96.93499755859376,74633
2026-09-11 17:43:00+00:00,96.9499969482422,97.01000213623048,96.9499969482422,97.01000213623048,3425
2026-09-11 17:44:00+00:00,97.0,97.0199966430664,96.98999786376952,97.0199966430664,2781
2026-09-11 17:45:00+00:00,97.01000213623048,97.0199966430664,96.97000122070312,97.0,2967
2026-09-11 17:46:00+00:00,96.9800033569336,97.01300048828124,96.96499633789062,97.01300048828124,4516
2026-09-11 17:47:00+00:00,97.01000213623048,97.03009796142578,97.0,97.0,7565
2026-09-11 17:48:00+00:00,97.01000213623048,97.0250015258789,97.01000213623048,97.0199966430664,4318
2026-09-11 17:49:00+00:00,97.04000091552734,97.08999633789062,97.04000091552734,97.08999633789062,3123
2026-09-11 17:50:00+00:00,97.06999969482422,97.08499908447266,97.06999969482422,97.08499908447266,1557
2026-09-11 17:51:00+00:00,97.08000183105467,97.08999633789062,97.05999755859376,97.08999633789062,4448
2026-09-11 17:52:00+00:00,97.0999984741211,97.12999725341795,97.08000183105467,97.12999725341795,15367
2026-09-11 17:53:00+00:00,97.12999725341795,97.1500015258789,97.08000183105467,97.09500122070312,4981
2026-09-11 17:54:00+00:00,97.08999633789062,97.08999633789062,97.05999755859376,97.06999969482422,6711
2026-09-11 17:55:00+00:00,97.05999755859376,97.05999755859376,97.0,97.0,6221
2026-09-11 17:56:00+00:00,96.99749755859376,97.01000213623048,96.95999908447266,96.9800033569336,5232
2026-09-11 17:57:00+00:00,96.9800033569336,96.98500061035156,96.91999816894533,96.93000030517578,14968
2026-09-11 17:58:00+00:00,96.91000366210938,96.93000030517578,96.88999938964844,96.9000015258789,19232
2026-09-11 17:59:00+00:00,96.91000366210938,96.91999816894533,96.87999725341795,96.9000015258789,8811
2026-09-11 18:00:00+00:00,96.8949966430664,96.9250030517578,96.81999969482422,96.81999969482422,14029
2026-09-11 18:01:00+00:00,96.81999969482422,96.83999633789062,96.80500030517578,96.83999633789062,4367
2026-09-11 18:02:00+00:00,96.83999633789062,96.91000366210938,96.83999633789062,96.91000366210938,8924
2026-09-11 18:03:00+00:00,96.9000015258789,96.94000244140624,96.8949966430664,96.91999816894533,4545
2026-09-11 18:04:00+00:00,96.91999816894533,96.93000030517578,96.9000015258789,96.91000366210938,6967
2026-09-11 18:05:00+00:00,96.93000030517578,96.93000030517578,96.8550033569336,96.8550033569336,3589
2026-09-11 18:06:00+00:00,96.87999725341795,96.9000015258789,96.86000061035156,96.87999725341795,3447
2026-09-11 18:07:00+00:00,96.86499786376952,96.87999725341795,96.86000061035156,96.87999725341795,3459
2026-09-11 18:08:00+00:00,96.87000274658205,96.9000015258789,96.86019897460938,96.9000015258789,5995
2026-09-11 18:09:00+00:00,96.9000015258789,96.91000366210938,96.83999633789062,96.83999633789062,6944
2026-09-11 18:10:00+00:00,96.8499984741211,96.88500213623048,96.8499984741211,96.88500213623048,7519
2026-09-11 18:11:00+00:00,96.88999938964844,96.88999938964844,96.83000183105467,96.83999633789062,9349
2026-09-11 18:12:00+00:00,96.83000183105467,96.83000183105467,96.77999877929688,96.78500366210938,6583
2026-09-11 18:13:00+00:00,96.79000091552734,96.8000030517578,96.7300033569336,96.7300033569336,17969
2026-09-11 18:14:00+00:00,96.73999786376952,96.73999786376952,96.6500015258789,96.66999816894533,26569
2026-09-11 18:15:00+00:00,96.6719970703125,96.7300033569336,96.6500015258789,96.7300033569336,37022
2026-09-11 18:16:00+00:00,96.73040008544922,96.77999877929688,96.7300033569336,96.75,10738
2026-09-11 18:17:00+00:00,96.7499008178711,96.76000213623048,96.69000244140624,96.6999969482422,41317
2026-09-11 18:18:00+00:00,96.70999908447266,96.76499938964844,96.6999969482422,96.76000213623048,11526
2026-09-11 18:19:00+00:00,96.75,96.7699966430664,96.72000122070312,96.7300033569336,9151
2026-09-11 18:20:00+00:00,96.7300033569336,96.77999877929688,96.61000061035156,96.70500183105467,120520
2026-09-11 18:21:00+00:00,96.71749877929688,96.7249984741211,96.5,96.5,69868
2026-09-11 18:22:00+00:00,96.5,96.63999938964844,96.5,96.58999633789062,9455
2026-09-11 18:23:00+00:00,96.56999969482422,96.62999725341795,96.50499725341795,96.50499725341795,18306
2026-09-11 18:24:00+00:00,96.51000213623048,96.58999633789062,96.5,96.58999633789062,31165
2026-09-11 18:25:00+00:00,96.58999633789062,96.6500015258789,96.55999755859376,96.55999755859376,21185
2026-09-11 18:26:00+00:00,96.56999969482422,96.58999633789062,96.54000091552734,96.5500030517578,10618
2026-09-11 18:27:00+00:00,96.55999755859376,96.5999984741211,96.53500366210938,96.58000183105467,9450
2026-09-11 18:28:00+00:00,96.55999755859376,96.66000366210938,96.55999755859376,96.63999938964844,10362
2026-09-11 18:29:00+00:00,96.66999816894533,96.66999816894533,96.51499938964844,96.5199966430664,21605
2026-09-11 18:30:00+00:00,96.5199966430664,96.55999755859376,96.4000015258789,96.4000015258789,16538
2026-09-11 18:31:00+00:00,96.3949966430664,96.3949966430664,96.3000030517578,96.3000030517578,42125
2026-09-11 18:32:00+00:00,96.3000030517578,96.3000030517578,96.2300033569336,96.26000213623048,60240
2026-09-11 18:33:00+00:00,96.26000213623048,96.3499984741211,96.23999786376952,96.33999633789062,31137
2026-09-11 18:34:00+00:00,96.33999633789062,96.38999938964844,96.30010223388672,96.38990020751952,22804
2026-09-11 18:35:00+00:00,96.38999938964844,96.44000244140624,96.33000183105467,96.38999938964844,24409
2026-09-11 18:36:00+00:00,96.4000015258789,96.4800033569336,96.36499786376952,96.4800033569336,34086
2026-09-11 18:37:00+00:00,96.4800033569336,96.4800033569336,96.4499969482422,96.4499969482422,15259
2026-09-11 18:38:00+00:00,96.44499969482422,96.47000122070312,96.41000366210938,96.41999816894533,9737
2026-09-11 18:39:00+00:00,96.41999816894533,96.43000030517578,96.3499984741211,96.36000061035156,57958
2026-09-11 18:40:00+00:00,96.3499984741211,96.45999908447266,96.33000183105467,96.43499755859376,7328
2026-09-11 18:41:00+00:00,96.43000030517578,96.45999908447266,96.41999816894533,96.45500183105467,7059
2026-09-11 18:42:00+00:00,96.45500183105467,96.50990295410156,96.45500183105467,96.47000122070312,11263
2026-09-11 18:43:00+00:00,96.47000122070312,96.48999786376952,96.45999908447266,96.47000122070312,5021
2026-09-11 18:44:00+00:00,96.4800033569336,96.5199966430664,96.4499969482422,96.45999908447266,17186
2026-09-11 18:45:00+00:00,96.45999908447266,96.5,96.4499969482422,96.45500183105467,11447
2026-09-11 18:46:00+00:00,96.45999908447266,96.48999786376952,96.45500183105467,96.45999908447266,5747
2026-09-11 18:47:00+00:00,96.4761962890625,96.4761962890625,96.4499969482422,96.47000122070312,3685
2026-09-11 18:48:00+00:00,96.45999908447266,96.45999908447266,96.41999816894533,96.43000030517578,6222
2026-09-11 18:49:00+00:00,96.44000244140624,96.45999908447266,96.43000030517578,96.44000244140624,6129
2026-09-11 18:50:00+00:00,96.43000030517578,96.48999786376952,96.41000366210938,96.4800033569336,9826
2026-09-11 18:51:00+00:00,96.47000122070312,96.47000122070312,96.44000244140624,96.4499969482422,5024
2026-09-11 18:52:00+00:00,96.4499969482422,96.4499969482422,96.41999816894533,96.4499969482422,6550
2026-09-11 18:53:00+00:00,96.44000244140624,96.4499969482422,96.43000030517578,96.44499969482422,6463
2026-09-11 18:54:00+00:00,96.4499969482422,96.45999908447266,96.44000244140624,96.4499969482422,4596
2026-09-11 18:55:00+00:00,96.44000244140624,96.5250015258789,96.44000244140624,96.49490356445312,8910
2026-09-11 18:56:00+00:00,96.48999786376952,96.5,96.45800018310548,96.48999786376952,10186
2026-09-11 18:57:00+00:00,96.47000122070312,96.47000122070312,96.44000244140624,96.4499969482422,4576
2026-09-11 18:58:00+00:00,96.45999908447266,96.48999786376952,96.4499969482422,96.47000122070312,10429
2026-09-11 18:59:00+00:00,96.47000122070312,96.48999786376952,96.4499969482422,96.4800033569336,5929
2026-09-11 19:00:00+00:00,96.5,96.55999755859376,96.48999786376952,96.55999755859376,11511
2026-09-11 19:01:00+00:00,96.55999755859376,96.55999755859376,96.5,96.5,7145
2026-09-11 19:02:00+00:00,96.5,96.58000183105467,96.5,96.58000183105467,4898
2026-09-11 19:03:00+00:00,96.58000183105467,96.5999984741211,96.552001953125,96.5999984741211,13901
2026-09-11 19:04:00+00:00,96.61000061035156,96.66000366210938,96.59500122070312,96.66000366210938,8491
2026-09-11 19:05:00+00:00,96.6500015258789,96.66510009765624,96.61000061035156,96.63999938964844,8396
2026-09-11 19:06:00+00:00,96.62000274658205,96.6500015258789,96.58000183105467,96.6500015258789,8073
2026-09-11 19:07:00+00:00,96.62999725341795,96.63999938964844,96.61000061035156,96.63999938964844,5009
2026-09-11 19:08:00+00:00,96.66500091552734,96.72000122070312,96.6500015258789,96.70999908447266,5714
2026-09-11 19:09:00+00:00,96.70919799804688,96.72000122070312,96.66999816894533,96.69000244140624,19641
2026-09-11 19:10:00+00:00,96.66999816894533,96.69000244140624,96.63999938964844,96.6500015258789,41203
2026-09-11 19:11:00+00:00,96.63999938964844,96.68990325927734,96.62999725341795,96.68000030517578,29067
2026-09-11 19:12:00+00:00,96.6999969482422,96.72370147705078,96.68000030517578,96.6999969482422,22303
2026-09-11 19:13:00+00:00,96.6999969482422,96.7480010986328,96.68000030517578,96.74569702148438,8518
2026-09-11 19:14:00+00:00,96.73999786376952,96.7490005493164,96.6999969482422,96.73999786376952,12784
2026-09-11 19:15:00+00:00,96.75,96.77999877929688,96.7300033569336,96.7699966430664,7750
2026-09-11 19:16:00+00:00,96.7699966430664,96.80500030517578,96.76000213623048,96.77999877929688,8123
2026-09-11 19:17:00+00:00,96.79000091552734,96.79000091552734,96.74500274658205,96.76000213623048,9460
2026-09-11 19:18:00+00:00,96.75499725341795,96.8000030517578,96.73500061035156,96.75,28444
2026-09-11 19:19:00+00:00,96.74500274658205,96.79000091552734,96.74500274658205,96.75,24117
2026-09-11 19:20:00+00:00,96.76000213623048,96.77999877929688,96.6999969482422,96.72000122070312,49044
2026-09-11 19:21:00+00:00,96.7300033569336,96.76499938964844,96.72000122070312,96.76499938964844,7134
2026-09-11 19:22:00+00:00,96.7699966430664,96.77999877929688,96.70999908447266,96.7249984741211,22820
2026-09-11 19:23:00+00:00,96.7300033569336,96.75170135498048,96.72000122070312,96.73999786376952,13010
2026-09-11 19:24:00+00:00,96.75,96.79000091552734,96.73999786376952,96.78500366210938,8213
2026-09-11 19:25:00+00:00,96.8000030517578,96.80500030517578,96.7750015258789,96.79499816894533,10863
2026-09-11 19:26:00+00:00,96.8000030517578,96.80999755859376,96.76000213623048,96.7699966430664,34840
2026-09-11 19:27:00+00:00,96.7699966430664,96.7699966430664,96.75,96.75499725341795,12602
2026-09-11 19:28:00+00:00,96.75,96.79000091552734,96.73999786376952,96.75,34059
2026-09-11 19:29:00+00:00,96.75,96.75,96.66000366210938,96.66999816894533,25695
2026-09-11 19:30:00+00:00,96.68000030517578,96.7300033569336,96.68000030517578,96.6999969482422,11955
2026-09-11 19:31:00+00:00,96.70500183105467,96.73999786376952,96.68000030517578,96.71499633789062,17031
2026-09-11 19:32:00+00:00,96.71499633789062,96.71499633789062,96.625,96.6500015258789,13815
2026-09-11 19:33:00+00:00,96.6449966430664,96.66000366210938,96.625,96.6449966430664,15755
2026-09-11 19:34:00+00:00,96.6500015258789,96.68000030517578,96.61000061035156,96.66000366210938,30892
2026-09-11 19:35:00+00:00,96.66500091552734,96.69000244140624,96.66000366210938,96.66999816894533,17078
2026-09-11 19:36:00+00:00,96.66999816894533,96.68900299072266,96.65499877929688,96.66999816894533,24064
2026-09-11 19:37:00+00:00,96.66500091552734,96.68000030517578,96.5999984741211,96.61000061035156,48177
2026-09-11 19:38:00+00:00,96.61509704589844,96.63999938964844,96.56999969482422,96.5749969482422,38617
2026-09-11 19:39:00+00:00,96.58000183105467,96.62999725341795,96.58000183105467,96.5999984741211,29084
2026-09-11 19:40:00+00:00,96.61000061035156,96.66500091552734,96.58999633789062,96.6449966430664,27943
2026-09-11 19:41:00+00:00,96.6500015258789,96.68000030517578,96.62000274658205,96.6500015258789,19319
2026-09-11 19:42:00+00:00,96.66000366210938,96.66999816894533,96.625,96.63999938964844,18744
2026-09-11 19:43:00+00:00,96.6449966430664,96.6999969482422,96.63500213623048,96.63500213623048,22913
2026-09-11 19:44:00+00:00,96.62999725341795,96.68990325927734,96.61000061035156,96.68990325927734,20777
2026-09-11 19:45:00+00:00,96.66999816894533,96.73999786376952,96.66000366210938,96.70999908447266,20373
2026-09-11 19:46:00+00:00,96.69000244140624,96.69989776611328,96.63999938964844,96.63999938964844,52237
2026-09-11 19:47:00+00:00,96.6500015258789,96.69000244140624,96.6449966430664,96.69000244140624,31507
2026-09-11 19:48:00+00:00,96.70999908447266,96.71499633789062,96.68499755859376,96.6999969482422,18142
2026-09-11 19:49:00+00:00,96.6999969482422,96.7249984741211,96.68000030517578,96.68009948730467,18739
2026-09-11 19:50:00+00:00,96.66999816894533,96.91500091552734,96.66999816894533,96.8499984741211,132922
2026-09-11 19:51:00+00:00,96.8499984741211,96.91999816894533,96.83000183105467,96.83499908447266,58052
2026-09-11 19:52:00+00:00,96.83000183105467,96.83999633789062,96.75,96.79499816894533,130566
2026-09-11 19:53:00+00:00,96.79000091552734,96.80999755859376,96.73999786376952,96.80999755859376,137545
2026-09-11 19:54:00+00:00,96.80999755859376,96.91000366210938,96.80999755859376,96.90499877929688,65149
2026-09-11 19:55:00+00:00,96.91000366210938,96.98999786376952,96.83999633789062,96.83999633789062,112656
2026-09-11 19:56:00+00:00,96.83999633789062,96.91000366210938,96.80999755859376,96.875,98664
2026-09-11 19:57:00+00:00,96.87999725341795,96.9800033569336,96.87999725341795,96.95500183105467,93958
2026-09-11 19:58:00+00:00,96.9499969482422,97.08000183105467,96.93000030517578,97.05500030517578,235034
2026-09-11 19:59:00+00:00,97.05999755859376,97.11499786376952,96.98999786376952,97.08999633789062,549722
2026-09-14 13:30:00+00:00,93.93000030517578,93.9800033569336,93.13999938964844,93.7300033569336,1658244
2026-09-14 13:31:00+00:00,93.75,94.25,93.65499877929688,93.81999969482422,126152
2026-09-14 13:32:00+00:00,93.80999755859376,93.91000366210938,93.33999633789062,93.70999908447266,358118
2026-09-14 13:33:00+00:00,93.6500015258789,93.69989776611328,93.29000091552734,93.36000061035156,137655
2026-09-14 13:34:00+00:00,93.33000183105467,93.5500030517578,93.25,93.2750015258789,142943
2026-09-14 13:35:00+00:00,93.2699966430664,93.52999877929688,93.23999786376952,93.41000366210938,204672
2026-09-14 13:36:00+00:00,93.38999938964844,93.38999938964844,93.0250015258789,93.23999786376952,178433
2026-09-14 13:37:00+00:00,93.24500274658205,93.5,93.1500015258789,93.41500091552734,139609
2026-09-14 13:38:00+00:00,93.43000030517578,93.45999908447266,93.12000274658205,93.20500183105467,128246
2026-09-14 13:39:00+00:00,93.1999969482422,93.3499984741211,93.0,93.05500030517578,135660
2026-09-14 13:40:00+00:00,93.05999755859376,93.2750015258789,93.05999755859376,93.20999908447266,98762
2026-09-14 13:41:00+00:00,93.20999908447266,93.29000091552734,93.13999938964844,93.1875,111609
2026-09-14 13:42:00+00:00,93.18000030517578,93.20999908447266,93.08999633789062,93.18000030517578,154611
2026-09-14 13:43:00+00:00,93.1500015258789,93.23999786376952,93.0250015258789,93.20999908447266,138814
2026-09-14 13:44:00+00:00,93.1999969482422,93.38999938964844,93.1999969482422,93.38999938964844,89690
2026-09-14 13:45:00+00:00,93.37999725341795,93.47000122070312,93.20999908447266,93.23999786376952,102313
2026-09-14 13:46:00+00:00,93.2249984741211,93.33999633789062,93.0999984741211,93.33999633789062,364877
2026-09-14 13:47:00+00:00,93.33999633789062,93.53730010986328,93.1999969482422,93.52999877929688,151178
2026-09-14 13:48:00+00:00,93.5199966430664,93.55999755859376,93.38999938964844,93.4000015258789,93553
2026-09-14 13:49:00+00:00,93.41999816894533,93.54000091552734,93.3302993774414,93.36000061035156,117177
2026-09-14 13:50:00+00:00,93.36000061035156,93.4800033569336,93.29000091552734,93.37000274658205,82852
2026-09-14 13:51:00+00:00,93.3499984741211,93.44000244140624,93.25,93.29000091552734,72543
2026-09-14 13:52:00+00:00,93.29000091552734,93.52999877929688,93.27999877929688,93.4499969482422,93749
2026-09-14 13:53:00+00:00,93.4499969482422,93.5,93.33999633789062,93.33999633789062,71202
2026-09-14 13:54:00+00:00,93.33999633789062,93.36119842529295,93.16999816894533,93.22000122070312,56312
2026-09-14 13:55:00+00:00,93.20999908447266,93.26000213623048,93.16000366210938,93.2300033569336,38237
2026-09-14 13:56:00+00:00,93.23999786376952,93.3499984741211,93.1999969482422,93.22000122070312,67700
2026-09-14 13:57:00+00:00,93.22000122070312,93.30999755859376,93.18000030517578,93.28839874267578,35618
2026-09-14 13:58:00+00:00,93.26000213623048,93.31999969482422,93.20999908447266,93.23500061035156,77352
2026-09-14 13:59:00+00:00,93.23999786376952,93.2699966430664,93.19000244140624,93.1999969482422,40538
2026-09-14 14:00:00+00:00,93.20999908447266,93.23999786376952,93.13999938964844,93.16000366210938,48132
2026-09-14 14:01:00+00:00,93.16999816894533,93.36000061035156,93.1500015258789,93.3000030517578,91719
2026-09-14 14:02:00+00:00,93.28500366210938,93.31999969482422,93.1999969482422,93.29000091552734,50021
2026-09-14 14:03:00+00:00,93.27999877929688,93.36000061035156,93.1999969482422,93.21009826660156,66752
2026-09-14 14:04:00+00:00,93.20500183105467,93.3550033569336,93.19000244140624,93.33999633789062,116529
2026-09-14 14:05:00+00:00,93.33000183105467,93.33999633789062,93.125,93.12999725341795,57254
2026-09-14 14:06:00+00:00,93.12999725341795,93.2699966430664,93.11000061035156,93.2249984741211,48437
2026-09-14 14:07:00+00:00,93.2249984741211,93.26499938964844,93.12000274658205,93.18000030517578,44526
2026-09-14 14:08:00+00:00,93.16000366210938,93.27999877929688,93.16000366210938,93.20999908447266,46662
2026-09-14 14:09:00+00:00,93.20999908447266,93.27999877929688,93.19000244140624,93.2406005859375,44288
2026-09-14 14:10:00+00:00,93.23999786376952,93.3914031982422,93.22000122070312,93.3499984741211,91748
2026-09-14 14:11:00+00:00,93.33999633789062,93.45999908447266,93.2750015258789,93.37999725341795,90636
2026-09-14 14:12:00+00:00,93.37999725341795,93.38999938964844,93.20999908447266,93.2699966430664,59343
2026-09-14 14:13:00+00:00,93.27792358398438,93.55999755859376,93.2300033569336,93.51000213623048,63097
2026-09-14 14:14:00+00:00,93.48999786376952,93.7300033569336,93.48999786376952,93.6999969482422,45301
2026-09-14 14:15:00+00:00,93.72000122070312,93.7699966430664,93.58999633789062,93.60009765625,93598
2026-09-14 14:16:00+00:00,93.62999725341795,93.62999725341795,93.4250030517578,93.50340270996094,58051
2026-09-14 14:17:00+00:00,93.48999786376952,93.54000091552734,93.30999755859376,93.31500244140624,53823
2026-09-14 14:18:00+00:00,93.3000030517578,93.30999755859376,93.19000244140624,93.20999908447266,50946
2026-09-14 14:19:00+00:00,93.20999908447266,93.33999633789062,93.18000030517578,93.31500244140624,139200
2026-09-14 14:20:00+00:00,93.26000213623048,93.33999633789062,93.1999969482422,93.1999969482422,43572
2026-09-14 14:21:00+00:00,93.1999969482422,93.2699966430664,93.11000061035156,93.18000030517578,64246
2026-09-14 14:22:00+00:00,93.16999816894533,93.19000244140624,93.02999877929688,93.02999877929688,51433
2026-09-14 14:23:00+00:00,93.02999877929688,93.06500244140624,92.90499877929688,92.97000122070312,86073
2026-09-14 14:24:00+00:00,92.95999908447266,92.97000122070312,92.8499984741211,92.87000274658205,68519
2026-09-14 14:25:00+00:00,92.87000274658205,93.02999877929688,92.87000274658205,93.00499725341795,43770
2026-09-14 14:26:00+00:00,92.9800033569336,92.98999786376952,92.87000274658205,92.97000122070312,50407
2026-09-14 14:27:00+00:00,92.95999908447266,93.08999633789062,92.91000366210938,93.0500030517578,60344
2026-09-14 14:28:00+00:00,93.05999755859376,93.12000274658205,92.97010040283205,93.08000183105467,62171
2026-09-14 14:29:00+00:00,93.06999969482422,93.12999725341795,93.05999755859376,93.0999984741211,34882
2026-09-14 14:30:00+00:00,93.1050033569336,93.12999725341795,92.94000244140624,92.94000244140624,45546
2026-09-14 14:31:00+00:00,92.94000244140624,93.04000091552734,92.91999816894533,92.9499969482422,35782
2026-09-14 14:32:00+00:00,92.94100189208984,93.04000091552734,92.875,93.02999877929688,69150
2026-09-14 14:33:00+00:00,93.0199966430664,93.04000091552734,92.94000244140624,92.9499969482422,40279
2026-09-14 14:34:00+00:00,92.95999908447266,93.0999984741211,92.95999908447266,93.0999984741211,37620
2026-09-14 14:35:00+00:00,93.12000274658205,93.16999816894533,93.07009887695312,93.07009887695312,22974
2026-09-14 14:36:00+00:00,93.08000183105467,93.08999633789062,93.0,93.0500030517578,31933
2026-09-14 14:37:00+00:00,93.0500030517578,93.12999725341795,93.02999877929688,93.06490325927734,29527
2026-09-14 14:38:00+00:00,93.06999969482422,93.12000274658205,93.04000091552734,93.08999633789062,27478
2026-09-14 14:39:00+00:00,93.08999633789062,93.16000366210938,92.97000122070312,93.12999725341795,40235
2026-09-14 14:40:00+00:00,93.12000274658205,93.12000274658205,92.98500061035156,93.02999877929688,21954
2026-09-14 14:41:00+00:00,93.05999755859376,93.12000274658205,92.9499969482422,93.05500030517578,32082
2026-09-14 14:42:00+00:00,93.04000091552734,93.08000183105467,92.9749984741211,93.0199966430664,26579
2026-09-14 14:43:00+00:00,93.04499816894533,93.13009643554688,93.02999877929688,93.11000061035156,24831
2026-09-14 14:44:00+00:00,93.11000061035156,93.38500213623048,93.1050033569336,93.375,45552
2026-09-14 14:45:00+00:00,93.375,93.58000183105467,93.3499984741211,93.57879638671876,50148
2026-09-14 14:46:00+00:00,93.56999969482422,93.68000030517578,93.52999877929688,93.56500244140624,125919
2026-09-14 14:47:00+00:00,93.56999969482422,93.5999984741211,93.47000122070312,93.54000091552734,32599
2026-09-14 14:48:00+00:00,93.56999969482422,93.6969985961914,93.55500030517578,93.66000366210938,48839
2026-09-14 14:49:00+00:00,93.65499877929688,93.7249984741211,93.58999633789062,93.63999938964844,44706
2026-09-14 14:50:00+00:00,93.63999938964844,93.68499755859376,93.58999633789062,93.63999938964844,27795
2026-09-14 14:51:00+00:00,93.66999816894533,93.69000244140624,93.56500244140624,93.61499786376952,22970
2026-09-14 14:52:00+00:00,93.62000274658205,93.6500015258789,93.49839782714844,93.49839782714844,27465
2026-09-14 14:53:00+00:00,93.5,93.55999755859376,93.4800033569336,93.54000091552734,26510
2026-09-14 14:54:00+00:00,93.50969696044922,93.61000061035156,93.50959777832033,93.55999755859376,38722
2026-09-14 14:55:00+00:00,93.55850219726562,93.58999633789062,93.51000213623048,93.58999633789062,35745
2026-09-14 14:56:00+00:00,93.5999984741211,93.5999984741211,93.5500030517578,93.58999633789062,17994
2026-09-14 14:57:00+00:00,93.58000183105467,93.63999938964844,93.54000091552734,93.5500030517578,37071
2026-09-14 14:58:00+00:00,93.55999755859376,93.63999938964844,93.55999755859376,93.62000274658205,24793
2026-09-14 14:59:00+00:00,93.62000274658205,93.69000244140624,93.59500122070312,93.69000244140624,36012
2026-09-14 15:00:00+00:00,93.69000244140624,93.70999908447266,93.6500015258789,93.66999816894533,25693
2026-09-14 15:01:00+00:00,93.66000366210938,93.66999816894533,93.5199966430664,93.5999984741211,25575
2026-09-14 15:02:00+00:00,93.59500122070312,93.62000274658205,93.4800033569336,93.4800033569336,23262
2026-09-14 15:03:00+00:00,93.47599792480467,93.58999633789062,93.4499969482422,93.58000183105467,18418
2026-09-14 15:04:00+00:00,93.5500030517578,93.55999755859376,93.37999725341795,93.4000015258789,24676
2026-09-14 15:05:00+00:00,93.38999938964844,93.94000244140624,93.38999938964844,93.83499908447266,179389
2026-09-14 15:06:00+00:00,93.86000061035156,94.1500015258789,93.86000061035156,94.04499816894533,134301
2026-09-14 15:07:00+00:00,94.0199966430664,94.0999984741211,93.87999725341795,93.9000015258789,92531
2026-09-14 15:08:00+00:00,93.87999725341795,93.97989654541016,93.83999633789062,93.91000366210938,45918
2026-09-14 15:09:00+00:00,93.91999816894533,93.95500183105467,93.75,93.75,33739
2026-09-14 15:10:00+00:00,93.76000213623048,93.9000015258789,93.75,93.9000015258789,40105
2026-09-14 15:11:00+00:00,93.9000015258789,93.91999816894533,93.73500061035156,93.8000030517578,57257
2026-09-14 15:12:00+00:00,93.80500030517578,93.81999969482422,93.73999786376952,93.79000091552734,33111
2026-09-14 15:13:00+00:00,93.77999877929688,93.80999755859376,93.73999786376952,93.80999755859376,23704
2026-09-14 15:14:00+00:00,93.80999755859376,93.87000274658205,93.63999938964844,93.63999938964844,28403
2026-09-14 15:15:00+00:00,93.63999938964844,93.7699966430664,93.58999633789062,93.7699966430664,36668
2026-09-14 15:16:00+00:00,93.76000213623048,93.76000213623048,93.62000274658205,93.6999969482422,23331
2026-09-14 15:17:00+00:00,93.70999908447266,93.70999908447266,93.58000183105467,93.58999633789062,29722
2026-09-14 15:18:00+00:00,93.58999633789062,93.5999984741211,93.51000213623048,93.54000091552734,29314
2026-09-14 15:19:00+00:00,93.53669738769533,93.68000030517578,93.53669738769533,93.66000366210938,19754
2026-09-14 15:20:00+00:00,93.6500015258789,93.6999969482422,93.58999633789062,93.66000366210938,13660
2026-09-14 15:21:00+00:00,93.6500015258789,93.6999969482422,93.62000274658205,93.66000366210938,14694
2026-09-14 15:22:00+00:00,93.66000366210938,93.69000244140624,93.61499786376952,93.66999816894533,30890
2026-09-14 15:23:00+00:00,93.68000030517578,93.72000122070312,93.62999725341795,93.66999816894533,16015
2026-09-14 15:24:00+00:00,93.66000366210938,93.7300033569336,93.61000061035156,93.72000122070312,31575
2026-09-14 15:25:00+00:00,93.68000030517578,93.74009704589844,93.63999938964844,93.66999816894533,28308
2026-09-14 15:26:00+00:00,93.66999816894533,93.6999969482422,93.63999938964844,93.66500091552734,21506
2026-09-14 15:27:00+00:00,93.66999816894533,93.70999908447266,93.62999725341795,93.66000366210938,34743
2026-09-14 15:28:00+00:00,93.66500091552734,93.94000244140624,93.66500091552734,93.91000366210938,160558
2026-09-14 15:29:00+00:00,93.91999816894533,93.9499969482422,93.88999938964844,93.9000015258789,40672
2026-09-14 15:30:00+00:00,93.88999938964844,93.97000122070312,93.8499984741211,93.97000122070312,26278
2026-09-14 15:31:00+00:00,93.9499969482422,93.9499969482422,93.84500122070312,93.8499984741211,14206
2026-09-14 15:32:00+00:00,93.8499984741211,94.19000244140624,93.76499938964844,94.11000061035156,109858
2026-09-14 15:33:00+00:00,94.12999725341795,94.1999969482422,93.9800033569336,94.1999969482422,63289
2026-09-14 15:34:00+00:00,94.1999969482422,94.33000183105467,94.16000366210938,94.3000030517578,52393
2026-09-14 15:35:00+00:00,94.30999755859376,94.37999725341795,94.2699966430664,94.2750015258789,66655
2026-09-14 15:36:00+00:00,94.29000091552734,94.31999969482422,94.12000274658205,94.13999938964844,41451
2026-09-14 15:37:00+00:00,94.12999725341795,94.4000015258789,94.12999725341795,94.4000015258789,37999
2026-09-14 15:38:00+00:00,94.37999725341795,94.4000015258789,94.33000183105467,94.37999725341795,29167
2026-09-14 15:39:00+00:00,94.375,94.45999908447266,94.37000274658205,94.45500183105467,36391
2026-09-14 15:40:00+00:00,94.4499969482422,94.4499969482422,94.2300033569336,94.29499816894533,47948
2026-09-14 15:41:00+00:00,94.3000030517578,94.43990325927734,94.2699966430664,94.43000030517578,43053
2026-09-14 15:42:00+00:00,94.43000030517578,94.43499755859376,94.31999969482422,94.3499984741211,21375
2026-09-14 15:43:00+00:00,94.36000061035156,94.41000366210938,94.3000030517578,94.36000061035156,30188
2026-09-14 15:44:00+00:00,94.375,94.45999908447266,94.30999755859376,94.30999755859376,17297
2026-09-14 15:45:00+00:00,94.31999969482422,94.33000183105467,94.13999938964844,94.1999969482422,38200
2026-09-14 15:46:00+00:00,94.21499633789062,94.25,94.18499755859376,94.19000244140624,11520
2026-09-14 15:47:00+00:00,94.22000122070312,94.22000122070312,94.08999633789062,94.08999633789062,21709
2026-09-14 15:48:00+00:00,94.11499786376952,94.12000274658205,94.03500366210938,94.08999633789062,73016
2026-09-14 15:49:00+00:00,94.0999984741211,94.0999984741211,93.95999908447266,93.9749984741211,27447
2026-09-14 15:50:00+00:00,93.9800033569336,93.9800033569336,93.8949966430664,93.93000030517578,23441
2026-09-14 15:51:00+00:00,93.93000030517578,93.95999908447266,93.90499877929688,93.94499969482422,23401
2026-09-14 15:52:00+00:00,93.94000244140624,93.98500061035156,93.9000015258789,93.95999908447266,27236
2026-09-14 15:53:00+00:00,93.95999908447266,93.96499633789062,93.91000366210938,93.93000030517578,15793
2026-09-14 15:54:00+00:00,93.94000244140624,94.0,93.88999938964844,93.9800033569336,18641
2026-09-14 15:55:00+00:00,93.9800033569336,94.01000213623048,93.96499633789062,94.0,12700
2026-09-14 15:56:00+00:00,94.00499725341795,94.08999633789062,93.98999786376952,94.08999633789062,16207
2026-09-14 15:57:00+00:00,94.08999633789062,94.13500213623048,94.05760192871094,94.06999969482422,16754
2026-09-14 15:58:00+00:00,94.0749969482422,94.08000183105467,93.9499969482422,93.96990203857422,33260
2026-09-14 15:59:00+00:00,93.95999908447266,93.9800033569336,93.93000030517578,93.96499633789062,14707
2026-09-14 16:00:00+00:00,93.96499633789062,94.01000213623048,93.91500091552734,93.91500091552734,28598
2026-09-14 16:01:00+00:00,93.91999816894533,93.98999786376952,93.91999816894533,93.9499969482422,27207
2026-09-14 16:02:00+00:00,93.95500183105467,94.0199966430664,93.93000030517578,94.0,12589
2026-09-14 16:03:00+00:00,93.98999786376952,93.98999786376952,93.93000030517578,93.94000244140624,20691
2026-09-14 16:04:00+00:00,93.91999816894533,93.91999816894533,93.86000061035156,93.9000015258789,23688
2026-09-14 16:05:00+00:00,93.9000015258789,94.02999877929688,93.9000015258789,94.01000213623048,26409
2026-09-14 16:06:00+00:00,94.0199966430664,94.06999969482422,94.0199966430664,94.05999755859376,21267
2026-09-14 16:07:00+00:00,94.05500030517578,94.12999725341795,94.0199966430664,94.0999984741211,49339
2026-09-14 16:08:00+00:00,94.0999984741211,94.11000061035156,94.0199966430664,94.05999755859376,23206
2026-09-14 16:09:00+00:00,94.05999755859376,94.15499877929688,94.05500030517578,94.1500015258789,16038
2026-09-14 16:10:00+00:00,94.16000366210938,94.22000122070312,94.1500015258789,94.16000366210938,18021
2026-09-14 16:11:00+00:00,94.15499877929688,94.19000244140624,94.12999725341795,94.1500015258789,24525
2026-09-14 16:12:00+00:00,94.1500015258789,94.16000366210938,94.08000183105467,94.0999984741211,20125
2026-09-14 16:13:00+00:00,94.11499786376952,94.13500213623048,94.0999984741211,94.13159942626952,14260
2026-09-14 16:14:00+00:00,94.13999938964844,94.13999938964844,94.06999969482422,94.06999969482422,8683
2026-09-14 16:15:00+00:00,94.09500122070312,94.22660064697266,94.0801010131836,94.1999969482422,24338
2026-09-14 16:16:00+00:00,94.20999908447266,94.25,94.18000030517578,94.18499755859376,17697
2026-09-14 16:17:00+00:00,94.19000244140624,94.27069854736328,94.16999816894533,94.27069854736328,28604
2026-09-14 16:18:00+00:00,94.2699966430664,94.33000183105467,94.2699966430664,94.31999969482422,29784
2026-09-14 16:19:00+00:00,94.3031997680664,94.31999969482422,94.27999877929688,94.27999877929688,16903
2026-09-14 16:20:00+00:00,94.27999877929688,94.29000091552734,94.1750030517578,94.2239990234375,16701
2026-09-14 16:21:00+00:00,94.22530364990234,94.22530364990234,94.15499877929688,94.18499755859376,17000
2026-09-14 16:22:00+00:00,94.19000244140624,94.26000213623048,94.18000030517578,94.21499633789062,18174
2026-09-14 16:23:00+00:00,94.21499633789062,94.30829620361328,94.20999908447266,94.3000030517578,14683
2026-09-14 16:24:00+00:00,94.29499816894533,94.3499984741211,94.29499816894533,94.33000183105467,21474
2026-09-14 16:25:00+00:00,94.33999633789062,94.36000061035156,94.3000030517578,94.31999969482422,27761
2026-09-14 16:26:00+00:00,94.31999969482422,94.3209991455078,94.25,94.3000030517578,16897
2026-09-14 16:27:00+00:00,94.27999877929688,94.29499816894533,94.26000213623048,94.2750015258789,51503
2026-09-14 16:28:00+00:00,94.28500366210938,94.29000091552734,94.21499633789062,94.21499633789062,16507
2026-09-14 16:29:00+00:00,94.22000122070312,94.23999786376952,94.19499969482422,94.2249984741211,15370
2026-09-14 16:30:00+00:00,94.22000122070312,94.23500061035156,94.18499755859376,94.19499969482422,32927
2026-09-14 16:31:00+00:00,94.1999969482422,94.37999725341795,94.1999969482422,94.3499984741211,75295
2026-09-14 16:32:00+00:00,94.3550033569336,94.37000274658205,94.27999877929688,94.29000091552734,47422
2026-09-14 16:33:00+00:00,94.28500366210938,94.36499786376952,94.28500366210938,94.33999633789062,11392
2026-09-14 16:34:00+00:00,94.33999633789062,94.33999633789062,94.25,94.25,15530
2026-09-14 16:35:00+00:00,94.25,94.25,94.19000244140624,94.20999908447266,49450
2026-09-14 16:36:00+00:00,94.20999908447266,94.26000213623048,94.13999938964844,94.13999938964844,18986
2026-09-14 16:37:00+00:00,94.13999938964844,94.27999877929688,94.13999938964844,94.2699966430664,19073
2026-09-14 16:38:00+00:00,94.26000213623048,94.33999633789062,94.25,94.29499816894533,26679
2026-09-14 16:39:00+00:00,94.3000030517578,94.33999633789062,94.22000122070312,94.33499908447266,43832
2026-09-14 16:40:00+00:00,94.33000183105467,94.33000183105467,94.2699966430664,94.31500244140624,30458
2026-09-14 16:41:00+00:00,94.30999755859376,94.33999633789062,94.29000091552734,94.33000183105467,16036
2026-09-14 16:42:00+00:00,94.33000183105467,94.36000061035156,94.30500030517578,94.36000061035156,24655
2026-09-14 16:43:00+00:00,94.36499786376952,94.48999786376952,94.36499786376952,94.48999786376952,37403
2026-09-14 16:44:00+00:00,94.4800033569336,94.49500274658205,94.41500091552734,94.44000244140624,24571
2026-09-14 16:45:00+00:00,94.44499969482422,94.4499969482422,94.38999938964844,94.41999816894533,26388
2026-09-14 16:46:00+00:00,94.43000030517578,94.4999008178711,94.41999816894533,94.43939971923828,17444
2026-09-14 16:47:00+00:00,94.44000244140624,94.7699966430664,94.44000244140624,94.73999786376952,99991
2026-09-14 16:48:00+00:00,94.7498016357422,94.9800033569336,94.70999908447266,94.91999816894533,90644
2026-09-14 16:49:00+00:00,94.91999816894533,95.0,94.87999725341795,94.91500091552734,49909
2026-09-14 16:50:00+00:00,94.91500091552734,94.94499969482422,94.8042984008789,94.88999938964844,28363
2026-09-14 16:51:00+00:00,94.9000015258789,94.95929718017578,94.80999755859376,94.95500183105467,46561
2026-09-14 16:52:00+00:00,94.9499969482422,95.04000091552734,94.9499969482422,95.00499725341795,46152
2026-09-14 16:53:00+00:00,95.0199966430664,95.08000183105467,94.98999786376952,94.99500274658205,64683
2026-09-14 16:54:00+00:00,95.01000213623048,95.05999755859376,94.9499969482422,95.0500030517578,70741
2026-09-14 16:55:00+00:00,95.02999877929688,95.08000183105467,94.97000122070312,95.0500030517578,33775
2026-09-14 16:56:00+00:00,95.05999755859376,95.08000183105467,95.0250015258789,95.05999755859376,44252
2026-09-14 16:57:00+00:00,95.05500030517578,95.06999969482422,94.9800033569336,94.9800033569336,19917
2026-09-14 16:58:00+00:00,94.9800033569336,94.9800033569336,94.91000366210938,94.93000030517578,43754
2026-09-14 16:59:00+00:00,94.93000030517578,94.9499969482422,94.87000274658205,94.90499877929688,28912
2026-09-14 17:00:00+00:00,94.90499877929688,94.90499877929688,94.83999633789062,94.875,36217
2026-09-14 17:01:00+00:00,94.8550033569336,94.85870361328124,94.7300033569336,94.75,51135
2026-09-14 17:02:00+00:00,94.76000213623048,94.83100128173828,94.75,94.8000030517578,40589
2026-09-14 17:03:00+00:00,94.80999755859376,94.80999755859376,94.76000213623048,94.79000091552734,28895
2026-09-14 17:04:00+00:00,94.78500366210938,94.8550033569336,94.78500366210938,94.84500122070312,19152
2026-09-14 17:05:00+00:00,94.85759735107422,94.85759735107422,94.81999969482422,94.83499908447266,27151
2026-09-14 17:06:00+00:00,94.83999633789062,94.8781967163086,94.81500244140624,94.81900024414062,16882
2026-09-14 17:07:00+00:00,94.81999969482422,94.8249969482422,94.76000213623048,94.7699966430664,22068
2026-09-14 17:08:00+00:00,94.7699966430664,94.77999877929688,94.70999908447266,94.72000122070312,11124
2026-09-14 17:09:00+00:00,94.7249984741211,94.7300033569336,94.69000244140624,94.71499633789062,23816
2026-09-14 17:10:00+00:00,94.72000122070312,94.79000091552734,94.71499633789062,94.77999877929688,24315
2026-09-14 17:11:00+00:00,94.77999877929688,94.83100128173828,94.7699966430664,94.81999969482422,37126
2026-09-14 17:12:00+00:00,94.8249969482422,94.91999816894533,94.8249969482422,94.9000015258789,39707
2026-09-14 17:13:00+00:00,94.90989685058594,94.91000366210938,94.81999969482422,94.83000183105467,18203
2026-09-14 17:14:00+00:00,94.83000183105467,94.87999725341795,94.77999877929688,94.77999877929688,14172
2026-09-14 17:15:00+00:00,94.7750015258789,94.83499908447266,94.7750015258789,94.81999969482422,31262
2026-09-14 17:16:00+00:00,94.8000030517578,94.83499908447266,94.79499816894533,94.80599975585938,23071
2026-09-14 17:17:00+00:00,94.80500030517578,94.87999725341795,94.80500030517578,94.83000183105467,15925
2026-09-14 17:18:00+00:00,94.8249969482422,94.8249969482422,94.76000213623048,94.7699966430664,34556
2026-09-14 17:19:00+00:00,94.7750015258789,94.80500030517578,94.76000213623048,94.77999877929688,15365
2026-09-14 17:20:00+00:00,94.79000091552734,94.83000183105467,94.77999877929688,94.79499816894533,16819
2026-09-14 17:21:00+00:00,94.79000091552734,94.81999969482422,94.77999877929688,94.80999755859376,11387
2026-09-14 17:22:00+00:00,94.8000030517578,94.81999969482422,94.79000091552734,94.8000030517578,20416
2026-09-14 17:23:00+00:00,94.80030059814452,94.83560180664062,94.8000030517578,94.83000183105467,12515
2026-09-14 17:24:00+00:00,94.81999969482422,94.83000183105467,94.79499816894533,94.8000030517578,17241
2026-09-14 17:25:00+00:00,94.80999755859376,94.80999755859376,94.76000213623048,94.7699966430664,14705
2026-09-14 17:26:00+00:00,94.77999877929688,94.8000030517578,94.7699966430664,94.79499816894533,16860
2026-09-14 17:27:00+00:00,94.79499816894533,94.80999755859376,94.78500366210938,94.79000091552734,17589
2026-09-14 17:28:00+00:00,94.8000030517578,94.86799621582033,94.8000030517578,94.81999969482422,21192
2026-09-14 17:29:00+00:00,94.80999755859376,94.86000061035156,94.78379821777344,94.86000061035156,14699
2026-09-14 17:30:00+00:00,94.86000061035156,94.93000030517578,94.8249969482422,94.9000015258789,39990
2026-09-14 17:31:00+00:00,94.91000366210938,94.91010284423828,94.80500030517578,94.80999755859376,14818
2026-09-14 17:32:00+00:00,94.8000030517578,94.81500244140624,94.77999877929688,94.81500244140624,14551
2026-09-14 17:33:00+00:00,94.80999755859376,94.80999755859376,94.73999786376952,94.7699966430664,34796
2026-09-14 17:34:00+00:00,94.7699966430664,94.77999877929688,94.72000122070312,94.72000122070312,16058
2026-09-14 17:35:00+00:00,94.70999908447266,94.71499633789062,94.63500213623048,94.63999938964844,21667
2026-09-14 17:36:00+00:00,94.6500015258789,94.68000030517578,94.63999938964844,94.6500015258789,35522
2026-09-14 17:37:00+00:00,94.6500015258789,94.6500015258789,94.61000061035156,94.62999725341795,19482
2026-09-14 17:38:00+00:00,94.63999938964844,94.68000030517578,94.63999938964844,94.6500015258789,17152
2026-09-14 17:39:00+00:00,94.63999938964844,94.69000244140624,94.63999938964844,94.69000244140624,19730
2026-09-14 17:40:00+00:00,94.69000244140624,94.72000122070312,94.6750030517578,94.6999969482422,16977
2026-09-14 17:41:00+00:00,94.6999969482422,94.6999969482422,94.61000061035156,94.625,13214
2026-09-14 17:42:00+00:00,94.62000274658205,94.6500015258789,94.61000061035156,94.625,23733
2026-09-14 17:43:00+00:00,94.62999725341795,94.68000030517578,94.62999725341795,94.66000366210938,105546
2026-09-14 17:44:00+00:00,94.66500091552734,94.66500091552734,94.58999633789062,94.5999984741211,23321
2026-09-14 17:45:00+00:00,94.61000061035156,94.61000061035156,94.5749969482422,94.58999633789062,14118
2026-09-14 17:46:00+00:00,94.61000061035156,94.62000274658205,94.58499908447266,94.5999984741211,12281
2026-09-14 17:47:00+00:00,94.58000183105467,94.58999633789062,94.54499816894533,94.5624008178711,26549
2026-09-14 17:48:00+00:00,94.55999755859376,94.5749969482422,94.5500030517578,94.5749969482422,14938
2026-09-14 17:49:00+00:00,94.58000183105467,94.62999725341795,94.5749969482422,94.58999633789062,42256
2026-09-14 17:50:00+00:00,94.5999984741211,94.6050033569336,94.55999755859376,94.55999755859376,16971
2026-09-14 17:51:00+00:00,94.55999755859376,94.5749969482422,94.54000091552734,94.55999755859376,17365
2026-09-14 17:52:00+00:00,94.56999969482422,94.62999725341795,94.55999755859376,94.62000274658205,11003
2026-09-14 17:53:00+00:00,94.625,94.625,94.56500244140624,94.62000274658205,28236
2026-09-14 17:54:00+00:00,94.62999725341795,94.66000366210938,94.61000061035156,94.625,18562
2026-09-14 17:55:00+00:00,94.62999725341795,94.62999725341795,94.5999984741211,94.5999984741211,13989
2026-09-14 17:56:00+00:00,94.59500122070312,94.62999725341795,94.58000183105467,94.61000061035156,17428
2026-09-14 17:57:00+00:00,94.6050033569336,94.63999938964844,94.5999984741211,94.62999725341795,14827
2026-09-14 17:58:00+00:00,94.63999938964844,94.66000366210938,94.62000274658205,94.62000274658205,20926
2026-09-14 17:59:00+00:00,94.61000061035156,94.61000061035156,94.52999877929688,94.54000091552734,16605
2026-09-14 18:00:00+00:00,94.53500366210938,94.6500015258789,94.5250015258789,94.56999969482422,99122
2026-09-14 18:01:00+00:00,94.56500244140624,94.63999938964844,94.56500244140624,94.62000274658205,17593
2026-09-14 18:02:00+00:00,94.62000274658205,94.62999725341795,94.58999633789062,94.5998992919922,13964
2026-09-14 18:03:00+00:00,94.58999633789062,94.5999984741211,94.52770233154295,94.52999877929688,14930
2026-09-14 18:04:00+00:00,94.54000091552734,94.54000091552734,94.44000244140624,94.44000244140624,52451
2026-09-14 18:05:00+00:00,94.44000244140624,94.4499969482422,94.3949966430664,94.41000366210938,19705
2026-09-14 18:06:00+00:00,94.41000366210938,94.47000122070312,94.36000061035156,94.36499786376952,44467
2026-09-14 18:07:00+00:00,94.36000061035156,94.3949966430664,94.33999633789062,94.38392639160156,26406
2026-09-14 18:08:00+00:00,94.37999725341795,94.41000366210938,94.37000274658205,94.41000366210938,14493
2026-09-14 18:09:00+00:00,94.41000366210938,94.42990112304688,94.39759826660156,94.4000015258789,14619
2026-09-14 18:10:00+00:00,94.4000015258789,94.44000244140624,94.4000015258789,94.44000244140624,9001
2026-09-14 18:11:00+00:00,94.4499969482422,94.4499969482422,94.37000274658205,94.37000274658205,27575
2026-09-14 18:12:00+00:00,94.37010192871094,94.41000366210938,94.36000061035156,94.3949966430664,12367
2026-09-14 18:13:00+00:00,94.41000366210938,94.4499969482422,94.40499877929688,94.4499969482422,11229
2026-09-14 18:14:00+00:00,94.4499969482422,94.45999908447266,94.43000030517578,94.4499969482422,10996
2026-09-14 18:15:00+00:00,94.4499969482422,94.47000122070312,94.43000030517578,94.45500183105467,16709
2026-09-14 18:16:00+00:00,94.4499969482422,94.5,94.4499969482422,94.5,111861
2026-09-14 18:17:00+00:00,94.50499725341795,94.5199966430664,94.49500274658205,94.5,10596
2026-09-14 18:18:00+00:00,94.51000213623048,94.52999877929688,94.49500274658205,94.51000213623048,16082
2026-09-14 18:19:00+00:00,94.5,94.5094985961914,94.48999786376952,94.48999786376952,14658
2026-09-14 18:20:00+00:00,94.48999786376952,94.53500366210938,94.48999786376952,94.52999877929688,14366
2026-09-14 18:21:00+00:00,94.5250015258789,94.54000091552734,94.5,94.51000213623048,12359
2026-09-14 18:22:00+00:00,94.50499725341795,94.51000213623048,94.44000244140624,94.44499969482422,14942
2026-09-14 18:23:00+00:00,94.44000244140624,94.44000244140624,94.37999725341795,94.37999725341795,9880
2026-09-14 18:24:00+00:00,94.38259887695312,94.4000015258789,94.37999725341795,94.4000015258789,9208
2026-09-14 18:25:00+00:00,94.38999938964844,94.4000015258789,94.36000061035156,94.36000061035156,12605
2026-09-14 18:26:00+00:00,94.36499786376952,94.36499786376952,94.3000030517578,94.30500030517578,77772
2026-09-14 18:27:00+00:00,94.3000030517578,94.3000030517578,94.27999877929688,94.27999877929688,23928
2026-09-14 18:28:00+00:00,94.27999877929688,94.31500244140624,94.2699966430664,94.30999755859376,26121
2026-09-14 18:29:00+00:00,94.31500244140624,94.36000061035156,94.31500244140624,94.3499984741211,17225
2026-09-14 18:30:00+00:00,94.33999633789062,94.36000061035156,94.33000183105467,94.35990142822266,13198
2026-09-14 18:31:00+00:00,94.36000061035156,94.37830352783205,94.34500122070312,94.3550033569336,12300
2026-09-14 18:32:00+00:00,94.35990142822266,94.41500091552734,94.35990142822266,94.41000366210938,13096
2026-09-14 18:33:00+00:00,94.41999816894533,94.52999877929688,94.41999816894533,94.52999877929688,41518
2026-09-14 18:34:00+00:00,94.52999877929688,94.56500244140624,94.5,94.50499725341795,52437
2026-09-14 18:35:00+00:00,94.51000213623048,94.55999755859376,94.5,94.55999755859376,19630
2026-09-14 18:36:00+00:00,94.5749969482422,94.5999984741211,94.5500030517578,94.55999755859376,9759
2026-09-14 18:37:00+00:00,94.55999755859376,94.55999755859376,94.51499938964844,94.5199966430664,12630
2026-09-14 18:38:00+00:00,94.5250015258789,94.5749969482422,94.5250015258789,94.56500244140624,15806
2026-09-14 18:39:00+00:00,94.56999969482422,94.62000274658205,94.56999969482422,94.59500122070312,30467
2026-09-14 18:40:00+00:00,94.58999633789062,94.6050033569336,94.5749969482422,94.58999633789062,17117
2026-09-14 18:41:00+00:00,94.5999984741211,94.61000061035156,94.54000091552734,94.54499816894533,8778
2026-09-14 18:42:00+00:00,94.5500030517578,94.57009887695312,94.54499816894533,94.57009887695312,18125
2026-09-14 18:43:00+00:00,94.56999969482422,94.58000183105467,94.54000091552734,94.5500030517578,12264
2026-09-14 18:44:00+00:00,94.55500030517578,94.58000183105467,94.55500030517578,94.56999969482422,9800
2026-09-14 18:45:00+00:00,94.56999969482422,94.6352996826172,94.56999969482422,94.62999725341795,17725
2026-09-14 18:46:00+00:00,94.62999725341795,94.6500015258789,94.58000183105467,94.6050033569336,41758
2026-09-14 18:47:00+00:00,94.6050033569336,94.62960052490234,94.58499908447266,94.59950256347656,19700
2026-09-14 18:48:00+00:00,94.58999633789062,94.61000061035156,94.56999969482422,94.56999969482422,30715
2026-09-14 18:49:00+00:00,94.56500244140624,94.58499908447266,94.55500030517578,94.56999969482422,13935
2026-09-14 18:50:00+00:00,94.55999755859376,94.55999755859376,94.44390106201172,94.44989776611328,35791
2026-09-14 18:51:00+00:00,94.45999908447266,94.46499633789062,94.43000030517578,94.43000030517578,22561
2026-09-14 18:52:00+00:00,94.43000030517578,94.4499969482422,94.41999816894533,94.43499755859376,37593
2026-09-14 18:53:00+00:00,94.44000244140624,94.44010162353516,94.41999816894533,94.41999816894533,18783
2026-09-14 18:54:00+00:00,94.41999816894533,94.48899841308594,94.41500091552734,94.4749984741211,16731
2026-09-14 18:55:00+00:00,94.45999908447266,94.47000122070312,94.4499969482422,94.45500183105467,18288
2026-09-14 18:56:00+00:00,94.45999908447266,94.4749984741211,94.41999816894533,94.4499969482422,33095
2026-09-14 18:57:00+00:00,94.45500183105467,94.47000122070312,94.4250030517578,94.46499633789062,11496
2026-09-14 18:58:00+00:00,94.45999908447266,94.50499725341795,94.45999908447266,94.5,10428
2026-09-14 18:59:00+00:00,94.48999786376952,94.48999786376952,94.46499633789062,94.4800033569336,22565
2026-09-14 19:00:00+00:00,94.47000122070312,94.50499725341795,94.45999908447266,94.47000122070312,18091
2026-09-14 19:01:00+00:00,94.4749984741211,94.4800033569336,94.38999938964844,94.38999938964844,41188
2026-09-14 19:02:00+00:00,94.4000015258789,94.41000366210938,94.37999725341795,94.38899993896484,14811
2026-09-14 19:03:00+00:00,94.38999938964844,94.4000015258789,94.3499984741211,94.375,36332
2026-09-14 19:04:00+00:00,94.37000274658205,94.4250030517578,94.3499984741211,94.41000366210938,27807
2026-09-14 19:05:00+00:00,94.4000015258789,94.43000030517578,94.38500213623048,94.41999816894533,12273
2026-09-14 19:06:00+00:00,94.41999816894533,94.4250030517578,94.38999938964844,94.3949966430664,26263
2026-09-14 19:07:00+00:00,94.4000015258789,94.4250030517578,94.37999725341795,94.4000015258789,50688
2026-09-14 19:08:00+00:00,94.38999938964844,94.41000366210938,94.36499786376952,94.38999938964844,53806
2026-09-14 19:09:00+00:00,94.3949966430664,94.43499755859376,94.37000274658205,94.37000274658205,21439
2026-09-14 19:10:00+00:00,94.36499786376952,94.37999725341795,94.33999633789062,94.37000274658205,26491
2026-09-14 19:11:00+00:00,94.37999725341795,94.41999816894533,94.37000274658205,94.41999816894533,24295
2026-09-14 19:12:00+00:00,94.41999816894533,94.44000244140624,94.41500091552734,94.43000030517578,23845
2026-09-14 19:13:00+00:00,94.43000030517578,94.4499969482422,94.41000366210938,94.41999816894533,19802
2026-09-14 19:14:00+00:00,94.41999816894533,94.43000030517578,94.41000366210938,94.41999816894533,21391
2026-09-14 19:15:00+00:00,94.41000366210938,94.41000366210938,94.36000061035156,94.38500213623048,48101
2026-09-14 19:16:00+00:00,94.38500213623048,94.38500213623048,94.33999633789062,94.3550033569336,25446
2026-09-14 19:17:00+00:00,94.3550033569336,94.36000061035156,94.31999969482422,94.33999633789062,32743
2026-09-14 19:18:00+00:00,94.33000183105467,94.3499984741211,94.31999969482422,94.3249969482422,41509
2026-09-14 19:19:00+00:00,94.31999969482422,94.3249969482422,94.25499725341795,94.30500030517578,46321
2026-09-14 19:20:00+00:00,94.30500030517578,94.33000183105467,94.29499816894533,94.32109832763672,44906
2026-09-14 19:21:00+00:00,94.33000183105467,94.33000183105467,94.26000213623048,94.2750015258789,55039
2026-09-14 19:22:00+00:00,94.2699966430664,94.2699966430664,94.1999969482422,94.1999969482422,55639
2026-09-14 19:23:00+00:00,94.20500183105467,94.26499938964844,94.1999969482422,94.26499938964844,45504
2026-09-14 19:24:00+00:00,94.25,94.25499725341795,94.22000122070312,94.25,21501
2026-09-14 19:25:00+00:00,94.25,94.29000091552734,94.25,94.2699966430664,20818
2026-09-14 19:26:00+00:00,94.26499938964844,94.28240203857422,94.26000213623048,94.26239776611328,27267
2026-09-14 19:27:00+00:00,94.26000213623048,94.30999755859376,94.25,94.28500366210938,39607
2026-09-14 19:28:00+00:00,94.28500366210938,94.33000183105467,94.26000213623048,94.30999755859376,49465
2026-09-14 19:29:00+00:00,94.30999755859376,94.3249969482422,94.2699966430664,94.27999877929688,35721
2026-09-14 19:30:00+00:00,94.27999877929688,94.27999877929688,94.2300033569336,94.23500061035156,58312
2026-09-14 19:31:00+00:00,94.23999786376952,94.3000030517578,94.23500061035156,94.2699966430664,32651
2026-09-14 19:32:00+00:00,94.27999877929688,94.29499816894533,94.23999786376952,94.26000213623048,36716
2026-09-14 19:33:00+00:00,94.26000213623048,94.2699966430664,94.23500061035156,94.23999786376952,32619
2026-09-14 19:34:00+00:00,94.24500274658205,94.25499725341795,94.2249984741211,94.2300033569336,48006
2026-09-14 19:35:00+00:00,94.23999786376952,94.2750015258789,94.2249984741211,94.24500274658205,43457
2026-09-14 19:36:00+00:00,94.24500274658205,94.27999877929688,94.22000122070312,94.25990295410156,43246
2026-09-14 19:37:00+00:00,94.25,94.2699966430664,94.23999786376952,94.26000213623048,37739
2026-09-14 19:38:00+00:00,94.26499938964844,94.28500366210938,94.2249984741211,94.2300033569336,51446
2026-09-14 19:39:00+00:00,94.23500061035156,94.23999786376952,94.20999908447266,94.22000122070312,45126
2026-09-14 19:40:00+00:00,94.22000122070312,94.2249984741211,94.16999816894533,94.18000030517578,151291
2026-09-14 19:41:00+00:00,94.19000244140624,94.20999908447266,94.16999816894533,94.1999969482422,63138
2026-09-14 19:42:00+00:00,94.1999969482422,94.2300033569336,94.18499755859376,94.19499969482422,79250
2026-09-14 19:43:00+00:00,94.19000244140624,94.2300033569336,94.19000244140624,94.2249984741211,43852
2026-09-14 19:44:00+00:00,94.2300033569336,94.23500061035156,94.19000244140624,94.20999908447266,70435
2026-09-14 19:45:00+00:00,94.1999969482422,94.20500183105467,94.16500091552734,94.19499969482422,79862
2026-09-14 19:46:00+00:00,94.19499969482422,94.20500183105467,94.0999984741211,94.1050033569336,131601
2026-09-14 19:47:00+00:00,94.0999984741211,94.13500213623048,94.08999633789062,94.08999633789062,77078
2026-09-14 19:48:00+00:00,94.09500122070312,94.12999725341795,94.08000183105467,94.12999725341795,78496
2026-09-14 19:49:00+00:00,94.125,94.13999938964844,94.08999633789062,94.08999633789062,113014
2026-09-14 19:50:00+00:00,94.08999633789062,94.125,94.02999877929688,94.0500030517578,236073
2026-09-14 19:51:00+00:00,94.0500030517578,94.125,94.04499816894533,94.125,133995
2026-09-14 19:52:00+00:00,94.125,94.16500091552734,94.08999633789062,94.1050033569336,166364
2026-09-14 19:53:00+00:00,94.1050033569336,94.12999725341795,94.08499908447266,94.12999725341795,113839
2026-09-14 19:54:00+00:00,94.12999725341795,94.1500015258789,94.08999633789062,94.12999725341795,127184
2026-09-14 19:55:00+00:00,94.12999725341795,94.12999725341795,93.98999786376952,94.0019989013672,309185
2026-09-14 19:56:00+00:00,94.0,94.0500030517578,94.0,94.03500366210938,200012
2026-09-14 19:57:00+00:00,94.03500366210938,94.09500122070312,94.0199966430664,94.05500030517578,246538
2026-09-14 19:58:00+00:00,94.0500030517578,94.06999969482422,94.0199966430664,94.05999755859376,303478
2026-09-14 19:59:00+00:00,94.05999755859376,94.18000030517578,94.0500030517578,94.1500015258789,587291
2026-09-15 13:30:00+00:00,94.62000274658205,94.72000122070312,94.41999816894533,94.56999969482422,542704
2026-09-15 13:31:00+00:00,94.5999984741211,94.75,94.45999908447266,94.69499969482422,156369
2026-09-15 13:32:00+00:00,94.68000030517578,94.68000030517578,94.18000030517578,94.2699966430664,93569
2026-09-15 13:33:00+00:00,94.31999969482422,94.3949966430664,94.21499633789062,94.27999877929688,28246
2026-09-15 13:34:00+00:00,94.27999877929688,94.43000030517578,94.26000213623048,94.41000366210938,37854
2026-09-15 13:35:00+00:00,94.41999816894533,94.45999908447266,94.26000213623048,94.37000274658205,75741
2026-09-15 13:36:00+00:00,94.37999725341795,94.4499969482422,94.19000244140624,94.43499755859376,92710
2026-09-15 13:37:00+00:00,94.4499969482422,94.48999786376952,94.27749633789062,94.30999755859376,29405
2026-09-15 13:38:00+00:00,94.30999755859376,94.30999755859376,94.04900360107422,94.04900360107422,58621
2026-09-15 13:39:00+00:00,94.0500030517578,94.12999725341795,93.9000015258789,93.93000030517578,69816
2026-09-15 13:40:00+00:00,93.91999816894533,94.11000061035156,93.91999816894533,94.05999755859376,39946
2026-09-15 13:41:00+00:00,94.06999969482422,94.08999633789062,93.9000015258789,94.08499908447266,53925
2026-09-15 13:42:00+00:00,94.08000183105467,94.22000122070312,94.05999755859376,94.05999755859376,47882
2026-09-15 13:43:00+00:00,94.0500030517578,94.08000183105467,93.91999816894533,94.01499938964844,29166
2026-09-15 13:44:00+00:00,94.0,94.11000061035156,93.9800033569336,94.08999633789062,57638
2026-09-15 13:45:00+00:00,94.08999633789062,94.1500015258789,94.03500366210938,94.1449966430664,42551
2026-09-15 13:46:00+00:00,94.13500213623048,94.16500091552734,94.01000213623048,94.06999969482422,64122
2026-09-15 13:47:00+00:00,94.08000183105467,94.12000274658205,93.86000061035156,93.9800033569336,101208
2026-09-15 13:48:00+00:00,93.96499633789062,94.05999755859376,93.95999908447266,93.9681396484375,34931
2026-09-15 13:49:00+00:00,93.97000122070312,94.07009887695312,93.94000244140624,94.02999877929688,49383
2026-09-15 13:50:00+00:00,94.02999877929688,94.05599975585938,93.98500061035156,94.0500030517578,56770
2026-09-15 13:51:00+00:00,94.04000091552734,94.1500015258789,93.97000122070312,94.08000183105467,90148
2026-09-15 13:52:00+00:00,94.08999633789062,94.19000244140624,94.05999755859376,94.16999816894533,91379
2026-09-15 13:53:00+00:00,94.16000366210938,94.16000366210938,94.05999755859376,94.12999725341795,85997
2026-09-15 13:54:00+00:00,94.12999725341795,94.22000122070312,94.06999969482422,94.18499755859376,78530
2026-09-15 13:55:00+00:00,94.18000030517578,94.20500183105467,94.0999984741211,94.0999984741211,28895
2026-09-15 13:56:00+00:00,94.0999984741211,94.1500015258789,94.06999969482422,94.1050033569336,32657
2026-09-15 13:57:00+00:00,94.11000061035156,94.16999816894533,94.11000061035156,94.11000061035156,29437
2026-09-15 13:58:00+00:00,94.12000274658205,94.16999816894533,94.0999984741211,94.13999938964844,32170
2026-09-15 13:59:00+00:00,94.1500015258789,94.16000366210938,94.02999877929688,94.0500030517578,89309
2026-09-15 14:00:00+00:00,94.05999755859376,94.2300033569336,94.04499816894533,94.20999908447266,76897
2026-09-15 14:01:00+00:00,94.20999908447266,94.20999908447266,94.0,94.01000213623048,47349
2026-09-15 14:02:00+00:00,94.0,94.08999633789062,93.9499969482422,94.04000091552734,21208
2026-09-15 14:03:00+00:00,94.05509948730467,94.08499908447266,93.94000244140624,93.94000244140624,16029
2026-09-15 14:04:00+00:00,93.93000030517578,93.94499969482422,93.83000183105467,93.83499908447266,16349
2026-09-15 14:05:00+00:00,93.83000183105467,93.86000061035156,93.8000030517578,93.86000061035156,30358
2026-09-15 14:06:00+00:00,93.87999725341795,93.96009826660156,93.86000061035156,93.9000015258789,20440
2026-09-15 14:07:00+00:00,93.9000015258789,93.98999786376952,93.87999725341795,93.9499969482422,27297
2026-09-15 14:08:00+00:00,93.9499969482422,94.0199966430664,93.88999938964844,94.0199966430664,14306
2026-09-15 14:09:00+00:00,94.0250015258789,94.07369995117188,93.87000274658205,93.87000274658205,25672
2026-09-15 14:10:00+00:00,93.80999755859376,93.91500091552734,93.7699966430664,93.9000015258789,17484
2026-09-15 14:11:00+00:00,93.9000015258789,93.91000366210938,93.75499725341795,93.81999969482422,23845
2026-09-15 14:12:00+00:00,93.80999755859376,93.83000183105467,93.73999786376952,93.73999786376952,33305
2026-09-15 14:13:00+00:00,93.76000213623048,93.8000030517578,93.69000244140624,93.6999969482422,30829
2026-09-15 14:14:00+00:00,93.70999908447266,93.72000122070312,93.58000183105467,93.63999938964844,36501
2026-09-15 14:15:00+00:00,93.63999938964844,93.66000366210938,93.58999633789062,93.625,26452
2026-09-15 14:16:00+00:00,93.61499786376952,93.61499786376952,93.4000015258789,93.40499877929688,32274
2026-09-15 14:17:00+00:00,93.4000015258789,93.43000030517578,93.37999725341795,93.41470336914062,24728
2026-09-15 14:18:00+00:00,93.41000366210938,93.4499969482422,93.3550033569336,93.37000274658205,17452
2026-09-15 14:19:00+00:00,93.37999725341795,93.5500030517578,93.37000274658205,93.5500030517578,24506
2026-09-15 14:20:00+00:00,93.5500030517578,93.58799743652344,93.41000366210938,93.41000366210938,13893
2026-09-15 14:21:00+00:00,93.41999816894533,93.4499969482422,93.25,93.26000213623048,25269
2026-09-15 14:22:00+00:00,93.26000213623048,93.29000091552734,93.20999908447266,93.27999877929688,21713
2026-09-15 14:23:00+00:00,93.2699966430664,93.2750015258789,93.19000244140624,93.2750015258789,30607
2026-09-15 14:24:00+00:00,93.26499938964844,93.3000030517578,93.1999969482422,93.2699966430664,17842
2026-09-15 14:25:00+00:00,93.27999877929688,93.30500030517578,93.1999969482422,93.22000122070312,27168
2026-09-15 14:26:00+00:00,93.21499633789062,93.23999786376952,93.12999725341795,93.1999969482422,24611
2026-09-15 14:27:00+00:00,93.19000244140624,93.23999786376952,93.12999725341795,93.19000244140624,46105
2026-09-15 14:28:00+00:00,93.18000030517578,93.18000030517578,93.11000061035156,93.12000274658205,41115
2026-09-15 14:29:00+00:00,93.12999725341795,93.16999816894533,93.05999755859376,93.13999938964844,48664
2026-09-15 14:30:00+00:00,93.1449966430664,93.18000030517578,93.05500030517578,93.05801391601562,19049
2026-09-15 14:31:00+00:00,93.05999755859376,93.1500015258789,93.02999877929688,93.0999984741211,20557
2026-09-15 14:32:00+00:00,93.08999633789062,93.09490203857422,92.95999908447266,93.0500030517578,44299
2026-09-15 14:33:00+00:00,93.08999633789062,93.26000213623048,93.08999633789062,93.2300033569336,38947
2026-09-15 14:34:00+00:00,93.2249984741211,93.31999969482422,93.16999816894533,93.31999969482422,15775
2026-09-15 14:35:00+00:00,93.33000183105467,93.37999725341795,93.29000091552734,93.34500122070312,33418
2026-09-15 14:36:00+00:00,93.33999633789062,93.34249877929688,93.26000213623048,93.29000091552734,17405
2026-09-15 14:37:00+00:00,93.3000030517578,93.30999755859376,93.16000366210938,93.18000030517578,11762
2026-09-15 14:38:00+00:00,93.1999969482422,93.1999969482422,93.02999877929688,93.05999755859376,21211
2026-09-15 14:39:00+00:00,93.05999755859376,93.10009765625,93.01000213623048,93.05999755859376,18528
2026-09-15 14:40:00+00:00,93.05999755859376,93.0999984741211,93.0250015258789,93.05999755859376,13616
2026-09-15 14:41:00+00:00,93.06500244140624,93.12999725341795,93.05999755859376,93.12000274658205,11460
2026-09-15 14:42:00+00:00,93.11000061035156,93.22000122070312,93.08999633789062,93.16999816894533,21134
2026-09-15 14:43:00+00:00,93.16999816894533,93.18000030517578,93.0999984741211,93.11000061035156,86088
2026-09-15 14:44:00+00:00,93.11499786376952,93.12999725341795,93.08000183105467,93.11000061035156,32550
2026-09-15 14:45:00+00:00,93.11000061035156,93.13999938964844,93.08000183105467,93.11499786376952,278582
2026-09-15 14:46:00+00:00,93.11499786376952,93.13999938964844,93.08000183105467,93.12000274658205,67313
2026-09-15 14:47:00+00:00,93.12000274658205,93.12999725341795,93.04000091552734,93.0999984741211,32782
2026-09-15 14:48:00+00:00,93.08000183105467,93.08000183105467,93.0199966430664,93.04000091552734,17600
2026-09-15 14:49:00+00:00,93.04000091552734,93.06500244140624,93.0,93.04000091552734,21701
2026-09-15 14:50:00+00:00,93.0250015258789,93.07009887695312,93.01000213623048,93.07009887695312,12018
2026-09-15 14:51:00+00:00,93.05999755859376,93.0999984741211,92.86499786376952,92.87999725341795,104952
2026-09-15 14:52:00+00:00,92.9000015258789,93.02999877929688,92.87999725341795,92.96499633789062,27123
2026-09-15 14:53:00+00:00,92.95999908447266,92.96499633789062,92.8499984741211,92.87999725341795,79487
2026-09-15 14:54:00+00:00,92.87000274658205,93.0,92.87000274658205,92.9800033569336,27862
2026-09-15 14:55:00+00:00,92.9800033569336,92.9800033569336,92.91000366210938,92.9499969482422,11625
2026-09-15 14:56:00+00:00,92.94000244140624,92.95999908447266,92.87000274658205,92.9000015258789,18283
2026-09-15 14:57:00+00:00,92.91999816894533,92.98999786376952,92.91999816894533,92.98269653320312,10494
2026-09-15 14:58:00+00:00,92.9800033569336,93.0,92.86000061035156,92.91000366210938,26301
2026-09-15 14:59:00+00:00,92.91000366210938,92.93499755859376,92.86000061035156,92.86499786376952,19994
2026-09-15 15:00:00+00:00,92.86000061035156,92.98999786376952,92.86000061035156,92.95999908447266,22605
2026-09-15 15:01:00+00:00,92.97000122070312,93.05999755859376,92.87999725341795,93.00499725341795,22457
2026-09-15 15:02:00+00:00,93.0,93.0,92.86499786376952,92.88999938964844,27116
2026-09-15 15:03:00+00:00,92.88500213623048,93.05999755859376,92.86000061035156,93.05500030517578,34763
2026-09-15 15:04:00+00:00,93.05899810791016,93.13999938964844,93.02999877929688,93.13999938964844,73224
2026-09-15 15:05:00+00:00,93.16000366210938,93.16999816894533,93.06999969482422,93.0999984741211,31625
2026-09-15 15:06:00+00:00,93.08999633789062,93.16999816894533,93.08999633789062,93.1500015258789,24912
2026-09-15 15:07:00+00:00,93.1500015258789,93.16999816894533,93.02999877929688,93.1050033569336,33952
2026-09-15 15:08:00+00:00,93.1001968383789,93.1001968383789,93.0250015258789,93.04000091552734,23205
2026-09-15 15:09:00+00:00,93.04000091552734,93.09500122070312,93.02999877929688,93.08000183105467,16968
2026-09-15 15:10:00+00:00,93.0749969482422,93.12000274658205,93.0250015258789,93.05500030517578,44439
2026-09-15 15:11:00+00:00,93.05500030517578,93.22000122070312,93.0500030517578,93.22000122070312,8632
2026-09-15 15:12:00+00:00,93.2300033569336,93.2300033569336,93.08000183105467,93.08000183105467,41714
2026-09-15 15:13:00+00:00,93.08000183105467,93.0999984741211,93.05999755859376,93.06999969482422,20466
2026-09-15 15:14:00+00:00,93.08000183105467,93.12999725341795,93.0500030517578,93.12999725341795,17854
2026-09-15 15:15:00+00:00,93.11000061035156,93.13999938964844,93.0749969482422,93.0749969482422,23195
2026-09-15 15:16:00+00:00,93.08000183105467,93.0999984741211,93.04000091552734,93.0999984741211,20710
2026-09-15 15:17:00+00:00,93.12000274658205,93.125,93.06999969482422,93.06999969482422,25452
2026-09-15 15:18:00+00:00,93.08000183105467,93.08999633789062,93.04499816894533,93.08499908447266,11841
2026-09-15 15:19:00+00:00,93.08000183105467,93.08999633789062,92.9800033569336,93.00499725341795,17720
2026-09-15 15:20:00+00:00,93.01000213623048,93.04000091552734,92.9800033569336,92.9800033569336,14076
2026-09-15 15:21:00+00:00,92.9800033569336,93.01000213623048,92.95999908447266,92.95999908447266,14779
2026-09-15 15:22:00+00:00,92.95999908447266,93.0,92.91000366210938,92.9250030517578,22962
2026-09-15 15:23:00+00:00,92.93000030517578,92.97000122070312,92.91010284423828,92.9499969482422,15999
2026-09-15 15:24:00+00:00,92.97000122070312,93.0500030517578,92.96499633789062,93.04499816894533,13464
2026-09-15 15:25:00+00:00,93.0500030517578,93.05999755859376,93.03500366210938,93.05500030517578,35714
2026-09-15 15:26:00+00:00,93.04499816894533,93.08999633789062,92.96499633789062,93.08499908447266,52677
2026-09-15 15:27:00+00:00,93.08499908447266,93.0999984741211,93.01499938964844,93.04499816894533,55428
2026-09-15 15:28:00+00:00,93.04000091552734,93.05999755859376,93.01499938964844,93.04000091552734,30143
2026-09-15 15:29:00+00:00,93.05999755859376,93.05999755859376,93.02999877929688,93.04000091552734,12518
2026-09-15 15:30:00+00:00,93.04499816894533,93.0999984741211,93.02999877929688,93.08999633789062,21641
2026-09-15 15:31:00+00:00,93.11000061035156,93.11000061035156,93.04000091552734,93.04000091552734,20277
2026-09-15 15:32:00+00:00,93.04000091552734,93.08499908447266,93.03500366210938,93.0500030517578,22702
2026-09-15 15:33:00+00:00,93.0500030517578,93.06649780273438,93.01000213623048,93.0199966430664,16937
2026-09-15 15:34:00+00:00,93.0199966430664,93.02999877929688,92.9499969482422,93.0,106826
2026-09-15 15:35:00+00:00,93.0,93.01000213623048,92.95999908447266,92.98999786376952,79231
2026-09-15 15:36:00+00:00,92.98999786376952,93.01000213623048,92.9800033569336,92.9800033569336,169859
2026-09-15 15:37:00+00:00,92.97000122070312,92.98999786376952,92.94000244140624,92.9499969482422,18305
2026-09-15 15:38:00+00:00,92.95999908447266,93.0,92.95999908447266,92.98999786376952,27773
2026-09-15 15:39:00+00:00,92.98999786376952,93.0,92.98500061035156,92.98999786376952,17961
2026-09-15 15:40:00+00:00,92.98999786376952,93.11499786376952,92.98999786376952,93.11499786376952,72262
2026-09-15 15:41:00+00:00,93.11000061035156,93.13999938964844,93.08999633789062,93.08999633789062,20461
2026-09-15 15:42:00+00:00,93.08999633789062,93.13999938964844,93.08000183105467,93.11000061035156,15230
2026-09-15 15:43:00+00:00,93.0999984741211,93.1999969482422,93.06999969482422,93.16999816894533,9542
2026-09-15 15:44:00+00:00,93.16999816894533,93.1999969482422,93.16000366210938,93.16999816894533,16090
2026-09-15 15:45:00+00:00,93.16000366210938,93.20500183105467,93.15499877929688,93.1999969482422,14886
2026-09-15 15:46:00+00:00,93.19499969482422,93.22000122070312,93.16999816894533,93.22000122070312,13732
2026-09-15 15:47:00+00:00,93.20999908447266,93.20999908447266,93.11000061035156,93.12000274658205,12204
2026-09-15 15:48:00+00:00,93.12999725341795,93.2300033569336,93.12999725341795,93.19000244140624,51067
2026-09-15 15:49:00+00:00,93.19499969482422,93.1999969482422,93.125,93.1449966430664,21115
2026-09-15 15:50:00+00:00,93.16999816894533,93.45999908447266,93.15499877929688,93.4499969482422,78078
2026-09-15 15:51:00+00:00,93.43499755859376,93.439697265625,93.36000061035156,93.4280014038086,28121
2026-09-15 15:52:00+00:00,93.41999816894533,93.45500183105467,93.3949966430664,93.41500091552734,66895
2026-09-15 15:53:00+00:00,93.4000015258789,93.41000366210938,93.3249969482422,93.3249969482422,41298
2026-09-15 15:54:00+00:00,93.33000183105467,93.37000274658205,93.26499938964844,93.26499938964844,19594
2026-09-15 15:55:00+00:00,93.26000213623048,93.44000244140624,93.1750030517578,93.4250030517578,66914
2026-09-15 15:56:00+00:00,93.4000015258789,93.4000015258789,93.2750015258789,93.2750015258789,33107
2026-09-15 15:57:00+00:00,93.2750015258789,93.27999877929688,93.15740203857422,93.1999969482422,250443
2026-09-15 15:58:00+00:00,93.1999969482422,93.22000122070312,93.1500015258789,93.15499877929688,30740
2026-09-15 15:59:00+00:00,93.16000366210938,93.18499755859376,93.0999984741211,93.0999984741211,39869
2026-09-15 16:00:00+00:00,93.09500122070312,93.1500015258789,93.08000183105467,93.1449966430664,42400
2026-09-15 16:01:00+00:00,93.1449966430664,93.2699966430664,93.13999938964844,93.25,52788
2026-09-15 16:02:00+00:00,93.26000213623048,93.3000030517578,93.23999786376952,93.29499816894533,24698
2026-09-15 16:03:00+00:00,93.29000091552734,93.3499984741211,93.26000213623048,93.3499984741211,23838
2026-09-15 16:04:00+00:00,93.3550033569336,93.38999938964844,93.33000183105467,93.38999938964844,9441
2026-09-15 16:05:00+00:00,93.37999725341795,93.41000366210938,93.33999633789062,93.4000015258789,12643
2026-09-15 16:06:00+00:00,93.4000015258789,93.41999816894533,93.37000274658205,93.41999816894533,11049
2026-09-15 16:07:00+00:00,93.43000030517578,93.4800033569336,93.41999816894533,93.47000122070312,24073
2026-09-15 16:08:00+00:00,93.4749984741211,93.4749984741211,93.41000366210938,93.41000366210938,7231
2026-09-15 16:09:00+00:00,93.41000366210938,93.48500061035156,93.38999938964844,93.47000122070312,16269
2026-09-15 16:10:00+00:00,93.4800033569336,93.48999786376952,93.45999908447266,93.45999908447266,70693
2026-09-15 16:11:00+00:00,93.45999908447266,93.49929809570312,93.4000015258789,93.41000366210938,20779
2026-09-15 16:12:00+00:00,93.41500091552734,93.41500091552734,93.3499984741211,93.37000274658205,22005
2026-09-15 16:13:00+00:00,93.36000061035156,93.38710021972656,93.3499984741211,93.36000061035156,9881
2026-09-15 16:14:00+00:00,93.3499984741211,93.37000274658205,93.31999969482422,93.33000183105467,36599
2026-09-15 16:15:00+00:00,93.31999969482422,93.33499908447266,93.27999877929688,93.3249969482422,39173
2026-09-15 16:16:00+00:00,93.33000183105467,93.41000366210938,93.33000183105467,93.4000015258789,9210
2026-09-15 16:17:00+00:00,93.4000015258789,93.43000030517578,93.3499984741211,93.41000366210938,19236
2026-09-15 16:18:00+00:00,93.43000030517578,93.4499969482422,93.41000366210938,93.4499969482422,5256
2026-09-15 16:19:00+00:00,93.4499969482422,93.4800033569336,93.44000244140624,93.47000122070312,6738
2026-09-15 16:20:00+00:00,93.47000122070312,93.5199966430664,93.4499969482422,93.50499725341795,9997
2026-09-15 16:21:00+00:00,93.52999877929688,93.58999633789062,93.5199966430664,93.58000183105467,51790
2026-09-15 16:22:00+00:00,93.56999969482422,93.625,93.56999969482422,93.58999633789062,11315
2026-09-15 16:23:00+00:00,93.5999984741211,93.70999908447266,93.5999984741211,93.68000030517578,24809
2026-09-15 16:24:00+00:00,93.69000244140624,93.7699966430664,93.68000030517578,93.73799896240234,15323
2026-09-15 16:25:00+00:00,93.73999786376952,93.73999786376952,93.66439819335938,93.68000030517578,22712
2026-09-15 16:26:00+00:00,93.6999969482422,93.7300033569336,93.68499755859376,93.70999908447266,18511
2026-09-15 16:27:00+00:00,93.70500183105467,93.70999908447266,93.6500015258789,93.69000244140624,14789
2026-09-15 16:28:00+00:00,93.69000244140624,93.7300033569336,93.68000030517578,93.71499633789062,9525
2026-09-15 16:29:00+00:00,93.70999908447266,93.7300033569336,93.66999816894533,93.69000244140624,16720
2026-09-15 16:30:00+00:00,93.68000030517578,93.6999969482422,93.68000030517578,93.6999969482422,6978
2026-09-15 16:31:00+00:00,93.70999908447266,93.70999908447266,93.66999816894533,93.68000030517578,19709
2026-09-15 16:32:00+00:00,93.69000244140624,93.7300033569336,93.68000030517578,93.7249984741211,12283
2026-09-15 16:33:00+00:00,93.7300033569336,93.74500274658205,93.61499786376952,93.61499786376952,16053
2026-09-15 16:34:00+00:00,93.61499786376952,93.62000274658205,93.54499816894533,93.5500030517578,16009
2026-09-15 16:35:00+00:00,93.5500030517578,93.56999969482422,93.52999877929688,93.55500030517578,13521
2026-09-15 16:36:00+00:00,93.5500030517578,93.66000366210938,93.5500030517578,93.66000366210938,14679
2026-09-15 16:37:00+00:00,93.65499877929688,93.68000030517578,93.62999725341795,93.6750030517578,11735
2026-09-15 16:38:00+00:00,93.68000030517578,93.6999969482422,93.62999725341795,93.62999725341795,16821
2026-09-15 16:39:00+00:00,93.62999725341795,93.63999938964844,93.59249877929688,93.63999938964844,18419
2026-09-15 16:40:00+00:00,93.62000274658205,93.62999725341795,93.5999984741211,93.62000274658205,16164
2026-09-15 16:41:00+00:00,93.61000061035156,93.63999938964844,93.5999984741211,93.63999938964844,23215
2026-09-15 16:42:00+00:00,93.63999938964844,93.63999938964844,93.62000274658205,93.62999725341795,13001
2026-09-15 16:43:00+00:00,93.62999725341795,93.72000122070312,93.62999725341795,93.72000122070312,15761
2026-09-15 16:44:00+00:00,93.7300033569336,93.7699966430664,93.72000122070312,93.7699966430664,17806
2026-09-15 16:45:00+00:00,93.7699966430664,93.8000030517578,93.7300033569336,93.76499938964844,19372
2026-09-15 16:46:00+00:00,93.76000213623048,93.8000030517578,93.72000122070312,93.7249984741211,18927
2026-09-15 16:47:00+00:00,93.7249984741211,93.74500274658205,93.70999908447266,93.7300033569336,22750
2026-09-15 16:48:00+00:00,93.72000122070312,93.75,93.70500183105467,93.7249984741211,17331
2026-09-15 16:49:00+00:00,93.7249984741211,93.73500061035156,93.70999908447266,93.71499633789062,21940
2026-09-15 16:50:00+00:00,93.70999908447266,93.76499938964844,93.6999969482422,93.74500274658205,11941
2026-09-15 16:51:00+00:00,93.74500274658205,93.76000213623048,93.73500061035156,93.73999786376952,11193
2026-09-15 16:52:00+00:00,93.7300033569336,93.81999969482422,93.72000122070312,93.81999969482422,10093
2026-09-15 16:53:00+00:00,93.81999969482422,93.86000061035156,93.81999969482422,93.8550033569336,15106
2026-09-15 16:54:00+00:00,93.86000061035156,93.91000366210938,93.86000061035156,93.8949966430664,13409
2026-09-15 16:55:00+00:00,93.9000015258789,93.9000015258789,93.81500244140624,93.81500244140624,25972
2026-09-15 16:56:00+00:00,93.81500244140624,93.81500244140624,93.77999877929688,93.77999877929688,26199
2026-09-15 16:57:00+00:00,93.79000091552734,93.8550033569336,93.78500366210938,93.80999755859376,20855
2026-09-15 16:58:00+00:00,93.81999969482422,93.83999633789062,93.81500244140624,93.81500244140624,11243
2026-09-15 16:59:00+00:00,93.80999755859376,93.80999755859376,93.76000213623048,93.77999877929688,13247
2026-09-15 17:00:00+00:00,93.76000213623048,93.7750015258789,93.7300033569336,93.73500061035156,19005
2026-09-15 17:01:00+00:00,93.73999786376952,93.75,93.6999969482422,93.7249984741211,10734
2026-09-15 17:02:00+00:00,93.7249984741211,93.7300033569336,93.5999984741211,93.61000061035156,21234
2026-09-15 17:03:00+00:00,93.62000274658205,93.62000274658205,93.45999908447266,93.48500061035156,58833
2026-09-15 17:04:00+00:00,93.48999786376952,93.51000213623048,93.41999816894533,93.41999816894533,16150
2026-09-15 17:05:00+00:00,93.41999816894533,93.45999908447266,93.41999816894533,93.4499969482422,19960
2026-09-15 17:06:00+00:00,93.4499969482422,93.45999908447266,93.38999938964844,93.4000015258789,14946
2026-09-15 17:07:00+00:00,93.41000366210938,93.47000122070312,93.41000366210938,93.4499969482422,18150
2026-09-15 17:08:00+00:00,93.44000244140624,93.48999786376952,93.41000366210938,93.48999786376952,16209
2026-09-15 17:09:00+00:00,93.48999786376952,93.54499816894533,93.48999786376952,93.48999786376952,22513
2026-09-15 17:10:00+00:00,93.5,93.56999969482422,93.48999786376952,93.5250015258789,18567
2026-09-15 17:11:00+00:00,93.5250015258789,93.5500030517578,93.5,93.51000213623048,30357
2026-09-15 17:12:00+00:00,93.50499725341795,93.52999877929688,93.4800033569336,93.48999786376952,18794
2026-09-15 17:13:00+00:00,93.48500061035156,93.58000183105467,93.48500061035156,93.58000183105467,16439
2026-09-15 17:14:00+00:00,93.5749969482422,93.66000366210938,93.56999969482422,93.62000274658205,20592
2026-09-15 17:15:00+00:00,93.625,93.63999938964844,93.5250015258789,93.5250015258789,7072
2026-09-15 17:16:00+00:00,93.52999877929688,93.58000183105467,93.51000213623048,93.56999969482422,16118
2026-09-15 17:17:00+00:00,93.58000183105467,93.58999633789062,93.52999877929688,93.53500366210938,10634
2026-09-15 17:18:00+00:00,93.54000091552734,93.54000091552734,93.5,93.5,12763
2026-09-15 17:19:00+00:00,93.48999786376952,93.53279876708984,93.48999786376952,93.52999877929688,10501
2026-09-15 17:20:00+00:00,93.5250015258789,93.5250015258789,93.47000122070312,93.4800033569336,13870
2026-09-15 17:21:00+00:00,93.4800033569336,93.4800033569336,93.4499969482422,93.4499969482422,8428
2026-09-15 17:22:00+00:00,93.45999908447266,93.4749984741211,93.41999816894533,93.45999908447266,11349
2026-09-15 17:23:00+00:00,93.46499633789062,93.47000122070312,93.4499969482422,93.47000122070312,8972
2026-09-15 17:24:00+00:00,93.46499633789062,93.46499633789062,93.40499877929688,93.40499877929688,10270
2026-09-15 17:25:00+00:00,93.41000366210938,93.44000244140624,93.4000015258789,93.4250030517578,12384
2026-09-15 17:26:00+00:00,93.4250030517578,93.47039794921876,93.41999816894533,93.4499969482422,25666
2026-09-15 17:27:00+00:00,93.44499969482422,93.4499969482422,93.43000030517578,93.44000244140624,9446
2026-09-15 17:28:00+00:00,93.44000244140624,93.44000244140624,93.38999938964844,93.38999938964844,15565
2026-09-15 17:29:00+00:00,93.38999938964844,93.43000030517578,93.36000061035156,93.43000030517578,22944
2026-09-15 17:30:00+00:00,93.4250030517578,93.4800033569336,93.4250030517578,93.47779846191406,11567
2026-09-15 17:31:00+00:00,93.47000122070312,93.58000183105467,93.47000122070312,93.58000183105467,14149
2026-09-15 17:32:00+00:00,93.58000183105467,93.6500015258789,93.5749969482422,93.62999725341795,18440
2026-09-15 17:33:00+00:00,93.625,93.6500015258789,93.61000061035156,93.61000061035156,16752
2026-09-15 17:34:00+00:00,93.62999725341795,93.63999938964844,93.61000061035156,93.61000061035156,11774
2026-09-15 17:35:00+00:00,93.61000061035156,93.68000030517578,93.58999633789062,93.66000366210938,22997
2026-09-15 17:36:00+00:00,93.66000366210938,93.6999969482422,93.66000366210938,93.69000244140624,16773
2026-09-15 17:37:00+00:00,93.69000244140624,93.74500274658205,93.68000030517578,93.69000244140624,12711
2026-09-15 17:38:00+00:00,93.6999969482422,93.6999969482422,93.63500213623048,93.66500091552734,12151
2026-09-15 17:39:00+00:00,93.6500015258789,93.66000366210938,93.625,93.62999725341795,10783
2026-09-15 17:40:00+00:00,93.63999938964844,93.66000366210938,93.63999938964844,93.63999938964844,11186
2026-09-15 17:41:00+00:00,93.63999938964844,93.63999938964844,93.5999984741211,93.5999984741211,7303
2026-09-15 17:42:00+00:00,93.58999633789062,93.5999984741211,93.58000183105467,93.58999633789062,4837
2026-09-15 17:43:00+00:00,93.58499908447266,93.6500015258789,93.58000183105467,93.6500015258789,14055
2026-09-15 17:44:00+00:00,93.6500015258789,93.6500015258789,93.62999725341795,93.63500213623048,5460
2026-09-15 17:45:00+00:00,93.63999938964844,93.697998046875,93.63500213623048,93.69499969482422,10780
2026-09-15 17:46:00+00:00,93.6999969482422,93.70999908447266,93.66999816894533,93.66999816894533,29612
2026-09-15 17:47:00+00:00,93.68000030517578,93.71499633789062,93.6750030517578,93.70999908447266,9243
2026-09-15 17:48:00+00:00,93.70999908447266,93.73500061035156,93.6999969482422,93.6999969482422,11208
2026-09-15 17:49:00+00:00,93.70500183105467,93.71499633789062,93.6750030517578,93.68000030517578,4976
2026-09-15 17:50:00+00:00,93.68000030517578,93.6999969482422,93.66999816894533,93.6999969482422,8699
2026-09-15 17:51:00+00:00,93.70500183105467,93.70500183105467,93.68440246582033,93.69499969482422,6548
2026-09-15 17:52:00+00:00,93.69499969482422,93.71499633789062,93.68000030517578,93.69000244140624,13485
2026-09-15 17:53:00+00:00,93.69000244140624,93.69000244140624,93.63500213623048,93.6500015258789,9766
2026-09-15 17:54:00+00:00,93.6500015258789,93.6500015258789,93.6050033569336,93.63999938964844,9311
2026-09-15 17:55:00+00:00,93.6500015258789,93.68000030517578,93.6500015258789,93.66500091552734,7977
2026-09-15 17:56:00+00:00,93.66500091552734,93.69100189208984,93.63892364501952,93.69000244140624,7652
2026-09-15 17:57:00+00:00,93.69000244140624,93.6999969482422,93.66999816894533,93.69000244140624,4404
2026-09-15 17:58:00+00:00,93.69000244140624,93.69000244140624,93.63099670410156,93.66999816894533,6063
2026-09-15 17:59:00+00:00,93.66500091552734,93.66999816894533,93.63999938964844,93.63999938964844,7393
2026-09-15 18:00:00+00:00,93.6449966430664,93.68000030517578,93.58999633789062,93.5999984741211,15522
2026-09-15 18:01:00+00:00,93.61000061035156,93.62000274658205,93.54000091552734,93.54989624023438,20340
2026-09-15 18:02:00+00:00,93.54000091552734,93.56999969482422,93.5250015258789,93.56500244140624,11459
2026-09-15 18:03:00+00:00,93.55999755859376,93.55999755859376,93.4800033569336,93.52999877929688,320880
2026-09-15 18:04:00+00:00,93.5199966430664,93.55999755859376,93.51499938964844,93.55999755859376,10272
2026-09-15 18:05:00+00:00,93.5500030517578,93.58999633789062,93.5500030517578,93.58999633789062,9435
2026-09-15 18:06:00+00:00,93.58999633789062,93.6623992919922,93.58999633789062,93.66000366210938,13880
2026-09-15 18:07:00+00:00,93.6500015258789,93.6750030517578,93.63999938964844,93.66999816894533,11978
2026-09-15 18:08:00+00:00,93.66000366210938,93.66500091552734,93.62999725341795,93.66500091552734,8576
2026-09-15 18:09:00+00:00,93.66999816894533,93.69499969482422,93.66999816894533,93.68000030517578,11971
2026-09-15 18:10:00+00:00,93.69499969482422,93.7300033569336,93.68499755859376,93.7300033569336,16355
2026-09-15 18:11:00+00:00,93.7300033569336,93.80999755859376,93.7300033569336,93.8000030517578,12897
2026-09-15 18:12:00+00:00,93.80500030517578,93.91000366210938,93.8000030517578,93.91000366210938,27199
2026-09-15 18:13:00+00:00,93.9000015258789,93.94000244140624,93.8949966430664,93.91999816894533,20225
2026-09-15 18:14:00+00:00,93.93000030517578,93.93499755859376,93.8499984741211,93.86000061035156,14731
2026-09-15 18:15:00+00:00,93.87000274658205,93.87999725341795,93.83000183105467,93.87999725341795,10997
2026-09-15 18:16:00+00:00,93.87999725341795,93.88999938964844,93.81999969482422,93.87000274658205,49164
2026-09-15 18:17:00+00:00,93.86499786376952,93.97000122070312,93.8499984741211,93.93499755859376,37960
2026-09-15 18:18:00+00:00,93.95999908447266,93.95999908447266,93.88500213623048,93.93000030517578,13204
2026-09-15 18:19:00+00:00,93.94000244140624,93.98500061035156,93.91500091552734,93.95999908447266,17408
2026-09-15 18:20:00+00:00,93.97000122070312,93.98999786376952,93.94499969482422,93.95999908447266,7265
2026-09-15 18:21:00+00:00,93.97000122070312,93.9800033569336,93.91500091552734,93.94000244140624,10435
2026-09-15 18:22:00+00:00,93.93000030517578,93.9499969482422,93.91500091552734,93.94439697265624,13349
2026-09-15 18:23:00+00:00,93.94000244140624,93.97000122070312,93.93499755859376,93.96499633789062,5430
2026-09-15 18:24:00+00:00,93.97000122070312,93.9800033569336,93.97000122070312,93.9749984741211,8501
2026-09-15 18:25:00+00:00,93.97010040283205,94.0199966430664,93.97000122070312,94.0199966430664,30882
2026-09-15 18:26:00+00:00,94.0250015258789,94.04000091552734,93.95230102539062,94.04000091552734,24924
2026-09-15 18:27:00+00:00,94.04000091552734,94.04000091552734,93.95999908447266,93.95999908447266,14661
2026-09-15 18:28:00+00:00,93.97000122070312,94.01000213623048,93.95500183105467,93.9800033569336,16693
2026-09-15 18:29:00+00:00,93.98999786376952,94.01000213623048,93.96499633789062,93.96499633789062,12263
2026-09-15 18:30:00+00:00,93.95999908447266,93.96499633789062,93.87999725341795,93.88999938964844,22263
2026-09-15 18:31:00+00:00,93.8949966430664,93.9499969482422,93.8949966430664,93.94000244140624,33365
2026-09-15 18:32:00+00:00,93.94000244140624,93.94000244140624,93.90499877929688,93.90499877929688,21519
2026-09-15 18:33:00+00:00,93.9011001586914,93.94049835205078,93.9011001586914,93.94000244140624,12951
2026-09-15 18:34:00+00:00,93.93000030517578,93.95989990234376,93.91500091552734,93.93000030517578,8987
2026-09-15 18:35:00+00:00,93.93000030517578,93.94499969482422,93.90499877929688,93.91619873046876,6486
2026-09-15 18:36:00+00:00,93.91999816894533,93.93000030517578,93.90499877929688,93.91000366210938,11774
2026-09-15 18:37:00+00:00,93.91500091552734,93.91500091552734,93.875,93.90499877929688,14673
2026-09-15 18:38:00+00:00,93.9000015258789,93.91500091552734,93.88999938964844,93.91500091552734,7438
2026-09-15 18:39:00+00:00,93.91500091552734,93.93499755859376,93.91000366210938,93.91999816894533,7908
2026-09-15 18:40:00+00:00,93.91010284423828,93.91100311279295,93.88999938964844,93.91000366210938,8668
2026-09-15 18:41:00+00:00,93.91000366210938,94.06999969482422,93.9000015258789,94.06999969482422,58748
2026-09-15 18:42:00+00:00,94.0749969482422,94.08000183105467,93.9499969482422,93.95500183105467,11669
2026-09-15 18:43:00+00:00,93.96499633789062,93.98500061035156,93.91999816894533,93.93000030517578,6413
2026-09-15 18:44:00+00:00,93.93000030517578,93.9499969482422,93.87999725341795,93.87999725341795,17652
2026-09-15 18:45:00+00:00,93.875,93.91000366210938,93.8499984741211,93.91000366210938,12125
2026-09-15 18:46:00+00:00,93.9000015258789,93.95999908447266,93.88999938964844,93.9000015258789,19595
2026-09-15 18:47:00+00:00,93.875,93.9499969482422,93.875,93.94000244140624,11228
2026-09-15 18:48:00+00:00,93.93000030517578,93.94000244140624,93.87999725341795,93.9000015258789,12557
2026-09-15 18:49:00+00:00,93.9000015258789,93.9800033569336,93.88999938964844,93.9800033569336,25797
2026-09-15 18:50:00+00:00,93.9800033569336,94.05049896240234,93.9800033569336,94.0500030517578,12785
2026-09-15 18:51:00+00:00,94.04000091552734,94.16000366210938,94.02010345458984,94.1449966430664,50677
2026-09-15 18:52:00+00:00,94.1449966430664,94.1999969482422,94.13999938964844,94.19000244140624,36658
2026-09-15 18:53:00+00:00,94.19000244140624,94.19000244140624,94.12999725341795,94.13999938964844,17202
2026-09-15 18:54:00+00:00,94.1500015258789,94.15499877929688,94.12000274658205,94.1449966430664,15372
2026-09-15 18:55:00+00:00,94.1500015258789,94.1500015258789,94.08999633789062,94.125,22066
2026-09-15 18:56:00+00:00,94.125,94.13500213623048,94.0999984741211,94.12999725341795,29395
2026-09-15 18:57:00+00:00,94.12850189208984,94.14510345458984,94.11000061035156,94.11499786376952,18049
2026-09-15 18:58:00+00:00,94.1050033569336,94.16000366210938,94.1050033569336,94.12999725341795,15328
2026-09-15 18:59:00+00:00,94.13999938964844,94.19000244140624,94.11000061035156,94.16500091552734,17152
2026-09-15 19:00:00+00:00,94.16999816894533,94.27999877929688,94.16999816894533,94.2750015258789,15420
2026-09-15 19:01:00+00:00,94.27999877929688,94.31999969482422,94.25,94.25499725341795,34931
2026-09-15 19:02:00+00:00,94.25,94.26100158691406,94.1500015258789,94.18499755859376,31156
2026-09-15 19:03:00+00:00,94.1720962524414,94.20999908447266,94.16000366210938,94.16500091552734,28565
2026-09-15 19:04:00+00:00,94.15499877929688,94.1750030517578,94.11000061035156,94.11000061035156,11030
2026-09-15 19:05:00+00:00,94.11000061035156,94.13999938964844,94.04000091552734,94.04000091552734,27696
2026-09-15 19:06:00+00:00,94.03500366210938,94.05989837646484,94.0250015258789,94.0500030517578,16469
2026-09-15 19:07:00+00:00,94.0500030517578,94.1050033569336,94.0199966430664,94.09750366210938,15813
2026-09-15 19:08:00+00:00,94.09500122070312,94.09500122070312,94.0500030517578,94.05999755859376,12643
2026-09-15 19:09:00+00:00,94.06500244140624,94.06999969482422,94.02999877929688,94.04000091552734,16255
2026-09-15 19:10:00+00:00,94.02989959716795,94.02999877929688,93.9800033569336,93.98999786376952,20811
2026-09-15 19:11:00+00:00,93.98999786376952,93.99500274658205,93.91999816894533,93.9800033569336,39353
2026-09-15 19:12:00+00:00,93.97000122070312,93.97000122070312,93.93000030517578,93.94499969482422,14318
2026-09-15 19:13:00+00:00,93.94499969482422,93.94499969482422,93.8949966430664,93.94000244140624,21263
2026-09-15 19:14:00+00:00,93.94000244140624,93.94000244140624,93.91000366210938,93.91999816894533,17076
2026-09-15 19:15:00+00:00,93.91500091552734,93.95500183105467,93.9000015258789,93.94499969482422,17925
2026-09-15 19:16:00+00:00,93.94000244140624,93.97000122070312,93.93499755859376,93.95999908447266,17226
2026-09-15 19:17:00+00:00,93.95999908447266,93.9800033569336,93.95500183105467,93.9800033569336,9156
2026-09-15 19:18:00+00:00,93.97000122070312,93.98999786376952,93.96499633789062,93.9749984741211,10852
2026-09-15 19:19:00+00:00,93.97000122070312,93.97000122070312,93.94000244140624,93.94000244140624,18812
2026-09-15 19:20:00+00:00,93.93000030517578,93.9499969482422,93.87999725341795,93.87999725341795,13607
2026-09-15 19:21:00+00:00,93.88500213623048,93.9000015258789,93.86499786376952,93.86499786376952,28753
2026-09-15 19:22:00+00:00,93.86000061035156,93.9000015258789,93.86000061035156,93.89199829101562,28666
2026-09-15 19:23:00+00:00,93.8949966430664,93.95999908447266,93.88999938964844,93.95500183105467,14936
2026-09-15 19:24:00+00:00,93.9499969482422,93.97000122070312,93.94000244140624,93.97000122070312,13707
2026-09-15 19:25:00+00:00,93.9749984741211,93.9800033569336,93.95999908447266,93.97000122070312,12192
2026-09-15 19:26:00+00:00,93.9749984741211,93.98500061035156,93.95999908447266,93.9800033569336,12627
2026-09-15 19:27:00+00:00,93.97000122070312,93.99500274658205,93.97000122070312,93.98500061035156,10983
2026-09-15 19:28:00+00:00,93.9800033569336,94.01000213623048,93.9800033569336,94.00749969482422,9593
2026-09-15 19:29:00+00:00,94.00499725341795,94.03500366210938,93.9800033569336,94.0199966430664,24783
2026-09-15 19:30:00+00:00,94.01000213623048,94.0199966430664,93.94329833984376,93.94329833984376,33377
2026-09-15 19:31:00+00:00,93.9499969482422,94.04000091552734,93.9499969482422,94.03500366210938,33858
2026-09-15 19:32:00+00:00,94.03500366210938,94.04000091552734,94.00499725341795,94.02999877929688,21166
2026-09-15 19:33:00+00:00,94.0250015258789,94.02999877929688,94.0,94.00499725341795,20503
2026-09-15 19:34:00+00:00,94.00499725341795,94.0199966430664,93.98999786376952,94.0,23661
2026-09-15 19:35:00+00:00,94.0,94.04000091552734,93.98380279541016,94.0199966430664,19354
2026-09-15 19:36:00+00:00,94.01499938964844,94.03099822998048,93.98650360107422,93.98999786376952,22889
2026-09-15 19:37:00+00:00,93.98999786376952,94.0199966430664,93.97000122070312,94.01000213623048,21837
2026-09-15 19:38:00+00:00,94.01000213623048,94.0199966430664,93.9800033569336,94.01000213623048,17401
2026-09-15 19:39:00+00:00,94.01499938964844,94.04000091552734,94.01000213623048,94.0250015258789,14511
2026-09-15 19:40:00+00:00,94.0199966430664,94.05999755859376,94.0,94.0500030517578,27534
2026-09-15 19:41:00+00:00,94.04499816894533,94.05999755859376,94.0199966430664,94.04000091552734,28382
2026-09-15 19:42:00+00:00,94.03500366210938,94.08999633789062,94.02999877929688,94.04000091552734,28410
2026-09-15 19:43:00+00:00,94.04499816894533,94.06999969482422,94.0199966430664,94.0250015258789,34837
2026-09-15 19:44:00+00:00,94.0250015258789,94.05500030517578,94.01499938964844,94.0199966430664,21474
2026-09-15 19:45:00+00:00,94.0199966430664,94.0199966430664,93.97000122070312,93.97000122070312,40295
2026-09-15 19:46:00+00:00,93.97000122070312,94.0199966430664,93.97000122070312,94.01000213623048,25384
2026-09-15 19:47:00+00:00,94.0,94.04000091552734,94.0,94.0,23193
2026-09-15 19:48:00+00:00,94.0,94.04000091552734,93.98999786376952,93.98999786376952,32578
2026-09-15 19:49:00+00:00,93.98999786376952,94.04499816894533,93.9800033569336,94.01499938964844,38375
2026-09-15 19:50:00+00:00,94.01000213623048,94.05999755859376,93.95999908447266,93.97000122070312,96645
2026-09-15 19:51:00+00:00,93.9800033569336,93.98030090332033,93.91999816894533,93.97000122070312,51217
2026-09-15 19:52:00+00:00,93.95999908447266,93.95999908447266,93.83000183105467,93.8499984741211,85703
2026-09-15 19:53:00+00:00,93.86000061035156,93.91999816894533,93.84500122070312,93.89859771728516,52313
2026-09-15 19:54:00+00:00,93.9000015258789,93.97000122070312,93.87999725341795,93.94000244140624,764979
2026-09-15 19:55:00+00:00,93.93499755859376,93.95500183105467,93.87000274658205,93.9000015258789,83819
2026-09-15 19:56:00+00:00,93.90499877929688,93.9800033569336,93.88999938964844,93.9800033569336,94302
2026-09-15 19:57:00+00:00,93.9800033569336,94.0,93.95999908447266,93.98999786376952,82839
2026-09-15 19:58:00+00:00,93.98999786376952,94.11000061035156,93.95999908447266,94.0749969482422,191528
2026-09-15 19:59:00+00:00,94.05999755859376,94.16000366210938,94.05999755859376,94.12000274658205,221905
2026-09-16 13:30:00+00:00,95.9800033569336,95.9800033569336,95.5,95.65499877929688,760198
2026-09-16 13:31:00+00:00,95.6500015258789,95.8000030517578,95.54000091552734,95.66000366210938,41081
2026-09-16 13:32:00+00:00,95.68000030517578,95.75,95.44000244140624,95.55999755859376,71828
2026-09-16 13:33:00+00:00,95.55999755859376,95.8499984741211,95.53500366210938,95.69000244140624,73610
2026-09-16 13:34:00+00:00,95.72000122070312,95.73500061035156,95.45999908447266,95.48999786376952,131375
2026-09-16 13:35:00+00:00,95.47786712646484,95.62999725341795,95.45999908447266,95.58000183105467,61462
2026-09-16 13:36:00+00:00,95.58999633789062,95.58999633789062,95.31999969482422,95.36000061035156,103388
2026-09-16 13:37:00+00:00,95.33999633789062,95.35070037841795,95.13999938964844,95.2300033569336,103525
2026-09-16 13:38:00+00:00,95.25,95.33000183105467,95.16500091552734,95.31999969482422,36369
2026-09-16 13:39:00+00:00,95.31999969482422,95.33999633789062,95.19000244140624,95.19000244140624,30507
2026-09-16 13:40:00+00:00,95.1999969482422,95.31999969482422,95.16000366210938,95.23500061035156,114160
2026-09-16 13:41:00+00:00,95.1999969482422,95.3499984741211,95.19000244140624,95.2300033569336,53255
2026-09-16 13:42:00+00:00,95.22000122070312,95.23999786376952,95.12000274658205,95.23999786376952,43693
2026-09-16 13:43:00+00:00,95.23500061035156,95.2750015258789,95.0500030517578,95.0999984741211,44418
2026-09-16 13:44:00+00:00,95.0999984741211,95.16000366210938,94.87999725341795,94.87999725341795,49273
2026-09-16 13:45:00+00:00,94.88999938964844,94.95999908447266,94.80999755859376,94.83000183105467,63504
2026-09-16 13:46:00+00:00,94.83000183105467,94.9800033569336,94.79000091552734,94.97000122070312,50321
2026-09-16 13:47:00+00:00,94.9800033569336,95.0,94.9000015258789,95.0,19270
2026-09-16 13:48:00+00:00,95.0199966430664,95.0199966430664,94.8000030517578,94.9000015258789,26486
2026-09-16 13:49:00+00:00,94.9000015258789,94.93499755859376,94.77999877929688,94.80999755859376,20900
2026-09-16 13:50:00+00:00,94.81999969482422,94.95999908447266,94.81500244140624,94.88999938964844,26930
2026-09-16 13:51:00+00:00,94.91500091552734,94.94000244140624,94.83000183105467,94.83999633789062,20641
2026-09-16 13:52:00+00:00,94.81999969482422,94.83000183105467,94.58999633789062,94.5999984741211,22527
2026-09-16 13:53:00+00:00,94.61000061035156,94.70999908447266,94.56009674072266,94.69000244140624,40143
2026-09-16 13:54:00+00:00,94.66000366210938,94.66000366210938,94.52999877929688,94.6500015258789,36004
2026-09-16 13:55:00+00:00,94.6500015258789,94.6999969482422,94.58000183105467,94.66999816894533,19797
2026-09-16 13:56:00+00:00,94.68000030517578,94.69000244140624,94.5500030517578,94.5500030517578,33121
2026-09-16 13:57:00+00:00,94.55500030517578,94.63999938964844,94.5199966430664,94.61000061035156,23524
2026-09-16 13:58:00+00:00,94.61000061035156,94.66000366210938,94.5,94.5199966430664,20124
2026-09-16 13:59:00+00:00,94.52279663085938,94.55999755859376,94.44000244140624,94.51000213623048,30514
2026-09-16 14:00:00+00:00,94.48999786376952,94.50499725341795,94.43000030517578,94.43000030517578,32302
2026-09-16 14:01:00+00:00,94.41999816894533,94.58999633789062,94.41000366210938,94.55999755859376,39014
2026-09-16 14:02:00+00:00,94.56999969482422,94.58000183105467,94.3459014892578,94.37999725341795,42840
2026-09-16 14:03:00+00:00,94.38999938964844,94.41000366210938,94.27999877929688,94.29000091552734,27913
2026-09-16 14:04:00+00:00,94.29000091552734,94.34500122070312,94.23999786376952,94.23999786376952,23187
2026-09-16 14:05:00+00:00,94.25,94.31999969482422,94.0749969482422,94.08000183105467,61193
2026-09-16 14:06:00+00:00,94.06999969482422,94.08000183105467,93.94499969482422,94.01000213623048,66996
2026-09-16 14:07:00+00:00,94.0,94.04000091552734,93.94000244140624,94.0,31638
2026-09-16 14:08:00+00:00,94.01000213623048,94.20989990234376,93.95999908447266,94.20989990234376,61298
2026-09-16 14:09:00+00:00,94.1999969482422,94.26000213623048,94.15499877929688,94.2249984741211,120600
2026-09-16 14:10:00+00:00,94.2300033569336,94.41000366210938,94.2300033569336,94.36009979248048,90443
2026-09-16 14:11:00+00:00,94.3499984741211,94.5500030517578,94.33000183105467,94.4000015258789,166116
2026-09-16 14:12:00+00:00,94.4000015258789,94.4792022705078,94.37999725341795,94.4499969482422,31305
2026-09-16 14:13:00+00:00,94.45999908447266,94.51000213623048,94.37999725341795,94.38500213623048,26303
2026-09-16 14:14:00+00:00,94.37999725341795,94.54000091552734,94.375,94.51000213623048,85245
2026-09-16 14:15:00+00:00,94.51000213623048,94.5199966430664,94.3499984741211,94.43000030517578,52794
2026-09-16 14:16:00+00:00,94.4499969482422,94.4499969482422,94.26000213623048,94.26000213623048,145019
2026-09-16 14:17:00+00:00,94.25,94.25,94.08000183105467,94.11499786376952,22506
2026-09-16 14:18:00+00:00,94.12000274658205,94.1771011352539,94.0199966430664,94.05999755859376,30690
2026-09-16 14:19:00+00:00,94.04000091552734,94.04000091552734,93.88999938964844,93.88999938964844,31241
2026-09-16 14:20:00+00:00,93.87999725341795,93.9000015258789,93.81999969482422,93.89990234375,38889
2026-09-16 14:21:00+00:00,93.87000274658205,94.04000091552734,93.80010223388672,94.02880096435548,40288
2026-09-16 14:22:00+00:00,94.02999877929688,94.04499816894533,93.93379974365234,94.0199966430664,28324
2026-09-16 14:23:00+00:00,94.00499725341795,94.00499725341795,93.86000061035156,93.8949966430664,22393
2026-09-16 14:24:00+00:00,93.9000015258789,94.0,93.88999938964844,93.9000015258789,47967
2026-09-16 14:25:00+00:00,93.9000015258789,93.96499633789062,93.88999938964844,93.94000244140624,36421
2026-09-16 14:26:00+00:00,93.94000244140624,94.04000091552734,93.88999938964844,94.01000213623048,20621
2026-09-16 14:27:00+00:00,94.0,94.00990295410156,93.91999816894533,94.0,16845
2026-09-16 14:28:00+00:00,94.0,94.0696029663086,93.9800033569336,94.00499725341795,24398
2026-09-16 14:29:00+00:00,94.01000213623048,94.13999938964844,94.01000213623048,94.12999725341795,22942
2026-09-16 14:30:00+00:00,94.12000274658205,94.13999938964844,94.04000091552734,94.08000183105467,16583
2026-09-16 14:31:00+00:00,94.04219818115234,94.0500030517578,93.91999816894533,93.91999816894533,23896
2026-09-16 14:32:00+00:00,93.95999908447266,94.08000183105467,93.9499969482422,94.08000183105467,18412
2026-09-16 14:33:00+00:00,94.08999633789062,94.0999984741211,94.0,94.01499938964844,15802
2026-09-16 14:34:00+00:00,94.0199966430664,94.06999969482422,94.00499725341795,94.02999877929688,11731
2026-09-16 14:35:00+00:00,94.02999877929688,94.16999816894533,94.02999877929688,94.09500122070312,18460
2026-09-16 14:36:00+00:00,94.0999984741211,94.1500015258789,94.09500122070312,94.11499786376952,28900
2026-09-16 14:37:00+00:00,94.11499786376952,94.2699966430664,94.11499786376952,94.25779724121094,14396
2026-09-16 14:38:00+00:00,94.27999877929688,94.27999877929688,94.22000122070312,94.25,132490
2026-09-16 14:39:00+00:00,94.25,94.2699966430664,94.13500213623048,94.13999938964844,17784
2026-09-16 14:40:00+00:00,94.1500015258789,94.26000213623048,94.1500015258789,94.23999786376952,23846
2026-09-16 14:41:00+00:00,94.25,94.3000030517578,94.2300033569336,94.3000030517578,23712
2026-09-16 14:42:00+00:00,94.29499816894533,94.33999633789062,94.25,94.2699966430664,77595
2026-09-16 14:43:00+00:00,94.26000213623048,94.3000030517578,94.22000122070312,94.3000030517578,9082
2026-09-16 14:44:00+00:00,94.27999877929688,94.4000015258789,94.23999786376952,94.37000274658205,28868
2026-09-16 14:45:00+00:00,94.37999725341795,94.4000015258789,94.34500122070312,94.4000015258789,18427
2026-09-16 14:46:00+00:00,94.4000015258789,94.44000244140624,94.34500122070312,94.41999816894533,21908
2026-09-16 14:47:00+00:00,94.43000030517578,94.5199966430664,94.4000015258789,94.5,27979
2026-09-16 14:48:00+00:00,94.51000213623048,94.62000274658205,94.51000213623048,94.61000061035156,39572
2026-09-16 14:49:00+00:00,94.61000061035156,94.73999786376952,94.61000061035156,94.69010162353516,47532
2026-09-16 14:50:00+00:00,94.6999969482422,94.8499984741211,94.69499969482422,94.83999633789062,60387
2026-09-16 14:51:00+00:00,94.84500122070312,94.91999816894533,94.79000091552734,94.91000366210938,74107
2026-09-16 14:52:00+00:00,94.91999816894533,94.98500061035156,94.81999969482422,94.83000183105467,169571
2026-09-16 14:53:00+00:00,94.83000183105467,94.83999633789062,94.68000030517578,94.71499633789062,96316
2026-09-16 14:54:00+00:00,94.72000122070312,94.73999786376952,94.51000213623048,94.5199966430664,52907
2026-09-16 14:55:00+00:00,94.51000213623048,94.5999984741211,94.4499969482422,94.47000122070312,36091
2026-09-16 14:56:00+00:00,94.47000122070312,94.5199966430664,94.41000366210938,94.42269897460938,28104
2026-09-16 14:57:00+00:00,94.43000030517578,94.5500030517578,94.43000030517578,94.53500366210938,63375
2026-09-16 14:58:00+00:00,94.51000213623048,94.66500091552734,94.51000213623048,94.66500091552734,34039
2026-09-16 14:59:00+00:00,94.66999816894533,94.81500244140624,94.66999816894533,94.80999755859376,37979
2026-09-16 15:00:00+00:00,94.81999969482422,94.87000274658205,94.7750015258789,94.86000061035156,44055
2026-09-16 15:01:00+00:00,94.87000274658205,94.9000015258789,94.75,94.75,21657
2026-09-16 15:02:00+00:00,94.76000213623048,94.7699966430664,94.58000183105467,94.58999633789062,22466
2026-09-16 15:03:00+00:00,94.58499908447266,94.68000030517578,94.54000091552734,94.66500091552734,44351
2026-09-16 15:04:00+00:00,94.63999938964844,94.66999816894533,94.48500061035156,94.48999786376952,22414
2026-09-16 15:05:00+00:00,94.51000213623048,94.56999969482422,94.50499725341795,94.5199966430664,15482
2026-09-16 15:06:00+00:00,94.52999877929688,94.58000183105467,94.47000122070312,94.58000183105467,20501
2026-09-16 15:07:00+00:00,94.58000183105467,94.94000244140624,94.58000183105467,94.80999755859376,99591
2026-09-16 15:08:00+00:00,94.8000030517578,94.91500091552734,94.79000091552734,94.8499984741211,32659
2026-09-16 15:09:00+00:00,94.8718490600586,94.9800033569336,94.83999633789062,94.93000030517578,19809
2026-09-16 15:10:00+00:00,94.91999816894533,94.98999786376952,94.87999725341795,94.9000015258789,21029
2026-09-16 15:11:00+00:00,94.8949966430664,94.94000244140624,94.75,94.76000213623048,45051
2026-09-16 15:12:00+00:00,94.72000122070312,94.7300033569336,94.58000183105467,94.68000030517578,32748
2026-09-16 15:13:00+00:00,94.69000244140624,94.80999755859376,94.68000030517578,94.80999755859376,18508
2026-09-16 15:14:00+00:00,94.80999755859376,94.88999938964844,94.6999969482422,94.6999969482422,15309
2026-09-16 15:15:00+00:00,94.69000244140624,94.7249984741211,94.62999725341795,94.66999816894533,57915
2026-09-16 15:16:00+00:00,94.68000030517578,94.81999969482422,94.68000030517578,94.75990295410156,70137
2026-09-16 15:17:00+00:00,94.76000213623048,94.7750015258789,94.62999725341795,94.62999725341795,26636
2026-09-16 15:18:00+00:00,94.62999725341795,94.76000213623048,94.62000274658205,94.75759887695312,14591
2026-09-16 15:19:00+00:00,94.75,94.76000213623048,94.6999969482422,94.7300033569336,42760
2026-09-16 15:20:00+00:00,94.7300033569336,94.75,94.63999938964844,94.66000366210938,40576
2026-09-16 15:21:00+00:00,94.6500015258789,94.6999969482422,94.6500015258789,94.69000244140624,18967
2026-09-16 15:22:00+00:00,94.6999969482422,94.75,94.66500091552734,94.66500091552734,46184
2026-09-16 15:23:00+00:00,94.66999816894533,94.6750030517578,94.58499908447266,94.66000366210938,26930
2026-09-16 15:24:00+00:00,94.66000366210938,94.68000030517578,94.5999984741211,94.62000274658205,11942
2026-09-16 15:25:00+00:00,94.61000061035156,94.62000274658205,94.5500030517578,94.58000183105467,7741
2026-09-16 15:26:00+00:00,94.55999755859376,94.55999755859376,94.47000122070312,94.48999786376952,15148
2026-09-16 15:27:00+00:00,94.4800033569336,94.5,94.45999908447266,94.48069763183594,8201
2026-09-16 15:28:00+00:00,94.48999786376952,94.5,94.4499969482422,94.4499969482422,8481
2026-09-16 15:29:00+00:00,94.46990203857422,94.4800033569336,94.41999816894533,94.41999816894533,13518
2026-09-16 15:30:00+00:00,94.4250030517578,94.43000030517578,94.36499786376952,94.40499877929688,26268
2026-09-16 15:31:00+00:00,94.41000366210938,94.44499969482422,94.3949966430664,94.43000030517578,22010
2026-09-16 15:32:00+00:00,94.41000366210938,94.41000366210938,94.3499984741211,94.3499984741211,20464
2026-09-16 15:33:00+00:00,94.37000274658205,94.38999938964844,94.3499984741211,94.37999725341795,9145
2026-09-16 15:34:00+00:00,94.37999725341795,94.4800033569336,94.37999725341795,94.4800033569336,10436
2026-09-16 15:35:00+00:00,94.48999786376952,94.5500030517578,94.46990203857422,94.54000091552734,15513
2026-09-16 15:36:00+00:00,94.5500030517578,94.63500213623048,94.54000091552734,94.62999725341795,16728
2026-09-16 15:37:00+00:00,94.63500213623048,94.6500015258789,94.58999633789062,94.61000061035156,10548
2026-09-16 15:38:00+00:00,94.61499786376952,94.6750030517578,94.58000183105467,94.66999816894533,14113
2026-09-16 15:39:00+00:00,94.6793975830078,94.68000030517578,94.63500213623048,94.63500213623048,10473
2026-09-16 15:40:00+00:00,94.63999938964844,94.66000366210938,94.62000274658205,94.62000274658205,19167
2026-09-16 15:41:00+00:00,94.62000274658205,94.65499877929688,94.61000061035156,94.625,8785
2026-09-16 15:42:00+00:00,94.62999725341795,94.66000366210938,94.62999725341795,94.6449966430664,10417
2026-09-16 15:43:00+00:00,94.6500015258789,94.66000366210938,94.625,94.6449966430664,8803
2026-09-16 15:44:00+00:00,94.6500015258789,94.68000030517578,94.6500015258789,94.65499877929688,10620
2026-09-16 15:45:00+00:00,94.62999725341795,94.66999816894533,94.61319732666016,94.61319732666016,12910
2026-09-16 15:46:00+00:00,94.62000274658205,94.63999938964844,94.61000061035156,94.62000274658205,7252
2026-09-16 15:47:00+00:00,94.62999725341795,95.12000274658205,94.625,94.87000274658205,187969
2026-09-16 15:48:00+00:00,94.86000061035156,94.91000366210938,94.7300033569336,94.7300033569336,18221
2026-09-16 15:49:00+00:00,94.72000122070312,94.73500061035156,94.58999633789062,94.6500015258789,20526
2026-09-16 15:50:00+00:00,94.66999816894533,94.68000030517578,94.48999786376952,94.51499938964844,16913
2026-09-16 15:51:00+00:00,94.51499938964844,94.61000061035156,94.51000213623048,94.5199966430664,15920
2026-09-16 15:52:00+00:00,94.55999755859376,94.66000366210938,94.52999877929688,94.66000366210938,16686
2026-09-16 15:53:00+00:00,94.66000366210938,94.66000366210938,94.54000091552734,94.54000091552734,29017
2026-09-16 15:54:00+00:00,94.54000091552734,94.56500244140624,94.51499938964844,94.5500030517578,8486
2026-09-16 15:55:00+00:00,94.5500030517578,94.5999984741211,94.52999877929688,94.56999969482422,10991
2026-09-16 15:56:00+00:00,94.58999633789062,94.58999633789062,94.4800033569336,94.4801025390625,17602
2026-09-16 15:57:00+00:00,94.5,94.5500030517578,94.48999786376952,94.52999877929688,10863
2026-09-16 15:58:00+00:00,94.5199966430664,94.61499786376952,94.51499938964844,94.55999755859376,38094
2026-09-16 15:59:00+00:00,94.55500030517578,94.58000183105467,94.54499816894533,94.5500030517578,10479
2026-09-16 16:00:00+00:00,94.5500030517578,94.55999755859376,94.4499969482422,94.4499969482422,20982
2026-09-16 16:01:00+00:00,94.45999908447266,94.4800033569336,94.4000015258789,94.44000244140624,18226
2026-09-16 16:02:00+00:00,94.41999816894533,94.43000030517578,94.4000015258789,94.41000366210938,7651
2026-09-16 16:03:00+00:00,94.40499877929688,94.40499877929688,94.33000183105467,94.3499984741211,12500
2026-09-16 16:04:00+00:00,94.36000061035156,94.37000274658205,94.33499908447266,94.33499908447266,10636
2026-09-16 16:05:00+00:00,94.33000183105467,94.3499984741211,94.31999969482422,94.33000183105467,19253
2026-09-16 16:06:00+00:00,94.33999633789062,94.3499984741211,94.31999969482422,94.33000183105467,4782
2026-09-16 16:07:00+00:00,94.33000183105467,94.41999816894533,94.3249969482422,94.41000366210938,4904
2026-09-16 16:08:00+00:00,94.4000015258789,94.44000244140624,94.38999938964844,94.44000244140624,11825
2026-09-16 16:09:00+00:00,94.43000030517578,94.43000030517578,94.36000061035156,94.37999725341795,5845
2026-09-16 16:10:00+00:00,94.37000274658205,94.4000015258789,94.3499984741211,94.36000061035156,12238
2026-09-16 16:11:00+00:00,94.3499984741211,94.37000274658205,94.31900024414062,94.37000274658205,4363
2026-09-16 16:12:00+00:00,94.37999725341795,94.38999938964844,94.33499908447266,94.3550033569336,8914
2026-09-16 16:13:00+00:00,94.35990142822266,94.38999938964844,94.3499984741211,94.38999938964844,8658
2026-09-16 16:14:00+00:00,94.37000274658205,94.37000274658205,94.33000183105467,94.36000061035156,11400
2026-09-16 16:15:00+00:00,94.37000274658205,94.41000366210938,94.37000274658205,94.3949966430664,10805
2026-09-16 16:16:00+00:00,94.4000015258789,94.41000366210938,94.37000274658205,94.375,8735
2026-09-16 16:17:00+00:00,94.37000274658205,94.37999725341795,94.33000183105467,94.3499984741211,7086
2026-09-16 16:18:00+00:00,94.3499984741211,94.36499786376952,94.30999755859376,94.30999755859376,6614
2026-09-16 16:19:00+00:00,94.3000030517578,94.33000183105467,94.27999877929688,94.3249969482422,9908
2026-09-16 16:20:00+00:00,94.33000183105467,94.34559631347656,94.29000091552734,94.3000030517578,7398
2026-09-16 16:21:00+00:00,94.30999755859376,94.30999755859376,94.24500274658205,94.24500274658205,7330
2026-09-16 16:22:00+00:00,94.23999786376952,94.23999786376952,94.21499633789062,94.22000122070312,4839
2026-09-16 16:23:00+00:00,94.2300033569336,94.23999786376952,94.21499633789062,94.22000122070312,7994
2026-09-16 16:24:00+00:00,94.1999969482422,94.20999908447266,94.15499877929688,94.18000030517578,12244
2026-09-16 16:25:00+00:00,94.18000030517578,94.19499969482422,94.15499877929688,94.1750030517578,10712
2026-09-16 16:26:00+00:00,94.18000030517578,94.19000244140624,94.12999725341795,94.13999938964844,6348
2026-09-16 16:27:00+00:00,94.13999938964844,94.13999938964844,94.08999633789062,94.1050033569336,12139
2026-09-16 16:28:00+00:00,94.0999984741211,94.12999725341795,94.08999633789062,94.125,9981
2026-09-16 16:29:00+00:00,94.12950134277344,94.16000366210938,94.11000061035156,94.16000366210938,7626
2026-09-16 16:30:00+00:00,94.19000244140624,94.1999969482422,94.18000030517578,94.19000244140624,6862
2026-09-16 16:31:00+00:00,94.18000030517578,94.24500274658205,94.18000030517578,94.24500274658205,12120
2026-09-16 16:32:00+00:00,94.26000213623048,94.2699966430664,94.23999786376952,94.26000213623048,8176
2026-09-16 16:33:00+00:00,94.2699966430664,94.28500366210938,94.26000213623048,94.26000213623048,7222
2026-09-16 16:34:00+00:00,94.26000213623048,94.30999755859376,94.26000213623048,94.27999877929688,30503
2026-09-16 16:35:00+00:00,94.2699966430664,94.27999877929688,94.23500061035156,94.23500061035156,10920
2026-09-16 16:36:00+00:00,94.23999786376952,94.2699966430664,94.20999908447266,94.20999908447266,54404
2026-09-16 16:37:00+00:00,94.21499633789062,94.21499633789062,94.16999816894533,94.16999816894533,29116
2026-09-16 16:38:00+00:00,94.16999816894533,94.19499969482422,94.1500015258789,94.19000244140624,20999
2026-09-16 16:39:00+00:00,94.1999969482422,94.25,94.1999969482422,94.25,11637
2026-09-16 16:40:00+00:00,94.25,94.28500366210938,94.20999908447266,94.27999877929688,12772
2026-09-16 16:41:00+00:00,94.28500366210938,94.28500366210938,94.23999786376952,94.25,6396
2026-09-16 16:42:00+00:00,94.25,94.25,94.18000030517578,94.19000244140624,10342
2026-09-16 16:43:00+00:00,94.18499755859376,94.1999969482422,94.16000366210938,94.16000366210938,5605
2026-09-16 16:44:00+00:00,94.16999816894533,94.22000122070312,94.16000366210938,94.20500183105467,11376
2026-09-16 16:45:00+00:00,94.1999969482422,94.2300033569336,94.19499969482422,94.22000122070312,5931
2026-09-16 16:46:00+00:00,94.22000122070312,94.26000213623048,94.20999908447266,94.26000213623048,6166
2026-09-16 16:47:00+00:00,94.25,94.26000213623048,94.2249984741211,94.26000213623048,3777
2026-09-16 16:48:00+00:00,94.2699966430664,94.33000183105467,94.2699966430664,94.31500244140624,9948
2026-09-16 16:49:00+00:00,94.30999755859376,94.31999969482422,94.2499008178711,94.25499725341795,7089
2026-09-16 16:50:00+00:00,94.25,94.25499725341795,94.18000030517578,94.20999908447266,12361
2026-09-16 16:51:00+00:00,94.1999969482422,94.2249984741211,94.16999816894533,94.1750030517578,7290
2026-09-16 16:52:00+00:00,94.18000030517578,94.24500274658205,94.16999816894533,94.24500274658205,9594
2026-09-16 16:53:00+00:00,94.23999786376952,94.25,94.21009826660156,94.23500061035156,11131
2026-09-16 16:54:00+00:00,94.2300033569336,94.24829864501952,94.22000122070312,94.2300033569336,7888
2026-09-16 16:55:00+00:00,94.25,94.26000213623048,94.22000122070312,94.26000213623048,5795
2026-09-16 16:56:00+00:00,94.2699966430664,94.2699966430664,94.1999969482422,94.22000122070312,5753
2026-09-16 16:57:00+00:00,94.22000122070312,94.22000122070312,94.18000030517578,94.20999908447266,6991
2026-09-16 16:58:00+00:00,94.22000122070312,94.25,94.22000122070312,94.2300033569336,5592
2026-09-16 16:59:00+00:00,94.22000122070312,94.22000122070312,94.1999969482422,94.21499633789062,4578
2026-09-16 17:00:00+00:00,94.22000122070312,94.2300033569336,94.16000366210938,94.16000366210938,6782
2026-09-16 17:01:00+00:00,94.1500015258789,94.16000366210938,94.08000183105467,94.08000183105467,18622
2026-09-16 17:02:00+00:00,94.06999969482422,94.06999969482422,94.0500030517578,94.06999969482422,7006
2026-09-16 17:03:00+00:00,94.06500244140624,94.1500015258789,94.05999755859376,94.0999984741211,72264
2026-09-16 17:04:00+00:00,94.08989715576172,94.11000061035156,94.08499908447266,94.08999633789062,7646
2026-09-16 17:05:00+00:00,94.09500122070312,94.15859985351562,94.08999633789062,94.13500213623048,8001
2026-09-16 17:06:00+00:00,94.13999938964844,94.16999816894533,94.11000061035156,94.11000061035156,4735
2026-09-16 17:07:00+00:00,94.11000061035156,94.13999938964844,94.08000183105467,94.08999633789062,10599
2026-09-16 17:08:00+00:00,94.08000183105467,94.08999633789062,94.06999969482422,94.06999969482422,7445
2026-09-16 17:09:00+00:00,94.05999755859376,94.1050033569336,94.0500030517578,94.0999984741211,30086
2026-09-16 17:10:00+00:00,94.11000061035156,94.11710357666016,94.08499908447266,94.0999984741211,28277
2026-09-16 17:11:00+00:00,94.1050033569336,94.1050033569336,94.05500030517578,94.05999755859376,17275
2026-09-16 17:12:00+00:00,94.06999969482422,94.08999633789062,94.04499816894533,94.08000183105467,16499
2026-09-16 17:13:00+00:00,94.08499908447266,94.1050033569336,94.08499908447266,94.1050033569336,5338
2026-09-16 17:14:00+00:00,94.1050033569336,94.13999938964844,94.1050033569336,94.12999725341795,4024
2026-09-16 17:15:00+00:00,94.12000274658205,94.16960144042967,94.12000274658205,94.16000366210938,2800
2026-09-16 17:16:00+00:00,94.1500015258789,94.18000030517578,94.12999725341795,94.18000030517578,7883
2026-09-16 17:17:00+00:00,94.18000030517578,94.18000030517578,94.16000366210938,94.16999816894533,8808
2026-09-16 17:18:00+00:00,94.16999816894533,94.1750030517578,94.12999725341795,94.1500015258789,5842
2026-09-16 17:19:00+00:00,94.1449966430664,94.18000030517578,94.13999938964844,94.16500091552734,4815
2026-09-16 17:20:00+00:00,94.18000030517578,94.21499633789062,94.18000030517578,94.21499633789062,20356
2026-09-16 17:21:00+00:00,94.22000122070312,94.23999786376952,94.19000244140624,94.1999969482422,8027
2026-09-16 17:22:00+00:00,94.1999969482422,94.20999908447266,94.16999816894533,94.16999816894533,2680
2026-09-16 17:23:00+00:00,94.16999816894533,94.22000122070312,94.16999816894533,94.20999908447266,4093
2026-09-16 17:24:00+00:00,94.22000122070312,94.23999786376952,94.21990203857422,94.23999786376952,5655
2026-09-16 17:25:00+00:00,94.2500991821289,94.29499816894533,94.24500274658205,94.27999877929688,6028
2026-09-16 17:26:00+00:00,94.27999877929688,94.30999755859376,94.2699966430664,94.30999755859376,8056
2026-09-16 17:27:00+00:00,94.3000030517578,94.33000183105467,94.28500366210938,94.3249969482422,9583
2026-09-16 17:28:00+00:00,94.33499908447266,94.34500122070312,94.28500366210938,94.28500366210938,16779
2026-09-16 17:29:00+00:00,94.28500366210938,94.3249969482422,94.27999877929688,94.3249969482422,13473
2026-09-16 17:30:00+00:00,94.32869720458984,94.35990142822266,94.3249969482422,94.3499984741211,8609
2026-09-16 17:31:00+00:00,94.3499984741211,94.3550033569336,94.3000030517578,94.33999633789062,12282
2026-09-16 17:32:00+00:00,94.36000061035156,94.36000061035156,94.31999969482422,94.36000061035156,11505
2026-09-16 17:33:00+00:00,94.37000274658205,94.38999938964844,94.3550033569336,94.37999725341795,5688
2026-09-16 17:34:00+00:00,94.38500213623048,94.38999938964844,94.33000183105467,94.36000061035156,6953
2026-09-16 17:35:00+00:00,94.36000061035156,94.36499786376952,94.31710052490234,94.33000183105467,12039
2026-09-16 17:36:00+00:00,94.3499984741211,94.3499984741211,94.29000091552734,94.33000183105467,10294
2026-09-16 17:37:00+00:00,94.33499908447266,94.37000274658205,94.31999969482422,94.3550033569336,6270
2026-09-16 17:38:00+00:00,94.36000061035156,94.36499786376952,94.27999877929688,94.28990173339844,7300
2026-09-16 17:39:00+00:00,94.29000091552734,94.30999755859376,94.23999786376952,94.25499725341795,8898
2026-09-16 17:40:00+00:00,94.26000213623048,94.2699966430664,94.22000122070312,94.2699966430664,54418
2026-09-16 17:41:00+00:00,94.2750015258789,94.27999877929688,94.24500274658205,94.26499938964844,11025
2026-09-16 17:42:00+00:00,94.26100158691406,94.2699966430664,94.2300033569336,94.26840209960938,6467
2026-09-16 17:43:00+00:00,94.26619720458984,94.29000091552734,94.2300033569336,94.2699966430664,18372
2026-09-16 17:44:00+00:00,94.2699966430664,94.29000091552734,94.25,94.27999877929688,11537
2026-09-16 17:45:00+00:00,94.2699966430664,94.29499816894533,94.2699966430664,94.27999877929688,16409
2026-09-16 17:46:00+00:00,94.29000091552734,94.33999633789062,94.29000091552734,94.3249969482422,9892
2026-09-16 17:47:00+00:00,94.3249969482422,94.34500122070312,94.29000091552734,94.29000091552734,14220
2026-09-16 17:48:00+00:00,94.29499816894533,94.3499984741211,94.29499816894533,94.34500122070312,9026
2026-09-16 17:49:00+00:00,94.34500122070312,94.3550033569336,94.3000030517578,94.3000030517578,10223
2026-09-16 17:50:00+00:00,94.29000091552734,94.29499816894533,94.25,94.2699966430664,19266
2026-09-16 17:51:00+00:00,94.26000213623048,94.29000091552734,94.23999786376952,94.2750015258789,37774
2026-09-16 17:52:00+00:00,94.27999877929688,94.27999877929688,94.23500061035156,94.2699966430664,23588
2026-09-16 17:53:00+00:00,94.2699966430664,94.2699966430664,94.2300033569336,94.25,7867
2026-09-16 17:54:00+00:00,94.26000213623048,94.2699966430664,94.22000122070312,94.22000122070312,10000
2026-09-16 17:55:00+00:00,94.22000122070312,94.3000030517578,94.22000122070312,94.26499938964844,11047
2026-09-16 17:56:00+00:00,94.2699966430664,94.36000061035156,94.25499725341795,94.36000061035156,17503
2026-09-16 17:57:00+00:00,94.36000061035156,94.44000244140624,94.33000183105467,94.44000244140624,16152
2026-09-16 17:58:00+00:00,94.43000030517578,94.5199966430664,94.41999816894533,94.47000122070312,37331
2026-09-16 17:59:00+00:00,94.45600128173828,95.2300033569336,94.45600128173828,94.56999969482422,186510
2026-09-16 18:00:00+00:00,94.70999908447266,95.06999969482422,93.70999908447266,93.86000061035156,750582
2026-09-16 18:01:00+00:00,93.87000274658205,93.87000274658205,92.7699966430664,92.9800033569336,437951
2026-09-16 18:02:00+00:00,93.0,93.62000274658205,92.87000274658205,93.62000274658205,432262
2026-09-16 18:03:00+00:00,93.56999969482422,93.88999938964844,93.4499969482422,93.4499969482422,207843
2026-09-16 18:04:00+00:00,93.4499969482422,93.58999633789062,93.24500274658205,93.4000015258789,147237
2026-09-16 18:05:00+00:00,93.41999816894533,93.73999786376952,93.41999816894533,93.6999969482422,249964
2026-09-16 18:06:00+00:00,93.69000244140624,93.9499969482422,93.63999938964844,93.81999969482422,94212
2026-09-16 18:07:00+00:00,93.83999633789062,94.0500030517578,93.66999816894533,94.02999877929688,104310
2026-09-16 18:08:00+00:00,94.02999877929688,94.18000030517578,93.8949966430664,94.08000183105467,137210
2026-09-16 18:09:00+00:00,94.06999969482422,94.06999969482422,93.80999755859376,93.8105010986328,47620
2026-09-16 18:10:00+00:00,93.83000183105467,93.9749984741211,93.62999725341795,93.7699966430664,138580
2026-09-16 18:11:00+00:00,93.79000091552734,93.79000091552734,93.12999725341795,93.13999938964844,209957
2026-09-16 18:12:00+00:00,93.12999725341795,93.25,93.0,93.12000274658205,153209
2026-09-16 18:13:00+00:00,93.11000061035156,93.24500274658205,92.9800033569336,93.1698989868164,127414
2026-09-16 18:14:00+00:00,93.16999816894533,93.3000030517578,93.04000091552734,93.0999984741211,68745
2026-09-16 18:15:00+00:00,93.11000061035156,93.16000366210938,92.83999633789062,92.87000274658205,100897
2026-09-16 18:16:00+00:00,92.87000274658205,93.0999984741211,92.81999969482422,92.9800033569336,95769
2026-09-16 18:17:00+00:00,93.0,93.12000274658205,92.86000061035156,93.08000183105467,73213
2026-09-16 18:18:00+00:00,93.11000061035156,93.20999908447266,92.91999816894533,92.91999816894533,63164
2026-09-16 18:19:00+00:00,92.94000244140624,93.37000274658205,92.91000366210938,93.26000213623048,151980
2026-09-16 18:20:00+00:00,93.26000213623048,93.51950073242188,93.12000274658205,93.37999725341795,63434
2026-09-16 18:21:00+00:00,93.37999725341795,93.5,93.31999969482422,93.375,66747
2026-09-16 18:22:00+00:00,93.4000015258789,93.4499969482422,93.23999786376952,93.26499938964844,52489
2026-09-16 18:23:00+00:00,93.2300033569336,93.29989624023438,93.12999725341795,93.29989624023438,49875
2026-09-16 18:24:00+00:00,93.3000030517578,93.44000244140624,93.18000030517578,93.19000244140624,48478
2026-09-16 18:25:00+00:00,93.19000244140624,93.25,93.11000061035156,93.16999816894533,72613
2026-09-16 18:26:00+00:00,93.18000030517578,93.31999969482422,93.13999938964844,93.23999786376952,45904
2026-09-16 18:27:00+00:00,93.23999786376952,93.23999786376952,93.1050033569336,93.18379974365234,42529
2026-09-16 18:28:00+00:00,93.16000366210938,93.29000091552734,93.08000183105467,93.25,50716
2026-09-16 18:29:00+00:00,93.27999877929688,93.4499969482422,93.23500061035156,93.44499969482422,71175
2026-09-16 18:30:00+00:00,93.44000244140624,93.4800033569336,93.02999877929688,93.08999633789062,101501
2026-09-16 18:31:00+00:00,93.08000183105467,93.08000183105467,92.72000122070312,92.9250030517578,186898
2026-09-16 18:32:00+00:00,92.97000122070312,93.0199966430664,92.5199966430664,92.55999755859376,225829
2026-09-16 18:33:00+00:00,92.54000091552734,92.63860321044922,92.27999877929688,92.31999969482422,460005
2026-09-16 18:34:00+00:00,92.36000061035156,92.4499969482422,92.2300033569336,92.41000366210938,295582
2026-09-16 18:35:00+00:00,92.38999938964844,92.41429901123048,92.02999877929688,92.12999725341795,258801
2026-09-16 18:36:00+00:00,92.13999938964844,92.2300033569336,91.95999908447266,91.9749984741211,182181
2026-09-16 18:37:00+00:00,91.9800033569336,92.1999969482422,91.8000030517578,92.1540985107422,265363
2026-09-16 18:38:00+00:00,92.1999969482422,92.61000061035156,92.1999969482422,92.56999969482422,122857
2026-09-16 18:39:00+00:00,92.58999633789062,92.93000030517578,92.58989715576172,92.78350067138672,126829
2026-09-16 18:40:00+00:00,92.80500030517578,92.98999786376952,92.72000122070312,92.9749984741211,84664
2026-09-16 18:41:00+00:00,92.98999786376952,93.1143035888672,92.79000091552734,93.0500030517578,73707
2026-09-16 18:42:00+00:00,93.06999969482422,93.44499969482422,93.06999969482422,93.4260025024414,118870
2026-09-16 18:43:00+00:00,93.44000244140624,93.76000213623048,93.44000244140624,93.69000244140624,239162
2026-09-16 18:44:00+00:00,93.69000244140624,93.77999877929688,93.29000091552734,93.29000091552734,140349
2026-09-16 18:45:00+00:00,93.29000091552734,93.62000274658205,93.2300033569336,93.4000015258789,149406
2026-09-16 18:46:00+00:00,93.38999938964844,93.48500061035156,93.23999786376952,93.375,45239
2026-09-16 18:47:00+00:00,93.36499786376952,93.37999725341795,93.0999984741211,93.1500015258789,54050
2026-09-16 18:48:00+00:00,93.16999816894533,93.2300033569336,93.04000091552734,93.0500030517578,56022
2026-09-16 18:49:00+00:00,93.05999755859376,93.20500183105467,93.02999877929688,93.1500015258789,42067
2026-09-16 18:50:00+00:00,93.13999938964844,93.25,93.01000213623048,93.04000091552734,73394
2026-09-16 18:51:00+00:00,93.04000091552734,93.04499816894533,92.76000213623048,93.01000213623048,90066
2026-09-16 18:52:00+00:00,93.01000213623048,93.01000213623048,92.47000122070312,92.5199966430664,94429
2026-09-16 18:53:00+00:00,92.54000091552734,92.7249984741211,92.33999633789062,92.3499984741211,81185
2026-09-16 18:54:00+00:00,92.33999633789062,92.44000244140624,92.23999786376952,92.26499938964844,109609
2026-09-16 18:55:00+00:00,92.29000091552734,92.52999877929688,92.2300033569336,92.3949966430664,67765
2026-09-16 18:56:00+00:00,92.38999938964844,92.48500061035156,92.1500015258789,92.31999969482422,106615
2026-09-16 18:57:00+00:00,92.30500030517578,92.33999633789062,92.0999984741211,92.30999755859376,63077
2026-09-16 18:58:00+00:00,92.3000030517578,92.43000030517578,92.26499938964844,92.38999938964844,50101
2026-09-16 18:59:00+00:00,92.38999938964844,92.44000244140624,92.13500213623048,92.19000244140624,60196
2026-09-16 19:00:00+00:00,92.19000244140624,92.76000213623048,92.18000030517578,92.70999908447266,106060
2026-09-16 19:01:00+00:00,92.75,92.8499984741211,92.47000122070312,92.47000122070312,77702
2026-09-16 19:02:00+00:00,92.48500061035156,92.6999969482422,92.41000366210938,92.63999938964844,59881
2026-09-16 19:03:00+00:00,92.66999816894533,92.98999786376952,92.61000061035156,92.95999908447266,87700
2026-09-16 19:04:00+00:00,92.95999908447266,92.95999908447266,92.47000122070312,92.54000091552734,73552
2026-09-16 19:05:00+00:00,92.51000213623048,92.63999938964844,92.33999633789062,92.63999938964844,78862
2026-09-16 19:06:00+00:00,92.62999725341795,92.74009704589844,92.41999816894533,92.41999816894533,41486
2026-09-16 19:07:00+00:00,92.43000030517578,92.43000030517578,91.88999938964844,92.03949737548828,370438
2026-09-16 19:08:00+00:00,92.02999877929688,92.08999633789062,91.90270233154295,91.93000030517578,88013
2026-09-16 19:09:00+00:00,91.94000244140624,92.0199966430664,91.81999969482422,91.87000274658205,96755
2026-09-16 19:10:00+00:00,91.87000274658205,91.87000274658205,91.37999725341795,91.43000030517578,234486
2026-09-16 19:11:00+00:00,91.4250030517578,91.68000030517578,91.4250030517578,91.5999984741211,228662
2026-09-16 19:12:00+00:00,91.58499908447266,91.68000030517578,91.47000122070312,91.49089813232422,107972
2026-09-16 19:13:00+00:00,91.51000213623048,91.6500015258789,91.41999816894533,91.6500015258789,128481
2026-09-16 19:14:00+00:00,91.62999725341795,91.84500122070312,91.61000061035156,91.84500122070312,105387
2026-09-16 19:15:00+00:00,91.8499984741211,91.98999786376952,91.58999633789062,91.69000244140624,257579
2026-09-16 19:16:00+00:00,91.66999816894533,91.77780151367188,91.51499938964844,91.76000213623048,143141
2026-09-16 19:17:00+00:00,91.76000213623048,91.77999877929688,91.49099731445312,91.5,190132
2026-09-16 19:18:00+00:00,91.5199966430664,91.6500015258789,91.43000030517578,91.44000244140624,72992
2026-09-16 19:19:00+00:00,91.4499969482422,91.56999969482422,91.375,91.56999969482422,72238
2026-09-16 19:20:00+00:00,91.58999633789062,91.69000244140624,91.41000366210938,91.41000366210938,92558
2026-09-16 19:21:00+00:00,91.43000030517578,91.5500030517578,91.39299774169922,91.51000213623048,158290
2026-09-16 19:22:00+00:00,91.5199966430664,91.5999984741211,91.37000274658205,91.4000015258789,101811
2026-09-16 19:23:00+00:00,91.41000366210938,91.55999755859376,91.3499984741211,91.5,78922
2026-09-16 19:24:00+00:00,91.5,91.5199966430664,91.37999725341795,91.5,77297
2026-09-16 19:25:00+00:00,91.51000213623048,91.6750030517578,91.30999755859376,91.36000061035156,118575
2026-09-16 19:26:00+00:00,91.36000061035156,91.43000030517578,91.25,91.37999725341795,99206
2026-09-16 19:27:00+00:00,91.4000015258789,91.44499969482422,91.23999786376952,91.43000030517578,134957
2026-09-16 19:28:00+00:00,91.41999816894533,91.48660278320312,91.19000244140624,91.24500274658205,74088
2026-09-16 19:29:00+00:00,91.26499938964844,91.6050033569336,91.26499938964844,91.5999984741211,55721
2026-09-16 19:30:00+00:00,91.5999984741211,91.86000061035156,91.58000183105467,91.86000061035156,123663
2026-09-16 19:31:00+00:00,91.87000274658205,91.9800033569336,91.81999969482422,91.91000366210938,95778
2026-09-16 19:32:00+00:00,91.91999816894533,92.04000091552734,91.90499877929688,92.0199966430664,86552
2026-09-16 19:33:00+00:00,92.0199966430664,92.12000274658205,91.91999816894533,92.02999877929688,56909
2026-09-16 19:34:00+00:00,92.0199966430664,92.1999969482422,91.9438018798828,92.19499969482422,51456
2026-09-16 19:35:00+00:00,92.1999969482422,92.25,92.06999969482422,92.1500015258789,67051
2026-09-16 19:36:00+00:00,92.1500015258789,92.16999816894533,91.91000366210938,91.97000122070312,77942
2026-09-16 19:37:00+00:00,91.95480346679688,92.04000091552734,91.87999725341795,92.02999877929688,50356
2026-09-16 19:38:00+00:00,92.04000091552734,92.05999755859376,91.83999633789062,91.87000274658205,58792
2026-09-16 19:39:00+00:00,91.87000274658205,92.05999755859376,91.86000061035156,91.98500061035156,58097
2026-09-16 19:40:00+00:00,91.98500061035156,92.06999969482422,91.93000030517578,92.04499816894533,67509
2026-09-16 19:41:00+00:00,92.04879760742188,92.12999725341795,91.95500183105467,92.0199966430664,90061
2026-09-16 19:42:00+00:00,92.01000213623048,92.05999755859376,91.95999908447266,92.0199966430664,112275
2026-09-16 19:43:00+00:00,92.0250015258789,92.08000183105467,92.0,92.06999969482422,50831
2026-09-16 19:44:00+00:00,92.0749969482422,92.0999984741211,91.98999786376952,91.99500274658205,72900
2026-09-16 19:45:00+00:00,92.0,92.1050033569336,91.98999786376952,92.09500122070312,75540
2026-09-16 19:46:00+00:00,92.09500122070312,92.12999725341795,92.0199966430664,92.06999969482422,78640
2026-09-16 19:47:00+00:00,92.05999755859376,92.16000366210938,92.05500030517578,92.1050033569336,78489
2026-09-16 19:48:00+00:00,92.12000274658205,92.19499969482422,92.0999984741211,92.1449966430664,116042
2026-09-16 19:49:00+00:00,92.1500015258789,92.31770324707033,92.1500015258789,92.3000030517578,139426
2026-09-16 19:50:00+00:00,92.3000030517578,92.45549774169922,92.26000213623048,92.45500183105467,122252
2026-09-16 19:51:00+00:00,92.4499969482422,92.4999008178711,92.41000366210938,92.41999816894533,139579
2026-09-16 19:52:00+00:00,92.41999816894533,92.55999755859376,92.36000061035156,92.55999755859376,110792
2026-09-16 19:53:00+00:00,92.55999755859376,92.63999938964844,92.50499725341795,92.52999877929688,241625
2026-09-16 19:54:00+00:00,92.52999877929688,92.66000366210938,92.5,92.63999938964844,155063
2026-09-16 19:55:00+00:00,92.6449966430664,92.70999908447266,92.5500030517578,92.68000030517578,161711
2026-09-16 19:56:00+00:00,92.66999816894533,92.70999908447266,92.54000091552734,92.56500244140624,224249
2026-09-16 19:57:00+00:00,92.56999969482422,92.68000030517578,92.56999969482422,92.5999984741211,172075
2026-09-16 19:58:00+00:00,92.59500122070312,92.66999816894533,92.5749969482422,92.66999816894533,202445
2026-09-16 19:59:00+00:00,92.66999816894533,92.87000274658205,92.66500091552734,92.83000183105467,477881
2026-09-17 13:30:00+00:00,95.8499984741211,95.94000244140625,95.5999984741211,95.70999908447266,1365803
2026-09-17 13:31:00+00:00,95.69999694824219,95.72000122070312,95.19999694824219,95.30000305175781,106914
2026-09-17 13:32:00+00:00,95.30999755859375,95.56999969482422,95.29000091552734,95.48999786376953,89487
2026-09-17 13:33:00+00:00,95.51640319824219,95.55999755859375,95.2699966430664,95.38500213623047,109896
2026-09-17 13:34:00+00:00,95.37000274658203,95.55000305175781,95.27999877929688,95.5,140894
2026-09-17 13:35:00+00:00,95.5,95.68000030517578,95.31999969482422,95.33000183105469,93411
2026-09-17 13:36:00+00:00,95.37000274658203,95.5,95.19999694824219,95.30000305175781,89596
2026-09-17 13:37:00+00:00,95.29000091552734,95.36499786376953,95.02999877929688,95.02999877929688,59889
2026-09-17 13:38:00+00:00,95.0199966430664,95.1500015258789,94.94499969482422,94.95999908447266,73942
2026-09-17 13:39:00+00:00,94.94499969482422,95.07499694824219,94.83000183105469,94.83000183105469,53424
2026-09-17 13:40:00+00:00,94.83000183105469,94.87999725341797,94.76000213623047,94.81500244140625,89258
2026-09-17 13:41:00+00:00,94.80000305175781,94.83999633789062,94.54000091552734,94.61000061035156,135448
2026-09-17 13:42:00+00:00,94.62999725341797,94.68000030517578,94.54840087890625,94.61000061035156,41805
2026-09-17 13:43:00+00:00,94.62000274658203,94.70149993896484,94.44999694824219,94.62999725341797,28923
2026-09-17 13:44:00+00:00,94.6500015258789,94.7300033569336,94.61000061035156,94.67500305175781,37169
2026-09-17 13:45:00+00:00,94.69499969482422,94.80999755859375,94.55000305175781,94.75,85864
2026-09-17 13:46:00+00:00,94.73999786376953,95.04000091552734,94.73999786376953,95.01100158691406,73937
2026-09-17 13:47:00+00:00,95.01000213623047,95.31999969482422,95.0,95.2300033569336,100391
2026-09-17 13:48:00+00:00,95.22000122070312,95.43000030517578,95.12000274658203,95.37999725341797,99220
2026-09-17 13:49:00+00:00,95.37000274658203,95.55000305175781,95.3499984741211,95.4800033569336,91852
2026-09-17 13:50:00+00:00,95.44999694824219,95.73999786376953,95.44999694824219,95.73999786376953,133635
2026-09-17 13:51:00+00:00,95.73999786376953,95.80999755859375,95.62000274658203,95.69000244140625,57719
2026-09-17 13:52:00+00:00,95.68000030517578,95.79000091552734,95.61000061035156,95.69000244140625,102794
2026-09-17 13:53:00+00:00,95.68000030517578,95.70999908447266,95.58000183105469,95.70999908447266,43149
2026-09-17 13:54:00+00:00,95.72000122070312,95.73999786376953,95.55999755859375,95.55999755859375,56510
2026-09-17 13:55:00+00:00,95.58499908447266,95.72000122070312,95.56999969482422,95.62999725341797,55380
2026-09-17 13:56:00+00:00,95.62999725341797,95.8594970703125,95.5999984741211,95.8594970703125,53660
2026-09-17 13:57:00+00:00,95.86000061035156,95.86000061035156,95.68000030517578,95.73999786376953,67574
2026-09-17 13:58:00+00:00,95.73999786376953,95.80000305175781,95.69999694824219,95.71800231933594,113473
2026-09-17 13:59:00+00:00,95.70999908447266,95.80999755859375,95.68000030517578,95.80000305175781,69473
2026-09-17 14:00:00+00:00,95.80000305175781,95.80999755859375,95.62000274658203,95.625,69056
2026-09-17 14:01:00+00:00,95.62999725341797,95.9000015258789,95.625,95.87000274658203,61788
2026-09-17 14:02:00+00:00,95.86000061035156,95.94000244140625,95.79000091552734,95.94000244140625,44121
2026-09-17 14:03:00+00:00,95.94000244140625,95.97000122070312,95.80999755859375,95.91999816894531,33607
2026-09-17 14:04:00+00:00,95.92500305175781,95.9800033569336,95.87000274658203,95.91010284423828,49689
2026-09-17 14:05:00+00:00,95.91999816894531,95.98999786376953,95.83000183105469,95.97820281982422,69910
2026-09-17 14:06:00+00:00,95.9749984741211,96.1500015258789,95.97000122070312,96.12000274658203,133800
2026-09-17 14:07:00+00:00,96.11499786376953,96.2300033569336,96.11499786376953,96.19999694824219,69901
2026-09-17 14:08:00+00:00,96.18000030517578,96.36000061035156,96.1500015258789,96.3499984741211,66703
2026-09-17 14:09:00+00:00,96.3499984741211,96.58999633789062,96.30500030517578,96.52999877929688,180739
2026-09-17 14:10:00+00:00,96.52999877929688,96.53500366210938,96.4000015258789,96.47000122070312,123248
2026-09-17 14:11:00+00:00,96.47000122070312,96.54000091552734,96.4000015258789,96.51000213623047,97251
2026-09-17 14:12:00+00:00,96.4800033569336,96.4800033569336,96.2750015258789,96.31999969482422,81953
2026-09-17 14:13:00+00:00,96.33000183105469,96.48989868164062,96.33000183105469,96.47000122070312,31955
2026-09-17 14:14:00+00:00,96.47750091552734,96.52999877929688,96.37999725341797,96.41000366210938,53457
2026-09-17 14:15:00+00:00,96.3949966430664,96.41999816894531,96.30999755859375,96.36000061035156,39937
2026-09-17 14:16:00+00:00,96.36000061035156,96.54000091552734,96.3499984741211,96.41000366210938,40969
2026-09-17 14:17:00+00:00,96.40499877929688,96.4800033569336,96.30999755859375,96.30999755859375,47742
2026-09-17 14:18:00+00:00,96.31500244140625,96.31999969482422,96.22000122070312,96.27010345458984,43061
2026-09-17 14:19:00+00:00,96.29000091552734,96.40499877929688,96.29000091552734,96.40499877929688,39217
2026-09-17 14:20:00+00:00,96.41000366210938,96.41999816894531,96.23999786376953,96.25,32442
2026-09-17 14:21:00+00:00,96.26000213623047,96.30000305175781,96.19999694824219,96.25,36046
2026-09-17 14:22:00+00:00,96.2699966430664,96.44000244140625,96.26000213623047,96.37999725341797,37271
2026-09-17 14:23:00+00:00,96.37000274658203,96.41999816894531,96.33499908447266,96.41999816894531,21292
2026-09-17 14:24:00+00:00,96.41999816894531,96.52999877929688,96.4000015258789,96.45999908447266,163881
2026-09-17 14:25:00+00:00,96.45999908447266,96.54000091552734,96.41999816894531,96.52999877929688,85907
2026-09-17 14:26:00+00:00,96.52999877929688,96.68000030517578,96.50499725341797,96.66000366210938,121433
2026-09-17 14:27:00+00:00,96.66709899902344,96.68000030517578,96.52999877929688,96.59500122070312,40841
2026-09-17 14:28:00+00:00,96.5999984741211,96.61000061035156,96.48999786376953,96.5999984741211,84406
2026-09-17 14:29:00+00:00,96.58999633789062,96.62000274658203,96.48999786376953,96.5199966430664,30725
2026-09-17 14:30:00+00:00,96.54000091552734,96.55000305175781,96.3949966430664,96.51000213623047,44312
2026-09-17 14:31:00+00:00,96.5199966430664,96.63500213623047,96.5199966430664,96.55999755859375,84738
2026-09-17 14:32:00+00:00,96.58000183105469,96.58999633789062,96.36009979248047,96.37000274658203,67647
2026-09-17 14:33:00+00:00,96.375,96.41999816894531,96.30000305175781,96.375,64487
2026-09-17 14:34:00+00:00,96.375,96.51000213623047,96.375,96.50499725341797,119918
2026-09-17 14:35:00+00:00,96.50810241699219,96.54000091552734,96.44000244140625,96.5,36845
2026-09-17 14:36:00+00:00,96.51000213623047,96.55000305175781,96.43499755859375,96.44999694824219,36152
2026-09-17 14:37:00+00:00,96.44999694824219,96.44999694824219,96.2300033569336,96.29000091552734,28983
2026-09-17 14:38:00+00:00,96.30999755859375,96.33999633789062,96.24500274658203,96.29000091552734,17047
2026-09-17 14:39:00+00:00,96.30000305175781,96.30999755859375,96.05999755859375,96.06999969482422,111691
2026-09-17 14:40:00+00:00,96.06500244140625,96.21499633789062,96.06500244140625,96.20999908447266,27127
2026-09-17 14:41:00+00:00,96.18000030517578,96.18000030517578,96.08000183105469,96.0999984741211,20668
2026-09-17 14:42:00+00:00,96.08999633789062,96.0999984741211,96.01000213623047,96.05999755859375,35676
2026-09-17 14:43:00+00:00,96.03500366210938,96.05000305175781,95.95010375976562,95.97000122070312,37157
2026-09-17 14:44:00+00:00,95.98999786376953,96.13999938964844,95.98999786376953,96.08999633789062,23376
2026-09-17 14:45:00+00:00,96.08999633789062,96.13999938964844,96.05000305175781,96.12999725341797,26513
2026-09-17 14:46:00+00:00,96.12999725341797,96.19000244140625,96.01000213623047,96.04000091552734,30932
2026-09-17 14:47:00+00:00,96.05999755859375,96.12999725341797,96.0,96.0199966430664,30499
2026-09-17 14:48:00+00:00,96.02999877929688,96.08000183105469,96.0,96.0199966430664,32627
2026-09-17 14:49:00+00:00,96.0250015258789,96.11000061035156,95.97000122070312,96.09010314941406,47851
2026-09-17 14:50:00+00:00,96.08999633789062,96.16999816894531,96.05000305175781,96.05000305175781,36562
2026-09-17 14:51:00+00:00,96.05000305175781,96.1500015258789,96.04499816894531,96.11000061035156,26599
2026-09-17 14:52:00+00:00,96.11000061035156,96.12000274658203,95.93499755859375,95.97000122070312,61408
2026-09-17 14:53:00+00:00,95.95999908447266,95.9800033569336,95.77999877929688,95.80000305175781,43412
2026-09-17 14:54:00+00:00,95.80999755859375,95.93000030517578,95.80999755859375,95.9000015258789,24279
2026-09-17 14:55:00+00:00,95.88999938964844,95.88999938964844,95.77999877929688,95.84349822998047,58044
2026-09-17 14:56:00+00:00,95.83000183105469,95.84989929199219,95.6500015258789,95.6500015258789,48131
2026-09-17 14:57:00+00:00,95.6500015258789,95.75,95.63500213623047,95.7300033569336,35669
2026-09-17 14:58:00+00:00,95.7249984741211,95.7311019897461,95.66999816894531,95.69000244140625,32382
2026-09-17 14:59:00+00:00,95.66999816894531,95.7699966430664,95.66500091552734,95.7699966430664,44443
2026-09-17 15:00:00+00:00,95.77999877929688,95.85990142822266,95.70999908447266,95.79989624023438,45655
2026-09-17 15:01:00+00:00,95.80000305175781,95.80000305175781,95.68000030517578,95.68000030517578,19031
2026-09-17 15:02:00+00:00,95.69000244140625,95.77999877929688,95.66999816894531,95.7699966430664,50544
2026-09-17 15:03:00+00:00,95.7699966430664,95.86000061035156,95.75499725341797,95.83999633789062,35580
2026-09-17 15:04:00+00:00,95.83000183105469,95.83000183105469,95.7300033569336,95.7699966430664,20077
2026-09-17 15:05:00+00:00,95.76000213623047,95.85009765625,95.75,95.80500030517578,36004
2026-09-17 15:06:00+00:00,95.80000305175781,95.83999633789062,95.73500061035156,95.80999755859375,20925
2026-09-17 15:07:00+00:00,95.78500366210938,95.81999969482422,95.73999786376953,95.77999877929688,14532
2026-09-17 15:08:00+00:00,95.78009796142578,95.81999969482422,95.66999816894531,95.79000091552734,38776
2026-09-17 15:09:00+00:00,95.79000091552734,95.83999633789062,95.76000213623047,95.81999969482422,23048
2026-09-17 15:10:00+00:00,95.80999755859375,95.83999633789062,95.76499938964844,95.7699966430664,25908
2026-09-17 15:11:00+00:00,95.76000213623047,95.80999755859375,95.70999908447266,95.70999908447266,37135
2026-09-17 15:12:00+00:00,95.70999908447266,95.83000183105469,95.68499755859375,95.7699966430664,59952
2026-09-17 15:13:00+00:00,95.79000091552734,96.02999877929688,95.78019714355469,96.02999877929688,84294
2026-09-17 15:14:00+00:00,96.0250015258789,96.12999725341797,96.01000213623047,96.11000061035156,46274
2026-09-17 15:15:00+00:00,96.0999984741211,96.12000274658203,96.04000091552734,96.1050033569336,35782
2026-09-17 15:16:00+00:00,96.0999984741211,96.12999725341797,96.05000305175781,96.12999725341797,23519
2026-09-17 15:17:00+00:00,96.12570190429688,96.21499633789062,96.11499786376953,96.20500183105469,12650
2026-09-17 15:18:00+00:00,96.2051010131836,96.22000122070312,96.18000030517578,96.19000244140625,19600
2026-09-17 15:19:00+00:00,96.18000030517578,96.22000122070312,96.12999725341797,96.12999725341797,43227
2026-09-17 15:20:00+00:00,96.12999725341797,96.13999938964844,95.95999908447266,95.95999908447266,28314
2026-09-17 15:21:00+00:00,95.9551010131836,96.0,95.91000366210938,95.94000244140625,32052
2026-09-17 15:22:00+00:00,95.94999694824219,95.98999786376953,95.93000030517578,95.97000122070312,26640
2026-09-17 15:23:00+00:00,95.96499633789062,95.9800033569336,95.9000015258789,95.91000366210938,27404
2026-09-17 15:24:00+00:00,95.9000015258789,95.94000244140625,95.82029724121094,95.83000183105469,27749
2026-09-17 15:25:00+00:00,95.83000183105469,96.0199966430664,95.82499694824219,95.88999938964844,16387
2026-09-17 15:26:00+00:00,95.87000274658203,95.88999938964844,95.77999877929688,95.79000091552734,34279
2026-09-17 15:27:00+00:00,95.77999877929688,95.88999938964844,95.77999877929688,95.83499908447266,11434
2026-09-17 15:28:00+00:00,95.81999969482422,95.94000244140625,95.80999755859375,95.94000244140625,22165
2026-09-17 15:29:00+00:00,95.91500091552734,95.9800033569336,95.91500091552734,95.9749984741211,13642
2026-09-17 15:30:00+00:00,95.9800033569336,95.98500061035156,95.87999725341797,95.90499877929688,25286
2026-09-17 15:31:00+00:00,95.9000015258789,95.9800033569336,95.88009643554688,95.94999694824219,28205
2026-09-17 15:32:00+00:00,95.94999694824219,95.9800033569336,95.8949966430664,95.93000030517578,19023
2026-09-17 15:33:00+00:00,95.91999816894531,95.97000122070312,95.91000366210938,95.94000244140625,12070
2026-09-17 15:34:00+00:00,95.93000030517578,96.0,95.92500305175781,95.9800033569336,31851
2026-09-17 15:35:00+00:00,95.97000122070312,96.0,95.93000030517578,95.94000244140625,22447
2026-09-17 15:36:00+00:00,95.94999694824219,95.9800033569336,95.92500305175781,95.94499969482422,12988
2026-09-17 15:37:00+00:00,95.94999694824219,95.94999694824219,95.86499786376953,95.91000366210938,16624
2026-09-17 15:38:00+00:00,95.9000015258789,95.91000366210938,95.8499984741211,95.8550033569336,18513
2026-09-17 15:39:00+00:00,95.87000274658203,95.87000274658203,95.81500244140625,95.86000061035156,17924
2026-09-17 15:40:00+00:00,95.86499786376953,95.94000244140625,95.84500122070312,95.92500305175781,15247
2026-09-17 15:41:00+00:00,95.91999816894531,95.9800033569336,95.90350341796875,95.9800033569336,13276
2026-09-17 15:42:00+00:00,95.97000122070312,95.9800033569336,95.94499969482422,95.96499633789062,11060
2026-09-17 15:43:00+00:00,95.97000122070312,96.0199966430664,95.94000244140625,96.0198974609375,20836
2026-09-17 15:44:00+00:00,96.01000213623047,96.08999633789062,96.01000213623047,96.04000091552734,25777
2026-09-17 15:45:00+00:00,96.04499816894531,96.06999969482422,96.0250015258789,96.0250015258789,25190
2026-09-17 15:46:00+00:00,96.0250015258789,96.11000061035156,96.0250015258789,96.11000061035156,33048
2026-09-17 15:47:00+00:00,96.09459686279297,96.09459686279297,96.01000213623047,96.08999633789062,21005
2026-09-17 15:48:00+00:00,96.08999633789062,96.12000274658203,96.08499908447266,96.1050033569336,14082
2026-09-17 15:49:00+00:00,96.11000061035156,96.16000366210938,96.08999633789062,96.12999725341797,40842
2026-09-17 15:50:00+00:00,96.11389923095703,96.12999725341797,96.0250015258789,96.06999969482422,16407
2026-09-17 15:51:00+00:00,96.06500244140625,96.12000274658203,96.06500244140625,96.09500122070312,10955
2026-09-17 15:52:00+00:00,96.09010314941406,96.17500305175781,96.09010314941406,96.16999816894531,17775
2026-09-17 15:53:00+00:00,96.1688003540039,96.19000244140625,96.1449966430664,96.17500305175781,40147
2026-09-17 15:54:00+00:00,96.18000030517578,96.19999694824219,96.16000366210938,96.19999694824219,42958
2026-09-17 15:55:00+00:00,96.19499969482422,96.25,96.13999938964844,96.24800109863281,173647
2026-09-17 15:56:00+00:00,96.23999786376953,96.26000213623047,96.20999908447266,96.25,29699
2026-09-17 15:57:00+00:00,96.25499725341797,96.30500030517578,96.25,96.25499725341797,61902
2026-09-17 15:58:00+00:00,96.25,96.29000091552734,96.22000122070312,96.29000091552734,19070
2026-09-17 15:59:00+00:00,96.29000091552734,96.3499984741211,96.2699966430664,96.33000183105469,21935
2026-09-17 16:00:00+00:00,96.31999969482422,96.3499984741211,96.27999877929688,96.33999633789062,67252
2026-09-17 16:01:00+00:00,96.33000183105469,96.41500091552734,96.32499694824219,96.41000366210938,29276
2026-09-17 16:02:00+00:00,96.40499877929688,96.43260192871094,96.38999938964844,96.43260192871094,40017
2026-09-17 16:03:00+00:00,96.43499755859375,96.47000122070312,96.3949966430664,96.41500091552734,46560
2026-09-17 16:04:00+00:00,96.41500091552734,96.44499969482422,96.27999877929688,96.27999877929688,25073
2026-09-17 16:05:00+00:00,96.27999877929688,96.30999755859375,96.22000122070312,96.2300033569336,15311
2026-09-17 16:06:00+00:00,96.22000122070312,96.22000122070312,96.13999938964844,96.16000366210938,19939
2026-09-17 16:07:00+00:00,96.16999816894531,96.16999816894531,96.11000061035156,96.1500015258789,21668
2026-09-17 16:08:00+00:00,96.16000366210938,96.18499755859375,96.12000274658203,96.12000274658203,14950
2026-09-17 16:09:00+00:00,96.11000061035156,96.16000366210938,96.08000183105469,96.15989685058594,23212
2026-09-17 16:10:00+00:00,96.15499877929688,96.16999816894531,96.11000061035156,96.12000274658203,9918
2026-09-17 16:11:00+00:00,96.11000061035156,96.12000274658203,96.06999969482422,96.08000183105469,13909
2026-09-17 16:12:00+00:00,96.08499908447266,96.0999984741211,96.04000091552734,96.07499694824219,11889
2026-09-17 16:13:00+00:00,96.05000305175781,96.05000305175781,95.9530029296875,95.96499633789062,17120
2026-09-17 16:14:00+00:00,95.94999694824219,96.01499938964844,95.94999694824219,96.01000213623047,15286
2026-09-17 16:15:00+00:00,96.01000213623047,96.0199966430664,95.97000122070312,95.97000122070312,8876
2026-09-17 16:16:00+00:00,95.9800033569336,95.9800033569336,95.91999816894531,95.93000030517578,9986
2026-09-17 16:17:00+00:00,95.93499755859375,95.93499755859375,95.87999725341797,95.93000030517578,11872
2026-09-17 16:18:00+00:00,95.92500305175781,95.95999908447266,95.91999816894531,95.95999908447266,23052
2026-09-17 16:19:00+00:00,95.94999694824219,95.97000122070312,95.91000366210938,95.95999908447266,13091
2026-09-17 16:20:00+00:00,95.94999694824219,95.96990203857422,95.93499755859375,95.95999908447266,11371
2026-09-17 16:21:00+00:00,95.94999694824219,95.95999908447266,95.93990325927734,95.93990325927734,11923
2026-09-17 16:22:00+00:00,95.93499755859375,95.95500183105469,95.91000366210938,95.91500091552734,15446
2026-09-17 16:23:00+00:00,95.91000366210938,95.94999694824219,95.91000366210938,95.94000244140625,7851
2026-09-17 16:24:00+00:00,95.94000244140625,95.95899963378906,95.87000274658203,95.87999725341797,113564
2026-09-17 16:25:00+00:00,95.87999725341797,95.90589904785156,95.7300033569336,95.73999786376953,11416
2026-09-17 16:26:00+00:00,95.7300033569336,95.73999786376953,95.66000366210938,95.73999786376953,28903
2026-09-17 16:27:00+00:00,95.7300033569336,95.73999786376953,95.67500305175781,95.72160339355469,7737
2026-09-17 16:28:00+00:00,95.72000122070312,95.72000122070312,95.63999938964844,95.70500183105469,7362
2026-09-17 16:29:00+00:00,95.70999908447266,95.72000122070312,95.66999816894531,95.69000244140625,7657
2026-09-17 16:30:00+00:00,95.68000030517578,95.68499755859375,95.58000183105469,95.61000061035156,16867
2026-09-17 16:31:00+00:00,95.61000061035156,95.61000061035156,95.50499725341797,95.50499725341797,38198
2026-09-17 16:32:00+00:00,95.5,95.5199966430664,95.47000122070312,95.48500061035156,42418
2026-09-17 16:33:00+00:00,95.48999786376953,95.5250015258789,95.46389770507812,95.4800033569336,21119
2026-09-17 16:34:00+00:00,95.47000122070312,95.49500274658203,95.4000015258789,95.4800033569336,22231
2026-09-17 16:35:00+00:00,95.4800033569336,95.5999984741211,95.4800033569336,95.58499908447266,20510
2026-09-17 16:36:00+00:00,95.59500122070312,95.62000274658203,95.56999969482422,95.5999984741211,23014
2026-09-17 16:37:00+00:00,95.5999984741211,95.625,95.51629638671875,95.6050033569336,17226
2026-09-17 16:38:00+00:00,95.61000061035156,95.61000061035156,95.54000091552734,95.56500244140625,11894
2026-09-17 16:39:00+00:00,95.56999969482422,95.62000274658203,95.54000091552734,95.61000061035156,19015
2026-09-17 16:40:00+00:00,95.61000061035156,95.63999938964844,95.58499908447266,95.63999938964844,12984
2026-09-17 16:41:00+00:00,95.63999938964844,95.63999938964844,95.62000274658203,95.62000274658203,14421
2026-09-17 16:42:00+00:00,95.62000274658203,95.63500213623047,95.59500122070312,95.62999725341797,6304
2026-09-17 16:43:00+00:00,95.62000274658203,95.63999938964844,95.58499908447266,95.63500213623047,6176
2026-09-17 16:44:00+00:00,95.62999725341797,95.6500015258789,95.5999984741211,95.63999938964844,10792
2026-09-17 16:45:00+00:00,95.63999938964844,95.69000244140625,95.63999938964844,95.69000244140625,18336
2026-09-17 16:46:00+00:00,95.69000244140625,95.7300033569336,95.67500305175781,95.72599792480469,25909
2026-09-17 16:47:00+00:00,95.7249984741211,95.75,95.70999908447266,95.74500274658203,15815
2026-09-17 16:48:00+00:00,95.73999786376953,95.76599884033203,95.69999694824219,95.69999694824219,79329
2026-09-17 16:49:00+00:00,95.70999908447266,95.71499633789062,95.63999938964844,95.63999938964844,12461
2026-09-17 16:50:00+00:00,95.62999725341797,95.63009643554688,95.58000183105469,95.58999633789062,11445
2026-09-17 16:51:00+00:00,95.58499908447266,95.58499908447266,95.51000213623047,95.54000091552734,10517
2026-09-17 16:52:00+00:00,95.54000091552734,95.58000183105469,95.53500366210938,95.57499694824219,7362
2026-09-17 16:53:00+00:00,95.57499694824219,95.62000274658203,95.56999969482422,95.62000274658203,19799
2026-09-17 16:54:00+00:00,95.62000274658203,95.62999725341797,95.5999984741211,95.5999984741211,15357
2026-09-17 16:55:00+00:00,95.61000061035156,95.62000274658203,95.41999816894531,95.44000244140625,73323
2026-09-17 16:56:00+00:00,95.43000030517578,95.51000213623047,95.41999816894531,95.51000213623047,13987
2026-09-17 16:57:00+00:00,95.51499938964844,95.58000183105469,95.45500183105469,95.58000183105469,11012
2026-09-17 16:58:00+00:00,95.58999633789062,95.6449966430664,95.58760070800781,95.61000061035156,7915
2026-09-17 16:59:00+00:00,95.61000061035156,95.63999938964844,95.61000061035156,95.63999938964844,7018
2026-09-17 17:00:00+00:00,95.6500015258789,95.66000366210938,95.61000061035156,95.6500015258789,8873
2026-09-17 17:01:00+00:00,95.66999816894531,95.72000122070312,95.62000274658203,95.70999908447266,19631
2026-09-17 17:02:00+00:00,95.69999694824219,95.69999694824219,95.5999984741211,95.61499786376953,24807
2026-09-17 17:03:00+00:00,95.62000274658203,95.69999694824219,95.61000061035156,95.69499969482422,10121
2026-09-17 17:04:00+00:00,95.69000244140625,95.83000183105469,95.69000244140625,95.81999969482422,11880
2026-09-17 17:05:00+00:00,95.80999755859375,95.86000061035156,95.80500030517578,95.85990142822266,10578
2026-09-17 17:06:00+00:00,95.86000061035156,95.90950012207031,95.8499984741211,95.9000015258789,22253
2026-09-17 17:07:00+00:00,95.89620208740234,95.94000244140625,95.88999938964844,95.92500305175781,12028
2026-09-17 17:08:00+00:00,95.92500305175781,95.94999694824219,95.8906021118164,95.91999816894531,14699
2026-09-17 17:09:00+00:00,95.91999816894531,95.95999908447266,95.9000015258789,95.9020004272461,11182
2026-09-17 17:10:00+00:00,95.91000366210938,95.92500305175781,95.8499984741211,95.86000061035156,19317
2026-09-17 17:11:00+00:00,95.86000061035156,95.9000015258789,95.86000061035156,95.86000061035156,13376
2026-09-17 17:12:00+00:00,95.87000274658203,95.91000366210938,95.86000061035156,95.875,19202
2026-09-17 17:13:00+00:00,95.88999938964844,95.93499755859375,95.88999938964844,95.91999816894531,14488
2026-09-17 17:14:00+00:00,95.91999816894531,95.93000030517578,95.87000274658203,95.875,11667
2026-09-17 17:15:00+00:00,95.87999725341797,95.87999725341797,95.80999755859375,95.83000183105469,6892
2026-09-17 17:16:00+00:00,95.81999969482422,95.81999969482422,95.7300033569336,95.75,14381
2026-09-17 17:17:00+00:00,95.75499725341797,95.80999755859375,95.75,95.80999755859375,62898
2026-09-17 17:18:00+00:00,95.80000305175781,95.80999755859375,95.77999877929688,95.79000091552734,12636
2026-09-17 17:19:00+00:00,95.79000091552734,95.81500244140625,95.7750015258789,95.79000091552734,19904
2026-09-17 17:20:00+00:00,95.78500366210938,95.83999633789062,95.7750015258789,95.83000183105469,10499
2026-09-17 17:21:00+00:00,95.81999969482422,95.8499984741211,95.80999755859375,95.81999969482422,9786
2026-09-17 17:22:00+00:00,95.83000183105469,95.86000061035156,95.81999969482422,95.81999969482422,9863
2026-09-17 17:23:00+00:00,95.82499694824219,95.83989715576172,95.79000091552734,95.79499816894531,15278
2026-09-17 17:24:00+00:00,95.79340362548828,95.81999969482422,95.75499725341797,95.81999969482422,12041
2026-09-17 17:25:00+00:00,95.81999969482422,95.91999816894531,95.81999969482422,95.91999816894531,17269
2026-09-17 17:26:00+00:00,95.91000366210938,95.91999816894531,95.88999938964844,95.9000015258789,9155
2026-09-17 17:27:00+00:00,95.91000366210938,95.91000366210938,95.83499908447266,95.87000274658203,9805
2026-09-17 17:28:00+00:00,95.87039947509766,95.88999938964844,95.81999969482422,95.83000183105469,14483
2026-09-17 17:29:00+00:00,95.83000183105469,95.87999725341797,95.82499694824219,95.87999725341797,8185
2026-09-17 17:30:00+00:00,95.87000274658203,95.87000274658203,95.81999969482422,95.86499786376953,10545
2026-09-17 17:31:00+00:00,95.87909698486328,95.91999816894531,95.875,95.9000015258789,11756
2026-09-17 17:32:00+00:00,95.88999938964844,95.88999938964844,95.83999633789062,95.88999938964844,8715
2026-09-17 17:33:00+00:00,95.9000015258789,95.9000015258789,95.8499984741211,95.8499984741211,7441
2026-09-17 17:34:00+00:00,95.8499984741211,95.87999725341797,95.84500122070312,95.8550033569336,8864
2026-09-17 17:35:00+00:00,95.8499984741211,95.9000015258789,95.83499908447266,95.88500213623047,8527
2026-09-17 17:36:00+00:00,95.87999725341797,95.93000030517578,95.87999725341797,95.91000366210938,6562
2026-09-17 17:37:00+00:00,95.90499877929688,95.94499969482422,95.87999725341797,95.87999725341797,10914
2026-09-17 17:38:00+00:00,95.87999725341797,95.87999725341797,95.81999969482422,95.86000061035156,6017
2026-09-17 17:39:00+00:00,95.87000274658203,95.9000015258789,95.8499984741211,95.8550033569336,28703
2026-09-17 17:40:00+00:00,95.87000274658203,95.91999816894531,95.86000061035156,95.91000366210938,6865
2026-09-17 17:41:00+00:00,95.91000366210938,95.94000244140625,95.9000015258789,95.9000015258789,9153
2026-09-17 17:42:00+00:00,95.9000015258789,95.91500091552734,95.87000274658203,95.9000015258789,11795
2026-09-17 17:43:00+00:00,95.91500091552734,95.91500091552734,95.86499786376953,95.88500213623047,33277
2026-09-17 17:44:00+00:00,95.9000015258789,95.91000366210938,95.83499908447266,95.9000015258789,19183
2026-09-17 17:45:00+00:00,95.9000015258789,95.91000366210938,95.86499786376953,95.87000274658203,8032
2026-09-17 17:46:00+00:00,95.87000274658203,95.90989685058594,95.87000274658203,95.90989685058594,8049
2026-09-17 17:47:00+00:00,95.9000015258789,95.90499877929688,95.8499984741211,95.8550033569336,14201
2026-09-17 17:48:00+00:00,95.86000061035156,95.87000274658203,95.79499816894531,95.81500244140625,11939
2026-09-17 17:49:00+00:00,95.80999755859375,95.80999755859375,95.7750015258789,95.77999877929688,21447
2026-09-17 17:50:00+00:00,95.7750015258789,95.83000183105469,95.7699966430664,95.81999969482422,14328
2026-09-17 17:51:00+00:00,95.80999755859375,95.9000015258789,95.80999755859375,95.87999725341797,17134
2026-09-17 17:52:00+00:00,95.87999725341797,95.8949966430664,95.86499786376953,95.88500213623047,8770
2026-09-17 17:53:00+00:00,95.87999725341797,95.87999725341797,95.81999969482422,95.83499908447266,8195
2026-09-17 17:54:00+00:00,95.83499908447266,95.8499984741211,95.82499694824219,95.83000183105469,14901
2026-09-17 17:55:00+00:00,95.83499908447266,95.87000274658203,95.83499908447266,95.8550033569336,10190
2026-09-17 17:56:00+00:00,95.8550033569336,95.9000015258789,95.8550033569336,95.9000015258789,5804
2026-09-17 17:57:00+00:00,95.90499877929688,95.92500305175781,95.88500213623047,95.92500305175781,16807
2026-09-17 17:58:00+00:00,95.92500305175781,95.94999694824219,95.9000015258789,95.9000015258789,20669
2026-09-17 17:59:00+00:00,95.9000015258789,95.93000030517578,95.87999725341797,95.92500305175781,18985
2026-09-17 18:00:00+00:00,95.93000030517578,95.94000244140625,95.8499984741211,95.8949966430664,19178
2026-09-17 18:01:00+00:00,95.91999816894531,95.94000244140625,95.8949966430664,95.8949966430664,15801
2026-09-17 18:02:00+00:00,95.89510345458984,95.91999816894531,95.8499984741211,95.8499984741211,24864
2026-09-17 18:03:00+00:00,95.8499984741211,95.93000030517578,95.8499984741211,95.93000030517578,11519
2026-09-17 18:04:00+00:00,95.93000030517578,95.98500061035156,95.91999816894531,95.97000122070312,24463
2026-09-17 18:05:00+00:00,95.96990203857422,96.0,95.95500183105469,95.98500061035156,18826
2026-09-17 18:06:00+00:00,95.9800033569336,96.02999877929688,95.9800033569336,96.0,59723
2026-09-17 18:07:00+00:00,95.98999786376953,96.02999877929688,95.9800033569336,96.01499938964844,30391
2026-09-17 18:08:00+00:00,96.01000213623047,96.05000305175781,96.00499725341797,96.00499725341797,28179
2026-09-17 18:09:00+00:00,96.0,96.03500366210938,95.95999908447266,95.97000122070312,22679
2026-09-17 18:10:00+00:00,95.95999908447266,95.9800033569336,95.91999816894531,95.9800033569336,14532
2026-09-17 18:11:00+00:00,95.98999786376953,96.01000213623047,95.9800033569336,96.0,24146
2026-09-17 18:12:00+00:00,95.99800109863281,96.05999755859375,95.99800109863281,96.05500030517578,21658
2026-09-17 18:13:00+00:00,96.05999755859375,96.08000183105469,96.02999877929688,96.04499816894531,29167
2026-09-17 18:14:00+00:00,96.04499816894531,96.08999633789062,96.04499816894531,96.05999755859375,18071
2026-09-17 18:15:00+00:00,96.05999755859375,96.08000183105469,96.05999755859375,96.06999969482422,11958
2026-09-17 18:16:00+00:00,96.07499694824219,96.08999633789062,96.02999877929688,96.02999877929688,26072
2026-09-17 18:17:00+00:00,96.02999877929688,96.06999969482422,96.0199966430664,96.0447006225586,27180
2026-09-17 18:18:00+00:00,96.04000091552734,96.04000091552734,95.9749984741211,95.9800033569336,25041
2026-09-17 18:19:00+00:00,95.98500061035156,96.02999877929688,95.9749984741211,96.02999877929688,26380
2026-09-17 18:20:00+00:00,96.02999877929688,96.04000091552734,95.9800033569336,95.98500061035156,26119
2026-09-17 18:21:00+00:00,95.98500061035156,96.0,95.94000244140625,95.94280242919922,27006
2026-09-17 18:22:00+00:00,95.94000244140625,95.97000122070312,95.91000366210938,95.95500183105469,27791
2026-09-17 18:23:00+00:00,95.95999908447266,95.98999786376953,95.94499969482422,95.95500183105469,35888
2026-09-17 18:24:00+00:00,95.95500183105469,96.0,95.94999694824219,95.9749984741211,30061
2026-09-17 18:25:00+00:00,95.98999786376953,96.0199966430664,95.93990325927734,95.93990325927734,28538
2026-09-17 18:26:00+00:00,95.93499755859375,95.98500061035156,95.93499755859375,95.95999908447266,18921
2026-09-17 18:27:00+00:00,95.95999908447266,95.98500061035156,95.94499969482422,95.97010040283203,25494
2026-09-17 18:28:00+00:00,95.9800033569336,95.98500061035156,95.94000244140625,95.95500183105469,31360
2026-09-17 18:29:00+00:00,95.95999908447266,95.96499633789062,95.91000366210938,95.93499755859375,39720
2026-09-17 18:30:00+00:00,95.94000244140625,95.96499633789062,95.81999969482422,95.83000183105469,32237
2026-09-17 18:31:00+00:00,95.82499694824219,95.86000061035156,95.80000305175781,95.80000305175781,24391
2026-09-17 18:32:00+00:00,95.80999755859375,95.8499984741211,95.80000305175781,95.83000183105469,22930
2026-09-17 18:33:00+00:00,95.81999969482422,95.86499786376953,95.80000305175781,95.82379913330078,32987
2026-09-17 18:34:00+00:00,95.83999633789062,95.86000061035156,95.7699966430664,95.79499816894531,47600
2026-09-17 18:35:00+00:00,95.80000305175781,95.83000183105469,95.77999877929688,95.79000091552734,23796
2026-09-17 18:36:00+00:00,95.79000091552734,95.80999755859375,95.76000213623047,95.7699966430664,36394
2026-09-17 18:37:00+00:00,95.7699966430664,95.80999755859375,95.73999786376953,95.7699966430664,48811
2026-09-17 18:38:00+00:00,95.77999877929688,95.81999969482422,95.76000213623047,95.80000305175781,50364
2026-09-17 18:39:00+00:00,95.79499816894531,95.81500244140625,95.76000213623047,95.7699966430664,22759
2026-09-17 18:40:00+00:00,95.7699966430664,95.79499816894531,95.75,95.79499816894531,19064
2026-09-17 18:41:00+00:00,95.79000091552734,95.79499816894531,95.7699966430664,95.7750015258789,18843
2026-09-17 18:42:00+00:00,95.7699966430664,95.79000091552734,95.69000244140625,95.69999694824219,21718
2026-09-17 18:43:00+00:00,95.69000244140625,95.75,95.68000030517578,95.75,28813
2026-09-17 18:44:00+00:00,95.75,95.79989624023438,95.73999786376953,95.77010345458984,20786
2026-09-17 18:45:00+00:00,95.77999877929688,95.79000091552734,95.75499725341797,95.76010131835938,17895
2026-09-17 18:46:00+00:00,95.76499938964844,95.76499938964844,95.69999694824219,95.75,46472
2026-09-17 18:47:00+00:00,95.75499725341797,95.7750015258789,95.70999908447266,95.70999908447266,28275
2026-09-17 18:48:00+00:00,95.69999694824219,95.7699966430664,95.69000244140625,95.7699966430664,63747
2026-09-17 18:49:00+00:00,95.76499938964844,95.7699966430664,95.73999786376953,95.76000213623047,19698
2026-09-17 18:50:00+00:00,95.76000213623047,95.76000213623047,95.69999694824219,95.70999908447266,30593
2026-09-17 18:51:00+00:00,95.70999908447266,95.76000213623047,95.68460083007812,95.73999786376953,32428
2026-09-17 18:52:00+00:00,95.73989868164062,95.75990295410156,95.66999816894531,95.68499755859375,31678
2026-09-17 18:53:00+00:00,95.68000030517578,95.69999694824219,95.66000366210938,95.68000030517578,25761
2026-09-17 18:54:00+00:00,95.69000244140625,95.69999694824219,95.67359924316406,95.69499969482422,15710
2026-09-17 18:55:00+00:00,95.69499969482422,95.71499633789062,95.66999816894531,95.68000030517578,20855
2026-09-17 18:56:00+00:00,95.68000030517578,95.69999694824219,95.66999816894531,95.69999694824219,12649
2026-09-17 18:57:00+00:00,95.70999908447266,95.70999908447266,95.68000030517578,95.68000030517578,23400
2026-09-17 18:58:00+00:00,95.68499755859375,95.69000244140625,95.66000366210938,95.67500305175781,24338
2026-09-17 18:59:00+00:00,95.67500305175781,95.7300033569336,95.66000366210938,95.7249984741211,28332
2026-09-17 19:00:00+00:00,95.7300033569336,95.87000274658203,95.7300033569336,95.86499786376953,31409
2026-09-17 19:01:00+00:00,95.86000061035156,95.94000244140625,95.8550033569336,95.91000366210938,30872
2026-09-17 19:02:00+00:00,95.91500091552734,95.93000030517578,95.8499984741211,95.87000274658203,28648
2026-09-17 19:03:00+00:00,95.87000274658203,95.88999938964844,95.81999969482422,95.83999633789062,12097
2026-09-17 19:04:00+00:00,95.84500122070312,95.87000274658203,95.81999969482422,95.8550033569336,8896
2026-09-17 19:05:00+00:00,95.86000061035156,95.9000015258789,95.8499984741211,95.88500213623047,16456
2026-09-17 19:06:00+00:00,95.88999938964844,95.95999908447266,95.87999725341797,95.94999694824219,19486
2026-09-17 19:07:00+00:00,95.94000244140625,95.94000244140625,95.91000366210938,95.93000030517578,21355
2026-09-17 19:08:00+00:00,95.92500305175781,95.94999694824219,95.8949966430664,95.91500091552734,35285
2026-09-17 19:09:00+00:00,95.90499877929688,95.93499755859375,95.87999725341797,95.91999816894531,33822
2026-09-17 19:10:00+00:00,95.91999816894531,95.92500305175781,95.86000061035156,95.87000274658203,18760
2026-09-17 19:11:00+00:00,95.86000061035156,95.88999938964844,95.86000061035156,95.87999725341797,18261
2026-09-17 19:12:00+00:00,95.87999725341797,95.93499755859375,95.86000061035156,95.93000030517578,28817
2026-09-17 19:13:00+00:00,95.93000030517578,95.93000030517578,95.87000274658203,95.87000274658203,17126
2026-09-17 19:14:00+00:00,95.87999725341797,95.91000366210938,95.86000061035156,95.9000015258789,25347
2026-09-17 19:15:00+00:00,95.8949966430664,95.90499877929688,95.8499984741211,95.8499984741211,19959
2026-09-17 19:16:00+00:00,95.8499984741211,95.8499984741211,95.77999877929688,95.78500366210938,24157
2026-09-17 19:17:00+00:00,95.77999877929688,95.77999877929688,95.74120330810547,95.7699966430664,22192
2026-09-17 19:18:00+00:00,95.76499938964844,95.80999755859375,95.75,95.80000305175781,22124
2026-09-17 19:19:00+00:00,95.80000305175781,95.83809661865234,95.77999877929688,95.83809661865234,18182
2026-09-17 19:20:00+00:00,95.83000183105469,95.83499908447266,95.80500030517578,95.80999755859375,15719
2026-09-17 19:21:00+00:00,95.80999755859375,95.80999755859375,95.75,95.76499938964844,29369
2026-09-17 19:22:00+00:00,95.76349639892578,95.76499938964844,95.7300033569336,95.76000213623047,29935
2026-09-17 19:23:00+00:00,95.7699966430664,95.79000091552734,95.7300033569336,95.73999786376953,35258
2026-09-17 19:24:00+00:00,95.73500061035156,95.76499938964844,95.71499633789062,95.7249984741211,24961
2026-09-17 19:25:00+00:00,95.7249984741211,95.7490005493164,95.70999908447266,95.73500061035156,23100
2026-09-17 19:26:00+00:00,95.73500061035156,95.73500061035156,95.68000030517578,95.68000030517578,25478
2026-09-17 19:27:00+00:00,95.68250274658203,95.68250274658203,95.56999969482422,95.56999969482422,32627
2026-09-17 19:28:00+00:00,95.55999755859375,95.55999755859375,95.51000213623047,95.54000091552734,52244
2026-09-17 19:29:00+00:00,95.54000091552734,95.55000305175781,95.4800033569336,95.48999786376953,94633
2026-09-17 19:30:00+00:00,95.49500274658203,95.54499816894531,95.45999908447266,95.46499633789062,40765
2026-09-17 19:31:00+00:00,95.46499633789062,95.58999633789062,95.46499633789062,95.58999633789062,69969
2026-09-17 19:32:00+00:00,95.58999633789062,95.58999633789062,95.54000091552734,95.55999755859375,32957
2026-09-17 19:33:00+00:00,95.55999755859375,95.57499694824219,95.5199966430664,95.57499694824219,21722
2026-09-17 19:34:00+00:00,95.58000183105469,95.5999984741211,95.55999755859375,95.55999755859375,28018
2026-09-17 19:35:00+00:00,95.56700134277344,95.58999633789062,95.55500030517578,95.56999969482422,24202
2026-09-17 19:36:00+00:00,95.57499694824219,95.61000061035156,95.56500244140625,95.58999633789062,26557
2026-09-17 19:37:00+00:00,95.59500122070312,95.61499786376953,95.58999633789062,95.6050033569336,20536
2026-09-17 19:38:00+00:00,95.6050033569336,95.6500015258789,95.58999633789062,95.58999633789062,42575
2026-09-17 19:39:00+00:00,95.58000183105469,95.66999816894531,95.58000183105469,95.66000366210938,61619
2026-09-17 19:40:00+00:00,95.6500015258789,95.66000366210938,95.63999938964844,95.6500015258789,41762
2026-09-17 19:41:00+00:00,95.65499877929688,95.67500305175781,95.643798828125,95.66000366210938,70640
2026-09-17 19:42:00+00:00,95.6500015258789,95.66999816894531,95.5999984741211,95.6500015258789,59457
2026-09-17 19:43:00+00:00,95.65499877929688,95.72000122070312,95.63999938964844,95.72000122070312,27405
2026-09-17 19:44:00+00:00,95.72000122070312,95.74500274658203,95.71499633789062,95.7300033569336,31931
2026-09-17 19:45:00+00:00,95.7300033569336,95.80500030517578,95.70999908447266,95.80000305175781,68432
2026-09-17 19:46:00+00:00,95.80000305175781,95.88500213623047,95.80000305175781,95.8499984741211,81210
2026-09-17 19:47:00+00:00,95.8499984741211,95.91000366210938,95.83999633789062,95.84500122070312,63153
2026-09-17 19:48:00+00:00,95.83999633789062,95.86000061035156,95.81999969482422,95.83000183105469,70490
2026-09-17 19:49:00+00:00,95.83000183105469,95.87000274658203,95.80000305175781,95.83799743652344,148724
2026-09-17 19:50:00+00:00,95.83999633789062,96.02999877929688,95.83999633789062,95.93000030517578,183320
2026-09-17 19:51:00+00:00,95.93000030517578,95.9800033569336,95.91999816894531,95.9800033569336,136551
2026-09-17 19:52:00+00:00,95.9800033569336,95.98999786376953,95.91999816894531,95.98999786376953,153055
2026-09-17 19:53:00+00:00,95.99500274658203,96.08999633789062,95.99500274658203,96.05000305175781,154271
2026-09-17 19:54:00+00:00,96.05000305175781,96.07499694824219,96.0250015258789,96.05000305175781,203844
2026-09-17 19:55:00+00:00,96.04000091552734,96.16000366210938,96.0199966430664,96.11000061035156,219421
2026-09-17 19:56:00+00:00,96.11499786376953,96.125,96.06999969482422,96.11000061035156,199187
2026-09-17 19:57:00+00:00,96.11000061035156,96.125,96.07499694824219,96.0999984741211,255360
2026-09-17 19:58:00+00:00,96.1050033569336,96.11000061035156,95.9749984741211,96.00499725341797,443624
2026-09-17 19:59:00+00:00,96.01000213623047,96.01499938964844,95.88999938964844,95.93000030517578,611169
2026-09-18 13:30:00+00:00,96.1500015258789,96.25,95.47000122070312,95.62999725341797,809916
2026-09-18 13:31:00+00:00,95.62000274658203,95.62000274658203,95.19999694824219,95.29000091552734,115087
2026-09-18 13:32:00+00:00,95.30509948730469,95.56999969482422,95.18000030517578,95.37999725341797,109653
2026-09-18 13:33:00+00:00,95.4000015258789,95.51000213623047,95.30000305175781,95.48999786376953,108250
2026-09-18 13:34:00+00:00,95.48999786376953,95.48999786376953,95.26000213623047,95.28500366210938,53278
2026-09-18 13:35:00+00:00,95.27999877929688,95.37999725341797,95.0,95.02999877929688,91284
2026-09-18 13:36:00+00:00,95.04000091552734,95.11000061035156,94.91000366210938,95.0,80376
2026-09-18 13:37:00+00:00,94.95999908447266,95.11499786376953,94.87000274658203,95.05000305175781,103781
2026-09-18 13:38:00+00:00,95.05999755859375,95.30000305175781,95.0,95.2300033569336,63506
2026-09-18 13:39:00+00:00,95.26000213623047,95.37000274658203,95.16000366210938,95.1697998046875,64929
2026-09-18 13:40:00+00:00,95.1500015258789,95.16000366210938,94.91999816894531,95.05999755859375,109955
2026-09-18 13:41:00+00:00,95.05999755859375,95.13999938964844,94.94999694824219,95.0999984741211,68684
2026-09-18 13:42:00+00:00,95.12000274658203,95.28500366210938,95.08499908447266,95.20999908447266,81670
2026-09-18 13:43:00+00:00,95.20999908447266,95.45500183105469,95.19999694824219,95.33999633789062,89961
2026-09-18 13:44:00+00:00,95.33999633789062,95.4000015258789,95.20999908447266,95.22000122070312,61409
2026-09-18 13:45:00+00:00,95.22000122070312,95.33999633789062,95.19999694824219,95.31999969482422,72956
2026-09-18 13:46:00+00:00,95.30999755859375,95.41000366210938,95.2300033569336,95.26000213623047,57659
2026-09-18 13:47:00+00:00,95.26000213623047,95.44000244140625,95.25,95.31999969482422,59429
2026-09-18 13:48:00+00:00,95.30999755859375,95.38999938964844,95.23999786376953,95.36000061035156,53046
2026-09-18 13:49:00+00:00,95.36000061035156,95.41000366210938,95.25,95.33000183105469,81266
2026-09-18 13:50:00+00:00,95.31999969482422,95.31999969482422,95.1500015258789,95.19000244140625,50344
2026-09-18 13:51:00+00:00,95.18000030517578,95.20999908447266,95.0999984741211,95.18000030517578,43264
2026-09-18 13:52:00+00:00,95.19000244140625,95.26000213623047,95.11000061035156,95.23999786376953,47805
2026-09-18 13:53:00+00:00,95.23500061035156,95.25,95.05000305175781,95.06269836425781,515703
2026-09-18 13:54:00+00:00,95.05999755859375,95.13899993896484,94.98999786376953,95.04000091552734,58671
2026-09-18 13:55:00+00:00,95.05000305175781,95.05500030517578,94.9800033569336,95.04499816894531,29910
2026-09-18 13:56:00+00:00,95.04000091552734,95.11000061035156,94.9749984741211,94.9800033569336,35445
2026-09-18 13:57:00+00:00,94.97010040283203,94.98999786376953,94.8499984741211,94.87999725341797,58465
2026-09-18 13:58:00+00:00,94.88999938964844,95.01899719238281,94.88999938964844,94.97000122070312,58152
2026-09-18 13:59:00+00:00,94.9749984741211,94.9999008178711,94.88999938964844,94.9800033569336,64410
2026-09-18 14:00:00+00:00,94.98999786376953,95.01000213623047,94.9000015258789,94.9749984741211,61078
2026-09-18 14:01:00+00:00,94.9749984741211,95.04000091552734,94.91000366210938,95.02999877929688,45846
2026-09-18 14:02:00+00:00,95.0199966430664,95.05000305175781,94.94000244140625,94.94000244140625,39970
2026-09-18 14:03:00+00:00,94.94000244140625,95.05000305175781,94.93000030517578,95.04000091552734,47301
2026-09-18 14:04:00+00:00,95.02999877929688,95.1500015258789,95.0199966430664,95.13999938964844,48581
2026-09-18 14:05:00+00:00,95.13009643554688,95.1449966430664,94.94999694824219,94.9800033569336,67558
2026-09-18 14:06:00+00:00,94.9749984741211,94.9749984741211,94.7300033569336,94.82499694824219,129679
2026-09-18 14:07:00+00:00,94.82499694824219,94.94000244140625,94.7699966430664,94.78500366210938,86189
2026-09-18 14:08:00+00:00,94.7699966430664,94.88500213623047,94.73999786376953,94.80000305175781,58113
2026-09-18 14:09:00+00:00,94.81999969482422,94.8499984741211,94.7750015258789,94.79499816894531,54999
2026-09-18 14:10:00+00:00,94.7802963256836,94.94000244140625,94.7802963256836,94.94000244140625,73166
2026-09-18 14:11:00+00:00,94.95500183105469,95.05999755859375,94.93000030517578,94.93000030517578,43823
2026-09-18 14:12:00+00:00,94.95500183105469,95.01499938964844,94.87999725341797,95.01499938964844,57350
2026-09-18 14:13:00+00:00,95.01000213623047,95.05999755859375,94.86000061035156,94.87999725341797,48413
2026-09-18 14:14:00+00:00,94.88999938964844,95.01000213623047,94.88999938964844,94.94999694824219,56109
2026-09-18 14:15:00+00:00,94.95999908447266,95.06500244140625,94.94000244140625,94.95999908447266,33981
2026-09-18 14:16:00+00:00,94.95999908447266,95.02999877929688,94.94000244140625,94.94999694824219,29595
2026-09-18 14:17:00+00:00,94.94000244140625,94.98500061035156,94.86000061035156,94.86000061035156,44227
2026-09-18 14:18:00+00:00,94.8499984741211,94.88999938964844,94.73999786376953,94.80000305175781,57537
2026-09-18 14:19:00+00:00,94.80000305175781,94.83499908447266,94.6449966430664,94.6500015258789,175226
2026-09-18 14:20:00+00:00,94.6500015258789,94.71170043945312,94.44000244140625,94.47000122070312,308542
2026-09-18 14:21:00+00:00,94.46499633789062,94.63999938964844,94.46499633789062,94.63500213623047,109664
2026-09-18 14:22:00+00:00,94.62999725341797,94.83999633789062,94.61000061035156,94.77429962158203,67657
2026-09-18 14:23:00+00:00,94.76000213623047,94.78500366210938,94.70999908447266,94.7249984741211,34688
2026-09-18 14:24:00+00:00,94.73999786376953,94.77999877929688,94.63999938964844,94.74500274658203,28414
2026-09-18 14:25:00+00:00,94.75,94.7699966430664,94.61499786376953,94.62000274658203,48054
2026-09-18 14:26:00+00:00,94.61499786376953,94.69999694824219,94.61000061035156,94.62999725341797,60811
2026-09-18 14:27:00+00:00,94.62999725341797,94.66999816894531,94.61000061035156,94.63999938964844,35307
2026-09-18 14:28:00+00:00,94.63999938964844,94.66000366210938,94.54000091552734,94.55000305175781,41649
2026-09-18 14:29:00+00:00,94.55999755859375,94.55999755859375,94.47000122070312,94.47000122070312,29441
2026-09-18 14:30:00+00:00,94.47000122070312,94.7249984741211,94.45999908447266,94.63999938964844,106152
2026-09-18 14:31:00+00:00,94.62999725341797,94.66000366210938,94.52999877929688,94.52999877929688,21494
2026-09-18 14:32:00+00:00,94.52999877929688,94.55599975585938,94.43000030517578,94.5,105517
2026-09-18 14:33:00+00:00,94.48999786376953,94.55999755859375,94.43499755859375,94.55000305175781,29304
2026-09-18 14:34:00+00:00,94.52999877929688,94.55500030517578,94.44000244140625,94.53814697265625,54246
2026-09-18 14:35:00+00:00,94.54000091552734,94.55000305175781,94.45999908447266,94.4800033569336,18999
2026-09-18 14:36:00+00:00,94.4749984741211,94.4800033569336,94.4000015258789,94.4800033569336,18065
2026-09-18 14:37:00+00:00,94.4800033569336,94.74500274658203,94.43000030517578,94.68000030517578,226962
2026-09-18 14:38:00+00:00,94.68000030517578,94.78174591064453,94.63999938964844,94.73999786376953,46780
2026-09-18 14:39:00+00:00,94.7300033569336,94.97000122070312,94.68499755859375,94.94000244140625,183151
2026-09-18 14:40:00+00:00,94.93000030517578,94.93000030517578,94.83000183105469,94.875,32635
2026-09-18 14:41:00+00:00,94.86000061035156,94.87000274658203,94.76000213623047,94.80989837646484,21537
2026-09-18 14:42:00+00:00,94.79989624023438,94.9198989868164,94.79989624023438,94.88999938964844,22975
2026-09-18 14:43:00+00:00,94.875,94.875,94.70999908447266,94.80000305175781,26397
2026-09-18 14:44:00+00:00,94.73999786376953,94.80999755859375,94.72000122070312,94.74500274658203,22374
2026-09-18 14:45:00+00:00,94.73500061035156,94.76000213623047,94.68824768066406,94.7300033569336,20145
2026-09-18 14:46:00+00:00,94.7300033569336,94.9000015258789,94.72000122070312,94.75,65504
2026-09-18 14:47:00+00:00,94.74500274658203,94.81999969482422,94.7300033569336,94.74500274658203,20400
2026-09-18 14:48:00+00:00,94.7300033569336,94.83000183105469,94.7300033569336,94.83000183105469,15050
2026-09-18 14:49:00+00:00,94.81999969482422,94.95999908447266,94.81999969482422,94.8550033569336,20674
2026-09-18 14:50:00+00:00,94.83000183105469,94.94000244140625,94.80999755859375,94.94000244140625,23572
2026-09-18 14:51:00+00:00,94.93000030517578,95.02999877929688,94.9000015258789,94.98999786376953,45940
2026-09-18 14:52:00+00:00,94.98999786376953,95.01000213623047,94.91000366210938,94.94000244140625,38659
2026-09-18 14:53:00+00:00,94.94999694824219,94.94999694824219,94.7699966430664,94.81999969482422,28093
2026-09-18 14:54:00+00:00,94.79000091552734,94.80999755859375,94.7699966430664,94.79000091552734,19690
2026-09-18 14:55:00+00:00,94.77999877929688,94.81500244140625,94.69999694824219,94.70885467529297,15812
2026-09-18 14:56:00+00:00,94.69999694824219,94.74500274658203,94.6050033569336,94.6050033569336,140424
2026-09-18 14:57:00+00:00,94.61000061035156,94.625,94.54129791259766,94.56500244140625,55232
2026-09-18 14:58:00+00:00,94.56009674072266,94.62000274658203,94.43000030517578,94.44999694824219,44467
2026-09-18 14:59:00+00:00,94.44999694824219,94.48999786376953,94.37000274658203,94.44499969482422,57113
2026-09-18 15:00:00+00:00,94.44999694824219,94.5,94.44000244140625,94.5,24864
2026-09-18 15:01:00+00:00,94.51000213623047,94.51499938964844,94.44000244140625,94.4800033569336,26144
2026-09-18 15:02:00+00:00,94.45999908447266,94.45999908447266,94.3949966430664,94.44000244140625,21342
2026-09-18 15:03:00+00:00,94.45999908447266,94.55999755859375,94.41200256347656,94.52999877929688,26993
2026-09-18 15:04:00+00:00,94.52999877929688,94.55999755859375,94.49500274658203,94.5198974609375,27965
2026-09-18 15:05:00+00:00,94.51000213623047,94.59500122070312,94.5,94.52999877929688,52166
2026-09-18 15:06:00+00:00,94.5199966430664,94.55000305175781,94.41000366210938,94.51000213623047,25085
2026-09-18 15:07:00+00:00,94.5,94.5199966430664,94.44000244140625,94.5,12309
2026-09-18 15:08:00+00:00,94.4894027709961,94.4894027709961,94.40499877929688,94.41000366210938,15702
2026-09-18 15:09:00+00:00,94.40499877929688,94.41000366210938,94.25,94.25,72555
2026-09-18 15:10:00+00:00,94.26499938964844,94.3499984741211,94.26499938964844,94.30999755859375,44777
2026-09-18 15:11:00+00:00,94.30999755859375,94.33000183105469,94.2300033569336,94.25499725341797,57289
2026-09-18 15:12:00+00:00,94.25499725341797,94.32499694824219,94.2300033569336,94.29000091552734,36622
2026-09-18 15:13:00+00:00,94.30000305175781,94.44499969482422,94.30000305175781,94.43499755859375,21790
2026-09-18 15:14:00+00:00,94.43000030517578,94.46499633789062,94.41000366210938,94.44999694824219,27275
2026-09-18 15:15:00+00:00,94.44000244140625,94.50520324707031,94.41999816894531,94.44999694824219,30557
2026-09-18 15:16:00+00:00,94.44999694824219,94.48999786376953,94.38500213623047,94.4000015258789,23477
2026-09-18 15:17:00+00:00,94.41000366210938,94.47000122070312,94.41000366210938,94.41999816894531,10226
2026-09-18 15:18:00+00:00,94.41999816894531,94.48999786376953,94.41999816894531,94.44000244140625,14942
2026-09-18 15:19:00+00:00,94.44000244140625,94.58999633789062,94.44000244140625,94.58999633789062,69685
2026-09-18 15:20:00+00:00,94.5999984741211,94.5999984741211,94.50499725341797,94.50499725341797,73656
2026-09-18 15:21:00+00:00,94.50499725341797,94.51000213623047,94.31999969482422,94.3550033569336,163034
2026-09-18 15:22:00+00:00,94.3550033569336,94.40499877929688,94.30999755859375,94.38999938964844,30970
2026-09-18 15:23:00+00:00,94.38500213623047,94.44000244140625,94.37999725341797,94.42500305175781,15025
2026-09-18 15:24:00+00:00,94.41999816894531,94.4800033569336,94.375,94.38999938964844,41677
2026-09-18 15:25:00+00:00,94.37999725341797,94.44999694824219,94.375,94.38500213623047,28845
2026-09-18 15:26:00+00:00,94.37999725341797,94.44000244140625,94.37999725341797,94.40499877929688,23629
2026-09-18 15:27:00+00:00,94.41000366210938,94.44000244140625,94.4000015258789,94.40499877929688,30930
2026-09-18 15:28:00+00:00,94.40499877929688,94.47000122070312,94.38999938964844,94.45999908447266,87900
2026-09-18 15:29:00+00:00,94.44999694824219,94.62000274658203,94.44999694824219,94.56999969482422,71639
2026-09-18 15:30:00+00:00,94.58000183105469,94.69000244140625,94.55999755859375,94.62999725341797,41453
2026-09-18 15:31:00+00:00,94.62999725341797,94.77999877929688,94.62999725341797,94.73500061035156,64935
2026-09-18 15:32:00+00:00,94.7300033569336,94.7300033569336,94.62000274658203,94.69000244140625,27211
2026-09-18 15:33:00+00:00,94.68000030517578,94.81999969482422,94.68000030517578,94.80000305175781,49513
2026-09-18 15:34:00+00:00,94.80500030517578,94.87999725341797,94.80500030517578,94.87999725341797,58936
2026-09-18 15:35:00+00:00,94.87999725341797,94.88999938964844,94.83184814453125,94.88999938964844,38305
2026-09-18 15:36:00+00:00,94.88999938964844,94.88999938964844,94.80000305175781,94.80000305175781,17207
2026-09-18 15:37:00+00:00,94.80999755859375,94.82499694824219,94.66000366210938,94.66999816894531,35726
2026-09-18 15:38:00+00:00,94.66999816894531,94.68000030517578,94.61499786376953,94.63999938964844,19522
2026-09-18 15:39:00+00:00,94.63999938964844,94.66000366210938,94.58000183105469,94.58000183105469,14299
2026-09-18 15:40:00+00:00,94.55999755859375,94.5999984741211,94.55999755859375,94.58000183105469,11210
2026-09-18 15:41:00+00:00,94.58000183105469,94.625,94.54000091552734,94.55999755859375,24145
2026-09-18 15:42:00+00:00,94.55999755859375,94.56999969482422,94.51000213623047,94.56999969482422,27540
2026-09-18 15:43:00+00:00,94.58000183105469,94.69000244140625,94.58000183105469,94.63999938964844,12240
2026-09-18 15:44:00+00:00,94.6500015258789,94.75,94.63999938964844,94.7300033569336,42262
2026-09-18 15:45:00+00:00,94.7300033569336,94.77999877929688,94.7300033569336,94.7750015258789,14239
2026-09-18 15:46:00+00:00,94.7750015258789,94.8499984741211,94.7750015258789,94.80999755859375,40320
2026-09-18 15:47:00+00:00,94.80999755859375,94.8499984741211,94.79000091552734,94.80989837646484,31104
2026-09-18 15:48:00+00:00,94.80999755859375,94.85099792480469,94.78500366210938,94.80000305175781,20982
2026-09-18 15:49:00+00:00,94.80000305175781,94.84500122070312,94.79000091552734,94.80500030517578,25590
2026-09-18 15:50:00+00:00,94.77999877929688,94.8499984741211,94.75,94.8499984741211,28958
2026-09-18 15:51:00+00:00,94.84500122070312,94.84500122070312,94.76499938964844,94.79000091552734,50860
2026-09-18 15:52:00+00:00,94.80000305175781,94.81999969482422,94.7750015258789,94.79499816894531,23058
2026-09-18 15:53:00+00:00,94.80000305175781,94.80000305175781,94.72000122070312,94.75,16442
2026-09-18 15:54:00+00:00,94.76000213623047,94.83000183105469,94.73999786376953,94.77980041503906,17256
2026-09-18 15:55:00+00:00,94.77999877929688,94.86000061035156,94.7699966430664,94.83999633789062,19214
2026-09-18 15:56:00+00:00,94.84500122070312,94.87999725341797,94.81999969482422,94.86000061035156,19504
2026-09-18 15:57:00+00:00,94.87000274658203,94.87999725341797,94.83499908447266,94.84500122070312,10463
2026-09-18 15:58:00+00:00,94.8499984741211,94.8499984741211,94.80999755859375,94.81999969482422,74794
2026-09-18 15:59:00+00:00,94.83000183105469,94.91000366210938,94.83000183105469,94.91000366210938,14357
2026-09-18 16:00:00+00:00,94.91000366210938,94.91999816894531,94.8550033569336,94.86000061035156,16670
2026-09-18 16:01:00+00:00,94.86499786376953,94.88500213623047,94.81999969482422,94.83000183105469,16893
2026-09-18 16:02:00+00:00,94.83000183105469,94.94000244140625,94.82499694824219,94.90850067138672,40847
2026-09-18 16:03:00+00:00,94.91000366210938,94.95999908447266,94.8949966430664,94.8949966430664,9960
2026-09-18 16:04:00+00:00,94.90499877929688,94.90499877929688,94.86000061035156,94.86000061035156,9501
2026-09-18 16:05:00+00:00,94.88999938964844,94.97000122070312,94.88999938964844,94.94499969482422,10168
2026-09-18 16:06:00+00:00,94.94999694824219,94.95999908447266,94.90499877929688,94.93000030517578,9657
2026-09-18 16:07:00+00:00,94.93000030517578,94.94000244140625,94.81999969482422,94.87000274658203,29614
2026-09-18 16:08:00+00:00,94.87999725341797,94.87999725341797,94.80500030517578,94.80500030517578,17451
2026-09-18 16:09:00+00:00,94.80999755859375,94.88999938964844,94.80999755859375,94.8550033569336,12985
2026-09-18 16:10:00+00:00,94.86000061035156,94.86499786376953,94.80999755859375,94.80999755859375,8594
2026-09-18 16:11:00+00:00,94.81500244140625,94.90499877929688,94.81500244140625,94.875,14052
2026-09-18 16:12:00+00:00,94.8718032836914,94.9749984741211,94.86499786376953,94.96990203857422,17628
2026-09-18 16:13:00+00:00,94.9800033569336,94.9800033569336,94.81500244140625,94.81500244140625,15501
2026-09-18 16:14:00+00:00,94.80999755859375,94.81999969482422,94.76010131835938,94.81999969482422,14700
2026-09-18 16:15:00+00:00,94.81999969482422,94.81999969482422,94.7699966430664,94.80999755859375,11160
2026-09-18 16:16:00+00:00,94.80999755859375,94.88500213623047,94.80999755859375,94.8499984741211,11991
2026-09-18 16:17:00+00:00,94.83999633789062,94.8499984741211,94.78990173339844,94.80999755859375,8411
2026-09-18 16:18:00+00:00,94.80500030517578,94.8499984741211,94.80500030517578,94.8499984741211,7006
2026-09-18 16:19:00+00:00,94.8499984741211,94.91999816894531,94.8499984741211,94.9000015258789,10521
2026-09-18 16:20:00+00:00,94.9000015258789,94.94000244140625,94.88500213623047,94.90499877929688,12846
2026-09-18 16:21:00+00:00,94.9000015258789,94.94000244140625,94.9000015258789,94.93499755859375,11895
2026-09-18 16:22:00+00:00,94.93000030517578,94.9800033569336,94.93000030517578,94.95999908447266,12344
2026-09-18 16:23:00+00:00,94.98519897460938,94.98999786376953,94.94999694824219,94.95999908447266,22405
2026-09-18 16:24:00+00:00,94.95999908447266,95.04000091552734,94.95999908447266,95.0,44820
2026-09-18 16:25:00+00:00,95.01000213623047,95.06500244140625,95.0,95.05999755859375,21614
2026-09-18 16:26:00+00:00,95.03500366210938,95.04000091552734,94.98999786376953,95.00499725341797,18930
2026-09-18 16:27:00+00:00,95.0,95.02999877929688,94.94999694824219,94.98999786376953,29215
2026-09-18 16:28:00+00:00,94.97000122070312,95.26000213623047,94.97000122070312,95.20999908447266,66892
2026-09-18 16:29:00+00:00,95.20500183105469,95.38990020751953,95.18000030517578,95.3499984741211,66451
2026-09-18 16:30:00+00:00,95.33999633789062,95.3499984741211,95.25499725341797,95.3499984741211,47644
2026-09-18 16:31:00+00:00,95.3499984741211,95.36499786376953,95.18499755859375,95.19000244140625,59493
2026-09-18 16:32:00+00:00,95.19499969482422,95.41999816894531,95.19499969482422,95.41999816894531,88425
2026-09-18 16:33:00+00:00,95.41999816894531,95.54000091552734,95.33999633789062,95.54000091552734,59367
2026-09-18 16:34:00+00:00,95.52999877929688,95.55000305175781,95.44999694824219,95.45999908447266,24776
2026-09-18 16:35:00+00:00,95.45999908447266,95.50499725341797,95.37999725341797,95.41999816894531,50284
2026-09-18 16:36:00+00:00,95.41000366210938,95.43000030517578,95.37999725341797,95.41000366210938,7583
2026-09-18 16:37:00+00:00,95.41000366210938,95.43499755859375,95.36000061035156,95.38999938964844,28423
2026-09-18 16:38:00+00:00,95.4000015258789,95.48500061035156,95.4000015258789,95.42500305175781,17412
2026-09-18 16:39:00+00:00,95.43000030517578,95.43000030517578,95.37000274658203,95.41999816894531,15304
2026-09-18 16:40:00+00:00,95.42500305175781,95.45500183105469,95.375,95.38999938964844,13367
2026-09-18 16:41:00+00:00,95.4000015258789,95.44599914550781,95.38999938964844,95.41500091552734,10067
2026-09-18 16:42:00+00:00,95.41000366210938,95.41000366210938,95.3499984741211,95.3550033569336,21282
2026-09-18 16:43:00+00:00,95.36000061035156,95.37000274658203,95.24500274658203,95.25,30581
2026-09-18 16:44:00+00:00,95.26000213623047,95.33000183105469,95.2300033569336,95.30999755859375,23357
2026-09-18 16:45:00+00:00,95.29759979248047,95.38999938964844,95.29000091552734,95.38999938964844,17252
2026-09-18 16:46:00+00:00,95.38999938964844,95.38999938964844,95.2699966430664,95.2750015258789,19868
2026-09-18 16:47:00+00:00,95.27999877929688,95.41000366210938,95.25,95.41000366210938,9107
2026-09-18 16:48:00+00:00,95.41999816894531,95.41999816894531,95.375,95.375,7828
2026-09-18 16:49:00+00:00,95.37000274658203,95.40499877929688,95.37000274658203,95.37999725341797,5459
2026-09-18 16:50:00+00:00,95.37000274658203,95.44999694824219,95.3499984741211,95.3550033569336,16308
2026-09-18 16:51:00+00:00,95.36000061035156,95.3949966430664,95.36000061035156,95.375,6313
2026-09-18 16:52:00+00:00,95.375,95.4000015258789,95.3499984741211,95.3949966430664,11275
2026-09-18 16:53:00+00:00,95.4000015258789,95.42500305175781,95.37999725341797,95.42500305175781,10513
2026-09-18 16:54:00+00:00,95.42500305175781,95.4800033569336,95.41999816894531,95.47000122070312,24181
2026-09-18 16:55:00+00:00,95.48500061035156,95.48999786376953,95.43000030517578,95.4800033569336,18694
2026-09-18 16:56:00+00:00,95.47000122070312,95.48999786376953,95.44999694824219,95.45999908447266,14357
2026-09-18 16:57:00+00:00,95.45999908447266,95.48500061035156,95.45999908447266,95.4800033569336,5480
2026-09-18 16:58:00+00:00,95.4800033569336,95.51000213623047,95.41999816894531,95.44999694824219,47117
2026-09-18 16:59:00+00:00,95.44000244140625,95.4800033569336,95.42500305175781,95.47000122070312,11814
2026-09-18 17:00:00+00:00,95.4800033569336,95.5,95.44999694824219,95.48989868164062,23948
2026-09-18 17:01:00+00:00,95.48500061035156,95.50800323486328,95.43000030517578,95.43000030517578,22585
2026-09-18 17:02:00+00:00,95.44000244140625,95.45999908447266,95.37999725341797,95.45999908447266,14316
2026-09-18 17:03:00+00:00,95.48999786376953,95.58999633789062,95.48999786376953,95.560302734375,22703
2026-09-18 17:04:00+00:00,95.55999755859375,95.55999755859375,95.4800033569336,95.4800033569336,18872
2026-09-18 17:05:00+00:00,95.45999908447266,95.54000091552734,95.45999908447266,95.52999877929688,78526
2026-09-18 17:06:00+00:00,95.5250015258789,95.54000091552734,95.44000244140625,95.44999694824219,24324
2026-09-18 17:07:00+00:00,95.43499755859375,95.4749984741211,95.41000366210938,95.47000122070312,11582
2026-09-18 17:08:00+00:00,95.4800033569336,95.4800033569336,95.44999694824219,95.45999908447266,8253
2026-09-18 17:09:00+00:00,95.47000122070312,95.56999969482422,95.47000122070312,95.56500244140625,21367
2026-09-18 17:10:00+00:00,95.56999969482422,95.58000183105469,95.5,95.56500244140625,17704
2026-09-18 17:11:00+00:00,95.58000183105469,95.58000183105469,95.51000213623047,95.55999755859375,13602
2026-09-18 17:12:00+00:00,95.56999969482422,95.56999969482422,95.4800033569336,95.48500061035156,12580
2026-09-18 17:13:00+00:00,95.4800033569336,95.54000091552734,95.45999908447266,95.5199966430664,20848
2026-09-18 17:14:00+00:00,95.51899719238281,95.55999755859375,95.47000122070312,95.48999786376953,59655
2026-09-18 17:15:00+00:00,95.48999786376953,95.5199966430664,95.48999786376953,95.48999786376953,13689
2026-09-18 17:16:00+00:00,95.48999786376953,95.51000213623047,95.47000122070312,95.4801025390625,25448
2026-09-18 17:17:00+00:00,95.47000122070312,95.51000213623047,95.44999694824219,95.50499725341797,12037
2026-09-18 17:18:00+00:00,95.48999786376953,95.5199966430664,95.44999694824219,95.45999908447266,23764
2026-09-18 17:19:00+00:00,95.47000122070312,95.4800033569336,95.44000244140625,95.45999908447266,13419
2026-09-18 17:20:00+00:00,95.44999694824219,95.45999908447266,95.38999938964844,95.41000366210938,24483
2026-09-18 17:21:00+00:00,95.4000015258789,95.43499755859375,95.38999938964844,95.41000366210938,22115
2026-09-18 17:22:00+00:00,95.41000366210938,95.45999908447266,95.40499877929688,95.43000030517578,10758
2026-09-18 17:23:00+00:00,95.44000244140625,95.45999908447266,95.41500091552734,95.43499755859375,18626
2026-09-18 17:24:00+00:00,95.44000244140625,95.44999694824219,95.43000030517578,95.44000244140625,7643
2026-09-18 17:25:00+00:00,95.43450164794922,95.47000122070312,95.41000366210938,95.45999908447266,13162
2026-09-18 17:26:00+00:00,95.47000122070312,95.48500061035156,95.45999908447266,95.48500061035156,5305
2026-09-18 17:27:00+00:00,95.48999786376953,95.5199966430664,95.47000122070312,95.4800033569336,14319
2026-09-18 17:28:00+00:00,95.48999786376953,95.5,95.45999908447266,95.45999908447266,10201
2026-09-18 17:29:00+00:00,95.47000122070312,95.51000213623047,95.45999908447266,95.49500274658203,11361
2026-09-18 17:30:00+00:00,95.5,95.5199966430664,95.47000122070312,95.5199966430664,19699
2026-09-18 17:31:00+00:00,95.5199966430664,95.52999877929688,95.4749984741211,95.51000213623047,30069
2026-09-18 17:32:00+00:00,95.50389862060547,95.51000213623047,95.4800033569336,95.51000213623047,5831
2026-09-18 17:33:00+00:00,95.51000213623047,95.58999633789062,95.51000213623047,95.58999633789062,21842
2026-09-18 17:34:00+00:00,95.58499908447266,95.66500091552734,95.56999969482422,95.66500091552734,28948
2026-09-18 17:35:00+00:00,95.66999816894531,95.69000244140625,95.6500015258789,95.68499755859375,17493
2026-09-18 17:36:00+00:00,95.68499755859375,95.78500366210938,95.66999816894531,95.7750015258789,45065
2026-09-18 17:37:00+00:00,95.77999877929688,95.79499816894531,95.7300033569336,95.74500274658203,22023
2026-09-18 17:38:00+00:00,95.74500274658203,95.77999877929688,95.7300033569336,95.75,17220
2026-09-18 17:39:00+00:00,95.76000213623047,95.76000213623047,95.66000366210938,95.70500183105469,21309
2026-09-18 17:40:00+00:00,95.70099639892578,95.7249984741211,95.63999938964844,95.70999908447266,22643
2026-09-18 17:41:00+00:00,95.70999908447266,95.76000213623047,95.66999816894531,95.7300033569336,100510
2026-09-18 17:42:00+00:00,95.74500274658203,95.86000061035156,95.72000122070312,95.86000061035156,18300
2026-09-18 17:43:00+00:00,95.83999633789062,95.8499984741211,95.76000213623047,95.76000213623047,25557
2026-09-18 17:44:00+00:00,95.7699966430664,95.80999755859375,95.73999786376953,95.80000305175781,11053
2026-09-18 17:45:00+00:00,95.79000091552734,95.79499816894531,95.74500274658203,95.74500274658203,177846
2026-09-18 17:46:00+00:00,95.73500061035156,95.80000305175781,95.73500061035156,95.77999877929688,25844
2026-09-18 17:47:00+00:00,95.7699966430664,95.80500030517578,95.76499938964844,95.80000305175781,31033
2026-09-18 17:48:00+00:00,95.79499816894531,95.79499816894531,95.7699966430664,95.79000091552734,13800
2026-09-18 17:49:00+00:00,95.7699966430664,95.7699966430664,95.68499755859375,95.68499755859375,13910
2026-09-18 17:50:00+00:00,95.68000030517578,95.75499725341797,95.67500305175781,95.7300033569336,13656
2026-09-18 17:51:00+00:00,95.73999786376953,95.75,95.70500183105469,95.71720123291016,6146
2026-09-18 17:52:00+00:00,95.70999908447266,95.76000213623047,95.69999694824219,95.72000122070312,21224
2026-09-18 17:53:00+00:00,95.72000122070312,95.73500061035156,95.70999908447266,95.7300033569336,10757
2026-09-18 17:54:00+00:00,95.70500183105469,95.72989654541016,95.69499969482422,95.69499969482422,13281
2026-09-18 17:55:00+00:00,95.69999694824219,95.69999694824219,95.68000030517578,95.68000030517578,13422
2026-09-18 17:56:00+00:00,95.68000030517578,95.75499725341797,95.68000030517578,95.75499725341797,15428
2026-09-18 17:57:00+00:00,95.75499725341797,95.76000213623047,95.7300033569336,95.7300033569336,10372
2026-09-18 17:58:00+00:00,95.73500061035156,95.74500274658203,95.72000122070312,95.7300033569336,8351
2026-09-18 17:59:00+00:00,95.72000122070312,95.7249984741211,95.70999908447266,95.70999908447266,3827
2026-09-18 18:00:00+00:00,95.72000122070312,95.7249984741211,95.68000030517578,95.69999694824219,23758
2026-09-18 18:01:00+00:00,95.69000244140625,95.73999786376953,95.68000030517578,95.73999786376953,9790
2026-09-18 18:02:00+00:00,95.72000122070312,95.7249984741211,95.68000030517578,95.70999908447266,13869
2026-09-18 18:03:00+00:00,95.70999908447266,95.7249984741211,95.69000244140625,95.7249984741211,7858
2026-09-18 18:04:00+00:00,95.7249984741211,95.7249984741211,95.66999816894531,95.66999816894531,11478
2026-09-18 18:05:00+00:00,95.66000366210938,95.67500305175781,95.63999938964844,95.6500015258789,10385
2026-09-18 18:06:00+00:00,95.65599822998047,95.66999816894531,95.6449966430664,95.66000366210938,10860
2026-09-18 18:07:00+00:00,95.66000366210938,95.73600006103516,95.66000366210938,95.73500061035156,10612
2026-09-18 18:08:00+00:00,95.73999786376953,95.76000213623047,95.69499969482422,95.69999694824219,16359
2026-09-18 18:09:00+00:00,95.70999908447266,95.71499633789062,95.68000030517578,95.69999694824219,10924
2026-09-18 18:10:00+00:00,95.70500183105469,95.7249984741211,95.66999816894531,95.68499755859375,25190
2026-09-18 18:11:00+00:00,95.68000030517578,95.68499755859375,95.63999938964844,95.66999816894531,22633
2026-09-18 18:12:00+00:00,95.66999816894531,95.7300033569336,95.66500091552734,95.7300033569336,9994
2026-09-18 18:13:00+00:00,95.72000122070312,95.7699966430664,95.69999694824219,95.75499725341797,19352
2026-09-18 18:14:00+00:00,95.75,95.75,95.72000122070312,95.72000122070312,15284
2026-09-18 18:15:00+00:00,95.7300033569336,95.7300033569336,95.66000366210938,95.68000030517578,11261
2026-09-18 18:16:00+00:00,95.66999816894531,95.67749786376953,95.58499908447266,95.58499908447266,50788
2026-09-18 18:17:00+00:00,95.58000183105469,95.58999633789062,95.56500244140625,95.58999633789062,10773
2026-09-18 18:18:00+00:00,95.59500122070312,95.59500122070312,95.54000091552734,95.54000091552734,37931
2026-09-18 18:19:00+00:00,95.55000305175781,95.63500213623047,95.54499816894531,95.63500213623047,14498
2026-09-18 18:20:00+00:00,95.63500213623047,95.63500213623047,95.58499908447266,95.58999633789062,11070
2026-09-18 18:21:00+00:00,95.58999633789062,95.61000061035156,95.57499694824219,95.58000183105469,10314
2026-09-18 18:22:00+00:00,95.58499908447266,95.58999633789062,95.52999877929688,95.52999877929688,12954
2026-09-18 18:23:00+00:00,95.54000091552734,95.55899810791016,95.52999877929688,95.52999877929688,5973
2026-09-18 18:24:00+00:00,95.51499938964844,95.5250015258789,95.4800033569336,95.49500274658203,15261
2026-09-18 18:25:00+00:00,95.48999786376953,95.51000213623047,95.45999908447266,95.48500061035156,42002
2026-09-18 18:26:00+00:00,95.4800033569336,95.48999786376953,95.47000122070312,95.48500061035156,11228
2026-09-18 18:27:00+00:00,95.48500061035156,95.51499938964844,95.4800033569336,95.5,35661
2026-09-18 18:28:00+00:00,95.49500274658203,95.5199966430664,95.48999786376953,95.5,7662
2026-09-18 18:29:00+00:00,95.48999786376953,95.55999755859375,95.48999786376953,95.55500030517578,11154
2026-09-18 18:30:00+00:00,95.55500030517578,95.55500030517578,95.48500061035156,95.49500274658203,14624
2026-09-18 18:31:00+00:00,95.48999786376953,95.48999786376953,95.41000366210938,95.41500091552734,32466
2026-09-18 18:32:00+00:00,95.41999816894531,95.48999786376953,95.41999816894531,95.45999908447266,31435
2026-09-18 18:33:00+00:00,95.47000122070312,95.5,95.44000244140625,95.44000244140625,12690
2026-09-18 18:34:00+00:00,95.44000244140625,95.48999786376953,95.44000244140625,95.48500061035156,13842
2026-09-18 18:35:00+00:00,95.47000122070312,95.4800033569336,95.42500305175781,95.45999908447266,19963
2026-09-18 18:36:00+00:00,95.45999908447266,95.46499633789062,95.44499969482422,95.45999908447266,14993
2026-09-18 18:37:00+00:00,95.45369720458984,95.45500183105469,95.41999816894531,95.43499755859375,41545
2026-09-18 18:38:00+00:00,95.43000030517578,95.44000244140625,95.41000366210938,95.43000030517578,21627
2026-09-18 18:39:00+00:00,95.43000030517578,95.43000030517578,95.41000366210938,95.41999816894531,13079
2026-09-18 18:40:00+00:00,95.4000015258789,95.42500305175781,95.37999725341797,95.37999725341797,22998
2026-09-18 18:41:00+00:00,95.37000274658203,95.38999938964844,95.36499786376953,95.38500213623047,18851
2026-09-18 18:42:00+00:00,95.38500213623047,95.38999938964844,95.31999969482422,95.36000061035156,33730
2026-09-18 18:43:00+00:00,95.36000061035156,95.41999816894531,95.36000061035156,95.41000366210938,22328
2026-09-18 18:44:00+00:00,95.40450286865234,95.40450286865234,95.33000183105469,95.33499908447266,33071
2026-09-18 18:45:00+00:00,95.33999633789062,95.34500122070312,95.31500244140625,95.32499694824219,27668
2026-09-18 18:46:00+00:00,95.31999969482422,95.34500122070312,95.30000305175781,95.33999633789062,62573
2026-09-18 18:47:00+00:00,95.33999633789062,95.4000015258789,95.33999633789062,95.37000274658203,26428
2026-09-18 18:48:00+00:00,95.37000274658203,95.37999725341797,95.3499984741211,95.36000061035156,15907
2026-09-18 18:49:00+00:00,95.3550033569336,95.3550033569336,95.33999633789062,95.3499984741211,8128
2026-09-18 18:50:00+00:00,95.3499984741211,95.3499984741211,95.32499694824219,95.33999633789062,14204
2026-09-18 18:51:00+00:00,95.3499984741211,95.37999725341797,95.33999633789062,95.3499984741211,25194
2026-09-18 18:52:00+00:00,95.34500122070312,95.36499786376953,95.3323974609375,95.34500122070312,14564
2026-09-18 18:53:00+00:00,95.33999633789062,95.36000061035156,95.33000183105469,95.34500122070312,11678
2026-09-18 18:54:00+00:00,95.3499984741211,95.3499984741211,95.31500244140625,95.31999969482422,14739
2026-09-18 18:55:00+00:00,95.30999755859375,95.34500122070312,95.30000305175781,95.33999633789062,24813
2026-09-18 18:56:00+00:00,95.34500122070312,95.375,95.32499694824219,95.33000183105469,30298
2026-09-18 18:57:00+00:00,95.32499694824219,95.33000183105469,95.30999755859375,95.31999969482422,25620
2026-09-18 18:58:00+00:00,95.31999969482422,95.3499984741211,95.30999755859375,95.34539794921875,14808
2026-09-18 18:59:00+00:00,95.33999633789062,95.36000061035156,95.32499694824219,95.33999633789062,20116
2026-09-18 19:00:00+00:00,95.36000061035156,95.36990356445312,95.30500030517578,95.3499984741211,17762
2026-09-18 19:01:00+00:00,95.33999633789062,95.33999633789062,95.25499725341797,95.2699966430664,29294
2026-09-18 19:02:00+00:00,95.2699966430664,95.27999877929688,95.25,95.27999877929688,17688
2026-09-18 19:03:00+00:00,95.27999877929688,95.33999633789062,95.27999877929688,95.32499694824219,47054
2026-09-18 19:04:00+00:00,95.32499694824219,95.38999938964844,95.32499694824219,95.3499984741211,16459
2026-09-18 19:05:00+00:00,95.33999633789062,95.43000030517578,95.33999633789062,95.41999816894531,10637
2026-09-18 19:06:00+00:00,95.41500091552734,95.41500091552734,95.38999938964844,95.3949966430664,9165
2026-09-18 19:07:00+00:00,95.375,95.37999725341797,95.3375015258789,95.36009979248047,21070
2026-09-18 19:08:00+00:00,95.37000274658203,95.41000366210938,95.3499984741211,95.41000366210938,93576
2026-09-18 19:09:00+00:00,95.41999816894531,95.43000030517578,95.40499877929688,95.41999816894531,9571
2026-09-18 19:10:00+00:00,95.41000366210938,95.41000366210938,95.3604965209961,95.38009643554688,29801
2026-09-18 19:11:00+00:00,95.3949966430664,95.4000015258789,95.37000274658203,95.4000015258789,17024
2026-09-18 19:12:00+00:00,95.41000366210938,95.43000030517578,95.4000015258789,95.4000015258789,7821
2026-09-18 19:13:00+00:00,95.4000015258789,95.40499877929688,95.37999725341797,95.4000015258789,15589
2026-09-18 19:14:00+00:00,95.4000015258789,95.43000030517578,95.3949966430664,95.41500091552734,51630
2026-09-18 19:15:00+00:00,95.41999816894531,95.43499755859375,95.41000366210938,95.41999816894531,7785
2026-09-18 19:16:00+00:00,95.41000366210938,95.41000366210938,95.31999969482422,95.34500122070312,114118
2026-09-18 19:17:00+00:00,95.34500122070312,95.34500122070312,95.31999969482422,95.32499694824219,9910
2026-09-18 19:18:00+00:00,95.32499694824219,95.33499908447266,95.29000091552734,95.29499816894531,26032
2026-09-18 19:19:00+00:00,95.29499816894531,95.30500030517578,95.2750015258789,95.2876968383789,14924
2026-09-18 19:20:00+00:00,95.28949737548828,95.29000091552734,95.25,95.2699966430664,18808
2026-09-18 19:21:00+00:00,95.2699966430664,95.33499908447266,95.26000213623047,95.29499816894531,37235
2026-09-18 19:22:00+00:00,95.29000091552734,95.29499816894531,95.2699966430664,95.29000091552734,28905
2026-09-18 19:23:00+00:00,95.28500366210938,95.30999755859375,95.2750015258789,95.30500030517578,43142
2026-09-18 19:24:00+00:00,95.30500030517578,95.32499694824219,95.27999877929688,95.31999969482422,52000
2026-09-18 19:25:00+00:00,95.33000183105469,95.33000183105469,95.2699966430664,95.2699966430664,38434
2026-09-18 19:26:00+00:00,95.26499938964844,95.27999877929688,95.26000213623047,95.26499938964844,38350
2026-09-18 19:27:00+00:00,95.2699966430664,95.27999877929688,95.25499725341797,95.2750015258789,15678
2026-09-18 19:28:00+00:00,95.2750015258789,95.31500244140625,95.2699966430664,95.31500244140625,19692
2026-09-18 19:29:00+00:00,95.31500244140625,95.33000183105469,95.30000305175781,95.30999755859375,23522
2026-09-18 19:30:00+00:00,95.30999755859375,95.34500122070312,95.30999755859375,95.31999969482422,37383
2026-09-18 19:31:00+00:00,95.31009674072266,95.33999633789062,95.30000305175781,95.30999755859375,32111
2026-09-18 19:32:00+00:00,95.30500030517578,95.33000183105469,95.29499816894531,95.31999969482422,18674
2026-09-18 19:33:00+00:00,95.31999969482422,95.33499908447266,95.30999755859375,95.33000183105469,38329
2026-09-18 19:34:00+00:00,95.32499694824219,95.33999633789062,95.30000305175781,95.30999755859375,21974
2026-09-18 19:35:00+00:00,95.302001953125,95.30999755859375,95.25,95.27999877929688,116805
2026-09-18 19:36:00+00:00,95.2750015258789,95.33999633789062,95.2750015258789,95.32499694824219,22937
2026-09-18 19:37:00+00:00,95.31999969482422,95.34500122070312,95.30999755859375,95.33000183105469,17090
2026-09-18 19:38:00+00:00,95.33000183105469,95.34500122070312,95.32499694824219,95.32499694824219,24950
2026-09-18 19:39:00+00:00,95.33000183105469,95.3499984741211,95.32499694824219,95.34590148925781,30917
2026-09-18 19:40:00+00:00,95.3499984741211,95.41999816894531,95.33000183105469,95.41000366210938,61928
2026-09-18 19:41:00+00:00,95.4000015258789,95.47000122070312,95.38500213623047,95.46499633789062,27995
2026-09-18 19:42:00+00:00,95.47000122070312,95.48500061035156,95.43000030517578,95.43000030517578,28186
2026-09-18 19:43:00+00:00,95.44000244140625,95.46499633789062,95.43000030517578,95.44999694824219,28267
2026-09-18 19:44:00+00:00,95.44499969482422,95.4800033569336,95.44499969482422,95.46499633789062,72343
2026-09-18 19:45:00+00:00,95.47000122070312,95.47000122070312,95.36499786376953,95.41999816894531,68008
2026-09-18 19:46:00+00:00,95.43000030517578,95.5,95.41999816894531,95.48500061035156,26275
2026-09-18 19:47:00+00:00,95.48500061035156,95.5198974609375,95.44000244140625,95.46499633789062,32761
2026-09-18 19:48:00+00:00,95.46499633789062,95.50499725341797,95.44499969482422,95.50499725341797,30130
2026-09-18 19:49:00+00:00,95.50499725341797,95.61499786376953,95.5,95.61499786376953,30218
2026-09-18 19:50:00+00:00,95.62000274658203,95.62999725341797,95.44999694824219,95.4800033569336,159958
2026-09-18 19:51:00+00:00,95.4749984741211,95.54499816894531,95.45999908447266,95.54000091552734,71368
2026-09-18 19:52:00+00:00,95.52999877929688,95.5376968383789,95.44000244140625,95.44999694824219,95478
2026-09-18 19:53:00+00:00,95.44999694824219,95.50499725341797,95.41000366210938,95.42500305175781,126365
2026-09-18 19:54:00+00:00,95.41999816894531,95.41999816894531,95.30999755859375,95.33000183105469,205108
2026-09-18 19:55:00+00:00,95.33999633789062,95.4000015258789,95.29989624023438,95.375,177536
2026-09-18 19:56:00+00:00,95.37999725341797,95.42500305175781,95.36499786376953,95.40499877929688,114031
2026-09-18 19:57:00+00:00,95.41000366210938,95.5886001586914,95.40499877929688,95.5886001586914,106279
2026-09-18 19:58:00+00:00,95.58499908447266,95.6177978515625,95.55999755859375,95.56999969482422,248475
2026-09-18 19:59:00+00:00,95.55999755859375,95.62000274658203,95.47000122070312,95.55000305175781,882006
2026-09-21 13:30:00+00:00,95.80999755859375,95.91000366210938,95.3499984741211,95.62999725341797,894013
2026-09-21 13:31:00+00:00,95.6686019897461,95.75499725341797,95.26000213623047,95.33000183105469,38637
2026-09-21 13:32:00+00:00,95.33000183105469,95.3499984741211,95.04000091552734,95.125,69369
2026-09-21 13:33:00+00:00,95.05000305175781,95.19000244140625,94.93000030517578,94.94249725341797,69877
2026-09-21 13:34:00+00:00,94.95999908447266,95.13999938964844,94.91999816894531,94.94999694824219,30492
2026-09-21 13:35:00+00:00,94.97000122070312,95.18000030517578,94.86000061035156,95.04000091552734,102254
2026-09-21 13:36:00+00:00,95.0199966430664,95.08999633789062,94.88999938964844,95.0250015258789,47268
2026-09-21 13:37:00+00:00,95.0199966430664,95.05000305175781,94.88999938964844,94.91500091552734,34286
2026-09-21 13:38:00+00:00,94.91000366210938,95.05500030517578,94.8499984741211,94.95999908447266,38805
2026-09-21 13:39:00+00:00,94.94000244140625,95.06999969482422,94.8499984741211,95.05999755859375,36976
2026-09-21 13:40:00+00:00,95.04000091552734,95.08999633789062,94.83999633789062,94.95580291748047,45912
2026-09-21 13:41:00+00:00,94.95500183105469,95.0,94.8499984741211,94.91999816894531,21414
2026-09-21 13:42:00+00:00,94.88999938964844,94.91999816894531,94.80000305175781,94.83999633789062,25580
2026-09-21 13:43:00+00:00,94.80000305175781,94.9000015258789,94.72000122070312,94.87999725341797,19411
2026-09-21 13:44:00+00:00,94.87999725341797,95.04000091552734,94.87999725341797,95.0250015258789,26066
2026-09-21 13:45:00+00:00,94.97000122070312,94.97000122070312,94.80000305175781,94.83999633789062,46448
2026-09-21 13:46:00+00:00,94.83000183105469,95.02790069580078,94.77999877929688,94.98999786376953,27674
2026-09-21 13:47:00+00:00,94.9800033569336,95.03949737548828,94.93499755859375,94.94499969482422,38763
2026-09-21 13:48:00+00:00,94.94499969482422,94.94999694824219,94.73999786376953,94.7699966430664,30542
2026-09-21 13:49:00+00:00,94.78500366210938,94.93000030517578,94.78500366210938,94.91500091552734,27674
2026-09-21 13:50:00+00:00,94.91000366210938,94.91500091552734,94.68000030517578,94.73500061035156,48901
2026-09-21 13:51:00+00:00,94.7249984741211,94.87999725341797,94.70999908447266,94.81999969482422,69492
2026-09-21 13:52:00+00:00,94.81999969482422,94.87000274658203,94.75,94.75,24830
2026-09-21 13:53:00+00:00,94.7699966430664,94.79000091552734,94.67500305175781,94.70500183105469,19906
2026-09-21 13:54:00+00:00,94.68000030517578,94.69499969482422,94.58999633789062,94.59500122070312,42327
2026-09-21 13:55:00+00:00,94.5999984741211,94.69499969482422,94.55000305175781,94.66500091552734,53013
2026-09-21 13:56:00+00:00,94.6500015258789,94.72000122070312,94.62000274658203,94.71499633789062,33113
2026-09-21 13:57:00+00:00,94.70999908447266,94.8550033569336,94.69999694824219,94.79499816894531,50745
2026-09-21 13:58:00+00:00,94.79000091552734,94.81999969482422,94.69000244140625,94.70999908447266,28257
2026-09-21 13:59:00+00:00,94.69999694824219,94.75,94.6500015258789,94.69000244140625,26512
2026-09-21 14:00:00+00:00,94.69000244140625,94.72000122070312,94.62000274658203,94.66000366210938,42337
2026-09-21 14:01:00+00:00,94.63999938964844,94.63999938964844,94.52999877929688,94.54000091552734,27041
2026-09-21 14:02:00+00:00,94.52999877929688,94.52999877929688,94.18000030517578,94.2300033569336,94158
2026-09-21 14:03:00+00:00,94.2300033569336,94.28800201416016,93.85199737548828,93.91390228271484,167410
2026-09-21 14:04:00+00:00,93.93000030517578,94.08000183105469,93.88999938964844,93.92500305175781,64837
2026-09-21 14:05:00+00:00,93.9000015258789,94.0199966430664,93.76000213623047,93.77999877929688,60123
2026-09-21 14:06:00+00:00,93.78500366210938,93.86000061035156,93.70500183105469,93.79000091552734,85748
2026-09-21 14:07:00+00:00,93.76499938964844,93.9800033569336,93.72000122070312,93.97000122070312,46141
2026-09-21 14:08:00+00:00,93.94000244140625,94.11000061035156,93.91000366210938,94.08000183105469,88067
2026-09-21 14:09:00+00:00,94.07499694824219,94.20999908447266,94.07499694824219,94.20999908447266,71993
2026-09-21 14:10:00+00:00,94.20999908447266,94.37000274658203,94.20500183105469,94.24299621582031,39061
2026-09-21 14:11:00+00:00,94.25,94.30999755859375,94.11000061035156,94.2699966430664,51438
2026-09-21 14:12:00+00:00,94.2699966430664,94.30000305175781,94.16999816894531,94.16999816894531,30865
2026-09-21 14:13:00+00:00,94.19000244140625,94.30000305175781,94.12999725341797,94.18000030517578,37067
2026-09-21 14:14:00+00:00,94.18199920654297,94.29000091552734,94.16000366210938,94.26499938964844,47158
2026-09-21 14:15:00+00:00,94.2699966430664,94.37000274658203,94.18009948730469,94.19999694824219,31969
2026-09-21 14:16:00+00:00,94.20999908447266,94.28500366210938,94.17500305175781,94.26000213623047,20333
2026-09-21 14:17:00+00:00,94.23999786376953,94.25,94.19000244140625,94.19999694824219,20238
2026-09-21 14:18:00+00:00,94.20999908447266,94.25499725341797,94.12999725341797,94.16500091552734,33185
2026-09-21 14:19:00+00:00,94.16000366210938,94.26000213623047,94.1500015258789,94.19999694824219,20206
2026-09-21 14:20:00+00:00,94.20999908447266,94.2699966430664,94.1500015258789,94.19999694824219,37908
2026-09-21 14:21:00+00:00,94.19999694824219,94.36000061035156,94.13999938964844,94.33000183105469,40935
2026-09-21 14:22:00+00:00,94.31999969482422,94.37000274658203,94.30999755859375,94.36000061035156,18659
2026-09-21 14:23:00+00:00,94.37000274658203,94.37359619140625,94.26000213623047,94.37359619140625,38075
2026-09-21 14:24:00+00:00,94.37000274658203,94.41999816894531,94.29000091552734,94.3499984741211,61260
2026-09-21 14:25:00+00:00,94.33000183105469,94.36000061035156,94.22000122070312,94.30999755859375,176872
2026-09-21 14:26:00+00:00,94.31999969482422,94.36000061035156,94.19999694824219,94.30999755859375,26637
2026-09-21 14:27:00+00:00,94.30999755859375,94.45999908447266,94.29499816894531,94.3949966430664,31218
2026-09-21 14:28:00+00:00,94.38999938964844,94.47000122070312,94.33000183105469,94.41500091552734,28847
2026-09-21 14:29:00+00:00,94.41999816894531,94.54000091552734,94.41999816894531,94.48999786376953,25483
2026-09-21 14:30:00+00:00,94.5,94.56999969482422,94.4800033569336,94.55000305175781,15148
2026-09-21 14:31:00+00:00,94.51499938964844,94.57499694824219,94.37000274658203,94.37000274658203,40112
2026-09-21 14:32:00+00:00,94.36000061035156,94.36000061035156,94.26000213623047,94.33000183105469,40572
2026-09-21 14:33:00+00:00,94.33000183105469,94.41999816894531,94.30999755859375,94.3499984741211,33304
2026-09-21 14:34:00+00:00,94.33000183105469,94.3499984741211,94.19999694824219,94.2300033569336,17547
2026-09-21 14:35:00+00:00,94.26000213623047,94.30999755859375,94.26000213623047,94.30000305175781,13967
2026-09-21 14:36:00+00:00,94.30999755859375,94.30999755859375,93.98999786376953,93.98999786376953,49613
2026-09-21 14:37:00+00:00,93.9800033569336,94.06999969482422,93.95999908447266,94.06500244140625,45127
2026-09-21 14:38:00+00:00,94.08000183105469,94.1500015258789,94.0199966430664,94.0199966430664,15114
2026-09-21 14:39:00+00:00,94.0250015258789,94.02999877929688,93.94000244140625,93.94999694824219,16638
2026-09-21 14:40:00+00:00,93.94999694824219,94.03959655761719,93.94999694824219,94.01000213623047,20253
2026-09-21 14:41:00+00:00,94.01000213623047,94.20999908447266,94.01000213623047,94.15779876708984,63813
2026-09-21 14:42:00+00:00,94.15499877929688,94.18000030517578,94.08999633789062,94.12000274658203,16192
2026-09-21 14:43:00+00:00,94.13999938964844,94.15499877929688,93.97000122070312,93.9999008178711,27745
2026-09-21 14:44:00+00:00,94.0,94.02999877929688,93.91000366210938,93.91999816894531,21790
2026-09-21 14:45:00+00:00,93.91999816894531,94.12000274658203,93.91999816894531,94.06999969482422,23315
2026-09-21 14:46:00+00:00,94.05999755859375,94.08999633789062,93.95999908447266,94.05000305175781,137613
2026-09-21 14:47:00+00:00,94.05999755859375,94.12000274658203,94.01000213623047,94.05760192871094,22867
2026-09-21 14:48:00+00:00,94.05000305175781,94.1449966430664,94.00499725341797,94.00499725341797,19281
2026-09-21 14:49:00+00:00,94.01000213623047,94.0199966430664,93.93000030517578,93.97000122070312,13217
2026-09-21 14:50:00+00:00,93.9800033569336,94.0,93.93000030517578,93.98999786376953,24635
2026-09-21 14:51:00+00:00,94.0,94.06500244140625,93.9800033569336,94.02999877929688,38226
2026-09-21 14:52:00+00:00,94.02999877929688,94.11499786376953,93.98500061035156,94.11000061035156,19770
2026-09-21 14:53:00+00:00,94.11000061035156,94.2300033569336,94.11000061035156,94.1500015258789,39254
2026-09-21 14:54:00+00:00,94.13999938964844,94.23999786376953,94.12999725341797,94.20999908447266,22227
2026-09-21 14:55:00+00:00,94.22000122070312,94.22000122070312,94.11009979248047,94.12000274658203,18349
2026-09-21 14:56:00+00:00,94.11499786376953,94.12999725341797,94.0199966430664,94.0199966430664,140410
2026-09-21 14:57:00+00:00,94.0199966430664,94.0199966430664,93.91999816894531,93.91999816894531,13313
2026-09-21 14:58:00+00:00,93.91999816894531,93.97000122070312,93.9000015258789,93.91999816894531,37530
2026-09-21 14:59:00+00:00,93.91999816894531,93.94000244140625,93.87999725341797,93.93000030517578,27378
2026-09-21 15:00:00+00:00,93.93000030517578,94.02999877929688,93.91000366210938,94.01000213623047,43354
2026-09-21 15:01:00+00:00,94.01000213623047,94.19000244140625,94.0,94.15989685058594,213567
2026-09-21 15:02:00+00:00,94.15499877929688,94.3499984741211,94.1449966430664,94.30000305175781,39455
2026-09-21 15:03:00+00:00,94.31999969482422,94.3499984741211,94.23999786376953,94.29000091552734,37490
2026-09-21 15:04:00+00:00,94.30000305175781,94.43000030517578,94.24500274658203,94.43000030517578,18235
2026-09-21 15:05:00+00:00,94.43000030517578,94.46990203857422,94.37999725341797,94.45500183105469,15693
2026-09-21 15:06:00+00:00,94.44999694824219,94.51000213623047,94.38999938964844,94.41000366210938,31400
2026-09-21 15:07:00+00:00,94.4000015258789,94.46499633789062,94.4000015258789,94.44000244140625,18503
2026-09-21 15:08:00+00:00,94.44499969482422,94.46630096435547,94.38999938964844,94.41999816894531,15262
2026-09-21 15:09:00+00:00,94.42500305175781,94.5250015258789,94.36000061035156,94.5250015258789,36270
2026-09-21 15:10:00+00:00,94.5250015258789,94.53500366210938,94.41000366210938,94.43000030517578,16780
2026-09-21 15:11:00+00:00,94.37999725341797,94.41500091552734,94.36000061035156,94.41000366210938,62288
2026-09-21 15:12:00+00:00,94.41000366210938,94.43000030517578,94.3499984741211,94.4000015258789,23316
2026-09-21 15:13:00+00:00,94.4000015258789,94.41000366210938,94.3010025024414,94.375,28214
2026-09-21 15:14:00+00:00,94.38999938964844,94.38999938964844,94.2699966430664,94.29000091552734,12280
2026-09-21 15:15:00+00:00,94.29499816894531,94.33000183105469,94.27999877929688,94.28500366210938,28941
2026-09-21 15:16:00+00:00,94.27999877929688,94.41000366210938,94.27999877929688,94.41000366210938,33262
2026-09-21 15:17:00+00:00,94.41999816894531,94.44000244140625,94.36499786376953,94.37999725341797,15127
2026-09-21 15:18:00+00:00,94.38999938964844,94.43000030517578,94.33000183105469,94.33999633789062,11761
2026-09-21 15:19:00+00:00,94.33999633789062,94.33999633789062,94.2134017944336,94.23500061035156,25887
2026-09-21 15:20:00+00:00,94.23500061035156,94.26499938964844,94.15499877929688,94.16500091552734,19950
2026-09-21 15:21:00+00:00,94.16500091552734,94.17500305175781,94.0999984741211,94.16000366210938,28016
2026-09-21 15:22:00+00:00,94.1500015258789,94.19499969482422,94.11000061035156,94.19499969482422,18413
2026-09-21 15:23:00+00:00,94.18000030517578,94.30999755859375,94.16999816894531,94.28500366210938,18724
2026-09-21 15:24:00+00:00,94.29000091552734,94.33999633789062,94.2750015258789,94.33499908447266,15175
2026-09-21 15:25:00+00:00,94.33999633789062,94.41000366210938,94.33999633789062,94.41000366210938,16834
2026-09-21 15:26:00+00:00,94.4000015258789,94.41999816894531,94.31999969482422,94.33999633789062,18664
2026-09-21 15:27:00+00:00,94.33000183105469,94.33000183105469,94.2699966430664,94.30999755859375,17415
2026-09-21 15:28:00+00:00,94.30000305175781,94.33999633789062,94.30000305175781,94.33999633789062,13345
2026-09-21 15:29:00+00:00,94.33499908447266,94.34500122070312,94.2699966430664,94.2699966430664,10475
2026-09-21 15:30:00+00:00,94.29000091552734,94.31999969482422,94.27989959716797,94.27999877929688,10914
2026-09-21 15:31:00+00:00,94.29000091552734,94.29376220703125,94.25,94.29376220703125,22860
2026-09-21 15:32:00+00:00,94.29000091552734,94.33000183105469,94.27999877929688,94.32499694824219,17680
2026-09-21 15:33:00+00:00,94.33000183105469,94.45500183105469,94.33000183105469,94.43499755859375,17584
2026-09-21 15:34:00+00:00,94.43990325927734,94.46499633789062,94.41999816894531,94.43000030517578,12401
2026-09-21 15:35:00+00:00,94.43499755859375,94.45500183105469,94.33000183105469,94.33999633789062,13897
2026-09-21 15:36:00+00:00,94.36000061035156,94.5,94.36000061035156,94.44999694824219,42684
2026-09-21 15:37:00+00:00,94.43000030517578,94.45719909667969,94.36499786376953,94.37000274658203,15710
2026-09-21 15:38:00+00:00,94.36000061035156,94.36000061035156,94.29000091552734,94.30000305175781,15406
2026-09-21 15:39:00+00:00,94.30000305175781,94.31999969482422,94.2699966430664,94.2699966430664,30444
2026-09-21 15:40:00+00:00,94.2699966430664,94.30000305175781,94.16000366210938,94.16999816894531,13631
2026-09-21 15:41:00+00:00,94.18000030517578,94.30000305175781,94.18000030517578,94.29000091552734,12368
2026-09-21 15:42:00+00:00,94.27999877929688,94.29000091552734,94.25499725341797,94.28500366210938,11760
2026-09-21 15:43:00+00:00,94.2699966430664,94.29000091552734,94.20500183105469,94.20500183105469,11559
2026-09-21 15:44:00+00:00,94.22000122070312,94.26000213623047,94.19000244140625,94.25,10631
2026-09-21 15:45:00+00:00,94.25,94.29000091552734,94.23999786376953,94.28500366210938,18936
2026-09-21 15:46:00+00:00,94.27999877929688,94.3550033569336,94.27999877929688,94.3499984741211,12411
2026-09-21 15:47:00+00:00,94.3550033569336,94.36499786376953,94.33999633789062,94.35009765625,7608
2026-09-21 15:48:00+00:00,94.36000061035156,94.36000061035156,94.30000305175781,94.33499908447266,12867
2026-09-21 15:49:00+00:00,94.3499984741211,94.37999725341797,94.30999755859375,94.3499984741211,14176
2026-09-21 15:50:00+00:00,94.36000061035156,94.62999725341797,94.33999633789062,94.5199966430664,90209
2026-09-21 15:51:00+00:00,94.51000213623047,94.53710174560547,94.44000244140625,94.4800033569336,38595
2026-09-21 15:52:00+00:00,94.4800033569336,94.5,94.36000061035156,94.37000274658203,24751
2026-09-21 15:53:00+00:00,94.37000274658203,94.37000274658203,94.29000091552734,94.33000183105469,11522
2026-09-21 15:54:00+00:00,94.3499984741211,94.43000030517578,94.3499984741211,94.37000274658203,19436
2026-09-21 15:55:00+00:00,94.36000061035156,94.375,94.30999755859375,94.37000274658203,14633
2026-09-21 15:56:00+00:00,94.36000061035156,94.41000366210938,94.33499908447266,94.3499984741211,12323
2026-09-21 15:57:00+00:00,94.33999633789062,94.3499984741211,94.19750213623047,94.23999786376953,34741
2026-09-21 15:58:00+00:00,94.2249984741211,94.26000213623047,94.18000030517578,94.23999786376953,18475
2026-09-21 15:59:00+00:00,94.23500061035156,94.27999877929688,94.20999908447266,94.27999877929688,9241
2026-09-21 16:00:00+00:00,94.2699966430664,94.2699966430664,94.16500091552734,94.19999694824219,19006
2026-09-21 16:01:00+00:00,94.2300033569336,94.26000213623047,94.2249984741211,94.25499725341797,10039
2026-09-21 16:02:00+00:00,94.26000213623047,94.29000091552734,94.23999786376953,94.26000213623047,16045
2026-09-21 16:03:00+00:00,94.26000213623047,94.31999969482422,94.26000213623047,94.29000091552734,20477
2026-09-21 16:04:00+00:00,94.29000091552734,94.3301010131836,94.29000091552734,94.31999969482422,11959
2026-09-21 16:05:00+00:00,94.30999755859375,94.30999755859375,94.26000213623047,94.2750015258789,10283
2026-09-21 16:06:00+00:00,94.27999877929688,94.27999877929688,94.23500061035156,94.25,8169
2026-09-21 16:07:00+00:00,94.23999786376953,94.44999694824219,94.20999908447266,94.31999969482422,120846
2026-09-21 16:08:00+00:00,94.31999969482422,94.44000244140625,94.31500244140625,94.3499984741211,26708
2026-09-21 16:09:00+00:00,94.33999633789062,94.41500091552734,94.2699966430664,94.4000015258789,41387
2026-09-21 16:10:00+00:00,94.41000366210938,94.43000030517578,94.33470153808594,94.41000366210938,10122
2026-09-21 16:11:00+00:00,94.4000015258789,94.41000366210938,94.3583984375,94.4000015258789,8853
2026-09-21 16:12:00+00:00,94.38999938964844,94.38999938964844,94.27999877929688,94.33000183105469,9248
2026-09-21 16:13:00+00:00,94.33000183105469,94.38500213623047,94.32499694824219,94.33499908447266,37788
2026-09-21 16:14:00+00:00,94.33499908447266,94.33499908447266,94.25,94.33499908447266,20262
2026-09-21 16:15:00+00:00,94.33999633789062,94.44999694824219,94.33999633789062,94.44000244140625,13110
2026-09-21 16:16:00+00:00,94.44000244140625,94.5,94.43000030517578,94.48999786376953,10604
2026-09-21 16:17:00+00:00,94.51000213623047,94.51000213623047,94.37999725341797,94.4000015258789,16857
2026-09-21 16:18:00+00:00,94.38999938964844,94.47000122070312,94.38999938964844,94.45999908447266,38516
2026-09-21 16:19:00+00:00,94.44999694824219,94.56999969482422,94.44999694824219,94.54000091552734,11199
2026-09-21 16:20:00+00:00,94.54000091552734,94.54000091552734,94.49500274658203,94.5199966430664,9739
2026-09-21 16:21:00+00:00,94.5198974609375,94.5198974609375,94.36000061035156,94.36000061035156,22550
2026-09-21 16:22:00+00:00,94.3550033569336,94.4000015258789,94.33999633789062,94.3499984741211,19195
2026-09-21 16:23:00+00:00,94.35759735107422,94.35759735107422,94.26000213623047,94.26000213623047,24956
2026-09-21 16:24:00+00:00,94.26499938964844,94.27999877929688,94.19999694824219,94.22000122070312,27461
2026-09-21 16:25:00+00:00,94.2229995727539,94.2249984741211,94.11499786376953,94.11499786376953,44038
2026-09-21 16:26:00+00:00,94.12000274658203,94.1449966430664,94.12000274658203,94.12999725341797,10960
2026-09-21 16:27:00+00:00,94.13500213623047,94.18000030517578,94.12999725341797,94.15499877929688,20342
2026-09-21 16:28:00+00:00,94.15499877929688,94.16500091552734,94.0999984741211,94.125,19661
2026-09-21 16:29:00+00:00,94.125,94.17500305175781,94.125,94.16500091552734,9972
2026-09-21 16:30:00+00:00,94.16500091552734,94.16500091552734,94.125,94.13999938964844,14287
2026-09-21 16:31:00+00:00,94.14199829101562,94.16999816894531,94.12999725341797,94.12999725341797,16161
2026-09-21 16:32:00+00:00,94.12000274658203,94.16999816894531,94.11000061035156,94.125,13574
2026-09-21 16:33:00+00:00,94.125,94.15499877929688,94.12000274658203,94.13749694824219,13013
2026-09-21 16:34:00+00:00,94.13999938964844,94.16000366210938,94.11499786376953,94.13760375976562,17527
2026-09-21 16:35:00+00:00,94.13500213623047,94.15499877929688,94.08499908447266,94.0999984741211,15419
2026-09-21 16:36:00+00:00,94.11499786376953,94.1500015258789,94.05999755859375,94.09500122070312,26435
2026-09-21 16:37:00+00:00,94.08499908447266,94.12999725341797,94.08499908447266,94.12999725341797,15792
2026-09-21 16:38:00+00:00,94.12999725341797,94.16999816894531,94.125,94.16000366210938,71055
2026-09-21 16:39:00+00:00,94.1500015258789,94.1500015258789,94.05999755859375,94.06999969482422,14781
2026-09-21 16:40:00+00:00,94.06999969482422,94.11000061035156,94.05999755859375,94.0999984741211,33967
2026-09-21 16:41:00+00:00,94.08499908447266,94.08499908447266,94.04000091552734,94.05000305175781,16766
2026-09-21 16:42:00+00:00,94.05000305175781,94.07499694824219,94.02999877929688,94.04000091552734,17521
2026-09-21 16:43:00+00:00,94.04010009765625,94.04499816894531,94.00499725341797,94.02999877929688,28739
2026-09-21 16:44:00+00:00,94.02999877929688,94.03500366210938,93.97000122070312,94.01499938964844,40979
2026-09-21 16:45:00+00:00,94.0199966430664,94.05999755859375,93.98999786376953,94.05999755859375,12596
2026-09-21 16:46:00+00:00,94.05500030517578,94.08000183105469,94.04000091552734,94.05000305175781,15880
2026-09-21 16:47:00+00:00,94.05999755859375,94.07499694824219,94.05000305175781,94.05999755859375,5842
2026-09-21 16:48:00+00:00,94.05999755859375,94.08499908447266,94.05000305175781,94.06009674072266,18392
2026-09-21 16:49:00+00:00,94.05999755859375,94.05999755859375,94.01000213623047,94.0250015258789,36695
2026-09-21 16:50:00+00:00,94.0250015258789,94.05999755859375,94.0199966430664,94.0199966430664,37652
2026-09-21 16:51:00+00:00,94.0199966430664,94.0199966430664,93.95999908447266,93.9800033569336,39109
2026-09-21 16:52:00+00:00,93.9749984741211,93.9749984741211,93.9000015258789,93.93000030517578,21553
2026-09-21 16:53:00+00:00,93.93499755859375,93.95500183105469,93.9000015258789,93.90499877929688,36280
2026-09-21 16:54:00+00:00,93.90499877929688,93.93000030517578,93.87000274658203,93.91999816894531,25731
2026-09-21 16:55:00+00:00,93.91000366210938,93.98999786376953,93.91000366210938,93.97000122070312,22717
2026-09-21 16:56:00+00:00,93.9749984741211,93.9749984741211,93.93000030517578,93.93000030517578,14086
2026-09-21 16:57:00+00:00,93.94999694824219,93.98999786376953,93.94000244140625,93.94999694824219,12126
2026-09-21 16:58:00+00:00,93.94999694824219,93.95999908447266,93.91999816894531,93.91999816894531,23210
2026-09-21 16:59:00+00:00,93.93000030517578,93.94000244140625,93.9000015258789,93.90499877929688,15824
2026-09-21 17:00:00+00:00,93.91000366210938,93.94999694824219,93.87999725341797,93.93000030517578,15616
2026-09-21 17:01:00+00:00,93.93000030517578,93.94499969482422,93.88999938964844,93.91000366210938,14758
2026-09-21 17:02:00+00:00,93.94999694824219,93.94999694824219,93.91999816894531,93.94499969482422,20752
2026-09-21 17:03:00+00:00,93.94000244140625,93.94999694824219,93.91000366210938,93.91000366210938,12531
2026-09-21 17:04:00+00:00,93.9000015258789,93.93000030517578,93.87000274658203,93.93000030517578,10379
2026-09-21 17:05:00+00:00,93.92500305175781,93.94999694824219,93.91999816894531,93.93000030517578,15274
2026-09-21 17:06:00+00:00,93.94000244140625,93.95999908447266,93.93000030517578,93.94000244140625,13690
2026-09-21 17:07:00+00:00,93.93499755859375,93.95999908447266,93.91999816894531,93.94000244140625,7500
2026-09-21 17:08:00+00:00,93.94000244140625,93.96499633789062,93.93000030517578,93.94000244140625,12903
2026-09-21 17:09:00+00:00,93.94999694824219,93.97000122070312,93.94000244140625,93.97000122070312,11173
2026-09-21 17:10:00+00:00,93.96499633789062,94.0199966430664,93.95999908447266,94.0199966430664,172113
2026-09-21 17:11:00+00:00,94.00499725341797,94.05999755859375,94.0,94.0,80296
2026-09-21 17:12:00+00:00,94.01499938964844,94.08000183105469,94.0,94.06999969482422,12314
2026-09-21 17:13:00+00:00,94.05500030517578,94.09989929199219,94.05000305175781,94.05500030517578,14625
2026-09-21 17:14:00+00:00,94.05000305175781,94.08049774169922,94.02999877929688,94.08049774169922,7865
2026-09-21 17:15:00+00:00,94.08000183105469,94.08499908447266,94.02999877929688,94.02999877929688,7431
2026-09-21 17:16:00+00:00,94.02179718017578,94.05000305175781,94.02179718017578,94.05000305175781,6685
2026-09-21 17:17:00+00:00,94.04000091552734,94.05000305175781,94.0,94.00499725341797,10792
2026-09-21 17:18:00+00:00,94.01000213623047,94.05999755859375,94.00499725341797,94.05000305175781,7653
2026-09-21 17:19:00+00:00,94.04499816894531,94.05000305175781,94.01000213623047,94.04000091552734,7093
2026-09-21 17:20:00+00:00,94.04000091552734,94.08000183105469,94.0199966430664,94.08000183105469,10220
2026-09-21 17:21:00+00:00,94.08999633789062,94.0999984741211,94.06500244140625,94.08000183105469,18868
2026-09-21 17:22:00+00:00,94.06999969482422,94.08999633789062,94.06999969482422,94.06999969482422,11896
2026-09-21 17:23:00+00:00,94.08000183105469,94.12000274658203,94.06999969482422,94.08000183105469,9844
2026-09-21 17:24:00+00:00,94.07499694824219,94.07499694824219,94.04000091552734,94.05000305175781,13906
2026-09-21 17:25:00+00:00,94.05999755859375,94.08000183105469,94.03500366210938,94.05000305175781,11202
2026-09-21 17:26:00+00:00,94.04000091552734,94.08000183105469,94.0250015258789,94.08000183105469,9683
2026-09-21 17:27:00+00:00,94.08000183105469,94.11499786376953,94.08000183105469,94.0999984741211,5549
2026-09-21 17:28:00+00:00,94.0999984741211,94.11000061035156,94.05999755859375,94.08999633789062,7587
2026-09-21 17:29:00+00:00,94.08999633789062,94.12999725341797,94.08999633789062,94.1050033569336,8694
2026-09-21 17:30:00+00:00,94.11000061035156,94.13800048828125,94.05999755859375,94.05999755859375,13066
2026-09-21 17:31:00+00:00,94.05999755859375,94.08499908447266,94.00499725341797,94.08499908447266,51301
2026-09-21 17:32:00+00:00,94.06999969482422,94.06999969482422,94.02999877929688,94.05500030517578,13062
2026-09-21 17:33:00+00:00,94.05000305175781,94.06510162353516,94.00499725341797,94.04000091552734,42398
2026-09-21 17:34:00+00:00,94.04000091552734,94.08000183105469,94.02999877929688,94.04000091552734,17798
2026-09-21 17:35:00+00:00,94.05999755859375,94.12000274658203,94.02999877929688,94.09500122070312,39216
2026-09-21 17:36:00+00:00,94.1050033569336,94.12999725341797,94.07499694824219,94.11000061035156,10938
2026-09-21 17:37:00+00:00,94.11000061035156,94.125,94.08000183105469,94.08499908447266,69202
2026-09-21 17:38:00+00:00,94.0999984741211,94.0999984741211,94.04000091552734,94.09500122070312,6448
2026-09-21 17:39:00+00:00,94.08999633789062,94.11199951171875,94.06500244140625,94.08000183105469,38770
2026-09-21 17:40:00+00:00,94.08000183105469,94.16500091552734,94.06999969482422,94.1500015258789,16924
2026-09-21 17:41:00+00:00,94.15499877929688,94.23500061035156,94.1500015258789,94.2300033569336,8305
2026-09-21 17:42:00+00:00,94.2300033569336,94.2300033569336,94.13999938964844,94.13999938964844,8949
2026-09-21 17:43:00+00:00,94.1500015258789,94.16500091552734,94.11000061035156,94.13999938964844,15888
2026-09-21 17:44:00+00:00,94.13999938964844,94.13999938964844,94.09500122070312,94.1050033569336,10273
2026-09-21 17:45:00+00:00,94.11000061035156,94.13999938964844,94.05999755859375,94.12000274658203,15587
2026-09-21 17:46:00+00:00,94.12000274658203,94.16000366210938,94.12000274658203,94.1449966430664,7649
2026-09-21 17:47:00+00:00,94.1500015258789,94.20500183105469,94.1500015258789,94.19999694824219,10869
2026-09-21 17:48:00+00:00,94.19999694824219,94.22419738769531,94.19999694824219,94.20999908447266,11260
2026-09-21 17:49:00+00:00,94.21499633789062,94.21499633789062,94.16999816894531,94.20999908447266,11277
2026-09-21 17:50:00+00:00,94.20999908447266,94.20999908447266,94.18000030517578,94.18000030517578,18137
2026-09-21 17:51:00+00:00,94.18000030517578,94.21499633789062,94.18000030517578,94.21499633789062,4844
2026-09-21 17:52:00+00:00,94.21499633789062,94.21499633789062,94.19000244140625,94.19499969482422,4958
2026-09-21 17:53:00+00:00,94.19499969482422,94.23500061035156,94.19499969482422,94.21499633789062,22500
2026-09-21 17:54:00+00:00,94.22000122070312,94.23500061035156,94.1500015258789,94.15499877929688,34200
2026-09-21 17:55:00+00:00,94.16000366210938,94.19499969482422,94.11019897460938,94.17500305175781,15001
2026-09-21 17:56:00+00:00,94.17500305175781,94.17500305175781,94.11499786376953,94.12000274658203,6166
2026-09-21 17:57:00+00:00,94.12999725341797,94.16000366210938,94.0999984741211,94.16000366210938,9536
2026-09-21 17:58:00+00:00,94.16999816894531,94.16999816894531,94.125,94.12999725341797,20305
2026-09-21 17:59:00+00:00,94.12999725341797,94.16000366210938,94.125,94.1500015258789,5971
2026-09-21 18:00:00+00:00,94.16000366210938,94.19000244140625,94.12999725341797,94.16000366210938,7721
2026-09-21 18:01:00+00:00,94.15010070800781,94.20999908447266,94.15010070800781,94.20999908447266,8137
2026-09-21 18:02:00+00:00,94.20999908447266,94.25,94.20500183105469,94.25,8241
2026-09-21 18:03:00+00:00,94.25499725341797,94.2699966430664,94.2249984741211,94.2249984741211,9939
2026-09-21 18:04:00+00:00,94.2249984741211,94.26000213623047,94.20500183105469,94.25,20139
2026-09-21 18:05:00+00:00,94.24500274658203,94.27999877929688,94.24500274658203,94.27999877929688,5998
2026-09-21 18:06:00+00:00,94.2699966430664,94.30000305175781,94.2677001953125,94.27999877929688,12142
2026-09-21 18:07:00+00:00,94.28500366210938,94.30500030517578,94.27510070800781,94.29000091552734,18182
2026-09-21 18:08:00+00:00,94.30000305175781,94.33999633789062,94.30000305175781,94.33499908447266,66213
2026-09-21 18:09:00+00:00,94.33999633789062,94.37010192871094,94.31999969482422,94.33999633789062,69081
2026-09-21 18:10:00+00:00,94.33000183105469,94.33499908447266,94.28500366210938,94.30500030517578,14209
2026-09-21 18:11:00+00:00,94.30500030517578,94.375,94.30500030517578,94.36499786376953,23697
2026-09-21 18:12:00+00:00,94.36000061035156,94.37999725341797,94.3499984741211,94.3677978515625,11523
2026-09-21 18:13:00+00:00,94.36499786376953,94.41000366210938,94.36499786376953,94.37000274658203,20410
2026-09-21 18:14:00+00:00,94.375,94.41500091552734,94.36000061035156,94.41500091552734,29001
2026-09-21 18:15:00+00:00,94.41999816894531,94.5,94.41000366210938,94.48500061035156,18207
2026-09-21 18:16:00+00:00,94.48999786376953,94.52999877929688,94.4800033569336,94.52999877929688,16648
2026-09-21 18:17:00+00:00,94.52999877929688,94.56999969482422,94.52999877929688,94.55010223388672,14198
2026-09-21 18:18:00+00:00,94.55999755859375,94.56999969482422,94.52999877929688,94.53500366210938,11651
2026-09-21 18:19:00+00:00,94.53500366210938,94.55999755859375,94.53500366210938,94.55999755859375,7738
2026-09-21 18:20:00+00:00,94.56999969482422,94.62000274658203,94.56999969482422,94.56999969482422,22650
2026-09-21 18:21:00+00:00,94.58999633789062,94.61000061035156,94.54000091552734,94.55999755859375,8304
2026-09-21 18:22:00+00:00,94.55000305175781,94.55000305175781,94.5,94.51000213623047,5005
2026-09-21 18:23:00+00:00,94.51000213623047,94.53500366210938,94.48999786376953,94.48999786376953,5296
2026-09-21 18:24:00+00:00,94.48500061035156,94.5,94.44999694824219,94.4749984741211,26500
2026-09-21 18:25:00+00:00,94.47000122070312,94.47000122070312,94.44000244140625,94.45999908447266,24927
2026-09-21 18:26:00+00:00,94.45500183105469,94.46499633789062,94.41500091552734,94.44999694824219,39765
2026-09-21 18:27:00+00:00,94.44999694824219,94.46499633789062,94.44000244140625,94.45010375976562,5310
2026-09-21 18:28:00+00:00,94.45500183105469,94.51000213623047,94.44999694824219,94.51000213623047,48447
2026-09-21 18:29:00+00:00,94.50499725341797,94.51499938964844,94.5,94.51499938964844,5894
2026-09-21 18:30:00+00:00,94.5199966430664,94.55999755859375,94.51499938964844,94.55999755859375,16583
2026-09-21 18:31:00+00:00,94.55999755859375,94.61000061035156,94.55999755859375,94.59500122070312,25876
2026-09-21 18:32:00+00:00,94.5999984741211,94.66000366210938,94.56999969482422,94.6500015258789,25300
2026-09-21 18:33:00+00:00,94.6449966430664,94.6500015258789,94.6050033569336,94.625,15057
2026-09-21 18:34:00+00:00,94.61499786376953,94.61499786376953,94.57499694824219,94.58499908447266,13969
2026-09-21 18:35:00+00:00,94.58000183105469,94.5999984741211,94.56999969482422,94.59600067138672,22076
2026-09-21 18:36:00+00:00,94.5999984741211,94.60990142822266,94.55000305175781,94.55000305175781,9680
2026-09-21 18:37:00+00:00,94.55999755859375,94.58000183105469,94.53500366210938,94.53500366210938,50814
2026-09-21 18:38:00+00:00,94.54000091552734,94.54000091552734,94.45999908447266,94.45999908447266,48968
2026-09-21 18:39:00+00:00,94.45999908447266,94.55000305175781,94.45500183105469,94.52999877929688,22944
2026-09-21 18:40:00+00:00,94.52999877929688,94.54000091552734,94.51000213623047,94.5199966430664,26035
2026-09-21 18:41:00+00:00,94.5199966430664,94.56999969482422,94.5199966430664,94.55000305175781,14454
2026-09-21 18:42:00+00:00,94.55000305175781,94.58999633789062,94.55000305175781,94.57499694824219,8816
2026-09-21 18:43:00+00:00,94.58499908447266,94.58999633789062,94.56999969482422,94.58000183105469,8377
2026-09-21 18:44:00+00:00,94.57499694824219,94.625,94.57499694824219,94.61499786376953,18766
2026-09-21 18:45:00+00:00,94.61000061035156,94.62999725341797,94.58000183105469,94.5999984741211,13460
2026-09-21 18:46:00+00:00,94.59500122070312,94.61000061035156,94.58999633789062,94.6050033569336,12107
2026-09-21 18:47:00+00:00,94.6050033569336,94.62999725341797,94.6050033569336,94.61000061035156,12702
2026-09-21 18:48:00+00:00,94.61000061035156,94.63999938964844,94.6050033569336,94.61000061035156,14599
2026-09-21 18:49:00+00:00,94.6050033569336,94.62000274658203,94.5999984741211,94.5999984741211,14455
2026-09-21 18:50:00+00:00,94.5999984741211,94.62000274658203,94.5999984741211,94.61000061035156,14753
2026-09-21 18:51:00+00:00,94.61000061035156,94.61799621582031,94.56009674072266,94.58499908447266,14773
2026-09-21 18:52:00+00:00,94.58499908447266,94.61499786376953,94.55999755859375,94.61499786376953,23408
2026-09-21 18:53:00+00:00,94.61000061035156,94.62000274658203,94.58499908447266,94.58499908447266,21670
2026-09-21 18:54:00+00:00,94.58499908447266,94.58999633789062,94.55999755859375,94.55999755859375,10245
2026-09-21 18:55:00+00:00,94.56500244140625,94.56999969482422,94.54499816894531,94.55999755859375,16084
2026-09-21 18:56:00+00:00,94.55500030517578,94.58999633789062,94.55500030517578,94.58000183105469,17274
2026-09-21 18:57:00+00:00,94.58000183105469,94.58000183105469,94.55500030517578,94.55999755859375,8670
2026-09-21 18:58:00+00:00,94.56999969482422,94.57499694824219,94.51499938964844,94.54000091552734,12575
2026-09-21 18:59:00+00:00,94.52999877929688,94.55000305175781,94.50499725341797,94.51499938964844,9892
2026-09-21 19:00:00+00:00,94.5198974609375,94.52999877929688,94.4800033569336,94.48500061035156,16142
2026-09-21 19:01:00+00:00,94.48500061035156,94.48500061035156,94.43000030517578,94.43000030517578,16670
2026-09-21 19:02:00+00:00,94.41999816894531,94.44999694824219,94.41999816894531,94.42500305175781,19868
2026-09-21 19:03:00+00:00,94.42500305175781,94.45500183105469,94.40499877929688,94.41000366210938,7275
2026-09-21 19:04:00+00:00,94.41500091552734,94.46499633789062,94.41000366210938,94.46499633789062,44744
2026-09-21 19:05:00+00:00,94.45999908447266,94.47000122070312,94.44999694824219,94.46499633789062,17444
2026-09-21 19:06:00+00:00,94.46499633789062,94.4800033569336,94.44499969482422,94.47000122070312,457073
2026-09-21 19:07:00+00:00,94.47000122070312,94.4800033569336,94.44499969482422,94.4800033569336,31127
2026-09-21 19:08:00+00:00,94.4800033569336,94.51000213623047,94.4800033569336,94.4800033569336,20432
2026-09-21 19:09:00+00:00,94.4800033569336,94.51000213623047,94.4800033569336,94.51000213623047,7647
2026-09-21 19:10:00+00:00,94.51000213623047,94.5479965209961,94.5,94.54000091552734,21494
2026-09-21 19:11:00+00:00,94.54000091552734,94.56999969482422,94.50499725341797,94.55999755859375,11891
2026-09-21 19:12:00+00:00,94.55989837646484,94.55989837646484,94.5250015258789,94.53500366210938,7551
2026-09-21 19:13:00+00:00,94.53500366210938,94.57499694824219,94.52999877929688,94.57499694824219,315912
2026-09-21 19:14:00+00:00,94.57499694824219,94.58000183105469,94.52999877929688,94.52999877929688,9961
2026-09-21 19:15:00+00:00,94.52999877929688,94.55999755859375,94.5199966430664,94.55999755859375,177160
2026-09-21 19:16:00+00:00,94.55999755859375,94.56999969482422,94.54499816894531,94.55000305175781,29232
2026-09-21 19:17:00+00:00,94.54499816894531,94.55999755859375,94.50499725341797,94.5199966430664,45566
2026-09-21 19:18:00+00:00,94.5199966430664,94.55000305175781,94.51499938964844,94.54340362548828,22385
2026-09-21 19:19:00+00:00,94.54000091552734,94.54499816894531,94.50499725341797,94.5199966430664,20507
2026-09-21 19:20:00+00:00,94.5250015258789,94.55000305175781,94.5199966430664,94.55000305175781,16994
2026-09-21 19:21:00+00:00,94.55000305175781,94.55000305175781,94.5250015258789,94.5250015258789,14462
2026-09-21 19:22:00+00:00,94.52999877929688,94.54000091552734,94.5250015258789,94.53500366210938,20340
2026-09-21 19:23:00+00:00,94.53500366210938,94.53500366210938,94.48999786376953,94.50499725341797,44242
2026-09-21 19:24:00+00:00,94.5,94.5,94.41999816894531,94.43000030517578,50969
2026-09-21 19:25:00+00:00,94.4209976196289,94.42500305175781,94.3949966430664,94.41000366210938,26049
2026-09-21 19:26:00+00:00,94.40499877929688,94.44000244140625,94.3949966430664,94.44000244140625,28788
2026-09-21 19:27:00+00:00,94.44000244140625,94.5,94.43000030517578,94.49759674072266,19769
2026-09-21 19:28:00+00:00,94.5,94.5259017944336,94.49500274658203,94.49500274658203,12496
2026-09-21 19:29:00+00:00,94.49500274658203,94.5,94.47000122070312,94.47000122070312,11916
2026-09-21 19:30:00+00:00,94.47000122070312,94.5250015258789,94.47000122070312,94.5250015258789,16182
2026-09-21 19:31:00+00:00,94.5199966430664,94.58000183105469,94.50499725341797,94.57499694824219,24164
2026-09-21 19:32:00+00:00,94.56999969482422,94.5999984741211,94.55000305175781,94.55999755859375,33290
2026-09-21 19:33:00+00:00,94.56999969482422,94.62999725341797,94.56500244140625,94.61499786376953,29196
2026-09-21 19:34:00+00:00,94.61499786376953,94.66999816894531,94.61499786376953,94.6449966430664,40050
2026-09-21 19:35:00+00:00,94.64009857177734,94.66999816894531,94.61499786376953,94.62999725341797,30873
2026-09-21 19:36:00+00:00,94.63999938964844,94.68000030517578,94.62999725341797,94.6677017211914,20208
2026-09-21 19:37:00+00:00,94.66500091552734,94.68499755859375,94.65499877929688,94.66999816894531,20078
2026-09-21 19:38:00+00:00,94.66999816894531,94.70500183105469,94.66500091552734,94.70500183105469,29956
2026-09-21 19:39:00+00:00,94.70999908447266,94.76499938964844,94.69499969482422,94.76499938964844,34782
2026-09-21 19:40:00+00:00,94.76499938964844,94.78500366210938,94.69499969482422,94.73500061035156,48784
2026-09-21 19:41:00+00:00,94.73999786376953,94.73999786376953,94.66999816894531,94.69499969482422,25078
2026-09-21 19:42:00+00:00,94.69000244140625,94.70999908447266,94.66999816894531,94.67500305175781,24604
2026-09-21 19:43:00+00:00,94.67500305175781,94.68499755859375,94.63500213623047,94.66000366210938,33301
2026-09-21 19:44:00+00:00,94.66000366210938,94.66500091552734,94.63500213623047,94.65499877929688,22887
2026-09-21 19:45:00+00:00,94.6500015258789,94.69000244140625,94.62000274658203,94.68499755859375,28397
2026-09-21 19:46:00+00:00,94.68000030517578,94.68000030517578,94.625,94.63999938964844,18686
2026-09-21 19:47:00+00:00,94.6449966430664,94.6449966430664,94.62000274658203,94.625,20224
2026-09-21 19:48:00+00:00,94.625,94.63500213623047,94.55500030517578,94.55500030517578,21865
2026-09-21 19:49:00+00:00,94.55500030517578,94.55999755859375,94.4749984741211,94.4800033569336,31707
2026-09-21 19:50:00+00:00,94.47000122070312,94.55000305175781,94.47000122070312,94.51000213623047,118597
2026-09-21 19:51:00+00:00,94.5,94.52739715576172,94.45999908447266,94.47000122070312,44053
2026-09-21 19:52:00+00:00,94.47000122070312,94.48970031738281,94.43000030517578,94.43000030517578,33626
2026-09-21 19:53:00+00:00,94.43499755859375,94.45999908447266,94.41500091552734,94.44999694824219,42144
2026-09-21 19:54:00+00:00,94.44000244140625,94.5250015258789,94.44000244140625,94.51499938964844,64785
2026-09-21 19:55:00+00:00,94.5199966430664,94.5199966430664,94.42500305175781,94.46499633789062,109668
2026-09-21 19:56:00+00:00,94.46499633789062,94.5199966430664,94.43000030517578,94.5,52891
2026-09-21 19:57:00+00:00,94.48999786376953,94.6500015258789,94.4800033569336,94.57820129394531,145101
2026-09-21 19:58:00+00:00,94.58000183105469,94.62000274658203,94.44999694824219,94.4749984741211,217016
2026-09-21 19:59:00+00:00,94.47000122070312,94.52999877929688,94.38999938964844,94.5199966430664,380796
2026-09-22 13:30:00+00:00,94.51000213623047,94.83000183105469,94.5,94.83000183105469,902290
2026-09-22 13:31:00+00:00,94.83000183105469,94.86000061035156,94.6500015258789,94.72000122070312,25687
2026-09-22 13:32:00+00:00,94.7300033569336,94.95999908447266,94.63999938964844,94.93499755859375,38687
2026-09-22 13:33:00+00:00,94.93499755859375,94.94999694824219,94.76000213623047,94.94000244140625,31629
2026-09-22 13:34:00+00:00,94.94000244140625,95.33499908447266,94.94000244140625,95.23999786376953,60525
2026-09-22 13:35:00+00:00,95.20999908447266,95.27999877929688,95.06999969482422,95.20999908447266,42149
2026-09-22 13:36:00+00:00,95.22000122070312,95.36959838867188,95.19999694824219,95.30000305175781,61836
2026-09-22 13:37:00+00:00,95.29000091552734,95.38050079345703,95.19000244140625,95.29000091552734,83945
2026-09-22 13:38:00+00:00,95.29750061035156,95.47000122070312,95.23999786376953,95.47000122070312,36515
2026-09-22 13:39:00+00:00,95.45999908447266,95.55999755859375,95.31999969482422,95.31999969482422,37486
2026-09-22 13:40:00+00:00,95.30000305175781,95.31999969482422,95.18000030517578,95.26499938964844,109111
2026-09-22 13:41:00+00:00,95.26000213623047,95.41000366210938,95.22000122070312,95.30999755859375,44092
2026-09-22 13:42:00+00:00,95.31999969482422,95.54000091552734,95.20999908447266,95.54000091552734,40470
2026-09-22 13:43:00+00:00,95.54000091552734,95.81999969482422,95.52999877929688,95.75,58065
2026-09-22 13:44:00+00:00,95.76000213623047,96.0199966430664,95.7300033569336,96.01000213623047,136396
2026-09-22 13:45:00+00:00,96.01000213623047,96.06500244140625,95.80999755859375,95.91000366210938,134090
2026-09-22 13:46:00+00:00,95.91999816894531,95.9800033569336,95.76300048828125,95.96499633789062,82834
2026-09-22 13:47:00+00:00,95.94000244140625,96.08000183105469,95.91000366210938,95.98999786376953,43609
2026-09-22 13:48:00+00:00,95.98999786376953,96.2300033569336,95.95999908447266,96.17900085449219,89771
2026-09-22 13:49:00+00:00,96.18000030517578,96.30999755859375,96.1449966430664,96.20999908447266,120452
2026-09-22 13:50:00+00:00,96.19999694824219,96.22000122070312,96.0,96.18000030517578,184947
2026-09-22 13:51:00+00:00,96.16999816894531,96.16999816894531,96.01000213623047,96.04000091552734,43089
2026-09-22 13:52:00+00:00,96.04730224609375,96.06999969482422,95.91000366210938,95.91999816894531,43673
2026-09-22 13:53:00+00:00,95.91500091552734,96.03399658203125,95.86000061035156,95.91999816894531,69635
2026-09-22 13:54:00+00:00,95.93000030517578,96.0,95.80000305175781,95.87999725341797,56220
2026-09-22 13:55:00+00:00,95.87999725341797,95.87999725341797,95.70999908447266,95.74009704589844,38258
2026-09-22 13:56:00+00:00,95.73500061035156,95.79000091552734,95.69999694824219,95.72000122070312,27967
2026-09-22 13:57:00+00:00,95.69999694824219,95.79000091552734,95.69999694824219,95.79000091552734,30308
2026-09-22 13:58:00+00:00,95.81999969482422,95.8550033569336,95.69999694824219,95.69999694824219,25170
2026-09-22 13:59:00+00:00,95.70999908447266,95.73999786376953,95.66629791259766,95.70999908447266,72180
2026-09-22 14:00:00+00:00,95.71499633789062,95.77999877929688,95.5999984741211,95.61000061035156,54039
2026-09-22 14:01:00+00:00,95.6050033569336,95.6500015258789,95.5199966430664,95.55999755859375,60422
2026-09-22 14:02:00+00:00,95.57859802246094,95.57859802246094,95.31999969482422,95.36499786376953,56108
2026-09-22 14:03:00+00:00,95.37000274658203,95.49500274658203,95.37000274658203,95.4000015258789,39868
2026-09-22 14:04:00+00:00,95.41000366210938,95.4800033569336,95.16999816894531,95.17500305175781,36563
2026-09-22 14:05:00+00:00,95.16000366210938,95.25,95.0999984741211,95.18499755859375,36104
2026-09-22 14:06:00+00:00,95.18000030517578,95.28990173339844,95.12999725341797,95.2249984741211,28273
2026-09-22 14:07:00+00:00,95.23999786376953,95.41000366210938,95.19000244140625,95.38999938964844,43946
2026-09-22 14:08:00+00:00,95.38500213623047,95.44000244140625,95.33000183105469,95.38999938964844,31041
2026-09-22 14:09:00+00:00,95.37999725341797,95.43000030517578,95.33999633789062,95.37999725341797,13031
2026-09-22 14:10:00+00:00,95.36000061035156,95.50990295410156,95.36000061035156,95.50990295410156,16804
2026-09-22 14:11:00+00:00,95.51000213623047,95.58000183105469,95.37000274658203,95.49009704589844,33307
2026-09-22 14:12:00+00:00,95.48999786376953,95.52999877929688,95.41999816894531,95.4800033569336,15511
2026-09-22 14:13:00+00:00,95.47000122070312,95.80000305175781,95.44000244140625,95.68000030517578,167214
2026-09-22 14:14:00+00:00,95.69999694824219,95.69999694824219,95.55999755859375,95.68000030517578,32733
2026-09-22 14:15:00+00:00,95.69000244140625,95.70999908447266,95.53099822998047,95.58000183105469,21450
2026-09-22 14:16:00+00:00,95.56999969482422,95.56999969482422,95.37000274658203,95.37999725341797,26574
2026-09-22 14:17:00+00:00,95.375,95.44000244140625,95.29000091552734,95.44000244140625,52163
2026-09-22 14:18:00+00:00,95.44499969482422,95.44999694824219,95.31999969482422,95.4000015258789,33565
2026-09-22 14:19:00+00:00,95.43000030517578,95.56999969482422,95.41999816894531,95.48999786376953,30583
2026-09-22 14:20:00+00:00,95.51000213623047,95.5250015258789,95.38999938964844,95.4000015258789,26841
2026-09-22 14:21:00+00:00,95.43000030517578,95.58000183105469,95.41000366210938,95.58000183105469,18892
2026-09-22 14:22:00+00:00,95.56999969482422,95.63999938964844,95.5198974609375,95.54000091552734,19493
2026-09-22 14:23:00+00:00,95.53500366210938,95.66999816894531,95.53500366210938,95.58999633789062,15565
2026-09-22 14:24:00+00:00,95.59500122070312,95.66000366210938,95.55000305175781,95.5999984741211,10383
2026-09-22 14:25:00+00:00,95.5999984741211,95.61000061035156,95.44999694824219,95.46499633789062,8320
2026-09-22 14:26:00+00:00,95.4800033569336,95.4800033569336,95.30000305175781,95.4000015258789,25667
2026-09-22 14:27:00+00:00,95.39910125732422,95.44999694824219,95.3499984741211,95.36000061035156,18248
2026-09-22 14:28:00+00:00,95.3499984741211,95.38999938964844,95.29000091552734,95.37000274658203,70531
2026-09-22 14:29:00+00:00,95.37000274658203,95.44000244140625,95.3499984741211,95.4000015258789,16207
2026-09-22 14:30:00+00:00,95.4000015258789,95.44999694824219,95.3499984741211,95.4000015258789,16315
2026-09-22 14:31:00+00:00,95.40499877929688,95.40499877929688,95.30999755859375,95.37999725341797,19195
2026-09-22 14:32:00+00:00,95.30999755859375,95.31999969482422,95.24500274658203,95.25,29082
2026-09-22 14:33:00+00:00,95.26000213623047,95.27999877929688,95.18990325927734,95.18990325927734,34985
2026-09-22 14:34:00+00:00,95.18710327148438,95.19999694824219,95.13009643554688,95.16999816894531,21117
2026-09-22 14:35:00+00:00,95.17389678955078,95.22000122070312,95.11000061035156,95.16000366210938,125746
2026-09-22 14:36:00+00:00,95.1500015258789,95.26219940185547,95.08999633789062,95.1500015258789,70494
2026-09-22 14:37:00+00:00,95.16999816894531,95.33000183105469,95.16999816894531,95.30999755859375,18019
2026-09-22 14:38:00+00:00,95.30000305175781,95.30999755859375,95.0999984741211,95.16000366210938,20137
2026-09-22 14:39:00+00:00,95.16999816894531,95.5,95.08000183105469,95.08999633789062,134692
2026-09-22 14:40:00+00:00,95.05999755859375,95.08000183105469,94.91999816894531,94.95999908447266,38915
2026-09-22 14:41:00+00:00,94.9800033569336,94.9800033569336,94.7300033569336,94.78500366210938,19490
2026-09-22 14:42:00+00:00,94.77999877929688,94.80000305175781,94.69999694824219,94.70999908447266,32618
2026-09-22 14:43:00+00:00,94.69999694824219,94.87000274658203,94.68009948730469,94.8499984741211,18523
2026-09-22 14:44:00+00:00,94.83999633789062,94.94000244140625,94.83000183105469,94.88999938964844,25318
2026-09-22 14:45:00+00:00,94.9000015258789,94.91999816894531,94.81999969482422,94.86000061035156,10986
2026-09-22 14:46:00+00:00,94.86000061035156,94.94999694824219,94.81999969482422,94.88999938964844,21575
2026-09-22 14:47:00+00:00,94.88999938964844,95.08999633789062,94.87000274658203,95.05999755859375,29033
2026-09-22 14:48:00+00:00,95.0250015258789,95.12000274658203,94.95999908447266,95.05000305175781,24712
2026-09-22 14:49:00+00:00,95.04000091552734,95.11000061035156,94.98999786376953,95.0999984741211,10143
2026-09-22 14:50:00+00:00,95.0999984741211,95.13999938964844,95.04000091552734,95.12000274658203,37587
2026-09-22 14:51:00+00:00,95.11000061035156,95.16999816894531,95.07499694824219,95.11000061035156,9569
2026-09-22 14:52:00+00:00,95.11499786376953,95.2300033569336,95.06999969482422,95.19499969482422,41866
2026-09-22 14:53:00+00:00,95.19999694824219,95.31999969482422,95.17939758300781,95.30999755859375,23285
2026-09-22 14:54:00+00:00,95.31500244140625,95.41000366210938,95.30999755859375,95.3499984741211,51048
2026-09-22 14:55:00+00:00,95.3499984741211,95.45999908447266,95.34500122070312,95.41999816894531,12387
2026-09-22 14:56:00+00:00,95.41000366210938,95.47000122070312,95.3499984741211,95.38999938964844,18818
2026-09-22 14:57:00+00:00,95.41000366210938,95.44999694824219,95.37000274658203,95.44999694824219,14308
2026-09-22 14:58:00+00:00,95.44999694824219,95.47000122070312,95.41000366210938,95.41999816894531,15662
2026-09-22 14:59:00+00:00,95.42870330810547,95.44999694824219,95.3550033569336,95.3550033569336,18868
2026-09-22 15:00:00+00:00,95.36000061035156,95.41999816894531,95.2699966430664,95.40010070800781,41006
2026-09-22 15:01:00+00:00,95.4000015258789,95.41000366210938,95.33000183105469,95.37000274658203,33812
2026-09-22 15:02:00+00:00,95.37999725341797,95.44999694824219,95.37000274658203,95.44000244140625,20739
2026-09-22 15:03:00+00:00,95.44999694824219,95.54000091552734,95.44000244140625,95.47000122070312,23172
2026-09-22 15:04:00+00:00,95.48999786376953,95.54000091552734,95.41929626464844,95.44000244140625,40634
2026-09-22 15:05:00+00:00,95.44000244140625,95.45999908447266,95.36000061035156,95.45999908447266,16264
2026-09-22 15:06:00+00:00,95.47000122070312,95.61000061035156,95.44999694824219,95.54499816894531,80920
2026-09-22 15:07:00+00:00,95.55000305175781,95.77999877929688,95.54000091552734,95.70999908447266,54522
2026-09-22 15:08:00+00:00,95.69999694824219,95.7300033569336,95.62049865722656,95.66999816894531,40636
2026-09-22 15:09:00+00:00,95.66999816894531,95.69000244140625,95.54000091552734,95.61000061035156,60809
2026-09-22 15:10:00+00:00,95.62000274658203,95.73999786376953,95.61000061035156,95.61000061035156,23568
2026-09-22 15:11:00+00:00,95.63999938964844,95.63999938964844,95.55000305175781,95.55999755859375,36112
2026-09-22 15:12:00+00:00,95.55999755859375,95.66000366210938,95.54000091552734,95.63500213623047,25608
2026-09-22 15:13:00+00:00,95.62999725341797,95.66000366210938,95.56999969482422,95.66000366210938,16009
2026-09-22 15:14:00+00:00,95.6500015258789,95.80000305175781,95.6500015258789,95.75,104488
2026-09-22 15:15:00+00:00,95.73999786376953,95.83999633789062,95.7300033569336,95.79499816894531,47873
2026-09-22 15:16:00+00:00,95.79000091552734,95.87999725341797,95.75,95.87999725341797,31409
2026-09-22 15:17:00+00:00,95.875,95.875,95.76000213623047,95.79000091552734,16437
2026-09-22 15:18:00+00:00,95.77999877929688,95.86000061035156,95.73999786376953,95.75,61474
2026-09-22 15:19:00+00:00,95.76000213623047,95.79000091552734,95.72000122070312,95.73999786376953,15319
2026-09-22 15:20:00+00:00,95.73999786376953,95.76499938964844,95.69000244140625,95.72000122070312,16814
2026-09-22 15:21:00+00:00,95.73500061035156,95.91000366210938,95.7300033569336,95.90010070800781,19974
2026-09-22 15:22:00+00:00,95.9000015258789,95.9000015258789,95.81999969482422,95.83000183105469,24852
2026-09-22 15:23:00+00:00,95.82817077636719,95.91000366210938,95.76000213623047,95.91000366210938,15578
2026-09-22 15:24:00+00:00,95.91000366210938,95.9800033569336,95.9000015258789,95.93499755859375,14743
2026-09-22 15:25:00+00:00,95.94000244140625,95.94000244140625,95.8550033569336,95.88999938964844,16035
2026-09-22 15:26:00+00:00,95.89700317382812,95.9000015258789,95.82499694824219,95.83000183105469,8741
2026-09-22 15:27:00+00:00,95.81999969482422,95.88999938964844,95.81999969482422,95.83999633789062,61348
2026-09-22 15:28:00+00:00,95.83999633789062,95.8499984741211,95.79100036621094,95.81500244140625,49320
2026-09-22 15:29:00+00:00,95.82499694824219,95.83000183105469,95.73999786376953,95.73999786376953,32455
2026-09-22 15:30:00+00:00,95.7300033569336,95.7699966430664,95.70999908447266,95.75,25212
2026-09-22 15:31:00+00:00,95.73999786376953,95.74500274658203,95.70500183105469,95.70500183105469,16614
2026-09-22 15:32:00+00:00,95.69999694824219,95.70500183105469,95.58000183105469,95.58999633789062,14638
2026-09-22 15:33:00+00:00,95.58000183105469,95.63999938964844,95.56999969482422,95.58000183105469,10026
2026-09-22 15:34:00+00:00,95.58999633789062,95.66999816894531,95.58999633789062,95.63999938964844,9341
2026-09-22 15:35:00+00:00,95.63999938964844,95.66950225830078,95.61000061035156,95.62999725341797,9735
2026-09-22 15:36:00+00:00,95.62999725341797,95.69999694824219,95.61000061035156,95.69000244140625,10684
2026-09-22 15:37:00+00:00,95.68000030517578,95.68000030517578,95.62010192871094,95.625,8444
2026-09-22 15:38:00+00:00,95.62000274658203,95.64179992675781,95.61000061035156,95.63999938964844,9287
2026-09-22 15:39:00+00:00,95.63999938964844,95.68009948730469,95.63500213623047,95.66999816894531,9218
2026-09-22 15:40:00+00:00,95.66000366210938,95.66999816894531,95.5999984741211,95.61990356445312,11876
2026-09-22 15:41:00+00:00,95.61000061035156,95.63629913330078,95.6072006225586,95.63629913330078,10834
2026-09-22 15:42:00+00:00,95.62999725341797,95.66500091552734,95.61009979248047,95.62999725341797,8031
2026-09-22 15:43:00+00:00,95.62999725341797,95.65139770507812,95.61000061035156,95.62999725341797,20466
2026-09-22 15:44:00+00:00,95.63999938964844,95.63999938964844,95.58999633789062,95.5999984741211,5631
2026-09-22 15:45:00+00:00,95.58999633789062,95.58999633789062,95.49299621582031,95.5,19635
2026-09-22 15:46:00+00:00,95.5,95.54499816894531,95.48999786376953,95.51000213623047,17180
2026-09-22 15:47:00+00:00,95.51499938964844,95.58000183105469,95.51000213623047,95.55000305175781,6247
2026-09-22 15:48:00+00:00,95.54389953613281,95.57499694824219,95.54389953613281,95.56999969482422,10024
2026-09-22 15:49:00+00:00,95.56999969482422,95.5999984741211,95.55999755859375,95.56999969482422,9369
2026-09-22 15:50:00+00:00,95.58000183105469,95.62999725341797,95.58000183105469,95.62999725341797,6807
2026-09-22 15:51:00+00:00,95.62999725341797,95.62999725341797,95.58999633789062,95.5999984741211,11689
2026-09-22 15:52:00+00:00,95.61000061035156,95.62000274658203,95.58999633789062,95.5999984741211,7585
2026-09-22 15:53:00+00:00,95.61239624023438,95.61239624023438,95.56500244140625,95.56999969482422,10649
2026-09-22 15:54:00+00:00,95.55999755859375,95.625,95.55999755859375,95.61000061035156,30008
2026-09-22 15:55:00+00:00,95.61000061035156,95.63999938964844,95.58190155029297,95.625,27191
2026-09-22 15:56:00+00:00,95.62000274658203,95.66000366210938,95.6050033569336,95.66000366210938,23235
2026-09-22 15:57:00+00:00,95.66999816894531,95.72000122070312,95.66999816894531,95.72000122070312,6065
2026-09-22 15:58:00+00:00,95.7300033569336,95.7699966430664,95.7300033569336,95.73500061035156,11313
2026-09-22 15:59:00+00:00,95.73500061035156,95.75,95.70999908447266,95.75,9627
2026-09-22 16:00:00+00:00,95.75,95.80000305175781,95.73999786376953,95.79000091552734,16389
2026-09-22 16:01:00+00:00,95.80999755859375,95.81999969482422,95.73999786376953,95.76000213623047,9455
2026-09-22 16:02:00+00:00,95.75,95.76000213623047,95.72000122070312,95.7300033569336,18961
2026-09-22 16:03:00+00:00,95.7249984741211,95.7249984741211,95.66999816894531,95.69000244140625,13291
2026-09-22 16:04:00+00:00,95.68000030517578,95.68000030517578,95.62000274658203,95.62999725341797,6790
2026-09-22 16:05:00+00:00,95.62000274658203,95.68000030517578,95.5999984741211,95.66999816894531,11364
2026-09-22 16:06:00+00:00,95.66999816894531,95.72000122070312,95.63999938964844,95.66500091552734,8724
2026-09-22 16:07:00+00:00,95.66999816894531,95.66999816894531,95.63500213623047,95.65499877929688,6641
2026-09-22 16:08:00+00:00,95.6449966430664,95.6449966430664,95.6050033569336,95.6050033569336,8446
2026-09-22 16:09:00+00:00,95.6050033569336,95.6050033569336,95.5,95.5199966430664,22908
2026-09-22 16:10:00+00:00,95.5250015258789,95.54000091552734,95.47699737548828,95.54000091552734,53585
2026-09-22 16:11:00+00:00,95.54499816894531,95.58000183105469,95.52999877929688,95.56999969482422,14145
2026-09-22 16:12:00+00:00,95.58999633789062,95.5999984741211,95.56500244140625,95.56999969482422,7149
2026-09-22 16:13:00+00:00,95.56999969482422,95.56999969482422,95.51000213623047,95.55999755859375,7126
2026-09-22 16:14:00+00:00,95.55999755859375,95.625,95.54000091552734,95.61000061035156,10901
2026-09-22 16:15:00+00:00,95.5999984741211,95.62000274658203,95.58999633789062,95.61000061035156,6970
2026-09-22 16:16:00+00:00,95.62999725341797,95.68000030517578,95.62999725341797,95.66999816894531,21801
2026-09-22 16:17:00+00:00,95.66999816894531,95.66999816894531,95.62999725341797,95.66000366210938,20615
2026-09-22 16:18:00+00:00,95.66000366210938,95.66999816894531,95.63999938964844,95.6500015258789,11177
2026-09-22 16:19:00+00:00,95.63999938964844,95.69999694824219,95.63999938964844,95.68499755859375,21490
2026-09-22 16:20:00+00:00,95.69000244140625,95.69499969482422,95.62000274658203,95.6500015258789,11952
2026-09-22 16:21:00+00:00,95.6500015258789,95.6500015258789,95.58499908447266,95.59500122070312,10517
2026-09-22 16:22:00+00:00,95.58499908447266,95.58999633789062,95.51000213623047,95.51000213623047,9291
2026-09-22 16:23:00+00:00,95.51499938964844,95.55999755859375,95.49500274658203,95.55000305175781,9632
2026-09-22 16:24:00+00:00,95.56999969482422,95.58000183105469,95.54000091552734,95.55449676513672,7117
2026-09-22 16:25:00+00:00,95.55500030517578,95.62000274658203,95.55500030517578,95.55999755859375,10256
2026-09-22 16:26:00+00:00,95.58499908447266,95.59500122070312,95.55999755859375,95.58000183105469,6703
2026-09-22 16:27:00+00:00,95.58989715576172,95.62000274658203,95.58989715576172,95.6052017211914,3103
2026-09-22 16:28:00+00:00,95.60990142822266,95.63500213623047,95.5999984741211,95.62999725341797,10221
2026-09-22 16:29:00+00:00,95.63999938964844,95.66999816894531,95.62999725341797,95.6500015258789,7072
2026-09-22 16:30:00+00:00,95.65499877929688,95.69999694824219,95.63999938964844,95.68000030517578,11024
2026-09-22 16:31:00+00:00,95.68900299072266,95.76499938964844,95.66000366210938,95.76499938964844,29227
2026-09-22 16:32:00+00:00,95.76000213623047,95.79000091552734,95.7300033569336,95.73999786376953,16159
2026-09-22 16:33:00+00:00,95.72000122070312,95.7249984741211,95.68000030517578,95.72000122070312,18499
2026-09-22 16:34:00+00:00,95.70999908447266,95.7699966430664,95.70999908447266,95.7699966430664,13275
2026-09-22 16:35:00+00:00,95.76000213623047,95.76000213623047,95.73500061035156,95.75,7907
2026-09-22 16:36:00+00:00,95.75,95.79989624023438,95.75,95.79989624023438,7494
2026-09-22 16:37:00+00:00,95.79000091552734,95.8499984741211,95.79000091552734,95.83000183105469,17837
2026-09-22 16:38:00+00:00,95.83000183105469,95.87000274658203,95.83000183105469,95.83999633789062,20725
2026-09-22 16:39:00+00:00,95.8499984741211,95.87000274658203,95.83999633789062,95.87000274658203,11506
2026-09-22 16:40:00+00:00,95.87989807128906,95.87999725341797,95.83999633789062,95.8499984741211,6981
2026-09-22 16:41:00+00:00,95.87000274658203,95.90499877929688,95.87000274658203,95.90499877929688,15462
2026-09-22 16:42:00+00:00,95.91000366210938,95.93769836425781,95.9000015258789,95.93000030517578,16369
2026-09-22 16:43:00+00:00,95.92829895019531,95.93499755859375,95.9000015258789,95.93000030517578,13883
2026-09-22 16:44:00+00:00,95.91999816894531,95.94999694824219,95.88999938964844,95.94999694824219,14403
2026-09-22 16:45:00+00:00,95.95999908447266,96.0199966430664,95.95999908447266,95.97000122070312,26181
2026-09-22 16:46:00+00:00,95.97000122070312,96.01000213623047,95.95500183105469,96.00499725341797,34286
2026-09-22 16:47:00+00:00,96.0,96.0,95.95500183105469,95.98500061035156,7419
2026-09-22 16:48:00+00:00,95.98999786376953,96.23999786376953,95.98999786376953,96.16000366210938,70804
2026-09-22 16:49:00+00:00,96.16999816894531,96.36000061035156,96.16999816894531,96.31199645996094,43654
2026-09-22 16:50:00+00:00,96.30999755859375,96.3499984741211,96.2699966430664,96.2699966430664,36053
2026-09-22 16:51:00+00:00,96.27999877929688,96.37000274658203,96.27999877929688,96.31999969482422,18976
2026-09-22 16:52:00+00:00,96.30000305175781,96.30000305175781,96.19499969482422,96.19999694824219,25873
2026-09-22 16:53:00+00:00,96.20500183105469,96.23999786376953,96.18499755859375,96.23999786376953,19773
2026-09-22 16:54:00+00:00,96.2300033569336,96.26000213623047,96.19000244140625,96.25,28957
2026-09-22 16:55:00+00:00,96.23999786376953,96.31999969482422,96.21499633789062,96.23500061035156,21678
2026-09-22 16:56:00+00:00,96.2300033569336,96.2699966430664,96.20999908447266,96.26499938964844,20857
2026-09-22 16:57:00+00:00,96.2699966430664,96.30999755859375,96.22000122070312,96.30500030517578,57786
2026-09-22 16:58:00+00:00,96.30000305175781,96.33999633789062,96.29000091552734,96.33000183105469,16588
2026-09-22 16:59:00+00:00,96.31999969482422,96.31999969482422,96.27999877929688,96.29499816894531,20165
2026-09-22 17:00:00+00:00,96.30000305175781,96.30000305175781,96.23999786376953,96.30000305175781,17956
2026-09-22 17:01:00+00:00,96.29000091552734,96.29000091552734,96.23999786376953,96.23999786376953,12857
2026-09-22 17:02:00+00:00,96.23999786376953,96.23999786376953,96.16000366210938,96.23500061035156,29896
2026-09-22 17:03:00+00:00,96.25,96.29000091552734,96.23989868164062,96.24500274658203,11594
2026-09-22 17:04:00+00:00,96.23999786376953,96.31999969482422,96.2300033569336,96.2699966430664,19761
2026-09-22 17:05:00+00:00,96.2699966430664,96.33999633789062,96.26499938964844,96.33999633789062,18713
2026-09-22 17:06:00+00:00,96.33999633789062,96.37000274658203,96.27999877929688,96.33999633789062,16464
2026-09-22 17:07:00+00:00,96.33999633789062,96.37999725341797,96.30999755859375,96.32610321044922,12088
2026-09-22 17:08:00+00:00,96.31500244140625,96.31500244140625,96.23999786376953,96.23999786376953,9770
2026-09-22 17:09:00+00:00,96.25,96.27999877929688,96.22000122070312,96.22000122070312,18851
2026-09-22 17:10:00+00:00,96.2249984741211,96.23999786376953,96.19000244140625,96.19999694824219,10325
2026-09-22 17:11:00+00:00,96.19999694824219,96.30000305175781,96.19000244140625,96.29000091552734,11112
2026-09-22 17:12:00+00:00,96.30000305175781,96.30999755859375,96.2750015258789,96.2750015258789,18492
2026-09-22 17:13:00+00:00,96.27999877929688,96.31999969482422,96.27999877929688,96.30000305175781,8749
2026-09-22 17:14:00+00:00,96.30999755859375,96.30999755859375,96.26000213623047,96.26000213623047,8043
2026-09-22 17:15:00+00:00,96.25499725341797,96.29000091552734,96.25,96.29000091552734,8185
2026-09-22 17:16:00+00:00,96.29109954833984,96.36000061035156,96.29000091552734,96.29010009765625,18296
2026-09-22 17:17:00+00:00,96.2699966430664,96.29000091552734,96.26000213623047,96.27999877929688,8279
2026-09-22 17:18:00+00:00,96.27999877929688,96.27999877929688,96.2300033569336,96.2300033569336,6969
2026-09-22 17:19:00+00:00,96.2300033569336,96.2699966430664,96.22000122070312,96.2249984741211,18273
2026-09-22 17:20:00+00:00,96.20999908447266,96.23999786376953,96.19000244140625,96.23999786376953,16297
2026-09-22 17:21:00+00:00,96.26000213623047,96.26000213623047,96.19999694824219,96.20500183105469,12631
2026-09-22 17:22:00+00:00,96.20999908447266,96.20999908447266,96.13999938964844,96.1500015258789,13643
2026-09-22 17:23:00+00:00,96.16000366210938,96.16000366210938,96.08000183105469,96.08000183105469,19712
2026-09-22 17:24:00+00:00,96.08000183105469,96.12000274658203,96.05999755859375,96.06999969482422,26822
2026-09-22 17:25:00+00:00,96.06999969482422,96.08999633789062,96.05000305175781,96.06999969482422,13010
2026-09-22 17:26:00+00:00,96.05999755859375,96.0999984741211,96.04499816894531,96.06999969482422,6400
2026-09-22 17:27:00+00:00,96.08000183105469,96.12999725341797,96.08000183105469,96.12999725341797,37895
2026-09-22 17:28:00+00:00,96.13999938964844,96.18000030517578,96.125,96.16999816894531,24906
2026-09-22 17:29:00+00:00,96.16000366210938,96.2300033569336,96.1500015258789,96.22000122070312,22651
2026-09-22 17:30:00+00:00,96.2249984741211,96.2260971069336,96.16999816894531,96.19999694824219,16197
2026-09-22 17:31:00+00:00,96.20500183105469,96.20500183105469,96.16000366210938,96.19000244140625,10765
2026-09-22 17:32:00+00:00,96.18000030517578,96.22000122070312,96.17990112304688,96.19000244140625,7301
2026-09-22 17:33:00+00:00,96.18000030517578,96.2300033569336,96.18000030517578,96.19000244140625,6727
2026-09-22 17:34:00+00:00,96.17510223388672,96.19000244140625,96.12359619140625,96.19000244140625,5128
2026-09-22 17:35:00+00:00,96.19000244140625,96.19000244140625,96.14990234375,96.16000366210938,5138
2026-09-22 17:36:00+00:00,96.16999816894531,96.19999694824219,96.1500015258789,96.18499755859375,6550
2026-09-22 17:37:00+00:00,96.19499969482422,96.22000122070312,96.18000030517578,96.18000030517578,7326
2026-09-22 17:38:00+00:00,96.17009735107422,96.19000244140625,96.13999938964844,96.1449966430664,10880
2026-09-22 17:39:00+00:00,96.13999938964844,96.1500015258789,96.12000274658203,96.12999725341797,10186
2026-09-22 17:40:00+00:00,96.12999725341797,96.16999816894531,96.12999725341797,96.1449966430664,23266
2026-09-22 17:41:00+00:00,96.13999938964844,96.18000030517578,96.13999938964844,96.16500091552734,15754
2026-09-22 17:42:00+00:00,96.16500091552734,96.25,96.16380310058594,96.25,10206
2026-09-22 17:43:00+00:00,96.23999786376953,96.25499725341797,96.2300033569336,96.2300033569336,14720
2026-09-22 17:44:00+00:00,96.2300033569336,96.26000213623047,96.2300033569336,96.23999786376953,16258
2026-09-22 17:45:00+00:00,96.23999786376953,96.26499938964844,96.23500061035156,96.26000213623047,14737
2026-09-22 17:46:00+00:00,96.26000213623047,96.27999877929688,96.24500274658203,96.26000213623047,25705
2026-09-22 17:47:00+00:00,96.26000213623047,96.32499694824219,96.25,96.32499694824219,13319
2026-09-22 17:48:00+00:00,96.31999969482422,96.34500122070312,96.30500030517578,96.30999755859375,13211
2026-09-22 17:49:00+00:00,96.29000091552734,96.33999633789062,96.29000091552734,96.32009887695312,9012
2026-09-22 17:50:00+00:00,96.33000183105469,96.34500122070312,96.30000305175781,96.32499694824219,22557
2026-09-22 17:51:00+00:00,96.33000183105469,96.36000061035156,96.33000183105469,96.3499984741211,11124
2026-09-22 17:52:00+00:00,96.3550033569336,96.70999908447266,96.3550033569336,96.66500091552734,104923
2026-09-22 17:53:00+00:00,96.66999816894531,96.75,96.58999633789062,96.72000122070312,43554
2026-09-22 17:54:00+00:00,96.72000122070312,97.08999633789062,96.70500183105469,96.9800033569336,106695
2026-09-22 17:55:00+00:00,96.9800033569336,97.06999969482422,96.93000030517578,97.04000091552734,55802
2026-09-22 17:56:00+00:00,97.05000305175781,97.16000366210938,97.05000305175781,97.11000061035156,70375
2026-09-22 17:57:00+00:00,97.12000274658203,97.16999816894531,96.9800033569336,97.12999725341797,96005
2026-09-22 17:58:00+00:00,97.13999938964844,97.2300033569336,97.13500213623047,97.22000122070312,62458
2026-09-22 17:59:00+00:00,97.20999908447266,97.26000213623047,97.13929748535156,97.16999816894531,33965
2026-09-22 18:00:00+00:00,97.16000366210938,97.16000366210938,96.94999694824219,97.05500030517578,88251
2026-09-22 18:01:00+00:00,97.04000091552734,97.08000183105469,96.9520034790039,97.06999969482422,49321
2026-09-22 18:02:00+00:00,97.05999755859375,97.08999633789062,97.0199966430664,97.05000305175781,26552
2026-09-22 18:03:00+00:00,97.05999755859375,97.22000122070312,97.05999755859375,97.17500305175781,60389
2026-09-22 18:04:00+00:00,97.17500305175781,97.30999755859375,97.1500015258789,97.28500366210938,110451
2026-09-22 18:05:00+00:00,97.27999877929688,97.4000015258789,97.2300033569336,97.37999725341797,100641
2026-09-22 18:06:00+00:00,97.38999938964844,97.54000091552734,97.38999938964844,97.46009826660156,89094
2026-09-22 18:07:00+00:00,97.47000122070312,97.47229766845703,97.33999633789062,97.37000274658203,42590
2026-09-22 18:08:00+00:00,97.37999725341797,97.50499725341797,97.3499984741211,97.44000244140625,70694
2026-09-22 18:09:00+00:00,97.43000030517578,97.47000122070312,97.37999725341797,97.40499877929688,79445
2026-09-22 18:10:00+00:00,97.41000366210938,97.41000366210938,97.23999786376953,97.30000305175781,33984
2026-09-22 18:11:00+00:00,97.29499816894531,97.37999725341797,97.23999786376953,97.29000091552734,39911
2026-09-22 18:12:00+00:00,97.29000091552734,97.40010070800781,97.2750015258789,97.29000091552734,47004
2026-09-22 18:13:00+00:00,97.29000091552734,97.36000061035156,97.26000213623047,97.32499694824219,99444
2026-09-22 18:14:00+00:00,97.3499984741211,97.38999938964844,97.29000091552734,97.32499694824219,30163
2026-09-22 18:15:00+00:00,97.32499694824219,97.41000366210938,97.30999755859375,97.3949966430664,57355
2026-09-22 18:16:00+00:00,97.38999938964844,97.43000030517578,97.30999755859375,97.40499877929688,120808
2026-09-22 18:17:00+00:00,97.4000015258789,97.51000213623047,97.3949966430664,97.45999908447266,40408
2026-09-22 18:18:00+00:00,97.44999694824219,97.48999786376953,97.34359741210938,97.37999725341797,38701
2026-09-22 18:19:00+00:00,97.38800048828125,97.45999908447266,97.36000061035156,97.40989685058594,54624
2026-09-22 18:20:00+00:00,97.4000015258789,97.4800033569336,97.33000183105469,97.4800033569336,36583
2026-09-22 18:21:00+00:00,97.4800033569336,97.54000091552734,97.43000030517578,97.4749984741211,46057
2026-09-22 18:22:00+00:00,97.4749984741211,97.5199966430664,97.4000015258789,97.4000015258789,16637
2026-09-22 18:23:00+00:00,97.41000366210938,97.41000366210938,97.30999755859375,97.33999633789062,35823
2026-09-22 18:24:00+00:00,97.33999633789062,97.38999938964844,97.31999969482422,97.33999633789062,45257
2026-09-22 18:25:00+00:00,97.33999633789062,97.33999633789062,97.23999786376953,97.27999877929688,21833
2026-09-22 18:26:00+00:00,97.2699966430664,97.37000274658203,97.2699966430664,97.33000183105469,14708
2026-09-22 18:27:00+00:00,97.33360290527344,97.4000015258789,97.33360290527344,97.37999725341797,13475
2026-09-22 18:28:00+00:00,97.37000274658203,97.38500213623047,97.33000183105469,97.37999725341797,35508
2026-09-22 18:29:00+00:00,97.38500213623047,97.4000015258789,97.36000061035156,97.36000061035156,11722
2026-09-22 18:30:00+00:00,97.37999725341797,97.37999725341797,97.27999877929688,97.32990264892578,19622
2026-09-22 18:31:00+00:00,97.31999969482422,97.34500122070312,97.30000305175781,97.30999755859375,29866
2026-09-22 18:32:00+00:00,97.31999969482422,97.33000183105469,97.26000213623047,97.30000305175781,36111
2026-09-22 18:33:00+00:00,97.29000091552734,97.31999969482422,97.19999694824219,97.22000122070312,21248
2026-09-22 18:34:00+00:00,97.2249984741211,97.23999786376953,97.16999816894531,97.19000244140625,28499
2026-09-22 18:35:00+00:00,97.19999694824219,97.20500183105469,97.1500015258789,97.19940185546875,24627
2026-09-22 18:36:00+00:00,97.19499969482422,97.19499969482422,97.11000061035156,97.12999725341797,26562
2026-09-22 18:37:00+00:00,97.12000274658203,97.125,97.01000213623047,97.03500366210938,55411
2026-09-22 18:38:00+00:00,97.04000091552734,97.08439636230469,97.01029968261719,97.08439636230469,53389
2026-09-22 18:39:00+00:00,97.08000183105469,97.09500122070312,97.02999877929688,97.02999877929688,21471
2026-09-22 18:40:00+00:00,97.0199966430664,97.05000305175781,97.0,97.04000091552734,26702
2026-09-22 18:41:00+00:00,97.04499816894531,97.08999633789062,96.97000122070312,97.05000305175781,41073
2026-09-22 18:42:00+00:00,97.04000091552734,97.08999633789062,97.04000091552734,97.06999969482422,73652
2026-09-22 18:43:00+00:00,97.08000183105469,97.08999633789062,96.96499633789062,97.0,28754
2026-09-22 18:44:00+00:00,97.01000213623047,97.05999755859375,97.0,97.05000305175781,24551
2026-09-22 18:45:00+00:00,97.05000305175781,97.12999725341797,97.01000213623047,97.12999725341797,42680
2026-09-22 18:46:00+00:00,97.12000274658203,97.13999938964844,97.0896987915039,97.12000274658203,20573
2026-09-22 18:47:00+00:00,97.12999725341797,97.16999816894531,97.12000274658203,97.1698989868164,43219
2026-09-22 18:48:00+00:00,97.16000366210938,97.23999786376953,97.16000366210938,97.20999908447266,51510
2026-09-22 18:49:00+00:00,97.19999694824219,97.25,97.19000244140625,97.22000122070312,22372
2026-09-22 18:50:00+00:00,97.2300033569336,97.25,97.19999694824219,97.20999908447266,15930
2026-09-22 18:51:00+00:00,97.21499633789062,97.27999877929688,97.20999908447266,97.27999877929688,18253
2026-09-22 18:52:00+00:00,97.27999877929688,97.29000091552734,97.25,97.29000091552734,13018
2026-09-22 18:53:00+00:00,97.29000091552734,97.29499816894531,97.2300033569336,97.27999877929688,50499
2026-09-22 18:54:00+00:00,97.2699966430664,97.2750015258789,97.23500061035156,97.24500274658203,42620
2026-09-22 18:55:00+00:00,97.23999786376953,97.27999877929688,97.20999908447266,97.26499938964844,38012
2026-09-22 18:56:00+00:00,97.2699966430664,97.2699966430664,97.23999786376953,97.23999786376953,24954
2026-09-22 18:57:00+00:00,97.23999786376953,97.2583999633789,97.21499633789062,97.22000122070312,26638
2026-09-22 18:58:00+00:00,97.22000122070312,97.2699966430664,97.22000122070312,97.25499725341797,24351
2026-09-22 18:59:00+00:00,97.25499725341797,97.27999877929688,97.22000122070312,97.22000122070312,33520
2026-09-22 19:00:00+00:00,97.22000122070312,97.33000183105469,97.22000122070312,97.30000305175781,38502
2026-09-22 19:01:00+00:00,97.29000091552734,97.30000305175781,97.2300033569336,97.29000091552734,42186
2026-09-22 19:02:00+00:00,97.2699966430664,97.30999755859375,97.23999786376953,97.29000091552734,27556
2026-09-22 19:03:00+00:00,97.29000091552734,97.30000305175781,97.2249984741211,97.25,20984
2026-09-22 19:04:00+00:00,97.2509994506836,97.29000091552734,97.23999786376953,97.27999877929688,38795
2026-09-22 19:05:00+00:00,97.27999877929688,97.29000091552734,97.2300033569336,97.25499725341797,40372
2026-09-22 19:06:00+00:00,97.26000213623047,97.38500213623047,97.25,97.37999725341797,58945
2026-09-22 19:07:00+00:00,97.38500213623047,97.4000015258789,97.29000091552734,97.37999725341797,32084
2026-09-22 19:08:00+00:00,97.37645721435547,97.37645721435547,97.30999755859375,97.3499984741211,59332
2026-09-22 19:09:00+00:00,97.36000061035156,97.37999725341797,97.33000183105469,97.37999725341797,62084
2026-09-22 19:10:00+00:00,97.38999938964844,97.38999938964844,97.36000061035156,97.36000061035156,24770
2026-09-22 19:11:00+00:00,97.36000061035156,97.37000274658203,97.33000183105469,97.36000061035156,20290
2026-09-22 19:12:00+00:00,97.36000061035156,97.41000366210938,97.3499984741211,97.38999938964844,18461
2026-09-22 19:13:00+00:00,97.38999938964844,97.3949966430664,97.3550033569336,97.36499786376953,18940
2026-09-22 19:14:00+00:00,97.36000061035156,97.45999908447266,97.36000061035156,97.45999908447266,22214
2026-09-22 19:15:00+00:00,97.47000122070312,97.51000213623047,97.46990203857422,97.48500061035156,32832
2026-09-22 19:16:00+00:00,97.48999786376953,97.51000213623047,97.44999694824219,97.45999908447266,28647
2026-09-22 19:17:00+00:00,97.45500183105469,97.45500183105469,97.41500091552734,97.44000244140625,28850
2026-09-22 19:18:00+00:00,97.44000244140625,97.4800033569336,97.41000366210938,97.45999908447266,26978
2026-09-22 19:19:00+00:00,97.45999908447266,97.5,97.45999908447266,97.48999786376953,72608
2026-09-22 19:20:00+00:00,97.49500274658203,97.55000305175781,97.4800033569336,97.48999786376953,72592
2026-09-22 19:21:00+00:00,97.49500274658203,97.52999877929688,97.45999908447266,97.5,58879
2026-09-22 19:22:00+00:00,97.5,97.5199966430664,97.49500274658203,97.51000213623047,24967
2026-09-22 19:23:00+00:00,97.51000213623047,97.5199966430664,97.4800033569336,97.48999786376953,45984
2026-09-22 19:24:00+00:00,97.48999786376953,97.56999969482422,97.45369720458984,97.56990051269531,93603
2026-09-22 19:25:00+00:00,97.55999755859375,97.69999694824219,97.5199966430664,97.69999694824219,96358
2026-09-22 19:26:00+00:00,97.70999908447266,97.70999908447266,97.62000274658203,97.62000274658203,61932
2026-09-22 19:27:00+00:00,97.62000274658203,97.66999816894531,97.58999633789062,97.63999938964844,30872
2026-09-22 19:28:00+00:00,97.6500015258789,97.73999786376953,97.6500015258789,97.72000122070312,61611
2026-09-22 19:29:00+00:00,97.72000122070312,97.7300033569336,97.69000244140625,97.69999694824219,53987
2026-09-22 19:30:00+00:00,97.69999694824219,97.75,97.69000244140625,97.73500061035156,84012
2026-09-22 19:31:00+00:00,97.7300033569336,97.88999938964844,97.71499633789062,97.88999938964844,115200
2026-09-22 19:32:00+00:00,97.87999725341797,98.0,97.87000274658203,98.0,102401
2026-09-22 19:33:00+00:00,97.98999786376953,98.04000091552734,97.93499755859375,98.02999877929688,134894
2026-09-22 19:34:00+00:00,98.0250015258789,98.1050033569336,98.01000213623047,98.0999984741211,63129
2026-09-22 19:35:00+00:00,98.09500122070312,98.09500122070312,98.0250015258789,98.05999755859375,58624
2026-09-22 19:36:00+00:00,98.05000305175781,98.05500030517578,97.91999816894531,97.95999908447266,69027
2026-09-22 19:37:00+00:00,97.95500183105469,98.08999633789062,97.94999694824219,98.05999755859375,62372
2026-09-22 19:38:00+00:00,98.05999755859375,98.07219696044922,98.0,98.07219696044922,40569
2026-09-22 19:39:00+00:00,98.08000183105469,98.19000244140625,98.06999969482422,98.16999816894531,65470
2026-09-22 19:40:00+00:00,98.16999816894531,98.19000244140625,98.12999725341797,98.12999725341797,90192
2026-09-22 19:41:00+00:00,98.12999725341797,98.2249984741211,98.08999633789062,98.19999694824219,124628
2026-09-22 19:42:00+00:00,98.19999694824219,98.20999908447266,98.1449966430664,98.20999908447266,124926
2026-09-22 19:43:00+00:00,98.20999908447266,98.23999786376953,98.17500305175781,98.20999908447266,98095
2026-09-22 19:44:00+00:00,98.21499633789062,98.26000213623047,98.16500091552734,98.25499725341797,93751
2026-09-22 19:45:00+00:00,98.25499725341797,98.30000305175781,98.25,98.29499816894531,86898
2026-09-22 19:46:00+00:00,98.30000305175781,98.33000183105469,98.29499816894531,98.31500244140625,62601
2026-09-22 19:47:00+00:00,98.30999755859375,98.36499786376953,98.26000213623047,98.3499984741211,143232
2026-09-22 19:48:00+00:00,98.3499984741211,98.3550033569336,98.2300033569336,98.2300033569336,128980
2026-09-22 19:49:00+00:00,98.23500061035156,98.29000091552734,98.22000122070312,98.29000091552734,134892
2026-09-22 19:50:00+00:00,98.27999877929688,98.30999755859375,98.20999908447266,98.2300033569336,149910
2026-09-22 19:51:00+00:00,98.23500061035156,98.3499984741211,98.23500061035156,98.34500122070312,205060
2026-09-22 19:52:00+00:00,98.34500122070312,98.3499984741211,98.24500274658203,98.2750015258789,364061
2026-09-22 19:53:00+00:00,98.27999877929688,98.31500244140625,98.22000122070312,98.2300033569336,160875
2026-09-22 19:54:00+00:00,98.2300033569336,98.2300033569336,98.12000274658203,98.1500015258789,199924
2026-09-22 19:55:00+00:00,98.1449966430664,98.1449966430664,98.05000305175781,98.12999725341797,284371
2026-09-22 19:56:00+00:00,98.125,98.12999725341797,98.0199966430664,98.04499816894531,161446
2026-09-22 19:57:00+00:00,98.05000305175781,98.06999969482422,97.9800033569336,98.02999877929688,207163
2026-09-22 19:58:00+00:00,98.02999877929688,98.04000091552734,97.94499969482422,97.95500183105469,250090
2026-09-22 19:59:00+00:00,97.95500183105469,97.95999908447266,97.6500015258789,97.6500015258789,498794
2026-09-23 13:30:00+00:00,95.18489837646484,95.2699966430664,94.87000274658203,94.94999694824219,1253828
2026-09-23 13:31:00+00:00,94.95999908447266,94.95999908447266,94.53009796142578,94.57499694824219,213584
2026-09-23 13:32:00+00:00,94.56999969482422,94.62000274658203,94.30999755859375,94.42500305175781,291913
2026-09-23 13:33:00+00:00,94.37999725341797,94.46499633789062,94.13999938964844,94.36000061035156,281446
2026-09-23 13:34:00+00:00,94.30999755859375,94.37999725341797,94.18000030517578,94.2699966430664,159863
2026-09-23 13:35:00+00:00,94.2699966430664,94.38999938964844,94.13999938964844,94.1500015258789,161377
2026-09-23 13:36:00+00:00,94.1500015258789,94.17500305175781,93.95999908447266,94.05000305175781,158513
2026-09-23 13:37:00+00:00,94.05000305175781,94.2300033569336,93.96499633789062,94.00499725341797,131336
2026-09-23 13:38:00+00:00,93.98999786376953,94.33000183105469,93.98999786376953,94.30999755859375,100556
2026-09-23 13:39:00+00:00,94.30000305175781,94.41999816894531,94.19000244140625,94.29000091552734,98329
2026-09-23 13:40:00+00:00,94.30989837646484,94.36000061035156,94.1500015258789,94.18000030517578,64694
2026-09-23 13:41:00+00:00,94.16999816894531,94.32140350341797,94.06999969482422,94.16000366210938,110661
2026-09-23 13:42:00+00:00,94.16999816894531,94.19000244140625,93.50499725341797,93.55999755859375,367359
2026-09-23 13:43:00+00:00,93.55999755859375,93.7300033569336,93.54000091552734,93.6449966430664,175775
2026-09-23 13:44:00+00:00,93.63999938964844,93.83999633789062,93.63999938964844,93.80500030517578,116400
2026-09-23 13:45:00+00:00,93.80000305175781,93.80500030517578,93.38999938964844,93.5,239317
2026-09-23 13:46:00+00:00,93.48999786376953,93.51000213623047,93.31999969482422,93.37000274658203,228110
2026-09-23 13:47:00+00:00,93.37000274658203,93.37999725341797,93.18000030517578,93.25,294547
2026-09-23 13:48:00+00:00,93.25,93.38999938964844,93.22000122070312,93.37000274658203,204672
2026-09-23 13:49:00+00:00,93.37000274658203,93.41000366210938,93.30000305175781,93.37000274658203,91894
2026-09-23 13:50:00+00:00,93.36000061035156,93.54499816894531,93.30000305175781,93.30000305175781,125257
2026-09-23 13:51:00+00:00,93.31999969482422,93.36000061035156,93.12999725341797,93.26000213623047,152418
2026-09-23 13:52:00+00:00,93.26000213623047,93.29000091552734,93.13999938964844,93.21499633789062,62907
2026-09-23 13:53:00+00:00,93.20999908447266,93.33999633789062,93.12999725341797,93.1500015258789,129680
2026-09-23 13:54:00+00:00,93.13999938964844,93.2699966430664,93.13500213623047,93.18000030517578,86350
2026-09-23 13:55:00+00:00,93.16999816894531,93.27999877929688,93.0999984741211,93.25,139579
2026-09-23 13:56:00+00:00,93.25,93.29000091552734,93.13999938964844,93.26499938964844,173364
2026-09-23 13:57:00+00:00,93.26499938964844,93.4800033569336,93.26499938964844,93.4800033569336,95842
2026-09-23 13:58:00+00:00,93.4800033569336,93.5199966430664,93.31999969482422,93.36000061035156,194172
2026-09-23 13:59:00+00:00,93.36000061035156,93.46499633789062,93.31999969482422,93.33000183105469,95879
2026-09-23 14:00:00+00:00,93.31999969482422,93.5,93.25,93.38999938964844,88642
2026-09-23 14:01:00+00:00,93.38999938964844,93.51499938964844,93.29000091552734,93.47000122070312,138210
2026-09-23 14:02:00+00:00,93.47000122070312,93.55999755859375,93.41000366210938,93.41500091552734,49870
2026-09-23 14:03:00+00:00,93.41000366210938,93.5,93.33999633789062,93.3499984741211,40732
2026-09-23 14:04:00+00:00,93.37000274658203,93.56999969482422,93.37000274658203,93.44000244140625,74445
2026-09-23 14:05:00+00:00,93.44999694824219,93.58000183105469,93.37999725341797,93.41999816894531,88435
2026-09-23 14:06:00+00:00,93.41999816894531,93.55000305175781,93.37590026855469,93.53500366210938,56336
2026-09-23 14:07:00+00:00,93.54000091552734,93.62000274658203,93.43000030517578,93.58000183105469,54525
2026-09-23 14:08:00+00:00,93.58000183105469,93.88999938964844,93.58000183105469,93.7699966430664,137570
2026-09-23 14:09:00+00:00,93.7699966430664,93.83000183105469,93.6500015258789,93.69999694824219,86693
2026-09-23 14:10:00+00:00,93.70999908447266,93.7699966430664,93.45999908447266,93.54000091552734,71908
2026-09-23 14:11:00+00:00,93.52999877929688,93.52999877929688,93.26499938964844,93.34500122070312,81093
2026-09-23 14:12:00+00:00,93.3499984741211,93.55000305175781,93.3499984741211,93.4800033569336,51955
2026-09-23 14:13:00+00:00,93.4800033569336,93.4800033569336,93.37000274658203,93.38500213623047,25236
2026-09-23 14:14:00+00:00,93.41999816894531,93.5,93.3499984741211,93.44499969482422,61045
2026-09-23 14:15:00+00:00,93.44000244140625,93.55000305175781,93.37000274658203,93.43000030517578,47661
2026-09-23 14:16:00+00:00,93.44000244140625,93.51000213623047,93.37999725341797,93.48999786376953,31155
2026-09-23 14:17:00+00:00,93.48500061035156,93.5,93.16000366210938,93.19999694824219,89813
2026-09-23 14:18:00+00:00,93.19000244140625,93.30999755859375,93.13999938964844,93.20500183105469,63979
2026-09-23 14:19:00+00:00,93.2300033569336,93.29499816894531,93.12999725341797,93.12999725341797,56339
2026-09-23 14:20:00+00:00,93.12999725341797,93.26000213623047,93.12999725341797,93.22000122070312,42230
2026-09-23 14:21:00+00:00,93.20500183105469,93.23999786376953,93.11000061035156,93.18000030517578,63160
2026-09-23 14:22:00+00:00,93.19000244140625,93.22000122070312,93.06999969482422,93.20999908447266,50769
2026-09-23 14:23:00+00:00,93.20999908447266,93.27999877929688,93.15499877929688,93.19999694824219,39414
2026-09-23 14:24:00+00:00,93.20999908447266,93.30030059814453,93.13500213623047,93.29000091552734,29439
2026-09-23 14:25:00+00:00,93.29000091552734,93.4800033569336,93.27999877929688,93.36000061035156,84488
2026-09-23 14:26:00+00:00,93.33000183105469,93.36000061035156,93.22000122070312,93.30000305175781,51587
2026-09-23 14:27:00+00:00,93.29000091552734,93.33000183105469,93.2300033569336,93.25,46894
2026-09-23 14:28:00+00:00,93.25,93.37999725341797,93.23999786376953,93.36000061035156,26568
2026-09-23 14:29:00+00:00,93.3499984741211,93.38999938964844,93.2699966430664,93.33999633789062,38228
2026-09-23 14:30:00+00:00,93.3499984741211,93.5,93.3499984741211,93.43000030517578,36578
2026-09-23 14:31:00+00:00,93.43000030517578,93.55000305175781,93.375,93.51000213623047,61218
2026-09-23 14:32:00+00:00,93.5199966430664,93.70999908447266,93.4800033569336,93.67500305175781,54458
2026-09-23 14:33:00+00:00,93.68000030517578,93.80999755859375,93.63999938964844,93.76000213623047,133957
2026-09-23 14:34:00+00:00,93.7699966430664,93.91999816894531,93.73999786376953,93.78500366210938,81851
2026-09-23 14:35:00+00:00,93.80000305175781,93.81999969482422,93.68499755859375,93.71499633789062,35214
2026-09-23 14:36:00+00:00,93.71499633789062,93.7300033569336,93.62000274658203,93.68000030517578,52290
2026-09-23 14:37:00+00:00,93.69000244140625,93.94000244140625,93.625,93.69000244140625,99658
2026-09-23 14:38:00+00:00,93.67500305175781,93.68000030517578,93.47000122070312,93.51000213623047,45858
2026-09-23 14:39:00+00:00,93.5199966430664,93.54000091552734,93.4000015258789,93.4000015258789,105631
2026-09-23 14:40:00+00:00,93.4000015258789,93.54499816894531,93.4000015258789,93.52999877929688,37239
2026-09-23 14:41:00+00:00,93.55000305175781,93.7300033569336,93.51000213623047,93.70999908447266,23046
2026-09-23 14:42:00+00:00,93.7300033569336,93.7300033569336,93.61000061035156,93.66000366210938,23645
2026-09-23 14:43:00+00:00,93.6500015258789,93.69999694824219,93.5999984741211,93.68000030517578,45424
2026-09-23 14:44:00+00:00,93.68000030517578,93.81999969482422,93.65499877929688,93.7699966430664,70748
2026-09-23 14:45:00+00:00,93.77999877929688,93.80500030517578,93.70999908447266,93.72000122070312,114397
2026-09-23 14:46:00+00:00,93.70999908447266,93.70999908447266,93.58999633789062,93.59500122070312,38924
2026-09-23 14:47:00+00:00,93.59500122070312,93.65499877929688,93.51499938964844,93.52999877929688,28459
2026-09-23 14:48:00+00:00,93.52999877929688,93.6500015258789,93.45999908447266,93.5199966430664,34792
2026-09-23 14:49:00+00:00,93.5199966430664,93.58999633789062,93.4800033569336,93.55500030517578,29187
2026-09-23 14:50:00+00:00,93.55500030517578,93.5999984741211,93.48999786376953,93.48999786376953,23334
2026-09-23 14:51:00+00:00,93.5,93.9800033569336,93.5,93.90750122070312,106196
2026-09-23 14:52:00+00:00,93.91000366210938,94.04499816894531,93.8550033569336,93.87999725341797,53975
2026-09-23 14:53:00+00:00,93.87999725341797,94.23999786376953,93.87000274658203,94.19000244140625,80908
2026-09-23 14:54:00+00:00,94.20999908447266,94.26000213623047,94.09500122070312,94.22000122070312,118612
2026-09-23 14:55:00+00:00,94.20999908447266,94.2300033569336,94.0199966430664,94.12999725341797,202993
2026-09-23 14:56:00+00:00,94.12999725341797,94.12999725341797,93.91999816894531,93.94499969482422,67074
2026-09-23 14:57:00+00:00,93.94000244140625,94.04000091552734,93.88999938964844,94.0199966430664,34592
2026-09-23 14:58:00+00:00,94.01499938964844,94.01499938964844,93.9000015258789,93.93499755859375,41066
2026-09-23 14:59:00+00:00,93.95999908447266,94.0199966430664,93.93000030517578,93.98999786376953,19930
2026-09-23 15:00:00+00:00,93.98999786376953,93.98999786376953,93.80999755859375,93.91000366210938,51862
2026-09-23 15:01:00+00:00,93.9000015258789,93.97000122070312,93.8499984741211,93.87000274658203,44122
2026-09-23 15:02:00+00:00,93.87999725341797,93.9800033569336,93.83999633789062,93.93499755859375,68775
2026-09-23 15:03:00+00:00,93.94000244140625,93.94000244140625,93.81500244140625,93.8550033569336,16932
2026-09-23 15:04:00+00:00,93.8499984741211,93.8499984741211,93.6957015991211,93.79499816894531,31949
2026-09-23 15:05:00+00:00,93.77999877929688,93.79000091552734,93.69000244140625,93.72000122070312,42689
2026-09-23 15:06:00+00:00,93.72000122070312,93.79000091552734,93.69999694824219,93.73999786376953,40313
2026-09-23 15:07:00+00:00,93.75,93.75,93.66000366210938,93.70999908447266,42554
2026-09-23 15:08:00+00:00,93.72000122070312,93.87000274658203,93.69000244140625,93.8499984741211,28395
2026-09-23 15:09:00+00:00,93.84500122070312,93.88999938964844,93.79000091552734,93.80999755859375,21748
2026-09-23 15:10:00+00:00,93.81999969482422,93.9000015258789,93.80000305175781,93.86000061035156,20791
2026-09-23 15:11:00+00:00,93.86000061035156,93.86000061035156,93.75,93.77999877929688,21727
2026-09-23 15:12:00+00:00,93.79000091552734,93.88999938964844,93.79000091552734,93.81999969482422,21215
2026-09-23 15:13:00+00:00,93.83499908447266,93.87999725341797,93.79000091552734,93.87000274658203,18776
2026-09-23 15:14:00+00:00,93.86000061035156,93.94999694824219,93.86000061035156,93.87000274658203,19569
2026-09-23 15:15:00+00:00,93.87999725341797,93.9000015258789,93.84989929199219,93.87999725341797,19982
2026-09-23 15:16:00+00:00,93.88500213623047,93.91000366210938,93.83999633789062,93.8499984741211,17663
2026-09-23 15:17:00+00:00,93.86000061035156,93.86000061035156,93.7750015258789,93.81999969482422,23816
2026-09-23 15:18:00+00:00,93.80999755859375,93.81999969482422,93.76000213623047,93.80000305175781,21047
2026-09-23 15:19:00+00:00,93.80000305175781,93.91000366210938,93.79000091552734,93.91000366210938,19574
2026-09-23 15:20:00+00:00,93.91999816894531,93.95500183105469,93.88999938964844,93.88999938964844,19438
2026-09-23 15:21:00+00:00,93.87999725341797,93.94999694824219,93.87000274658203,93.91000366210938,25957
2026-09-23 15:22:00+00:00,93.91999816894531,93.9800033569336,93.91000366210938,93.93000030517578,14585
2026-09-23 15:23:00+00:00,93.97000122070312,94.02999877929688,93.94999694824219,93.97000122070312,27432
2026-09-23 15:24:00+00:00,93.97000122070312,93.99500274658203,93.91999816894531,93.97000122070312,17959
2026-09-23 15:25:00+00:00,93.98999786376953,94.08000183105469,93.98999786376953,94.05500030517578,28518
2026-09-23 15:26:00+00:00,94.05000305175781,94.07499694824219,93.95999908447266,93.9800033569336,23978
2026-09-23 15:27:00+00:00,93.97000122070312,94.01499938964844,93.96499633789062,93.9800033569336,17036
2026-09-23 15:28:00+00:00,93.97000122070312,93.97000122070312,93.83000183105469,93.8499984741211,38743
2026-09-23 15:29:00+00:00,93.8499984741211,93.8499984741211,93.66000366210938,93.66000366210938,30392
2026-09-23 15:30:00+00:00,93.66999816894531,93.66999816894531,93.55999755859375,93.62000274658203,46993
2026-09-23 15:31:00+00:00,93.61000061035156,93.62000274658203,93.5199966430664,93.56999969482422,25662
2026-09-23 15:32:00+00:00,93.55000305175781,93.58999633789062,93.4800033569336,93.57499694824219,30408
2026-09-23 15:33:00+00:00,93.61000061035156,93.61000061035156,93.49500274658203,93.49500274658203,21749
2026-09-23 15:34:00+00:00,93.48999786376953,93.5999984741211,93.45500183105469,93.58999633789062,37785
2026-09-23 15:35:00+00:00,93.58499908447266,93.63999938964844,93.54000091552734,93.62999725341797,16318
2026-09-23 15:36:00+00:00,93.61000061035156,93.67500305175781,93.54499816894531,93.55999755859375,15793
2026-09-23 15:37:00+00:00,93.55999755859375,93.56999969482422,93.45500183105469,93.48999786376953,23741
2026-09-23 15:38:00+00:00,93.48500061035156,93.5199966430664,93.4749984741211,93.51000213623047,17733
2026-09-23 15:39:00+00:00,93.51499938964844,93.55999755859375,93.3949966430664,93.47000122070312,37019
2026-09-23 15:40:00+00:00,93.45999908447266,93.4800033569336,93.44000244140625,93.47000122070312,15992
2026-09-23 15:41:00+00:00,93.47000122070312,93.51000213623047,93.41999816894531,93.41999816894531,24786
2026-09-23 15:42:00+00:00,93.41999816894531,93.52999877929688,93.41999816894531,93.52999877929688,27355
2026-09-23 15:43:00+00:00,93.52999877929688,93.58999633789062,93.51000213623047,93.58000183105469,16392
2026-09-23 15:44:00+00:00,93.57499694824219,93.66999816894531,93.52999877929688,93.66000366210938,16606
2026-09-23 15:45:00+00:00,93.6500015258789,93.66999816894531,93.62000274658203,93.66000366210938,15987
2026-09-23 15:46:00+00:00,93.6500015258789,93.70999908447266,93.63999938964844,93.68000030517578,22509
2026-09-23 15:47:00+00:00,93.66999816894531,93.68000030517578,93.48500061035156,93.48999786376953,13203
2026-09-23 15:48:00+00:00,93.49199676513672,93.52999877929688,93.41999816894531,93.41999816894531,16498
2026-09-23 15:49:00+00:00,93.41000366210938,93.41000366210938,93.29000091552734,93.29000091552734,45492
2026-09-23 15:50:00+00:00,93.29000091552734,93.41000366210938,93.29000091552734,93.31999969482422,227253
2026-09-23 15:51:00+00:00,93.33000183105469,93.37999725341797,93.2750015258789,93.37000274658203,26596
2026-09-23 15:52:00+00:00,93.36499786376953,93.38009643554688,93.31999969482422,93.31999969482422,19076
2026-09-23 15:53:00+00:00,93.31999969482422,93.33000183105469,93.23999786376953,93.33000183105469,24764
2026-09-23 15:54:00+00:00,93.33000183105469,93.38500213623047,93.31999969482422,93.3499984741211,62584
2026-09-23 15:55:00+00:00,93.35990142822266,93.375,93.33000183105469,93.36000061035156,26736
2026-09-23 15:56:00+00:00,93.37000274658203,93.37999725341797,93.31500244140625,93.37000274658203,27863
2026-09-23 15:57:00+00:00,93.36000061035156,93.41999816894531,93.3550033569336,93.37000274658203,47384
2026-09-23 15:58:00+00:00,93.36000061035156,93.40499877929688,93.36000061035156,93.4000015258789,36053
2026-09-23 15:59:00+00:00,93.40499877929688,93.43499755859375,93.38999938964844,93.38999938964844,14784
2026-09-23 16:00:00+00:00,93.38999938964844,93.43000030517578,93.37999725341797,93.4000015258789,13804
2026-09-23 16:01:00+00:00,93.4000015258789,93.41000366210938,93.33000183105469,93.33999633789062,25649
2026-09-23 16:02:00+00:00,93.33499908447266,93.33999633789062,93.23500061035156,93.23500061035156,24174
2026-09-23 16:03:00+00:00,93.23999786376953,93.29000091552734,93.23999786376953,93.25499725341797,30764
2026-09-23 16:04:00+00:00,93.26000213623047,93.26000213623047,93.16999816894531,93.19499969482422,64659
2026-09-23 16:05:00+00:00,93.19000244140625,93.27999877929688,93.19000244140625,93.27999877929688,44388
2026-09-23 16:06:00+00:00,93.27999877929688,93.37000274658203,93.27999877929688,93.3499984741211,48675
2026-09-23 16:07:00+00:00,93.36000061035156,93.4800033569336,93.36000061035156,93.47000122070312,37042
2026-09-23 16:08:00+00:00,93.47000122070312,93.54000091552734,93.47000122070312,93.52999877929688,20250
2026-09-23 16:09:00+00:00,93.52999877929688,93.52999877929688,93.4749984741211,93.5199966430664,25159
2026-09-23 16:10:00+00:00,93.5199966430664,93.62000274658203,93.5,93.62000274658203,20110
2026-09-23 16:11:00+00:00,93.5999984741211,93.63999938964844,93.58999633789062,93.5999984741211,13849
2026-09-23 16:12:00+00:00,93.62000274658203,93.66500091552734,93.58999633789062,93.5999984741211,11774
2026-09-23 16:13:00+00:00,93.5999984741211,93.63999938964844,93.58999633789062,93.63999938964844,38461
2026-09-23 16:14:00+00:00,93.63500213623047,93.68000030517578,93.61000061035156,93.63500213623047,67333
2026-09-23 16:15:00+00:00,93.63500213623047,93.70999908447266,93.61000061035156,93.70999908447266,80479
2026-09-23 16:16:00+00:00,93.71499633789062,93.72000122070312,93.63999938964844,93.66500091552734,17723
2026-09-23 16:17:00+00:00,93.66000366210938,93.68000030517578,93.62999725341797,93.68000030517578,11308
2026-09-23 16:18:00+00:00,93.68000030517578,93.69999694824219,93.66999816894531,93.67500305175781,21461
2026-09-23 16:19:00+00:00,93.68000030517578,93.73999786376953,93.68000030517578,93.7300033569336,14749
2026-09-23 16:20:00+00:00,93.72000122070312,93.7300033569336,93.69499969482422,93.72000122070312,12363
2026-09-23 16:21:00+00:00,93.70999908447266,93.72000122070312,93.63999938964844,93.66999816894531,24753
2026-09-23 16:22:00+00:00,93.66999816894531,93.69999694824219,93.6449966430664,93.69999694824219,13461
2026-09-23 16:23:00+00:00,93.69499969482422,93.70500183105469,93.66999816894531,93.68000030517578,13018
2026-09-23 16:24:00+00:00,93.66999816894531,93.67500305175781,93.58499908447266,93.58999633789062,20591
2026-09-23 16:25:00+00:00,93.58499908447266,93.6500015258789,93.58499908447266,93.62000274658203,17311
2026-09-23 16:26:00+00:00,93.62999725341797,93.63500213623047,93.5999984741211,93.5999984741211,14092
2026-09-23 16:27:00+00:00,93.59500122070312,93.61000061035156,93.58000183105469,93.5999984741211,13085
2026-09-23 16:28:00+00:00,93.5999984741211,93.68499755859375,93.5999984741211,93.65499877929688,14598
2026-09-23 16:29:00+00:00,93.66000366210938,93.68499755859375,93.6500015258789,93.68499755859375,5778
2026-09-23 16:30:00+00:00,93.69000244140625,93.74500274658203,93.69000244140625,93.7300033569336,15160
2026-09-23 16:31:00+00:00,93.7300033569336,93.80000305175781,93.7300033569336,93.80000305175781,21698
2026-09-23 16:32:00+00:00,93.79000091552734,93.87999725341797,93.79000091552734,93.83000183105469,29968
2026-09-23 16:33:00+00:00,93.83999633789062,93.87999725341797,93.83000183105469,93.87000274658203,33683
2026-09-23 16:34:00+00:00,93.87000274658203,93.88999938964844,93.86000061035156,93.87000274658203,24130
2026-09-23 16:35:00+00:00,93.86000061035156,93.93499755859375,93.8499984741211,93.93000030517578,26084
2026-09-23 16:36:00+00:00,93.93000030517578,93.98999786376953,93.92500305175781,93.9800033569336,23431
2026-09-23 16:37:00+00:00,93.97000122070312,94.02999877929688,93.95989990234375,94.0,29828
2026-09-23 16:38:00+00:00,94.0,94.05999755859375,93.97000122070312,94.05999755859375,21756
2026-09-23 16:39:00+00:00,94.05500030517578,94.08000183105469,94.0,94.0,41449
2026-09-23 16:40:00+00:00,93.98999786376953,94.04000091552734,93.94999694824219,94.04000091552734,30282
2026-09-23 16:41:00+00:00,94.04000091552734,94.05999755859375,94.0250015258789,94.03500366210938,20723
2026-09-23 16:42:00+00:00,94.04000091552734,94.06999969482422,94.02999877929688,94.03500366210938,23037
2026-09-23 16:43:00+00:00,94.03289794921875,94.12000274658203,94.0250015258789,94.08979797363281,37216
2026-09-23 16:44:00+00:00,94.08999633789062,94.12000274658203,94.04000091552734,94.04499816894531,31408
2026-09-23 16:45:00+00:00,94.04000091552734,94.06500244140625,93.86000061035156,93.94000244140625,81066
2026-09-23 16:46:00+00:00,93.94499969482422,93.98999786376953,93.93499755859375,93.94499969482422,41614
2026-09-23 16:47:00+00:00,93.94999694824219,94.04000091552734,93.93000030517578,93.97000122070312,79393
2026-09-23 16:48:00+00:00,93.97200012207031,94.0,93.94000244140625,93.95999908447266,60721
2026-09-23 16:49:00+00:00,93.95999908447266,93.95999908447266,93.84500122070312,93.87000274658203,38739
2026-09-23 16:50:00+00:00,93.86499786376953,93.93000030517578,93.8550033569336,93.88500213623047,27248
2026-09-23 16:51:00+00:00,93.87999725341797,93.87999725341797,93.7699966430664,93.7699966430664,40442
2026-09-23 16:52:00+00:00,93.75499725341797,93.80500030517578,93.73999786376953,93.78199768066406,27940
2026-09-23 16:53:00+00:00,93.78500366210938,93.80999755859375,93.71499633789062,93.80000305175781,41678
2026-09-23 16:54:00+00:00,93.80999755859375,93.83999633789062,93.77999877929688,93.79000091552734,35010
2026-09-23 16:55:00+00:00,93.77999877929688,93.87999725341797,93.76499938964844,93.87000274658203,25451
2026-09-23 16:56:00+00:00,93.86499786376953,93.93000030517578,93.84500122070312,93.91999816894531,39094
2026-09-23 16:57:00+00:00,93.91999816894531,93.91999816894531,93.84500122070312,93.84500122070312,29439
2026-09-23 16:58:00+00:00,93.8499984741211,93.9000015258789,93.83999633789062,93.8949966430664,17473
2026-09-23 16:59:00+00:00,93.9000015258789,93.94999694824219,93.88999938964844,93.93000030517578,34027
2026-09-23 17:00:00+00:00,93.93000030517578,93.94000244140625,93.83999633789062,93.84500122070312,31275
2026-09-23 17:01:00+00:00,93.8550033569336,93.91999816894531,93.8550033569336,93.9000015258789,15699
2026-09-23 17:02:00+00:00,93.91000366210938,93.91000366210938,93.38999938964844,93.51000213623047,199561
2026-09-23 17:03:00+00:00,93.51499938964844,93.68499755859375,93.4749984741211,93.53500366210938,81628
2026-09-23 17:04:00+00:00,93.54000091552734,93.62000274658203,93.51499938964844,93.58000183105469,29117
2026-09-23 17:05:00+00:00,93.58999633789062,93.62999725341797,93.5250015258789,93.58499908447266,35316
2026-09-23 17:06:00+00:00,93.58999633789062,93.66000366210938,93.55999755859375,93.66000366210938,33335
2026-09-23 17:07:00+00:00,93.66000366210938,93.67500305175781,93.625,93.6500015258789,49162
2026-09-23 17:08:00+00:00,93.66000366210938,93.73999786376953,93.65499877929688,93.69000244140625,25970
2026-09-23 17:09:00+00:00,93.69000244140625,93.7300033569336,93.62999725341797,93.72000122070312,38600
2026-09-23 17:10:00+00:00,93.7300033569336,93.76000213623047,93.70500183105469,93.75,25506
2026-09-23 17:11:00+00:00,93.73999786376953,93.79499816894531,93.63999938964844,93.63999938964844,42896
2026-09-23 17:12:00+00:00,93.63999938964844,93.6500015258789,93.4800033569336,93.5199966430664,35716
2026-09-23 17:13:00+00:00,93.5199966430664,93.57499694824219,93.45500183105469,93.5250015258789,50424
2026-09-23 17:14:00+00:00,93.5250015258789,93.58999633789062,93.50499725341797,93.58000183105469,22822
2026-09-23 17:15:00+00:00,93.56999969482422,93.61000061035156,93.54000091552734,93.54000091552734,32323
2026-09-23 17:16:00+00:00,93.54499816894531,93.56500244140625,93.5250015258789,93.56500244140625,17652
2026-09-23 17:17:00+00:00,93.55999755859375,93.5999984741211,93.54499816894531,93.58999633789062,35103
2026-09-23 17:18:00+00:00,93.58999633789062,93.61000061035156,93.56500244140625,93.61000061035156,35794
2026-09-23 17:19:00+00:00,93.5999984741211,93.62000274658203,93.56500244140625,93.58000183105469,63000
2026-09-23 17:20:00+00:00,93.57499694824219,93.61000061035156,93.54499816894531,93.5999984741211,43897
2026-09-23 17:21:00+00:00,93.59500122070312,93.6395034790039,93.57499694824219,93.62999725341797,42800
2026-09-23 17:22:00+00:00,93.62000274658203,93.66999816894531,93.55500030517578,93.66500091552734,25668
2026-09-23 17:23:00+00:00,93.66999816894531,93.71499633789062,93.66999816894531,93.69000244140625,19034
2026-09-23 17:24:00+00:00,93.69000244140625,93.69000244140625,93.61000061035156,93.625,23523
2026-09-23 17:25:00+00:00,93.62000274658203,93.68000030517578,93.61000061035156,93.66000366210938,35009
2026-09-23 17:26:00+00:00,93.65499877929688,93.66000366210938,93.61499786376953,93.63999938964844,15937
2026-09-23 17:27:00+00:00,93.65499877929688,93.66999816894531,93.61000061035156,93.61000061035156,23139
2026-09-23 17:28:00+00:00,93.61000061035156,93.62999725341797,93.58499908447266,93.58999633789062,21695
2026-09-23 17:29:00+00:00,93.5999984741211,93.63500213623047,93.59750366210938,93.62999725341797,15397
2026-09-23 17:30:00+00:00,93.62000274658203,93.62000274658203,93.58000183105469,93.62000274658203,27469
2026-09-23 17:31:00+00:00,93.625,93.62999725341797,93.58999633789062,93.62000274658203,25017
2026-09-23 17:32:00+00:00,93.5999984741211,93.5999984741211,93.53500366210938,93.56999969482422,23206
2026-09-23 17:33:00+00:00,93.56999969482422,93.58000183105469,93.51000213623047,93.56999969482422,24765
2026-09-23 17:34:00+00:00,93.57499694824219,93.6050033569336,93.56999969482422,93.58999633789062,30802
2026-09-23 17:35:00+00:00,93.58499908447266,93.58499908447266,93.49500274658203,93.5,21378
2026-09-23 17:36:00+00:00,93.5,93.5,93.44000244140625,93.45999908447266,38119
2026-09-23 17:37:00+00:00,93.46499633789062,93.55000305175781,93.46499633789062,93.54499816894531,49326
2026-09-23 17:38:00+00:00,93.55500030517578,93.55999755859375,93.51000213623047,93.51499938964844,21719
2026-09-23 17:39:00+00:00,93.5199966430664,93.54000091552734,93.41000366210938,93.43000030517578,25487
2026-09-23 17:40:00+00:00,93.43499755859375,93.58000183105469,93.41999816894531,93.52999877929688,92902
2026-09-23 17:41:00+00:00,93.5199966430664,93.70999908447266,93.50499725341797,93.69000244140625,65893
2026-09-23 17:42:00+00:00,93.68499755859375,93.81379699707031,93.66500091552734,93.81379699707031,35474
2026-09-23 17:43:00+00:00,93.81999969482422,93.87999725341797,93.77999877929688,93.83000183105469,31317
2026-09-23 17:44:00+00:00,93.81999969482422,93.87999725341797,93.76000213623047,93.83999633789062,33231
2026-09-23 17:45:00+00:00,93.83999633789062,93.87999725341797,93.80999755859375,93.87999725341797,31590
2026-09-23 17:46:00+00:00,93.88999938964844,93.9000015258789,93.78500366210938,93.81500244140625,45289
2026-09-23 17:47:00+00:00,93.81500244140625,93.9000015258789,93.78500366210938,93.81999969482422,103512
2026-09-23 17:48:00+00:00,93.83000183105469,93.88999938964844,93.83000183105469,93.86000061035156,37205
2026-09-23 17:49:00+00:00,93.87000274658203,93.94000244140625,93.8550033569336,93.93599700927734,25959
2026-09-23 17:50:00+00:00,93.94000244140625,94.0199966430664,93.91999816894531,93.99500274658203,114265
2026-09-23 17:51:00+00:00,94.0,94.01499938964844,93.97000122070312,94.01499938964844,49833
2026-09-23 17:52:00+00:00,94.01000213623047,94.05000305175781,94.0,94.05000305175781,24469
2026-09-23 17:53:00+00:00,94.04000091552734,94.0999984741211,94.0250015258789,94.06999969482422,61121
2026-09-23 17:54:00+00:00,94.06999969482422,94.09500122070312,94.05000305175781,94.08999633789062,23265
2026-09-23 17:55:00+00:00,94.09500122070312,94.0999984741211,94.03500366210938,94.04000091552734,32676
2026-09-23 17:56:00+00:00,94.02999877929688,94.05999755859375,94.0199966430664,94.04000091552734,31920
2026-09-23 17:57:00+00:00,94.04000091552734,94.1050033569336,94.01000213623047,94.1050033569336,40136
2026-09-23 17:58:00+00:00,94.1050033569336,94.22000122070312,94.1050033569336,94.19499969482422,60561
2026-09-23 17:59:00+00:00,94.19999694824219,94.22000122070312,94.18000030517578,94.19499969482422,30573
2026-09-23 18:00:00+00:00,94.19999694824219,94.21499633789062,94.1500015258789,94.16999816894531,31725
2026-09-23 18:01:00+00:00,94.16999816894531,94.23500061035156,94.16500091552734,94.2300033569336,75545
2026-09-23 18:02:00+00:00,94.23999786376953,94.27999877929688,94.20999908447266,94.20999908447266,46147
2026-09-23 18:03:00+00:00,94.20999908447266,94.20999908447266,94.09500122070312,94.13500213623047,55066
2026-09-23 18:04:00+00:00,94.12999725341797,94.12999725341797,94.05999755859375,94.08999633789062,50547
2026-09-23 18:05:00+00:00,94.08000183105469,94.08000183105469,94.04499816894531,94.06500244140625,15147
2026-09-23 18:06:00+00:00,94.06999969482422,94.11000061035156,94.04499816894531,94.04499816894531,113268
2026-09-23 18:07:00+00:00,94.05000305175781,94.08999633789062,94.03500366210938,94.08499908447266,14157
2026-09-23 18:08:00+00:00,94.08499908447266,94.16999816894531,94.08499908447266,94.16500091552734,53401
2026-09-23 18:09:00+00:00,94.16000366210938,94.17500305175781,94.13500213623047,94.16000366210938,33259
2026-09-23 18:10:00+00:00,94.16000366210938,94.18000030517578,94.13500213623047,94.16999816894531,44024
2026-09-23 18:11:00+00:00,94.1524429321289,94.15499877929688,94.1050033569336,94.11499786376953,29077
2026-09-23 18:12:00+00:00,94.11499786376953,94.13780212402344,94.11000061035156,94.13500213623047,31786
2026-09-23 18:13:00+00:00,94.13999938964844,94.19999694824219,94.13999938964844,94.18499755859375,38806
2026-09-23 18:14:00+00:00,94.18499755859375,94.20500183105469,94.18000030517578,94.18000030517578,31785
2026-09-23 18:15:00+00:00,94.18499755859375,94.19000244140625,94.13500213623047,94.15499877929688,82938
2026-09-23 18:16:00+00:00,94.15499877929688,94.20999908447266,94.08999633789062,94.08999633789062,40752
2026-09-23 18:17:00+00:00,94.07499694824219,94.13999938964844,94.07499694824219,94.1050033569336,32658
2026-09-23 18:18:00+00:00,94.0999984741211,94.12999725341797,94.09010314941406,94.11499786376953,29577
2026-09-23 18:19:00+00:00,94.11499786376953,94.17500305175781,94.11499786376953,94.15499877929688,45420
2026-09-23 18:20:00+00:00,94.1500015258789,94.17500305175781,94.13999938964844,94.13999938964844,39490
2026-09-23 18:21:00+00:00,94.13999938964844,94.1449966430664,94.0250015258789,94.04000091552734,39212
2026-09-23 18:22:00+00:00,94.05000305175781,94.07499694824219,94.01499938964844,94.04000091552734,47719
2026-09-23 18:23:00+00:00,94.04000091552734,94.1449966430664,94.04000091552734,94.11000061035156,34223
2026-09-23 18:24:00+00:00,94.09500122070312,94.11499786376953,94.08999633789062,94.11499786376953,20008
2026-09-23 18:25:00+00:00,94.12000274658203,94.16000366210938,94.10009765625,94.11000061035156,76603
2026-09-23 18:26:00+00:00,94.12000274658203,94.13500213623047,94.08999633789062,94.0999984741211,15047
2026-09-23 18:27:00+00:00,94.08999633789062,94.1050033569336,94.05000305175781,94.06500244140625,45660
2026-09-23 18:28:00+00:00,94.06999969482422,94.09500122070312,94.04000091552734,94.08499908447266,42068
2026-09-23 18:29:00+00:00,94.08499908447266,94.0999984741211,94.05000305175781,94.09500122070312,42808
2026-09-23 18:30:00+00:00,94.08499908447266,94.11499786376953,94.06500244140625,94.07499694824219,46998
2026-09-23 18:31:00+00:00,94.08000183105469,94.11499786376953,94.06009674072266,94.09500122070312,70455
2026-09-23 18:32:00+00:00,94.11000061035156,94.1500015258789,94.09500122070312,94.1449966430664,36924
2026-09-23 18:33:00+00:00,94.1500015258789,94.19000244140625,94.13500213623047,94.17500305175781,53318
2026-09-23 18:34:00+00:00,94.16999816894531,94.20500183105469,94.1500015258789,94.19499969482422,42606
2026-09-23 18:35:00+00:00,94.19999694824219,94.20999908447266,94.1449966430664,94.19999694824219,48308
2026-09-23 18:36:00+00:00,94.20999908447266,94.22000122070312,94.16999816894531,94.18000030517578,41547
2026-09-23 18:37:00+00:00,94.18499755859375,94.19499969482422,94.16999816894531,94.16999816894531,21890
2026-09-23 18:38:00+00:00,94.16500091552734,94.16999816894531,94.12000274658203,94.16000366210938,53014
2026-09-23 18:39:00+00:00,94.13999938964844,94.1500015258789,94.125,94.1449966430664,21816
2026-09-23 18:40:00+00:00,94.1500015258789,94.17500305175781,94.13999938964844,94.1449966430664,22690
2026-09-23 18:41:00+00:00,94.1449966430664,94.16000366210938,94.1050033569336,94.15499877929688,36385
2026-09-23 18:42:00+00:00,94.1500015258789,94.16999816894531,94.13749694824219,94.15499877929688,53837
2026-09-23 18:43:00+00:00,94.15499877929688,94.18000030517578,94.13500213623047,94.13500213623047,23165
2026-09-23 18:44:00+00:00,94.13500213623047,94.1500015258789,94.11000061035156,94.125,30543
2026-09-23 18:45:00+00:00,94.125,94.12989807128906,94.06999969482422,94.0999984741211,51730
2026-09-23 18:46:00+00:00,94.11000061035156,94.12000274658203,94.08000183105469,94.0999984741211,24114
2026-09-23 18:47:00+00:00,94.0999984741211,94.12999725341797,94.09500122070312,94.125,31980
2026-09-23 18:48:00+00:00,94.12999725341797,94.1449966430664,94.11039733886719,94.13999938964844,59973
2026-09-23 18:49:00+00:00,94.13999938964844,94.1500015258789,94.0999984741211,94.1261978149414,49377
2026-09-23 18:50:00+00:00,94.125,94.12999725341797,94.08999633789062,94.09500122070312,40697
2026-09-23 18:51:00+00:00,94.08999633789062,94.12000274658203,94.06009674072266,94.07499694824219,79026
2026-09-23 18:52:00+00:00,94.08000183105469,94.11000061035156,94.06500244140625,94.11000061035156,27172
2026-09-23 18:53:00+00:00,94.1050033569336,94.12000274658203,94.07499694824219,94.08509826660156,31156
2026-09-23 18:54:00+00:00,94.08999633789062,94.11499786376953,94.08000183105469,94.11000061035156,25834
2026-09-23 18:55:00+00:00,94.1050033569336,94.13999938964844,94.1050033569336,94.13500213623047,80282
2026-09-23 18:56:00+00:00,94.13999938964844,94.16000366210938,94.13500213623047,94.13999938964844,26954
2026-09-23 18:57:00+00:00,94.13999938964844,94.1449966430664,94.125,94.1449966430664,19971
2026-09-23 18:58:00+00:00,94.1449966430664,94.19000244140625,94.1449966430664,94.19000244140625,31997
2026-09-23 18:59:00+00:00,94.19000244140625,94.22000122070312,94.18000030517578,94.20999908447266,28021
2026-09-23 19:00:00+00:00,94.21990203857422,94.2300033569336,94.17500305175781,94.20999908447266,38800
2026-09-23 19:01:00+00:00,94.20999908447266,94.20999908447266,94.16999816894531,94.19499969482422,30765
2026-09-23 19:02:00+00:00,94.19499969482422,94.20999908447266,94.18000030517578,94.18499755859375,25516
2026-09-23 19:03:00+00:00,94.18499755859375,94.19000244140625,94.03500366210938,94.05999755859375,52017
2026-09-23 19:04:00+00:00,94.05999755859375,94.08999633789062,94.04499816894531,94.06500244140625,29037
2026-09-23 19:05:00+00:00,94.06999969482422,94.08000183105469,94.0250015258789,94.07499694824219,42738
2026-09-23 19:06:00+00:00,94.08000183105469,94.21499633789062,94.08000183105469,94.21499633789062,54459
2026-09-23 19:07:00+00:00,94.22000122070312,94.23999786376953,94.18000030517578,94.2249984741211,71146
2026-09-23 19:08:00+00:00,94.2300033569336,94.29000091552734,94.20500183105469,94.2249984741211,34256
2026-09-23 19:09:00+00:00,94.2249984741211,94.22989654541016,94.06999969482422,94.08499908447266,42619
2026-09-23 19:10:00+00:00,94.08999633789062,94.12000274658203,94.08999633789062,94.11840057373047,32871
2026-09-23 19:11:00+00:00,94.12000274658203,94.12999725341797,94.09010314941406,94.11499786376953,30056
2026-09-23 19:12:00+00:00,94.11000061035156,94.11000061035156,94.04000091552734,94.05500030517578,37129
2026-09-23 19:13:00+00:00,94.05999755859375,94.07499694824219,94.02999877929688,94.07499694824219,31873
2026-09-23 19:14:00+00:00,94.06999969482422,94.08499908447266,93.98999786376953,93.98999786376953,40513
2026-09-23 19:15:00+00:00,93.98999786376953,94.0,93.94999694824219,93.94999694824219,39587
2026-09-23 19:16:00+00:00,93.95500183105469,93.95500183105469,93.9000015258789,93.91999816894531,37320
2026-09-23 19:17:00+00:00,93.91999816894531,93.94000244140625,93.9000015258789,93.91500091552734,38237
2026-09-23 19:18:00+00:00,93.91500091552734,93.94000244140625,93.88500213623047,93.91000366210938,46741
2026-09-23 19:19:00+00:00,93.91000366210938,93.94499969482422,93.86499786376953,93.88500213623047,49723
2026-09-23 19:20:00+00:00,93.88500213623047,93.88500213623047,93.80999755859375,93.8550033569336,49763
2026-09-23 19:21:00+00:00,93.83999633789062,93.84429168701172,93.79000091552734,93.83999633789062,61915
2026-09-23 19:22:00+00:00,93.83000183105469,93.85990142822266,93.79499816894531,93.8572998046875,30715
2026-09-23 19:23:00+00:00,93.86000061035156,93.87590026855469,93.83999633789062,93.8550033569336,20508
2026-09-23 19:24:00+00:00,93.86000061035156,93.87999725341797,93.8541030883789,93.875,26393
2026-09-23 19:25:00+00:00,93.875,93.87999725341797,93.83999633789062,93.86000061035156,33831
2026-09-23 19:26:00+00:00,93.86499786376953,93.88500213623047,93.8499984741211,93.86499786376953,25003
2026-09-23 19:27:00+00:00,93.86499786376953,93.94000244140625,93.86000061035156,93.91999816894531,41167
2026-09-23 19:28:00+00:00,93.91500091552734,93.91999816894531,93.8949966430664,93.91500091552734,33630
2026-09-23 19:29:00+00:00,93.91999816894531,93.91999816894531,93.83000183105469,93.83499908447266,71378
2026-09-23 19:30:00+00:00,93.83999633789062,93.87999725341797,93.79499816894531,93.86000061035156,69203
2026-09-23 19:31:00+00:00,93.86000061035156,93.86000061035156,93.76000213623047,93.76000213623047,59993
2026-09-23 19:32:00+00:00,93.76499938964844,93.78500366210938,93.75,93.7699966430664,62491
2026-09-23 19:33:00+00:00,93.7699966430664,93.80500030517578,93.75499725341797,93.80000305175781,39476
2026-09-23 19:34:00+00:00,93.7979965209961,93.7979965209961,93.75,93.77999877929688,47432
2026-09-23 19:35:00+00:00,93.7750015258789,93.77999877929688,93.73999786376953,93.75,64242
2026-09-23 19:36:00+00:00,93.76000213623047,93.76499938964844,93.66999816894531,93.66999816894531,79297
2026-09-23 19:37:00+00:00,93.66000366210938,93.66000366210938,93.5999984741211,93.6050033569336,119736
2026-09-23 19:38:00+00:00,93.6050033569336,93.61000061035156,93.57499694824219,93.58999633789062,78873
2026-09-23 19:39:00+00:00,93.57499694824219,93.5999984741211,93.55500030517578,93.56500244140625,62023
2026-09-23 19:40:00+00:00,93.56999969482422,93.58999633789062,93.55000305175781,93.57499694824219,96593
2026-09-23 19:41:00+00:00,93.57499694824219,93.58499908447266,93.55999755859375,93.56009674072266,55333
2026-09-23 19:42:00+00:00,93.56500244140625,93.58000183105469,93.54000091552734,93.54499816894531,75267
2026-09-23 19:43:00+00:00,93.54499816894531,93.54499816894531,93.48999786376953,93.50499725341797,70345
2026-09-23 19:44:00+00:00,93.5,93.51010131835938,93.43000030517578,93.51000213623047,127742
2026-09-23 19:45:00+00:00,93.50499725341797,93.55999755859375,93.47000122070312,93.47689819335938,59599
2026-09-23 19:46:00+00:00,93.4749984741211,93.55500030517578,93.4749984741211,93.54000091552734,55101
2026-09-23 19:47:00+00:00,93.54000091552734,93.56999969482422,93.52999877929688,93.56999969482422,147512
2026-09-23 19:48:00+00:00,93.56500244140625,93.62999725341797,93.55999755859375,93.625,53399
2026-09-23 19:49:00+00:00,93.62000274658203,93.62000274658203,93.55999755859375,93.56500244140625,47854
2026-09-23 19:50:00+00:00,93.56999969482422,93.69999694824219,93.55999755859375,93.69999694824219,105416
2026-09-23 19:51:00+00:00,93.69999694824219,93.75,93.6780014038086,93.73999786376953,122967
2026-09-23 19:52:00+00:00,93.73999786376953,93.76499938964844,93.69999694824219,93.70899963378906,85475
2026-09-23 19:53:00+00:00,93.69999694824219,93.80000305175781,93.68000030517578,93.79000091552734,93814
2026-09-23 19:54:00+00:00,93.80000305175781,93.87950134277344,93.69000244140625,93.69499969482422,87135
2026-09-23 19:55:00+00:00,93.69999694824219,93.7300033569336,93.63500213623047,93.66000366210938,157934
2026-09-23 19:56:00+00:00,93.66500091552734,93.69999694824219,93.5999984741211,93.66500091552734,223098
2026-09-23 19:57:00+00:00,93.66500091552734,93.66999816894531,93.61000061035156,93.62000274658203,179156
2026-09-23 19:58:00+00:00,93.62000274658203,93.63500213623047,93.55999755859375,93.5999984741211,332285
2026-09-23 19:59:00+00:00,93.58999633789062,93.62000274658203,93.54000091552734,93.5999984741211,872767
2026-09-24 13:30:00+00:00,92.5199966430664,92.5988998413086,92.16999816894531,92.42500305175781,936258
2026-09-24 13:31:00+00:00,92.27999877929688,92.29000091552734,91.97000122070312,92.05999755859375,170000
2026-09-24 13:32:00+00:00,92.11000061035156,92.5250015258789,92.08999633789062,92.44999694824219,70429
2026-09-24 13:33:00+00:00,92.4800033569336,92.62999725341797,92.16000366210938,92.31999969482422,74762
2026-09-24 13:34:00+00:00,92.3550033569336,92.41000366210938,92.17500305175781,92.23999786376953,39241
2026-09-24 13:35:00+00:00,92.29000091552734,92.3499984741211,92.1500015258789,92.1500015258789,72790
2026-09-24 13:36:00+00:00,92.18000030517578,92.23999786376953,92.06999969482422,92.18000030517578,31998
2026-09-24 13:37:00+00:00,92.16999816894531,92.16999816894531,91.95999908447266,92.02999877929688,76483
2026-09-24 13:38:00+00:00,92.02999877929688,92.18000030517578,92.0,92.13500213623047,46171
2026-09-24 13:39:00+00:00,92.12999725341797,92.28500366210938,92.01000213623047,92.0999984741211,58105
2026-09-24 13:40:00+00:00,92.08999633789062,92.1500015258789,91.875,91.875,84354
2026-09-24 13:41:00+00:00,91.87999725341797,91.91999816894531,91.75,91.7750015258789,117888
2026-09-24 13:42:00+00:00,91.79000091552734,91.97000122070312,91.69000244140625,91.72000122070312,88207
2026-09-24 13:43:00+00:00,91.69999694824219,91.86499786376953,91.66999816894531,91.82499694824219,78203
2026-09-24 13:44:00+00:00,91.82360076904297,91.82360076904297,91.72000122070312,91.77999877929688,58107
2026-09-24 13:45:00+00:00,91.7750015258789,91.87999725341797,91.66999816894531,91.83000183105469,90652
2026-09-24 13:46:00+00:00,91.81999969482422,91.87999725341797,91.69999694824219,91.72000122070312,118856
2026-09-24 13:47:00+00:00,91.7300033569336,91.80500030517578,91.65499877929688,91.65499877929688,53677
2026-09-24 13:48:00+00:00,91.6500015258789,91.7750015258789,91.62999725341797,91.7750015258789,58874
2026-09-24 13:49:00+00:00,91.77999877929688,91.80999755859375,91.6500015258789,91.66999816894531,48962
2026-09-24 13:50:00+00:00,91.66999816894531,91.73999786376953,91.55000305175781,91.71499633789062,74276
2026-09-24 13:51:00+00:00,91.70999908447266,91.73999786376953,91.55999755859375,91.58000183105469,133559
2026-09-24 13:52:00+00:00,91.57499694824219,91.69999694824219,91.54000091552734,91.68000030517578,56979
2026-09-24 13:53:00+00:00,91.68000030517578,91.69999694824219,91.55999755859375,91.62999725341797,62190
2026-09-24 13:54:00+00:00,91.6500015258789,91.81999969482422,91.64800262451172,91.7699966430664,78392
2026-09-24 13:55:00+00:00,91.76000213623047,91.91000366210938,91.75499725341797,91.88999938964844,69032
2026-09-24 13:56:00+00:00,91.88999938964844,91.8949966430664,91.78500366210938,91.8949966430664,45639
2026-09-24 13:57:00+00:00,91.88999938964844,91.88999938964844,91.75,91.79000091552734,43712
2026-09-24 13:58:00+00:00,91.80000305175781,91.83999633789062,91.7699966430664,91.82009887695312,186333
2026-09-24 13:59:00+00:00,91.83999633789062,91.86499786376953,91.7300033569336,91.8499984741211,74537
2026-09-24 14:00:00+00:00,91.8499984741211,91.94000244140625,91.80899810791016,91.80999755859375,48431
2026-09-24 14:01:00+00:00,91.81500244140625,91.83000183105469,91.7300033569336,91.80999755859375,61881
2026-09-24 14:02:00+00:00,91.80999755859375,91.88999938964844,91.7300033569336,91.73999786376953,90967
2026-09-24 14:03:00+00:00,91.75,91.83000183105469,91.66999816894531,91.79000091552734,255354
2026-09-24 14:04:00+00:00,91.79000091552734,91.80999755859375,91.73999786376953,91.80000305175781,45579
2026-09-24 14:05:00+00:00,91.80000305175781,91.81999969482422,91.70999908447266,91.7699966430664,54417
2026-09-24 14:06:00+00:00,91.7699966430664,91.81999969482422,91.69999694824219,91.75,48528
2026-09-24 14:07:00+00:00,91.75,91.9000015258789,91.70999908447266,91.87000274658203,35634
2026-09-24 14:08:00+00:00,91.86000061035156,91.87999725341797,91.7699966430664,91.8550033569336,39394
2026-09-24 14:09:00+00:00,91.87000274658203,91.93000030517578,91.81999969482422,91.83499908447266,33243
2026-09-24 14:10:00+00:00,91.83000183105469,91.83000183105469,91.70999908447266,91.72000122070312,46591
2026-09-24 14:11:00+00:00,91.7300033569336,91.75499725341797,91.6500015258789,91.66000366210938,52791
2026-09-24 14:12:00+00:00,91.66999816894531,91.69000244140625,91.62030029296875,91.67500305175781,39112
2026-09-24 14:13:00+00:00,91.69999694824219,91.80999755859375,91.68000030517578,91.75,18401
2026-09-24 14:14:00+00:00,91.7699966430664,91.8125,91.7300033569336,91.75,23081
2026-09-24 14:15:00+00:00,91.76000213623047,91.87999725341797,91.6500015258789,91.6500015258789,26052
2026-09-24 14:16:00+00:00,91.6500015258789,91.6500015258789,91.53500366210938,91.61000061035156,54328
2026-09-24 14:17:00+00:00,91.62000274658203,91.91000366210938,91.62000274658203,91.79000091552734,104494
2026-09-24 14:18:00+00:00,91.79499816894531,91.88999938964844,91.70999908447266,91.83999633789062,42946
2026-09-24 14:19:00+00:00,91.80999755859375,91.83000183105469,91.70500183105469,91.70999908447266,23117
2026-09-24 14:20:00+00:00,91.72000122070312,91.74500274658203,91.66000366210938,91.70999908447266,18386
2026-09-24 14:21:00+00:00,91.69999694824219,91.69999694824219,91.61000061035156,91.61499786376953,28273
2026-09-24 14:22:00+00:00,91.62000274658203,91.71499633789062,91.61000061035156,91.68000030517578,34297
2026-09-24 14:23:00+00:00,91.66999816894531,91.73699951171875,91.63999938964844,91.63999938964844,26804
2026-09-24 14:24:00+00:00,91.62999725341797,91.70999908447266,91.61499786376953,91.66000366210938,24175
2026-09-24 14:25:00+00:00,91.66000366210938,91.66999816894531,91.5250015258789,91.58000183105469,61342
2026-09-24 14:26:00+00:00,91.58999633789062,91.75,91.58999633789062,91.7300033569336,45913
2026-09-24 14:27:00+00:00,91.73500061035156,91.80500030517578,91.66999816894531,91.78500366210938,33121
2026-09-24 14:28:00+00:00,91.80000305175781,91.81999969482422,91.73999786376953,91.75,28829
2026-09-24 14:29:00+00:00,91.73989868164062,91.76499938964844,91.69000244140625,91.76000213623047,10961
2026-09-24 14:30:00+00:00,91.73999786376953,91.73999786376953,91.6500015258789,91.66999816894531,14438
2026-09-24 14:31:00+00:00,91.66999816894531,91.70500183105469,91.62999725341797,91.6500015258789,37602
2026-09-24 14:32:00+00:00,91.66000366210938,91.66999816894531,91.55000305175781,91.59500122070312,35318
2026-09-24 14:33:00+00:00,91.58000183105469,91.63999938964844,91.52999877929688,91.63999938964844,78478
2026-09-24 14:34:00+00:00,91.63999938964844,91.73999786376953,91.62999725341797,91.70999908447266,48635
2026-09-24 14:35:00+00:00,91.70500183105469,91.72000122070312,91.62000274658203,91.69999694824219,28873
2026-09-24 14:36:00+00:00,91.69000244140625,91.72000122070312,91.6500015258789,91.69999694824219,23065
2026-09-24 14:37:00+00:00,91.70999908447266,91.81999969482422,91.68000030517578,91.76000213623047,19602
2026-09-24 14:38:00+00:00,91.7699966430664,91.80999755859375,91.66000366210938,91.66000366210938,20506
2026-09-24 14:39:00+00:00,91.6500015258789,91.66000366210938,91.51499938964844,91.58000183105469,36038
2026-09-24 14:40:00+00:00,91.58000183105469,91.5999984741211,91.4800033569336,91.56559753417969,135907
2026-09-24 14:41:00+00:00,91.56999969482422,91.7300033569336,91.55999755859375,91.72000122070312,20035
2026-09-24 14:42:00+00:00,91.69999694824219,91.83999633789062,91.69499969482422,91.75,20617
2026-09-24 14:43:00+00:00,91.76000213623047,91.760498046875,91.70999908447266,91.75,19895
2026-09-24 14:44:00+00:00,91.73999786376953,91.73999786376953,91.69000244140625,91.70500183105469,44454
2026-09-24 14:45:00+00:00,91.70500183105469,91.72000122070312,91.63500213623047,91.69000244140625,29253
2026-09-24 14:46:00+00:00,91.69999694824219,91.76499938964844,91.69000244140625,91.72000122070312,14355
2026-09-24 14:47:00+00:00,91.70999908447266,91.7699966430664,91.69999694824219,91.73999786376953,10600
2026-09-24 14:48:00+00:00,91.73999786376953,91.80000305175781,91.73999786376953,91.77999877929688,13665
2026-09-24 14:49:00+00:00,91.7699966430664,91.80999755859375,91.76000213623047,91.77999877929688,12501
2026-09-24 14:50:00+00:00,91.77999877929688,92.06999969482422,91.7699966430664,91.91999816894531,138761
2026-09-24 14:51:00+00:00,91.91999816894531,91.91999816894531,91.75,91.79000091552734,20619
2026-09-24 14:52:00+00:00,91.80999755859375,91.87999725341797,91.80500030517578,91.86000061035156,17129
2026-09-24 14:53:00+00:00,91.8499984741211,91.8499984741211,91.73580169677734,91.77999877929688,23007
2026-09-24 14:54:00+00:00,91.80999755859375,91.81999969482422,91.70999908447266,91.72000122070312,8825
2026-09-24 14:55:00+00:00,91.72000122070312,91.72000122070312,91.58000183105469,91.61499786376953,34199
2026-09-24 14:56:00+00:00,91.63500213623047,91.66000366210938,91.5999984741211,91.62999725341797,9839
2026-09-24 14:57:00+00:00,91.62000274658203,91.63999938964844,91.58000183105469,91.58999633789062,26272
2026-09-24 14:58:00+00:00,91.5999984741211,91.6052017211914,91.52999877929688,91.54000091552734,18657
2026-09-24 14:59:00+00:00,91.55000305175781,91.58999633789062,91.5,91.52999877929688,97146
2026-09-24 15:00:00+00:00,91.5199966430664,91.61000061035156,91.48999786376953,91.56999969482422,45048
2026-09-24 15:01:00+00:00,91.62000274658203,91.62000274658203,91.49500274658203,91.54000091552734,40358
2026-09-24 15:02:00+00:00,91.52999877929688,91.54000091552734,91.375,91.375,87933
2026-09-24 15:03:00+00:00,91.37999725341797,91.45999908447266,91.33499908447266,91.3550033569336,75207
2026-09-24 15:04:00+00:00,91.4000015258789,91.44999694824219,91.33499908447266,91.33999633789062,19957
2026-09-24 15:05:00+00:00,91.33999633789062,91.37000274658203,91.30000305175781,91.30500030517578,107128
2026-09-24 15:06:00+00:00,91.30500030517578,91.33999633789062,91.26000213623047,91.29000091552734,47752
2026-09-24 15:07:00+00:00,91.28500366210938,91.38999938964844,91.23999786376953,91.37999725341797,41771
2026-09-24 15:08:00+00:00,91.37000274658203,91.40899658203125,91.30000305175781,91.3499984741211,37880
2026-09-24 15:09:00+00:00,91.33999633789062,91.3499984741211,91.2699966430664,91.33999633789062,43545
2026-09-24 15:10:00+00:00,91.34500122070312,91.4000015258789,91.22000122070312,91.2300033569336,98178
2026-09-24 15:11:00+00:00,91.2300033569336,91.32499694824219,91.22000122070312,91.27010345458984,34623
2026-09-24 15:12:00+00:00,91.2699966430664,91.29000091552734,91.17310333251953,91.19000244140625,33010
2026-09-24 15:13:00+00:00,91.19499969482422,91.19999694824219,91.08000183105469,91.08999633789062,109741
2026-09-24 15:14:00+00:00,91.08499908447266,91.16500091552734,91.06999969482422,91.1449966430664,95090
2026-09-24 15:15:00+00:00,91.12999725341797,91.27999877929688,91.12000274658203,91.20999908447266,49524
2026-09-24 15:16:00+00:00,91.20999908447266,91.45999908447266,91.19999694824219,91.3499984741211,141643
2026-09-24 15:17:00+00:00,91.33999633789062,91.37000274658203,91.27999877929688,91.31999969482422,35241
2026-09-24 15:18:00+00:00,91.30000305175781,91.30999755859375,91.23500061035156,91.28500366210938,27067
2026-09-24 15:19:00+00:00,91.27999877929688,91.3499984741211,91.23500061035156,91.23500061035156,25213
2026-09-24 15:20:00+00:00,91.23500061035156,91.2699966430664,91.18499755859375,91.21499633789062,35430
2026-09-24 15:21:00+00:00,91.22000122070312,91.27999877929688,91.16200256347656,91.26499938964844,19070
2026-09-24 15:22:00+00:00,91.2699966430664,91.27999877929688,91.2300033569336,91.2699966430664,21144
2026-09-24 15:23:00+00:00,91.26499938964844,91.36000061035156,91.26000213623047,91.33000183105469,23232
2026-09-24 15:24:00+00:00,91.33000183105469,91.4000015258789,91.30500030517578,91.38500213623047,39635
2026-09-24 15:25:00+00:00,91.38999938964844,91.3949966430664,91.23999786376953,91.25,85384
2026-09-24 15:26:00+00:00,91.25499725341797,91.26499938964844,91.20999908447266,91.2249984741211,47430
2026-09-24 15:27:00+00:00,91.2300033569336,91.2300033569336,91.0999984741211,91.11000061035156,36991
2026-09-24 15:28:00+00:00,91.0999984741211,91.1500015258789,91.08000183105469,91.1050033569336,35393
2026-09-24 15:29:00+00:00,91.0999984741211,91.12000274658203,91.06999969482422,91.08499908447266,60144
2026-09-24 15:30:00+00:00,91.08499908447266,91.0999984741211,90.96199798583984,90.9749984741211,132655
2026-09-24 15:31:00+00:00,90.9749984741211,91.05999755859375,90.97000122070312,91.00499725341797,102975
2026-09-24 15:32:00+00:00,91.0,91.05000305175781,90.94000244140625,90.97000122070312,102721
2026-09-24 15:33:00+00:00,90.9749984741211,91.0,90.93499755859375,90.97000122070312,69901
2026-09-24 15:34:00+00:00,90.97000122070312,90.97000122070312,90.88999938964844,90.91500091552734,190332
2026-09-24 15:35:00+00:00,90.91000366210938,90.91000366210938,90.8499984741211,90.91000366210938,92499
2026-09-24 15:36:00+00:00,90.93000030517578,90.9749984741211,90.8499984741211,90.86000061035156,64289
2026-09-24 15:37:00+00:00,90.8550033569336,90.97000122070312,90.8550033569336,90.95500183105469,125946
2026-09-24 15:38:00+00:00,90.95500183105469,91.02999877929688,90.95500183105469,90.99009704589844,79390
2026-09-24 15:39:00+00:00,91.0,91.0250015258789,90.95999908447266,91.0199966430664,33839
2026-09-24 15:40:00+00:00,91.02999877929688,91.04000091552734,90.91999816894531,90.93499755859375,42148
2026-09-24 15:41:00+00:00,90.93000030517578,91.05999755859375,90.93000030517578,90.98999786376953,45228
2026-09-24 15:42:00+00:00,90.98999786376953,91.06999969482422,90.9749984741211,91.06999969482422,36428
2026-09-24 15:43:00+00:00,91.05999755859375,91.1500015258789,91.05950164794922,91.13999938964844,78021
2026-09-24 15:44:00+00:00,91.13999938964844,91.33000183105469,91.13999938964844,91.33000183105469,59547
2026-09-24 15:45:00+00:00,91.33999633789062,91.41999816894531,91.33000183105469,91.41999816894531,52817
2026-09-24 15:46:00+00:00,91.41000366210938,91.41000366210938,91.27999877929688,91.3499984741211,94148
2026-09-24 15:47:00+00:00,91.36000061035156,91.42500305175781,91.29000091552734,91.30000305175781,52668
2026-09-24 15:48:00+00:00,91.29229736328125,91.36000061035156,91.29000091552734,91.30999755859375,56154
2026-09-24 15:49:00+00:00,91.30500030517578,91.30999755859375,91.23999786376953,91.23999786376953,67163
2026-09-24 15:50:00+00:00,91.23999786376953,91.38999938964844,91.20999908447266,91.37999725341797,30026
2026-09-24 15:51:00+00:00,91.38999938964844,91.44999694824219,91.37000274658203,91.375,119772
2026-09-24 15:52:00+00:00,91.37999725341797,91.4000015258789,91.30500030517578,91.31999969482422,42642
2026-09-24 15:53:00+00:00,91.31999969482422,91.36000061035156,91.28500366210938,91.28500366210938,27177
2026-09-24 15:54:00+00:00,91.27999877929688,91.27999877929688,91.19000244140625,91.2300033569336,51421
2026-09-24 15:55:00+00:00,91.2300033569336,91.23500061035156,91.11000061035156,91.12999725341797,32370
2026-09-24 15:56:00+00:00,91.12999725341797,91.16999816894531,91.0999984741211,91.1500015258789,40840
2026-09-24 15:57:00+00:00,91.1500015258789,91.1500015258789,91.08000183105469,91.11000061035156,39977
2026-09-24 15:58:00+00:00,91.11000061035156,91.1449966430664,91.0999984741211,91.0999984741211,33125
2026-09-24 15:59:00+00:00,91.11499786376953,91.12999725341797,91.08999633789062,91.08999633789062,17733
2026-09-24 16:00:00+00:00,91.0999984741211,91.12000274658203,91.0199966430664,91.02999877929688,21158
2026-09-24 16:01:00+00:00,91.0250015258789,91.12999725341797,90.98999786376953,91.11499786376953,53464
2026-09-24 16:02:00+00:00,91.11499786376953,91.16000366210938,91.08999633789062,91.12999725341797,35596
2026-09-24 16:03:00+00:00,91.12239837646484,91.19999694824219,91.11000061035156,91.19999694824219,14631
2026-09-24 16:04:00+00:00,91.19499969482422,91.2300033569336,91.18000030517578,91.2249984741211,18991
2026-09-24 16:05:00+00:00,91.22000122070312,91.23500061035156,91.18000030517578,91.19999694824219,25492
2026-09-24 16:06:00+00:00,91.19000244140625,91.19000244140625,91.0999984741211,91.11000061035156,20090
2026-09-24 16:07:00+00:00,91.11000061035156,91.11499786376953,91.05000305175781,91.05999755859375,12157
2026-09-24 16:08:00+00:00,91.06500244140625,91.08999633789062,91.05220031738281,91.08000183105469,10115
2026-09-24 16:09:00+00:00,91.08000183105469,91.11000061035156,91.05999755859375,91.0999984741211,20414
2026-09-24 16:10:00+00:00,91.12999725341797,91.16000366210938,91.11000061035156,91.11000061035156,16713
2026-09-24 16:11:00+00:00,91.11000061035156,91.125,91.08000183105469,91.1050033569336,23433
2026-09-24 16:12:00+00:00,91.0999984741211,91.13500213623047,91.08999633789062,91.12670135498047,16079
2026-09-24 16:13:00+00:00,91.12999725341797,91.12999725341797,91.08499908447266,91.11000061035156,14943
2026-09-24 16:14:00+00:00,91.12000274658203,91.43000030517578,91.11000061035156,91.41999816894531,56646
2026-09-24 16:15:00+00:00,91.41000366210938,91.95989990234375,91.33499908447266,91.83000183105469,272869
2026-09-24 16:16:00+00:00,91.83999633789062,92.58000183105469,91.7699966430664,92.26000213623047,226836
2026-09-24 16:17:00+00:00,92.25499725341797,92.54499816894531,92.1500015258789,92.29000091552734,207603
2026-09-24 16:18:00+00:00,92.30999755859375,92.63999938964844,92.08000183105469,92.11000061035156,177897
2026-09-24 16:19:00+00:00,92.11000061035156,92.29000091552734,91.87000274658203,91.98500061035156,89057
2026-09-24 16:20:00+00:00,91.9800033569336,92.4000015258789,91.9800033569336,92.11000061035156,47359
2026-09-24 16:21:00+00:00,92.08000183105469,92.15059661865234,91.95999908447266,92.02999877929688,29560
2026-09-24 16:22:00+00:00,92.0199966430664,92.19999694824219,92.0199966430664,92.16999816894531,26675
2026-09-24 16:23:00+00:00,92.19999694824219,92.24500274658203,91.98999786376953,91.98999786376953,38395
2026-09-24 16:24:00+00:00,91.9800033569336,92.31500244140625,91.94000244140625,92.25,49231
2026-09-24 16:25:00+00:00,92.25990295410156,92.30000305175781,92.05999755859375,92.11000061035156,37826
2026-09-24 16:26:00+00:00,92.11000061035156,92.26000213623047,92.0999984741211,92.16000366210938,20844
2026-09-24 16:27:00+00:00,92.12999725341797,92.2300033569336,92.04499816894531,92.16000366210938,24578
2026-09-24 16:28:00+00:00,92.18000030517578,92.26000213623047,92.16999816894531,92.25,20842
2026-09-24 16:29:00+00:00,92.25,92.31999969482422,92.18000030517578,92.28900146484375,32461
2026-09-24 16:30:00+00:00,92.29000091552734,92.33000183105469,92.26000213623047,92.29000091552734,33804
2026-09-24 16:31:00+00:00,92.27999877929688,92.29209899902344,92.06999969482422,92.08000183105469,48530
2026-09-24 16:32:00+00:00,92.08767700195312,92.12999725341797,92.01000213623047,92.08999633789062,43402
2026-09-24 16:33:00+00:00,92.08999633789062,92.30000305175781,92.08000183105469,92.23999786376953,39106
2026-09-24 16:34:00+00:00,92.23999786376953,92.29000091552734,92.18000030517578,92.26000213623047,44662
2026-09-24 16:35:00+00:00,92.2300033569336,92.33000183105469,92.20999908447266,92.29000091552734,19996
2026-09-24 16:36:00+00:00,92.29000091552734,92.37000274658203,92.29000091552734,92.36000061035156,15916
2026-09-24 16:37:00+00:00,92.37999725341797,92.38500213623047,92.29000091552734,92.30000305175781,16447
2026-09-24 16:38:00+00:00,92.29000091552734,92.30999755859375,92.20999908447266,92.26000213623047,25062
2026-09-24 16:39:00+00:00,92.27999877929688,92.30999755859375,92.20999908447266,92.30999755859375,18290
2026-09-24 16:40:00+00:00,92.30000305175781,92.37999725341797,92.27999877929688,92.37999725341797,17049
2026-09-24 16:41:00+00:00,92.37999725341797,92.45999908447266,92.37000274658203,92.45500183105469,75008
2026-09-24 16:42:00+00:00,92.43499755859375,92.58989715576172,92.43499755859375,92.55999755859375,40018
2026-09-24 16:43:00+00:00,92.55329895019531,92.58000183105469,92.38999938964844,92.38999938964844,22910
2026-09-24 16:44:00+00:00,92.38999938964844,92.40499877929688,92.18000030517578,92.18000030517578,35195
2026-09-24 16:45:00+00:00,92.18000030517578,92.19000244140625,92.06999969482422,92.16000366210938,453167
2026-09-24 16:46:00+00:00,92.16000366210938,92.30000305175781,92.13999938964844,92.27999877929688,57486
2026-09-24 16:47:00+00:00,92.27999877929688,92.30000305175781,92.20999908447266,92.22000122070312,26753
2026-09-24 16:48:00+00:00,92.2300033569336,92.29000091552734,92.2249984741211,92.28500366210938,25446
2026-09-24 16:49:00+00:00,92.2699966430664,92.29000091552734,92.2300033569336,92.25499725341797,21460
2026-09-24 16:50:00+00:00,92.2699966430664,92.2699966430664,92.18000030517578,92.2300033569336,34186
2026-09-24 16:51:00+00:00,92.19999694824219,92.44999694824219,92.19999694824219,92.39969635009766,33775
2026-09-24 16:52:00+00:00,92.41999816894531,92.41999816894531,92.19000244140625,92.19999694824219,14539
2026-09-24 16:53:00+00:00,92.22000122070312,92.26000213623047,92.18000030517578,92.18499755859375,9423
2026-09-24 16:54:00+00:00,92.19999694824219,92.27999877929688,92.19999694824219,92.26000213623047,9121
2026-09-24 16:55:00+00:00,92.26000213623047,92.27999877929688,92.2300033569336,92.27999877929688,9192
2026-09-24 16:56:00+00:00,92.26000213623047,92.30999755859375,92.23999786376953,92.27999877929688,8968
2026-09-24 16:57:00+00:00,92.2699966430664,92.30999755859375,92.25,92.25,5494
2026-09-24 16:58:00+00:00,92.25,92.29000091552734,92.23500061035156,92.25,8648
2026-09-24 16:59:00+00:00,92.23999786376953,92.23999786376953,92.0999984741211,92.0999984741211,45692
2026-09-24 17:00:00+00:00,92.08999633789062,92.08999633789062,91.88999938964844,91.95999908447266,79782
2026-09-24 17:01:00+00:00,91.94000244140625,92.0999984741211,91.91999816894531,92.02999877929688,20210
2026-09-24 17:02:00+00:00,92.0199966430664,92.05000305175781,91.83999633789062,92.04000091552734,120351
2026-09-24 17:03:00+00:00,92.05999755859375,92.23999786376953,92.05999755859375,92.13999938964844,32478
2026-09-24 17:04:00+00:00,92.12999725341797,92.1500015258789,91.9000015258789,92.01000213623047,36201
2026-09-24 17:05:00+00:00,92.05500030517578,92.0999984741211,91.98999786376953,92.01000213623047,34402
2026-09-24 17:06:00+00:00,92.04000091552734,92.1449966430664,92.0250015258789,92.05000305175781,12513
2026-09-24 17:07:00+00:00,92.05000305175781,92.16000366210938,92.05000305175781,92.05000305175781,13656
2026-09-24 17:08:00+00:00,92.02999877929688,92.12000274658203,92.0199966430664,92.06999969482422,12195
2026-09-24 17:09:00+00:00,92.06500244140625,92.08999633789062,92.04000091552734,92.08000183105469,5961
2026-09-24 17:10:00+00:00,92.05999755859375,92.05999755859375,91.8550033569336,91.91000366210938,139185
2026-09-24 17:11:00+00:00,91.91000366210938,91.91999816894531,91.81999969482422,91.9000015258789,96446
2026-09-24 17:12:00+00:00,91.9000015258789,91.93000030517578,91.86000061035156,91.91000366210938,12387
2026-09-24 17:13:00+00:00,91.9000015258789,92.0199966430664,91.88999938964844,92.0199966430664,19980
2026-09-24 17:14:00+00:00,92.05999755859375,92.05999755859375,92.01000213623047,92.01000213623047,9014
2026-09-24 17:15:00+00:00,92.0,92.0,91.86000061035156,91.87999725341797,27120
2026-09-24 17:16:00+00:00,91.89990234375,91.95999908447266,91.88999938964844,91.91000366210938,10185
2026-09-24 17:17:00+00:00,91.93000030517578,91.94000244140625,91.87999725341797,91.88999938964844,12132
2026-09-24 17:18:00+00:00,91.87999725341797,91.95999908447266,91.87000274658203,91.94999694824219,8155
2026-09-24 17:19:00+00:00,91.94999694824219,91.96499633789062,91.80999755859375,91.81999969482422,35658
2026-09-24 17:20:00+00:00,91.81999969482422,91.87999725341797,91.80999755859375,91.83999633789062,16182
2026-09-24 17:21:00+00:00,91.83999633789062,91.91000366210938,91.83999633789062,91.86000061035156,12963
2026-09-24 17:22:00+00:00,91.87000274658203,91.91999816894531,91.83999633789062,91.88999938964844,16011
2026-09-24 17:23:00+00:00,91.875,91.88999938964844,91.80999755859375,91.80999755859375,16430
2026-09-24 17:24:00+00:00,91.80000305175781,91.87000274658203,91.73999786376953,91.74500274658203,26793
2026-09-24 17:25:00+00:00,91.75,91.7699966430664,91.67500305175781,91.68000030517578,44432
2026-09-24 17:26:00+00:00,91.67500305175781,91.68000030517578,91.58999633789062,91.66500091552734,46055
2026-09-24 17:27:00+00:00,91.66000366210938,91.72000122070312,91.62999725341797,91.66999816894531,23712
2026-09-24 17:28:00+00:00,91.66999816894531,91.76000213623047,91.66999816894531,91.73999786376953,19606
2026-09-24 17:29:00+00:00,91.7300033569336,91.80999755859375,91.72000122070312,91.76000213623047,50703
2026-09-24 17:30:00+00:00,91.75,91.82499694824219,91.73999786376953,91.80999755859375,19342
2026-09-24 17:31:00+00:00,91.80999755859375,91.86499786376953,91.7750015258789,91.8550033569336,44249
2026-09-24 17:32:00+00:00,91.8499984741211,91.8499984741211,91.80500030517578,91.83999633789062,19683
2026-09-24 17:33:00+00:00,91.81999969482422,91.86000061035156,91.7699966430664,91.8499984741211,11123
2026-09-24 17:34:00+00:00,91.83999633789062,91.83999633789062,91.68000030517578,91.69000244140625,20228
2026-09-24 17:35:00+00:00,91.68499755859375,91.72000122070312,91.65499877929688,91.65499877929688,12182
2026-09-24 17:36:00+00:00,91.6500015258789,91.69000244140625,91.6449966430664,91.67009735107422,14681
2026-09-24 17:37:00+00:00,91.67500305175781,91.68000030517578,91.62000274658203,91.62000274658203,19926
2026-09-24 17:38:00+00:00,91.62000274658203,91.67500305175781,91.61000061035156,91.66000366210938,8148
2026-09-24 17:39:00+00:00,91.66999816894531,91.73999786376953,91.66000366210938,91.70999908447266,10869
2026-09-24 17:40:00+00:00,91.70999908447266,91.73500061035156,91.69000244140625,91.72000122070312,9685
2026-09-24 17:41:00+00:00,91.73999786376953,91.73999786376953,91.63999938964844,91.66000366210938,19623
2026-09-24 17:42:00+00:00,91.65499877929688,91.68000030517578,91.63999938964844,91.6500015258789,8478
2026-09-24 17:43:00+00:00,91.6500015258789,91.6500015258789,91.54000091552734,91.58000183105469,25498
2026-09-24 17:44:00+00:00,91.57499694824219,91.58999633789062,91.54499816894531,91.55500030517578,12261
2026-09-24 17:45:00+00:00,91.55000305175781,91.56999969482422,91.5199966430664,91.56999969482422,17349
2026-09-24 17:46:00+00:00,91.55999755859375,91.62999725341797,91.5199966430664,91.5250015258789,47110
2026-09-24 17:47:00+00:00,91.5199966430664,91.61499786376953,91.51000213623047,91.61000061035156,22589
2026-09-24 17:48:00+00:00,91.62000274658203,91.625,91.53009796142578,91.53009796142578,15711
2026-09-24 17:49:00+00:00,91.54000091552734,91.58000183105469,91.54000091552734,91.55999755859375,11779
2026-09-24 17:50:00+00:00,91.55000305175781,91.55500030517578,91.52999877929688,91.54499816894531,4795
2026-09-24 17:51:00+00:00,91.55999755859375,91.55999755859375,91.52999877929688,91.55000305175781,12653
2026-09-24 17:52:00+00:00,91.54499816894531,91.56999969482422,91.5199966430664,91.52999877929688,9081
2026-09-24 17:53:00+00:00,91.5250015258789,91.56999969482422,91.5250015258789,91.56999969482422,14947
2026-09-24 17:54:00+00:00,91.56999969482422,91.58999633789062,91.55999755859375,91.58000183105469,9301
2026-09-24 17:55:00+00:00,91.5999984741211,91.63999938964844,91.55000305175781,91.55999755859375,26621
2026-09-24 17:56:00+00:00,91.58499908447266,91.63999938964844,91.56999969482422,91.625,12164
2026-09-24 17:57:00+00:00,91.625,91.6500015258789,91.58499908447266,91.6500015258789,12355
2026-09-24 17:58:00+00:00,91.6500015258789,91.65499877929688,91.5999984741211,91.6050033569336,13120
2026-09-24 17:59:00+00:00,91.61250305175781,91.66999816894531,91.61000061035156,91.6449966430664,7597
2026-09-24 18:00:00+00:00,91.6500015258789,91.68000030517578,91.54000091552734,91.55999755859375,29081
2026-09-24 18:01:00+00:00,91.56999969482422,91.58000183105469,91.43000030517578,91.4800033569336,34136
2026-09-24 18:02:00+00:00,91.48999786376953,91.48999786376953,91.33999633789062,91.37000274658203,35056
2026-09-24 18:03:00+00:00,91.37999725341797,91.4000015258789,91.27999877929688,91.29499816894531,21321
2026-09-24 18:04:00+00:00,91.29499816894531,91.37999725341797,91.2750015258789,91.3550033569336,9817
2026-09-24 18:05:00+00:00,91.36000061035156,91.41999816894531,91.33000183105469,91.37999725341797,43520
2026-09-24 18:06:00+00:00,91.37999725341797,91.55000305175781,91.37999725341797,91.51000213623047,19558
2026-09-24 18:07:00+00:00,91.5199966430664,91.56999969482422,91.47000122070312,91.56999969482422,12257
2026-09-24 18:08:00+00:00,91.58000183105469,91.62999725341797,91.55999755859375,91.58000183105469,10474
2026-09-24 18:09:00+00:00,91.58499908447266,91.62999725341797,91.56500244140625,91.61000061035156,15597
2026-09-24 18:10:00+00:00,91.61499786376953,91.66000366210938,91.61499786376953,91.65499877929688,9864
2026-09-24 18:11:00+00:00,91.6500015258789,91.72000122070312,91.63999938964844,91.69000244140625,26750
2026-09-24 18:12:00+00:00,91.69999694824219,91.76000213623047,91.68000030517578,91.69000244140625,17440
2026-09-24 18:13:00+00:00,91.69999694824219,91.73999786376953,91.68000030517578,91.73999786376953,10973
2026-09-24 18:14:00+00:00,91.73999786376953,91.81999969482422,91.73999786376953,91.81999969482422,27142
2026-09-24 18:15:00+00:00,91.80999755859375,91.83000183105469,91.76000213623047,91.83000183105469,20886
2026-09-24 18:16:00+00:00,91.81009674072266,91.86000061035156,91.77999877929688,91.77999877929688,21093
2026-09-24 18:17:00+00:00,91.77999877929688,91.80000305175781,91.75,91.7699966430664,10896
2026-09-24 18:18:00+00:00,91.77999877929688,91.83499908447266,91.73999786376953,91.73999786376953,6989
2026-09-24 18:19:00+00:00,91.72000122070312,91.76000213623047,91.69000244140625,91.76000213623047,19170
2026-09-24 18:20:00+00:00,91.76499938964844,91.7699966430664,91.68000030517578,91.68000030517578,15592
2026-09-24 18:21:00+00:00,91.69000244140625,91.76010131835938,91.69000244140625,91.76010131835938,7893
2026-09-24 18:22:00+00:00,91.76000213623047,91.79000091552734,91.76000213623047,91.77999877929688,5854
2026-09-24 18:23:00+00:00,91.79000091552734,91.86000061035156,91.77999877929688,91.86000061035156,11863
2026-09-24 18:24:00+00:00,91.8499984741211,91.86000061035156,91.83999633789062,91.86000061035156,5390
2026-09-24 18:25:00+00:00,91.8499984741211,92.18000030517578,91.8499984741211,92.08000183105469,135481
2026-09-24 18:26:00+00:00,92.08000183105469,92.1500015258789,92.06009674072266,92.08000183105469,15281
2026-09-24 18:27:00+00:00,92.06999969482422,92.12000274658203,92.05999755859375,92.05999755859375,10108
2026-09-24 18:28:00+00:00,92.05000305175781,92.11000061035156,92.04000091552734,92.08000183105469,14552
2026-09-24 18:29:00+00:00,92.08000183105469,92.0999984741211,92.0199966430664,92.0199966430664,21129
2026-09-24 18:30:00+00:00,92.01000213623047,92.0999984741211,91.99009704589844,92.08000183105469,112234
2026-09-24 18:31:00+00:00,92.08000183105469,92.08000183105469,91.93499755859375,91.94999694824219,16514
2026-09-24 18:32:00+00:00,91.94000244140625,91.94999694824219,91.91000366210938,91.94000244140625,15742
2026-09-24 18:33:00+00:00,91.94000244140625,91.98999786376953,91.94000244140625,91.94999694824219,13216
2026-09-24 18:34:00+00:00,91.94999694824219,91.94999694824219,91.90499877929688,91.90499877929688,7998
2026-09-24 18:35:00+00:00,91.90499877929688,91.91000366210938,91.80999755859375,91.81500244140625,25870
2026-09-24 18:36:00+00:00,91.80999755859375,91.8499984741211,91.80999755859375,91.81500244140625,27593
2026-09-24 18:37:00+00:00,91.80999755859375,91.88999938964844,91.80500030517578,91.87000274658203,22447
2026-09-24 18:38:00+00:00,91.87999725341797,92.25,91.86000061035156,92.24500274658203,194306
2026-09-24 18:39:00+00:00,92.25,92.41000366210938,92.08999633789062,92.13999938964844,77990
2026-09-24 18:40:00+00:00,92.125,92.12999725341797,91.94010162353516,91.94010162353516,39952
2026-09-24 18:41:00+00:00,91.94000244140625,92.0,91.91000366210938,91.98999786376953,17835
2026-09-24 18:42:00+00:00,91.9800033569336,92.00499725341797,91.86000061035156,91.91000366210938,22788
2026-09-24 18:43:00+00:00,91.91000366210938,91.91999816894531,91.80500030517578,91.81999969482422,69898
2026-09-24 18:44:00+00:00,91.83999633789062,91.86000061035156,91.79000091552734,91.79000091552734,65905
2026-09-24 18:45:00+00:00,91.81500244140625,91.83999633789062,91.76000213623047,91.76000213623047,19761
2026-09-24 18:46:00+00:00,91.76499938964844,91.83999633789062,91.75,91.77999877929688,11668
2026-09-24 18:47:00+00:00,91.7699966430664,91.81999969482422,91.7699966430664,91.81999969482422,11429
2026-09-24 18:48:00+00:00,91.81999969482422,91.83999633789062,91.80500030517578,91.82499694824219,7774
2026-09-24 18:49:00+00:00,91.83000183105469,91.85250091552734,91.80999755859375,91.84500122070312,23633
2026-09-24 18:50:00+00:00,91.84500122070312,92.05000305175781,91.81500244140625,92.02999877929688,52850
2026-09-24 18:51:00+00:00,92.0199966430664,92.0250015258789,91.88500213623047,91.94000244140625,16832
2026-09-24 18:52:00+00:00,91.94999694824219,91.9800033569336,91.94000244140625,91.94999694824219,8466
2026-09-24 18:53:00+00:00,91.95999908447266,91.97000122070312,91.9000015258789,91.91000366210938,9494
2026-09-24 18:54:00+00:00,91.91500091552734,91.94000244140625,91.91000366210938,91.91000366210938,7739
2026-09-24 18:55:00+00:00,91.91999816894531,91.96009826660156,91.91000366210938,91.92500305175781,6103
2026-09-24 18:56:00+00:00,91.91999816894531,91.9800033569336,91.91999816894531,91.96499633789062,9122
2026-09-24 18:57:00+00:00,91.97000122070312,91.98999786376953,91.92500305175781,91.96499633789062,44035
2026-09-24 18:58:00+00:00,91.96499633789062,92.01000213623047,91.88999938964844,91.88999938964844,13492
2026-09-24 18:59:00+00:00,91.88999938964844,91.91000366210938,91.83000183105469,91.87999725341797,31114
2026-09-24 19:00:00+00:00,91.87000274658203,91.91000366210938,91.7750015258789,91.80500030517578,41384
2026-09-24 19:01:00+00:00,91.79000091552734,91.80999755859375,91.61000061035156,91.66000366210938,77687
2026-09-24 19:02:00+00:00,91.66000366210938,91.69999694824219,91.62999725341797,91.6500015258789,13868
2026-09-24 19:03:00+00:00,91.66000366210938,91.70500183105469,91.58999633789062,91.5990982055664,15043
2026-09-24 19:04:00+00:00,91.59500122070312,91.6500015258789,91.56999969482422,91.63999938964844,32205
2026-09-24 19:05:00+00:00,91.63999938964844,91.66000366210938,91.62000274658203,91.62999725341797,10097
2026-09-24 19:06:00+00:00,91.63500213623047,91.7300033569336,91.62999725341797,91.70999908447266,13500
2026-09-24 19:07:00+00:00,91.69000244140625,91.75,91.69000244140625,91.74500274658203,17528
2026-09-24 19:08:00+00:00,91.74009704589844,91.74500274658203,91.66999816894531,91.68000030517578,25089
2026-09-24 19:09:00+00:00,91.66000366210938,91.69000244140625,91.62999725341797,91.69000244140625,16291
2026-09-24 19:10:00+00:00,91.69000244140625,91.69499969482422,91.61499786376953,91.62999725341797,17740
2026-09-24 19:11:00+00:00,91.62999725341797,91.62999725341797,91.58499908447266,91.5999984741211,25282
2026-09-24 19:12:00+00:00,91.61000061035156,91.625,91.56999969482422,91.58000183105469,16375
2026-09-24 19:13:00+00:00,91.58999633789062,91.6050033569336,91.55999755859375,91.58000183105469,24771
2026-09-24 19:14:00+00:00,91.58000183105469,91.58499908447266,91.54000091552734,91.56999969482422,22499
2026-09-24 19:15:00+00:00,91.56500244140625,91.61499786376953,91.55500030517578,91.61499786376953,22983
2026-09-24 19:16:00+00:00,91.61000061035156,91.65499877929688,91.58999633789062,91.65499877929688,21185
2026-09-24 19:17:00+00:00,91.66000366210938,91.69999694824219,91.61000061035156,91.69000244140625,92503
2026-09-24 19:18:00+00:00,91.69000244140625,91.70500183105469,91.66000366210938,91.69000244140625,21849
2026-09-24 19:19:00+00:00,91.69000244140625,91.69499969482422,91.6449966430664,91.68000030517578,26637
2026-09-24 19:20:00+00:00,91.69000244140625,91.71499633789062,91.61000061035156,91.61000061035156,21011
2026-09-24 19:21:00+00:00,91.61499786376953,91.68499755859375,91.6050033569336,91.68000030517578,14459
2026-09-24 19:22:00+00:00,91.68000030517578,91.7300033569336,91.66000366210938,91.7249984741211,12776
2026-09-24 19:23:00+00:00,91.72000122070312,91.7300033569336,91.69000244140625,91.7300033569336,14197
2026-09-24 19:24:00+00:00,91.73500061035156,91.81999969482422,91.73500061035156,91.80999755859375,21257
2026-09-24 19:25:00+00:00,91.81500244140625,91.8550033569336,91.80999755859375,91.83999633789062,17594
2026-09-24 19:26:00+00:00,91.84500122070312,91.88999938964844,91.81999969482422,91.88999938964844,37104
2026-09-24 19:27:00+00:00,91.88999938964844,91.94000244140625,91.87999725341797,91.91000366210938,26233
2026-09-24 19:28:00+00:00,91.91500091552734,91.93499755859375,91.88999938964844,91.91999816894531,22746
2026-09-24 19:29:00+00:00,91.91500091552734,91.96499633789062,91.87999725341797,91.94000244140625,20896
2026-09-24 19:30:00+00:00,91.94999694824219,91.97000122070312,91.91500091552734,91.95999908447266,42682
2026-09-24 19:31:00+00:00,91.95999908447266,91.97000122070312,91.87999725341797,91.93000030517578,45782
2026-09-24 19:32:00+00:00,91.93000030517578,91.94999694824219,91.9000015258789,91.94499969482422,18500
2026-09-24 19:33:00+00:00,91.94999694824219,91.95999908447266,91.91500091552734,91.94999694824219,18571
2026-09-24 19:34:00+00:00,91.95500183105469,91.98999786376953,91.91999816894531,91.9800033569336,29358
2026-09-24 19:35:00+00:00,91.9749984741211,91.9749984741211,91.9000015258789,91.94000244140625,47944
2026-09-24 19:36:00+00:00,91.94000244140625,92.03500366210938,91.94000244140625,92.01499938964844,44652
2026-09-24 19:37:00+00:00,92.0199966430664,92.04000091552734,91.98999786376953,92.0199966430664,25437
2026-09-24 19:38:00+00:00,92.02999877929688,92.04000091552734,91.98999786376953,92.0199966430664,34616
2026-09-24 19:39:00+00:00,92.02999877929688,92.16999816894531,92.02999877929688,92.16999816894531,56403
2026-09-24 19:40:00+00:00,92.16000366210938,92.16999816894531,92.03500366210938,92.05999755859375,40333
2026-09-24 19:41:00+00:00,92.06500244140625,92.13500213623047,92.05999755859375,92.12000274658203,28797
2026-09-24 19:42:00+00:00,92.12999725341797,92.13500213623047,92.11000061035156,92.12000274658203,13291
2026-09-24 19:43:00+00:00,92.125,92.1449966430664,92.08499908447266,92.1449966430664,36562
2026-09-24 19:44:00+00:00,92.1500015258789,92.16999816894531,92.1050033569336,92.11000061035156,152784
2026-09-24 19:45:00+00:00,92.0999984741211,92.12000274658203,92.05000305175781,92.05000305175781,53357
2026-09-24 19:46:00+00:00,92.05000305175781,92.08000183105469,92.02999877929688,92.07009887695312,37696
2026-09-24 19:47:00+00:00,92.06999969482422,92.13999938964844,92.05999755859375,92.12999725341797,47193
2026-09-24 19:48:00+00:00,92.13999938964844,92.13999938964844,92.05999755859375,92.08000183105469,41672
2026-09-24 19:49:00+00:00,92.08000183105469,92.12000274658203,92.04000091552734,92.05000305175781,62133
2026-09-24 19:50:00+00:00,92.05000305175781,92.16000366210938,92.02999877929688,92.12999725341797,95921
2026-09-24 19:51:00+00:00,92.125,92.23999786376953,92.12000274658203,92.22000122070312,59992
2026-09-24 19:52:00+00:00,92.21499633789062,92.2300033569336,92.1498031616211,92.18000030517578,61549
2026-09-24 19:53:00+00:00,92.16999816894531,92.19999694824219,92.125,92.19999694824219,32978
2026-09-24 19:54:00+00:00,92.19499969482422,92.24500274658203,92.17500305175781,92.2300033569336,45557
2026-09-24 19:55:00+00:00,92.2300033569336,92.25,92.19000244140625,92.22550201416016,57831
2026-09-24 19:56:00+00:00,92.2300033569336,92.2300033569336,92.16999816894531,92.19999694824219,67865
2026-09-24 19:57:00+00:00,92.19999694824219,92.19999694824219,92.12999725341797,92.13500213623047,61255
2026-09-24 19:58:00+00:00,92.13269805908203,92.18499755859375,92.08000183105469,92.18499755859375,206081
2026-09-24 19:59:00+00:00,92.18499755859375,92.37999725341797,92.18000030517578,92.36000061035156,487834
2026-09-25 13:30:00+00:00,92.44200134277344,92.45320129394531,92.08999633789062,92.27999877929688,847767
2026-09-25 13:31:00+00:00,92.30999755859375,92.30999755859375,92.0,92.1050033569336,102818
2026-09-25 13:32:00+00:00,92.09500122070312,92.41000366210938,92.05999755859375,92.29000091552734,68503
2026-09-25 13:33:00+00:00,92.26499938964844,92.44000244140625,92.13999938964844,92.40499877929688,87471
2026-09-25 13:34:00+00:00,92.40499877929688,92.48999786376953,92.33000183105469,92.44999694824219,50017
2026-09-25 13:35:00+00:00,92.46270751953125,92.46270751953125,92.26000213623047,92.43499755859375,45782
2026-09-25 13:36:00+00:00,92.41999816894531,92.62999725341797,92.31999969482422,92.55999755859375,34127
2026-09-25 13:37:00+00:00,92.55999755859375,92.5999984741211,92.44999694824219,92.52999877929688,23158
2026-09-25 13:38:00+00:00,92.5199966430664,92.58000183105469,92.38999938964844,92.44499969482422,39774
2026-09-25 13:39:00+00:00,92.44999694824219,92.48999786376953,92.29000091552734,92.45999908447266,37238
2026-09-25 13:40:00+00:00,92.4749984741211,92.55010223388672,92.33000183105469,92.37999725341797,48982
2026-09-25 13:41:00+00:00,92.37000274658203,92.5199966430664,92.33000183105469,92.36000061035156,62248
2026-09-25 13:42:00+00:00,92.36000061035156,92.45999908447266,92.2300033569336,92.29000091552734,33385
2026-09-25 13:43:00+00:00,92.30000305175781,92.30000305175781,92.06999969482422,92.11000061035156,59192
2026-09-25 13:44:00+00:00,92.12000274658203,92.19999694824219,92.11000061035156,92.1500015258789,23658
2026-09-25 13:45:00+00:00,92.1500015258789,92.23999786376953,92.08499908447266,92.22000122070312,68247
2026-09-25 13:46:00+00:00,92.2300033569336,92.23999786376953,92.05999755859375,92.16000366210938,47223
2026-09-25 13:47:00+00:00,92.16000366210938,92.16000366210938,92.05000305175781,92.12999725341797,34832
2026-09-25 13:48:00+00:00,92.11009979248047,92.15989685058594,92.06999969482422,92.1500015258789,34786
2026-09-25 13:49:00+00:00,92.16999816894531,92.19999694824219,92.11000061035156,92.16999816894531,25305
2026-09-25 13:50:00+00:00,92.1500015258789,92.31999969482422,92.1500015258789,92.26000213623047,17046
2026-09-25 13:51:00+00:00,92.26000213623047,92.44000244140625,92.2300033569336,92.37010192871094,20731
2026-09-25 13:52:00+00:00,92.36000061035156,92.375,92.29499816894531,92.37000274658203,15318
2026-09-25 13:53:00+00:00,92.3499984741211,92.36000061035156,92.25499725341797,92.25499725341797,24748
2026-09-25 13:54:00+00:00,92.26000213623047,92.2699966430664,92.19499969482422,92.2300033569336,24824
2026-09-25 13:55:00+00:00,92.19999694824219,92.23999786376953,92.1449966430664,92.19000244140625,23830
2026-09-25 13:56:00+00:00,92.18000030517578,92.25,92.15499877929688,92.22000122070312,25131
2026-09-25 13:57:00+00:00,92.2300033569336,92.23999786376953,92.1500015258789,92.19999694824219,10948
2026-09-25 13:58:00+00:00,92.2300033569336,92.29000091552734,92.20999908447266,92.2300033569336,26349
2026-09-25 13:59:00+00:00,92.2300033569336,92.25,92.08999633789062,92.1500015258789,29821
2026-09-25 14:00:00+00:00,92.12999725341797,92.2300033569336,92.06999969482422,92.08999633789062,21766
2026-09-25 14:01:00+00:00,92.08000183105469,92.08000183105469,91.84190368652344,91.94000244140625,83973
2026-09-25 14:02:00+00:00,91.97000122070312,91.98999786376953,91.87999725341797,91.93000030517578,32165
2026-09-25 14:03:00+00:00,91.95130157470703,91.95130157470703,91.8499984741211,91.90499877929688,16346
2026-09-25 14:04:00+00:00,91.91999816894531,91.96009826660156,91.62999725341797,91.62999725341797,65988
2026-09-25 14:05:00+00:00,91.62000274658203,91.62000274658203,91.4000015258789,91.4000015258789,75354
2026-09-25 14:06:00+00:00,91.3843994140625,91.63999938964844,91.33999633789062,91.5999984741211,52694
2026-09-25 14:07:00+00:00,91.5999984741211,91.88999938964844,91.58999633789062,91.81990051269531,28578
2026-09-25 14:08:00+00:00,91.80000305175781,91.95999908447266,91.75,91.94999694824219,22579
2026-09-25 14:09:00+00:00,91.93000030517578,91.947998046875,91.81999969482422,91.9000015258789,32572
2026-09-25 14:10:00+00:00,91.91000366210938,91.94000244140625,91.83999633789062,91.9000015258789,21479
2026-09-25 14:11:00+00:00,91.87999725341797,91.91000366210938,91.80999755859375,91.8949966430664,47201
2026-09-25 14:12:00+00:00,91.91999816894531,91.9352035522461,91.8499984741211,91.9352035522461,46836
2026-09-25 14:13:00+00:00,91.93000030517578,91.98999786376953,91.80000305175781,91.80000305175781,124215
2026-09-25 14:14:00+00:00,91.79000091552734,91.9000015258789,91.7750015258789,91.9000015258789,40033
2026-09-25 14:15:00+00:00,91.91999816894531,91.94999694824219,91.83000183105469,91.84500122070312,46531
2026-09-25 14:16:00+00:00,91.83999633789062,91.87999725341797,91.75,91.76000213623047,23481
2026-09-25 14:17:00+00:00,91.77999877929688,91.88999938964844,91.77999877929688,91.86000061035156,13248
2026-09-25 14:18:00+00:00,91.8499984741211,91.98999786376953,91.8499984741211,91.93000030517578,73595
2026-09-25 14:19:00+00:00,91.91999816894531,92.05000305175781,91.91000366210938,91.97000122070312,52357
2026-09-25 14:20:00+00:00,91.95999908447266,92.0,91.87000274658203,92.0,112370
2026-09-25 14:21:00+00:00,92.0199966430664,92.05999755859375,91.91999816894531,91.92990112304688,11303
2026-09-25 14:22:00+00:00,91.97000122070312,92.11000061035156,91.97000122070312,92.06999969482422,12345
2026-09-25 14:23:00+00:00,92.05999755859375,92.12999725341797,91.9800033569336,92.11000061035156,14431
2026-09-25 14:24:00+00:00,92.12000274658203,92.1500015258789,92.04000091552734,92.08999633789062,19331
2026-09-25 14:25:00+00:00,92.0979995727539,92.16000366210938,92.08000183105469,92.13999938964844,15340
2026-09-25 14:26:00+00:00,92.12000274658203,92.1500015258789,92.06500244140625,92.11000061035156,11353
2026-09-25 14:27:00+00:00,92.16000366210938,92.16000366210938,92.05000305175781,92.06999969482422,8111
2026-09-25 14:28:00+00:00,92.06999969482422,92.12000274658203,92.05500030517578,92.08899688720703,12226
2026-09-25 14:29:00+00:00,92.11000061035156,92.19000244140625,92.04000091552734,92.05999755859375,15082
2026-09-25 14:30:00+00:00,92.05999755859375,92.05999755859375,91.94000244140625,92.02999877929688,21852
2026-09-25 14:31:00+00:00,92.01000213623047,92.0199966430664,91.94999694824219,91.95999908447266,11206
2026-09-25 14:32:00+00:00,91.9800033569336,91.99800109863281,91.88200378417969,91.98999786376953,13360
2026-09-25 14:33:00+00:00,92.02999877929688,92.08999633789062,92.0199966430664,92.04000091552734,10072
2026-09-25 14:34:00+00:00,92.02999877929688,92.08499908447266,92.0199966430664,92.04000091552734,8886
2026-09-25 14:35:00+00:00,92.02999877929688,92.02999877929688,91.91000366210938,91.94999694824219,7452
2026-09-25 14:36:00+00:00,91.95500183105469,92.04000091552734,91.93000030517578,91.98999786376953,9598
2026-09-25 14:37:00+00:00,92.0,92.02999877929688,91.97000122070312,92.01499938964844,17096
2026-09-25 14:38:00+00:00,92.0199966430664,92.12999725341797,91.9800033569336,92.08999633789062,11802
2026-09-25 14:39:00+00:00,92.0999984741211,92.12000274658203,92.04000091552734,92.06999969482422,18056
2026-09-25 14:40:00+00:00,92.06999969482422,92.08000183105469,91.99500274658203,92.0,18578
2026-09-25 14:41:00+00:00,91.9800033569336,92.05000305175781,91.93229675292969,91.95999908447266,7600
2026-09-25 14:42:00+00:00,91.94000244140625,92.12000274658203,91.91999816894531,92.12000274658203,24952
2026-09-25 14:43:00+00:00,92.13999938964844,92.17990112304688,92.06999969482422,92.08499908447266,12514
2026-09-25 14:44:00+00:00,92.11000061035156,92.31999969482422,92.08000183105469,92.31999969482422,9333
2026-09-25 14:45:00+00:00,92.31999969482422,92.31999969482422,92.19999694824219,92.19999694824219,19808
2026-09-25 14:46:00+00:00,92.19999694824219,92.5199966430664,92.1500015258789,92.3594970703125,100483
2026-09-25 14:47:00+00:00,92.3499984741211,92.3499984741211,92.25,92.27999877929688,21820
2026-09-25 14:48:00+00:00,92.31999969482422,92.375,92.26000213623047,92.26499938964844,20004
2026-09-25 14:49:00+00:00,92.30000305175781,92.43000030517578,92.30000305175781,92.37999725341797,19448
2026-09-25 14:50:00+00:00,92.37999725341797,92.37999725341797,92.27999877929688,92.30999755859375,12867
2026-09-25 14:51:00+00:00,92.33000183105469,92.36000061035156,92.19999694824219,92.20030212402344,20962
2026-09-25 14:52:00+00:00,92.19999694824219,92.27999877929688,92.18000030517578,92.25,10730
2026-09-25 14:53:00+00:00,92.23999786376953,92.38999938964844,92.23999786376953,92.33499908447266,10495
2026-09-25 14:54:00+00:00,92.3550033569336,92.47000122070312,92.3499984741211,92.43000030517578,6697
2026-09-25 14:55:00+00:00,92.43000030517578,92.48500061035156,92.41000366210938,92.45500183105469,9475
2026-09-25 14:56:00+00:00,92.44999694824219,92.62000274658203,92.44999694824219,92.5199966430664,46838
2026-09-25 14:57:00+00:00,92.52999877929688,92.5999984741211,92.48999786376953,92.5,17961
2026-09-25 14:58:00+00:00,92.4800033569336,92.4800033569336,92.33999633789062,92.41000366210938,18043
2026-09-25 14:59:00+00:00,92.41000366210938,92.5,92.37999725341797,92.4800033569336,25288
2026-09-25 15:00:00+00:00,92.45999908447266,92.52999877929688,92.37000274658203,92.51499938964844,35121
2026-09-25 15:01:00+00:00,92.51000213623047,92.66500091552734,92.51000213623047,92.56829833984375,49765
2026-09-25 15:02:00+00:00,92.56999969482422,92.7249984741211,92.56999969482422,92.62000274658203,27884
2026-09-25 15:03:00+00:00,92.62999725341797,92.6500015258789,92.54000091552734,92.59500122070312,39915
2026-09-25 15:04:00+00:00,92.58499908447266,92.68800354003906,92.55999755859375,92.66999816894531,34156
2026-09-25 15:05:00+00:00,92.66999816894531,92.7249984741211,92.58999633789062,92.60050201416016,117627
2026-09-25 15:06:00+00:00,92.61000061035156,92.70500183105469,92.5999984741211,92.61000061035156,22244
2026-09-25 15:07:00+00:00,92.5999984741211,92.5999984741211,92.4749984741211,92.50499725341797,33268
2026-09-25 15:08:00+00:00,92.50499725341797,92.51000213623047,92.3499984741211,92.36499786376953,44535
2026-09-25 15:09:00+00:00,92.36000061035156,92.37000274658203,92.30999755859375,92.30999755859375,25058
2026-09-25 15:10:00+00:00,92.30999755859375,92.31999969482422,92.16999816894531,92.22000122070312,71628
2026-09-25 15:11:00+00:00,92.20999908447266,92.33000183105469,92.19000244140625,92.33000183105469,18510
2026-09-25 15:12:00+00:00,92.33000183105469,92.38999938964844,92.30000305175781,92.38999938964844,25507
2026-09-25 15:13:00+00:00,92.38999938964844,92.48989868164062,92.38999938964844,92.48989868164062,16219
2026-09-25 15:14:00+00:00,92.49500274658203,92.56999969482422,92.49500274658203,92.55000305175781,11908
2026-09-25 15:15:00+00:00,92.52999877929688,92.56999969482422,92.4800033569336,92.52999877929688,32047
2026-09-25 15:16:00+00:00,92.55000305175781,92.58999633789062,92.54000091552734,92.58999633789062,13463
2026-09-25 15:17:00+00:00,92.56999969482422,92.56999969482422,92.51000213623047,92.53500366210938,13422
2026-09-25 15:18:00+00:00,92.52999877929688,92.54000091552734,92.47000122070312,92.4749984741211,15226
2026-09-25 15:19:00+00:00,92.46040344238281,92.47000122070312,92.30500030517578,92.33000183105469,21641
2026-09-25 15:20:00+00:00,92.30999755859375,92.36000061035156,92.25,92.36000061035156,11063
2026-09-25 15:21:00+00:00,92.37999725341797,92.63999938964844,92.30999755859375,92.4800033569336,104814
2026-09-25 15:22:00+00:00,92.4800033569336,92.5250015258789,92.44000244140625,92.44999694824219,10964
2026-09-25 15:23:00+00:00,92.45999908447266,92.51000213623047,92.44000244140625,92.45999908447266,7943
2026-09-25 15:24:00+00:00,92.47000122070312,92.48999786376953,92.44000244140625,92.44000244140625,7446
2026-09-25 15:25:00+00:00,92.41999816894531,92.44999694824219,92.37999725341797,92.3949966430664,11433
2026-09-25 15:26:00+00:00,92.37999725341797,92.52999877929688,92.37000274658203,92.51000213623047,7449
2026-09-25 15:27:00+00:00,92.52999877929688,92.58999633789062,92.5199966430664,92.52999877929688,25452
2026-09-25 15:28:00+00:00,92.52999877929688,92.52999877929688,92.47000122070312,92.4800033569336,4618
2026-09-25 15:29:00+00:00,92.5,92.5199966430664,92.47000122070312,92.47000122070312,11492
2026-09-25 15:30:00+00:00,92.4800033569336,92.83999633789062,92.4800033569336,92.56500244140625,123676
2026-09-25 15:31:00+00:00,92.56500244140625,92.63500213623047,92.5199966430664,92.61000061035156,75355
2026-09-25 15:32:00+00:00,92.61000061035156,92.63520050048828,92.55000305175781,92.56999969482422,13595
2026-09-25 15:33:00+00:00,92.56999969482422,92.62000274658203,92.52999877929688,92.56990051269531,11580
2026-09-25 15:34:00+00:00,92.61000061035156,92.61000061035156,92.45999908447266,92.4800033569336,27741
2026-09-25 15:35:00+00:00,92.4800033569336,92.5250015258789,92.47000122070312,92.51000213623047,9750
2026-09-25 15:36:00+00:00,92.5,92.5199966430664,92.47000122070312,92.51000213623047,12824
2026-09-25 15:37:00+00:00,92.5199966430664,92.54000091552734,92.45950317382812,92.48999786376953,21140
2026-09-25 15:38:00+00:00,92.48999786376953,92.5009994506836,92.38410186767578,92.3905029296875,15437
2026-09-25 15:39:00+00:00,92.38999938964844,92.38999938964844,92.33000183105469,92.33000183105469,28943
2026-09-25 15:40:00+00:00,92.31999969482422,92.33000183105469,92.29000091552734,92.33000183105469,16341
2026-09-25 15:41:00+00:00,92.31999969482422,92.33999633789062,92.2750015258789,92.30999755859375,10749
2026-09-25 15:42:00+00:00,92.30999755859375,92.30999755859375,92.22000122070312,92.22000122070312,20734
2026-09-25 15:43:00+00:00,92.20999908447266,92.22000122070312,92.16500091552734,92.1698989868164,33947
2026-09-25 15:44:00+00:00,92.16999816894531,92.18000030517578,92.13500213623047,92.1500015258789,19176
2026-09-25 15:45:00+00:00,92.1449966430664,92.1449966430664,92.11499786376953,92.1449966430664,10277
2026-09-25 15:46:00+00:00,92.12999725341797,92.12999725341797,92.04000091552734,92.11000061035156,19346
2026-09-25 15:47:00+00:00,92.11000061035156,92.11000061035156,92.05000305175781,92.05000305175781,14504
2026-09-25 15:48:00+00:00,92.05999755859375,92.16500091552734,92.05999755859375,92.13999938964844,12699
2026-09-25 15:49:00+00:00,92.13999938964844,92.18000030517578,92.11000061035156,92.11000061035156,15829
2026-09-25 15:50:00+00:00,92.11499786376953,92.19000244140625,92.11499786376953,92.16000366210938,14253
2026-09-25 15:51:00+00:00,92.16000366210938,92.16999816894531,92.05999755859375,92.05999755859375,44855
2026-09-25 15:52:00+00:00,92.06999969482422,92.1500015258789,92.05500030517578,92.13500213623047,32628
2026-09-25 15:53:00+00:00,92.12999725341797,92.13999938964844,92.09500122070312,92.12000274658203,10296
2026-09-25 15:54:00+00:00,92.12999725341797,92.5250015258789,92.11009979248047,92.41000366210938,99745
2026-09-25 15:55:00+00:00,92.41000366210938,92.5199966430664,92.37000274658203,92.37000274658203,24912
2026-09-25 15:56:00+00:00,92.3499984741211,92.36000061035156,92.27999877929688,92.3499984741211,12943
2026-09-25 15:57:00+00:00,92.33799743652344,92.44999694824219,92.31999969482422,92.41000366210938,48469
2026-09-25 15:58:00+00:00,92.45999908447266,92.80799865722656,92.45999908447266,92.7699966430664,109960
2026-09-25 15:59:00+00:00,92.77999877929688,92.95999908447266,92.68000030517578,92.95999908447266,128548
2026-09-25 16:00:00+00:00,92.95999908447266,93.20999908447266,92.9000015258789,93.19999694824219,189992
2026-09-25 16:01:00+00:00,93.19000244140625,93.22000122070312,92.87999725341797,92.87999725341797,63640
2026-09-25 16:02:00+00:00,92.87999725341797,93.05000305175781,92.87000274658203,93.05000305175781,67358
2026-09-25 16:03:00+00:00,93.0199966430664,93.31999969482422,92.9749984741211,93.2699966430664,109480
2026-09-25 16:04:00+00:00,93.29000091552734,93.29000091552734,92.94000244140625,93.11000061035156,65258
2026-09-25 16:05:00+00:00,93.08999633789062,93.16999816894531,93.01000213623047,93.02999877929688,22894
2026-09-25 16:06:00+00:00,93.0199966430664,93.2300033569336,92.88999938964844,93.19000244140625,39349
2026-09-25 16:07:00+00:00,93.19999694824219,93.2249984741211,92.95999908447266,93.04000091552734,30036
2026-09-25 16:08:00+00:00,93.04499816894531,93.12999725341797,93.0199966430664,93.05999755859375,26166
2026-09-25 16:09:00+00:00,93.04000091552734,93.16999816894531,93.04000091552734,93.13999938964844,41591
2026-09-25 16:10:00+00:00,93.16999816894531,93.16999816894531,93.02999877929688,93.02999877929688,19219
2026-09-25 16:11:00+00:00,93.0199966430664,93.02999877929688,92.94999694824219,92.96499633789062,25474
2026-09-25 16:12:00+00:00,92.9749984741211,93.05999755859375,92.95999908447266,93.01000213623047,12774
2026-09-25 16:13:00+00:00,93.02999877929688,93.04000091552734,92.94000244140625,92.94380187988281,13850
2026-09-25 16:14:00+00:00,92.91999816894531,92.94999694824219,92.83000183105469,92.93499755859375,26239
2026-09-25 16:15:00+00:00,92.9000015258789,92.94999694824219,92.86000061035156,92.94000244140625,10581
2026-09-25 16:16:00+00:00,92.94999694824219,92.97000122070312,92.8499984741211,92.96499633789062,8176
2026-09-25 16:17:00+00:00,92.94000244140625,93.0199966430664,92.80000305175781,92.81009674072266,115844
2026-09-25 16:18:00+00:00,92.81999969482422,92.8499984741211,92.76000213623047,92.8499984741211,18486
2026-09-25 16:19:00+00:00,92.83999633789062,92.83999633789062,92.75,92.80000305175781,19956
2026-09-25 16:20:00+00:00,92.80999755859375,92.87000274658203,92.74500274658203,92.77999877929688,45666
2026-09-25 16:21:00+00:00,92.77999877929688,92.81999969482422,92.76000213623047,92.77999877929688,8379
2026-09-25 16:22:00+00:00,92.79499816894531,92.80000305175781,92.7699966430664,92.77999877929688,9649
2026-09-25 16:23:00+00:00,92.79000091552734,92.83000183105469,92.6500015258789,92.73999786376953,54280
2026-09-25 16:24:00+00:00,92.7699966430664,92.83049774169922,92.73999786376953,92.81999969482422,13877
2026-09-25 16:25:00+00:00,92.83000183105469,92.91500091552734,92.83000183105469,92.87999725341797,16774
2026-09-25 16:26:00+00:00,92.87000274658203,93.04000091552734,92.86000061035156,93.04000091552734,12147
2026-09-25 16:27:00+00:00,93.02999877929688,93.04000091552734,93.0,93.01000213623047,11422
2026-09-25 16:28:00+00:00,93.01000213623047,93.01000213623047,92.95999908447266,93.00499725341797,8795
2026-09-25 16:29:00+00:00,93.0,93.02999877929688,92.98999786376953,93.0198974609375,10503
2026-09-25 16:30:00+00:00,93.04000091552734,93.08999633789062,93.01000213623047,93.06999969482422,22842
2026-09-25 16:31:00+00:00,93.05000305175781,93.06999969482422,93.0199966430664,93.05999755859375,17787
2026-09-25 16:32:00+00:00,93.06999969482422,93.095703125,93.02999877929688,93.02999877929688,9279
2026-09-25 16:33:00+00:00,93.02999877929688,93.04000091552734,92.9800033569336,92.9800033569336,25397
2026-09-25 16:34:00+00:00,92.97000122070312,92.9800033569336,92.58999633789062,92.76000213623047,217701
2026-09-25 16:35:00+00:00,92.76000213623047,92.86000061035156,92.76000213623047,92.86000061035156,19841
2026-09-25 16:36:00+00:00,92.83000183105469,92.87999725341797,92.7488021850586,92.86990356445312,37401
2026-09-25 16:37:00+00:00,92.86000061035156,92.95999908447266,92.86000061035156,92.87999725341797,13214
2026-09-25 16:38:00+00:00,92.87999725341797,92.87999725341797,92.80999755859375,92.85800170898438,10624
2026-09-25 16:39:00+00:00,92.86000061035156,92.91999816894531,92.8499984741211,92.8499984741211,72060
2026-09-25 16:40:00+00:00,92.8550033569336,92.88999938964844,92.73500061035156,92.73999786376953,27378
2026-09-25 16:41:00+00:00,92.73500061035156,92.79499816894531,92.73500061035156,92.75,16847
2026-09-25 16:42:00+00:00,92.76000213623047,92.94499969482422,92.76000213623047,92.83000183105469,63977
2026-09-25 16:43:00+00:00,92.81999969482422,92.8499984741211,92.79499816894531,92.79499816894531,12918
2026-09-25 16:44:00+00:00,92.80000305175781,92.84500122070312,92.73999786376953,92.76000213623047,25124
2026-09-25 16:45:00+00:00,92.7699966430664,92.78500366210938,92.6500015258789,92.66010284423828,16951
2026-09-25 16:46:00+00:00,92.66500091552734,92.70500183105469,92.66500091552734,92.69499969482422,11180
2026-09-25 16:47:00+00:00,92.69499969482422,92.70500183105469,92.66999816894531,92.66999816894531,13885
2026-09-25 16:48:00+00:00,92.66999816894531,92.70999908447266,92.56999969482422,92.58000183105469,20104
2026-09-25 16:49:00+00:00,92.56999969482422,92.59500122070312,92.53500366210938,92.59500122070312,20466
2026-09-25 16:50:00+00:00,92.59500122070312,92.63999938964844,92.58999633789062,92.61000061035156,22491
2026-09-25 16:51:00+00:00,92.6050033569336,92.63999938964844,92.5999984741211,92.625,16272
2026-09-25 16:52:00+00:00,92.62999725341797,92.69000244140625,92.62999725341797,92.68000030517578,17009
2026-09-25 16:53:00+00:00,92.68499755859375,92.68990325927734,92.63999938964844,92.6500015258789,10941
2026-09-25 16:54:00+00:00,92.6500015258789,92.69000244140625,92.6449966430664,92.66000366210938,9621
2026-09-25 16:55:00+00:00,92.66000366210938,92.7300033569336,92.6500015258789,92.70500183105469,11696
2026-09-25 16:56:00+00:00,92.70999908447266,92.75,92.66999816894531,92.68000030517578,25206
2026-09-25 16:57:00+00:00,92.68000030517578,92.71499633789062,92.65499877929688,92.69499969482422,11892
2026-09-25 16:58:00+00:00,92.69499969482422,92.69499969482422,92.6500015258789,92.69000244140625,21571
2026-09-25 16:59:00+00:00,92.69000244140625,92.72000122070312,92.56999969482422,92.69999694824219,59369
2026-09-25 17:00:00+00:00,92.70999908447266,92.73999786376953,92.66000366210938,92.7300033569336,19173
2026-09-25 17:01:00+00:00,92.7300033569336,92.87000274658203,92.69999694824219,92.80999755859375,74765
2026-09-25 17:02:00+00:00,92.80999755859375,92.83999633789062,92.77999877929688,92.83999633789062,31701
2026-09-25 17:03:00+00:00,92.83999633789062,92.90499877929688,92.83999633789062,92.8499984741211,20200
2026-09-25 17:04:00+00:00,92.83999633789062,92.87999725341797,92.80000305175781,92.80999755859375,25335
2026-09-25 17:05:00+00:00,92.81500244140625,92.83999633789062,92.80000305175781,92.80000305175781,11431
2026-09-25 17:06:00+00:00,92.80000305175781,92.83999633789062,92.7699966430664,92.77999877929688,22970
2026-09-25 17:07:00+00:00,92.77999877929688,92.83000183105469,92.77999877929688,92.83000183105469,21491
2026-09-25 17:08:00+00:00,92.80999755859375,92.80999755859375,92.70999908447266,92.76499938964844,26405
2026-09-25 17:09:00+00:00,92.76000213623047,92.83999633789062,92.75499725341797,92.83000183105469,18144
2026-09-25 17:10:00+00:00,92.81999969482422,92.81999969482422,92.76000213623047,92.7699966430664,16714
2026-09-25 17:11:00+00:00,92.76000213623047,92.76000213623047,92.70500183105469,92.7300033569336,20623
2026-09-25 17:12:00+00:00,92.73999786376953,92.77999877929688,92.73500061035156,92.77999877929688,8954
2026-09-25 17:13:00+00:00,92.7699966430664,92.79000091552734,92.76000213623047,92.76000213623047,13261
2026-09-25 17:14:00+00:00,92.75499725341797,92.76000213623047,92.72000122070312,92.73799896240234,10460
2026-09-25 17:15:00+00:00,92.73989868164062,92.73989868164062,92.69000244140625,92.72000122070312,9235
2026-09-25 17:16:00+00:00,92.72000122070312,92.72000122070312,92.66999816894531,92.69999694824219,14249
2026-09-25 17:17:00+00:00,92.69999694824219,92.69999694824219,92.67500305175781,92.69000244140625,12934
2026-09-25 17:18:00+00:00,92.69000244140625,92.69999694824219,92.625,92.66000366210938,14989
2026-09-25 17:19:00+00:00,92.6500015258789,92.66000366210938,92.62799835205078,92.63999938964844,10016
2026-09-25 17:20:00+00:00,92.62999725341797,92.64009857177734,92.62000274658203,92.62999725341797,15474
2026-09-25 17:21:00+00:00,92.62000274658203,92.6449966430664,92.61000061035156,92.62999725341797,12226
2026-09-25 17:22:00+00:00,92.61009979248047,92.62999725341797,92.61009979248047,92.62999725341797,5392
2026-09-25 17:23:00+00:00,92.63999938964844,92.66000366210938,92.62999725341797,92.62999725341797,5048
2026-09-25 17:24:00+00:00,92.62999725341797,92.69999694824219,92.62999725341797,92.69999694824219,9421
2026-09-25 17:25:00+00:00,92.69999694824219,92.69999694824219,92.66999816894531,92.69000244140625,10005
2026-09-25 17:26:00+00:00,92.69989776611328,92.72000122070312,92.69000244140625,92.69999694824219,5464
2026-09-25 17:27:00+00:00,92.69000244140625,92.69000244140625,92.62000274658203,92.63500213623047,8354
2026-09-25 17:28:00+00:00,92.64510345458984,92.66500091552734,92.5999984741211,92.5999984741211,10898
2026-09-25 17:29:00+00:00,92.58999633789062,92.58999633789062,92.55999755859375,92.58999633789062,13828
2026-09-25 17:30:00+00:00,92.58000183105469,92.58000183105469,92.55000305175781,92.55999755859375,71031
2026-09-25 17:31:00+00:00,92.55999755859375,92.59500122070312,92.54000091552734,92.56999969482422,24286
2026-09-25 17:32:00+00:00,92.56999969482422,92.62000274658203,92.56999969482422,92.61000061035156,7964
2026-09-25 17:33:00+00:00,92.6500015258789,92.67500305175781,92.61000061035156,92.625,11809
2026-09-25 17:34:00+00:00,92.62000274658203,92.62000274658203,92.58000183105469,92.58499908447266,38164
2026-09-25 17:35:00+00:00,92.5999984741211,92.5999984741211,92.56999969482422,92.58000183105469,4995
2026-09-25 17:36:00+00:00,92.59500122070312,92.59500122070312,92.54000091552734,92.54000091552734,14343
2026-09-25 17:37:00+00:00,92.5199966430664,92.5250015258789,92.44999694824219,92.51000213623047,25932
2026-09-25 17:38:00+00:00,92.5,92.5199966430664,92.48999786376953,92.49500274658203,9374
2026-09-25 17:39:00+00:00,92.5199966430664,92.66000366210938,92.48999786376953,92.56999969482422,59472
2026-09-25 17:40:00+00:00,92.56999969482422,92.66000366210938,92.55999755859375,92.55999755859375,18244
2026-09-25 17:41:00+00:00,92.55500030517578,92.70999908447266,92.55500030517578,92.66000366210938,30433
2026-09-25 17:42:00+00:00,92.6449966430664,92.69000244140625,92.62999725341797,92.69000244140625,12141
2026-09-25 17:43:00+00:00,92.68000030517578,92.68000030517578,92.62000274658203,92.62000274658203,7835
2026-09-25 17:44:00+00:00,92.62000274658203,92.66999816894531,92.62000274658203,92.63999938964844,4876
2026-09-25 17:45:00+00:00,92.63500213623047,92.68000030517578,92.63500213623047,92.66519927978516,12083
2026-09-25 17:46:00+00:00,92.6500015258789,92.65950012207031,92.58999633789062,92.58999633789062,29887
2026-09-25 17:47:00+00:00,92.58000183105469,92.58499908447266,92.55000305175781,92.55500030517578,11014
2026-09-25 17:48:00+00:00,92.55000305175781,92.61000061035156,92.55000305175781,92.5999984741211,6318
2026-09-25 17:49:00+00:00,92.61000061035156,92.62999725341797,92.58999633789062,92.62000274658203,7618
2026-09-25 17:50:00+00:00,92.61000061035156,92.61000061035156,92.58000183105469,92.58999633789062,4612
2026-09-25 17:51:00+00:00,92.5999984741211,92.5999984741211,92.58000183105469,92.58999633789062,4673
2026-09-25 17:52:00+00:00,92.5999984741211,92.61000061035156,92.58000183105469,92.61000061035156,13965
2026-09-25 17:53:00+00:00,92.5999984741211,92.6500015258789,92.5999984741211,92.63999938964844,12970
2026-09-25 17:54:00+00:00,92.63999938964844,92.6500015258789,92.62000274658203,92.63999938964844,4412
2026-09-25 17:55:00+00:00,92.62999725341797,92.62999725341797,92.61000061035156,92.62999725341797,3172
2026-09-25 17:56:00+00:00,92.63999938964844,92.67500305175781,92.63999938964844,92.6500015258789,7593
2026-09-25 17:57:00+00:00,92.6449966430664,92.65540313720703,92.5999984741211,92.5999984741211,5411
2026-09-25 17:58:00+00:00,92.61000061035156,92.63999938964844,92.61000061035156,92.625,4301
2026-09-25 17:59:00+00:00,92.625,92.66999816894531,92.625,92.6698989868164,4706
2026-09-25 18:00:00+00:00,92.66999816894531,92.69000244140625,92.66999816894531,92.66999816894531,8570
2026-09-25 18:01:00+00:00,92.67500305175781,92.69000244140625,92.66000366210938,92.66999816894531,6829
2026-09-25 18:02:00+00:00,92.66999816894531,92.67500305175781,92.63999938964844,92.66999816894531,10346
2026-09-25 18:03:00+00:00,92.67500305175781,92.67500305175781,92.66000366210938,92.66000366210938,6324
2026-09-25 18:04:00+00:00,92.66010284423828,92.68000030517578,92.63999938964844,92.66000366210938,10269
2026-09-25 18:05:00+00:00,92.66000366210938,92.69499969482422,92.63500213623047,92.6449966430664,17747
2026-09-25 18:06:00+00:00,92.6500015258789,92.68000030517578,92.6500015258789,92.66999816894531,12448
2026-09-25 18:07:00+00:00,92.66999816894531,92.67500305175781,92.65499877929688,92.67500305175781,10697
2026-09-25 18:08:00+00:00,92.68000030517578,92.69499969482422,92.6500015258789,92.68000030517578,13950
2026-09-25 18:09:00+00:00,92.68009948730469,92.73500061035156,92.66999816894531,92.73500061035156,12075
2026-09-25 18:10:00+00:00,92.73999786376953,92.76000213623047,92.72000122070312,92.73500061035156,13033
2026-09-25 18:11:00+00:00,92.7300033569336,92.7300033569336,92.6500015258789,92.66000366210938,11631
2026-09-25 18:12:00+00:00,92.66500091552734,92.69000244140625,92.66500091552734,92.67500305175781,12606
2026-09-25 18:13:00+00:00,92.68000030517578,92.71990203857422,92.68000030517578,92.69999694824219,10433
2026-09-25 18:14:00+00:00,92.69999694824219,92.73999786376953,92.69000244140625,92.73999786376953,6602
2026-09-25 18:15:00+00:00,92.7300033569336,92.75,92.72000122070312,92.75,6544
2026-09-25 18:16:00+00:00,92.73999786376953,92.7699966430664,92.73619842529297,92.7394027709961,7449
2026-09-25 18:17:00+00:00,92.7300033569336,92.73999786376953,92.72000122070312,92.72000122070312,4595
2026-09-25 18:18:00+00:00,92.7249984741211,92.76000213623047,92.70020294189453,92.70020294189453,5979
2026-09-25 18:19:00+00:00,92.70999908447266,92.7300033569336,92.70999908447266,92.7300033569336,7579
2026-09-25 18:20:00+00:00,92.7300033569336,92.7300033569336,92.66999816894531,92.69499969482422,10094
2026-09-25 18:21:00+00:00,92.69000244140625,92.69000244140625,92.6500015258789,92.65010070800781,5462
2026-09-25 18:22:00+00:00,92.66000366210938,92.66999816894531,92.63999938964844,92.63999938964844,7862
2026-09-25 18:23:00+00:00,92.63999938964844,92.69999694824219,92.63999938964844,92.69999694824219,30634
2026-09-25 18:24:00+00:00,92.69999694824219,92.72000122070312,92.69000244140625,92.69950103759766,10459
2026-09-25 18:25:00+00:00,92.69999694824219,92.72000122070312,92.69010162353516,92.71499633789062,6944
2026-09-25 18:26:00+00:00,92.72000122070312,92.75,92.53500366210938,92.55999755859375,102540
2026-09-25 18:27:00+00:00,92.55500030517578,92.62999725341797,92.51499938964844,92.54000091552734,32074
2026-09-25 18:28:00+00:00,92.56999969482422,92.62000274658203,92.55999755859375,92.62000274658203,17726
2026-09-25 18:29:00+00:00,92.62000274658203,92.66000366210938,92.61000061035156,92.6449966430664,16711
2026-09-25 18:30:00+00:00,92.63999938964844,92.70500183105469,92.63999938964844,92.69999694824219,18033
2026-09-25 18:31:00+00:00,92.69999694824219,92.7699966430664,92.69999694824219,92.76000213623047,20879
2026-09-25 18:32:00+00:00,92.7699966430664,92.80500030517578,92.76000213623047,92.76499938964844,7519
2026-09-25 18:33:00+00:00,92.7699966430664,92.80500030517578,92.74500274658203,92.80229949951172,9480
2026-09-25 18:34:00+00:00,92.80000305175781,92.83999633789062,92.7750015258789,92.81999969482422,17553
2026-09-25 18:35:00+00:00,92.81999969482422,92.8550033569336,92.80999755859375,92.83000183105469,10928
2026-09-25 18:36:00+00:00,92.81999969482422,92.83999633789062,92.81500244140625,92.83999633789062,3382
2026-09-25 18:37:00+00:00,92.83999633789062,92.83999633789062,92.69999694824219,92.70999908447266,22386
2026-09-25 18:38:00+00:00,92.72000122070312,92.76010131835938,92.72000122070312,92.76010131835938,4499
2026-09-25 18:39:00+00:00,92.75990295410156,92.75990295410156,92.69999694824219,92.69999694824219,4044
2026-09-25 18:40:00+00:00,92.69999694824219,92.7300033569336,92.69000244140625,92.7300033569336,8906
2026-09-25 18:41:00+00:00,92.73999786376953,92.77999877929688,92.70999908447266,92.7699966430664,13342
2026-09-25 18:42:00+00:00,92.7699966430664,92.79000091552734,92.72000122070312,92.73999786376953,23976
2026-09-25 18:43:00+00:00,92.75,92.7699966430664,92.75,92.76499938964844,5630
2026-09-25 18:44:00+00:00,92.76000213623047,92.79000091552734,92.73999786376953,92.79000091552734,13599
2026-09-25 18:45:00+00:00,92.79000091552734,92.80000305175781,92.7750015258789,92.79000091552734,8050
2026-09-25 18:46:00+00:00,92.77999877929688,92.81009674072266,92.7750015258789,92.80000305175781,6886
2026-09-25 18:47:00+00:00,92.79720306396484,92.79720306396484,92.76000213623047,92.79000091552734,5493
2026-09-25 18:48:00+00:00,92.79000091552734,92.8499984741211,92.79000091552734,92.83999633789062,18260
2026-09-25 18:49:00+00:00,92.83499908447266,92.86000061035156,92.82499694824219,92.86000061035156,19053
2026-09-25 18:50:00+00:00,92.8499984741211,92.8949966430664,92.83999633789062,92.86499786376953,18691
2026-09-25 18:51:00+00:00,92.86000061035156,92.87000274658203,92.81500244140625,92.85990142822266,11276
2026-09-25 18:52:00+00:00,92.8550033569336,92.86000061035156,92.83499908447266,92.84500122070312,5748
2026-09-25 18:53:00+00:00,92.8499984741211,92.86000061035156,92.79499816894531,92.80000305175781,14707
2026-09-25 18:54:00+00:00,92.80000305175781,92.80999755859375,92.7750015258789,92.80500030517578,10200
2026-09-25 18:55:00+00:00,92.80000305175781,92.80999755859375,92.78500366210938,92.79000091552734,7309
2026-09-25 18:56:00+00:00,92.80000305175781,92.8499984741211,92.80000305175781,92.8499984741211,14557
2026-09-25 18:57:00+00:00,92.86000061035156,92.86000061035156,92.81999969482422,92.83999633789062,9589
2026-09-25 18:58:00+00:00,92.83999633789062,92.8499984741211,92.83000183105469,92.8499984741211,6691
2026-09-25 18:59:00+00:00,92.8499984741211,92.87000274658203,92.83999633789062,92.87000274658203,11814
2026-09-25 19:00:00+00:00,92.87999725341797,92.9198989868164,92.83999633789062,92.8550033569336,33173
2026-09-25 19:01:00+00:00,92.8550033569336,92.98999786376953,92.83499908447266,92.91000366210938,53723
2026-09-25 19:02:00+00:00,92.91000366210938,92.91000366210938,92.83499908447266,92.83999633789062,17496
2026-09-25 19:03:00+00:00,92.83000183105469,92.8949966430664,92.80999755859375,92.88500213623047,21953
2026-09-25 19:04:00+00:00,92.87999725341797,92.88999938964844,92.8550033569336,92.875,13321
2026-09-25 19:05:00+00:00,92.87000274658203,92.93000030517578,92.83999633789062,92.9000015258789,15216
2026-09-25 19:06:00+00:00,92.9000015258789,92.92500305175781,92.88999938964844,92.8949966430664,11077
2026-09-25 19:07:00+00:00,92.8949966430664,92.94499969482422,92.8949966430664,92.93009948730469,12601
2026-09-25 19:08:00+00:00,92.93499755859375,92.94999694824219,92.91500091552734,92.92749786376953,11022
2026-09-25 19:09:00+00:00,92.93000030517578,92.94999694824219,92.9000015258789,92.91500091552734,27858
2026-09-25 19:10:00+00:00,92.9000015258789,92.91999816894531,92.88500213623047,92.88999938964844,8485
2026-09-25 19:11:00+00:00,92.9000015258789,92.93000030517578,92.8949966430664,92.90959930419922,8095
2026-09-25 19:12:00+00:00,92.91000366210938,92.92500305175781,92.8947982788086,92.9000015258789,7288
2026-09-25 19:13:00+00:00,92.9000015258789,92.91500091552734,92.88500213623047,92.91500091552734,18749
2026-09-25 19:14:00+00:00,92.91500091552734,92.98500061035156,92.91500091552734,92.95999908447266,12557
2026-09-25 19:15:00+00:00,92.95999908447266,92.95999908447266,92.9000015258789,92.91500091552734,13026
2026-09-25 19:16:00+00:00,92.90499877929688,92.91000366210938,92.87000274658203,92.87000274658203,7750
2026-09-25 19:17:00+00:00,92.87999725341797,92.91000366210938,92.87999725341797,92.8949966430664,4790
2026-09-25 19:18:00+00:00,92.9000015258789,92.92500305175781,92.89640045166016,92.92500305175781,6291
2026-09-25 19:19:00+00:00,92.91000366210938,92.91000366210938,92.86000061035156,92.86000061035156,7401
2026-09-25 19:20:00+00:00,92.87000274658203,92.87000274658203,92.83999633789062,92.83999633789062,3988
2026-09-25 19:21:00+00:00,92.83999633789062,92.86000061035156,92.82499694824219,92.8301010131836,9893
2026-09-25 19:22:00+00:00,92.83999633789062,92.83999633789062,92.78500366210938,92.79499816894531,16058
2026-09-25 19:23:00+00:00,92.79499816894531,92.80000305175781,92.78500366210938,92.80000305175781,8098
2026-09-25 19:24:00+00:00,92.79499816894531,92.81500244140625,92.79000091552734,92.79000091552734,9940
2026-09-25 19:25:00+00:00,92.80000305175781,92.80000305175781,92.76499938964844,92.76499938964844,9052
2026-09-25 19:26:00+00:00,92.7699966430664,92.77999877929688,92.7300033569336,92.7300033569336,14338
2026-09-25 19:27:00+00:00,92.73429870605469,92.75499725341797,92.66500091552734,92.66999816894531,31021
2026-09-25 19:28:00+00:00,92.68000030517578,92.7249984741211,92.68000030517578,92.71099853515625,13994
2026-09-25 19:29:00+00:00,92.70999908447266,92.70999908447266,92.66000366210938,92.70999908447266,10998
2026-09-25 19:30:00+00:00,92.70999908447266,92.70999908447266,92.66999816894531,92.69010162353516,9569
2026-09-25 19:31:00+00:00,92.69999694824219,92.71499633789062,92.66000366210938,92.69000244140625,33107
2026-09-25 19:32:00+00:00,92.69000244140625,92.7249984741211,92.68000030517578,92.69499969482422,21860
2026-09-25 19:33:00+00:00,92.69999694824219,92.7499008178711,92.69999694824219,92.7300033569336,19088
2026-09-25 19:34:00+00:00,92.7300033569336,92.7699966430664,92.72000122070312,92.75,11266
2026-09-25 19:35:00+00:00,92.75990295410156,92.80000305175781,92.75990295410156,92.76499938964844,15056
2026-09-25 19:36:00+00:00,92.7750015258789,92.80000305175781,92.7699966430664,92.80000305175781,10481
2026-09-25 19:37:00+00:00,92.80000305175781,92.93000030517578,92.79499816894531,92.88999938964844,45945
2026-09-25 19:38:00+00:00,92.87999725341797,92.95999908447266,92.87999725341797,92.87999725341797,27130
2026-09-25 19:39:00+00:00,92.88999938964844,92.91719818115234,92.8857192993164,92.91719818115234,10878
2026-09-25 19:40:00+00:00,92.9000015258789,92.9000015258789,92.8499984741211,92.86799621582031,13530
2026-09-25 19:41:00+00:00,92.87000274658203,92.9000015258789,92.86000061035156,92.87999725341797,19803
2026-09-25 19:42:00+00:00,92.87999725341797,92.91999816894531,92.87999725341797,92.9000015258789,10661
2026-09-25 19:43:00+00:00,92.91000366210938,92.94999694824219,92.91000366210938,92.93000030517578,25441
2026-09-25 19:44:00+00:00,92.92500305175781,92.93000030517578,92.90499877929688,92.91000366210938,17716
2026-09-25 19:45:00+00:00,92.91999816894531,92.9800033569336,92.90499877929688,92.9749984741211,35509
2026-09-25 19:46:00+00:00,92.97000122070312,92.97000122070312,92.93000030517578,92.93000030517578,13720
2026-09-25 19:47:00+00:00,92.92500305175781,92.94999694824219,92.90499877929688,92.94020080566406,27453
2026-09-25 19:48:00+00:00,92.93000030517578,92.93000030517578,92.88999938964844,92.88999938964844,15749
2026-09-25 19:49:00+00:00,92.87999725341797,92.90499877929688,92.86499786376953,92.87999725341797,43142
2026-09-25 19:50:00+00:00,92.88999938964844,93.01000213623047,92.88749694824219,92.96499633789062,356828
2026-09-25 19:51:00+00:00,92.96499633789062,92.96499633789062,92.86499786376953,92.9000015258789,79468
2026-09-25 19:52:00+00:00,92.8949966430664,92.9000015258789,92.8499984741211,92.8499984741211,37253
2026-09-25 19:53:00+00:00,92.8550033569336,92.9000015258789,92.85009765625,92.87000274658203,49436
2026-09-25 19:54:00+00:00,92.87000274658203,92.88500213623047,92.8499984741211,92.8499984741211,36072
2026-09-25 19:55:00+00:00,92.84989929199219,92.87000274658203,92.80000305175781,92.86499786376953,69085
2026-09-25 19:56:00+00:00,92.86000061035156,92.86000061035156,92.80280303955078,92.80500030517578,59326
2026-09-25 19:57:00+00:00,92.80500030517578,92.8499984741211,92.80000305175781,92.80000305175781,38738
2026-09-25 19:58:00+00:00,92.80500030517578,92.86000061035156,92.80500030517578,92.86000061035156,98408
2026-09-25 19:59:00+00:00,92.86000061035156,92.9000015258789,92.83000183105469,92.87000274658203,337846
