ts,open,high,low,close,volume
2026-09-10 13:30:00+00:00,399.5299987792969,399.5799865722656,399.1199951171875,399.3399963378906,640089
2026-09-10 13:31:00+00:00,399.2799987792969,399.6499938964844,398.9800109863281,399.3949890136719,29808
2026-09-10 13:32:00+00:00,399.364990234375,399.9400024414063,399.3450012207031,399.7699890136719,25670
2026-09-10 13:33:00+00:00,399.7200012207031,400.4198913574219,399.6700134277344,400.4198913574219,34817
2026-09-10 13:34:00+00:00,400.3500061035156,400.4599914550781,400.0299987792969,400.0299987792969,16045
2026-09-10 13:35:00+00:00,400.010009765625,400.2699890136719,399.6600036621094,399.7200012207031,20504
2026-09-10 13:36:00+00:00,399.7300109863281,400.0899963378906,399.6600036621094,399.7049865722656,24935
2026-09-10 13:37:00+00:00,399.7000122070313,400.4299926757813,399.7000122070313,400.3399963378906,17791
2026-09-10 13:38:00+00:00,400.3949890136719,400.7699890136719,400.3949890136719,400.6700134277344,44615
2026-09-10 13:39:00+00:00,400.6400146484375,400.7200012207031,400.3900146484375,400.6400146484375,30638
2026-09-10 13:40:00+00:00,400.5801086425781,400.9599914550781,400.4100036621094,400.8049926757813,20540
2026-09-10 13:41:00+00:00,400.8299865722656,400.9500122070313,400.3599853515625,400.6000061035156,22090
2026-09-10 13:42:00+00:00,400.6300048828125,400.80999755859375,400.3900146484375,400.5799865722656,8075
2026-09-10 13:43:00+00:00,400.5549926757813,400.6000061035156,400.260009765625,400.3500061035156,13236
2026-09-10 13:44:00+00:00,400.2850036621094,400.375,400.010009765625,400.0700073242188,41956
2026-09-10 13:45:00+00:00,400.1000061035156,400.2799987792969,400.0400085449219,400.2799987792969,17807
2026-09-10 13:46:00+00:00,400.2900085449219,400.4450073242188,400.1600036621094,400.4400024414063,18329
2026-09-10 13:47:00+00:00,400.4490051269531,400.8200073242188,400.30999755859375,400.7900085449219,27972
2026-09-10 13:48:00+00:00,400.7799987792969,401.0499877929688,400.6199951171875,400.9700012207031,19145
2026-09-10 13:49:00+00:00,400.9599914550781,401.1499938964844,400.75,400.7900085449219,63646
2026-09-10 13:50:00+00:00,400.7449951171875,400.8500061035156,400.2000122070313,400.3599853515625,39730
2026-09-10 13:51:00+00:00,400.2999877929688,400.2999877929688,399.9599914550781,400.010009765625,20882
2026-09-10 13:52:00+00:00,400.0400085449219,400.9200134277344,399.8800048828125,400.8399963378906,29608
2026-09-10 13:53:00+00:00,400.8299865722656,401.0299987792969,400.7001037597656,400.760009765625,38015
2026-09-10 13:54:00+00:00,400.7699890136719,400.8599853515625,400.4049987792969,400.4049987792969,16663
2026-09-10 13:55:00+00:00,400.3399963378906,400.3999938964844,400.1600036621094,400.25,13672
2026-09-10 13:56:00+00:00,400.2699890136719,400.6000061035156,400.2300109863281,400.5,14554
2026-09-10 13:57:00+00:00,400.51611328125,400.5199890136719,400.2999877929688,400.3900146484375,17226
2026-09-10 13:58:00+00:00,400.3500061035156,400.5,400.2153015136719,400.25,14175
2026-09-10 13:59:00+00:00,400.2235107421875,400.3900146484375,400.0700073242188,400.2000122070313,16285
2026-09-10 14:00:00+00:00,400.2650146484375,400.739990234375,400.25,400.4700012207031,33148
2026-09-10 14:01:00+00:00,400.3699951171875,400.9500122070313,400.3699951171875,400.9299926757813,12428
2026-09-10 14:02:00+00:00,400.9100036621094,401.0745849609375,400.739990234375,400.8200073242188,19300
2026-09-10 14:03:00+00:00,400.8299865722656,400.8949890136719,400.5801086425781,400.75,16732
2026-09-10 14:04:00+00:00,400.75,400.75,400.4400024414063,400.5899963378906,8489
2026-09-10 14:05:00+00:00,400.5499877929688,400.7099914550781,400.3399963378906,400.3500061035156,10386
2026-09-10 14:06:00+00:00,400.3399963378906,400.4100036621094,400.0700073242188,400.1400146484375,13425
2026-09-10 14:07:00+00:00,400.0499877929688,400.25,399.8599853515625,399.8599853515625,14832
2026-09-10 14:08:00+00:00,399.8699951171875,400.0400085449219,399.7699890136719,399.9000854492188,17084
2026-09-10 14:09:00+00:00,399.8399963378906,400.1400146484375,399.8102111816406,400.0299987792969,18605
2026-09-10 14:10:00+00:00,400.0,400.1600036621094,399.8500061035156,399.8999938964844,17582
2026-09-10 14:11:00+00:00,399.9200134277344,400.2999877929688,399.8999938964844,400.2300109863281,25273
2026-09-10 14:12:00+00:00,400.1700134277344,400.2200012207031,399.635009765625,399.6700134277344,40217
2026-09-10 14:13:00+00:00,399.7099914550781,399.8900146484375,399.6549987792969,399.7000122070313,8635
2026-09-10 14:14:00+00:00,399.6600036621094,399.7900085449219,399.5799865722656,399.6000061035156,17517
2026-09-10 14:15:00+00:00,399.5899963378906,399.8200073242188,399.5499877929688,399.7950134277344,17693
2026-09-10 14:16:00+00:00,399.7000122070313,399.75,399.4800109863281,399.6000061035156,15464
2026-09-10 14:17:00+00:00,399.6499938964844,399.6549987792969,399.2099914550781,399.239990234375,33398
2026-09-10 14:18:00+00:00,399.2000122070313,399.6700134277344,399.1099853515625,399.6449890136719,20750
2026-09-10 14:19:00+00:00,399.6099853515625,399.93060302734375,399.6000061035156,399.8288879394531,15768
2026-09-10 14:20:00+00:00,399.8399963378906,400.2300109863281,399.8299865722656,399.9750061035156,28481
2026-09-10 14:21:00+00:00,399.989990234375,400.05999755859375,399.8399963378906,400.0350036621094,15768
2026-09-10 14:22:00+00:00,400.0799865722656,400.2550048828125,399.9700012207031,400.2550048828125,18959
2026-09-10 14:23:00+00:00,400.2699890136719,400.3200073242188,399.80999755859375,399.80999755859375,15917
2026-09-10 14:24:00+00:00,399.8399963378906,400.8999938964844,399.5799865722656,400.6700134277344,97798
2026-09-10 14:25:00+00:00,400.6849060058594,401.1300048828125,400.6799926757813,400.7099914550781,61699
2026-09-10 14:26:00+00:00,400.7000122070313,400.7000122070313,400.1600036621094,400.2000122070313,13824
2026-09-10 14:27:00+00:00,400.1900024414063,400.4700012207031,400.05999755859375,400.25,14189
2026-09-10 14:28:00+00:00,400.2699890136719,400.3399963378906,400.2099914550781,400.2999877929688,18302
2026-09-10 14:29:00+00:00,400.2900085449219,400.2900085449219,399.8699951171875,399.8901062011719,10252
2026-09-10 14:30:00+00:00,399.8599853515625,399.9599914550781,399.7300109863281,399.7300109863281,6758
2026-09-10 14:31:00+00:00,399.75,399.8399963378906,399.6799926757813,399.8399963378906,27640
2026-09-10 14:32:00+00:00,399.7900085449219,400.0299987792969,399.7699890136719,400.0299987792969,5295
2026-09-10 14:33:00+00:00,399.9150085449219,400.1199951171875,399.8599853515625,399.8999938964844,4558
2026-09-10 14:34:00+00:00,399.885009765625,400.1499938964844,399.885009765625,400.1199951171875,10294
2026-09-10 14:35:00+00:00,400.0899963378906,400.5,400.0899963378906,400.3800048828125,7022
2026-09-10 14:36:00+00:00,400.3699951171875,400.614990234375,400.2099914550781,400.614990234375,5621
2026-09-10 14:37:00+00:00,400.5299987792969,400.5499877929688,400.3399963378906,400.4700012207031,12135
2026-09-10 14:38:00+00:00,400.4200134277344,400.5,400.1400146484375,400.2999877929688,5025
2026-09-10 14:39:00+00:00,400.2799987792969,400.2799987792969,399.9299926757813,399.9500122070313,2346
2026-09-10 14:40:00+00:00,399.9450073242188,400.5,399.9400024414063,400.4599914550781,24339
2026-09-10 14:41:00+00:00,400.4700012207031,400.5400085449219,400.1700134277344,400.1700134277344,9668
2026-09-10 14:42:00+00:00,400.1400146484375,400.2000122070313,399.7000122070313,399.7000122070313,7667
2026-09-10 14:43:00+00:00,399.6637878417969,399.6637878417969,399.3699951171875,399.4299926757813,14719
2026-09-10 14:44:00+00:00,399.4500122070313,399.5845031738281,399.3200073242188,399.3699951171875,83469
2026-09-10 14:45:00+00:00,399.2999877929688,399.3500061035156,399.1600036621094,399.260009765625,18236
2026-09-10 14:46:00+00:00,399.2900085449219,399.5199890136719,399.2789916992188,399.4504089355469,11359
2026-09-10 14:47:00+00:00,399.3999938964844,399.4299926757813,399.18499755859375,399.18499755859375,13726
2026-09-10 14:48:00+00:00,399.1900024414063,399.4100036621094,399.1499938964844,399.3699951171875,14692
2026-09-10 14:49:00+00:00,399.4100036621094,399.55999755859375,399.3800048828125,399.4700012207031,4515
2026-09-10 14:50:00+00:00,399.430908203125,399.5499877929688,399.3800048828125,399.4400024414063,9310
2026-09-10 14:51:00+00:00,399.4400024414063,399.5700073242188,399.4200134277344,399.5,4161
2026-09-10 14:52:00+00:00,399.6199951171875,399.6700134277344,399.5,399.6199951171875,268119
2026-09-10 14:53:00+00:00,399.80999755859375,399.8200073242188,399.6900024414063,399.7550048828125,5749
2026-09-10 14:54:00+00:00,399.7149963378906,399.7149963378906,399.18499755859375,399.2099914550781,29133
2026-09-10 14:55:00+00:00,399.2300109863281,399.3800048828125,399.1300048828125,399.2799987792969,8156
2026-09-10 14:56:00+00:00,399.2799987792969,399.5549926757813,399.2799987792969,399.5400085449219,8341
2026-09-10 14:57:00+00:00,399.5700073242188,399.6499938964844,399.4700012207031,399.5499877929688,8589
2026-09-10 14:58:00+00:00,399.5400085449219,399.55999755859375,399.3299865722656,399.4200134277344,5568
2026-09-10 14:59:00+00:00,399.4599914550781,399.5799865722656,399.4100036621094,399.5,7870
2026-09-10 15:00:00+00:00,399.510009765625,399.510009765625,399.2699890136719,399.3299865722656,9440
2026-09-10 15:01:00+00:00,399.25,399.25,399.05999755859375,399.1000061035156,11100
2026-09-10 15:02:00+00:00,399.0700073242188,399.2250061035156,399.010009765625,399.0299987792969,8101
2026-09-10 15:03:00+00:00,399.0899963378906,399.2699890136719,399.0299987792969,399.1900024414063,11118
2026-09-10 15:04:00+00:00,399.1499938964844,399.3900146484375,399.0700073242188,399.0899963378906,5597
2026-09-10 15:05:00+00:00,399.1099853515625,399.3999938964844,399.1099853515625,399.3999938964844,7393
2026-09-10 15:06:00+00:00,399.3500061035156,399.3500061035156,399.0400085449219,399.1700134277344,13941
2026-09-10 15:07:00+00:00,399.1799926757813,399.4200134277344,399.1000061035156,399.3800048828125,6673
2026-09-10 15:08:00+00:00,399.3900146484375,399.5398864746094,399.30999755859375,399.5398864746094,5867
2026-09-10 15:09:00+00:00,399.5799865722656,399.5799865722656,399.2401123046875,399.2401123046875,7688
2026-09-10 15:10:00+00:00,399.260009765625,399.80999755859375,399.260009765625,399.7000122070313,9997
2026-09-10 15:11:00+00:00,399.7200012207031,399.7799987792969,399.5,399.6300048828125,49252
2026-09-10 15:12:00+00:00,399.6199951171875,399.6698913574219,399.4700012207031,399.4700012207031,4868
2026-09-10 15:13:00+00:00,399.489990234375,399.6099853515625,399.2999877929688,399.5150146484375,9547
2026-09-10 15:14:00+00:00,399.5119934082031,399.7000122070313,399.510009765625,399.6600036621094,35528
2026-09-10 15:15:00+00:00,399.6700134277344,399.9200134277344,399.5899963378906,399.9200134277344,18716
2026-09-10 15:16:00+00:00,399.8500061035156,399.9200134277344,399.75,399.9198913574219,5178
2026-09-10 15:17:00+00:00,399.8399963378906,400.1000061035156,399.8250122070313,400.0899963378906,21092
2026-09-10 15:18:00+00:00,400.0400085449219,400.1099853515625,399.9750061035156,400.1099853515625,5231
2026-09-10 15:19:00+00:00,400.0499877929688,400.0499877929688,399.9200134277344,399.9599914550781,7528
2026-09-10 15:20:00+00:00,399.9500122070313,400.1199951171875,399.8900146484375,399.8900146484375,21396
2026-09-10 15:21:00+00:00,399.8599853515625,400.05999755859375,399.760009765625,400.0499877929688,13988
2026-09-10 15:22:00+00:00,400.0499877929688,400.239990234375,399.989990234375,400.239990234375,13971
2026-09-10 15:23:00+00:00,400.2300109863281,400.30999755859375,400.0799865722656,400.1499938964844,16622
2026-09-10 15:24:00+00:00,400.1900024414063,400.239990234375,400.1300048828125,400.2049865722656,57221
2026-09-10 15:25:00+00:00,400.2099914550781,400.239990234375,400.05999755859375,400.2290954589844,11597
2026-09-10 15:26:00+00:00,400.2000122070313,400.2699890136719,400.1600036621094,400.17779541015625,8541
2026-09-10 15:27:00+00:00,400.1187133789063,400.3699951171875,400.1187133789063,400.3399963378906,10691
2026-09-10 15:28:00+00:00,400.260009765625,400.2737121582031,399.9400024414063,399.9400024414063,6706
2026-09-10 15:29:00+00:00,399.9400024414063,400.1700134277344,399.9400024414063,400.1499938964844,12687
2026-09-10 15:30:00+00:00,400.1579895019531,400.2999877929688,400.1000061035156,400.2200012207031,12606
2026-09-10 15:31:00+00:00,400.2099914550781,400.260009765625,399.9299926757813,400.0,16443
2026-09-10 15:32:00+00:00,400.010009765625,400.05999755859375,399.8599853515625,399.9700012207031,6229
2026-09-10 15:33:00+00:00,399.9700012207031,400.30999755859375,399.9601135253906,400.30999755859375,8912
2026-09-10 15:34:00+00:00,400.2799987792969,400.5299987792969,400.2799987792969,400.5299987792969,15127
2026-09-10 15:35:00+00:00,400.5299987792969,400.6099853515625,400.4500122070313,400.5700073242188,18769
2026-09-10 15:36:00+00:00,400.5799865722656,400.6983947753906,400.5499877929688,400.55999755859375,17587
2026-09-10 15:37:00+00:00,400.5299987792969,400.7799987792969,400.5199890136719,400.6799926757813,13198
2026-09-10 15:38:00+00:00,400.6700134277344,400.6900024414063,400.5299987792969,400.5299987792969,4914
2026-09-10 15:39:00+00:00,400.5137939453125,400.5400085449219,400.2900085449219,400.4299926757813,11938
2026-09-10 15:40:00+00:00,400.4599914550781,400.4800109863281,400.2200012207031,400.239990234375,26564
2026-09-10 15:41:00+00:00,400.239990234375,400.409912109375,400.110107421875,400.2959899902344,16529
2026-09-10 15:42:00+00:00,400.25,400.2900085449219,400.1499938964844,400.1799011230469,17342
2026-09-10 15:43:00+00:00,400.1799926757813,400.1799926757813,400.05999755859375,400.1300048828125,16479
2026-09-10 15:44:00+00:00,400.1199951171875,400.2699890136719,400.0960083007813,400.2200012207031,21637
2026-09-10 15:45:00+00:00,400.239990234375,400.2699890136719,400.1300048828125,400.1400146484375,46247
2026-09-10 15:46:00+00:00,400.090087890625,400.1700134277344,399.989990234375,400.0199890136719,35930
2026-09-10 15:47:00+00:00,400.0492858886719,400.0492858886719,399.7300109863281,399.864990234375,107246
2026-09-10 15:48:00+00:00,399.8599853515625,400.010009765625,399.8500061035156,399.8799133300781,21668
2026-09-10 15:49:00+00:00,399.8800048828125,400.2698974609375,399.8299865722656,400.2698974609375,16640
2026-09-10 15:50:00+00:00,400.25,400.33990478515625,400.1499938964844,400.1650085449219,14395
2026-09-10 15:51:00+00:00,400.1520080566406,400.4299011230469,400.1520080566406,400.4150085449219,20468
2026-09-10 15:52:00+00:00,400.4299926757813,400.55999755859375,400.4100036621094,400.4400024414063,18339
2026-09-10 15:53:00+00:00,400.43499755859375,400.4599914550781,400.30999755859375,400.3210144042969,8177
2026-09-10 15:54:00+00:00,400.3399963378906,400.3699951171875,400.1600036621094,400.1875,37129
2026-09-10 15:55:00+00:00,400.1600036621094,400.2699890136719,400.0,400.2099914550781,11422
2026-09-10 15:56:00+00:00,400.2099914550781,400.25,400.1700134277344,400.1799011230469,10446
2026-09-10 15:57:00+00:00,400.1799926757813,400.30999755859375,400.1499938964844,400.1799926757813,7278
2026-09-10 15:58:00+00:00,400.1499938964844,400.3599853515625,400.1400146484375,400.3200073242188,12674
2026-09-10 15:59:00+00:00,400.3399963378906,400.364990234375,400.1900024414063,400.2000122070313,12310
2026-09-10 16:00:00+00:00,400.2099914550781,400.3999938964844,400.1000061035156,400.3999938964844,8681
2026-09-10 16:01:00+00:00,400.4200134277344,400.4599914550781,400.2200012207031,400.3799133300781,18160
2026-09-10 16:02:00+00:00,400.3489990234375,400.4400024414063,400.3399963378906,400.385009765625,3412
2026-09-10 16:03:00+00:00,400.3500061035156,400.5199890136719,400.239990234375,400.4299926757813,42975
2026-09-10 16:04:00+00:00,400.4400024414063,400.5750122070313,400.3699951171875,400.3781127929688,3961
2026-09-10 16:05:00+00:00,400.2999877929688,400.4549865722656,400.2200012207031,400.2200012207031,9955
2026-09-10 16:06:00+00:00,400.2200012207031,400.2200012207031,400.1050109863281,400.1300048828125,7526
2026-09-10 16:07:00+00:00,400.0950012207031,400.1400146484375,399.9500122070313,399.9949951171875,6476
2026-09-10 16:08:00+00:00,400.0150146484375,400.0260009765625,399.7000122070313,399.7099914550781,192986
2026-09-10 16:09:00+00:00,399.7000122070313,399.80999755859375,399.6400146484375,399.6499938964844,9045
2026-09-10 16:10:00+00:00,399.6499938964844,399.739990234375,399.4100036621094,399.4299926757813,6617
2026-09-10 16:11:00+00:00,399.4150085449219,399.4249877929688,399.2099914550781,399.2300109863281,42742
2026-09-10 16:12:00+00:00,399.1900024414063,399.4700012207031,399.0899963378906,399.4700012207031,9556
2026-09-10 16:13:00+00:00,399.4299926757813,399.5499877929688,399.4200134277344,399.5499877929688,7676
2026-09-10 16:14:00+00:00,399.55999755859375,399.7000122070313,399.5199890136719,399.5478820800781,12566
2026-09-10 16:15:00+00:00,399.5499877929688,399.739990234375,399.5400085449219,399.6083068847656,12287
2026-09-10 16:16:00+00:00,399.6000061035156,399.6300048828125,399.4508972167969,399.4700012207031,7595
2026-09-10 16:17:00+00:00,399.4700012207031,399.4800109863281,399.2301025390625,399.25,3762
2026-09-10 16:18:00+00:00,399.25,399.3699951171875,399.25,399.3599853515625,6211
2026-09-10 16:19:00+00:00,399.3699951171875,399.5849914550781,399.3699951171875,399.5700073242188,5094
2026-09-10 16:20:00+00:00,399.5899963378906,399.6900024414063,399.5499877929688,399.6530151367188,11321
2026-09-10 16:21:00+00:00,399.6700134277344,399.80999755859375,399.6700134277344,399.7900085449219,64352
2026-09-10 16:22:00+00:00,399.7799987792969,399.8299865722656,399.760009765625,399.8250122070313,2633
2026-09-10 16:23:00+00:00,399.80999755859375,399.8900146484375,399.75,399.760009765625,6882
2026-09-10 16:24:00+00:00,399.7300109863281,399.80999755859375,399.6600036621094,399.7650146484375,27047
2026-09-10 16:25:00+00:00,399.7749938964844,399.7900085449219,399.6600036621094,399.6799926757813,27153
2026-09-10 16:26:00+00:00,399.6900024414063,399.8599853515625,399.6600036621094,399.8399963378906,19493
2026-09-10 16:27:00+00:00,399.8699951171875,399.9049987792969,399.8299865722656,399.8949890136719,5998
2026-09-10 16:28:00+00:00,399.875,399.8900146484375,399.8500061035156,399.8800048828125,2699
2026-09-10 16:29:00+00:00,399.8900146484375,400.0,399.8800048828125,399.9200134277344,5161
2026-09-10 16:30:00+00:00,399.8999938964844,400.01800537109375,399.8200073242188,399.8299865722656,52317
2026-09-10 16:31:00+00:00,399.8399963378906,400.1000061035156,399.8399963378906,400.0,13242
2026-09-10 16:32:00+00:00,400.0,400.1600036621094,399.9700012207031,400.0849914550781,59856
2026-09-10 16:33:00+00:00,400.0849914550781,400.1099853515625,399.9800109863281,399.9800109863281,9390
2026-09-10 16:34:00+00:00,399.989990234375,400.0799865722656,399.3800048828125,399.4200134277344,67872
2026-09-10 16:35:00+00:00,399.4400024414063,399.5400085449219,399.2699890136719,399.3900146484375,11013
2026-09-10 16:36:00+00:00,399.3800048828125,399.6199951171875,399.3800048828125,399.5799865722656,5096
2026-09-10 16:37:00+00:00,399.5750122070313,399.7200012207031,399.5750122070313,399.6900024414063,3611
2026-09-10 16:38:00+00:00,399.6900024414063,399.7999877929688,399.6600036621094,399.6900024414063,1615
2026-09-10 16:39:00+00:00,399.6799926757813,399.7900085449219,399.635009765625,399.739990234375,81626
2026-09-10 16:40:00+00:00,399.739990234375,399.7799987792969,399.5799865722656,399.6700134277344,4151
2026-09-10 16:41:00+00:00,399.6900024414063,399.7200012207031,399.6400146484375,399.7200012207031,2039
2026-09-10 16:42:00+00:00,399.7799987792969,399.7799987792969,399.4500122070313,399.4700012207031,6777
2026-09-10 16:43:00+00:00,399.4100036621094,399.510009765625,399.3949890136719,399.510009765625,6794
2026-09-10 16:44:00+00:00,399.4992065429688,399.5799865722656,399.3550109863281,399.3699951171875,12359
2026-09-10 16:45:00+00:00,399.3900146484375,399.7554016113281,399.3900146484375,399.739990234375,10648
2026-09-10 16:46:00+00:00,399.7550048828125,399.80999755859375,399.5849914550781,399.7800903320313,10603
2026-09-10 16:47:00+00:00,399.7650146484375,399.9700012207031,399.7000122070313,399.9100036621094,8769
2026-09-10 16:48:00+00:00,399.93499755859375,399.9700012207031,399.760009765625,399.80999755859375,5014
2026-09-10 16:49:00+00:00,399.7950134277344,399.7950134277344,399.6050109863281,399.6900024414063,9970
2026-09-10 16:50:00+00:00,399.7099914550781,399.8900146484375,399.7099914550781,399.8800048828125,70191
2026-09-10 16:51:00+00:00,399.864990234375,399.9800109863281,399.8049926757813,399.9295959472656,49075
2026-09-10 16:52:00+00:00,399.9299011230469,400.0499877929688,399.875,399.875,13085
2026-09-10 16:53:00+00:00,399.8900146484375,400.05999755859375,399.8575134277344,399.989990234375,67684
2026-09-10 16:54:00+00:00,399.9800109863281,400.0050048828125,399.760009765625,399.8450012207031,14532
2026-09-10 16:55:00+00:00,399.8150024414063,399.8150024414063,399.7099914550781,399.7950134277344,4303
2026-09-10 16:56:00+00:00,399.8049926757813,399.8299865722656,399.7000122070313,399.7000122070313,5780
2026-09-10 16:57:00+00:00,399.7099914550781,399.8500061035156,399.7099914550781,399.7900085449219,57070
2026-09-10 16:58:00+00:00,399.79791259765625,400.0700073242188,399.79791259765625,400.0700073242188,8524
2026-09-10 16:59:00+00:00,400.0499877929688,400.05999755859375,399.9599914550781,400.05999755859375,5857
2026-09-10 17:00:00+00:00,400.0400085449219,400.0400085449219,399.8800048828125,399.989990234375,6425
2026-09-10 17:01:00+00:00,400.0199890136719,400.05999755859375,399.85101318359375,399.9050903320313,6469
2026-09-10 17:02:00+00:00,399.9249877929688,400.4800109863281,399.9100036621094,399.9500122070313,60157
2026-09-10 17:03:00+00:00,399.8800048828125,399.9100036621094,399.6401062011719,399.760009765625,73395
2026-09-10 17:04:00+00:00,399.760009765625,400.010009765625,399.6900024414063,400.010009765625,14702
2026-09-10 17:05:00+00:00,400.0300903320313,400.1000061035156,399.8150024414063,399.8299865722656,9215
2026-09-10 17:06:00+00:00,399.8200073242188,400.0,399.760009765625,399.9549865722656,6206
2026-09-10 17:07:00+00:00,399.9200134277344,399.9800109863281,399.9100036621094,399.9150085449219,8669
2026-09-10 17:08:00+00:00,399.9700012207031,400.0299987792969,399.8479919433594,399.9299926757813,21351
2026-09-10 17:09:00+00:00,399.8999938964844,399.9500122070313,399.760009765625,399.8500061035156,5893
2026-09-10 17:10:00+00:00,399.9599914550781,400.2300109863281,399.9599914550781,400.2300109863281,2686
2026-09-10 17:11:00+00:00,400.2200012207031,400.2587890625,400.1199951171875,400.2200012207031,3263
2026-09-10 17:12:00+00:00,400.25,400.27239990234375,400.1401062011719,400.1549987792969,9883
2026-09-10 17:13:00+00:00,400.1000061035156,400.1700134277344,399.9500122070313,399.9684143066406,20612
2026-09-10 17:14:00+00:00,399.9100036621094,399.9400024414063,399.8450012207031,399.93499755859375,3461
2026-09-10 17:15:00+00:00,399.9067993164063,399.9249877929688,399.8499145507813,399.8800048828125,1329
2026-09-10 17:16:00+00:00,399.9100036621094,400.1300048828125,399.8992004394531,400.0899963378906,4855
2026-09-10 17:17:00+00:00,400.0299987792969,400.0799865722656,399.9599914550781,399.9599914550781,4034
2026-09-10 17:18:00+00:00,399.9599914550781,400.05999755859375,399.8900146484375,399.968994140625,4972
2026-09-10 17:19:00+00:00,399.9649963378906,400.1499938964844,399.9200134277344,400.0799865722656,30885
2026-09-10 17:20:00+00:00,400.0400085449219,400.1300048828125,399.9700012207031,400.1300048828125,5629
2026-09-10 17:21:00+00:00,400.1199951171875,400.2000122070313,400.0650024414063,400.0664978027344,2952
2026-09-10 17:22:00+00:00,400.0499877929688,400.1899108886719,400.0400085449219,400.0400085449219,4609
2026-09-10 17:23:00+00:00,400.0499877929688,400.1600036621094,399.989990234375,399.989990234375,3401
2026-09-10 17:24:00+00:00,400.0050048828125,400.1900024414063,399.9200134277344,399.9200134277344,22629
2026-09-10 17:25:00+00:00,399.9599914550781,400.1300048828125,399.9400024414063,400.0,7430
2026-09-10 17:26:00+00:00,400.0199890136719,400.1700134277344,400.0199890136719,400.1600036621094,7548
2026-09-10 17:27:00+00:00,400.2000122070313,400.30999755859375,400.1799926757813,400.239990234375,14130
2026-09-10 17:28:00+00:00,400.25,400.3299865722656,400.1000061035156,400.2000122070313,12016
2026-09-10 17:29:00+00:00,400.2099914550781,400.2699890136719,400.05999755859375,400.239990234375,11586
2026-09-10 17:30:00+00:00,400.25,400.2865905761719,400.0199890136719,400.0799865722656,34729
2026-09-10 17:31:00+00:00,400.1000061035156,400.2200012207031,400.0499877929688,400.1799926757813,10502
2026-09-10 17:32:00+00:00,400.1799926757813,400.18499755859375,400.1099853515625,400.1700134277344,14900
2026-09-10 17:33:00+00:00,400.1700134277344,400.2000122070313,399.9150085449219,399.9299926757813,11204
2026-09-10 17:34:00+00:00,399.9200134277344,400.0700073242188,399.9200134277344,399.9500122070313,13434
2026-09-10 17:35:00+00:00,399.9500122070313,400.0350036621094,399.8699951171875,400.0299072265625,16654
2026-09-10 17:36:00+00:00,400.010009765625,400.0700073242188,399.9400024414063,400.0,13180
2026-09-10 17:37:00+00:00,400.0,400.010009765625,399.8699951171875,399.8699951171875,32847
2026-09-10 17:38:00+00:00,399.9200134277344,399.9450073242188,399.8200073242188,399.9400024414063,11616
2026-09-10 17:39:00+00:00,399.9400024414063,399.9400024414063,399.5499877929688,399.5799865722656,21320
2026-09-10 17:40:00+00:00,399.5499877929688,399.5549926757813,399.2999877929688,399.3399963378906,87110
2026-09-10 17:41:00+00:00,399.3250122070313,399.3900146484375,399.2799987792969,399.375,23488
2026-09-10 17:42:00+00:00,399.375,399.4100036621094,399.2999877929688,399.4100036621094,30409
2026-09-10 17:43:00+00:00,399.4100036621094,399.5799865722656,399.3900146484375,399.55999755859375,11173
2026-09-10 17:44:00+00:00,399.5499877929688,399.6700134277344,399.489990234375,399.6600036621094,19188
2026-09-10 17:45:00+00:00,399.6650085449219,399.7099914550781,399.5700073242188,399.6900024414063,9222
2026-09-10 17:46:00+00:00,399.6900024414063,399.7200012207031,399.4700012207031,399.4949951171875,14069
2026-09-10 17:47:00+00:00,399.489990234375,399.5899963378906,399.4400024414063,399.4700012207031,14184
2026-09-10 17:48:00+00:00,399.4599914550781,399.5199890136719,399.3999938964844,399.4241943359375,12789
2026-09-10 17:49:00+00:00,399.4500122070313,399.5199890136719,399.4100036621094,399.4949951171875,10691
2026-09-10 17:50:00+00:00,399.5,399.55999755859375,399.4501037597656,399.489990234375,3144
2026-09-10 17:51:00+00:00,399.5499877929688,399.6199035644531,399.5499877929688,399.6050109863281,1243
2026-09-10 17:52:00+00:00,399.6300048828125,399.7250061035156,399.6199951171875,399.635009765625,14940
2026-09-10 17:53:00+00:00,399.6400146484375,399.6787109375,399.5400085449219,399.5700073242188,4629
2026-09-10 17:54:00+00:00,399.6050109863281,399.7300109863281,399.6000061035156,399.6799926757813,36401
2026-09-10 17:55:00+00:00,399.6700134277344,399.6700134277344,399.4400024414063,399.4500122070313,1736
2026-09-10 17:56:00+00:00,399.4498901367188,399.4500122070313,399.239990234375,399.25,15014
2026-09-10 17:57:00+00:00,399.239990234375,399.239990234375,398.8999938964844,398.9299926757813,25379
2026-09-10 17:58:00+00:00,398.8999938964844,399.0400085449219,398.8999938964844,398.9299926757813,6107
2026-09-10 17:59:00+00:00,398.9400024414063,399.1700134277344,398.9400024414063,399.0400085449219,6616
2026-09-10 18:00:00+00:00,399.0400085449219,399.239990234375,398.9800109863281,399.239990234375,17313
2026-09-10 18:01:00+00:00,399.260009765625,399.3299865722656,398.855712890625,398.855712890625,15577
2026-09-10 18:02:00+00:00,398.8599853515625,399.05999755859375,398.6799926757813,399.0250854492188,14384
2026-09-10 18:03:00+00:00,398.9778137207031,398.9778137207031,398.6700134277344,398.7099914550781,9456
2026-09-10 18:04:00+00:00,398.7049865722656,398.9299926757813,398.6799926757813,398.8699951171875,11280
2026-09-10 18:05:00+00:00,398.8200073242188,398.8200073242188,398.5799865722656,398.7200012207031,9908
2026-09-10 18:06:00+00:00,398.6499938964844,398.8641357421875,398.5400085449219,398.7300109863281,27543
2026-09-10 18:07:00+00:00,398.6900024414063,398.7900085449219,398.6199951171875,398.7199096679688,11995
2026-09-10 18:08:00+00:00,398.7001037597656,398.7999877929688,398.239990234375,398.2699890136719,26950
2026-09-10 18:09:00+00:00,398.2799987792969,398.2799987792969,398.0328979492188,398.1900024414063,43002
2026-09-10 18:10:00+00:00,398.1700134277344,398.1700134277344,397.9400024414063,398.0549926757813,27578
2026-09-10 18:11:00+00:00,398.0700073242188,398.2300109863281,398.0499877929688,398.0698852539063,47533
2026-09-10 18:12:00+00:00,398.0499877929688,398.0799865722656,397.9299926757813,398.0700073242188,33760
2026-09-10 18:13:00+00:00,398.0750122070313,398.1499938964844,397.8999938964844,397.9010009765625,32751
2026-09-10 18:14:00+00:00,397.8999938964844,398.1017761230469,397.8999938964844,398.0299987792969,9568
2026-09-10 18:15:00+00:00,397.8900146484375,398.0499877929688,397.7099914550781,398.0499877929688,34895
2026-09-10 18:16:00+00:00,398.0650024414063,398.2999877929688,397.9500122070313,397.9599914550781,5558
2026-09-10 18:17:00+00:00,398.0400085449219,398.0499877929688,397.8900146484375,397.9649963378906,6009
2026-09-10 18:18:00+00:00,397.9599914550781,398.0700073242188,397.9200134277344,397.9800109863281,30812
2026-09-10 18:19:00+00:00,398.0,398.0899963378906,397.989990234375,398.0700073242188,6610
2026-09-10 18:20:00+00:00,398.0700073242188,398.2000122070313,398.0499877929688,398.1499938964844,4501
2026-09-10 18:21:00+00:00,398.1400146484375,398.2699890136719,398.05999755859375,398.1449890136719,5297
2026-09-10 18:22:00+00:00,398.1600036621094,398.2850036621094,398.1400146484375,398.2850036621094,5147
2026-09-10 18:23:00+00:00,398.2999877929688,398.4400024414063,398.2900085449219,398.3200073242188,6942
2026-09-10 18:24:00+00:00,398.3399963378906,398.36370849609375,398.1799926757813,398.2099914550781,11185
2026-09-10 18:25:00+00:00,398.25,398.3299865722656,398.1000061035156,398.1299133300781,6254
2026-09-10 18:26:00+00:00,398.1199951171875,398.1207885742188,397.6499938964844,397.7199096679688,15933
2026-09-10 18:27:00+00:00,397.7000122070313,397.760009765625,397.6700134277344,397.7000122070313,17301
2026-09-10 18:28:00+00:00,397.7000122070313,397.9599914550781,397.7000122070313,397.9400024414063,21128
2026-09-10 18:29:00+00:00,397.9299926757813,397.9299926757813,397.5899963378906,397.7200012207031,25838
2026-09-10 18:30:00+00:00,397.7300109863281,397.7449951171875,397.35009765625,397.5199890136719,21902
2026-09-10 18:31:00+00:00,397.4599914550781,397.6400146484375,397.4500122070313,397.6076049804688,15085
2026-09-10 18:32:00+00:00,397.6000061035156,397.6099853515625,397.4500122070313,397.489990234375,25767
2026-09-10 18:33:00+00:00,397.4599914550781,397.4700012207031,397.1900024414063,397.2200012207031,21709
2026-09-10 18:34:00+00:00,397.2300109863281,397.4700012207031,397.1700134277344,397.4200134277344,16279
2026-09-10 18:35:00+00:00,397.4549865722656,397.4700012207031,397.385009765625,397.4200134277344,14899
2026-09-10 18:36:00+00:00,397.4299926757813,397.4700012207031,397.2999877929688,397.2999877929688,7087
2026-09-10 18:37:00+00:00,397.30999755859375,397.3200073242188,397.2200012207031,397.2749938964844,7153
2026-09-10 18:38:00+00:00,397.2699890136719,397.4198913574219,397.2200012207031,397.30999755859375,52407
2026-09-10 18:39:00+00:00,397.3399963378906,397.3800048828125,397.2699890136719,397.3399963378906,6466
2026-09-10 18:40:00+00:00,397.3299865722656,397.3299865722656,397.1199951171875,397.1549987792969,40171
2026-09-10 18:41:00+00:00,397.1700134277344,397.4200134277344,397.135009765625,397.375,7126
2026-09-10 18:42:00+00:00,397.4100036621094,397.4549865722656,397.3200073242188,397.3399963378906,4613
2026-09-10 18:43:00+00:00,397.3374938964844,397.3598937988281,397.2300109863281,397.2804870605469,2934
2026-09-10 18:44:00+00:00,397.2699890136719,397.3500061035156,397.239990234375,397.2950134277344,9457
2026-09-10 18:45:00+00:00,397.2799987792969,397.2799987792969,397.1400146484375,397.1499938964844,18098
2026-09-10 18:46:00+00:00,397.15631103515625,397.2000122070313,397.0700073242188,397.1099853515625,29380
2026-09-10 18:47:00+00:00,397.1099853515625,397.1300048828125,397.0299987792969,397.0499877929688,20677
2026-09-10 18:48:00+00:00,397.0700073242188,397.1099853515625,396.9500122070313,396.989990234375,26251
2026-09-10 18:49:00+00:00,397.010009765625,397.3299865722656,396.9700012207031,397.0799865722656,38875
2026-09-10 18:50:00+00:00,397.0650024414063,397.1700134277344,396.8800048828125,397.1700134277344,15724
2026-09-10 18:51:00+00:00,397.1499938964844,397.6700134277344,397.0799865722656,397.5199890136719,33069
2026-09-10 18:52:00+00:00,397.5299987792969,397.6900024414063,397.3800048828125,397.5750122070313,23517
2026-09-10 18:53:00+00:00,397.5700073242188,397.5700073242188,397.1799926757813,397.1799926757813,15434
2026-09-10 18:54:00+00:00,397.1799926757813,397.25,396.9700012207031,397.0199890136719,23621
2026-09-10 18:55:00+00:00,397.0249938964844,397.3900146484375,397.0,397.3800048828125,21740
2026-09-10 18:56:00+00:00,397.3800048828125,397.5299987792969,397.3800048828125,397.4400024414063,27429
2026-09-10 18:57:00+00:00,397.4400024414063,397.4400024414063,397.1650085449219,397.1650085449219,14372
2026-09-10 18:58:00+00:00,397.1650085449219,397.2099914550781,397.010009765625,397.114990234375,12761
2026-09-10 18:59:00+00:00,397.1199951171875,397.3049926757813,397.1199951171875,397.2000122070313,56871
2026-09-10 19:00:00+00:00,397.1799926757813,397.2000122070313,396.5499877929688,396.5799865722656,64703
2026-09-10 19:01:00+00:00,396.6099853515625,396.6799926757813,396.0300903320313,396.1400146484375,84158
2026-09-10 19:02:00+00:00,396.1400146484375,396.1900024414063,395.5899963378906,395.5950012207031,71528
2026-09-10 19:03:00+00:00,395.5799865722656,395.7349853515625,395.4509887695313,395.5799865722656,60201
2026-09-10 19:04:00+00:00,395.5799865722656,395.7799987792969,395.5700073242188,395.6900024414063,52335
2026-09-10 19:05:00+00:00,395.6799926757813,395.9249877929688,395.6600036621094,395.8599853515625,28032
2026-09-10 19:06:00+00:00,395.8399963378906,396.0700073242188,395.7999877929688,395.9500122070313,28978
2026-09-10 19:07:00+00:00,395.9400024414063,396.0400085449219,395.760009765625,395.760009765625,24229
2026-09-10 19:08:00+00:00,395.760009765625,395.9200134277344,395.7300109863281,395.80999755859375,24095
2026-09-10 19:09:00+00:00,395.8150024414063,396.4500122070313,395.7999877929688,396.4500122070313,105963
2026-09-10 19:10:00+00:00,396.4400024414063,396.4500122070313,396.0400085449219,396.0799865722656,19988
2026-09-10 19:11:00+00:00,396.1300048828125,396.2000122070313,396.0299987792969,396.1099853515625,13142
2026-09-10 19:12:00+00:00,396.0899963378906,396.3900146484375,396.0899963378906,396.1500854492188,13332
2026-09-10 19:13:00+00:00,396.1600036621094,396.2200012207031,396.1000061035156,396.1499938964844,16800
2026-09-10 19:14:00+00:00,396.1400146484375,396.2690124511719,396.0299987792969,396.239990234375,12912
2026-09-10 19:15:00+00:00,396.25,396.3599853515625,396.1600036621094,396.1799926757813,38444
2026-09-10 19:16:00+00:00,396.1700134277344,396.2200012207031,395.9500122070313,396.0389099121094,18443
2026-09-10 19:17:00+00:00,396.05999755859375,396.1799011230469,396.0499877929688,396.0499877929688,6625
2026-09-10 19:18:00+00:00,396.0499877929688,396.1199951171875,396.0199890136719,396.0899963378906,7106
2026-09-10 19:19:00+00:00,396.05999755859375,396.1600036621094,396.0,396.1199951171875,16286
2026-09-10 19:20:00+00:00,396.1300048828125,396.3699951171875,396.1000061035156,396.2699890136719,15504
2026-09-10 19:21:00+00:00,396.2799987792969,396.3900146484375,396.260009765625,396.364990234375,12504
2026-09-10 19:22:00+00:00,396.3800048828125,396.4700012207031,396.375,396.4249877929688,16037
2026-09-10 19:23:00+00:00,396.4249877929688,396.4800109863281,396.3699951171875,396.3900146484375,9324
2026-09-10 19:24:00+00:00,396.3999938964844,396.9100036621094,396.3900146484375,396.8900146484375,51730
2026-09-10 19:25:00+00:00,396.8800048828125,397.0499877929688,396.8399963378906,396.8399963378906,18907
2026-09-10 19:26:00+00:00,396.8800048828125,396.9549865722656,396.8500061035156,396.9400024414063,362481
2026-09-10 19:27:00+00:00,396.9584045410156,396.989990234375,396.8599853515625,396.9849853515625,7456
2026-09-10 19:28:00+00:00,396.9700012207031,396.9700012207031,396.739990234375,396.7699890136719,28559
2026-09-10 19:29:00+00:00,396.760009765625,396.7900085449219,396.6099853515625,396.6799926757813,27878
2026-09-10 19:30:00+00:00,396.6900024414063,396.739990234375,396.489990234375,396.510009765625,33320
2026-09-10 19:31:00+00:00,396.5,396.9200134277344,396.4800109863281,396.9100036621094,38417
2026-09-10 19:32:00+00:00,396.8900146484375,396.8999938964844,396.6600036621094,396.68499755859375,23142
2026-09-10 19:33:00+00:00,396.7000122070313,396.7000122070313,396.5,396.6099853515625,20327
2026-09-10 19:34:00+00:00,396.6589965820313,396.7250061035156,396.4949951171875,396.6705017089844,24219
2026-09-10 19:35:00+00:00,396.6900024414063,396.7099914550781,396.5899963378906,396.6300048828125,33293
2026-09-10 19:36:00+00:00,396.6650085449219,396.7900085449219,396.55999755859375,396.7699890136719,14523
2026-09-10 19:37:00+00:00,396.7900085449219,396.7950134277344,396.4800109863281,396.5400085449219,17938
2026-09-10 19:38:00+00:00,396.55999755859375,396.6300048828125,396.4299926757813,396.614990234375,11452
2026-09-10 19:39:00+00:00,396.5899963378906,396.6900024414063,396.55999755859375,396.6799926757813,12374
2026-09-10 19:40:00+00:00,396.6900024414063,396.7799987792969,396.6600036621094,396.6950073242188,11976
2026-09-10 19:41:00+00:00,396.6950073242188,396.739990234375,396.6000061035156,396.6199951171875,7166
2026-09-10 19:42:00+00:00,396.6199951171875,396.6900024414063,396.4700012207031,396.510009765625,10263
2026-09-10 19:43:00+00:00,396.510009765625,396.5150146484375,396.3800048828125,396.4400024414063,15424
2026-09-10 19:44:00+00:00,396.4400024414063,396.4849853515625,396.3900146484375,396.4500122070313,29206
2026-09-10 19:45:00+00:00,396.4599914550781,396.5400085449219,396.4400024414063,396.5199890136719,44869
2026-09-10 19:46:00+00:00,396.5000915527344,396.5899963378906,396.2999877929688,396.2999877929688,80483
2026-09-10 19:47:00+00:00,396.2900085449219,396.4400024414063,396.2799987792969,396.3599853515625,18661
2026-09-10 19:48:00+00:00,396.3699951171875,396.40960693359375,396.1600036621094,396.1600036621094,37097
2026-09-10 19:49:00+00:00,396.1499938964844,396.3399963378906,396.0899963378906,396.30999755859375,15763
2026-09-10 19:50:00+00:00,396.2999877929688,396.3699951171875,396.1400146484375,396.1600036621094,58591
2026-09-10 19:51:00+00:00,396.1650085449219,396.1650085449219,396.0499877929688,396.1400146484375,31126
2026-09-10 19:52:00+00:00,396.1300048828125,396.3200073242188,396.1000061035156,396.1600036621094,34272
2026-09-10 19:53:00+00:00,396.1650085449219,396.4800109863281,396.1300048828125,396.46099853515625,72137
2026-09-10 19:54:00+00:00,396.4700012207031,396.5,396.3500061035156,396.3900146484375,43658
2026-09-10 19:55:00+00:00,396.3900146484375,396.43499755859375,396.2799987792969,396.3999938964844,42976
2026-09-10 19:56:00+00:00,396.3999938964844,396.4500122070313,396.3699951171875,396.4400024414063,34798
2026-09-10 19:57:00+00:00,396.4299926757813,396.489990234375,396.2900085449219,396.2999877929688,54914
2026-09-10 19:58:00+00:00,396.2799987792969,396.4299926757813,396.239990234375,396.3699951171875,130226
2026-09-10 19:59:00+00:00,396.3599853515625,396.4500122070313,396.2300109863281,396.4500122070313,144663
2026-09-11 13:30:00+00:00,402.5260009765625,402.6400146484375,402.1900024414063,402.3299865722656,1292489
2026-09-11 13:31:00+00:00,402.2799987792969,402.2799987792969,401.760009765625,401.7999877929688,34054
2026-09-11 13:32:00+00:00,401.8399963378906,402.3399963378906,401.7300109863281,402.0249938964844,20598
2026-09-11 13:33:00+00:00,402.0499877929688,402.2750854492188,401.9299926757813,402.2650146484375,43076
2026-09-11 13:34:00+00:00,402.2300109863281,402.989990234375,402.2300109863281,402.989990234375,38752
2026-09-11 13:35:00+00:00,402.9800109863281,403.4500122070313,402.9599914550781,403.1000061035156,27862
2026-09-11 13:36:00+00:00,403.0899963378906,403.1499938964844,402.6900024414063,402.7950134277344,20784
2026-09-11 13:37:00+00:00,402.760009765625,403.03021240234375,402.75,402.8799133300781,56132
2026-09-11 13:38:00+00:00,402.864990234375,402.864990234375,401.9200134277344,402.1050109863281,26691
2026-09-11 13:39:00+00:00,402.05999755859375,402.5499877929688,402.05999755859375,402.5499877929688,15287
2026-09-11 13:40:00+00:00,402.5899963378906,403.4599914550781,402.239990234375,402.9100036621094,117974
2026-09-11 13:41:00+00:00,402.8699951171875,402.9299926757813,402.6700134277344,402.7200012207031,25702
2026-09-11 13:42:00+00:00,402.6400146484375,402.8900146484375,402.5799865722656,402.7799987792969,101123
2026-09-11 13:43:00+00:00,402.7699890136719,402.8800048828125,402.6199951171875,402.6419067382813,31184
2026-09-11 13:44:00+00:00,402.6499938964844,402.9100036621094,402.3800048828125,402.9100036621094,16901
2026-09-11 13:45:00+00:00,402.9599914550781,403.0700073242188,402.7699890136719,402.8800048828125,11671
2026-09-11 13:46:00+00:00,402.8200073242188,403.4400024414063,402.8200073242188,403.2250061035156,26923
2026-09-11 13:47:00+00:00,403.2349853515625,403.4849853515625,403.1477966308594,403.4800109863281,20999
2026-09-11 13:48:00+00:00,403.4800109863281,403.4800109863281,402.6799926757813,402.7099914550781,16242
2026-09-11 13:49:00+00:00,402.760009765625,402.8699951171875,402.5199890136719,402.7900085449219,9308
2026-09-11 13:50:00+00:00,402.7898864746094,402.8500061035156,402.6600036621094,402.7300109863281,7876
2026-09-11 13:51:00+00:00,402.5,402.6600036621094,402.4500122070313,402.5299987792969,12312
2026-09-11 13:52:00+00:00,402.5499877929688,402.5799865722656,402.2699890136719,402.3500061035156,10879
2026-09-11 13:53:00+00:00,402.3399963378906,402.760009765625,402.3399963378906,402.6099853515625,10107
2026-09-11 13:54:00+00:00,402.635009765625,402.6700134277344,402.385009765625,402.4299926757813,30844
2026-09-11 13:55:00+00:00,402.4700012207031,402.55999755859375,402.3900146484375,402.4800109863281,16580
2026-09-11 13:56:00+00:00,402.4800109863281,402.5700073242188,402.4400024414063,402.5199890136719,9138
2026-09-11 13:57:00+00:00,402.510009765625,402.510009765625,402.2300109863281,402.4771118164063,9041
2026-09-11 13:58:00+00:00,402.5299987792969,403.0799865722656,402.5249938964844,403.0400085449219,8832
2026-09-11 13:59:00+00:00,403.0400085449219,403.6499938964844,403.0400085449219,403.5849914550781,46709
2026-09-11 14:00:00+00:00,403.5400085449219,403.6199951171875,402.760009765625,402.760009765625,75527
2026-09-11 14:01:00+00:00,402.760009765625,402.760009765625,401.9599914550781,401.989990234375,23355
2026-09-11 14:02:00+00:00,401.989990234375,402.05999755859375,401.7099914550781,402.0,107756
2026-09-11 14:03:00+00:00,402.05999755859375,402.30999755859375,402.0199890136719,402.260009765625,31850
2026-09-11 14:04:00+00:00,402.2900085449219,402.5849914550781,402.25,402.5799865722656,21445
2026-09-11 14:05:00+00:00,402.4500122070313,402.55999755859375,402.2000122070313,402.2099914550781,49854
2026-09-11 14:06:00+00:00,402.2300109863281,402.4400024414063,402.1600036621094,402.3200988769531,33104
2026-09-11 14:07:00+00:00,402.3299865722656,402.5150146484375,402.1499938964844,402.2300109863281,48132
2026-09-11 14:08:00+00:00,402.2300109863281,402.6799926757813,402.1199951171875,402.4049987792969,68065
2026-09-11 14:09:00+00:00,402.364990234375,402.3999938964844,402.1600036621094,402.2900085449219,40948
2026-09-11 14:10:00+00:00,402.2650146484375,402.30999755859375,402.0,402.1499938964844,26335
2026-09-11 14:11:00+00:00,402.2000122070313,402.2799987792969,402.0400085449219,402.2000122070313,46987
2026-09-11 14:12:00+00:00,402.2000122070313,402.2099914550781,401.75,401.8900146484375,27538
2026-09-11 14:13:00+00:00,401.8699951171875,402.1099853515625,401.8399963378906,401.9500122070313,33318
2026-09-11 14:14:00+00:00,401.9649963378906,402.1199951171875,401.8800048828125,401.93499755859375,25296
2026-09-11 14:15:00+00:00,401.8500061035156,402.0400085449219,401.7200012207031,401.9299926757813,30874
2026-09-11 14:16:00+00:00,401.9599914550781,401.9649963378906,401.510009765625,401.5299987792969,53376
2026-09-11 14:17:00+00:00,401.5199890136719,401.7149963378906,401.4501037597656,401.6300048828125,29010
2026-09-11 14:18:00+00:00,401.6199951171875,401.6199951171875,401.2650146484375,401.5700073242188,31290
2026-09-11 14:19:00+00:00,401.5799865722656,401.8800048828125,401.4500122070313,401.8299865722656,63162
2026-09-11 14:20:00+00:00,401.8800048828125,402.010009765625,401.6799926757813,401.8900146484375,216328
2026-09-11 14:21:00+00:00,401.9700012207031,402.1000061035156,401.760009765625,402.010009765625,50023
2026-09-11 14:22:00+00:00,402.0400085449219,402.0899963378906,401.8399963378906,402.0400085449219,65127
2026-09-11 14:23:00+00:00,402.0450134277344,402.0450134277344,401.7000122070313,401.7699890136719,66795
2026-09-11 14:24:00+00:00,401.760009765625,401.8399963378906,401.4299926757813,401.55999755859375,18940
2026-09-11 14:25:00+00:00,401.5799865722656,401.5799865722656,401.1700134277344,401.260009765625,22388
2026-09-11 14:26:00+00:00,401.239990234375,401.3900146484375,401.1300048828125,401.260009765625,34613
2026-09-11 14:27:00+00:00,401.25,401.4700012207031,401.2099914550781,401.375,25631
2026-09-11 14:28:00+00:00,401.3699951171875,401.4599914550781,401.1650085449219,401.2099914550781,19761
2026-09-11 14:29:00+00:00,401.260009765625,401.4200134277344,401.2000122070313,401.2000122070313,20814
2026-09-11 14:30:00+00:00,401.2000122070313,401.2000122070313,400.8999938964844,401.0299987792969,18065
2026-09-11 14:31:00+00:00,401.010009765625,401.1099853515625,400.82470703125,400.8299865722656,21116
2026-09-11 14:32:00+00:00,400.8450012207031,401.0563049316406,400.8071899414063,401.0400085449219,4808
2026-09-11 14:33:00+00:00,401.05999755859375,401.2000122070313,400.8949890136719,401.05999755859375,4350
2026-09-11 14:34:00+00:00,401.0499877929688,401.05999755859375,400.8200073242188,400.8500061035156,11310
2026-09-11 14:35:00+00:00,400.80999755859375,400.9500122070313,400.7699890136719,400.7999877929688,4261
2026-09-11 14:36:00+00:00,400.7900085449219,400.7900085449219,400.3999938964844,400.4800109863281,44484
2026-09-11 14:37:00+00:00,400.5101013183594,400.7799987792969,400.489990234375,400.6900024414063,6195
2026-09-11 14:38:00+00:00,400.6400146484375,400.6400146484375,400.239990234375,400.3399963378906,12447
2026-09-11 14:39:00+00:00,400.30999755859375,400.5137023925781,400.2999877929688,400.510009765625,9576
2026-09-11 14:40:00+00:00,400.5450134277344,400.8800048828125,400.4849853515625,400.6499938964844,35011
2026-09-11 14:41:00+00:00,400.6698913574219,400.8200073242188,400.5300903320313,400.7999877929688,6482
2026-09-11 14:42:00+00:00,400.760009765625,400.7799987792969,400.5616149902344,400.6199951171875,12762
2026-09-11 14:43:00+00:00,400.6400146484375,400.7799987792969,400.614990234375,400.6700134277344,3035
2026-09-11 14:44:00+00:00,400.6700134277344,400.9150085449219,400.6700134277344,400.7900085449219,5476
2026-09-11 14:45:00+00:00,400.9400024414063,401.239990234375,400.9400024414063,401.1400146484375,22842
2026-09-11 14:46:00+00:00,401.1600036621094,401.3200073242188,401.05999755859375,401.3200073242188,6072
2026-09-11 14:47:00+00:00,401.2650146484375,401.364990234375,401.0499877929688,401.0729064941406,4009
2026-09-11 14:48:00+00:00,401.0899963378906,402.05999755859375,400.9299926757813,401.5549926757813,78622
2026-09-11 14:49:00+00:00,401.5499877929688,401.6499938964844,401.3699951171875,401.635009765625,12890
2026-09-11 14:50:00+00:00,401.4800109863281,401.6799926757813,401.3550109863281,401.6600036621094,5624
2026-09-11 14:51:00+00:00,401.6700134277344,401.9500122070313,401.6700134277344,401.7749938964844,6901
2026-09-11 14:52:00+00:00,401.8200073242188,401.9800109863281,401.6050109863281,401.6050109863281,28723
2026-09-11 14:53:00+00:00,401.6000061035156,401.6300048828125,401.4500122070313,401.510009765625,7251
2026-09-11 14:54:00+00:00,401.5199890136719,401.7049865722656,401.4599914550781,401.4700012207031,12428
2026-09-11 14:55:00+00:00,401.4200134277344,401.4549865722656,401.0600891113281,401.0899963378906,9084
2026-09-11 14:56:00+00:00,401.1000061035156,401.2300109863281,401.0799865722656,401.2099914550781,5156
2026-09-11 14:57:00+00:00,401.1749877929688,401.1749877929688,401.0,401.05999755859375,6705
2026-09-11 14:58:00+00:00,401.010009765625,401.05999755859375,400.8200073242188,400.8200073242188,17035
2026-09-11 14:59:00+00:00,400.80999755859375,400.80999755859375,400.7300109863281,400.7650146484375,8228
2026-09-11 15:00:00+00:00,400.7000122070313,400.8999938964844,400.5499877929688,400.8500061035156,19698
2026-09-11 15:01:00+00:00,400.8800048828125,400.9294128417969,400.7168884277344,400.8399963378906,40206
2026-09-11 15:02:00+00:00,400.8200073242188,400.8200073242188,400.5050048828125,400.5299987792969,7367
2026-09-11 15:03:00+00:00,400.5700073242188,400.5700073242188,400.3699951171875,400.5499877929688,53542
2026-09-11 15:04:00+00:00,400.5700073242188,400.6400146484375,400.5249938964844,400.6400146484375,5889
2026-09-11 15:05:00+00:00,400.6199951171875,400.739990234375,400.5700073242188,400.6099853515625,5684
2026-09-11 15:06:00+00:00,400.6390075683594,400.7049865722656,400.5499877929688,400.5700073242188,4219
2026-09-11 15:07:00+00:00,400.55999755859375,400.55999755859375,400.1600036621094,400.3049926757813,21272
2026-09-11 15:08:00+00:00,400.30999755859375,400.3200073242188,399.9599914550781,400.0650024414063,32058
2026-09-11 15:09:00+00:00,400.0700073242188,400.1000061035156,399.8800048828125,400.0499877929688,14533
2026-09-11 15:10:00+00:00,399.989501953125,400.0799865722656,399.9400024414063,400.0799865722656,16759
2026-09-11 15:11:00+00:00,400.0799865722656,400.0899963378906,399.8900146484375,400.0,13583
2026-09-11 15:12:00+00:00,400.010009765625,400.05999755859375,399.7898864746094,399.7898864746094,9609
2026-09-11 15:13:00+00:00,399.7300109863281,399.8599853515625,399.6799926757813,399.8399963378906,15645
2026-09-11 15:14:00+00:00,399.8500061035156,400.1300048828125,399.7500915527344,400.0,122830
2026-09-11 15:15:00+00:00,400.0199890136719,400.16790771484375,399.9700012207031,400.1300048828125,21525
2026-09-11 15:16:00+00:00,400.1087036132813,400.2900085449219,399.989990234375,400.2900085449219,10392
2026-09-11 15:17:00+00:00,400.239990234375,400.2900085449219,400.1400146484375,400.1950073242188,15347
2026-09-11 15:18:00+00:00,400.1900024414063,400.1900024414063,399.8901977539063,399.9649963378906,6263
2026-09-11 15:19:00+00:00,399.9299926757813,399.98919677734375,399.8900146484375,399.9299926757813,18323
2026-09-11 15:20:00+00:00,399.9500122070313,400.1950073242188,399.9500122070313,400.0400085449219,7159
2026-09-11 15:21:00+00:00,400.1099853515625,400.493896484375,400.1099853515625,400.3999938964844,7549
2026-09-11 15:22:00+00:00,400.4201049804688,400.4599914550781,400.1400146484375,400.25,24550
2026-09-11 15:23:00+00:00,400.2200012207031,400.33099365234375,400.0899963378906,400.30999755859375,25506
2026-09-11 15:24:00+00:00,400.31939697265625,400.3900146484375,400.0700073242188,400.2300109863281,33054
2026-09-11 15:25:00+00:00,400.260009765625,400.4049987792969,400.2300109863281,400.2699890136719,9319
2026-09-11 15:26:00+00:00,400.2799987792969,400.489990234375,400.2799987792969,400.3399963378906,14244
2026-09-11 15:27:00+00:00,400.4200134277344,400.7828063964844,400.4200134277344,400.6799926757813,27085
2026-09-11 15:28:00+00:00,400.7099914550781,400.9200134277344,400.6600036621094,400.6600036621094,14825
2026-09-11 15:29:00+00:00,400.7000122070313,400.75,400.5799865722656,400.7000122070313,318469
2026-09-11 15:30:00+00:00,400.6700134277344,400.7699890136719,400.54010009765625,400.75,4548
2026-09-11 15:31:00+00:00,400.7300109863281,400.80999755859375,400.6400146484375,400.7900085449219,11203
2026-09-11 15:32:00+00:00,400.7749938964844,401.0899963378906,400.739990234375,401.0450134277344,12343
2026-09-11 15:33:00+00:00,401.0450134277344,401.1900024414063,400.9500122070313,401.1400146484375,10005
2026-09-11 15:34:00+00:00,401.1199951171875,401.1199951171875,400.9400024414063,401.010009765625,8514
2026-09-11 15:35:00+00:00,400.9498901367188,401.010009765625,400.75,400.7799987792969,88439
2026-09-11 15:36:00+00:00,400.8900146484375,400.9200134277344,400.7900085449219,400.9200134277344,6501
2026-09-11 15:37:00+00:00,400.9400024414063,401.3200073242188,400.9400024414063,401.1499938964844,13155
2026-09-11 15:38:00+00:00,401.1199951171875,401.1199951171875,400.9700012207031,401.0899963378906,12440
2026-09-11 15:39:00+00:00,401.1000061035156,401.1400146484375,401.0199890136719,401.05999755859375,33425
2026-09-11 15:40:00+00:00,401.0400085449219,401.0400085449219,400.760009765625,400.8150024414063,9487
2026-09-11 15:41:00+00:00,400.7999877929688,400.8800048828125,400.7200012207031,400.8699035644531,4427
2026-09-11 15:42:00+00:00,400.8049926757813,400.9100036621094,400.7950134277344,400.8699951171875,3390
2026-09-11 15:43:00+00:00,400.8800048828125,401.1449890136719,400.8800048828125,401.0,7263
2026-09-11 15:44:00+00:00,400.989990234375,401.0698852539063,400.8800048828125,400.9390869140625,5277
2026-09-11 15:45:00+00:00,400.9100036621094,400.9100036621094,400.75,400.7699890136719,6905
2026-09-11 15:46:00+00:00,400.7900085449219,400.8200073242188,400.75,400.7900085449219,2627
2026-09-11 15:47:00+00:00,400.75,400.7550048828125,400.6000061035156,400.6499938964844,9040
2026-09-11 15:48:00+00:00,400.6000061035156,400.7099914550781,400.5400085449219,400.6499938964844,5019
2026-09-11 15:49:00+00:00,400.6499938964844,400.9450073242188,400.6300048828125,400.9450073242188,4747
2026-09-11 15:50:00+00:00,400.9549865722656,400.9700012207031,400.80999755859375,400.9400024414063,4518
2026-09-11 15:51:00+00:00,400.93499755859375,400.9800109863281,400.8299865722656,400.8999938964844,7597
2026-09-11 15:52:00+00:00,400.8949890136719,400.8949890136719,400.7699890136719,400.7699890136719,34565
2026-09-11 15:53:00+00:00,400.739990234375,400.739990234375,400.3599853515625,400.3699951171875,36346
2026-09-11 15:54:00+00:00,400.3699951171875,400.5799865722656,400.2900085449219,400.55999755859375,25157
2026-09-11 15:55:00+00:00,400.5400085449219,400.55999755859375,400.4800109863281,400.5,3031
2026-09-11 15:56:00+00:00,400.4599914550781,400.489990234375,400.25,400.2699890136719,10145
2026-09-11 15:57:00+00:00,400.2799987792969,400.3999938964844,400.2799987792969,400.2999877929688,3557
2026-09-11 15:58:00+00:00,400.3399963378906,400.3500061035156,400.2099914550781,400.2550048828125,12610
2026-09-11 15:59:00+00:00,400.2699890136719,400.4100036621094,400.239990234375,400.3999938964844,6614
2026-09-11 16:00:00+00:00,400.3800048828125,400.6900024414063,400.3800048828125,400.6799926757813,38348
2026-09-11 16:01:00+00:00,400.6900024414063,400.739990234375,400.5400085449219,400.5400085449219,13031
2026-09-11 16:02:00+00:00,400.5199890136719,400.6499938964844,400.510009765625,400.6499938964844,3200
2026-09-11 16:03:00+00:00,400.6000061035156,400.7300109863281,400.6000061035156,400.6900024414063,4612
2026-09-11 16:04:00+00:00,400.7099914550781,400.864990234375,400.7000122070313,400.7999877929688,4049
2026-09-11 16:05:00+00:00,400.7699890136719,400.8783874511719,400.75,400.774658203125,7352
2026-09-11 16:06:00+00:00,400.760009765625,400.7699890136719,400.6600036621094,400.6600036621094,5505
2026-09-11 16:07:00+00:00,400.6600036621094,400.6900024414063,400.4150085449219,400.4150085449219,12004
2026-09-11 16:08:00+00:00,400.4150085449219,400.4599914550781,400.2999877929688,400.3599853515625,16135
2026-09-11 16:09:00+00:00,400.3699951171875,400.4200134277344,400.3200073242188,400.3999938964844,6336
2026-09-11 16:10:00+00:00,400.3999938964844,400.4500122070313,400.3299865722656,400.3599853515625,10332
2026-09-11 16:11:00+00:00,400.3699951171875,400.6099853515625,400.3599853515625,400.489990234375,39100
2026-09-11 16:12:00+00:00,400.5,400.5,400.385009765625,400.3900146484375,4726
2026-09-11 16:13:00+00:00,400.3900146484375,400.3900146484375,400.1799926757813,400.2200012207031,6308
2026-09-11 16:14:00+00:00,400.1700134277344,400.1900024414063,399.8399963378906,399.8599853515625,12228
2026-09-11 16:15:00+00:00,399.8399963378906,399.9200134277344,399.760009765625,399.9200134277344,9499
2026-09-11 16:16:00+00:00,399.9533996582031,399.9533996582031,399.8500061035156,399.9100036621094,4778
2026-09-11 16:17:00+00:00,399.9100036621094,400.0499877929688,399.9100036621094,399.965087890625,8042
2026-09-11 16:18:00+00:00,399.9999084472656,400.0499877929688,399.9049987792969,400.0499877929688,3286
2026-09-11 16:19:00+00:00,400.0,400.0499877929688,399.6700134277344,399.7000122070313,10810
2026-09-11 16:20:00+00:00,399.7000122070313,399.8399963378906,399.6600036621094,399.6600036621094,10353
2026-09-11 16:21:00+00:00,399.6700134277344,399.8200073242188,399.6619873046875,399.6619873046875,6398
2026-09-11 16:22:00+00:00,399.6300048828125,399.6600036621094,399.5400085449219,399.5849914550781,17382
2026-09-11 16:23:00+00:00,399.5899963378906,399.75,399.3100891113281,399.3299865722656,16548
2026-09-11 16:24:00+00:00,399.3299865722656,399.3299865722656,399.05999755859375,399.1199951171875,13677
2026-09-11 16:25:00+00:00,399.1300048828125,399.239990234375,399.1199951171875,399.239990234375,10251
2026-09-11 16:26:00+00:00,399.1864013671875,399.4599914550781,399.1864013671875,399.4299926757813,8626
2026-09-11 16:27:00+00:00,399.4299926757813,399.8200073242188,399.4299926757813,399.7099914550781,19707
2026-09-11 16:28:00+00:00,399.6799926757813,399.9800109863281,399.6799926757813,399.9800109863281,23710
2026-09-11 16:29:00+00:00,399.9800109863281,399.9800109863281,399.2300109863281,399.2550048828125,110434
2026-09-11 16:30:00+00:00,399.2799987792969,399.5,399.1199951171875,399.4299926757813,29392
2026-09-11 16:31:00+00:00,399.4500122070313,399.5400085449219,399.3800048828125,399.4500122070313,2803
2026-09-11 16:32:00+00:00,399.5299987792969,399.8800048828125,399.3599853515625,399.8299865722656,11945
2026-09-11 16:33:00+00:00,399.8200073242188,400.1549987792969,399.8200073242188,400.1549987792969,20550
2026-09-11 16:34:00+00:00,400.1600036621094,400.2300109863281,400.0942993164063,400.1600036621094,45388
2026-09-11 16:35:00+00:00,400.1000061035156,400.1000061035156,399.9500122070313,399.9500122070313,4236
2026-09-11 16:36:00+00:00,399.9399108886719,399.9500122070313,399.6600036621094,399.739990234375,5435
2026-09-11 16:37:00+00:00,399.7200012207031,399.8900146484375,399.6900024414063,399.8900146484375,4100
2026-09-11 16:38:00+00:00,399.9100036621094,400.0199890136719,399.8999938964844,399.8999938964844,15807
2026-09-11 16:39:00+00:00,399.9075012207031,399.9075012207031,399.7099914550781,399.7999877929688,4612
2026-09-11 16:40:00+00:00,399.6900024414063,400.0700073242188,399.6300048828125,400.0700073242188,4971
2026-09-11 16:41:00+00:00,400.0499877929688,400.1199951171875,400.0400085449219,400.1099853515625,14026
2026-09-11 16:42:00+00:00,400.0700073242188,400.0700073242188,399.7999877929688,399.9200134277344,4769
2026-09-11 16:43:00+00:00,399.8999938964844,400.0199890136719,399.8999938964844,400.0199890136719,5006
2026-09-11 16:44:00+00:00,400.010009765625,400.0899963378906,400.0,400.0700073242188,3388
2026-09-11 16:45:00+00:00,400.0799865722656,400.1799926757813,400.0700073242188,400.1600036621094,207895
2026-09-11 16:46:00+00:00,400.1700134277344,400.1799926757813,400.0499877929688,400.0499877929688,9755
2026-09-11 16:47:00+00:00,400.0499877929688,400.0899963378906,399.9750061035156,399.9750061035156,5319
2026-09-11 16:48:00+00:00,399.9700012207031,400.0499877929688,399.9500122070313,399.9599914550781,2272
2026-09-11 16:49:00+00:00,399.9299926757813,399.9400024414063,399.8299865722656,399.8399963378906,4559
2026-09-11 16:50:00+00:00,399.7900085449219,399.8699951171875,399.7799987792969,399.79010009765625,2139
2026-09-11 16:51:00+00:00,399.8399963378906,399.8800048828125,399.7699890136719,399.8299865722656,43909
2026-09-11 16:52:00+00:00,399.8500061035156,399.8699951171875,399.7900085449219,399.8699951171875,2343
2026-09-11 16:53:00+00:00,399.8599853515625,399.8699951171875,399.7999877929688,399.80999755859375,3782
2026-09-11 16:54:00+00:00,399.8200073242188,399.8851013183594,399.7999877929688,399.8399963378906,2396
2026-09-11 16:55:00+00:00,399.8399963378906,399.9811096191406,399.8399963378906,399.9599914550781,2767
2026-09-11 16:56:00+00:00,399.8900146484375,399.9299926757813,399.8699951171875,399.9100036621094,4180
2026-09-11 16:57:00+00:00,399.9299926757813,400.0,399.8299865722656,400.0,8603
2026-09-11 16:58:00+00:00,399.989990234375,400.0299987792969,399.9805908203125,400.0,3318
2026-09-11 16:59:00+00:00,399.9599914550781,399.9649963378906,399.8599853515625,399.875,7033
2026-09-11 17:00:00+00:00,399.8999938964844,400.0400085449219,399.8500061035156,399.9500122070313,7916
2026-09-11 17:01:00+00:00,399.9599914550781,400.0899963378906,399.9599914550781,400.0700073242188,4148
2026-09-11 17:02:00+00:00,400.0400085449219,400.0400085449219,399.9700012207031,400.0,3734
2026-09-11 17:03:00+00:00,400.0,400.0,399.9100036621094,399.9649963378906,4514
2026-09-11 17:04:00+00:00,399.9599914550781,400.0299987792969,399.9599914550781,400.0223083496094,4580
2026-09-11 17:05:00+00:00,400.0,400.0,399.864990234375,399.989990234375,4687
2026-09-11 17:06:00+00:00,399.9800109863281,400.1000061035156,399.9700012207031,400.1000061035156,5778
2026-09-11 17:07:00+00:00,400.0899963378906,400.5799865722656,400.0899963378906,400.1000061035156,66745
2026-09-11 17:08:00+00:00,400.1099853515625,400.1400146484375,400.0400085449219,400.0400085449219,9941
2026-09-11 17:09:00+00:00,400.0400085449219,400.1099853515625,400.010009765625,400.1099853515625,22198
2026-09-11 17:10:00+00:00,400.0899963378906,400.2699890136719,399.9500122070313,400.0899963378906,27758
2026-09-11 17:11:00+00:00,400.0849914550781,400.1799926757813,400.0,400.1300048828125,12650
2026-09-11 17:12:00+00:00,400.1199951171875,400.3399963378906,400.1199951171875,400.2300109863281,16939
2026-09-11 17:13:00+00:00,400.1700134277344,400.2900085449219,400.1600036621094,400.260009765625,4996
2026-09-11 17:14:00+00:00,400.1600036621094,400.239990234375,400.1000061035156,400.239990234375,2263
2026-09-11 17:15:00+00:00,400.2550048828125,400.3999938964844,400.14300537109375,400.14300537109375,28044
2026-09-11 17:16:00+00:00,400.1099853515625,400.2200012207031,400.0350036621094,400.2200012207031,24781
2026-09-11 17:17:00+00:00,400.2349853515625,400.3299865722656,400.2309875488281,400.3299865722656,23467
2026-09-11 17:18:00+00:00,400.3299865722656,400.3299865722656,400.239990234375,400.2950134277344,2258
2026-09-11 17:19:00+00:00,400.30999755859375,400.5199890136719,400.30999755859375,400.4500122070313,1587
2026-09-11 17:20:00+00:00,400.4299926757813,400.5450134277344,400.3900146484375,400.3900146484375,2159
2026-09-11 17:21:00+00:00,400.4400024414063,400.4400024414063,400.2799987792969,400.2800903320313,3254
2026-09-11 17:22:00+00:00,400.2900085449219,400.510009765625,400.2650146484375,400.3301086425781,35425
2026-09-11 17:23:00+00:00,400.2999877929688,400.5050048828125,400.2300109863281,400.4400024414063,21877
2026-09-11 17:24:00+00:00,400.4700012207031,400.5700073242188,400.4700012207031,400.5700073242188,3504
2026-09-11 17:25:00+00:00,400.5700073242188,400.6099853515625,400.4150085449219,400.4800109863281,10976
2026-09-11 17:26:00+00:00,400.4599914550781,400.4599914550781,400.3599853515625,400.3900146484375,2770
2026-09-11 17:27:00+00:00,400.3699951171875,400.489990234375,400.35101318359375,400.4100036621094,54060
2026-09-11 17:28:00+00:00,400.4299926757813,400.4599914550781,400.3399963378906,400.3500061035156,5888
2026-09-11 17:29:00+00:00,400.3049926757813,400.3999938964844,400.2699890136719,400.3500061035156,7019
2026-09-11 17:30:00+00:00,400.3500061035156,400.4399108886719,400.2250061035156,400.4399108886719,44473
2026-09-11 17:31:00+00:00,400.4200134277344,400.6300048828125,400.4100036621094,400.6000061035156,5777
2026-09-11 17:32:00+00:00,400.6199951171875,400.6799926757813,400.4649963378906,400.5400085449219,46075
2026-09-11 17:33:00+00:00,400.5400085449219,400.5799865722656,400.4800109863281,400.5499877929688,7857
2026-09-11 17:34:00+00:00,400.5499877929688,400.5799865722656,400.5400085449219,400.5700073242188,3052
2026-09-11 17:35:00+00:00,400.5700073242188,400.5899963378906,400.5198974609375,400.5198974609375,4532
2026-09-11 17:36:00+00:00,400.510009765625,400.5799865722656,400.3800048828125,400.4400024414063,921111
2026-09-11 17:37:00+00:00,400.4150085449219,400.4299926757813,400.239990234375,400.239990234375,4233
2026-09-11 17:38:00+00:00,400.25,400.25,400.0,400.0400085449219,917722
2026-09-11 17:39:00+00:00,400.0299987792969,400.0400085449219,399.9299926757813,399.9299926757813,8373
2026-09-11 17:40:00+00:00,399.9400024414063,400.0299987792969,399.9400024414063,399.9800109863281,101053
2026-09-11 17:41:00+00:00,399.9500122070313,399.9500122070313,399.80999755859375,399.8399963378906,5140
2026-09-11 17:42:00+00:00,399.8200073242188,399.8399963378906,399.739990234375,399.8299865722656,5321
2026-09-11 17:43:00+00:00,399.8500061035156,399.95709228515625,399.8429870605469,399.9200134277344,8196
2026-09-11 17:44:00+00:00,399.8699951171875,400.0499877929688,399.8500061035156,399.9100036621094,6769
2026-09-11 17:45:00+00:00,399.9100036621094,399.9100036621094,399.7650146484375,399.7909851074219,23372
2026-09-11 17:46:00+00:00,399.7699890136719,399.8399963378906,399.7200012207031,399.739990234375,3904
2026-09-11 17:47:00+00:00,399.6799926757813,399.7850036621094,399.6799926757813,399.760009765625,3327
2026-09-11 17:48:00+00:00,399.75,399.7999877929688,399.7300109863281,399.7998962402344,4629
2026-09-11 17:49:00+00:00,399.7999877929688,399.9299926757813,399.7999877929688,399.8699951171875,3616
2026-09-11 17:50:00+00:00,399.8900146484375,399.8900146484375,399.8200073242188,399.8800048828125,3764
2026-09-11 17:51:00+00:00,399.8699951171875,399.9500122070313,399.8399963378906,399.9400024414063,3535
2026-09-11 17:52:00+00:00,399.9599914550781,400.0499877929688,399.8999938964844,400.0499877929688,9131
2026-09-11 17:53:00+00:00,400.05999755859375,400.0700073242188,399.9800109863281,400.0083923339844,5305
2026-09-11 17:54:00+00:00,399.9700012207031,400.010009765625,399.9500122070313,399.9849853515625,6149
2026-09-11 17:55:00+00:00,399.9800109863281,400.0,399.8200073242188,399.8599853515625,6644
2026-09-11 17:56:00+00:00,399.8599853515625,399.8599853515625,399.7001037597656,399.7200012207031,5499
2026-09-11 17:57:00+00:00,399.7200012207031,399.7200012207031,399.6200866699219,399.6600036621094,5381
2026-09-11 17:58:00+00:00,399.6300048828125,399.6600036621094,399.55999755859375,399.5799865722656,4167
2026-09-11 17:59:00+00:00,399.5700073242188,399.6199951171875,399.5450134277344,399.5899963378906,4988
2026-09-11 18:00:00+00:00,399.5700073242188,399.6600036621094,399.510009765625,399.5199890136719,5931
2026-09-11 18:01:00+00:00,399.5,399.55999755859375,399.5,399.5444946289063,7690
2026-09-11 18:02:00+00:00,399.5499877929688,399.6700134277344,399.5499877929688,399.6700134277344,7134
2026-09-11 18:03:00+00:00,399.6499938964844,399.6900024414063,399.6099853515625,399.6600036621094,3166
2026-09-11 18:04:00+00:00,399.6700134277344,399.7099914550781,399.6099853515625,399.7099914550781,4739
2026-09-11 18:05:00+00:00,399.6900024414063,399.7200012207031,399.5199890136719,399.5700073242188,4495
2026-09-11 18:06:00+00:00,399.6000061035156,399.6099853515625,399.4949035644531,399.4949035644531,3655
2026-09-11 18:07:00+00:00,399.5199890136719,399.5199890136719,399.3900146484375,399.3900146484375,9032
2026-09-11 18:08:00+00:00,399.3900146484375,399.4198913574219,399.2999877929688,399.2999877929688,9674
2026-09-11 18:09:00+00:00,399.3049926757813,399.3699951171875,399.1499938964844,399.1799926757813,11560
2026-09-11 18:10:00+00:00,399.1700134277344,399.3599853515625,399.1700134277344,399.3565979003906,16102
2026-09-11 18:11:00+00:00,399.3399963378906,399.3399963378906,399.1900024414063,399.239990234375,9143
2026-09-11 18:12:00+00:00,399.2200012207031,399.2424926757813,399.0350036621094,399.0899963378906,7373
2026-09-11 18:13:00+00:00,399.0799865722656,399.0799865722656,398.7999877929688,398.8599853515625,38545
2026-09-11 18:14:00+00:00,398.8500061035156,398.8500061035156,398.4700012207031,398.5423889160156,67961
2026-09-11 18:15:00+00:00,398.5499877929688,398.7300109863281,398.3999938964844,398.6900024414063,18492
2026-09-11 18:16:00+00:00,398.6499938964844,398.8299865722656,398.6499938964844,398.7699890136719,9473
2026-09-11 18:17:00+00:00,398.7699890136719,398.9100036621094,398.75,398.8500061035156,42962
2026-09-11 18:18:00+00:00,398.8699951171875,398.9700012207031,398.7699890136719,398.9700012207031,7308
2026-09-11 18:19:00+00:00,398.9800109863281,399.05999755859375,398.8200073242188,398.8500061035156,7910
2026-09-11 18:20:00+00:00,398.8500061035156,398.8900146484375,398.3599853515625,398.55999755859375,65095
2026-09-11 18:21:00+00:00,398.55999755859375,398.6199951171875,398.2999877929688,398.3900146484375,9563
2026-09-11 18:22:00+00:00,398.3900146484375,398.7464904785156,398.3900146484375,398.7464904785156,2512
2026-09-11 18:23:00+00:00,398.6799926757813,398.7909851074219,398.6400146484375,398.6499938964844,5158
2026-09-11 18:24:00+00:00,398.6499938964844,398.7999877929688,398.6000061035156,398.7900085449219,4590
2026-09-11 18:25:00+00:00,398.7749938964844,398.9299926757813,398.7699890136719,398.8009033203125,21677
2026-09-11 18:26:00+00:00,398.8200073242188,398.8900146484375,398.7200012207031,398.7200012207031,4302
2026-09-11 18:27:00+00:00,398.7200012207031,398.9049987792969,398.7200012207031,398.8009033203125,5484
2026-09-11 18:28:00+00:00,398.8200073242188,399.0799865722656,398.8200073242188,399.0400085449219,9282
2026-09-11 18:29:00+00:00,399.0400085449219,399.0802001953125,398.8399963378906,398.8800048828125,9233
2026-09-11 18:30:00+00:00,398.9200134277344,398.989990234375,398.80999755859375,398.8250122070313,14597
2026-09-11 18:31:00+00:00,398.7999877929688,398.80999755859375,398.4800109863281,398.4800109863281,9761
2026-09-11 18:32:00+00:00,398.4700012207031,398.5400085449219,398.4400024414063,398.5400085449219,6311
2026-09-11 18:33:00+00:00,398.5,398.5799865722656,398.4700012207031,398.5400085449219,4560
2026-09-11 18:34:00+00:00,398.5700073242188,398.6950073242188,398.5199890136719,398.6700134277344,22163
2026-09-11 18:35:00+00:00,398.6700134277344,398.7000122070313,398.5400085449219,398.6499938964844,24403
2026-09-11 18:36:00+00:00,398.6600036621094,398.8399963378906,398.6499938964844,398.8399963378906,13520
2026-09-11 18:37:00+00:00,398.8500061035156,398.8500061035156,398.6749877929688,398.6799926757813,8008
2026-09-11 18:38:00+00:00,398.6300048828125,398.6799926757813,398.6199951171875,398.6449890136719,4644
2026-09-11 18:39:00+00:00,398.659912109375,398.7000122070313,398.5299987792969,398.5499877929688,9801
2026-09-11 18:40:00+00:00,398.5700073242188,398.6199951171875,398.5499877929688,398.6099853515625,4903
2026-09-11 18:41:00+00:00,398.5799865722656,398.6199951171875,398.5700073242188,398.6199951171875,11668
2026-09-11 18:42:00+00:00,398.6000061035156,398.75,398.6000061035156,398.6650085449219,0
2026-09-11 18:43:00+00:00,398.6799926757813,398.7300109863281,398.6300048828125,398.7000122070313,3574
2026-09-11 18:44:00+00:00,398.7099914550781,398.7200012207031,398.5700073242188,398.5700073242188,2623
2026-09-11 18:45:00+00:00,398.5799865722656,398.5799865722656,398.3800048828125,398.3800048828125,7405
2026-09-11 18:46:00+00:00,398.3999938964844,398.5,398.3800048828125,398.4500122070313,2172
2026-09-11 18:47:00+00:00,398.45989990234375,398.5299987792969,398.4500122070313,398.4800109863281,4313
2026-09-11 18:48:00+00:00,398.4599914550781,398.4599914550781,398.30999755859375,398.3699951171875,10462
2026-09-11 18:49:00+00:00,398.3800048828125,398.4400024414063,398.3699951171875,398.4200134277344,3121
2026-09-11 18:50:00+00:00,398.3800048828125,398.510009765625,398.3599853515625,398.4985961914063,3195
2026-09-11 18:51:00+00:00,398.489990234375,398.5249938964844,398.4500122070313,398.5199890136719,2053
2026-09-11 18:52:00+00:00,398.5299987792969,398.53948974609375,398.4049987792969,398.510009765625,5160
2026-09-11 18:53:00+00:00,398.4800109863281,398.4800109863281,398.3699951171875,398.3949890136719,6842
2026-09-11 18:54:00+00:00,398.4100036621094,398.4200134277344,398.3800048828125,398.4100036621094,3033
2026-09-11 18:55:00+00:00,398.3800048828125,398.55999755859375,398.3599853515625,398.4750061035156,8556
2026-09-11 18:56:00+00:00,398.4549865722656,398.510009765625,398.4100036621094,398.510009765625,6114
2026-09-11 18:57:00+00:00,398.5,398.510009765625,398.4599914550781,398.489990234375,2915
2026-09-11 18:58:00+00:00,398.4599914550781,398.5499877929688,398.4599914550781,398.5400085449219,8679
2026-09-11 18:59:00+00:00,398.5299987792969,398.5499877929688,398.4500122070313,398.5199890136719,5172
2026-09-11 19:00:00+00:00,398.55999755859375,398.6300048828125,398.4200134277344,398.6300048828125,8627
2026-09-11 19:01:00+00:00,398.6099853515625,398.6799926757813,398.5799865722656,398.5849914550781,5764
2026-09-11 19:02:00+00:00,398.5400085449219,398.5799865722656,398.5199890136719,398.5700073242188,4658
2026-09-11 19:03:00+00:00,398.5499877929688,398.5499877929688,398.4150085449219,398.5199890136719,19932
2026-09-11 19:04:00+00:00,398.4700012207031,398.6700134277344,398.4400024414063,398.6600036621094,9149
2026-09-11 19:05:00+00:00,398.6200866699219,398.6600036621094,398.5199890136719,398.5700073242188,7475
2026-09-11 19:06:00+00:00,398.5499877929688,398.5499877929688,398.4100036621094,398.4200134277344,6519
2026-09-11 19:07:00+00:00,398.4200134277344,398.4200134277344,398.3399963378906,398.3800048828125,7077
2026-09-11 19:08:00+00:00,398.3599853515625,398.7301025390625,398.3599853515625,398.7200012207031,41772
2026-09-11 19:09:00+00:00,398.7099914550781,398.7900085449219,398.6000061035156,398.6000061035156,6779
2026-09-11 19:10:00+00:00,398.6099853515625,398.760009765625,398.5650024414063,398.6300048828125,23506
2026-09-11 19:11:00+00:00,398.6400146484375,398.7699890136719,398.5799865722656,398.7699890136719,11413
2026-09-11 19:12:00+00:00,398.7698974609375,398.8699951171875,398.739990234375,398.7900085449219,11037
2026-09-11 19:13:00+00:00,398.7999877929688,398.9100036621094,398.7650146484375,398.9100036621094,8864
2026-09-11 19:14:00+00:00,398.9200134277344,399.0050048828125,398.8299865722656,399.0,4651
2026-09-11 19:15:00+00:00,399.010009765625,399.0899963378906,398.9800109863281,399.0,10740
2026-09-11 19:16:00+00:00,399.0199890136719,399.1700134277344,399.0199890136719,399.05999755859375,8866
2026-09-11 19:17:00+00:00,399.05999755859375,399.0700073242188,398.8699951171875,398.8900146484375,19795
2026-09-11 19:18:00+00:00,398.8999938964844,399.0350036621094,398.8900146484375,398.8900146484375,30447
2026-09-11 19:19:00+00:00,398.8999938964844,398.9399108886719,398.7699890136719,398.7699890136719,6465
2026-09-11 19:20:00+00:00,398.7850036621094,398.8949890136719,398.7749938964844,398.8599853515625,8291
2026-09-11 19:21:00+00:00,398.8399963378906,398.9200134277344,398.8349914550781,398.8710021972656,3346
2026-09-11 19:22:00+00:00,398.8800048828125,398.9100036621094,398.6700134277344,398.7900085449219,112445
2026-09-11 19:23:00+00:00,398.7999877929688,398.9200134277344,398.760009765625,398.9200134277344,22158
2026-09-11 19:24:00+00:00,398.9200134277344,398.9649963378906,398.8406982421875,398.9549865722656,7249
2026-09-11 19:25:00+00:00,398.9700012207031,399.1300048828125,398.9599914550781,399.0899963378906,15104
2026-09-11 19:26:00+00:00,399.1000061035156,399.1000061035156,398.8599853515625,398.9400024414063,36202
2026-09-11 19:27:00+00:00,398.9200134277344,398.9200134277344,398.739990234375,398.7900085449219,10636
2026-09-11 19:28:00+00:00,398.7999877929688,398.9299926757813,398.7999877929688,398.8500061035156,11054
2026-09-11 19:29:00+00:00,398.8299865722656,398.8599853515625,398.5499877929688,398.5499877929688,60175
2026-09-11 19:30:00+00:00,398.5549926757813,398.6600036621094,398.5549926757813,398.55999755859375,37384
2026-09-11 19:31:00+00:00,398.5499877929688,398.5700073242188,398.4599914550781,398.5501098632813,44475
2026-09-11 19:32:00+00:00,398.5299987792969,398.5499877929688,398.3999938964844,398.4299926757813,19452
2026-09-11 19:33:00+00:00,398.4400024414063,398.4549865722656,398.3800048828125,398.4100036621094,14471
2026-09-11 19:34:00+00:00,398.3999938964844,398.5599060058594,398.3599853515625,398.5599060058594,10477
2026-09-11 19:35:00+00:00,398.5499877929688,398.614990234375,398.5199890136719,398.5299987792969,11950
2026-09-11 19:36:00+00:00,398.5299987792969,398.5400085449219,398.43011474609375,398.5199890136719,9014
2026-09-11 19:37:00+00:00,398.5199890136719,398.5799865722656,398.510009765625,398.510009765625,14115
2026-09-11 19:38:00+00:00,398.510009765625,398.5199890136719,398.4299926757813,398.4800109863281,12098
2026-09-11 19:39:00+00:00,398.4800109863281,398.5799865722656,398.4049987792969,398.5000915527344,68817
2026-09-11 19:40:00+00:00,398.5,398.6050109863281,398.4500122070313,398.6000061035156,34441
2026-09-11 19:41:00+00:00,398.5899963378906,398.6499938964844,398.5350036621094,398.6199951171875,15512
2026-09-11 19:42:00+00:00,398.614990234375,398.614990234375,398.4500122070313,398.4700012207031,18514
2026-09-11 19:43:00+00:00,398.4649963378906,398.5700073242188,398.4150085449219,398.4299926757813,89935
2026-09-11 19:44:00+00:00,398.4100036621094,398.489990234375,398.3800048828125,398.4599914550781,27563
2026-09-11 19:45:00+00:00,398.4500122070313,398.4700012207031,398.33099365234375,398.3500061035156,30447
2026-09-11 19:46:00+00:00,398.3299865722656,398.3699951171875,398.1700134277344,398.2699890136719,41066
2026-09-11 19:47:00+00:00,398.260009765625,398.3299865722656,398.1749877929688,398.2900085449219,26507
2026-09-11 19:48:00+00:00,398.2699890136719,398.30999755859375,398.2200012207031,398.2300109863281,32149
2026-09-11 19:49:00+00:00,398.2300109863281,398.260009765625,398.1499938964844,398.1900024414063,47208
2026-09-11 19:50:00+00:00,398.1799926757813,398.3299865722656,398.1400146484375,398.2900085449219,36090
2026-09-11 19:51:00+00:00,398.2994995117188,398.4400024414063,398.2699890136719,398.29010009765625,33631
2026-09-11 19:52:00+00:00,398.2900085449219,398.2900085449219,398.1499938964844,398.1799926757813,37063
2026-09-11 19:53:00+00:00,398.1900024414063,398.3299865722656,398.18499755859375,398.2550048828125,74621
2026-09-11 19:54:00+00:00,398.260009765625,398.3900146484375,398.260009765625,398.3800048828125,63929
2026-09-11 19:55:00+00:00,398.3699951171875,398.5299987792969,398.3299865722656,398.3999938964844,53253
2026-09-11 19:56:00+00:00,398.3900146484375,398.4450073242188,398.3399963378906,398.4450073242188,31510
2026-09-11 19:57:00+00:00,398.4400024414063,398.6900024414063,398.4400024414063,398.6300048828125,55217
2026-09-11 19:58:00+00:00,398.6199951171875,398.6700134277344,398.55999755859375,398.6300048828125,119029
2026-09-11 19:59:00+00:00,398.6199951171875,398.739990234375,398.55999755859375,398.6000061035156,233793
2026-09-14 13:30:00+00:00,391.8900146484375,392.3200073242188,391.7200012207031,392.0960083007813,774829
2026-09-14 13:31:00+00:00,392.0400085449219,392.3299865722656,391.9800109863281,391.9800109863281,31339
2026-09-14 13:32:00+00:00,391.989990234375,392.25,391.80999755859375,392.2300109863281,34011
2026-09-14 13:33:00+00:00,392.2200012207031,392.24609375,391.9200134277344,391.9800109863281,54446
2026-09-14 13:34:00+00:00,391.9400024414063,391.9700012207031,391.7105102539063,391.7106018066406,17851
2026-09-14 13:35:00+00:00,391.7200012207031,391.9500122070313,391.6199951171875,391.760009765625,23111
2026-09-14 13:36:00+00:00,391.760009765625,391.78900146484375,391.5000915527344,391.6900024414063,17586
2026-09-14 13:37:00+00:00,391.6700134277344,391.9500122070313,391.6500854492188,391.8299865722656,20281
2026-09-14 13:38:00+00:00,391.8399963378906,391.8599853515625,391.4299926757813,391.5549926757813,31403
2026-09-14 13:39:00+00:00,391.5799865722656,391.7499084472656,391.3900146484375,391.3900146484375,18450
2026-09-14 13:40:00+00:00,391.4200134277344,391.55218505859375,391.3699951171875,391.4700012207031,17363
2026-09-14 13:41:00+00:00,391.4800109863281,391.5299987792969,391.2349853515625,391.5299987792969,21994
2026-09-14 13:42:00+00:00,391.5249938964844,391.5799865722656,391.3171081542969,391.5199890136719,29566
2026-09-14 13:43:00+00:00,391.4800109863281,391.7990112304688,391.4009094238281,391.7550048828125,29289
2026-09-14 13:44:00+00:00,391.7900085449219,392.0,391.7099914550781,391.989990234375,36552
2026-09-14 13:45:00+00:00,392.0,392.239990234375,391.9500122070313,392.0,53697
2026-09-14 13:46:00+00:00,391.9750061035156,392.0799865722656,391.7200012207031,392.05999755859375,57250
2026-09-14 13:47:00+00:00,392.0450134277344,392.55999755859375,392.0450134277344,392.510009765625,30140
2026-09-14 13:48:00+00:00,392.5350036621094,392.55999755859375,392.2799987792969,392.2900085449219,32101
2026-09-14 13:49:00+00:00,392.3699951171875,392.4700012207031,392.1000061035156,392.135009765625,16876
2026-09-14 13:50:00+00:00,392.1549987792969,392.3999938964844,392.114990234375,392.1600036621094,10648
2026-09-14 13:51:00+00:00,392.1449890136719,392.2999877929688,391.9800109863281,391.9901123046875,21814
2026-09-14 13:52:00+00:00,392.0400085449219,392.5999145507813,392.0400085449219,392.3299865722656,34435
2026-09-14 13:53:00+00:00,392.2999877929688,392.3800048828125,392.1000061035156,392.1799926757813,9029
2026-09-14 13:54:00+00:00,392.1099853515625,392.1099853515625,391.6290893554688,391.7799987792969,17070
2026-09-14 13:55:00+00:00,391.7999877929688,391.9649963378906,391.7099914550781,391.8900146484375,7692
2026-09-14 13:56:00+00:00,391.9639892578125,392.0499877929688,391.6199951171875,391.6199951171875,9325
2026-09-14 13:57:00+00:00,391.6799926757813,391.7489929199219,391.55999755859375,391.6700134277344,9937
2026-09-14 13:58:00+00:00,391.6700134277344,391.9400024414063,391.5249938964844,391.7000122070313,14767
2026-09-14 13:59:00+00:00,391.6900024414063,391.8200073242188,391.6650085449219,391.7701110839844,5242
2026-09-14 14:00:00+00:00,391.7999877929688,392.0799865722656,391.6500854492188,391.6500854492188,17789
2026-09-14 14:01:00+00:00,391.6300048828125,391.8709106445313,391.5499877929688,391.7699890136719,13998
2026-09-14 14:02:00+00:00,391.760009765625,391.7799987792969,391.4800109863281,391.5199890136719,12305
2026-09-14 14:03:00+00:00,391.5249938964844,391.5899963378906,391.1499938964844,391.1763000488281,55585
2026-09-14 14:04:00+00:00,391.1499938964844,391.3349914550781,391.1499938964844,391.3299865722656,20703
2026-09-14 14:05:00+00:00,391.2999877929688,391.2999877929688,391.0499877929688,391.1000061035156,51387
2026-09-14 14:06:00+00:00,391.114990234375,391.489990234375,391.0750122070313,391.489990234375,34901
2026-09-14 14:07:00+00:00,391.3999938964844,391.5643005371094,391.2999877929688,391.4249877929688,15976
2026-09-14 14:08:00+00:00,391.4200134277344,391.6600036621094,391.3999938964844,391.4299926757813,19296
2026-09-14 14:09:00+00:00,391.4500122070313,391.6799011230469,391.4400024414063,391.6000061035156,10030
2026-09-14 14:10:00+00:00,391.6099853515625,392.0398864746094,391.6099853515625,391.8999938964844,18791
2026-09-14 14:11:00+00:00,391.8599853515625,392.1199951171875,391.8299865722656,391.8699951171875,15862
2026-09-14 14:12:00+00:00,391.8900146484375,391.8900146484375,391.6799926757813,391.8800048828125,15954
2026-09-14 14:13:00+00:00,391.8699951171875,392.3900146484375,391.8049926757813,392.30999755859375,15239
2026-09-14 14:14:00+00:00,392.3150024414063,392.6400146484375,392.25,392.6000061035156,32752
2026-09-14 14:15:00+00:00,392.6099853515625,392.7300109863281,392.4800109863281,392.4800109863281,44312
2026-09-14 14:16:00+00:00,392.4800109863281,392.4800109863281,392.1199951171875,392.1799926757813,36161
2026-09-14 14:17:00+00:00,392.2200012207031,392.30999755859375,391.9700012207031,392.010009765625,17494
2026-09-14 14:18:00+00:00,391.989990234375,392.010009765625,391.8150024414063,391.8299865722656,32038
2026-09-14 14:19:00+00:00,391.8299865722656,392.0899963378906,391.7999877929688,392.0899963378906,18221
2026-09-14 14:20:00+00:00,392.0849914550781,392.0849914550781,391.7300109863281,391.7300109863281,22163
2026-09-14 14:21:00+00:00,391.7300109863281,391.7799987792969,391.3999938964844,391.4500122070313,16702
2026-09-14 14:22:00+00:00,391.4400024414063,391.5499877929688,391.3599853515625,391.3800048828125,15849
2026-09-14 14:23:00+00:00,391.3399963378906,391.3800048828125,391.1300048828125,391.3389892578125,19057
2026-09-14 14:24:00+00:00,391.3200073242188,391.3800048828125,390.989990234375,391.0799865722656,26996
2026-09-14 14:25:00+00:00,391.0499877929688,391.2999877929688,391.0490112304688,391.1099853515625,19517
2026-09-14 14:26:00+00:00,391.1400146484375,391.1400146484375,390.9800109863281,391.0199890136719,13723
2026-09-14 14:27:00+00:00,391.0199890136719,391.1900024414063,390.9599914550781,391.0899963378906,29799
2026-09-14 14:28:00+00:00,391.1600036621094,391.4400024414063,391.1199951171875,391.3399963378906,15816
2026-09-14 14:29:00+00:00,391.3150024414063,391.4800109863281,391.2999877929688,391.4800109863281,35355
2026-09-14 14:30:00+00:00,391.5299987792969,391.6099853515625,391.2999877929688,391.3200073242188,18622
2026-09-14 14:31:00+00:00,391.3399963378906,391.55999755859375,391.3299865722656,391.4150085449219,7755
2026-09-14 14:32:00+00:00,391.3999938964844,391.4299926757813,391.1499938964844,391.4299926757813,9916
2026-09-14 14:33:00+00:00,391.4649963378906,391.5638122558594,391.4500122070313,391.5299987792969,7206
2026-09-14 14:34:00+00:00,391.5,391.6700134277344,391.5,391.6700134277344,6540
2026-09-14 14:35:00+00:00,391.6600036621094,391.6900024414063,391.5499877929688,391.5899963378906,26234
2026-09-14 14:36:00+00:00,391.5400085449219,391.6000061035156,391.3699951171875,391.4750061035156,5248
2026-09-14 14:37:00+00:00,391.4400024414063,391.5,391.3599853515625,391.4800109863281,9859
2026-09-14 14:38:00+00:00,391.4700012207031,391.7300109863281,391.4700012207031,391.7033081054688,17893
2026-09-14 14:39:00+00:00,391.7000122070313,391.7300109863281,391.5300903320313,391.6600036621094,11578
2026-09-14 14:40:00+00:00,391.6278991699219,391.6499938964844,391.510009765625,391.6000061035156,3761
2026-09-14 14:41:00+00:00,391.6400146484375,391.7449951171875,391.4400024414063,391.5863952636719,5356
2026-09-14 14:42:00+00:00,391.5899963378906,391.7000122070313,391.5899963378906,391.6900024414063,7683
2026-09-14 14:43:00+00:00,391.6449890136719,391.8299865722656,391.6449890136719,391.7452087402344,5459
2026-09-14 14:44:00+00:00,391.7900085449219,392.1698913574219,391.7900085449219,392.1419982910156,7215
2026-09-14 14:45:00+00:00,392.1911926269531,392.3500061035156,392.1549987792969,392.3399963378906,10474
2026-09-14 14:46:00+00:00,392.33050537109375,392.3599853515625,392.125,392.1549987792969,15188
2026-09-14 14:47:00+00:00,392.1900024414063,392.2262878417969,392.1099853515625,392.1900024414063,5005
2026-09-14 14:48:00+00:00,392.1700134277344,392.3900146484375,392.1700134277344,392.26470947265625,5419
2026-09-14 14:49:00+00:00,392.260009765625,392.3500061035156,392.2000122070313,392.3049926757813,7769
2026-09-14 14:50:00+00:00,392.3200073242188,392.3800048828125,392.1499938964844,392.2300109863281,22774
2026-09-14 14:51:00+00:00,392.1700134277344,392.3500061035156,392.0499877929688,392.3500061035156,43018
2026-09-14 14:52:00+00:00,392.3500061035156,392.3710021972656,392.05999755859375,392.0600891113281,28351
2026-09-14 14:53:00+00:00,392.0799865722656,392.1499938964844,391.8900146484375,391.9530944824219,36237
2026-09-14 14:54:00+00:00,391.9400024414063,392.1499938964844,391.9299926757813,392.0700073242188,44351
2026-09-14 14:55:00+00:00,392.0650024414063,392.2200012207031,391.9500122070313,392.2200012207031,35693
2026-09-14 14:56:00+00:00,392.2099914550781,392.2200012207031,392.0989990234375,392.125,46310
2026-09-14 14:57:00+00:00,392.1300048828125,392.2099914550781,391.9786071777344,392.0,128153
2026-09-14 14:58:00+00:00,392.010009765625,392.1600036621094,391.9338073730469,392.1000061035156,8644
2026-09-14 14:59:00+00:00,392.0899963378906,392.3900146484375,392.0700988769531,392.3900146484375,9299
2026-09-14 15:00:00+00:00,392.3999938964844,392.3999938964844,392.239990234375,392.3550109863281,6475
2026-09-14 15:01:00+00:00,392.3599853515625,392.3599853515625,392.2000122070313,392.2900085449219,4114
2026-09-14 15:02:00+00:00,392.2999877929688,392.4249877929688,392.1799926757813,392.18499755859375,20834
2026-09-14 15:03:00+00:00,392.2000122070313,392.2298889160156,392.0199890136719,392.1300048828125,203233
2026-09-14 15:04:00+00:00,392.135009765625,392.135009765625,391.7149963378906,391.7349853515625,16975
2026-09-14 15:05:00+00:00,391.7099914550781,392.8699951171875,391.7099914550781,392.4796142578125,86257
2026-09-14 15:06:00+00:00,392.6000061035156,393.0400085449219,392.6000061035156,392.8900146484375,33824
2026-09-14 15:07:00+00:00,392.75,392.989990234375,392.7000122070313,392.7699890136719,28846
2026-09-14 15:08:00+00:00,392.75,392.7699890136719,392.510009765625,392.6199951171875,11703
2026-09-14 15:09:00+00:00,392.7049865722656,392.7049865722656,392.4400024414063,392.4500122070313,6574
2026-09-14 15:10:00+00:00,392.5,392.7000122070313,392.5,392.6549987792969,12211
2026-09-14 15:11:00+00:00,392.6600036621094,392.6600036621094,392.4530944824219,392.4949951171875,9392
2026-09-14 15:12:00+00:00,392.5050048828125,392.5400085449219,392.3648986816406,392.4049987792969,14346
2026-09-14 15:13:00+00:00,392.3900146484375,392.4100036621094,392.2999877929688,392.3301086425781,28430
2026-09-14 15:14:00+00:00,392.3710021972656,392.4800109863281,392.2300109863281,392.2300109863281,5994
2026-09-14 15:15:00+00:00,392.1499938964844,392.3489990234375,391.9649963378906,392.3489990234375,8070
2026-09-14 15:16:00+00:00,392.2999877929688,392.2999877929688,392.010009765625,392.1300048828125,13820
2026-09-14 15:17:00+00:00,392.1799926757813,392.1900024414063,391.9450073242188,392.0317077636719,3841
2026-09-14 15:18:00+00:00,392.0000915527344,392.0650024414063,391.75,391.8500061035156,7718
2026-09-14 15:19:00+00:00,391.8410034179688,392.114990234375,391.8399963378906,392.0400085449219,3866
2026-09-14 15:20:00+00:00,392.0499877929688,392.0700073242188,391.9100036621094,392.0549926757813,4578
2026-09-14 15:21:00+00:00,392.010009765625,392.0799865722656,391.9299926757813,392.0299072265625,7146
2026-09-14 15:22:00+00:00,392.1090087890625,392.1090087890625,391.9949951171875,392.0150146484375,3810
2026-09-14 15:23:00+00:00,392.05999755859375,392.0799865722656,391.8900146484375,392.07330322265625,26528
2026-09-14 15:24:00+00:00,392.0499877929688,392.3900146484375,392.0,392.375,13066
2026-09-14 15:25:00+00:00,392.3500061035156,392.4800109863281,392.2799987792969,392.2999877929688,6660
2026-09-14 15:26:00+00:00,392.3250122070313,392.4599914550781,392.2799987792969,392.4299926757813,6863
2026-09-14 15:27:00+00:00,392.4509887695313,392.5400085449219,392.3999938964844,392.5400085449219,17100
2026-09-14 15:28:00+00:00,392.5450134277344,392.8500061035156,392.5450134277344,392.8299865722656,8793
2026-09-14 15:29:00+00:00,392.8399963378906,392.8599853515625,392.7297973632813,392.7998962402344,4358
2026-09-14 15:30:00+00:00,392.7850036621094,393.0299987792969,392.7727966308594,393.0,29698
2026-09-14 15:31:00+00:00,392.9949951171875,392.9949951171875,392.7799987792969,392.8500061035156,8187
2026-09-14 15:32:00+00:00,392.8599853515625,393.3800048828125,392.6900024414063,393.1000061035156,70316
2026-09-14 15:33:00+00:00,393.1499938964844,393.510009765625,393.052490234375,393.5,22777
2026-09-14 15:34:00+00:00,393.5250854492188,393.7099914550781,393.4100036621094,393.6600036621094,12301
2026-09-14 15:35:00+00:00,393.739990234375,393.8999938964844,393.6600036621094,393.6700134277344,16747
2026-09-14 15:36:00+00:00,393.6650085449219,393.75,393.3349914550781,393.3599853515625,11813
2026-09-14 15:37:00+00:00,393.3500061035156,393.9500122070313,393.3500061035156,393.9500122070313,6402
2026-09-14 15:38:00+00:00,393.9200134277344,394.010009765625,393.739990234375,393.9200134277344,6352
2026-09-14 15:39:00+00:00,393.9800109863281,394.0320129394531,393.9400024414063,394.0050048828125,8480
2026-09-14 15:40:00+00:00,394.0249938964844,394.0700073242188,393.5899963378906,393.7999877929688,12026
2026-09-14 15:41:00+00:00,393.7799987792969,394.0350036621094,393.7200012207031,394.0350036621094,12659
2026-09-14 15:42:00+00:00,394.0499877929688,394.05999755859375,393.7999877929688,393.8299865722656,16715
2026-09-14 15:43:00+00:00,393.8200073242188,394.010009765625,393.6799926757813,394.0098876953125,7198
2026-09-14 15:44:00+00:00,394.0,394.1000061035156,393.75,393.760009765625,7874
2026-09-14 15:45:00+00:00,393.7999877929688,393.8200073242188,393.5,393.6795959472656,6957
2026-09-14 15:46:00+00:00,393.7099914550781,393.8200073242188,393.6600036621094,393.6799926757813,6849
2026-09-14 15:47:00+00:00,393.69580078125,393.69580078125,393.4400024414063,393.4400024414063,7525
2026-09-14 15:48:00+00:00,393.4800109863281,393.5499877929688,393.364990234375,393.3900146484375,29675
2026-09-14 15:49:00+00:00,393.3799133300781,393.3799133300781,393.1998901367188,393.2499084472656,13955
2026-09-14 15:50:00+00:00,393.2149963378906,393.2349853515625,393.0400085449219,393.1300048828125,6978
2026-09-14 15:51:00+00:00,393.1499938964844,393.2000122070313,393.1000061035156,393.2000122070313,9190
2026-09-14 15:52:00+00:00,393.1900024414063,393.3150024414063,393.1499938964844,393.2449951171875,14656
2026-09-14 15:53:00+00:00,393.2349853515625,393.3699951171875,393.2099914550781,393.2999877929688,16488
2026-09-14 15:54:00+00:00,393.3349914550781,393.3999938964844,393.1799926757813,393.3200073242188,11160
2026-09-14 15:55:00+00:00,393.3399963378906,393.4067077636719,393.2200012207031,393.3800048828125,5923
2026-09-14 15:56:00+00:00,393.375,393.4299926757813,393.2701110839844,393.3999938964844,4172
2026-09-14 15:57:00+00:00,393.4000854492188,393.4800109863281,393.4000854492188,393.4299926757813,5249
2026-09-14 15:58:00+00:00,393.4500122070313,393.4700012207031,393.1799926757813,393.25,54765
2026-09-14 15:59:00+00:00,393.2449951171875,393.260009765625,393.1400146484375,393.1700134277344,11392
2026-09-14 16:00:00+00:00,393.1900024414063,393.3599853515625,393.1650085449219,393.25,5483
2026-09-14 16:01:00+00:00,393.1799926757813,393.2300109863281,393.0549926757813,393.0549926757813,4679
2026-09-14 16:02:00+00:00,393.0700073242188,393.1799926757813,393.0700073242188,393.1799926757813,4272
2026-09-14 16:03:00+00:00,393.1700134277344,393.239990234375,393.1300048828125,393.1300048828125,6270
2026-09-14 16:04:00+00:00,393.1400146484375,393.1400146484375,393.0299987792969,393.0299987792969,6223
2026-09-14 16:05:00+00:00,393.0199890136719,393.2799987792969,393.0199890136719,393.2099914550781,5966
2026-09-14 16:06:00+00:00,393.2340087890625,393.3800048828125,393.2340087890625,393.340087890625,20441
2026-09-14 16:07:00+00:00,393.339599609375,393.5799865722656,393.2799987792969,393.5,8359
2026-09-14 16:08:00+00:00,393.5299987792969,393.5509948730469,393.3949890136719,393.5249938964844,5790
2026-09-14 16:09:00+00:00,393.510009765625,393.7900085449219,393.4809875488281,393.7773132324219,7877
2026-09-14 16:10:00+00:00,393.8049926757813,394.05999755859375,393.7699890136719,393.8800048828125,7395
2026-09-14 16:11:00+00:00,393.8999938964844,394.0299987792969,393.89990234375,393.95989990234375,7640
2026-09-14 16:12:00+00:00,393.9700012207031,394.0150146484375,393.8599853515625,393.9200134277344,17515
2026-09-14 16:13:00+00:00,393.9549865722656,393.9700012207031,393.80999755859375,393.8699951171875,2737
2026-09-14 16:14:00+00:00,393.8800048828125,393.9248962402344,393.75,393.75,6227
2026-09-14 16:15:00+00:00,393.7799987792969,394.0499877929688,393.7799987792969,394.0000915527344,6028
2026-09-14 16:16:00+00:00,393.99420166015625,394.0799865722656,393.9100036621094,393.9100036621094,4989
2026-09-14 16:17:00+00:00,393.8808898925781,393.989990234375,393.8599853515625,393.989990234375,4604
2026-09-14 16:18:00+00:00,394.010009765625,394.12799072265625,394.010009765625,394.12799072265625,10094
2026-09-14 16:19:00+00:00,394.1199951171875,394.1900024414063,394.0199890136719,394.1400146484375,7921
2026-09-14 16:20:00+00:00,394.1400146484375,394.1700134277344,394.0700073242188,394.0700073242188,5364
2026-09-14 16:21:00+00:00,394.0799865722656,394.1400146484375,394.0199890136719,394.139892578125,9499
2026-09-14 16:22:00+00:00,394.1499938964844,394.4100036621094,394.1300048828125,394.3200073242188,12183
2026-09-14 16:23:00+00:00,394.3150024414063,394.6453857421875,394.3150024414063,394.6400146484375,14264
2026-09-14 16:24:00+00:00,394.6400146484375,394.6950073242188,394.6050109863281,394.6499938964844,8906
2026-09-14 16:25:00+00:00,394.6749877929688,394.7200012207031,394.5509948730469,394.55999755859375,6427
2026-09-14 16:26:00+00:00,394.5199890136719,394.58990478515625,394.3999938964844,394.5199890136719,6998
2026-09-14 16:27:00+00:00,394.4500122070313,394.6300048828125,394.4100036621094,394.6099853515625,15262
2026-09-14 16:28:00+00:00,394.6300048828125,394.635009765625,394.2999877929688,394.3090515136719,10026
2026-09-14 16:29:00+00:00,394.3200073242188,394.3528137207031,394.260009765625,394.29400634765625,8521
2026-09-14 16:30:00+00:00,394.26800537109375,394.3999938964844,394.2179870605469,394.2300109863281,4571
2026-09-14 16:31:00+00:00,394.239990234375,394.8399963378906,394.239990234375,394.5199890136719,22706
2026-09-14 16:32:00+00:00,394.510009765625,394.614990234375,394.3949890136719,394.4299926757813,7846
2026-09-14 16:33:00+00:00,394.4849853515625,394.5549926757813,394.4200134277344,394.5382995605469,6291
2026-09-14 16:34:00+00:00,394.5199890136719,394.5700073242188,394.364501953125,394.364501953125,2996
2026-09-14 16:35:00+00:00,394.3599853515625,394.4200134277344,394.260009765625,394.4151916503906,4978
2026-09-14 16:36:00+00:00,394.4100036621094,394.4800109863281,394.3349914550781,394.340087890625,5139
2026-09-14 16:37:00+00:00,394.3500061035156,394.5150146484375,394.3500061035156,394.4500122070313,10803
2026-09-14 16:38:00+00:00,394.4400024414063,394.5499877929688,394.4400024414063,394.489990234375,4951
2026-09-14 16:39:00+00:00,394.4700012207031,394.5400085449219,394.3599853515625,394.510009765625,4849
2026-09-14 16:40:00+00:00,394.5264892578125,394.7000122070313,394.510009765625,394.7000122070313,19333
2026-09-14 16:41:00+00:00,394.6900024414063,394.7650146484375,394.6575012207031,394.760009765625,5561
2026-09-14 16:42:00+00:00,394.739990234375,394.739990234375,394.6300048828125,394.7099914550781,5420
2026-09-14 16:43:00+00:00,394.7300109863281,395.0,394.68011474609375,394.9487915039063,10406
2026-09-14 16:44:00+00:00,394.8999938964844,394.9700012207031,394.7900085449219,394.8699951171875,16037
2026-09-14 16:45:00+00:00,394.8299865722656,394.8500061035156,394.7300109863281,394.8389892578125,12147
2026-09-14 16:46:00+00:00,394.8500061035156,395.0274963378906,394.7990112304688,394.7999877929688,9260
2026-09-14 16:47:00+00:00,394.8299865722656,395.489990234375,394.8299865722656,395.2900085449219,44022
2026-09-14 16:48:00+00:00,395.3074951171875,395.6700134277344,395.1900024414063,395.4800109863281,16114
2026-09-14 16:49:00+00:00,395.4450073242188,395.6799926757813,395.3800048828125,395.5422058105469,8733
2026-09-14 16:50:00+00:00,395.5499877929688,395.6199951171875,395.4100036621094,395.5199890136719,13222
2026-09-14 16:51:00+00:00,395.5199890136719,395.7900085449219,395.4653930664063,395.7799987792969,23719
2026-09-14 16:52:00+00:00,395.760009765625,395.8900146484375,395.7300109863281,395.739990234375,38403
2026-09-14 16:53:00+00:00,395.7699890136719,395.8900146484375,395.7300109863281,395.739990234375,26609
2026-09-14 16:54:00+00:00,395.7449951171875,395.8500061035156,395.6122131347656,395.7900085449219,27369
2026-09-14 16:55:00+00:00,395.760009765625,395.8999938964844,395.7149963378906,395.8200073242188,6362
2026-09-14 16:56:00+00:00,395.856689453125,395.8900146484375,395.760009765625,395.760009765625,9076
2026-09-14 16:57:00+00:00,395.7650146484375,395.8800048828125,395.6499938964844,395.6499938964844,9035
2026-09-14 16:58:00+00:00,395.6549987792969,395.7200012207031,395.6000061035156,395.6700134277344,28346
2026-09-14 16:59:00+00:00,395.6401062011719,395.75,395.6401062011719,395.7200012207031,9324
2026-09-14 17:00:00+00:00,395.7200012207031,395.80999755859375,395.5799865722656,395.7799987792969,10750
2026-09-14 17:01:00+00:00,395.75,395.760009765625,395.4400024414063,395.5400085449219,19488
2026-09-14 17:02:00+00:00,395.55999755859375,395.6549987792969,395.5199890136719,395.5400085449219,12461
2026-09-14 17:03:00+00:00,395.5700073242188,395.5700073242188,395.4100036621094,395.5,7131
2026-09-14 17:04:00+00:00,395.5299987792969,395.6600036621094,395.50299072265625,395.6200866699219,6695
2026-09-14 17:05:00+00:00,395.6499938964844,395.6499938964844,395.43011474609375,395.4500122070313,7253
2026-09-14 17:06:00+00:00,395.4700012207031,395.5700073242188,395.4400024414063,395.4800109863281,13512
2026-09-14 17:07:00+00:00,395.4299926757813,395.5499877929688,395.4100036621094,395.4700012207031,4775
2026-09-14 17:08:00+00:00,395.4500122070313,395.5400085449219,395.4200134277344,395.5400085449219,6428
2026-09-14 17:09:00+00:00,395.5299987792969,395.5899963378906,395.4299926757813,395.5400085449219,36910
2026-09-14 17:10:00+00:00,395.5327758789063,395.6700134277344,395.5299987792969,395.5799865722656,14631
2026-09-14 17:11:00+00:00,395.5799865722656,395.6799926757813,395.4599914550781,395.4949951171875,7566
2026-09-14 17:12:00+00:00,395.5799865722656,395.75,395.5799865722656,395.7300109863281,6423
2026-09-14 17:13:00+00:00,395.7200012207031,395.7300109863281,395.5,395.5050048828125,12126
2026-09-14 17:14:00+00:00,395.489990234375,395.5299987792969,395.2850036621094,395.2850036621094,7696
2026-09-14 17:15:00+00:00,395.2999877929688,395.3200073242188,395.2200012207031,395.2900085449219,8585
2026-09-14 17:16:00+00:00,395.2900085449219,395.3299865722656,395.239990234375,395.2900085449219,8354
2026-09-14 17:17:00+00:00,395.2900085449219,395.4800109863281,395.260009765625,395.3299865722656,6138
2026-09-14 17:18:00+00:00,395.3399963378906,395.3699951171875,395.1400146484375,395.2250061035156,7243
2026-09-14 17:19:00+00:00,395.2349853515625,395.25,395.1900024414063,395.2000122070313,11832
2026-09-14 17:20:00+00:00,395.239990234375,395.30999755859375,395.1900024414063,395.2149963378906,7279
2026-09-14 17:21:00+00:00,395.2300109863281,395.2999877929688,395.2099914550781,395.260009765625,9485
2026-09-14 17:22:00+00:00,395.2799987792969,395.3200073242188,395.2300109863281,395.3200073242188,9591
2026-09-14 17:23:00+00:00,395.3200073242188,395.3999938964844,395.2974853515625,395.3999938964844,7245
2026-09-14 17:24:00+00:00,395.3699951171875,395.3900146484375,395.2999877929688,395.3500061035156,9439
2026-09-14 17:25:00+00:00,395.3299865722656,395.4100036621094,395.2999877929688,395.30999755859375,9052
2026-09-14 17:26:00+00:00,395.3598937988281,395.5,395.3299865722656,395.4800109863281,9803
2026-09-14 17:27:00+00:00,395.4700012207031,395.5400085449219,395.4700012207031,395.489990234375,11704
2026-09-14 17:28:00+00:00,395.5199890136719,395.6000061035156,395.3861999511719,395.3999938964844,8256
2026-09-14 17:29:00+00:00,395.3999938964844,395.4100036621094,395.239990234375,395.3699951171875,11650
2026-09-14 17:30:00+00:00,395.3999938964844,395.489990234375,395.3399963378906,395.4700012207031,9383
2026-09-14 17:31:00+00:00,395.5,395.5499877929688,395.260009765625,395.2900085449219,9475
2026-09-14 17:32:00+00:00,395.2699890136719,395.3699951171875,395.2449951171875,395.30999755859375,10439
2026-09-14 17:33:00+00:00,395.2799987792969,395.4299926757813,395.1300048828125,395.260009765625,20636
2026-09-14 17:34:00+00:00,395.239990234375,395.239990234375,395.1050109863281,395.1050109863281,4505
2026-09-14 17:35:00+00:00,395.1050109863281,395.1099853515625,394.9800109863281,395.0050048828125,15042
2026-09-14 17:36:00+00:00,395.0199890136719,395.1950073242188,395.010009765625,395.1900024414063,5059
2026-09-14 17:37:00+00:00,395.1700134277344,395.2099914550781,395.1099853515625,395.1600036621094,11437
2026-09-14 17:38:00+00:00,395.1499938964844,395.30999755859375,395.1499938964844,395.2850036621094,5465
2026-09-14 17:39:00+00:00,395.3450012207031,395.3500061035156,395.260009765625,395.260009765625,5254
2026-09-14 17:40:00+00:00,395.2900085449219,395.3500061035156,395.2000122070313,395.2000122070313,12589
2026-09-14 17:41:00+00:00,395.2200012207031,395.2200012207031,395.1449890136719,395.1499938964844,3278
2026-09-14 17:42:00+00:00,395.1900024414063,395.2799987792969,395.1600036621094,395.2200012207031,4972
2026-09-14 17:43:00+00:00,395.239990234375,395.3200073242188,395.215087890625,395.2999877929688,162853
2026-09-14 17:44:00+00:00,395.30999755859375,395.3200073242188,395.2200012207031,395.2200012207031,6979
2026-09-14 17:45:00+00:00,395.2000122070313,395.2200012207031,395.1700134277344,395.2099914550781,4963
2026-09-14 17:46:00+00:00,395.2300109863281,395.3297119140625,395.2200927734375,395.2349853515625,10832
2026-09-14 17:47:00+00:00,395.2200012207031,395.2300109863281,395.0899963378906,395.1499938964844,5903
2026-09-14 17:48:00+00:00,395.1300048828125,395.25,395.1300048828125,395.2300109863281,4587
2026-09-14 17:49:00+00:00,395.2298889160156,395.2999877929688,395.139892578125,395.139892578125,5496
2026-09-14 17:50:00+00:00,395.1199951171875,395.1799926757813,395.0899963378906,395.0950012207031,9047
2026-09-14 17:51:00+00:00,395.1000061035156,395.2000122070313,395.0864868164063,395.2000122070313,4174
2026-09-14 17:52:00+00:00,395.1799926757813,395.3500061035156,395.1449890136719,395.3500061035156,3579
2026-09-14 17:53:00+00:00,395.30999755859375,395.4200134277344,395.2699890136719,395.4200134277344,5244
2026-09-14 17:54:00+00:00,395.3699951171875,395.5299987792969,395.3699951171875,395.4200134277344,9335
2026-09-14 17:55:00+00:00,395.4200134277344,395.4400024414063,395.3800048828125,395.4150085449219,10255
2026-09-14 17:56:00+00:00,395.4200134277344,395.5400085449219,395.3999938964844,395.5400085449219,4814
2026-09-14 17:57:00+00:00,395.5400085449219,395.5499877929688,395.3800048828125,395.4500122070313,5797
2026-09-14 17:58:00+00:00,395.4700012207031,395.489990234375,395.3399963378906,395.3800048828125,5866
2026-09-14 17:59:00+00:00,395.3200073242188,395.3699951171875,395.2699890136719,395.2699890136719,6182
2026-09-14 18:00:00+00:00,395.3331909179688,395.75,395.3331909179688,395.489990234375,23688
2026-09-14 18:01:00+00:00,395.5299987792969,395.6700134277344,395.5206909179688,395.6300048828125,7218
2026-09-14 18:02:00+00:00,395.6700134277344,395.6700134277344,395.5799865722656,395.5799865722656,7565
2026-09-14 18:03:00+00:00,395.5499877929688,395.5499877929688,395.3699951171875,395.4100036621094,5769
2026-09-14 18:04:00+00:00,395.3699951171875,395.4100036621094,395.2300109863281,395.239990234375,11238
2026-09-14 18:05:00+00:00,395.260009765625,395.260009765625,395.05999755859375,395.0899963378906,13346
2026-09-14 18:06:00+00:00,395.0700988769531,395.2699890136719,395.0700988769531,395.2000122070313,6737
2026-09-14 18:07:00+00:00,395.1799926757813,395.2900085449219,395.1700134277344,395.25,5884
2026-09-14 18:08:00+00:00,395.2749938964844,395.3500061035156,395.2300109863281,395.3349914550781,5528
2026-09-14 18:09:00+00:00,395.2799987792969,395.2799987792969,395.2099914550781,395.25,5241
2026-09-14 18:10:00+00:00,395.239990234375,395.4249877929688,395.2207946777344,395.4021606445313,5116
2026-09-14 18:11:00+00:00,395.4400024414063,395.4500122070313,395.3200073242188,395.3399963378906,4245
2026-09-14 18:12:00+00:00,395.3200073242188,395.3299865722656,395.2699890136719,395.30999755859375,5887
2026-09-14 18:13:00+00:00,395.3299865722656,395.3699951171875,395.2999877929688,395.3699951171875,4125
2026-09-14 18:14:00+00:00,395.3800048828125,395.4580993652344,395.3301086425781,395.4450073242188,5642
2026-09-14 18:15:00+00:00,395.4500122070313,395.4621887207031,395.3500061035156,395.4621887207031,1860
2026-09-14 18:16:00+00:00,395.4249877929688,395.4469909667969,395.3949890136719,395.4100036621094,2183
2026-09-14 18:17:00+00:00,395.3800048828125,395.3900146484375,395.3399963378906,395.3399963378906,2703
2026-09-14 18:18:00+00:00,395.4200134277344,395.4249877929688,395.3599853515625,395.41009521484375,2813
2026-09-14 18:19:00+00:00,395.3699035644531,395.3699951171875,395.3200988769531,395.3699951171875,2166
2026-09-14 18:20:00+00:00,395.3500061035156,395.3999938964844,395.3479919433594,395.3479919433594,1970
2026-09-14 18:21:00+00:00,395.3699951171875,395.3999938964844,395.2749938964844,395.2999877929688,8312
2026-09-14 18:22:00+00:00,395.2900085449219,395.2900085449219,395.1799926757813,395.20989990234375,2194
2026-09-14 18:23:00+00:00,395.1300048828125,395.1499938964844,395.01458740234375,395.0199890136719,8093
2026-09-14 18:24:00+00:00,395.0299987792969,395.0741882324219,395.0,395.0199890136719,4967
2026-09-14 18:25:00+00:00,395.0199890136719,395.0690002441406,395.0050048828125,395.0199890136719,7903
2026-09-14 18:26:00+00:00,395.0299987792969,395.0499877929688,394.9200134277344,394.9800109863281,4950
2026-09-14 18:27:00+00:00,394.9549865722656,395.0050048828125,394.8800048828125,394.9100036621094,5153
2026-09-14 18:28:00+00:00,394.875,394.9800109863281,394.875,394.9800109863281,4184
2026-09-14 18:29:00+00:00,394.989990234375,395.1499938964844,394.989990234375,395.1400146484375,3333
2026-09-14 18:30:00+00:00,395.1549987792969,395.2099914550781,395.0899963378906,395.13970947265625,1675
2026-09-14 18:31:00+00:00,395.1499938964844,395.1600036621094,395.1099853515625,395.1099853515625,1140
2026-09-14 18:32:00+00:00,395.1050109863281,395.2099914550781,395.1050109863281,395.2000122070313,2671
2026-09-14 18:33:00+00:00,395.2099914550781,395.4249877929688,395.2099914550781,395.4249877929688,4427
2026-09-14 18:34:00+00:00,395.4100036621094,395.5,395.3900146484375,395.3900146484375,7188
2026-09-14 18:35:00+00:00,395.340087890625,395.3999938964844,395.3399963378906,395.3800048828125,3597
2026-09-14 18:36:00+00:00,395.4299926757813,395.47174072265625,395.3299865722656,395.3949890136719,3006
2026-09-14 18:37:00+00:00,395.409912109375,395.409912109375,395.3599853515625,395.3669128417969,2921
2026-09-14 18:38:00+00:00,395.3699951171875,395.4599914550781,395.3699951171875,395.4500122070313,1934
2026-09-14 18:39:00+00:00,395.4150085449219,395.4200134277344,395.2950134277344,395.30999755859375,2793
2026-09-14 18:40:00+00:00,395.2900085449219,395.2900085449219,395.2000122070313,395.25,10368
2026-09-14 18:41:00+00:00,395.2449951171875,395.30999755859375,395.1600036621094,395.2000122070313,3946
2026-09-14 18:42:00+00:00,395.2200012207031,395.239990234375,395.1400146484375,395.1749877929688,4113
2026-09-14 18:43:00+00:00,395.1600036621094,395.2049865722656,395.1351013183594,395.1409912109375,3720
2026-09-14 18:44:00+00:00,395.1549987792969,395.1796875,395.1199951171875,395.1700134277344,908
2026-09-14 18:45:00+00:00,395.1499938964844,395.1700134277344,395.1130065917969,395.139892578125,4667
2026-09-14 18:46:00+00:00,395.135009765625,395.1799926757813,395.0,395.0,10207
2026-09-14 18:47:00+00:00,395.0050048828125,395.0400085449219,394.9500122070313,394.993408203125,7655
2026-09-14 18:48:00+00:00,394.9801025390625,395.0299987792969,394.9800109863281,394.989990234375,4690
2026-09-14 18:49:00+00:00,395.0,395.05999755859375,394.989990234375,395.0,4781
2026-09-14 18:50:00+00:00,394.9500122070313,394.9500122070313,394.739990234375,394.7799987792969,11623
2026-09-14 18:51:00+00:00,394.80999755859375,394.8200073242188,394.739990234375,394.7401123046875,11606
2026-09-14 18:52:00+00:00,394.7550048828125,394.83349609375,394.7550048828125,394.8150024414063,3141
2026-09-14 18:53:00+00:00,394.7999877929688,394.8330993652344,394.7900085449219,394.80999755859375,1998
2026-09-14 18:54:00+00:00,394.7900085449219,394.9400024414063,394.7900085449219,394.8974304199219,14539
2026-09-14 18:55:00+00:00,394.8800048828125,394.9020080566406,394.7900085449219,394.9020080566406,4375
2026-09-14 18:56:00+00:00,394.9249877929688,394.9800109863281,394.8399963378906,394.8800048828125,2609
2026-09-14 18:57:00+00:00,394.8900146484375,394.9150085449219,394.8599853515625,394.8949890136719,4152
2026-09-14 18:58:00+00:00,394.8299865722656,394.95989990234375,394.8299865722656,394.95989990234375,4655
2026-09-14 18:59:00+00:00,394.8900146484375,395.0,394.8900146484375,394.9599914550781,4187
2026-09-14 19:00:00+00:00,394.9800109863281,395.0,394.9049987792969,394.9299926757813,3208
2026-09-14 19:01:00+00:00,394.9500122070313,394.9500122070313,394.8052978515625,394.8052978515625,1979
2026-09-14 19:02:00+00:00,394.8200073242188,394.8399963378906,394.7699890136719,394.8399963378906,3934
2026-09-14 19:03:00+00:00,394.7950134277344,394.8500061035156,394.7950134277344,394.8448181152344,1321
2026-09-14 19:04:00+00:00,394.760009765625,394.8699951171875,394.6600036621094,394.8699951171875,25380
2026-09-14 19:05:00+00:00,394.8800048828125,394.8800048828125,394.8203125,394.8699951171875,2745
2026-09-14 19:06:00+00:00,394.8399963378906,394.8500061035156,394.75,394.760009765625,8591
2026-09-14 19:07:00+00:00,394.7300109863281,394.7701110839844,394.6268005371094,394.6300048828125,4950
2026-09-14 19:08:00+00:00,394.6099853515625,394.6700134277344,394.5499877929688,394.6700134277344,12287
2026-09-14 19:09:00+00:00,394.6749877929688,394.739990234375,394.6499938964844,394.6499938964844,32944
2026-09-14 19:10:00+00:00,394.6700134277344,394.6799926757813,394.5799865722656,394.6499938964844,20251
2026-09-14 19:11:00+00:00,394.6499938964844,394.7999877929688,394.6499938964844,394.75,65845
2026-09-14 19:12:00+00:00,394.739990234375,394.8200073242188,394.739990234375,394.7850036621094,5130
2026-09-14 19:13:00+00:00,394.8200073242188,394.9299926757813,394.8100891113281,394.8399963378906,11940
2026-09-14 19:14:00+00:00,394.8399963378906,394.8901062011719,394.8200073242188,394.8299865722656,7702
2026-09-14 19:15:00+00:00,394.8200073242188,394.8399963378906,394.6199951171875,394.6400146484375,33245
2026-09-14 19:16:00+00:00,394.6499938964844,394.6499938964844,394.5299987792969,394.5299987792969,15172
2026-09-14 19:17:00+00:00,394.5299987792969,394.5499877929688,394.4400024414063,394.5299987792969,53404
2026-09-14 19:18:00+00:00,394.510009765625,394.5799865722656,394.489990234375,394.489990234375,3919
2026-09-14 19:19:00+00:00,394.489990234375,394.489990234375,394.260009765625,394.4200134277344,11405
2026-09-14 19:20:00+00:00,394.4200134277344,394.4849853515625,394.3800048828125,394.4400024414063,7754
2026-09-14 19:21:00+00:00,394.4200134277344,394.510009765625,394.3200988769531,394.3500061035156,11400
2026-09-14 19:22:00+00:00,394.3330078125,394.3500061035156,394.0400085449219,394.0400085449219,30738
2026-09-14 19:23:00+00:00,394.0400085449219,394.1099853515625,394.0199890136719,394.0700073242188,8169
2026-09-14 19:24:00+00:00,394.0700073242188,394.07659912109375,393.9100036621094,394.0299987792969,8613
2026-09-14 19:25:00+00:00,394.010009765625,394.0799865722656,394.010009765625,394.0299987792969,5953
2026-09-14 19:26:00+00:00,394.0299987792969,394.1099853515625,394.0,394.0299987792969,22784
2026-09-14 19:27:00+00:00,394.0199890136719,394.1499938964844,394.0,394.0299987792969,27280
2026-09-14 19:28:00+00:00,394.0199890136719,394.0700073242188,393.9800109863281,394.0199890136719,84809
2026-09-14 19:29:00+00:00,394.0299987792969,394.0549926757813,393.9599914550781,393.9649963378906,9426
2026-09-14 19:30:00+00:00,393.9599914550781,394.010009765625,393.9200134277344,393.9500122070313,25184
2026-09-14 19:31:00+00:00,393.9500122070313,394.0450134277344,393.93499755859375,393.9949951171875,20579
2026-09-14 19:32:00+00:00,393.9750061035156,394.0050048828125,393.8699951171875,393.9089965820313,19285
2026-09-14 19:33:00+00:00,393.8999938964844,393.9400024414063,393.7900085449219,393.8049926757813,86898
2026-09-14 19:34:00+00:00,393.8200073242188,393.8399963378906,393.625,393.6449890136719,14883
2026-09-14 19:35:00+00:00,393.6600036621094,393.7000122070313,393.5499877929688,393.6499938964844,18067
2026-09-14 19:36:00+00:00,393.6600036621094,393.7950134277344,393.64300537109375,393.7049865722656,7517
2026-09-14 19:37:00+00:00,393.6900024414063,393.760009765625,393.6600036621094,393.6799926757813,17546
2026-09-14 19:38:00+00:00,393.6998901367188,393.7799987792969,393.6400146484375,393.6499938964844,25374
2026-09-14 19:39:00+00:00,393.6300048828125,393.6300048828125,393.5400085449219,393.5499877929688,7860
2026-09-14 19:40:00+00:00,393.55999755859375,393.5899963378906,393.4700012207031,393.4849853515625,10439
2026-09-14 19:41:00+00:00,393.4800109863281,393.5249938964844,393.4299926757813,393.5,14647
2026-09-14 19:42:00+00:00,393.5,393.5950012207031,393.489990234375,393.5249938964844,19539
2026-09-14 19:43:00+00:00,393.5499877929688,393.55999755859375,393.4700012207031,393.4849853515625,7848
2026-09-14 19:44:00+00:00,393.510009765625,393.5799865722656,393.4700012207031,393.5700073242188,23717
2026-09-14 19:45:00+00:00,393.55999755859375,393.55999755859375,393.4500122070313,393.5050048828125,7832
2026-09-14 19:46:00+00:00,393.4800109863281,393.5,393.3699951171875,393.4100036621094,15093
2026-09-14 19:47:00+00:00,393.3999938964844,393.4200134277344,393.3399963378906,393.3699951171875,8693
2026-09-14 19:48:00+00:00,393.3599853515625,393.3599853515625,393.1600036621094,393.2749938964844,24696
2026-09-14 19:49:00+00:00,393.2900085449219,393.2950134277344,393.1799926757813,393.1900024414063,11650
2026-09-14 19:50:00+00:00,393.1600036621094,393.2099914550781,392.9599914550781,393.0801086425781,38687
2026-09-14 19:51:00+00:00,393.0899963378906,393.1400146484375,393.0036926269531,393.135009765625,30162
2026-09-14 19:52:00+00:00,393.159912109375,393.2000122070313,393.04010009765625,393.0700073242188,34828
2026-09-14 19:53:00+00:00,393.05999755859375,393.0849914550781,392.9591064453125,393.05999755859375,21617
2026-09-14 19:54:00+00:00,393.0799865722656,393.1499938964844,392.8999938964844,393.0700073242188,30891
2026-09-14 19:55:00+00:00,393.0700073242188,393.0799865722656,392.9200134277344,392.9599914550781,50520
2026-09-14 19:56:00+00:00,392.9750061035156,392.989990234375,392.75,392.7699890136719,38127
2026-09-14 19:57:00+00:00,392.7749938964844,392.9500122070313,392.7749938964844,392.9500122070313,25533
2026-09-14 19:58:00+00:00,392.9500122070313,393.010009765625,392.739990234375,392.7900085449219,108168
2026-09-14 19:59:00+00:00,392.7799987792969,392.8150024414063,392.6400146484375,392.739990234375,167047
2026-09-15 13:30:00+00:00,393.1099853515625,393.5,393.1000061035156,393.1799926757813,526658
2026-09-15 13:31:00+00:00,393.2300109863281,393.5,393.1600036621094,393.260986328125,20234
2026-09-15 13:32:00+00:00,393.2300109863281,393.2300109863281,392.8999938964844,392.9299926757813,21910
2026-09-15 13:33:00+00:00,392.9500122070313,393.1900024414063,392.8399963378906,392.8399963378906,14292
2026-09-15 13:34:00+00:00,392.82470703125,393.0799865722656,392.82470703125,393.0799865722656,7567
2026-09-15 13:35:00+00:00,393.1199951171875,393.4400024414063,393.05999755859375,393.3800048828125,37787
2026-09-15 13:36:00+00:00,393.4299926757813,393.7000122070313,393.2900085449219,393.7000122070313,43294
2026-09-15 13:37:00+00:00,393.7200012207031,393.7799987792969,393.510009765625,393.6000061035156,75579
2026-09-15 13:38:00+00:00,393.614990234375,393.614990234375,393.3699951171875,393.3900146484375,20265
2026-09-15 13:39:00+00:00,393.3800048828125,393.4599914550781,393.0199890136719,393.0400085449219,23416
2026-09-15 13:40:00+00:00,393.0400085449219,393.30999755859375,393.0199890136719,393.30999755859375,28373
2026-09-15 13:41:00+00:00,393.3299865722656,393.3599853515625,393.1300048828125,393.2900085449219,31639
2026-09-15 13:42:00+00:00,393.30999755859375,393.4500122070313,393.2300109863281,393.2300109863281,13201
2026-09-15 13:43:00+00:00,393.2099914550781,393.2099914550781,392.9299926757813,393.1700134277344,29585
2026-09-15 13:44:00+00:00,393.1700134277344,393.364990234375,393.1600036621094,393.364990234375,35377
2026-09-15 13:45:00+00:00,393.3599853515625,393.5700073242188,393.2300109863281,393.5,20394
2026-09-15 13:46:00+00:00,393.5400085449219,393.7699890136719,393.5,393.739990234375,15665
2026-09-15 13:47:00+00:00,393.7699890136719,393.8500061035156,393.5499877929688,393.6000061035156,17861
2026-09-15 13:48:00+00:00,393.5899963378906,393.7699890136719,393.5400085449219,393.5400085449219,8152
2026-09-15 13:49:00+00:00,393.5150146484375,393.8800048828125,393.4800109863281,393.8250122070313,8676
2026-09-15 13:50:00+00:00,393.7900085449219,393.8399963378906,393.5799865722656,393.6799926757813,6689
2026-09-15 13:51:00+00:00,393.7200012207031,393.8800048828125,393.6499938964844,393.7999877929688,11409
2026-09-15 13:52:00+00:00,393.8250122070313,394.0700073242188,393.7000122070313,393.89990234375,20437
2026-09-15 13:53:00+00:00,393.8500061035156,393.9400024414063,393.7000122070313,393.9299926757813,11118
2026-09-15 13:54:00+00:00,393.9100036621094,394.0199890136719,393.7900085449219,393.8900146484375,16394
2026-09-15 13:55:00+00:00,393.8999938964844,393.9800109863281,393.8200073242188,393.8200073242188,30240
2026-09-15 13:56:00+00:00,393.7999877929688,393.9500122070313,393.760009765625,393.8405151367188,18439
2026-09-15 13:57:00+00:00,393.8599853515625,393.9100036621094,393.7900085449219,393.8380126953125,12347
2026-09-15 13:58:00+00:00,393.8299865722656,394.1000061035156,393.8299865722656,394.0899963378906,15188
2026-09-15 13:59:00+00:00,394.1000061035156,394.1499938964844,393.7999877929688,393.8299865722656,26047
2026-09-15 14:00:00+00:00,393.8200073242188,394.1799926757813,393.7699890136719,394.1799926757813,11184
2026-09-15 14:01:00+00:00,394.1799926757813,394.1900024414063,393.9100036621094,394.010009765625,43840
2026-09-15 14:02:00+00:00,394.0050048828125,394.1500854492188,393.91351318359375,394.0400085449219,25028
2026-09-15 14:03:00+00:00,394.1000061035156,394.2099914550781,394.0,394.0,86810
2026-09-15 14:04:00+00:00,394.010009765625,394.0899963378906,393.7799987792969,393.8250122070313,91078
2026-09-15 14:05:00+00:00,393.8399963378906,393.9500122070313,393.7099914550781,393.9249877929688,51682
2026-09-15 14:06:00+00:00,393.900390625,394.1400146484375,393.900390625,394.0249938964844,8514
2026-09-15 14:07:00+00:00,394.0,394.3399963378906,393.9500122070313,394.1400146484375,47633
2026-09-15 14:08:00+00:00,394.1499938964844,394.25,394.05999755859375,394.2300109863281,9755
2026-09-15 14:09:00+00:00,394.3200073242188,394.3299865722656,394.1099853515625,394.1099853515625,21401
2026-09-15 14:10:00+00:00,394.1099853515625,394.1400146484375,393.9200134277344,394.1199951171875,22392
2026-09-15 14:11:00+00:00,394.1199951171875,394.1199951171875,393.8699951171875,393.9500122070313,21267
2026-09-15 14:12:00+00:00,393.9299926757813,393.9299926757813,393.7699890136719,393.80999755859375,10553
2026-09-15 14:13:00+00:00,393.80999755859375,393.9500122070313,393.80999755859375,393.8450012207031,15619
2026-09-15 14:14:00+00:00,393.8150024414063,393.8399963378906,393.6900024414063,393.7799987792969,30894
2026-09-15 14:15:00+00:00,393.7850036621094,393.8699951171875,393.7149963378906,393.8599853515625,6352
2026-09-15 14:16:00+00:00,393.8200073242188,393.8200073242188,393.4299926757813,393.4800109863281,140015
2026-09-15 14:17:00+00:00,393.4400024414063,393.5994873046875,393.4299926757813,393.510009765625,8418
2026-09-15 14:18:00+00:00,393.5,393.5499877929688,393.3399963378906,393.3599853515625,39692
2026-09-15 14:19:00+00:00,393.3500061035156,393.6799926757813,393.3299865722656,393.6700134277344,10277
2026-09-15 14:20:00+00:00,393.7099914550781,393.7999877929688,393.4400024414063,393.4750061035156,5651
2026-09-15 14:21:00+00:00,393.489990234375,393.510009765625,393.1400146484375,393.1400146484375,11450
2026-09-15 14:22:00+00:00,393.1499938964844,393.1799926757813,392.9700012207031,393.114990234375,27729
2026-09-15 14:23:00+00:00,393.1199951171875,393.1199951171875,392.9800109863281,393.0499877929688,31107
2026-09-15 14:24:00+00:00,393.0499877929688,393.2999877929688,392.9800109863281,393.1900024414063,10505
2026-09-15 14:25:00+00:00,393.2200012207031,393.2699890136719,393.1695861816406,393.2250061035156,3449
2026-09-15 14:26:00+00:00,393.2300109863281,393.2799987792969,393.0700073242188,393.1099853515625,3875
2026-09-15 14:27:00+00:00,393.05999755859375,393.05999755859375,392.7601013183594,392.80999755859375,32718
2026-09-15 14:28:00+00:00,392.7900085449219,392.8399963378906,392.7099914550781,392.7699890136719,12376
2026-09-15 14:29:00+00:00,392.8150024414063,392.8800048828125,392.6000061035156,392.8299865722656,25827
2026-09-15 14:30:00+00:00,392.7300109863281,392.8599853515625,392.6700134277344,392.6900024414063,8120
2026-09-15 14:31:00+00:00,392.6600036621094,392.7294921875,392.5199890136719,392.6700134277344,13690
2026-09-15 14:32:00+00:00,392.6499938964844,392.6600036621094,392.3703918457031,392.4299926757813,11439
2026-09-15 14:33:00+00:00,392.4400024414063,392.8699951171875,392.4400024414063,392.8299865722656,158798
2026-09-15 14:34:00+00:00,392.8460998535156,392.8599853515625,392.55999755859375,392.760009765625,11122
2026-09-15 14:35:00+00:00,392.75,392.9700012207031,392.7200012207031,392.7799987792969,9785
2026-09-15 14:36:00+00:00,392.7300109863281,392.7300109863281,392.5499877929688,392.7130126953125,3909
2026-09-15 14:37:00+00:00,392.7099914550781,392.7225036621094,392.3999938964844,392.3999938964844,4790
2026-09-15 14:38:00+00:00,392.3999938964844,392.3999938964844,392.1199951171875,392.1500854492188,12957
2026-09-15 14:39:00+00:00,392.1499938964844,392.29888916015625,392.0199890136719,392.25,16936
2026-09-15 14:40:00+00:00,392.2300109863281,392.2300109863281,392.0969848632813,392.1499938964844,4464
2026-09-15 14:41:00+00:00,392.1400146484375,392.239990234375,392.1400146484375,392.1600036621094,14960
2026-09-15 14:42:00+00:00,392.1549987792969,392.2900085449219,392.1549987792969,392.2200012207031,8495
2026-09-15 14:43:00+00:00,392.239990234375,392.3198852539063,392.1700134277344,392.25,9437
2026-09-15 14:44:00+00:00,392.2999877929688,392.3299865722656,392.1799926757813,392.2000122070313,5882
2026-09-15 14:45:00+00:00,392.2300109863281,392.6099853515625,392.2300109863281,392.5799865722656,19517
2026-09-15 14:46:00+00:00,392.5750122070313,392.6300048828125,392.54010009765625,392.6300048828125,24835
2026-09-15 14:47:00+00:00,392.6300048828125,392.6600036621094,392.4500122070313,392.510009765625,8085
2026-09-15 14:48:00+00:00,392.489990234375,392.489990234375,392.2999877929688,392.2999877929688,6101
2026-09-15 14:49:00+00:00,392.2099914550781,392.2699890136719,392.1300048828125,392.2699890136719,72979
2026-09-15 14:50:00+00:00,392.2550048828125,392.3299865722656,392.1700134277344,392.2799987792969,6245
2026-09-15 14:51:00+00:00,392.30999755859375,392.3900146484375,391.80999755859375,392.0,178528
2026-09-15 14:52:00+00:00,392.0,392.3500061035156,392.0,392.3500061035156,12225
2026-09-15 14:53:00+00:00,392.3399963378906,392.3399963378906,392.119384765625,392.239990234375,5978
2026-09-15 14:54:00+00:00,392.25,392.489990234375,392.25,392.4400024414063,7698
2026-09-15 14:55:00+00:00,392.43060302734375,392.4400024414063,392.2699890136719,392.3599853515625,8253
2026-09-15 14:56:00+00:00,392.3599853515625,392.3900146484375,392.1700134277344,392.260009765625,9796
2026-09-15 14:57:00+00:00,392.3299865722656,392.4299926757813,392.2900085449219,392.3500061035156,11542
2026-09-15 14:58:00+00:00,392.3299865722656,392.3550109863281,392.0,392.1799926757813,36797
2026-09-15 14:59:00+00:00,392.1799926757813,392.2698974609375,392.1300048828125,392.1700134277344,4774
2026-09-15 15:00:00+00:00,392.2049865722656,392.4100036621094,392.2049865722656,392.3298950195313,9956
2026-09-15 15:01:00+00:00,392.3399963378906,392.5899963378906,392.1000061035156,392.4249877929688,24588
2026-09-15 15:02:00+00:00,392.4150085449219,392.4299926757813,392.2000122070313,392.30999755859375,7755
2026-09-15 15:03:00+00:00,392.3049926757813,392.6499938964844,392.2900085449219,392.6400146484375,10198
2026-09-15 15:04:00+00:00,392.6600036621094,392.7250061035156,392.5700073242188,392.7250061035156,6635
2026-09-15 15:05:00+00:00,392.739990234375,392.7999877929688,392.5899963378906,392.6310119628906,4650
2026-09-15 15:06:00+00:00,392.635009765625,392.8399963378906,392.635009765625,392.7850036621094,3942
2026-09-15 15:07:00+00:00,392.7999877929688,392.7999877929688,392.5400085449219,392.6549987792969,7876
2026-09-15 15:08:00+00:00,392.6700134277344,392.7000122070313,392.5,392.5408020019531,9478
2026-09-15 15:09:00+00:00,392.531005859375,392.6499938964844,392.531005859375,392.6400146484375,5708
2026-09-15 15:10:00+00:00,392.6199951171875,392.7699890136719,392.5700073242188,392.6900024414063,19220
2026-09-15 15:11:00+00:00,392.739990234375,393.0,392.6400146484375,392.93499755859375,9853
2026-09-15 15:12:00+00:00,392.9599914550781,392.9800109863281,392.6600036621094,392.6900024414063,7547
2026-09-15 15:13:00+00:00,392.6799926757813,392.7449951171875,392.6099853515625,392.7000122070313,9862
2026-09-15 15:14:00+00:00,392.7300109863281,392.8999938964844,392.6300048828125,392.8999938964844,3717
2026-09-15 15:15:00+00:00,392.8999938964844,393.0199890136719,392.8900146484375,392.9200134277344,14937
2026-09-15 15:16:00+00:00,392.80999755859375,393.0400085449219,392.7650146484375,393.0400085449219,13128
2026-09-15 15:17:00+00:00,393.043212890625,393.1000061035156,392.9500122070313,393.0899963378906,6057
2026-09-15 15:18:00+00:00,393.0050048828125,393.0499877929688,392.9249877929688,393.0150146484375,8927
2026-09-15 15:19:00+00:00,393.0398864746094,393.0700073242188,392.9599914550781,393.0,7876
2026-09-15 15:20:00+00:00,393.0,393.0700073242188,392.9500122070313,392.9500122070313,11332
2026-09-15 15:21:00+00:00,392.9700012207031,393.0299987792969,392.85009765625,392.9200134277344,11995
2026-09-15 15:22:00+00:00,392.9200134277344,392.9299926757813,392.6400146484375,392.7000122070313,30238
2026-09-15 15:23:00+00:00,392.6900024414063,392.7200012207031,392.60260009765625,392.6600036621094,9908
2026-09-15 15:24:00+00:00,392.6799926757813,392.9299926757813,392.6400146484375,392.885009765625,34309
2026-09-15 15:25:00+00:00,392.8999938964844,392.9800109863281,392.864990234375,392.9450073242188,20430
2026-09-15 15:26:00+00:00,392.8905029296875,392.9299926757813,392.7099914550781,392.8800048828125,8861
2026-09-15 15:27:00+00:00,392.8900146484375,392.9299926757813,392.8399963378906,392.9299926757813,8338
2026-09-15 15:28:00+00:00,392.8699951171875,392.9200134277344,392.8599853515625,392.9200134277344,7542
2026-09-15 15:29:00+00:00,392.9299926757813,392.9299926757813,392.7000122070313,392.760009765625,10878
2026-09-15 15:30:00+00:00,392.7699890136719,392.8800048828125,392.7200012207031,392.7799987792969,19437
2026-09-15 15:31:00+00:00,392.7999877929688,392.8999938964844,392.7749938964844,392.7999877929688,16474
2026-09-15 15:32:00+00:00,392.80999755859375,392.9200134277344,392.80999755859375,392.8500061035156,7979
2026-09-15 15:33:00+00:00,392.8299865722656,392.8699951171875,392.6700134277344,392.7049865722656,22602
2026-09-15 15:34:00+00:00,392.7300109863281,392.8699951171875,392.55999755859375,392.8699951171875,12242
2026-09-15 15:35:00+00:00,392.8900146484375,392.9299926757813,392.7749938964844,392.8599853515625,10439
2026-09-15 15:36:00+00:00,392.8599853515625,393.1400146484375,392.8599853515625,393.0199890136719,10772
2026-09-15 15:37:00+00:00,393.0299987792969,393.0350036621094,392.9100036621094,392.9400024414063,5771
2026-09-15 15:38:00+00:00,392.9700012207031,393.1000061035156,392.9599914550781,393.0,11298
2026-09-15 15:39:00+00:00,392.9700012207031,393.1199951171875,392.9599914550781,393.1099853515625,8400
2026-09-15 15:40:00+00:00,393.114990234375,393.3399963378906,393.1105041503906,393.3399963378906,8179
2026-09-15 15:41:00+00:00,393.3399963378906,393.3599853515625,393.2049865722656,393.2049865722656,7363
2026-09-15 15:42:00+00:00,393.1950073242188,393.2300109863281,393.1610107421875,393.2300109863281,3602
2026-09-15 15:43:00+00:00,393.1701049804688,393.1701049804688,393.0609130859375,393.1000061035156,4349
2026-09-15 15:44:00+00:00,393.1199951171875,393.135009765625,393.0899963378906,393.1199951171875,2282
2026-09-15 15:45:00+00:00,393.1499938964844,393.1900024414063,392.9692077636719,392.9692077636719,3121
2026-09-15 15:46:00+00:00,392.9299926757813,393.1000061035156,392.9200134277344,393.0899963378906,4547
2026-09-15 15:47:00+00:00,393.0849914550781,393.0849914550781,392.9240112304688,392.9240112304688,4038
2026-09-15 15:48:00+00:00,392.9249877929688,393.1900024414063,392.9249877929688,393.1300048828125,6497
2026-09-15 15:49:00+00:00,393.0899963378906,393.0899963378906,392.8900146484375,392.9999084472656,7442
2026-09-15 15:50:00+00:00,393.0400085449219,393.5299987792969,393.0400085449219,393.489990234375,39914
2026-09-15 15:51:00+00:00,393.4800109863281,393.4891052246094,393.3299865722656,393.4400024414063,10704
2026-09-15 15:52:00+00:00,393.43499755859375,393.4399108886719,393.3299865722656,393.3599853515625,4936
2026-09-15 15:53:00+00:00,393.3299865722656,393.4750061035156,393.3200073242188,393.4299926757813,11502
2026-09-15 15:54:00+00:00,393.4599914550781,393.5111083984375,393.3399963378906,393.3399963378906,5859
2026-09-15 15:55:00+00:00,393.3150024414063,393.7900085449219,393.1700134277344,393.75,12570
2026-09-15 15:56:00+00:00,393.7099914550781,393.7300109863281,393.4509887695313,393.4509887695313,8423
2026-09-15 15:57:00+00:00,393.4500122070313,393.5,393.3598937988281,393.3598937988281,8421
2026-09-15 15:58:00+00:00,393.3499145507813,393.4400024414063,393.3399963378906,393.3500061035156,15240
2026-09-15 15:59:00+00:00,393.3500061035156,393.3900146484375,393.260009765625,393.260009765625,6696
2026-09-15 16:00:00+00:00,393.25,393.3599853515625,393.1700134277344,393.3599853515625,7052
2026-09-15 16:01:00+00:00,393.3800048828125,393.43951416015625,393.2799987792969,393.3800964355469,4023
2026-09-15 16:02:00+00:00,393.3599853515625,393.4200134277344,393.3299865722656,393.3800048828125,3695
2026-09-15 16:03:00+00:00,393.372802734375,393.4100036621094,393.30999755859375,393.30999755859375,3265
2026-09-15 16:04:00+00:00,393.3450012207031,393.4750061035156,393.3150024414063,393.4750061035156,7580
2026-09-15 16:05:00+00:00,393.4599914550781,393.489990234375,393.3200073242188,393.3599853515625,5786
2026-09-15 16:06:00+00:00,393.3599853515625,393.4049987792969,393.30999755859375,393.3200073242188,6504
2026-09-15 16:07:00+00:00,393.30999755859375,393.4200134277344,393.2999877929688,393.4049987792969,5051
2026-09-15 16:08:00+00:00,393.4100036621094,393.4800109863281,393.3710021972656,393.3800964355469,3171
2026-09-15 16:09:00+00:00,393.4100036621094,393.4798889160156,393.3250122070313,393.4500122070313,7604
2026-09-15 16:10:00+00:00,393.4400024414063,393.4700012207031,393.3399963378906,393.3399963378906,5145
2026-09-15 16:11:00+00:00,393.389892578125,393.4400024414063,393.3054809570313,393.3200073242188,4308
2026-09-15 16:12:00+00:00,393.3049926757813,393.3049926757813,393.1700134277344,393.1900024414063,11083
2026-09-15 16:13:00+00:00,393.1799926757813,393.1799926757813,393.05999755859375,393.135009765625,9132
2026-09-15 16:14:00+00:00,393.0899963378906,393.1300964355469,393.0299987792969,393.0400085449219,6902
2026-09-15 16:15:00+00:00,393.0400085449219,393.0700073242188,392.9599914550781,393.0700073242188,4305
2026-09-15 16:16:00+00:00,393.0750122070313,393.1650085449219,393.0750122070313,393.1300048828125,8891
2026-09-15 16:17:00+00:00,393.1600036621094,393.25,393.0499877929688,393.1749877929688,53538
2026-09-15 16:18:00+00:00,393.1749877929688,393.2099914550781,393.114990234375,393.1700134277344,6096
2026-09-15 16:19:00+00:00,393.1700134277344,393.2349853515625,393.1700134277344,393.2349853515625,3332
2026-09-15 16:20:00+00:00,393.2300109863281,393.3900146484375,393.1799926757813,393.3900146484375,6254
2026-09-15 16:21:00+00:00,393.3800048828125,393.7300109863281,393.375,393.7200012207031,7636
2026-09-15 16:22:00+00:00,393.7099914550781,393.8299865722656,393.6799926757813,393.739990234375,18901
2026-09-15 16:23:00+00:00,393.7200012207031,393.9800109863281,393.6799926757813,393.7999877929688,25032
2026-09-15 16:24:00+00:00,393.80999755859375,393.9872131347656,393.7900085449219,393.9700012207031,9076
2026-09-15 16:25:00+00:00,393.9700012207031,394.0,393.9100036621094,393.9500122070313,12089
2026-09-15 16:26:00+00:00,393.9800109863281,394.0,393.8999938964844,394.0,12479
2026-09-15 16:27:00+00:00,393.9743041992188,393.9898986816406,393.7900085449219,393.8049926757813,21939
2026-09-15 16:28:00+00:00,393.80810546875,393.8999938964844,393.80810546875,393.8999938964844,33926
2026-09-15 16:29:00+00:00,393.8800048828125,393.9198913574219,393.8299865722656,393.8599853515625,13389
2026-09-15 16:30:00+00:00,393.8699035644531,393.9299926757813,393.8599853515625,393.8999938964844,8599
2026-09-15 16:31:00+00:00,393.909912109375,393.909912109375,393.83990478515625,393.8399963378906,15014
2026-09-15 16:32:00+00:00,393.8500061035156,394.0199890136719,393.8349914550781,394.010009765625,17985
2026-09-15 16:33:00+00:00,394.0199890136719,394.0799865722656,393.7799987792969,393.7799987792969,16195
2026-09-15 16:34:00+00:00,393.8049926757813,393.8228149414063,393.6300048828125,393.64990234375,6006
2026-09-15 16:35:00+00:00,393.6199951171875,393.6600036621094,393.5,393.510009765625,19471
2026-09-15 16:36:00+00:00,393.5299987792969,393.8699951171875,393.5299987792969,393.8550109863281,37233
2026-09-15 16:37:00+00:00,393.85198974609375,393.8900146484375,393.80999755859375,393.8900146484375,17987
2026-09-15 16:38:00+00:00,393.885009765625,393.885009765625,393.7449951171875,393.7449951171875,9026
2026-09-15 16:39:00+00:00,393.6600036621094,393.8800048828125,393.5799865722656,393.843505859375,49441
2026-09-15 16:40:00+00:00,393.8200073242188,393.8200073242188,393.6900024414063,393.6900024414063,2442
2026-09-15 16:41:00+00:00,393.6899108886719,393.7900085449219,393.6383972167969,393.7900085449219,11900
2026-09-15 16:42:00+00:00,393.760009765625,393.760009765625,393.7000122070313,393.7049865722656,4983
2026-09-15 16:43:00+00:00,393.6700134277344,393.9599914550781,393.6700134277344,393.9500122070313,13590
2026-09-15 16:44:00+00:00,393.9500122070313,393.989990234375,393.9162902832031,393.9500122070313,30854
2026-09-15 16:45:00+00:00,393.9800109863281,394.05999755859375,393.9200134277344,393.9200134277344,23300
2026-09-15 16:46:00+00:00,393.95989990234375,393.98291015625,393.8900146484375,393.93499755859375,12931
2026-09-15 16:47:00+00:00,393.9400024414063,393.9700012207031,393.8999938964844,393.8999938964844,15936
2026-09-15 16:48:00+00:00,393.8999938964844,393.9399108886719,393.8800048828125,393.8900146484375,10757
2026-09-15 16:49:00+00:00,393.8900146484375,393.8999938964844,393.8399963378906,393.8599853515625,15328
2026-09-15 16:50:00+00:00,393.8399963378906,394.0400085449219,393.8200073242188,393.9822082519531,10961
2026-09-15 16:51:00+00:00,393.989990234375,394.0700073242188,393.989990234375,394.0151977539063,9271
2026-09-15 16:52:00+00:00,394.0151062011719,394.0799865722656,394.010009765625,394.0249938964844,17202
2026-09-15 16:53:00+00:00,394.0342102050781,394.0899963378906,393.9649963378906,394.08990478515625,8713
2026-09-15 16:54:00+00:00,394.0849914550781,394.1400146484375,394.05999755859375,394.0750122070313,24974
2026-09-15 16:55:00+00:00,394.08990478515625,394.08990478515625,393.989990234375,393.989990234375,9781
2026-09-15 16:56:00+00:00,393.9700012207031,393.9700012207031,393.8599853515625,393.8800048828125,16304
2026-09-15 16:57:00+00:00,393.8900146484375,393.9599914550781,393.8900146484375,393.9249877929688,7080
2026-09-15 16:58:00+00:00,393.9549865722656,394.0249938964844,393.9500122070313,394.010009765625,12527
2026-09-15 16:59:00+00:00,393.989990234375,394.0,393.8699951171875,393.8800048828125,10611
2026-09-15 17:00:00+00:00,393.875,393.9599914550781,393.875,393.91009521484375,4777
2026-09-15 17:01:00+00:00,393.9500122070313,393.9500122070313,393.8299865722656,393.9299926757813,3359
2026-09-15 17:02:00+00:00,393.8599853515625,393.8599853515625,393.6099853515625,393.7000122070313,53190
2026-09-15 17:03:00+00:00,393.6600036621094,393.7000122070313,393.5501098632813,393.55999755859375,4777
2026-09-15 17:04:00+00:00,393.5184020996094,393.5700073242188,393.4599914550781,393.4599914550781,10159
2026-09-15 17:05:00+00:00,393.4599914550781,393.4800109863281,393.3900146484375,393.4800109863281,7755
2026-09-15 17:06:00+00:00,393.4400024414063,393.5700073242188,393.4400024414063,393.4999084472656,8453
2026-09-15 17:07:00+00:00,393.510009765625,393.6549987792969,393.510009765625,393.6099853515625,45449
2026-09-15 17:08:00+00:00,393.5950012207031,393.6700134277344,393.590087890625,393.6700134277344,75842
2026-09-15 17:09:00+00:00,393.6950073242188,393.7099914550781,393.5799865722656,393.5799865722656,11047
2026-09-15 17:10:00+00:00,393.635009765625,393.8699951171875,393.635009765625,393.7900085449219,7786
2026-09-15 17:11:00+00:00,393.739990234375,393.760009765625,393.7300109863281,393.7349853515625,2257
2026-09-15 17:12:00+00:00,393.760009765625,393.864990234375,393.760009765625,393.8500061035156,2774
2026-09-15 17:13:00+00:00,393.8500061035156,394.0199890136719,393.8500061035156,394.0199890136719,42032
2026-09-15 17:14:00+00:00,394.0199890136719,394.1900024414063,393.8299865722656,393.840087890625,12137
2026-09-15 17:15:00+00:00,393.8250122070313,393.8699951171875,393.7099914550781,393.7099914550781,6747
2026-09-15 17:16:00+00:00,393.7000122070313,393.8800048828125,393.7000122070313,393.8800048828125,11210
2026-09-15 17:17:00+00:00,393.8949890136719,393.989990234375,393.8900146484375,393.9000854492188,23719
2026-09-15 17:18:00+00:00,393.8900146484375,393.8900146484375,393.7300109863281,393.7999877929688,7100
2026-09-15 17:19:00+00:00,393.7999877929688,393.9299926757813,393.7999877929688,393.9299926757813,2325
2026-09-15 17:20:00+00:00,393.9299926757813,393.9700012207031,393.8200073242188,393.8399963378906,3694
2026-09-15 17:21:00+00:00,393.864990234375,393.8800048828125,393.7699890136719,393.7699890136719,3865
2026-09-15 17:22:00+00:00,393.7300109863281,393.75,393.55999755859375,393.6499938964844,9052
2026-09-15 17:23:00+00:00,393.6600036621094,393.7200012207031,393.6300048828125,393.7099914550781,3318
2026-09-15 17:24:00+00:00,393.7200012207031,393.7200012207031,393.5700073242188,393.6400146484375,6076
2026-09-15 17:25:00+00:00,393.6300048828125,393.6900024414063,393.5700073242188,393.6199951171875,2993
2026-09-15 17:26:00+00:00,393.6700134277344,393.7699890136719,393.6700134277344,393.7000122070313,12266
2026-09-15 17:27:00+00:00,393.7300109863281,393.7900085449219,393.7099914550781,393.7900085449219,1996
2026-09-15 17:28:00+00:00,393.80999755859375,393.80999755859375,393.6900024414063,393.6900024414063,1628
2026-09-15 17:29:00+00:00,393.5799865722656,393.6499938964844,393.5,393.6499938964844,6650
2026-09-15 17:30:00+00:00,393.6600036621094,393.760009765625,393.6600036621094,393.739990234375,0
2026-09-15 17:31:00+00:00,393.75,394.05999755859375,393.75,394.0199890136719,26579
2026-09-15 17:32:00+00:00,394.0700073242188,394.0999145507813,393.9949951171875,394.0249938964844,3045
2026-09-15 17:33:00+00:00,394.0199890136719,394.0400085449219,393.9100036621094,393.9599914550781,2594
2026-09-15 17:34:00+00:00,393.9849853515625,394.0700073242188,393.9849853515625,394.0,0
2026-09-15 17:35:00+00:00,394.0,394.1400146484375,393.9599914550781,394.05999755859375,9965
2026-09-15 17:36:00+00:00,394.0650024414063,394.114990234375,394.0,394.114990234375,2614
2026-09-15 17:37:00+00:00,394.05999755859375,394.1720886230469,394.04010009765625,394.0950012207031,3268
2026-09-15 17:38:00+00:00,394.05999755859375,394.0899963378906,394.010009765625,394.0199890136719,3302
2026-09-15 17:39:00+00:00,394.0,394.0,393.8500061035156,393.8500061035156,4697
2026-09-15 17:40:00+00:00,393.8500061035156,393.8599853515625,393.7799987792969,393.8349914550781,3419
2026-09-15 17:41:00+00:00,393.8049926757813,393.8049926757813,393.6199951171875,393.6499938964844,7071
2026-09-15 17:42:00+00:00,393.614990234375,393.6300048828125,393.5799865722656,393.5799865722656,4107
2026-09-15 17:43:00+00:00,393.6000061035156,393.6600036621094,393.5700073242188,393.6499938964844,6791
2026-09-15 17:44:00+00:00,393.652587890625,393.7250061035156,393.652587890625,393.6900024414063,5058
2026-09-15 17:45:00+00:00,393.7000122070313,393.739990234375,393.6700134277344,393.7349853515625,0
2026-09-15 17:46:00+00:00,393.760009765625,393.8200073242188,393.7460021972656,393.760009765625,3897
2026-09-15 17:47:00+00:00,393.7999877929688,393.8900146484375,393.7699890136719,393.8599853515625,6564
2026-09-15 17:48:00+00:00,393.8500061035156,393.9200134277344,393.80999755859375,393.87548828125,5398
2026-09-15 17:49:00+00:00,393.8868103027344,393.8900146484375,393.7900085449219,393.80999755859375,6115
2026-09-15 17:50:00+00:00,393.7999877929688,393.8599853515625,393.7799987792969,393.8299865722656,10828
2026-09-15 17:51:00+00:00,393.8500061035156,393.875,393.8399963378906,393.875,838
2026-09-15 17:52:00+00:00,393.8999938964844,393.9299926757813,393.8399963378906,393.875,0
2026-09-15 17:53:00+00:00,393.80999755859375,393.8399963378906,393.7900085449219,393.80999755859375,10003
2026-09-15 17:54:00+00:00,393.8132019042969,393.8800048828125,393.739990234375,393.8699951171875,8848
2026-09-15 17:55:00+00:00,393.8800048828125,393.8999938964844,393.7900085449219,393.8500061035156,21865
2026-09-15 17:56:00+00:00,393.8500061035156,393.9100036621094,393.8500061035156,393.8800048828125,33963
2026-09-15 17:57:00+00:00,393.8999938964844,393.9198913574219,393.8500061035156,393.8699951171875,3542
2026-09-15 17:58:00+00:00,393.8299865722656,393.8500061035156,393.8200073242188,393.8399963378906,1602
2026-09-15 17:59:00+00:00,393.8789978027344,393.8789978027344,393.7799987792969,393.8200073242188,43323
2026-09-15 18:00:00+00:00,393.8599853515625,393.9400024414063,393.8049926757813,393.8049926757813,15504
2026-09-15 18:01:00+00:00,393.80999755859375,393.8699951171875,393.6900024414063,393.6900024414063,19130
2026-09-15 18:02:00+00:00,393.7099914550781,393.8200073242188,393.6499938964844,393.7300109863281,32782
2026-09-15 18:03:00+00:00,393.7049865722656,393.7300109863281,393.6500854492188,393.6500854492188,2931
2026-09-15 18:04:00+00:00,393.6650085449219,393.8599853515625,393.6600036621094,393.8599853515625,14826
2026-09-15 18:05:00+00:00,393.8349914550781,393.9595031738281,393.8349914550781,393.9595031738281,5663
2026-09-15 18:06:00+00:00,393.9700012207031,394.1499938964844,393.9500122070313,394.1099853515625,26558
2026-09-15 18:07:00+00:00,394.1449890136719,394.1889953613281,394.05999755859375,394.1549987792969,18383
2026-09-15 18:08:00+00:00,394.1199951171875,394.1199951171875,394.010009765625,394.0523071289063,4003
2026-09-15 18:09:00+00:00,394.1199951171875,394.1401062011719,393.989990234375,393.989990234375,2274
2026-09-15 18:10:00+00:00,393.989990234375,394.0799865722656,393.9500122070313,394.0700073242188,6656
2026-09-15 18:11:00+00:00,394.0899963378906,394.2799072265625,394.0899963378906,394.2349853515625,5405
2026-09-15 18:12:00+00:00,394.2200012207031,394.5700073242188,394.2200012207031,394.5498962402344,22287
2026-09-15 18:13:00+00:00,394.5589904785156,394.6900024414063,394.5199890136719,394.5899963378906,28310
2026-09-15 18:14:00+00:00,394.6400146484375,394.6400146484375,394.4800109863281,394.5299987792969,8318
2026-09-15 18:15:00+00:00,394.5700073242188,394.739990234375,394.5050048828125,394.7200927734375,9486
2026-09-15 18:16:00+00:00,394.7300109863281,394.8200073242188,394.6199951171875,394.7300109863281,22907
2026-09-15 18:17:00+00:00,394.7300109863281,394.9200134277344,394.7200012207031,394.8599853515625,7670
2026-09-15 18:18:00+00:00,394.8500061035156,394.9200134277344,394.6400146484375,394.6400146484375,20532
2026-09-15 18:19:00+00:00,394.6400146484375,394.7999877929688,394.6000061035156,394.7999877929688,6498
2026-09-15 18:20:00+00:00,394.7999877929688,394.80999755859375,394.7049865722656,394.7699890136719,2541
2026-09-15 18:21:00+00:00,394.75,394.8049926757813,394.6401062011719,394.6950073242188,2778
2026-09-15 18:22:00+00:00,394.6899108886719,394.7699890136719,394.6199951171875,394.760009765625,36211
2026-09-15 18:23:00+00:00,394.739990234375,394.7799987792969,394.6799926757813,394.7699890136719,5282
2026-09-15 18:24:00+00:00,394.7650146484375,394.7781066894531,394.6900024414063,394.7250061035156,9137
2026-09-15 18:25:00+00:00,394.7250061035156,394.8299865722656,394.7250061035156,394.8299865722656,4090
2026-09-15 18:26:00+00:00,394.8599853515625,394.875,394.7000122070313,394.760009765625,7023
2026-09-15 18:27:00+00:00,394.75,394.7699890136719,394.625,394.625,4919
2026-09-15 18:28:00+00:00,394.6700134277344,394.760009765625,394.6400146484375,394.6950073242188,8110
2026-09-15 18:29:00+00:00,394.75,394.7999877929688,394.6700134277344,394.739990234375,3729
2026-09-15 18:30:00+00:00,394.7200012207031,394.7200012207031,394.5299987792969,394.5400085449219,5846
2026-09-15 18:31:00+00:00,394.55999755859375,394.5849914550781,394.5050048828125,394.5849914550781,2391
2026-09-15 18:32:00+00:00,394.5750122070313,394.6000061035156,394.489990234375,394.49261474609375,5719
2026-09-15 18:33:00+00:00,394.4599914550781,394.5498046875,394.4505920410156,394.4801025390625,3815
2026-09-15 18:34:00+00:00,394.55999755859375,394.6000061035156,394.523193359375,394.5650024414063,2212
2026-09-15 18:35:00+00:00,394.5700073242188,394.5750122070313,394.510009765625,394.5650024414063,1509
2026-09-15 18:36:00+00:00,394.5799865722656,394.6199951171875,394.5400085449219,394.5600891113281,3742
2026-09-15 18:37:00+00:00,394.5799865722656,394.5799865722656,394.4599914550781,394.5,3179
2026-09-15 18:38:00+00:00,394.4700012207031,394.5400085449219,394.4299926757813,394.5400085449219,12512
2026-09-15 18:39:00+00:00,394.5400085449219,394.6499938964844,394.5299987792969,394.6300048828125,27091
2026-09-15 18:40:00+00:00,394.6000061035156,394.6449890136719,394.5809020996094,394.6449890136719,6040
2026-09-15 18:41:00+00:00,394.6499938964844,395.0499877929688,394.6499938964844,395.0299987792969,30085
2026-09-15 18:42:00+00:00,395.0700073242188,395.0899963378906,394.739990234375,394.8299865722656,14348
2026-09-15 18:43:00+00:00,394.8399963378906,394.8807067871094,394.75,394.75,3249
2026-09-15 18:44:00+00:00,394.739990234375,394.7999877929688,394.7000122070313,394.760009765625,6055
2026-09-15 18:45:00+00:00,394.7301025390625,394.7900085449219,394.6900024414063,394.7799987792969,9742
2026-09-15 18:46:00+00:00,394.7799987792969,394.9200134277344,394.7799987792969,394.8299865722656,13759
2026-09-15 18:47:00+00:00,394.8200073242188,395.0299987792969,394.8200073242188,395.0199890136719,17238
2026-09-15 18:48:00+00:00,395.010009765625,395.0350036621094,394.8399963378906,394.8699951171875,5230
2026-09-15 18:49:00+00:00,394.8900146484375,394.9450073242188,394.8200073242188,394.9299926757813,5439
2026-09-15 18:50:00+00:00,394.9352111816406,395.1600036621094,394.9352111816406,395.1400146484375,9434
2026-09-15 18:51:00+00:00,395.1400146484375,395.239990234375,395.1199951171875,395.1650085449219,11515
2026-09-15 18:52:00+00:00,395.1799926757813,395.2099914550781,395.1199951171875,395.1300048828125,6938
2026-09-15 18:53:00+00:00,395.1300048828125,395.1449890136719,395.05999755859375,395.0700073242188,13622
2026-09-15 18:54:00+00:00,395.0750122070313,395.1000061035156,395.0,395.1000061035156,6075
2026-09-15 18:55:00+00:00,395.1000061035156,395.1000061035156,395.0,395.010009765625,6690
2026-09-15 18:56:00+00:00,395.0,395.1050109863281,395.0,395.0700073242188,9721
2026-09-15 18:57:00+00:00,395.0201110839844,395.0401916503906,394.9649963378906,394.9840087890625,4811
2026-09-15 18:58:00+00:00,394.9450073242188,395.0199890136719,394.8800048828125,394.9500122070313,2120
2026-09-15 18:59:00+00:00,394.9750061035156,395.0899963378906,394.9599914550781,395.0884094238281,11288
2026-09-15 19:00:00+00:00,395.0899963378906,395.25,395.0400085449219,395.2200012207031,31765
2026-09-15 19:01:00+00:00,395.2099914550781,395.30999755859375,395.125,395.125,16451
2026-09-15 19:02:00+00:00,395.125,395.1300048828125,394.8500061035156,394.8500061035156,17341
2026-09-15 19:03:00+00:00,394.8450012207031,394.9100036621094,394.7800903320313,394.8290100097656,11617
2026-09-15 19:04:00+00:00,394.8450012207031,394.9299926757813,394.739990234375,394.739990234375,9129
2026-09-15 19:05:00+00:00,394.7462768554688,394.7950134277344,394.6004943847656,394.6004943847656,11688
2026-09-15 19:06:00+00:00,394.6000061035156,394.62640380859375,394.5199890136719,394.62640380859375,13155
2026-09-15 19:07:00+00:00,394.5799865722656,394.760009765625,394.5404968261719,394.7200012207031,5705
2026-09-15 19:08:00+00:00,394.760009765625,394.7900085449219,394.7099914550781,394.7699890136719,6363
2026-09-15 19:09:00+00:00,394.7799987792969,394.7900085449219,394.6700134277344,394.6799926757813,6274
2026-09-15 19:10:00+00:00,394.6700134277344,394.7000122070313,394.6199951171875,394.6199951171875,6584
2026-09-15 19:11:00+00:00,394.6199951171875,394.6900024414063,394.5400085449219,394.6400146484375,30673
2026-09-15 19:12:00+00:00,394.6600036621094,394.6600036621094,394.5201110839844,394.6099853515625,5825
2026-09-15 19:13:00+00:00,394.5791931152344,394.5791931152344,394.43011474609375,394.4599914550781,6296
2026-09-15 19:14:00+00:00,394.4599914550781,394.4599914550781,394.3200073242188,394.3250122070313,15435
2026-09-15 19:15:00+00:00,394.3200073242188,394.3550109863281,394.2384033203125,394.3500061035156,12993
2026-09-15 19:16:00+00:00,394.3789978027344,394.510009765625,394.3599853515625,394.4798889160156,26748
2026-09-15 19:17:00+00:00,394.4599914550781,394.489990234375,394.4249877929688,394.4599914550781,4779
2026-09-15 19:18:00+00:00,394.4500122070313,394.4750061035156,394.4200134277344,394.4500122070313,3676
2026-09-15 19:19:00+00:00,394.4599914550781,394.4599914550781,394.3200073242188,394.3200073242188,13024
2026-09-15 19:20:00+00:00,394.30999755859375,394.3200073242188,394.1300048828125,394.1499938964844,10970
2026-09-15 19:21:00+00:00,394.2001037597656,394.2999877929688,394.2001037597656,394.2232971191406,6342
2026-09-15 19:22:00+00:00,394.2200012207031,394.3500061035156,394.2063903808594,394.2999877929688,16707
2026-09-15 19:23:00+00:00,394.30999755859375,394.4400024414063,394.2900085449219,394.3999938964844,47123
2026-09-15 19:24:00+00:00,394.3900146484375,394.4500122070313,394.3200073242188,394.3999938964844,34320
2026-09-15 19:25:00+00:00,394.3999938964844,394.3999938964844,394.2900085449219,394.3399963378906,36264
2026-09-15 19:26:00+00:00,394.3299865722656,394.4800109863281,394.3200073242188,394.4500122070313,28250
2026-09-15 19:27:00+00:00,394.4200134277344,394.4500122070313,394.3999938964844,394.4299926757813,9235
2026-09-15 19:28:00+00:00,394.4049987792969,394.4500122070313,394.3900146484375,394.4299926757813,10096
2026-09-15 19:29:00+00:00,394.4100036621094,394.4400024414063,394.3949890136719,394.3999938964844,12803
2026-09-15 19:30:00+00:00,394.3900146484375,394.3900146484375,394.1700134277344,394.2000122070313,15672
2026-09-15 19:31:00+00:00,394.2200012207031,394.33990478515625,394.2200012207031,394.3349914550781,17507
2026-09-15 19:32:00+00:00,394.3349914550781,394.5199890136719,394.3299865722656,394.510009765625,23366
2026-09-15 19:33:00+00:00,394.5,394.510009765625,394.3599853515625,394.3599853515625,4866
2026-09-15 19:34:00+00:00,394.3001098632813,394.3200073242188,394.2000122070313,394.2099914550781,6725
2026-09-15 19:35:00+00:00,394.2200012207031,394.25,394.1900024414063,394.2000122070313,6478
2026-09-15 19:36:00+00:00,394.2200012207031,394.25,394.1799926757813,394.1799926757813,3496
2026-09-15 19:37:00+00:00,394.1700134277344,394.2049865722656,394.1499938964844,394.1950073242188,10499
2026-09-15 19:38:00+00:00,394.1900024414063,394.2200012207031,394.1499938964844,394.20989990234375,37884
2026-09-15 19:39:00+00:00,394.20989990234375,394.2200012207031,394.1400146484375,394.2000122070313,10512
2026-09-15 19:40:00+00:00,394.1900024414063,394.1950073242188,394.0799865722656,394.1600036621094,51862
2026-09-15 19:41:00+00:00,394.1600036621094,394.1700134277344,394.0799865722656,394.1300048828125,12414
2026-09-15 19:42:00+00:00,394.1400146484375,394.1449890136719,394.0799865722656,394.0799865722656,7653
2026-09-15 19:43:00+00:00,394.0750122070313,394.1000061035156,394.0199890136719,394.0799865722656,7371
2026-09-15 19:44:00+00:00,394.05999755859375,394.0849914550781,393.989990234375,394.010009765625,17543
2026-09-15 19:45:00+00:00,393.989990234375,394.0400085449219,393.9500122070313,394.0,10896
2026-09-15 19:46:00+00:00,393.989990234375,394.0899963378906,393.989990234375,394.0799865722656,11953
2026-09-15 19:47:00+00:00,394.0799865722656,394.1799011230469,394.0799865722656,394.135009765625,7988
2026-09-15 19:48:00+00:00,394.1300048828125,394.2900085449219,394.1199951171875,394.2000122070313,69792
2026-09-15 19:49:00+00:00,394.2000122070313,394.2300109863281,394.1799926757813,394.1900024414063,9492
2026-09-15 19:50:00+00:00,394.1799926757813,394.2799987792969,394.1600036621094,394.1619873046875,11086
2026-09-15 19:51:00+00:00,394.1799926757813,394.18499755859375,394.0799865722656,394.0899963378906,14043
2026-09-15 19:52:00+00:00,394.05999755859375,394.05999755859375,393.9700012207031,393.9800109863281,16570
2026-09-15 19:53:00+00:00,393.9500122070313,393.9700012207031,393.8999938964844,393.9549865722656,24625
2026-09-15 19:54:00+00:00,393.9500122070313,394.0,393.9166870117188,393.9757080078125,11019
2026-09-15 19:55:00+00:00,393.9700012207031,393.9800109863281,393.80999755859375,393.8599853515625,54874
2026-09-15 19:56:00+00:00,393.8299865722656,393.9200134277344,393.8200073242188,393.8299865722656,43511
2026-09-15 19:57:00+00:00,393.8399963378906,393.8599853515625,393.7999877929688,393.7999877929688,27863
2026-09-15 19:58:00+00:00,393.7999877929688,394.0400085449219,393.760009765625,393.9949951171875,50279
2026-09-15 19:59:00+00:00,394.0,394.1400146484375,393.989990234375,394.1400146484375,54981
2026-09-16 13:30:00+00:00,398.9299926757813,399.14599609375,398.875,399.0499877929688,500877
2026-09-16 13:31:00+00:00,399.05999755859375,399.1989135742188,398.93011474609375,398.9500122070313,20044
2026-09-16 13:32:00+00:00,398.9500122070313,399.0499877929688,398.80999755859375,398.9800109863281,16165
2026-09-16 13:33:00+00:00,398.9800109863281,399.2049865722656,398.8599853515625,398.8800048828125,29558
2026-09-16 13:34:00+00:00,398.9100036621094,398.9849853515625,398.6499938964844,398.6749877929688,32196
2026-09-16 13:35:00+00:00,398.6799926757813,398.8550109863281,398.6000061035156,398.7200012207031,35160
2026-09-16 13:36:00+00:00,398.7300109863281,398.8049926757813,398.5400085449219,398.5499877929688,25876
2026-09-16 13:37:00+00:00,398.5650024414063,398.7000122070313,398.489990234375,398.5704040527344,17387
2026-09-16 13:38:00+00:00,398.5400085449219,398.55859375,398.3699951171875,398.4599914550781,10104
2026-09-16 13:39:00+00:00,398.55999755859375,398.5799865722656,398.3900146484375,398.3999938964844,12001
2026-09-16 13:40:00+00:00,398.3800048828125,398.3999938964844,398.1799926757813,398.3399963378906,58627
2026-09-16 13:41:00+00:00,398.30999755859375,398.5499877929688,398.2900085449219,398.3399963378906,33217
2026-09-16 13:42:00+00:00,398.3200073242188,398.3200073242188,398.1000061035156,398.18499755859375,26932
2026-09-16 13:43:00+00:00,398.2099914550781,398.2799987792969,398.1000061035156,398.1799926757813,19566
2026-09-16 13:44:00+00:00,398.1950073242188,398.30999755859375,397.9100036621094,397.9200134277344,43415
2026-09-16 13:45:00+00:00,397.9100036621094,398.3200073242188,397.9100036621094,398.239990234375,52819
2026-09-16 13:46:00+00:00,398.2300109863281,398.3699951171875,398.2135925292969,398.3500061035156,31157
2026-09-16 13:47:00+00:00,398.3500061035156,398.3999938964844,398.2340087890625,398.3200073242188,10324
2026-09-16 13:48:00+00:00,398.30999755859375,398.30999755859375,397.989990234375,398.1910095214844,13039
2026-09-16 13:49:00+00:00,398.1600036621094,398.2300109863281,398.0700073242188,398.1199951171875,13667
2026-09-16 13:50:00+00:00,398.1600036621094,398.3349914550781,398.0700073242188,398.2000122070313,11723
2026-09-16 13:51:00+00:00,398.2200012207031,398.2300109863281,397.9500122070313,397.9508972167969,17782
2026-09-16 13:52:00+00:00,397.9500122070313,397.9500122070313,397.6799926757813,397.6799926757813,28860
2026-09-16 13:53:00+00:00,397.7099914550781,397.7799987792969,397.6499938964844,397.760009765625,13179
2026-09-16 13:54:00+00:00,397.7699890136719,397.8089904785156,397.6799926757813,397.75,18639
2026-09-16 13:55:00+00:00,397.760009765625,397.7900085449219,397.6199951171875,397.6300048828125,11722
2026-09-16 13:56:00+00:00,397.6300048828125,397.6300048828125,397.4200134277344,397.55999755859375,26269
2026-09-16 13:57:00+00:00,397.5899963378906,397.8299865722656,397.5,397.6000061035156,75783
2026-09-16 13:58:00+00:00,397.6099853515625,397.6799926757813,397.6000061035156,397.6000061035156,9270
2026-09-16 13:59:00+00:00,397.5799865722656,397.760009765625,397.5400085449219,397.747314453125,54720
2026-09-16 14:00:00+00:00,397.7300109863281,397.7900085449219,397.5700073242188,397.5700073242188,20375
2026-09-16 14:01:00+00:00,397.55999755859375,397.6600036621094,397.4400024414063,397.5,18308
2026-09-16 14:02:00+00:00,397.5499877929688,397.5499877929688,397.1300048828125,397.1499938964844,23361
2026-09-16 14:03:00+00:00,397.1600036621094,397.1900024414063,396.9599914550781,397.0150146484375,39803
2026-09-16 14:04:00+00:00,397.0,397.0899963378906,396.8200073242188,396.8699951171875,34411
2026-09-16 14:05:00+00:00,396.8200073242188,397.0199890136719,396.6199951171875,396.6499938964844,45645
2026-09-16 14:06:00+00:00,396.6499938964844,396.6700134277344,396.3999938964844,396.5799865722656,56041
2026-09-16 14:07:00+00:00,396.5700073242188,396.6799926757813,396.5400085449219,396.6000061035156,19161
2026-09-16 14:08:00+00:00,396.614990234375,396.9200134277344,396.5499877929688,396.9200134277344,33378
2026-09-16 14:09:00+00:00,396.8999938964844,396.989990234375,396.8299865722656,396.9200134277344,27264
2026-09-16 14:10:00+00:00,396.9299926757813,397.4599914550781,396.9299926757813,397.4100036621094,35047
2026-09-16 14:11:00+00:00,397.3999938964844,397.5299987792969,397.360107421875,397.4100036621094,26855
2026-09-16 14:12:00+00:00,397.4599914550781,397.6900024414063,397.4500122070313,397.6900024414063,25221
2026-09-16 14:13:00+00:00,397.6900024414063,397.7699890136719,397.5799865722656,397.6000061035156,20537
2026-09-16 14:14:00+00:00,397.6000061035156,397.8900146484375,397.5899963378906,397.8800048828125,64627
2026-09-16 14:15:00+00:00,397.8900146484375,397.989990234375,397.7300109863281,397.80999755859375,18924
2026-09-16 14:16:00+00:00,397.7999877929688,397.8299865722656,397.6099853515625,397.6099853515625,11498
2026-09-16 14:17:00+00:00,397.614990234375,397.6209106445313,397.4400024414063,397.5400085449219,17398
2026-09-16 14:18:00+00:00,397.5050048828125,397.5499877929688,397.3013000488281,397.3013000488281,14361
2026-09-16 14:19:00+00:00,397.2999877929688,397.3500061035156,397.1600036621094,397.2300109863281,12207
2026-09-16 14:20:00+00:00,397.1799926757813,397.2900085449219,397.0450134277344,397.2900085449219,13793
2026-09-16 14:21:00+00:00,397.2699890136719,397.4794921875,397.18499755859375,397.4299926757813,12523
2026-09-16 14:22:00+00:00,397.489990234375,397.510009765625,397.3500061035156,397.385009765625,11141
2026-09-16 14:23:00+00:00,397.3900146484375,397.3900146484375,397.2200012207031,397.25,11420
2026-09-16 14:24:00+00:00,397.260009765625,397.3699951171875,397.2099914550781,397.25,16347
2026-09-16 14:25:00+00:00,397.2250061035156,397.260009765625,397.1400146484375,397.2250061035156,29909
2026-09-16 14:26:00+00:00,397.2099914550781,397.4200134277344,397.1950073242188,397.3699951171875,11925
2026-09-16 14:27:00+00:00,397.3399963378906,397.4800109863281,397.2999877929688,397.4800109863281,30109
2026-09-16 14:28:00+00:00,397.510009765625,397.6000061035156,397.4400024414063,397.510009765625,38029
2026-09-16 14:29:00+00:00,397.5101013183594,397.7000122070313,397.5101013183594,397.69720458984375,21023
2026-09-16 14:30:00+00:00,397.6900024414063,397.739990234375,397.5400085449219,397.5798950195313,4935
2026-09-16 14:31:00+00:00,397.5400085449219,397.5400085449219,397.3699951171875,397.4400024414063,7553
2026-09-16 14:32:00+00:00,397.3999938964844,397.6000061035156,397.3695068359375,397.5350036621094,7351
2026-09-16 14:33:00+00:00,397.5499877929688,397.5499877929688,397.3953857421875,397.4400024414063,8447
2026-09-16 14:34:00+00:00,397.4150085449219,397.58599853515625,397.3800048828125,397.5700073242188,6477
2026-09-16 14:35:00+00:00,397.5799865722656,397.8200073242188,397.5799865722656,397.6900024414063,10345
2026-09-16 14:36:00+00:00,397.6600036621094,397.7799987792969,397.6600036621094,397.6700134277344,16614
2026-09-16 14:37:00+00:00,397.6600036621094,397.9295959472656,397.6400146484375,397.9049987792969,13824
2026-09-16 14:38:00+00:00,397.9500122070313,398.0499877929688,397.8999938964844,398.0499877929688,8659
2026-09-16 14:39:00+00:00,398.0899963378906,398.1499938964844,397.9599914550781,397.9700012207031,7499
2026-09-16 14:40:00+00:00,398.010009765625,398.1000061035156,397.9200134277344,398.0679931640625,20027
2026-09-16 14:41:00+00:00,398.0799865722656,398.260009765625,398.0,398.0,7863
2026-09-16 14:42:00+00:00,398.0299987792969,398.1036987304688,397.8999938964844,398.0400085449219,35581
2026-09-16 14:43:00+00:00,398.0299987792969,398.1600036621094,398.0299987792969,398.14990234375,9106
2026-09-16 14:44:00+00:00,398.1400146484375,398.4328002929688,398.0499877929688,398.4200134277344,15876
2026-09-16 14:45:00+00:00,398.3800048828125,398.55999755859375,398.3699951171875,398.55999755859375,30279
2026-09-16 14:46:00+00:00,398.5499877929688,398.6799926757813,398.3800048828125,398.6400146484375,41742
2026-09-16 14:47:00+00:00,398.6300048828125,398.7200012207031,398.4849853515625,398.6199951171875,53712
2026-09-16 14:48:00+00:00,398.6300048828125,398.7900085449219,398.6000061035156,398.7149963378906,87446
2026-09-16 14:49:00+00:00,398.7099914550781,398.8999938964844,398.6700134277344,398.8800048828125,36289
2026-09-16 14:50:00+00:00,398.8800048828125,399.2098083496094,398.8299865722656,399.1499938964844,51500
2026-09-16 14:51:00+00:00,399.1000061035156,399.1600036621094,399.0199890136719,399.05999755859375,39775
2026-09-16 14:52:00+00:00,399.0899963378906,399.1700134277344,399.010009765625,399.0799865722656,50304
2026-09-16 14:53:00+00:00,399.0450134277344,399.0450134277344,398.9299926757813,398.9299926757813,11516
2026-09-16 14:54:00+00:00,398.9201049804688,398.9201049804688,398.6799926757813,398.7052001953125,12649
2026-09-16 14:55:00+00:00,398.7000122070313,398.8599853515625,398.6199951171875,398.6499938964844,32841
2026-09-16 14:56:00+00:00,398.6600036621094,398.8049926757813,398.6300048828125,398.760009765625,34023
2026-09-16 14:57:00+00:00,398.7699890136719,398.9400024414063,398.760009765625,398.9400024414063,15850
2026-09-16 14:58:00+00:00,398.9750061035156,399.1900024414063,398.9450073242188,399.1700134277344,39847
2026-09-16 14:59:00+00:00,399.1900024414063,399.3699951171875,399.1600036621094,399.2900085449219,18870
2026-09-16 15:00:00+00:00,399.3200073242188,399.4800109863281,399.1600036621094,399.4800109863281,24468
2026-09-16 15:01:00+00:00,399.489990234375,399.5150146484375,399.2250061035156,399.2250061035156,20373
2026-09-16 15:02:00+00:00,399.2000122070313,399.2000122070313,398.9400024414063,398.9700012207031,11800
2026-09-16 15:03:00+00:00,398.9700012207031,399.1199951171875,398.9700012207031,399.1099853515625,14084
2026-09-16 15:04:00+00:00,399.1300048828125,399.1400146484375,398.8900146484375,398.9100036621094,19976
2026-09-16 15:05:00+00:00,398.9299926757813,398.989990234375,398.9049987792969,398.9800109863281,37503
2026-09-16 15:06:00+00:00,398.989990234375,399.043212890625,398.8299865722656,398.9700012207031,11861
2026-09-16 15:07:00+00:00,398.9200134277344,399.5350036621094,398.9200134277344,399.2099914550781,45790
2026-09-16 15:08:00+00:00,399.1700134277344,399.3150024414063,399.1099853515625,399.239990234375,15378
2026-09-16 15:09:00+00:00,399.239990234375,399.6000061035156,399.2200012207031,399.510009765625,14308
2026-09-16 15:10:00+00:00,399.5299072265625,399.5700073242188,399.3399963378906,399.3900146484375,13830
2026-09-16 15:11:00+00:00,399.3699951171875,399.4400024414063,399.2250061035156,399.239990234375,13257
2026-09-16 15:12:00+00:00,399.1900024414063,399.2099914550781,399.0799865722656,399.1400146484375,38782
2026-09-16 15:13:00+00:00,399.1300048828125,399.3200073242188,399.125,399.2999877929688,15372
2026-09-16 15:14:00+00:00,399.3200073242188,399.3916015625,399.1400146484375,399.1400146484375,19644
2026-09-16 15:15:00+00:00,399.1400146484375,399.1950073242188,398.9700012207031,399.1199951171875,20844
2026-09-16 15:16:00+00:00,399.1099853515625,399.2999877929688,399.0799865722656,399.2099914550781,9357
2026-09-16 15:17:00+00:00,399.2300109863281,399.260009765625,399.0199890136719,399.0400085449219,10737
2026-09-16 15:18:00+00:00,399.0400085449219,399.2200012207031,399.0400085449219,399.1831970214844,7911
2026-09-16 15:19:00+00:00,399.1749877929688,399.2799987792969,399.1499938964844,399.1900024414063,4741
2026-09-16 15:20:00+00:00,399.1700134277344,399.1799926757813,398.9092102050781,398.9100036621094,19327
2026-09-16 15:21:00+00:00,398.9150085449219,398.9800109863281,398.9150085449219,398.9700012207031,6930
2026-09-16 15:22:00+00:00,398.9800109863281,399.0400085449219,398.9583129882813,398.9800109863281,9420
2026-09-16 15:23:00+00:00,398.989990234375,398.989990234375,398.8599853515625,398.9299926757813,11395
2026-09-16 15:24:00+00:00,398.9299926757813,398.989990234375,398.8049926757813,398.8349914550781,10870
2026-09-16 15:25:00+00:00,398.8250122070313,398.8499145507813,398.6000061035156,398.6199951171875,36187
2026-09-16 15:26:00+00:00,398.6499938964844,398.6499938964844,398.4500122070313,398.4949951171875,16419
2026-09-16 15:27:00+00:00,398.5,398.5899963378906,398.4500122070313,398.5899963378906,6525
2026-09-16 15:28:00+00:00,398.5849914550781,398.6099853515625,398.4299926757813,398.4299926757813,7159
2026-09-16 15:29:00+00:00,398.4500122070313,398.4700012207031,398.2799987792969,398.2799987792969,9840
2026-09-16 15:30:00+00:00,398.30999755859375,398.3800048828125,398.1600036621094,398.2900085449219,103386
2026-09-16 15:31:00+00:00,398.3399963378906,398.4719848632813,398.2950134277344,398.4200134277344,18090
2026-09-16 15:32:00+00:00,398.4049987792969,398.4100036621094,398.30999755859375,398.3349914550781,8461
2026-09-16 15:33:00+00:00,398.3450012207031,398.5400085449219,398.2999877929688,398.489990234375,12165
2026-09-16 15:34:00+00:00,398.5299987792969,398.6900024414063,398.5,398.6174621582031,17369
2026-09-16 15:35:00+00:00,398.6099853515625,398.7300109863281,398.5650024414063,398.6799926757813,11927
2026-09-16 15:36:00+00:00,398.7099914550781,399.0299987792969,398.7099914550781,398.9700012207031,20081
2026-09-16 15:37:00+00:00,398.9549865722656,399.0400085449219,398.8900146484375,398.9599914550781,10743
2026-09-16 15:38:00+00:00,398.9400024414063,399.0299987792969,398.864990234375,398.9890747070313,8104
2026-09-16 15:39:00+00:00,398.9700012207031,398.9700012207031,398.7999877929688,398.7999877929688,8712
2026-09-16 15:40:00+00:00,398.8349914550781,398.8999938964844,398.7950134277344,398.8598937988281,14894
2026-09-16 15:41:00+00:00,398.8550109863281,398.9299926757813,398.8399963378906,398.8800048828125,13291
2026-09-16 15:42:00+00:00,398.8800048828125,398.9299926757813,398.8299865722656,398.8450012207031,5258
2026-09-16 15:43:00+00:00,398.8399963378906,398.8699035644531,398.7900085449219,398.8049926757813,6942
2026-09-16 15:44:00+00:00,398.8450012207031,398.9100036621094,398.8450012207031,398.885009765625,5991
2026-09-16 15:45:00+00:00,398.8951110839844,399.0199890136719,398.8500061035156,398.864990234375,6353
2026-09-16 15:46:00+00:00,398.8800048828125,398.9949951171875,398.8599853515625,398.9249877929688,16820
2026-09-16 15:47:00+00:00,398.9400024414063,399.9400024414063,398.9100036621094,399.3399963378906,146871
2026-09-16 15:48:00+00:00,399.3699951171875,399.4599914550781,399.1499938964844,399.2099914550781,25752
2026-09-16 15:49:00+00:00,399.1900024414063,399.260009765625,398.9800109863281,399.114990234375,24086
2026-09-16 15:50:00+00:00,399.1499938964844,399.1900024414063,398.8500061035156,398.9400024414063,22488
2026-09-16 15:51:00+00:00,398.989990234375,399.1000061035156,398.9700012207031,399.05999755859375,57820
2026-09-16 15:52:00+00:00,399.0899963378906,399.2780151367188,398.989990234375,399.2780151367188,10053
2026-09-16 15:53:00+00:00,399.2699890136719,399.2900085449219,398.9614868164063,398.9999084472656,9480
2026-09-16 15:54:00+00:00,398.9700012207031,399.0299987792969,398.9400024414063,399.0,8491
2026-09-16 15:55:00+00:00,399.010009765625,399.0450134277344,398.9800109863281,399.010009765625,9919
2026-09-16 15:56:00+00:00,398.989990234375,399.010009765625,398.8299865722656,398.8900146484375,8517
2026-09-16 15:57:00+00:00,398.8999938964844,398.9700012207031,398.8900146484375,398.9700012207031,6550
2026-09-16 15:58:00+00:00,399.010009765625,399.1600036621094,398.989990234375,399.0989990234375,6744
2026-09-16 15:59:00+00:00,399.05999755859375,399.1300048828125,399.0499877929688,399.0799865722656,6450
2026-09-16 16:00:00+00:00,399.0799865722656,399.0899963378906,398.9299926757813,398.9700012207031,7277
2026-09-16 16:01:00+00:00,398.9599914550781,399.0498962402344,398.8949890136719,398.9599914550781,6142
2026-09-16 16:02:00+00:00,399.0,399.0,398.8550109863281,398.885009765625,6671
2026-09-16 16:03:00+00:00,398.885009765625,398.885009765625,398.6799926757813,398.7699890136719,8110
2026-09-16 16:04:00+00:00,398.7449951171875,398.7598876953125,398.6353149414063,398.6499938964844,5770
2026-09-16 16:05:00+00:00,398.6700134277344,398.7200012207031,398.6199951171875,398.6300048828125,2995
2026-09-16 16:06:00+00:00,398.6300048828125,398.6499938964844,398.5456848144531,398.55999755859375,9054
2026-09-16 16:07:00+00:00,398.55999755859375,398.7300109863281,398.5549926757813,398.7300109863281,8610
2026-09-16 16:08:00+00:00,398.7000122070313,398.7699890136719,398.6700134277344,398.7699890136719,5558
2026-09-16 16:09:00+00:00,398.760009765625,398.80999755859375,398.760009765625,398.7900085449219,2710
2026-09-16 16:10:00+00:00,398.8399963378906,398.8689880371094,398.7900085449219,398.7900085449219,11094
2026-09-16 16:11:00+00:00,398.7799987792969,398.8900146484375,398.739990234375,398.8399963378906,11447
2026-09-16 16:12:00+00:00,398.8599853515625,398.8699951171875,398.7099914550781,398.7999877929688,3629
2026-09-16 16:13:00+00:00,398.80999755859375,398.9200134277344,398.7900085449219,398.9200134277344,9645
2026-09-16 16:14:00+00:00,398.8900146484375,398.8900146484375,398.7800903320313,398.80999755859375,6633
2026-09-16 16:15:00+00:00,398.8699951171875,399.0,398.8699951171875,398.9700012207031,11429
2026-09-16 16:16:00+00:00,398.9700012207031,398.9800109863281,398.9299926757813,398.9700012207031,3587
2026-09-16 16:17:00+00:00,398.9501037597656,398.9501037597656,398.8299865722656,398.8800048828125,6745
2026-09-16 16:18:00+00:00,398.8599853515625,398.8699951171875,398.7799987792969,398.7820129394531,13711
2026-09-16 16:19:00+00:00,398.7850036621094,398.80999755859375,398.7099914550781,398.7749938964844,21451
2026-09-16 16:20:00+00:00,398.7749938964844,398.7999877929688,398.739990234375,398.75,7733
2026-09-16 16:21:00+00:00,398.760009765625,398.760009765625,398.5499877929688,398.5499877929688,19642
2026-09-16 16:22:00+00:00,398.5199890136719,398.55999755859375,398.510009765625,398.5450134277344,9646
2026-09-16 16:23:00+00:00,398.5499877929688,398.6199951171875,398.489990234375,398.5650024414063,55371
2026-09-16 16:24:00+00:00,398.55999755859375,398.5799865722656,398.5199890136719,398.5799865722656,3566
2026-09-16 16:25:00+00:00,398.55999755859375,398.6390075683594,398.510009765625,398.6000061035156,8602
2026-09-16 16:26:00+00:00,398.6099853515625,398.6300048828125,398.4649963378906,398.489990234375,3300
2026-09-16 16:27:00+00:00,398.489990234375,398.5,398.3599853515625,398.3949890136719,7479
2026-09-16 16:28:00+00:00,398.364990234375,398.3800048828125,398.2799987792969,398.3399963378906,5442
2026-09-16 16:29:00+00:00,398.3599853515625,398.4999084472656,398.3299865722656,398.4400024414063,4448
2026-09-16 16:30:00+00:00,398.4599914550781,398.4700012207031,398.3599853515625,398.3599853515625,3144
2026-09-16 16:31:00+00:00,398.3500061035156,398.5899963378906,398.3500061035156,398.5849914550781,14397
2026-09-16 16:32:00+00:00,398.5899963378906,398.6099853515625,398.4800109863281,398.489990234375,8791
2026-09-16 16:33:00+00:00,398.489990234375,398.6099853515625,398.489990234375,398.5899963378906,3210
2026-09-16 16:34:00+00:00,398.5750122070313,398.625,398.5750122070313,398.6000061035156,106946
2026-09-16 16:35:00+00:00,398.5899963378906,398.6499938964844,398.5650024414063,398.5650024414063,3933
2026-09-16 16:36:00+00:00,398.5700073242188,398.6199951171875,398.4800109863281,398.4800109863281,5845
2026-09-16 16:37:00+00:00,398.4599914550781,398.4849853515625,398.4201049804688,398.4800109863281,5886
2026-09-16 16:38:00+00:00,398.4800109863281,398.4849853515625,398.3599853515625,398.4700012207031,25584
2026-09-16 16:39:00+00:00,398.4549865722656,398.55999755859375,398.4500122070313,398.5567932128906,7411
2026-09-16 16:40:00+00:00,398.5499877929688,398.6400146484375,398.5199890136719,398.6400146484375,6561
2026-09-16 16:41:00+00:00,398.635009765625,398.6600036621094,398.5299987792969,398.5700073242188,5584
2026-09-16 16:42:00+00:00,398.5799865722656,398.5799865722656,398.5199890136719,398.5499877929688,6454
2026-09-16 16:43:00+00:00,398.5350036621094,398.5650024414063,398.5249938964844,398.5299987792969,4707
2026-09-16 16:44:00+00:00,398.5499877929688,398.5899963378906,398.5199890136719,398.55999755859375,6860
2026-09-16 16:45:00+00:00,398.5499877929688,398.6275024414063,398.5499877929688,398.5899963378906,7543
2026-09-16 16:46:00+00:00,398.5899963378906,398.6199951171875,398.5419006347656,398.5899963378906,6662
2026-09-16 16:47:00+00:00,398.6050109863281,398.614990234375,398.5249938964844,398.6099853515625,4451
2026-09-16 16:48:00+00:00,398.614990234375,398.6700134277344,398.55999755859375,398.5899963378906,5738
2026-09-16 16:49:00+00:00,398.6050109863281,398.6300048828125,398.4400024414063,398.4400024414063,4210
2026-09-16 16:50:00+00:00,398.4150085449219,398.4299926757813,398.2200012207031,398.2900085449219,4406
2026-09-16 16:51:00+00:00,398.2999877929688,398.3200073242188,398.2300109863281,398.2699890136719,6633
2026-09-16 16:52:00+00:00,398.2650146484375,398.3599853515625,398.239990234375,398.2900085449219,5767
2026-09-16 16:53:00+00:00,398.30999755859375,398.3900146484375,398.2999877929688,398.385009765625,4249
2026-09-16 16:54:00+00:00,398.3699035644531,398.4200134277344,398.3500061035156,398.4100036621094,12166
2026-09-16 16:55:00+00:00,398.4100036621094,398.55999755859375,398.4100036621094,398.5400085449219,4803
2026-09-16 16:56:00+00:00,398.55999755859375,398.55999755859375,398.3900146484375,398.4089965820313,2943
2026-09-16 16:57:00+00:00,398.4100036621094,398.5,398.4100036621094,398.5,1783
2026-09-16 16:58:00+00:00,398.5199890136719,398.5700073242188,398.4800109863281,398.5400085449219,1186
2026-09-16 16:59:00+00:00,398.5299072265625,398.5299072265625,398.489990234375,398.510009765625,2527
2026-09-16 17:00:00+00:00,398.5018005371094,398.5018005371094,398.3699951171875,398.3800048828125,5542
2026-09-16 17:01:00+00:00,398.3800048828125,398.3800048828125,398.2200012207031,398.2300109863281,8667
2026-09-16 17:02:00+00:00,398.2000122070313,398.25,398.1700134277344,398.2300109863281,4231
2026-09-16 17:03:00+00:00,398.239990234375,398.3299865722656,398.239990234375,398.2650146484375,7746
2026-09-16 17:04:00+00:00,398.2799987792969,398.3299865722656,398.2651062011719,398.3200073242188,5417
2026-09-16 17:05:00+00:00,398.3299865722656,398.3900146484375,398.3299865722656,398.375,2793
2026-09-16 17:06:00+00:00,398.3999938964844,398.3999938964844,398.260009765625,398.2799987792969,2202
2026-09-16 17:07:00+00:00,398.2900085449219,398.3399963378906,398.1500854492188,398.1799926757813,12280
2026-09-16 17:08:00+00:00,398.2099914550781,398.2200012207031,398.1650085449219,398.2000122070313,4742
2026-09-16 17:09:00+00:00,398.1799926757813,398.2200012207031,398.1799926757813,398.1799926757813,1707
2026-09-16 17:10:00+00:00,398.2000122070313,398.2000122070313,398.0921020507813,398.1700134277344,9131
2026-09-16 17:11:00+00:00,398.1763305664063,398.1799926757813,398.1000061035156,398.1000061035156,4575
2026-09-16 17:12:00+00:00,398.0799865722656,398.0799865722656,398.04010009765625,398.0799865722656,4351
2026-09-16 17:13:00+00:00,398.0799865722656,398.1499938964844,398.0799865722656,398.1000061035156,2444
2026-09-16 17:14:00+00:00,398.1098937988281,398.2598876953125,398.1000061035156,398.2300109863281,3235
2026-09-16 17:15:00+00:00,398.2099914550781,398.2900085449219,398.1802978515625,398.260009765625,4991
2026-09-16 17:16:00+00:00,398.2300109863281,398.3450012207031,398.1900024414063,398.3450012207031,4380
2026-09-16 17:17:00+00:00,398.3299865722656,398.3299865722656,398.239990234375,398.239990234375,3398
2026-09-16 17:18:00+00:00,398.25,398.3598937988281,398.239990234375,398.239990234375,1484
2026-09-16 17:19:00+00:00,398.2699890136719,398.3599853515625,398.2699890136719,398.2999877929688,5928
2026-09-16 17:20:00+00:00,398.3299865722656,398.3599853515625,398.2698974609375,398.2699890136719,3701
2026-09-16 17:21:00+00:00,398.28509521484375,398.28509521484375,398.1900024414063,398.1900024414063,6192
2026-09-16 17:22:00+00:00,398.2099914550781,398.260009765625,398.1700134277344,398.1799926757813,2873
2026-09-16 17:23:00+00:00,398.1700134277344,398.2300109863281,398.1400146484375,398.2200012207031,6543
2026-09-16 17:24:00+00:00,398.2300109863281,398.3500061035156,398.2300109863281,398.3299865722656,4212
2026-09-16 17:25:00+00:00,398.3299865722656,398.4599914550781,398.30999755859375,398.4400024414063,4910
2026-09-16 17:26:00+00:00,398.4495849609375,398.510009765625,398.4200134277344,398.489990234375,7053
2026-09-16 17:27:00+00:00,398.4800109863281,398.6000061035156,398.4700012207031,398.5299987792969,7330
2026-09-16 17:28:00+00:00,398.510009765625,398.5698852539063,398.4400024414063,398.4400024414063,7569
2026-09-16 17:29:00+00:00,398.4299926757813,398.55999755859375,398.3900146484375,398.5499877929688,7616
2026-09-16 17:30:00+00:00,398.5700073242188,398.6799926757813,398.5700073242188,398.6199951171875,5687
2026-09-16 17:31:00+00:00,398.6099853515625,398.6099853515625,398.5,398.5400085449219,4269
2026-09-16 17:32:00+00:00,398.5400085449219,398.6600036621094,398.5299987792969,398.6600036621094,6808
2026-09-16 17:33:00+00:00,398.70989990234375,398.7999877929688,398.6900024414063,398.7699890136719,5385
2026-09-16 17:34:00+00:00,398.7799987792969,398.7900085449219,398.7099914550781,398.7099914550781,3208
2026-09-16 17:35:00+00:00,398.7398986816406,398.75,398.6099853515625,398.6900024414063,4332
2026-09-16 17:36:00+00:00,398.6499938964844,398.6499938964844,398.489990234375,398.5400085449219,4109
2026-09-16 17:37:00+00:00,398.5028991699219,398.5400085449219,398.4800109863281,398.510009765625,7881
2026-09-16 17:38:00+00:00,398.5,398.510009765625,398.3900146484375,398.3900146484375,5087
2026-09-16 17:39:00+00:00,398.3999938964844,398.3999938964844,398.239990234375,398.2699890136719,4911
2026-09-16 17:40:00+00:00,398.2300109863281,398.30999755859375,398.2300109863281,398.2900085449219,2675
2026-09-16 17:41:00+00:00,398.30029296875,398.3500061035156,398.30029296875,398.3454895019531,2226
2026-09-16 17:42:00+00:00,398.30999755859375,398.3949890136719,398.2900085449219,398.3949890136719,3464
2026-09-16 17:43:00+00:00,398.3800048828125,398.3900146484375,398.260009765625,398.260009765625,16098
2026-09-16 17:44:00+00:00,398.2699890136719,398.4100036621094,398.2550048828125,398.2799987792969,75907
2026-09-16 17:45:00+00:00,398.2799987792969,398.2999877929688,398.1900024414063,398.2239074707031,17429
2026-09-16 17:46:00+00:00,398.2200012207031,398.3399963378906,398.2200012207031,398.30999755859375,6092
2026-09-16 17:47:00+00:00,398.3200073242188,398.3599853515625,398.1499938964844,398.1700134277344,7819
2026-09-16 17:48:00+00:00,398.1799926757813,398.3599853515625,398.1799926757813,398.3599853515625,3325
2026-09-16 17:49:00+00:00,398.3599853515625,398.3900146484375,398.3299865722656,398.3299865722656,5180
2026-09-16 17:50:00+00:00,398.3399963378906,398.3699951171875,398.30999755859375,398.3500061035156,11872
2026-09-16 17:51:00+00:00,398.3500061035156,398.5199890136719,398.2950134277344,398.5199890136719,21404
2026-09-16 17:52:00+00:00,398.510009765625,398.5499877929688,398.3399963378906,398.5499877929688,23310
2026-09-16 17:53:00+00:00,398.5499877929688,398.7000122070313,398.5499877929688,398.7000122070313,7756
2026-09-16 17:54:00+00:00,398.739990234375,398.8399963378906,398.6700134277344,398.6700134277344,7002
2026-09-16 17:55:00+00:00,398.6499938964844,398.8299865722656,398.6499938964844,398.6799926757813,32254
2026-09-16 17:56:00+00:00,398.6300048828125,398.9400024414063,398.6300048828125,398.9299926757813,21615
2026-09-16 17:57:00+00:00,398.9400024414063,399.2999877929688,398.9400024414063,399.2499084472656,37354
2026-09-16 17:58:00+00:00,399.2099914550781,399.4100036621094,399.0899963378906,399.1300048828125,26308
2026-09-16 17:59:00+00:00,399.1499938964844,400.4078979492188,399.1199951171875,399.9100036621094,144830
2026-09-16 18:00:00+00:00,399.9599914550781,400.6000061035156,397.6000061035156,397.7349853515625,431569
2026-09-16 18:01:00+00:00,397.6900024414063,397.9200134277344,395.6799926757813,395.9400024414063,287638
2026-09-16 18:02:00+00:00,395.8999938964844,397.2799987792969,395.5499877929688,397.2099914550781,206218
2026-09-16 18:03:00+00:00,397.2099914550781,398.05999755859375,396.8200073242188,396.9249877929688,121096
2026-09-16 18:04:00+00:00,396.8200073242188,397.2099914550781,396.3299865722656,396.5499877929688,82968
2026-09-16 18:05:00+00:00,396.510009765625,397.6300048828125,396.5,397.2349853515625,81020
2026-09-16 18:06:00+00:00,397.2699890136719,397.739990234375,397.1300048828125,397.1799926757813,63702
2026-09-16 18:07:00+00:00,397.1799926757813,398.25,397.1650085449219,398.1700134277344,83722
2026-09-16 18:08:00+00:00,398.1700134277344,398.5299987792969,397.4599914550781,397.9049987792969,120190
2026-09-16 18:09:00+00:00,397.8500061035156,397.9200134277344,397.0700073242188,397.114990234375,75849
2026-09-16 18:10:00+00:00,397.0799865722656,397.3734130859375,396.5199890136719,396.7850036621094,102570
2026-09-16 18:11:00+00:00,396.7799987792969,396.9500122070313,395.6355895996094,395.6355895996094,112620
2026-09-16 18:12:00+00:00,395.6300048828125,395.7000122070313,395.1799926757813,395.510009765625,53206
2026-09-16 18:13:00+00:00,395.4100036621094,395.4800109863281,394.9500122070313,395.2200012207031,125375
2026-09-16 18:14:00+00:00,395.2099914550781,395.6199951171875,394.8999938964844,395.2398986816406,56829
2026-09-16 18:15:00+00:00,395.1700134277344,395.56939697265625,395.0450134277344,395.0899963378906,40401
2026-09-16 18:16:00+00:00,395.0299987792969,395.55999755859375,394.9500122070313,394.9599914550781,44195
2026-09-16 18:17:00+00:00,394.9700012207031,395.5499877929688,394.7900085449219,395.4288024902344,49398
2026-09-16 18:18:00+00:00,395.3801879882813,395.7300109863281,395.0299987792969,395.1000061035156,24104
2026-09-16 18:19:00+00:00,395.2099914550781,396.3200073242188,395.05999755859375,395.989990234375,63571
2026-09-16 18:20:00+00:00,395.9049987792969,396.3500061035156,395.5700073242188,396.1650085449219,53736
2026-09-16 18:21:00+00:00,396.1650085449219,396.5400085449219,396.1099853515625,396.3049926757813,65902
2026-09-16 18:22:00+00:00,396.2799987792969,396.4100036621094,395.6700134277344,395.7799987792969,66463
2026-09-16 18:23:00+00:00,395.75,396.1600036621094,395.5499877929688,396.1300048828125,31593
2026-09-16 18:24:00+00:00,396.1300048828125,396.2900085449219,395.75,395.75,29987
2026-09-16 18:25:00+00:00,395.8200073242188,395.8200073242188,395.4500122070313,395.5,41839
2026-09-16 18:26:00+00:00,395.5299987792969,395.885986328125,395.510009765625,395.7300109863281,64689
2026-09-16 18:27:00+00:00,395.7300109863281,395.8399963378906,395.4800109863281,395.625,74032
2026-09-16 18:28:00+00:00,395.5899963378906,395.8800048828125,395.4804992675781,395.75,36363
2026-09-16 18:29:00+00:00,395.7699890136719,396.3900146484375,395.760009765625,396.3500061035156,23042
2026-09-16 18:30:00+00:00,396.3150024414063,396.4700012207031,395.2699890136719,395.4599914550781,51409
2026-09-16 18:31:00+00:00,395.4599914550781,395.4599914550781,394.5299987792969,394.9949951171875,53938
2026-09-16 18:32:00+00:00,394.9599914550781,395.1612854003906,393.5596923828125,393.5596923828125,91381
2026-09-16 18:33:00+00:00,393.5400085449219,393.7099914550781,392.6300048828125,392.9599914550781,170222
2026-09-16 18:34:00+00:00,393.0400085449219,393.1499938964844,392.489990234375,392.8450012207031,50124
2026-09-16 18:35:00+00:00,392.7818908691406,392.8599853515625,391.8200073242188,391.9599914550781,102820
2026-09-16 18:36:00+00:00,391.9617919921875,392.3190002441406,391.1199951171875,391.2099914550781,78809
2026-09-16 18:37:00+00:00,391.2200012207031,391.760009765625,390.6900024414063,391.7110900878906,242599
2026-09-16 18:38:00+00:00,391.7999877929688,392.989990234375,391.7300109863281,392.7900085449219,96834
2026-09-16 18:39:00+00:00,392.7999877929688,393.5700073242188,392.7099914550781,393.4704895019531,59068
2026-09-16 18:40:00+00:00,393.4100036621094,393.6177978515625,392.9259033203125,393.2550048828125,57248
2026-09-16 18:41:00+00:00,393.2900085449219,393.7200012207031,392.8999938964844,393.5490112304688,65520
2026-09-16 18:42:00+00:00,393.5400085449219,394.4100036621094,393.5400085449219,394.30999755859375,73579
2026-09-16 18:43:00+00:00,394.260009765625,395.1000061035156,394.25,395.0,133546
2026-09-16 18:44:00+00:00,394.989990234375,395.239990234375,394.3699951171875,394.3699951171875,157133
2026-09-16 18:45:00+00:00,394.3699951171875,394.9450073242188,394.2099914550781,394.7799987792969,61645
2026-09-16 18:46:00+00:00,394.7550964355469,394.80999755859375,394.4400024414063,394.4949951171875,34493
2026-09-16 18:47:00+00:00,394.43499755859375,394.510009765625,393.8399963378906,393.9500122070313,42890
2026-09-16 18:48:00+00:00,393.9500122070313,394.05999755859375,393.6000061035156,393.6000061035156,33174
2026-09-16 18:49:00+00:00,393.5499877929688,393.9400024414063,393.4599914550781,393.6799926757813,39436
2026-09-16 18:50:00+00:00,393.75,393.9400024414063,393.1799926757813,393.1900024414063,54943
2026-09-16 18:51:00+00:00,393.1600036621094,393.1600036621094,392.5400085449219,393.0350036621094,58531
2026-09-16 18:52:00+00:00,392.989501953125,392.989501953125,391.7099914550781,391.760009765625,83489
2026-09-16 18:53:00+00:00,391.7200012207031,392.1499938964844,391.1700134277344,391.1700134277344,62212
2026-09-16 18:54:00+00:00,391.1900024414063,391.6400146484375,390.9400024414063,391.2099914550781,61547
2026-09-16 18:55:00+00:00,391.1300048828125,391.7999877929688,391.0499877929688,391.4849853515625,55917
2026-09-16 18:56:00+00:00,391.4200134277344,391.510009765625,390.5899963378906,391.1099853515625,80563
2026-09-16 18:57:00+00:00,391.0650024414063,391.2699890136719,390.2999877929688,391.1900024414063,80357
2026-09-16 18:58:00+00:00,391.1900024414063,391.6050109863281,391.05999755859375,391.5249938964844,40701
2026-09-16 18:59:00+00:00,391.5199890136719,391.6499938964844,390.6400146484375,390.7099914550781,79137
2026-09-16 19:00:00+00:00,390.760009765625,392.2799072265625,390.68499755859375,392.2000122070313,79889
2026-09-16 19:01:00+00:00,392.2900085449219,392.6700134277344,391.8299865722656,391.8999938964844,116559
2026-09-16 19:02:00+00:00,391.9700012207031,392.3500061035156,391.739990234375,392.2900085449219,61042
2026-09-16 19:03:00+00:00,392.2999877929688,393.1199951171875,392.2099914550781,393.0899963378906,83507
2026-09-16 19:04:00+00:00,393.1099853515625,393.1099853515625,391.75,391.8599853515625,60648
2026-09-16 19:05:00+00:00,391.75,391.7699890136719,391.2503051757813,391.6300048828125,31381
2026-09-16 19:06:00+00:00,391.6400146484375,391.80999755859375,391.2200012207031,391.2200012207031,56788
2026-09-16 19:07:00+00:00,391.2000122070313,391.2000122070313,389.6799926757813,390.5299987792969,865388
2026-09-16 19:08:00+00:00,390.4800109863281,390.5700073242188,390.0499877929688,390.2972106933594,216405
2026-09-16 19:09:00+00:00,390.3299865722656,390.6199951171875,389.7099914550781,389.7699890136719,331005
2026-09-16 19:10:00+00:00,389.7799987792969,389.8200073242188,388.3900146484375,388.5700073242188,285694
2026-09-16 19:11:00+00:00,388.5849914550781,389.510009765625,388.55999755859375,389.30999755859375,110450
2026-09-16 19:12:00+00:00,389.3599853515625,389.3599853515625,388.6401062011719,388.8512878417969,96819
2026-09-16 19:13:00+00:00,388.80999755859375,389.3900146484375,388.6099853515625,389.3900146484375,181192
2026-09-16 19:14:00+00:00,389.364990234375,390.0299987792969,389.239990234375,390.0299987792969,93336
2026-09-16 19:15:00+00:00,390.0400085449219,390.385009765625,389.6099853515625,389.7900085449219,54272
2026-09-16 19:16:00+00:00,389.7099914550781,389.7099914550781,389.2699890136719,389.4800109863281,64579
2026-09-16 19:17:00+00:00,389.5,389.739990234375,389.1199951171875,389.2250061035156,61736
2026-09-16 19:18:00+00:00,389.2099914550781,389.6700134277344,388.8699951171875,388.989990234375,52962
2026-09-16 19:19:00+00:00,388.8800048828125,389.5199890136719,388.8599853515625,389.510009765625,49011
2026-09-16 19:20:00+00:00,389.4800109863281,389.760009765625,389.1799926757813,389.2300109863281,57867
2026-09-16 19:21:00+00:00,389.2650146484375,389.7900085449219,389.2099914550781,389.6400146484375,51787
2026-09-16 19:22:00+00:00,389.6050109863281,389.8450012207031,389.2099914550781,389.4400024414063,46108
2026-09-16 19:23:00+00:00,389.43499755859375,389.9450073242188,389.30999755859375,389.8999938964844,35101
2026-09-16 19:24:00+00:00,389.9100036621094,389.9450073242188,389.7300109863281,389.9324951171875,40383
2026-09-16 19:25:00+00:00,389.93499755859375,390.3800048828125,389.3450012207031,389.3800048828125,48777
2026-09-16 19:26:00+00:00,389.4500122070313,389.4500122070313,389.05999755859375,389.1900024414063,36267
2026-09-16 19:27:00+00:00,389.18499755859375,389.7099914550781,388.7200012207031,389.5950012207031,77555
2026-09-16 19:28:00+00:00,389.5950012207031,389.7200012207031,389.0199890136719,389.0799865722656,42212
2026-09-16 19:29:00+00:00,389.1300048828125,390.05999755859375,389.1300048828125,390.0400085449219,51903
2026-09-16 19:30:00+00:00,390.0299987792969,390.510009765625,390.010009765625,390.4100036621094,27404
2026-09-16 19:31:00+00:00,390.4500122070313,390.7300109863281,390.3299865722656,390.5199890136719,73603
2026-09-16 19:32:00+00:00,390.5199890136719,390.80999755859375,390.2799987792969,390.5700073242188,53145
2026-09-16 19:33:00+00:00,390.5400085449219,390.8500061035156,390.3500061035156,390.6900024414063,34700
2026-09-16 19:34:00+00:00,390.6600036621094,390.9500122070313,390.3429870605469,390.8699951171875,60093
2026-09-16 19:35:00+00:00,390.9150085449219,391.1300048828125,390.6199951171875,390.7099914550781,23200
2026-09-16 19:36:00+00:00,390.7850036621094,390.8070068359375,390.3049926757813,390.4295959472656,31921
2026-09-16 19:37:00+00:00,390.4400024414063,390.9100036621094,390.4100036621094,390.8900146484375,27175
2026-09-16 19:38:00+00:00,390.8800048828125,390.9400024414063,390.3599853515625,390.4591979980469,16354
2026-09-16 19:39:00+00:00,390.4599914550781,391.0499877929688,390.3599853515625,390.9050903320313,24730
2026-09-16 19:40:00+00:00,390.8800048828125,391.0499877929688,390.7249145507813,391.0400085449219,19504
2026-09-16 19:41:00+00:00,391.0799865722656,391.5899963378906,391.0299987792969,391.2000122070313,42731
2026-09-16 19:42:00+00:00,391.1700134277344,391.3399963378906,390.93060302734375,391.1400146484375,25136
2026-09-16 19:43:00+00:00,391.1499938964844,391.3200073242188,391.0400085449219,391.2799987792969,9850
2026-09-16 19:44:00+00:00,391.2999877929688,391.4549865722656,391.0400085449219,391.0700073242188,26567
2026-09-16 19:45:00+00:00,391.0799865722656,391.5499877929688,391.0400085449219,391.5209045410156,25224
2026-09-16 19:46:00+00:00,391.4500122070313,391.6050109863281,391.260009765625,391.30999755859375,18711
2026-09-16 19:47:00+00:00,391.3250122070313,391.4700012207031,391.1000061035156,391.2300109863281,12419
2026-09-16 19:48:00+00:00,391.2699890136719,391.4599914550781,391.1449890136719,391.2989807128906,60697
2026-09-16 19:49:00+00:00,391.3599853515625,391.7200012207031,391.3500061035156,391.5249938964844,50360
2026-09-16 19:50:00+00:00,391.55999755859375,392.1300048828125,391.5549926757813,392.0499877929688,42575
2026-09-16 19:51:00+00:00,392.0549926757813,392.125,391.6300048828125,391.6300048828125,33122
2026-09-16 19:52:00+00:00,391.6300048828125,391.8699951171875,391.4500122070313,391.7825927734375,45410
2026-09-16 19:53:00+00:00,391.80999755859375,391.8599853515625,391.3699951171875,391.4299926757813,47818
2026-09-16 19:54:00+00:00,391.4150085449219,391.8599853515625,391.3200073242188,391.8299865722656,36532
2026-09-16 19:55:00+00:00,391.8299865722656,391.9100036621094,391.5549926757813,391.7900085449219,66943
2026-09-16 19:56:00+00:00,391.7900085449219,391.80999755859375,391.53900146484375,391.6091003417969,26497
2026-09-16 19:57:00+00:00,391.6400146484375,391.7999877929688,391.4249877929688,391.5799865722656,109735
2026-09-16 19:58:00+00:00,391.5799865722656,391.7000122070313,391.4200134277344,391.7000122070313,78258
2026-09-16 19:59:00+00:00,391.6799926757813,391.8399963378906,391.6300048828125,391.75,122752
2026-09-17 13:30:00+00:00,400.2799987792969,400.510009765625,400.05999755859375,400.42999267578125,1078815
2026-09-17 13:31:00+00:00,400.4200134277344,400.4800109863281,399.8800048828125,399.9638977050781,75546
2026-09-17 13:32:00+00:00,400.0032043457031,400.4599914550781,399.95001220703125,400.29998779296875,34500
2026-09-17 13:33:00+00:00,400.2650146484375,400.5,400.07000732421875,400.260009765625,42164
2026-09-17 13:34:00+00:00,400.2799987792969,400.7200012207031,400.20001220703125,400.7099914550781,42238
2026-09-17 13:35:00+00:00,400.70001220703125,400.9200134277344,400.5199890136719,400.6000061035156,42059
2026-09-17 13:36:00+00:00,400.6000061035156,400.69000244140625,400.2268981933594,400.2900085449219,22378
2026-09-17 13:37:00+00:00,400.30670166015625,400.56988525390625,400.19000244140625,400.19000244140625,24488
2026-09-17 13:38:00+00:00,400.1499938964844,400.32000732421875,399.9100036621094,399.92999267578125,27898
2026-09-17 13:39:00+00:00,399.8900146484375,400.20001220703125,399.75,399.76031494140625,29835
2026-09-17 13:40:00+00:00,399.75,399.81500244140625,399.5799865722656,399.7900085449219,66998
2026-09-17 13:41:00+00:00,399.7900085449219,399.8800048828125,399.3800048828125,399.489990234375,55069
2026-09-17 13:42:00+00:00,399.489990234375,399.70159912109375,399.3999938964844,399.5950012207031,53882
2026-09-17 13:43:00+00:00,399.6400146484375,399.75,399.260009765625,399.5799865722656,59086
2026-09-17 13:44:00+00:00,399.55999755859375,399.5799865722656,399.31500244140625,399.4599914550781,34266
2026-09-17 13:45:00+00:00,399.4700012207031,399.6499938964844,399.19000244140625,399.4800109863281,84594
2026-09-17 13:46:00+00:00,399.4700012207031,400.0199890136719,399.45001220703125,400.0199890136719,67379
2026-09-17 13:47:00+00:00,400.0,400.42999267578125,399.989990234375,400.2900085449219,42877
2026-09-17 13:48:00+00:00,400.3211975097656,400.3299865722656,399.9599914550781,400.19000244140625,36777
2026-09-17 13:49:00+00:00,400.1600036621094,400.3999938964844,400.0400085449219,400.25,50740
2026-09-17 13:50:00+00:00,400.2650146484375,400.5400085449219,400.239990234375,400.5199890136719,40260
2026-09-17 13:51:00+00:00,400.510009765625,400.6925964355469,400.3918151855469,400.3918151855469,24425
2026-09-17 13:52:00+00:00,400.4100036621094,400.5,400.260009765625,400.3800048828125,51383
2026-09-17 13:53:00+00:00,400.3299865722656,400.3800048828125,400.1700134277344,400.3500061035156,31024
2026-09-17 13:54:00+00:00,400.29998779296875,400.4800109863281,400.1600036621094,400.19500732421875,30818
2026-09-17 13:55:00+00:00,400.1700134277344,400.42999267578125,400.1700134277344,400.29998779296875,20286
2026-09-17 13:56:00+00:00,400.29998779296875,400.5299987792969,400.239990234375,400.3800048828125,104257
2026-09-17 13:57:00+00:00,400.3800048828125,400.3800048828125,400.1300048828125,400.17999267578125,17475
2026-09-17 13:58:00+00:00,400.20001220703125,400.239990234375,400.0199890136719,400.20001220703125,17819
2026-09-17 13:59:00+00:00,400.2200012207031,400.2699890136719,400.1600036621094,400.19000244140625,20288
2026-09-17 14:00:00+00:00,400.239990234375,400.3999938964844,400.0299987792969,400.1400146484375,18803
2026-09-17 14:01:00+00:00,400.1700134277344,400.385009765625,400.0600891113281,400.364990234375,7785
2026-09-17 14:02:00+00:00,400.3599853515625,400.45001220703125,400.1807861328125,400.43499755859375,7968
2026-09-17 14:03:00+00:00,400.4399108886719,400.5450134277344,400.3500061035156,400.5450134277344,43396
2026-09-17 14:04:00+00:00,400.5350036621094,400.55999755859375,400.3999938964844,400.489990234375,23625
2026-09-17 14:05:00+00:00,400.4599914550781,400.489990234375,400.2101135253906,400.489990234375,13251
2026-09-17 14:06:00+00:00,400.45001220703125,401.0899963378906,400.45001220703125,401.0199890136719,57777
2026-09-17 14:07:00+00:00,401.0249938964844,401.17999267578125,400.8200988769531,401.0,53831
2026-09-17 14:08:00+00:00,400.9753112792969,401.2900085449219,400.8800048828125,401.2300109863281,43772
2026-09-17 14:09:00+00:00,401.239990234375,401.42999267578125,401.1499938964844,401.18499755859375,34987
2026-09-17 14:10:00+00:00,401.1499938964844,401.44000244140625,401.0751037597656,401.0751037597656,53012
2026-09-17 14:11:00+00:00,401.0799865722656,401.0899963378906,400.79998779296875,400.80999755859375,27942
2026-09-17 14:12:00+00:00,400.7799987792969,400.7799987792969,400.3900146484375,400.5299987792969,32180
2026-09-17 14:13:00+00:00,400.54998779296875,400.7699890136719,400.5199890136719,400.7200012207031,29096
2026-09-17 14:14:00+00:00,400.7073059082031,400.8399963378906,400.6700134277344,400.7200012207031,17035
2026-09-17 14:15:00+00:00,400.7149963378906,400.75,400.5400085449219,400.57000732421875,22557
2026-09-17 14:16:00+00:00,400.55499267578125,400.7799987792969,400.4967956542969,400.5299987792969,21817
2026-09-17 14:17:00+00:00,400.55999755859375,400.6300048828125,400.3699951171875,400.4200134277344,19382
2026-09-17 14:18:00+00:00,400.4200134277344,400.44000244140625,400.2300109863281,400.3599853515625,17488
2026-09-17 14:19:00+00:00,400.42999267578125,400.54998779296875,400.3550109863281,400.45001220703125,14503
2026-09-17 14:20:00+00:00,400.5299987792969,400.56500244140625,400.1600036621094,400.2113952636719,33517
2026-09-17 14:21:00+00:00,400.2200012207031,400.3713073730469,400.1700134277344,400.3399963378906,24338
2026-09-17 14:22:00+00:00,400.3699951171875,400.6099853515625,400.3699951171875,400.4800109863281,16105
2026-09-17 14:23:00+00:00,400.4800109863281,400.6000061035156,400.4200134277344,400.6000061035156,37408
2026-09-17 14:24:00+00:00,400.5400085449219,400.6199951171875,400.4649963378906,400.5799865722656,18058
2026-09-17 14:25:00+00:00,400.5799865722656,400.6600036621094,400.4599914550781,400.6199951171875,15031
2026-09-17 14:26:00+00:00,400.70001220703125,400.8599853515625,400.6700134277344,400.760009765625,25578
2026-09-17 14:27:00+00:00,400.7900085449219,400.80999755859375,400.4100036621094,400.510009765625,23444
2026-09-17 14:28:00+00:00,400.5101013183594,400.57000732421875,400.2449951171875,400.3699951171875,30240
2026-09-17 14:29:00+00:00,400.3599853515625,400.45001220703125,400.260009765625,400.260009765625,14484
2026-09-17 14:30:00+00:00,400.2799987792969,400.2799987792969,400.04998779296875,400.2749938964844,8659
2026-09-17 14:31:00+00:00,400.2300109863281,400.3500061035156,400.1199951171875,400.1199951171875,7431
2026-09-17 14:32:00+00:00,400.1499938964844,400.1499938964844,399.8299865722656,400.0249938964844,68817
2026-09-17 14:33:00+00:00,400.07000732421875,400.1499938964844,400.010009765625,400.1199951171875,19827
2026-09-17 14:34:00+00:00,400.1099853515625,400.3500061035156,400.0899963378906,400.2900085449219,16767
2026-09-17 14:35:00+00:00,400.32000732421875,400.3900146484375,400.260009765625,400.2900085449219,10611
2026-09-17 14:36:00+00:00,400.2850036621094,400.3599853515625,400.1199951171875,400.2099914550781,80716
2026-09-17 14:37:00+00:00,400.20001220703125,400.20001220703125,399.989990234375,400.0899963378906,22297
2026-09-17 14:38:00+00:00,400.0899963378906,400.1300048828125,399.9399108886719,399.9399108886719,5648
2026-09-17 14:39:00+00:00,399.92498779296875,399.9599914550781,399.7300109863281,399.7300109863281,14530
2026-09-17 14:40:00+00:00,399.7590026855469,400.0,399.739990234375,400.0,9228
2026-09-17 14:41:00+00:00,399.9800109863281,400.010009765625,399.8399963378906,399.9100036621094,14065
2026-09-17 14:42:00+00:00,399.9049987792969,399.9100036621094,399.75,399.760009765625,9599
2026-09-17 14:43:00+00:00,399.7850036621094,399.7850036621094,399.54998779296875,399.55999755859375,22705
2026-09-17 14:44:00+00:00,399.6000061035156,399.7550048828125,399.54998779296875,399.7135009765625,15706
2026-09-17 14:45:00+00:00,399.7099914550781,399.9599914550781,399.6199951171875,399.95001220703125,12181
2026-09-17 14:46:00+00:00,399.9750061035156,400.0350036621094,399.739990234375,399.739990234375,6895
2026-09-17 14:47:00+00:00,399.7250061035156,399.8999938964844,399.54998779296875,399.6499938964844,10794
2026-09-17 14:48:00+00:00,399.6449890136719,399.7250061035156,399.510498046875,399.510498046875,12876
2026-09-17 14:49:00+00:00,399.5400085449219,399.7799987792969,399.4200134277344,399.760009765625,38294
2026-09-17 14:50:00+00:00,399.75,399.79998779296875,399.57000732421875,399.57000732421875,4906
2026-09-17 14:51:00+00:00,399.5487976074219,399.80999755859375,399.5487976074219,399.739990234375,11145
2026-09-17 14:52:00+00:00,399.7099914550781,399.7300109863281,399.4599914550781,399.614990234375,7817
2026-09-17 14:53:00+00:00,399.6099853515625,399.6099853515625,399.2200012207031,399.25,15504
2026-09-17 14:54:00+00:00,399.2099914550781,399.510009765625,399.20001220703125,399.3349914550781,11952
2026-09-17 14:55:00+00:00,399.3450012207031,399.39990234375,399.1499938964844,399.2200012207031,7119
2026-09-17 14:56:00+00:00,399.17999267578125,399.32000732421875,399.0299987792969,399.0950012207031,17592
2026-09-17 14:57:00+00:00,399.1050109863281,399.1549987792969,399.0,399.0199890136719,19580
2026-09-17 14:58:00+00:00,399.0199890136719,399.1199951171875,398.8949890136719,398.95001220703125,18859
2026-09-17 14:59:00+00:00,398.95001220703125,399.0799865722656,398.8999938964844,399.05999755859375,24092
2026-09-17 15:00:00+00:00,399.0299987792969,399.13238525390625,398.79998779296875,399.04998779296875,66131
2026-09-17 15:01:00+00:00,399.05999755859375,399.07989501953125,398.8500061035156,398.8500061035156,18850
2026-09-17 15:02:00+00:00,398.8500061035156,399.1600036621094,398.8500061035156,399.1400146484375,17887
2026-09-17 15:03:00+00:00,399.1499938964844,399.3900146484375,399.1400146484375,399.3299865722656,8863
2026-09-17 15:04:00+00:00,399.3349914550781,399.3699951171875,399.20001220703125,399.2699890136719,7369
2026-09-17 15:05:00+00:00,399.2699890136719,399.5299987792969,399.2200012207031,399.32000732421875,17791
2026-09-17 15:06:00+00:00,399.3599853515625,399.42999267578125,399.34051513671875,399.3550109863281,3788
2026-09-17 15:07:00+00:00,399.3099060058594,399.465087890625,399.2699890136719,399.42999267578125,11344
2026-09-17 15:08:00+00:00,399.3900146484375,399.40948486328125,399.20001220703125,399.364990234375,9653
2026-09-17 15:09:00+00:00,399.3399963378906,399.3450012207031,399.20001220703125,399.25,9623
2026-09-17 15:10:00+00:00,399.25201416015625,399.3900146484375,399.20001220703125,399.20001220703125,9902
2026-09-17 15:11:00+00:00,399.17999267578125,399.2099914550781,399.04998779296875,399.1000061035156,31061
2026-09-17 15:12:00+00:00,399.0849914550781,399.30999755859375,398.9700012207031,399.2449951171875,102860
2026-09-17 15:13:00+00:00,399.2099914550781,399.739990234375,399.2099914550781,399.7300109863281,18422
2026-09-17 15:14:00+00:00,399.7099914550781,399.80999755859375,399.69000244140625,399.79949951171875,8186
2026-09-17 15:15:00+00:00,399.760009765625,399.7900085449219,399.6499938964844,399.7850036621094,16702
2026-09-17 15:16:00+00:00,399.79998779296875,399.8900146484375,399.7349853515625,399.8900146484375,11744
2026-09-17 15:17:00+00:00,399.8999938964844,400.010009765625,399.8699951171875,399.989990234375,7659
2026-09-17 15:18:00+00:00,400.0,400.0,399.95001220703125,399.9750061035156,7472
2026-09-17 15:19:00+00:00,399.9200134277344,399.9700012207031,399.8800964355469,399.8800964355469,14295
2026-09-17 15:20:00+00:00,399.8900146484375,399.8900146484375,399.7200012207031,399.760009765625,7815
2026-09-17 15:21:00+00:00,399.75,399.8399963378906,399.69000244140625,399.7799987792969,4190
2026-09-17 15:22:00+00:00,399.79998779296875,399.8299865722656,399.7349853515625,399.7449951171875,1583
2026-09-17 15:23:00+00:00,399.75,399.84991455078125,399.6650085449219,399.7300109863281,4954
2026-09-17 15:24:00+00:00,399.7200012207031,399.760009765625,399.4800109863281,399.56500244140625,23029
2026-09-17 15:25:00+00:00,399.56500244140625,399.8599853515625,399.5299987792969,399.6300048828125,8523
2026-09-17 15:26:00+00:00,399.6099853515625,399.6099853515625,399.2749938964844,399.3999938964844,6926
2026-09-17 15:27:00+00:00,399.30999755859375,399.44000244140625,399.2799987792969,399.3699951171875,6969
2026-09-17 15:28:00+00:00,399.406005859375,399.45001220703125,399.3349914550781,399.45001220703125,54075
2026-09-17 15:29:00+00:00,399.42999267578125,399.4599914550781,399.3500061035156,399.3800048828125,6604
2026-09-17 15:30:00+00:00,399.489990234375,399.489990234375,399.3500061035156,399.4100036621094,4078
2026-09-17 15:31:00+00:00,399.4200134277344,399.5078125,399.3800048828125,399.4599914550781,5558
2026-09-17 15:32:00+00:00,399.4549865722656,399.4549865722656,399.239990234375,399.25,3498
2026-09-17 15:33:00+00:00,399.2200012207031,399.3699951171875,399.20001220703125,399.30999755859375,7413
2026-09-17 15:34:00+00:00,399.2898864746094,399.489990234375,399.25,399.489990234375,4831
2026-09-17 15:35:00+00:00,399.4800109863281,399.75,399.45001220703125,399.7300109863281,7119
2026-09-17 15:36:00+00:00,399.7099914550781,399.82379150390625,399.69000244140625,399.7749938964844,4132
2026-09-17 15:37:00+00:00,399.79998779296875,399.9100036621094,399.760009765625,399.8900146484375,11047
2026-09-17 15:38:00+00:00,399.80999755859375,399.92999267578125,399.80828857421875,399.8299865722656,9354
2026-09-17 15:39:00+00:00,399.8703918457031,399.8703918457031,399.7200012207031,399.8299865722656,11220
2026-09-17 15:40:00+00:00,399.82000732421875,400.04949951171875,399.82000732421875,400.010009765625,10757
2026-09-17 15:41:00+00:00,400.0,400.0400085449219,399.94000244140625,400.0199890136719,9392
2026-09-17 15:42:00+00:00,400.04998779296875,400.1300048828125,399.95001220703125,399.989990234375,23829
2026-09-17 15:43:00+00:00,399.94000244140625,400.07000732421875,399.9200134277344,400.07000732421875,9189
2026-09-17 15:44:00+00:00,400.0299987792969,400.25,400.0299987792969,400.135009765625,6609
2026-09-17 15:45:00+00:00,400.17999267578125,400.2200012207031,400.05999755859375,400.1499938964844,6936
2026-09-17 15:46:00+00:00,400.1600036621094,400.19378662109375,400.0950012207031,400.125,5470
2026-09-17 15:47:00+00:00,400.1300048828125,400.1300048828125,399.92999267578125,400.010009765625,28903
2026-09-17 15:48:00+00:00,400.0450134277344,400.2099914550781,400.0400085449219,400.0899963378906,8894
2026-09-17 15:49:00+00:00,400.0799865722656,400.3399963378906,400.0199890136719,400.1300048828125,25718
2026-09-17 15:50:00+00:00,400.1400146484375,400.2298889160156,400.0,400.0498962402344,10699
2026-09-17 15:51:00+00:00,400.0400085449219,400.20001220703125,400.010009765625,400.17498779296875,14343
2026-09-17 15:52:00+00:00,400.1300048828125,400.2950134277344,400.1300048828125,400.2850036621094,4169
2026-09-17 15:53:00+00:00,400.2799987792969,400.2799987792969,400.1600036621094,400.1700134277344,2861
2026-09-17 15:54:00+00:00,400.1400146484375,400.2200012207031,400.1400146484375,400.2200012207031,3151
2026-09-17 15:55:00+00:00,400.17498779296875,400.2463073730469,400.1000061035156,400.22100830078125,4137
2026-09-17 15:56:00+00:00,400.2300109863281,400.2699890136719,400.1332092285156,400.19000244140625,3279
2026-09-17 15:57:00+00:00,400.19000244140625,400.2432861328125,400.19000244140625,400.2300109863281,2936
2026-09-17 15:58:00+00:00,400.2200012207031,400.4200134277344,400.2200012207031,400.4100036621094,12121
2026-09-17 15:59:00+00:00,400.4100036621094,400.5299987792969,400.32000732421875,400.5299987792969,5337
2026-09-17 16:00:00+00:00,400.5299987792969,400.67498779296875,400.4800109863281,400.67498779296875,9523
2026-09-17 16:01:00+00:00,400.66009521484375,400.7632141113281,400.66009521484375,400.7200012207031,7064
2026-09-17 16:02:00+00:00,400.739990234375,400.739990234375,400.55999755859375,400.6300048828125,6051
2026-09-17 16:03:00+00:00,400.6400146484375,400.7164001464844,400.54998779296875,400.54998779296875,2984
2026-09-17 16:04:00+00:00,400.55999755859375,400.55999755859375,400.4267883300781,400.510009765625,7935
2026-09-17 16:05:00+00:00,400.5299987792969,400.6300048828125,400.5299987792969,400.5460205078125,4961
2026-09-17 16:06:00+00:00,400.5450134277344,400.5450134277344,400.3999938964844,400.489990234375,4561
2026-09-17 16:07:00+00:00,400.44000244140625,400.44000244140625,400.3232116699219,400.42999267578125,11484
2026-09-17 16:08:00+00:00,400.4949951171875,400.4949951171875,400.29998779296875,400.30999755859375,3641
2026-09-17 16:09:00+00:00,400.3304138183594,400.5199890136719,400.3299865722656,400.4700012207031,6942
2026-09-17 16:10:00+00:00,400.510009765625,400.57000732421875,400.3800048828125,400.42498779296875,4285
2026-09-17 16:11:00+00:00,400.4200134277344,400.489990234375,400.3699951171875,400.4049987792969,9014
2026-09-17 16:12:00+00:00,400.3999938964844,400.4800109863281,400.3900146484375,400.4700012207031,105487
2026-09-17 16:13:00+00:00,400.4700012207031,400.4700012207031,400.2799987792969,400.33990478515625,9695
2026-09-17 16:14:00+00:00,400.3599853515625,400.40240478515625,400.29998779296875,400.3500061035156,5854
2026-09-17 16:15:00+00:00,400.3900146484375,400.3900146484375,400.3349914550781,400.34991455078125,2859
2026-09-17 16:16:00+00:00,400.32000732421875,400.32000732421875,400.1700134277344,400.2749938964844,6751
2026-09-17 16:17:00+00:00,400.29998779296875,400.30999755859375,400.239990234375,400.2799987792969,2939
2026-09-17 16:18:00+00:00,400.2699890136719,400.30999755859375,400.2099914550781,400.3099060058594,3561
2026-09-17 16:19:00+00:00,400.2099914550781,400.30999755859375,400.1499938964844,400.30999755859375,5220
2026-09-17 16:20:00+00:00,400.2699890136719,400.32000732421875,400.2101135253906,400.2200012207031,6956
2026-09-17 16:21:00+00:00,400.2349853515625,400.2699890136719,400.2200012207031,400.2200012207031,3119
2026-09-17 16:22:00+00:00,400.20001220703125,400.2699890136719,400.1700134277344,400.25,2313
2026-09-17 16:23:00+00:00,400.2799987792969,400.3699951171875,400.2799987792969,400.3349914550781,3891
2026-09-17 16:24:00+00:00,400.32501220703125,400.3900146484375,400.30499267578125,400.3599853515625,4075
2026-09-17 16:25:00+00:00,400.32000732421875,400.3599853515625,400.1600036621094,400.1600036621094,3795
2026-09-17 16:26:00+00:00,400.05999755859375,400.1499938964844,399.9800109863281,400.1400146484375,4422
2026-09-17 16:27:00+00:00,400.1099853515625,400.20001220703125,399.9800109863281,400.0799865722656,5949
2026-09-17 16:28:00+00:00,400.0899963378906,400.2699890136719,400.05999755859375,400.25,6803
2026-09-17 16:29:00+00:00,400.239990234375,400.32000732421875,400.2300109863281,400.32000732421875,0
2026-09-17 16:30:00+00:00,400.2799987792969,400.2900085449219,400.1099853515625,400.2099914550781,2290
2026-09-17 16:31:00+00:00,400.20001220703125,400.20001220703125,399.9800109863281,399.9800109863281,2883
2026-09-17 16:32:00+00:00,399.94500732421875,399.9700012207031,399.75,399.7699890136719,4543
2026-09-17 16:33:00+00:00,399.79998779296875,399.79998779296875,399.5899963378906,399.6131896972656,3829
2026-09-17 16:34:00+00:00,399.6000061035156,399.6000061035156,399.4200134277344,399.4800109863281,7520
2026-09-17 16:35:00+00:00,399.510009765625,399.5899963378906,399.4800109863281,399.5299987792969,4285
2026-09-17 16:36:00+00:00,399.50830078125,399.6700134277344,399.4599914550781,399.6700134277344,3664
2026-09-17 16:37:00+00:00,399.67999267578125,399.70001220703125,399.55499267578125,399.6600036621094,2396
2026-09-17 16:38:00+00:00,399.6600036621094,399.6600036621094,399.4599914550781,399.5400085449219,4390
2026-09-17 16:39:00+00:00,399.55999755859375,399.6499938964844,399.53009033203125,399.5920104980469,2394
2026-09-17 16:40:00+00:00,399.6000061035156,399.64990234375,399.56500244140625,399.64990234375,2223
2026-09-17 16:41:00+00:00,399.6300048828125,399.6650085449219,399.5849914550781,399.6499938964844,1429
2026-09-17 16:42:00+00:00,399.6099853515625,399.6099853515625,399.42999267578125,399.43499755859375,5537
2026-09-17 16:43:00+00:00,399.44000244140625,399.4620056152344,399.375,399.43499755859375,5349
2026-09-17 16:44:00+00:00,399.4700012207031,399.5899963378906,399.3699951171875,399.5899963378906,27618
2026-09-17 16:45:00+00:00,399.6000061035156,399.739990234375,399.6000061035156,399.7200012207031,5921
2026-09-17 16:46:00+00:00,399.7099914550781,399.7300109863281,399.6000061035156,399.69000244140625,3768
2026-09-17 16:47:00+00:00,399.6499938964844,399.760009765625,399.6499938964844,399.7200012207031,2531
2026-09-17 16:48:00+00:00,399.69000244140625,399.69000244140625,399.4800109863281,399.4800109863281,4685
2026-09-17 16:49:00+00:00,399.4649963378906,399.5,399.4200134277344,399.42498779296875,5655
2026-09-17 16:50:00+00:00,399.4100036621094,399.4200134277344,399.2950134277344,399.2950134277344,3404
2026-09-17 16:51:00+00:00,399.30999755859375,399.3800048828125,399.260009765625,399.32501220703125,3906
2026-09-17 16:52:00+00:00,399.30999755859375,399.5400085449219,399.30999755859375,399.5400085449219,7395
2026-09-17 16:53:00+00:00,399.5577087402344,399.6700134277344,399.510009765625,399.6700134277344,15952
2026-09-17 16:54:00+00:00,399.6799011230469,399.67999267578125,399.54998779296875,399.6000061035156,7529
2026-09-17 16:55:00+00:00,399.6300048828125,399.6400146484375,399.2101135253906,399.4200134277344,28959
2026-09-17 16:56:00+00:00,399.3299865722656,399.5,399.32000732421875,399.4800109863281,22478
2026-09-17 16:57:00+00:00,399.54998779296875,399.6700134277344,399.489990234375,399.6700134277344,4476
2026-09-17 16:58:00+00:00,399.7200012207031,399.7300109863281,399.6400146484375,399.7099914550781,5437
2026-09-17 16:59:00+00:00,399.70001220703125,399.8299865722656,399.70001220703125,399.81829833984375,3811
2026-09-17 17:00:00+00:00,399.82000732421875,400.0289001464844,399.75,400.0289001464844,12210
2026-09-17 17:01:00+00:00,399.95001220703125,399.95001220703125,399.70001220703125,399.80999755859375,20858
2026-09-17 17:02:00+00:00,399.7699890136719,399.7799987792969,399.4800109863281,399.4800109863281,11491
2026-09-17 17:03:00+00:00,399.5199890136719,399.614990234375,399.5199890136719,399.5873107910156,3026
2026-09-17 17:04:00+00:00,399.5950012207031,399.8500061035156,399.5899963378906,399.84991455078125,3215
2026-09-17 17:05:00+00:00,399.8500061035156,399.92498779296875,399.82000732421875,399.92498779296875,3460
2026-09-17 17:06:00+00:00,399.9100036621094,400.0950012207031,399.9100036621094,400.07501220703125,4534
2026-09-17 17:07:00+00:00,400.0799865722656,400.1600036621094,400.0799865722656,400.1322021484375,4188
2026-09-17 17:08:00+00:00,400.1300048828125,400.135009765625,399.9649963378906,399.9849853515625,3149
2026-09-17 17:09:00+00:00,399.9599914550781,400.0400085449219,399.95001220703125,399.9700012207031,2953
2026-09-17 17:10:00+00:00,399.9200134277344,399.9750061035156,399.8500061035156,399.8999938964844,3127
2026-09-17 17:11:00+00:00,399.8900146484375,399.9200134277344,399.8200988769531,399.8399963378906,1729
2026-09-17 17:12:00+00:00,399.8500061035156,399.8699951171875,399.7099914550781,399.72900390625,4624
2026-09-17 17:13:00+00:00,399.7300109863281,399.9599914550781,399.7300109863281,399.9599914550781,5705
2026-09-17 17:14:00+00:00,399.989990234375,399.989990234375,399.82000732421875,399.82000732421875,2643
2026-09-17 17:15:00+00:00,399.8500061035156,399.8949890136719,399.7799987792969,399.8500061035156,4485
2026-09-17 17:16:00+00:00,399.82000732421875,399.82000732421875,399.5899963378906,399.6300048828125,1241
2026-09-17 17:17:00+00:00,399.6199951171875,399.69000244140625,399.614990234375,399.69000244140625,6500
2026-09-17 17:18:00+00:00,399.6400146484375,399.6549987792969,399.5799865722656,399.6099853515625,2131
2026-09-17 17:19:00+00:00,399.6499938964844,399.67999267578125,399.6050109863281,399.67999267578125,1891
2026-09-17 17:20:00+00:00,399.6499938964844,399.75,399.6451110839844,399.75,4032
2026-09-17 17:21:00+00:00,399.739990234375,399.739990234375,399.65008544921875,399.69000244140625,2676
2026-09-17 17:22:00+00:00,399.7200012207031,399.75,399.6400146484375,399.69000244140625,2466
2026-09-17 17:23:00+00:00,399.6600036621094,399.6700134277344,399.5199890136719,399.5199890136719,3207
2026-09-17 17:24:00+00:00,399.5199890136719,399.6099853515625,399.44000244140625,399.6099853515625,3590
2026-09-17 17:25:00+00:00,399.6400146484375,399.8500061035156,399.6400146484375,399.760009765625,3314
2026-09-17 17:26:00+00:00,399.80999755859375,399.80999755859375,399.69500732421875,399.75,2218
2026-09-17 17:27:00+00:00,399.7099914550781,399.79998779296875,399.6300048828125,399.7099914550781,10580
2026-09-17 17:28:00+00:00,399.739990234375,399.739990234375,399.6099853515625,399.6400146484375,2209
2026-09-17 17:29:00+00:00,399.6499938964844,399.6600036621094,399.56500244140625,399.64990234375,4397
2026-09-17 17:30:00+00:00,399.69000244140625,399.7319030761719,399.6600036621094,399.7300109863281,1700
2026-09-17 17:31:00+00:00,399.7300109863281,399.79998779296875,399.7300109863281,399.79998779296875,2451
2026-09-17 17:32:00+00:00,399.7362976074219,399.7799987792969,399.66778564453125,399.7799987792969,1934
2026-09-17 17:33:00+00:00,399.7799987792969,399.8299865722656,399.7099914550781,399.7149963378906,3091
2026-09-17 17:34:00+00:00,399.7250061035156,399.79998779296875,399.67999267578125,399.7799987792969,3332
2026-09-17 17:35:00+00:00,399.7699890136719,399.8500061035156,399.7699890136719,399.8500061035156,2358
2026-09-17 17:36:00+00:00,399.8500061035156,399.94000244140625,399.7650146484375,399.79949951171875,2524
2026-09-17 17:37:00+00:00,399.760009765625,399.8800048828125,399.5849914550781,399.5849914550781,2598
2026-09-17 17:38:00+00:00,399.54010009765625,399.5799865722656,399.4700012207031,399.5400085449219,8309
2026-09-17 17:39:00+00:00,399.4989929199219,399.4989929199219,399.3877868652344,399.3999938964844,8400
2026-09-17 17:40:00+00:00,399.44000244140625,399.5820007324219,399.44000244140625,399.5199890136719,2276
2026-09-17 17:41:00+00:00,399.55999755859375,399.6300048828125,399.55999755859375,399.55999755859375,4091
2026-09-17 17:42:00+00:00,399.57000732421875,399.6449890136719,399.5,399.6300048828125,4627
2026-09-17 17:43:00+00:00,399.5799865722656,399.6199951171875,399.57000732421875,399.5950012207031,1359
2026-09-17 17:44:00+00:00,399.6199951171875,399.7200012207031,399.6000061035156,399.6400146484375,3579
2026-09-17 17:45:00+00:00,399.6400146484375,399.69000244140625,399.5849914550781,399.5849914550781,3688
2026-09-17 17:46:00+00:00,399.6000061035156,399.67999267578125,399.6000061035156,399.6400146484375,4417
2026-09-17 17:47:00+00:00,399.610107421875,399.6700134277344,399.610107421875,399.66619873046875,1292
2026-09-17 17:48:00+00:00,399.6700134277344,399.67999267578125,399.5,399.57000732421875,5191
2026-09-17 17:49:00+00:00,399.55999755859375,399.5799865722656,399.53350830078125,399.57000732421875,2845
2026-09-17 17:50:00+00:00,399.53009033203125,399.6300048828125,399.53009033203125,399.5599060058594,2693
2026-09-17 17:51:00+00:00,399.5801086425781,399.7300109863281,399.5801086425781,399.7200012207031,4389
2026-09-17 17:52:00+00:00,399.70001220703125,399.7049865722656,399.625,399.6600036621094,2294
2026-09-17 17:53:00+00:00,399.6000061035156,399.67999267578125,399.55999755859375,399.6600036621094,4411
2026-09-17 17:54:00+00:00,399.6700134277344,399.7099914550781,399.6199951171875,399.6400146484375,1766
2026-09-17 17:55:00+00:00,399.6400146484375,399.7200012207031,399.6400146484375,399.6499938964844,3383
2026-09-17 17:56:00+00:00,399.6700134277344,399.67999267578125,399.6199951171875,399.62298583984375,3360
2026-09-17 17:57:00+00:00,399.6600036621094,399.7699890136719,399.6549987792969,399.67999267578125,6395
2026-09-17 17:58:00+00:00,399.64990234375,399.739990234375,399.64990234375,399.65008544921875,2982
2026-09-17 17:59:00+00:00,399.6400146484375,399.7159118652344,399.6000061035156,399.7159118652344,9938
2026-09-17 18:00:00+00:00,399.7200012207031,399.739990234375,399.6400146484375,399.6499938964844,2458
2026-09-17 18:01:00+00:00,399.69000244140625,399.7300109863281,399.6679992675781,399.68499755859375,1814
2026-09-17 18:02:00+00:00,399.760009765625,399.760009765625,399.6549987792969,399.6549987792969,1607
2026-09-17 18:03:00+00:00,399.6400146484375,399.7900085449219,399.6400146484375,399.7900085449219,2067
2026-09-17 18:04:00+00:00,399.7900085449219,399.9100036621094,399.7900085449219,399.9100036621094,3238
2026-09-17 18:05:00+00:00,399.9200134277344,400.0400085449219,399.9200134277344,399.9599914550781,7806
2026-09-17 18:06:00+00:00,399.95001220703125,400.0090026855469,399.8299865722656,399.831298828125,2268
2026-09-17 18:07:00+00:00,399.79998779296875,399.79998779296875,399.6400146484375,399.7900085449219,10599
2026-09-17 18:08:00+00:00,399.7699890136719,399.86981201171875,399.760009765625,399.8399963378906,3096
2026-09-17 18:09:00+00:00,399.8349914550781,399.8699951171875,399.75030517578125,399.79998779296875,3253
2026-09-17 18:10:00+00:00,399.77679443359375,399.82000732421875,399.7349853515625,399.7900085449219,2703
2026-09-17 18:11:00+00:00,399.80999755859375,399.9100036621094,399.80999755859375,399.9100036621094,4189
2026-09-17 18:12:00+00:00,399.9100036621094,400.0799865722656,399.9100036621094,400.0299987792969,4930
2026-09-17 18:13:00+00:00,400.0299987792969,400.0799865722656,399.9800109863281,400.0400085449219,11202
2026-09-17 18:14:00+00:00,400.0199890136719,400.0799865722656,400.0199890136719,400.06500244140625,4260
2026-09-17 18:15:00+00:00,400.04998779296875,400.09649658203125,400.0398864746094,400.09649658203125,5113
2026-09-17 18:16:00+00:00,400.0849914550781,400.1600036621094,399.9599914550781,400.0050048828125,8060
2026-09-17 18:17:00+00:00,399.9599914550781,399.9784851074219,399.9200134277344,399.92498779296875,3255
2026-09-17 18:18:00+00:00,399.86029052734375,399.8900146484375,399.7300109863281,399.7300109863281,4646
2026-09-17 18:19:00+00:00,399.7349853515625,399.75,399.610107421875,399.6600036621094,13950
2026-09-17 18:20:00+00:00,399.68011474609375,399.7099914550781,399.5899963378906,399.6499938964844,7192
2026-09-17 18:21:00+00:00,399.6600036621094,399.70001220703125,399.43499755859375,399.4549865722656,15424
2026-09-17 18:22:00+00:00,399.44000244140625,399.4750061035156,399.3599853515625,399.45001220703125,10627
2026-09-17 18:23:00+00:00,399.4305114746094,399.510009765625,399.3299865722656,399.3900146484375,7553
2026-09-17 18:24:00+00:00,399.375,399.4200134277344,399.3500061035156,399.4100036621094,30175
2026-09-17 18:25:00+00:00,399.3999938964844,399.52508544921875,399.3699951171875,399.3699951171875,10095
2026-09-17 18:26:00+00:00,399.3800048828125,399.4800109863281,399.3699951171875,399.43499755859375,11838
2026-09-17 18:27:00+00:00,399.45001220703125,399.4700012207031,399.3999938964844,399.44500732421875,7152
2026-09-17 18:28:00+00:00,399.4100036621094,399.44000244140625,399.3500061035156,399.3900146484375,6604
2026-09-17 18:29:00+00:00,399.29998779296875,399.30999755859375,399.2099914550781,399.239990234375,15180
2026-09-17 18:30:00+00:00,399.260009765625,399.260009765625,398.9599914550781,398.9700012207031,47010
2026-09-17 18:31:00+00:00,398.9599914550781,399.05999755859375,398.95001220703125,399.0299987792969,13303
2026-09-17 18:32:00+00:00,399.04998779296875,399.07000732421875,398.9700012207031,398.9859924316406,5419
2026-09-17 18:33:00+00:00,398.9800109863281,398.9800109863281,398.79998779296875,398.79998779296875,7201
2026-09-17 18:34:00+00:00,398.79998779296875,398.8599853515625,398.67999267578125,398.69000244140625,16617
2026-09-17 18:35:00+00:00,398.6700134277344,398.7099914550781,398.57391357421875,398.5899963378906,10170
2026-09-17 18:36:00+00:00,398.625,398.6700134277344,398.55999755859375,398.6300964355469,9034
2026-09-17 18:37:00+00:00,398.67999267578125,398.8599853515625,398.67999267578125,398.7550048828125,62029
2026-09-17 18:38:00+00:00,398.7699890136719,398.864990234375,398.70001220703125,398.8190002441406,32049
2026-09-17 18:39:00+00:00,398.8299865722656,398.8900146484375,398.739990234375,398.8599853515625,12726
2026-09-17 18:40:00+00:00,398.8599853515625,398.95001220703125,398.7900085449219,398.93499755859375,4895
2026-09-17 18:41:00+00:00,398.95001220703125,399.0,398.8999938964844,398.9599914550781,4882
2026-09-17 18:42:00+00:00,398.92999267578125,398.9599914550781,398.8299865722656,398.8299865722656,2144
2026-09-17 18:43:00+00:00,398.8550109863281,398.989990234375,398.8399963378906,398.9599914550781,25704
2026-09-17 18:44:00+00:00,398.92999267578125,398.989990234375,398.8900146484375,398.8900146484375,7216
2026-09-17 18:45:00+00:00,398.9100036621094,398.92999267578125,398.82000732421875,398.8900146484375,7263
2026-09-17 18:46:00+00:00,398.8800048828125,398.8800048828125,398.7200012207031,398.8500061035156,36249
2026-09-17 18:47:00+00:00,398.81500244140625,398.8399963378906,398.75299072265625,398.8399963378906,3882
2026-09-17 18:48:00+00:00,398.7900085449219,398.94000244140625,398.7900085449219,398.93499755859375,5550
2026-09-17 18:49:00+00:00,398.94000244140625,398.9800109863281,398.8900146484375,398.9200134277344,26997
2026-09-17 18:50:00+00:00,398.9200134277344,398.9399108886719,398.7900085449219,398.82000732421875,15690
2026-09-17 18:51:00+00:00,398.8299865722656,398.9100036621094,398.7300109863281,398.8399963378906,6736
2026-09-17 18:52:00+00:00,398.8500061035156,398.8851013183594,398.7300109863281,398.7300109863281,2715
2026-09-17 18:53:00+00:00,398.739990234375,398.7699890136719,398.6499938964844,398.7650146484375,4072
2026-09-17 18:54:00+00:00,398.760009765625,398.77801513671875,398.7300109863281,398.760009765625,3427
2026-09-17 18:55:00+00:00,398.7650146484375,398.79998779296875,398.7049865722656,398.7799987792969,5065
2026-09-17 18:56:00+00:00,398.7699890136719,398.79998779296875,398.7200012207031,398.79998779296875,3270
2026-09-17 18:57:00+00:00,398.7850036621094,398.8550109863281,398.7850036621094,398.8399963378906,6022
2026-09-17 18:58:00+00:00,398.8399963378906,398.8699951171875,398.81500244140625,398.8699951171875,5113
2026-09-17 18:59:00+00:00,398.8599853515625,398.8699035644531,398.79998779296875,398.8349914550781,3982
2026-09-17 19:00:00+00:00,398.8599853515625,399.05999755859375,398.8599853515625,399.05999755859375,9468
2026-09-17 19:01:00+00:00,399.04998779296875,399.25,399.0299987792969,399.2099914550781,16991
2026-09-17 19:02:00+00:00,399.20001220703125,399.2099914550781,399.0700988769531,399.0700988769531,3177
2026-09-17 19:03:00+00:00,399.1000061035156,399.2099914550781,399.1000061035156,399.1499938964844,20154
2026-09-17 19:04:00+00:00,399.1400146484375,399.1499938964844,399.0899963378906,399.1000061035156,5283
2026-09-17 19:05:00+00:00,399.1099853515625,399.2090148925781,399.1000061035156,399.17999267578125,10302
2026-09-17 19:06:00+00:00,399.17999267578125,399.20001220703125,399.1000061035156,399.1600036621094,11996
2026-09-17 19:07:00+00:00,399.1499938964844,399.1600036621094,399.0799865722656,399.1600036621094,14711
2026-09-17 19:08:00+00:00,399.18499755859375,399.2799987792969,399.1600036621094,399.19000244140625,16369
2026-09-17 19:09:00+00:00,399.19500732421875,399.19500732421875,399.05999755859375,399.1499938964844,5213
2026-09-17 19:10:00+00:00,399.1449890136719,399.2099914550781,399.1099853515625,399.1400146484375,5703
2026-09-17 19:11:00+00:00,399.1099853515625,399.19989013671875,399.0799865722656,399.15008544921875,6424
2026-09-17 19:12:00+00:00,399.1499938964844,399.25,399.0400085449219,399.239990234375,4198
2026-09-17 19:13:00+00:00,399.2349853515625,399.25,399.17999267578125,399.17999267578125,2099
2026-09-17 19:14:00+00:00,399.1499938964844,399.1600036621094,399.1300048828125,399.1600036621094,4078
2026-09-17 19:15:00+00:00,399.1600036621094,399.1600036621094,399.0450134277344,399.0450134277344,10821
2026-09-17 19:16:00+00:00,399.010009765625,399.0199890136719,398.8599853515625,398.860107421875,7495
2026-09-17 19:17:00+00:00,398.8599853515625,398.8599853515625,398.6400146484375,398.68499755859375,10492
2026-09-17 19:18:00+00:00,398.6700134277344,398.82000732421875,398.6700134277344,398.7799987792969,10066
2026-09-17 19:19:00+00:00,398.7799987792969,398.92999267578125,398.7449951171875,398.9100036621094,36010
2026-09-17 19:20:00+00:00,398.9361877441406,398.9361877441406,398.7850036621094,398.7962646484375,5097
2026-09-17 19:21:00+00:00,398.7799987792969,398.7900085449219,398.5199890136719,398.5899963378906,23265
2026-09-17 19:22:00+00:00,398.5849914550781,398.6400146484375,398.55999755859375,398.5899963378906,4533
2026-09-17 19:23:00+00:00,398.5889892578125,398.6000061035156,398.5,398.5,7782
2026-09-17 19:24:00+00:00,398.5,398.6488037109375,398.4901123046875,398.5199890136719,7420
2026-09-17 19:25:00+00:00,398.5299987792969,398.70001220703125,398.5299987792969,398.67999267578125,14142
2026-09-17 19:26:00+00:00,398.67999267578125,398.67999267578125,398.4599914550781,398.4599914550781,12267
2026-09-17 19:27:00+00:00,398.4400939941406,398.4400939941406,398.2449951171875,398.25,41534
2026-09-17 19:28:00+00:00,398.2513122558594,398.2900085449219,398.1400146484375,398.2099914550781,53601
2026-09-17 19:29:00+00:00,398.2300109863281,398.2799987792969,398.114990234375,398.114990234375,13030
2026-09-17 19:30:00+00:00,398.1000061035156,398.32000732421875,398.0400085449219,398.1499938964844,10098
2026-09-17 19:31:00+00:00,398.17498779296875,398.4200134277344,398.17010498046875,398.32501220703125,6370
2026-09-17 19:32:00+00:00,398.3399963378906,398.3699951171875,398.2200012207031,398.25,7053
2026-09-17 19:33:00+00:00,398.239990234375,398.25,398.1600036621094,398.2200012207031,6828
2026-09-17 19:34:00+00:00,398.2251892089844,398.2607116699219,398.1700134277344,398.1700134277344,4516
2026-09-17 19:35:00+00:00,398.1600036621094,398.2699890136719,398.1300048828125,398.1300964355469,4989
2026-09-17 19:36:00+00:00,398.1199951171875,398.2499084472656,398.1050109863281,398.19281005859375,7170
2026-09-17 19:37:00+00:00,398.17498779296875,398.20001220703125,398.1400146484375,398.1499938964844,5889
2026-09-17 19:38:00+00:00,398.1549987792969,398.2349853515625,398.1499938964844,398.1549987792969,26636
2026-09-17 19:39:00+00:00,398.1549987792969,398.2200012207031,398.0950012207031,398.2200012207031,7553
2026-09-17 19:40:00+00:00,398.2049865722656,398.3299865722656,398.2049865722656,398.2799987792969,11562
2026-09-17 19:41:00+00:00,398.2900085449219,398.2950134277344,398.2200012207031,398.2300109863281,7846
2026-09-17 19:42:00+00:00,398.2349853515625,398.2650146484375,398.2200012207031,398.2550048828125,8155
2026-09-17 19:43:00+00:00,398.2699890136719,398.32000732421875,398.2200012207031,398.2900085449219,8140
2026-09-17 19:44:00+00:00,398.30999755859375,398.34991455078125,398.2900085449219,398.30999755859375,8364
2026-09-17 19:45:00+00:00,398.29998779296875,398.4100036621094,398.2900085449219,398.3999938964844,8934
2026-09-17 19:46:00+00:00,398.3949890136719,398.5199890136719,398.32000732421875,398.3550109863281,48689
2026-09-17 19:47:00+00:00,398.3599853515625,398.45989990234375,398.3299865722656,398.3599853515625,12562
2026-09-17 19:48:00+00:00,398.364990234375,398.364990234375,398.20001220703125,398.2200012207031,46213
2026-09-17 19:49:00+00:00,398.2250061035156,398.2950134277344,398.2250061035156,398.2950134277344,14589
2026-09-17 19:50:00+00:00,398.29998779296875,398.42999267578125,398.25,398.3699951171875,18184
2026-09-17 19:51:00+00:00,398.3599853515625,398.45001220703125,398.32000732421875,398.447509765625,25963
2026-09-17 19:52:00+00:00,398.44000244140625,398.4849853515625,398.3349914550781,398.42999267578125,31555
2026-09-17 19:53:00+00:00,398.4200134277344,398.6300048828125,398.4049987792969,398.6000061035156,46308
2026-09-17 19:54:00+00:00,398.6000061035156,398.6300048828125,398.4599914550781,398.5199890136719,39906
2026-09-17 19:55:00+00:00,398.510009765625,398.5199890136719,398.4200134277344,398.42999267578125,56871
2026-09-17 19:56:00+00:00,398.44000244140625,398.6499938964844,398.42999267578125,398.6449890136719,104581
2026-09-17 19:57:00+00:00,398.6449890136719,398.6449890136719,398.4800109863281,398.55499267578125,46223
2026-09-17 19:58:00+00:00,398.54998779296875,398.67999267578125,398.3900146484375,398.4800109863281,225657
2026-09-17 19:59:00+00:00,398.4700012207031,398.4800109863281,398.260009765625,398.2799987792969,122059
2026-09-18 13:30:00+00:00,400.4800109863281,400.489990234375,399.9800109863281,400.0799865722656,286918
2026-09-18 13:31:00+00:00,400.06170654296875,400.0799865722656,399.90008544921875,399.94000244140625,12529
2026-09-18 13:32:00+00:00,399.8999938964844,400.0,399.7699890136719,399.7900085449219,8943
2026-09-18 13:33:00+00:00,399.78900146484375,400.0,399.75,399.8999938964844,466935
2026-09-18 13:34:00+00:00,399.9100036621094,399.9100036621094,399.6000061035156,399.6300048828125,18676
2026-09-18 13:35:00+00:00,399.57000732421875,399.6300048828125,399.3999938964844,399.4599914550781,17539
2026-09-18 13:36:00+00:00,399.4200134277344,399.42999267578125,399.2300109863281,399.2850036621094,56311
2026-09-18 13:37:00+00:00,399.260009765625,399.510009765625,399.05999755859375,399.4700012207031,50914
2026-09-18 13:38:00+00:00,399.489990234375,399.7300109863281,399.4599914550781,399.5350036621094,44139
2026-09-18 13:39:00+00:00,399.54998779296875,399.69000244140625,399.5350036621094,399.6199951171875,19986
2026-09-18 13:40:00+00:00,399.5899963378906,399.6000061035156,399.2900085449219,399.45001220703125,12168
2026-09-18 13:41:00+00:00,399.4599914550781,399.4599914550781,399.0950012207031,399.2099914550781,8144
2026-09-18 13:42:00+00:00,399.2049865722656,399.4599914550781,399.0400085449219,399.1400146484375,17859
2026-09-18 13:43:00+00:00,399.20001220703125,399.4100036621094,398.9849853515625,399.1099853515625,11081
2026-09-18 13:44:00+00:00,399.1000061035156,399.1499938964844,399.0299987792969,399.1300048828125,4742
2026-09-18 13:45:00+00:00,399.1000061035156,399.4049987792969,398.9800109863281,399.4049987792969,561027
2026-09-18 13:46:00+00:00,399.42999267578125,399.5,399.3949890136719,399.44000244140625,6015
2026-09-18 13:47:00+00:00,399.45001220703125,399.4700012207031,399.260009765625,399.29998779296875,11989
2026-09-18 13:48:00+00:00,399.2749938964844,399.3800048828125,399.05999755859375,399.3299865722656,31120
2026-09-18 13:49:00+00:00,399.32501220703125,399.3599853515625,399.19000244140625,399.2799987792969,16642
2026-09-18 13:50:00+00:00,399.2650146484375,399.3299865722656,399.0150146484375,399.1000061035156,9377
2026-09-18 13:51:00+00:00,399.1000061035156,399.1549987792969,398.9800109863281,399.1394958496094,9888
2026-09-18 13:52:00+00:00,399.1700134277344,399.4750061035156,399.04998779296875,399.4750061035156,9097
2026-09-18 13:53:00+00:00,399.45001220703125,399.45001220703125,398.82000732421875,398.8599853515625,72614
2026-09-18 13:54:00+00:00,399.0,399.0,398.6199951171875,398.8132019042969,11114
2026-09-18 13:55:00+00:00,398.80999755859375,398.8699951171875,398.7571105957031,398.7799072265625,8660
2026-09-18 13:56:00+00:00,398.8500061035156,399.0199890136719,398.80999755859375,398.80999755859375,6909
2026-09-18 13:57:00+00:00,398.8399963378906,398.8399963378906,398.6499938964844,398.7049865722656,13037
2026-09-18 13:58:00+00:00,398.70001220703125,398.8699951171875,398.6600036621094,398.7699890136719,8501
2026-09-18 13:59:00+00:00,398.75,398.7950134277344,398.5950012207031,398.70001220703125,4541
2026-09-18 14:00:00+00:00,398.7200012207031,398.9198913574219,398.610107421875,398.8399963378906,4896
2026-09-18 14:01:00+00:00,398.8500061035156,398.9100036621094,398.6600036621094,398.9100036621094,30268
2026-09-18 14:02:00+00:00,398.8949890136719,399.0799865722656,398.8949890136719,399.0400085449219,8938
2026-09-18 14:03:00+00:00,399.1600036621094,399.25,399.0299987792969,399.1900939941406,16561
2026-09-18 14:04:00+00:00,399.2200012207031,399.3789978027344,399.1499938964844,399.3599853515625,29072
2026-09-18 14:05:00+00:00,399.4100036621094,399.4100036621094,399.0,399.17999267578125,18565
2026-09-18 14:06:00+00:00,399.1510009765625,399.19000244140625,398.9599914550781,399.1499938964844,15164
2026-09-18 14:07:00+00:00,399.0899963378906,399.2886962890625,398.92999267578125,398.92999267578125,11477
2026-09-18 14:08:00+00:00,398.8900146484375,399.1000061035156,398.8067932128906,398.9700012207031,9184
2026-09-18 14:09:00+00:00,398.989990234375,399.0899963378906,398.94000244140625,398.94000244140625,27093
2026-09-18 14:10:00+00:00,398.9949951171875,399.2250061035156,398.9750061035156,399.2250061035156,8681
2026-09-18 14:11:00+00:00,399.2900085449219,399.3599853515625,399.20001220703125,399.260009765625,8841
2026-09-18 14:12:00+00:00,399.2699890136719,399.3299865722656,399.125,399.2749938964844,11218
2026-09-18 14:13:00+00:00,399.3399963378906,399.3399963378906,399.1050109863281,399.1050109863281,6471
2026-09-18 14:14:00+00:00,399.04998779296875,399.1499938964844,398.9200134277344,398.9200134277344,12531
2026-09-18 14:15:00+00:00,398.9200134277344,399.1700134277344,398.9200134277344,399.0450134277344,5846
2026-09-18 14:16:00+00:00,399.06500244140625,399.17999267578125,399.0,399.0450134277344,28476
2026-09-18 14:17:00+00:00,399.05999755859375,399.2200927734375,399.05999755859375,399.07000732421875,3695
2026-09-18 14:18:00+00:00,398.9599914550781,398.989990234375,398.7699890136719,398.8500061035156,7828
2026-09-18 14:19:00+00:00,398.82000732421875,398.92498779296875,398.5400085449219,398.6300048828125,127124
2026-09-18 14:20:00+00:00,398.6099853515625,398.6099853515625,398.19500732421875,398.2300109863281,25603
2026-09-18 14:21:00+00:00,398.25,398.4800109863281,398.25,398.43499755859375,15415
2026-09-18 14:22:00+00:00,398.3900146484375,398.8900146484375,398.3900146484375,398.8800048828125,17204
2026-09-18 14:23:00+00:00,398.8384094238281,399.0400085449219,398.8384094238281,399.010009765625,12874
2026-09-18 14:24:00+00:00,399.0400085449219,399.0799865722656,398.8800048828125,399.0299987792969,7569
2026-09-18 14:25:00+00:00,399.010009765625,399.1531982421875,398.75,398.75,38351
2026-09-18 14:26:00+00:00,398.70001220703125,398.80999755859375,398.57000732421875,398.57000732421875,5009
2026-09-18 14:27:00+00:00,398.5899963378906,398.650390625,398.5199890136719,398.6199951171875,7700
2026-09-18 14:28:00+00:00,398.6099853515625,398.6099853515625,398.3299865722656,398.3800048828125,6600
2026-09-18 14:29:00+00:00,398.3599853515625,398.3900146484375,398.1405029296875,398.17999267578125,8733
2026-09-18 14:30:00+00:00,398.1700134277344,398.4989013671875,398.1300048828125,398.3900146484375,32073
2026-09-18 14:31:00+00:00,398.3800048828125,398.489990234375,398.2699890136719,398.2850036621094,3589
2026-09-18 14:32:00+00:00,398.30999755859375,398.4750061035156,398.20001220703125,398.4750061035156,6129
2026-09-18 14:33:00+00:00,398.3800048828125,398.5799865722656,398.32501220703125,398.54998779296875,17713
2026-09-18 14:34:00+00:00,398.5,398.54998779296875,398.32000732421875,398.54998779296875,6711
2026-09-18 14:35:00+00:00,398.5400085449219,398.5400085449219,398.2900085449219,398.3399963378906,3498
2026-09-18 14:36:00+00:00,398.3999938964844,398.4595031738281,398.2799987792969,398.4595031738281,5965
2026-09-18 14:37:00+00:00,398.3699951171875,398.6600036621094,398.3699951171875,398.60198974609375,7302
2026-09-18 14:38:00+00:00,398.5799865722656,398.79998779296875,398.54998779296875,398.760009765625,8492
2026-09-18 14:39:00+00:00,398.7699890136719,399.16009521484375,398.7699890136719,399.07501220703125,21612
2026-09-18 14:40:00+00:00,399.0400085449219,399.1099853515625,399.0199890136719,399.05499267578125,9036
2026-09-18 14:41:00+00:00,399.0799865722656,399.1099853515625,398.94000244140625,399.0,8981
2026-09-18 14:42:00+00:00,399.0,399.239990234375,399.0,399.1400146484375,6657
2026-09-18 14:43:00+00:00,398.9700012207031,399.0299987792969,398.8599853515625,398.8999938964844,9726
2026-09-18 14:44:00+00:00,398.8699951171875,399.1199951171875,398.864990234375,399.1199951171875,4150
2026-09-18 14:45:00+00:00,399.07000732421875,399.0799865722656,398.92999267578125,399.010009765625,36266
2026-09-18 14:46:00+00:00,399.010009765625,399.260009765625,399.010009765625,399.07000732421875,32802
2026-09-18 14:47:00+00:00,399.05999755859375,399.1600036621094,398.94000244140625,398.94000244140625,10468
2026-09-18 14:48:00+00:00,398.989990234375,399.1549987792969,398.9700012207031,399.1400146484375,4245
2026-09-18 14:49:00+00:00,399.1593017578125,399.3500061035156,399.1593017578125,399.260009765625,31224
2026-09-18 14:50:00+00:00,399.2200012207031,399.510009765625,399.20001220703125,399.4800109863281,344858
2026-09-18 14:51:00+00:00,399.4649963378906,399.82000732421875,399.4100036621094,399.79998779296875,645483
2026-09-18 14:52:00+00:00,399.8299865722656,399.885009765625,399.7099914550781,399.8299865722656,459716
2026-09-18 14:53:00+00:00,399.79998779296875,399.79998779296875,399.5,399.6000061035156,16638
2026-09-18 14:54:00+00:00,399.6199951171875,399.6689147949219,399.54998779296875,399.54998779296875,4340
2026-09-18 14:55:00+00:00,399.5899963378906,399.6199951171875,399.4800109863281,399.510009765625,5804
2026-09-18 14:56:00+00:00,399.5199890136719,399.7264099121094,399.4700012207031,399.64990234375,4783
2026-09-18 14:57:00+00:00,399.6499938964844,399.6499938964844,399.4612121582031,399.4612121582031,10660
2026-09-18 14:58:00+00:00,399.50830078125,399.54998779296875,399.19500732421875,399.20001220703125,8132
2026-09-18 14:59:00+00:00,399.20001220703125,399.25750732421875,399.0299987792969,399.07501220703125,9731
2026-09-18 15:00:00+00:00,399.125,399.19000244140625,399.07000732421875,399.1400146484375,9418
2026-09-18 15:01:00+00:00,399.1400146484375,399.3299865722656,399.1300048828125,399.2500915527344,46877
2026-09-18 15:02:00+00:00,399.18499755859375,399.2900085449219,399.1400146484375,399.2099914550781,6466
2026-09-18 15:03:00+00:00,399.2300109863281,399.25689697265625,399.0249938964844,399.25689697265625,7926
2026-09-18 15:04:00+00:00,399.1700134277344,399.25,399.1000061035156,399.1300048828125,2954
2026-09-18 15:05:00+00:00,399.1700134277344,399.239990234375,399.1199951171875,399.2099914550781,0
2026-09-18 15:06:00+00:00,399.2099914550781,399.3900146484375,399.0899963378906,399.2900085449219,11826
2026-09-18 15:07:00+00:00,399.2799987792969,399.30999755859375,399.2200012207031,399.2900085449219,5379
2026-09-18 15:08:00+00:00,399.29998779296875,399.29998779296875,399.1549987792969,399.1549987792969,6382
2026-09-18 15:09:00+00:00,399.2099914550781,399.2099914550781,398.8399963378906,398.8500061035156,10473
2026-09-18 15:10:00+00:00,398.82501220703125,398.92999267578125,398.7900085449219,398.9100036621094,5298
2026-09-18 15:11:00+00:00,398.9200134277344,398.93499755859375,398.7300109863281,398.7699890136719,8540
2026-09-18 15:12:00+00:00,398.7699890136719,398.7699890136719,398.6099853515625,398.67999267578125,6880
2026-09-18 15:13:00+00:00,398.7099914550781,398.95001220703125,398.70001220703125,398.95001220703125,6343
2026-09-18 15:14:00+00:00,398.8999938964844,399.04290771484375,398.8999938964844,398.9800109863281,7915
2026-09-18 15:15:00+00:00,398.9700012207031,399.1499938964844,398.9700012207031,399.0899963378906,10806
2026-09-18 15:16:00+00:00,399.07000732421875,399.1238098144531,398.9800109863281,398.9800109863281,8787
2026-09-18 15:17:00+00:00,398.9700012207031,399.0799865722656,398.93499755859375,398.9800109863281,5585
2026-09-18 15:18:00+00:00,399.0199890136719,399.1650085449219,398.9905090332031,399.0101013183594,4065
2026-09-18 15:19:00+00:00,399.0400085449219,399.30999755859375,399.0400085449219,399.29998779296875,7128
2026-09-18 15:20:00+00:00,399.2900085449219,399.2900085449219,399.1235046386719,399.1235046386719,8450
2026-09-18 15:21:00+00:00,399.135009765625,399.135009765625,399.010009765625,399.0400085449219,5647
2026-09-18 15:22:00+00:00,399.0299987792969,399.1700134277344,398.9800109863281,399.1300048828125,12298
2026-09-18 15:23:00+00:00,399.1300048828125,399.3299865722656,399.1300048828125,399.25,7176
2026-09-18 15:24:00+00:00,399.2200012207031,399.2699890136719,399.1650085449219,399.20001220703125,3198
2026-09-18 15:25:00+00:00,399.2200012207031,399.2900085449219,399.1499938964844,399.17999267578125,174780
2026-09-18 15:26:00+00:00,399.1700134277344,399.32000732421875,399.1700134277344,399.260009765625,8294
2026-09-18 15:27:00+00:00,399.2699890136719,399.3999938964844,399.25,399.25,38639
2026-09-18 15:28:00+00:00,399.2699890136719,399.3099060058594,399.2099914550781,399.25,8925
2026-09-18 15:29:00+00:00,399.2300109863281,399.45001220703125,399.2099914550781,399.3999938964844,6846
2026-09-18 15:30:00+00:00,399.3949890136719,399.44000244140625,399.25,399.3399963378906,24635
2026-09-18 15:31:00+00:00,399.3699951171875,399.4100036621094,399.2699890136719,399.32000732421875,7079
2026-09-18 15:32:00+00:00,399.29998779296875,399.29998779296875,399.1499938964844,399.2007141113281,8857
2026-09-18 15:33:00+00:00,399.2099914550781,399.37890625,399.1499938964844,399.3450012207031,8167
2026-09-18 15:34:00+00:00,399.32000732421875,399.4200134277344,399.30499267578125,399.3599853515625,19753
2026-09-18 15:35:00+00:00,399.3550109863281,399.4800109863281,399.3399963378906,399.4800109863281,6304
2026-09-18 15:36:00+00:00,399.42950439453125,399.4599914550781,399.3599853515625,399.4100036621094,2729
2026-09-18 15:37:00+00:00,399.3800048828125,399.3999938964844,399.1650085449219,399.17498779296875,17683
2026-09-18 15:38:00+00:00,399.17999267578125,399.20001220703125,399.05999755859375,399.05999755859375,16883
2026-09-18 15:39:00+00:00,399.0799865722656,399.1199951171875,398.9100036621094,398.93499755859375,11880
2026-09-18 15:40:00+00:00,398.9200134277344,398.92498779296875,398.80999755859375,398.8800048828125,4403
2026-09-18 15:41:00+00:00,398.8699951171875,398.8999938964844,398.7149963378906,398.82000732421875,8502
2026-09-18 15:42:00+00:00,398.8299865722656,398.8900146484375,398.7900085449219,398.8900146484375,2152
2026-09-18 15:43:00+00:00,398.8999938964844,399.1000061035156,398.8999938964844,399.0881042480469,12120
2026-09-18 15:44:00+00:00,399.0899963378906,399.3500061035156,399.08990478515625,399.25,5111
2026-09-18 15:45:00+00:00,399.2699890136719,399.32000732421875,399.17999267578125,399.1997985839844,6212
2026-09-18 15:46:00+00:00,399.19610595703125,399.44000244140625,399.19000244140625,399.42999267578125,5467
2026-09-18 15:47:00+00:00,399.45001220703125,399.5299072265625,399.3599853515625,399.3599853515625,2993
2026-09-18 15:48:00+00:00,399.3800048828125,399.510009765625,399.3399963378906,399.4049987792969,3993
2026-09-18 15:49:00+00:00,399.3900146484375,399.4700012207031,399.3399963378906,399.4200134277344,1437
2026-09-18 15:50:00+00:00,399.4599914550781,399.510009765625,399.29998779296875,399.510009765625,4591
2026-09-18 15:51:00+00:00,399.4700012207031,399.489990234375,399.3599853515625,399.3599853515625,2733
2026-09-18 15:52:00+00:00,399.3893127441406,399.3900146484375,399.260009765625,399.30999755859375,6039
2026-09-18 15:53:00+00:00,399.3299865722656,399.33990478515625,399.1300048828125,399.19000244140625,7066
2026-09-18 15:54:00+00:00,399.2200012207031,399.2300109863281,399.0400085449219,399.0899963378906,2786
2026-09-18 15:55:00+00:00,399.1401062011719,399.27508544921875,399.1300048828125,399.2749938964844,3293
2026-09-18 15:56:00+00:00,399.30999755859375,399.3999938964844,399.29998779296875,399.3999938964844,1864
2026-09-18 15:57:00+00:00,399.39990234375,399.3999938964844,399.30999755859375,399.3301086425781,1324
2026-09-18 15:58:00+00:00,399.30999755859375,399.3699951171875,399.2619934082031,399.30999755859375,5535
2026-09-18 15:59:00+00:00,399.31500244140625,399.5,399.29998779296875,399.4599914550781,24858
2026-09-18 16:00:00+00:00,399.4700012207031,399.4750061035156,399.2900085449219,399.3236999511719,16454
2026-09-18 16:01:00+00:00,399.3299865722656,399.3949890136719,399.29998779296875,399.3800048828125,2645
2026-09-18 16:02:00+00:00,399.42999267578125,399.4599914550781,399.3699951171875,399.42999267578125,2606
2026-09-18 16:03:00+00:00,399.4200134277344,399.489990234375,399.3999938964844,399.4700012207031,5222
2026-09-18 16:04:00+00:00,399.4599914550781,399.4812927246094,399.42999267578125,399.4700012207031,5362
2026-09-18 16:05:00+00:00,399.4800109863281,399.6099853515625,399.4800109863281,399.6099853515625,5321
2026-09-18 16:06:00+00:00,399.6099853515625,399.6300048828125,399.5199890136719,399.5899963378906,6882
2026-09-18 16:07:00+00:00,399.6099853515625,399.69000244140625,399.55999755859375,399.6099853515625,6830
2026-09-18 16:08:00+00:00,399.6300048828125,399.6499938964844,399.57000732421875,399.5899963378906,10642
2026-09-18 16:09:00+00:00,399.6099853515625,399.7699890136719,399.6099853515625,399.760009765625,4733
2026-09-18 16:10:00+00:00,399.7900085449219,399.7900085449219,399.7049865722656,399.7099914550781,2911
2026-09-18 16:11:00+00:00,399.7099914550781,399.94000244140625,399.7099914550781,399.94000244140625,8918
2026-09-18 16:12:00+00:00,399.9649963378906,400.19000244140625,399.94000244140625,400.1499938964844,14775
2026-09-18 16:13:00+00:00,400.1400146484375,400.1499938964844,399.8699951171875,399.8699951171875,11900
2026-09-18 16:14:00+00:00,399.8599853515625,399.93560791015625,399.80999755859375,399.9100036621094,8785
2026-09-18 16:15:00+00:00,399.8999938964844,399.8999938964844,399.760009765625,399.8800048828125,11247
2026-09-18 16:16:00+00:00,399.8999938964844,400.08990478515625,399.8999938964844,400.0,9063
2026-09-18 16:17:00+00:00,399.989990234375,400.0599060058594,399.9599914550781,400.0199890136719,6919
2026-09-18 16:18:00+00:00,400.0400085449219,400.1400146484375,400.010009765625,400.125,9720
2026-09-18 16:19:00+00:00,400.1499938964844,400.30999755859375,400.1499938964844,400.2799987792969,14658
2026-09-18 16:20:00+00:00,400.29998779296875,400.45001220703125,400.2900085449219,400.29998779296875,32795
2026-09-18 16:21:00+00:00,400.31500244140625,400.5299987792969,400.31500244140625,400.5299987792969,12970
2026-09-18 16:22:00+00:00,400.54998779296875,400.68499755859375,400.5350036621094,400.6700134277344,58280
2026-09-18 16:23:00+00:00,400.70001220703125,400.7200012207031,400.57000732421875,400.5899963378906,20495
2026-09-18 16:24:00+00:00,400.5899963378906,400.7699890136719,400.55999755859375,400.55999755859375,25267
2026-09-18 16:25:00+00:00,400.5950012207031,400.739990234375,400.54998779296875,400.739990234375,12422
2026-09-18 16:26:00+00:00,400.70001220703125,400.739990234375,400.5199890136719,400.55999755859375,8057
2026-09-18 16:27:00+00:00,400.510009765625,400.5199890136719,400.4100036621094,400.4800109863281,6668
2026-09-18 16:28:00+00:00,400.4700012207031,400.989990234375,400.4700012207031,400.9599914550781,28663
2026-09-18 16:29:00+00:00,400.95001220703125,401.4200134277344,400.95001220703125,401.32000732421875,35439
2026-09-18 16:30:00+00:00,401.29998779296875,401.32000732421875,401.1499938964844,401.239990234375,21771
2026-09-18 16:31:00+00:00,401.25,401.2699890136719,401.0400085449219,401.07879638671875,11616
2026-09-18 16:32:00+00:00,401.0899963378906,401.4761962890625,401.05999755859375,401.4761962890625,15572
2026-09-18 16:33:00+00:00,401.4800109863281,401.9075927734375,401.3299865722656,401.8699951171875,25559
2026-09-18 16:34:00+00:00,401.8800048828125,401.8800048828125,401.53729248046875,401.5400085449219,7330
2026-09-18 16:35:00+00:00,401.54998779296875,401.6400146484375,401.44000244140625,401.54998779296875,10961
2026-09-18 16:36:00+00:00,401.5199890136719,401.5799865722656,401.44000244140625,401.5199890136719,8301
2026-09-18 16:37:00+00:00,401.4949951171875,401.5,401.30999755859375,401.37530517578125,22451
2026-09-18 16:38:00+00:00,401.3800048828125,401.5299987792969,401.3800048828125,401.4599914550781,7372
2026-09-18 16:39:00+00:00,401.4700012207031,401.6000061035156,401.3299865722656,401.57000732421875,12291
2026-09-18 16:40:00+00:00,401.58380126953125,401.65411376953125,401.5199890136719,401.57000732421875,11888
2026-09-18 16:41:00+00:00,401.55999755859375,401.6400146484375,401.5299987792969,401.6099853515625,16900
2026-09-18 16:42:00+00:00,401.6000061035156,401.6400146484375,401.489990234375,401.5400085449219,17748
2026-09-18 16:43:00+00:00,401.54998779296875,401.6099853515625,401.3299865722656,401.3500061035156,11844
2026-09-18 16:44:00+00:00,401.3500061035156,401.45001220703125,401.3500061035156,401.3999938964844,32354
2026-09-18 16:45:00+00:00,401.3949890136719,401.5249938964844,401.3299865722656,401.5000915527344,8560
2026-09-18 16:46:00+00:00,401.5400085449219,401.5899963378906,401.32000732421875,401.32000732421875,10510
2026-09-18 16:47:00+00:00,401.3399963378906,401.5215148925781,401.2799987792969,401.510009765625,45981
2026-09-18 16:48:00+00:00,401.5,401.6499938964844,401.45001220703125,401.54998779296875,10623
2026-09-18 16:49:00+00:00,401.57000732421875,401.5899963378906,401.44000244140625,401.45001220703125,8562
2026-09-18 16:50:00+00:00,401.4649963378906,401.706298828125,401.4501037597656,401.4501037597656,10413
2026-09-18 16:51:00+00:00,401.46209716796875,401.510009765625,401.45001220703125,401.4800109863281,7359
2026-09-18 16:52:00+00:00,401.4800109863281,401.6199951171875,401.44000244140625,401.5932922363281,8182
2026-09-18 16:53:00+00:00,401.6300048828125,401.6700134277344,401.55999755859375,401.6700134277344,6901
2026-09-18 16:54:00+00:00,401.6600036621094,401.7099914550781,401.6499938964844,401.7099914550781,7580
2026-09-18 16:55:00+00:00,401.7200012207031,401.7803039550781,401.6700134277344,401.739990234375,10016
2026-09-18 16:56:00+00:00,401.7300109863281,401.82000732421875,401.7300109863281,401.760009765625,8025
2026-09-18 16:57:00+00:00,401.7799987792969,401.82000732421875,401.7300109863281,401.7900085449219,13260
2026-09-18 16:58:00+00:00,401.82000732421875,401.95001220703125,401.7200012207031,401.75,20156
2026-09-18 16:59:00+00:00,401.739990234375,401.8800048828125,401.6600036621094,401.8450012207031,28525
2026-09-18 17:00:00+00:00,401.8599853515625,402.0199890136719,401.8299865722656,401.92999267578125,22273
2026-09-18 17:01:00+00:00,401.9599914550781,402.05999755859375,401.82470703125,401.82470703125,19983
2026-09-18 17:02:00+00:00,401.8500061035156,401.92999267578125,401.75,401.92999267578125,25059
2026-09-18 17:03:00+00:00,401.9599914550781,402.1700134277344,401.9599914550781,402.1600036621094,18709
2026-09-18 17:04:00+00:00,402.1600036621094,402.1600036621094,401.989990234375,401.989990234375,12977
2026-09-18 17:05:00+00:00,402.0,402.1099853515625,401.99951171875,402.07000732421875,8207
2026-09-18 17:06:00+00:00,402.05999755859375,402.1300048828125,402.0400085449219,402.07000732421875,8144
2026-09-18 17:07:00+00:00,402.04998779296875,402.2200012207031,402.0199890136719,402.19989013671875,9705
2026-09-18 17:08:00+00:00,402.20001220703125,402.2099914550781,402.12249755859375,402.17999267578125,16339
2026-09-18 17:09:00+00:00,402.17999267578125,402.2699890136719,402.1700134277344,402.18499755859375,23667
2026-09-18 17:10:00+00:00,402.20001220703125,402.25,402.07000732421875,402.1600036621094,25656
2026-09-18 17:11:00+00:00,402.17498779296875,402.2300109863281,402.05999755859375,402.2300109863281,35723
2026-09-18 17:12:00+00:00,402.20001220703125,402.20001220703125,401.9104919433594,401.92999267578125,10489
2026-09-18 17:13:00+00:00,401.92999267578125,402.20001220703125,401.8949890136719,402.1600036621094,20897
2026-09-18 17:14:00+00:00,402.1296081542969,402.2074890136719,402.0400085449219,402.1099853515625,11263
2026-09-18 17:15:00+00:00,402.1050109863281,402.19000244140625,402.0899963378906,402.1781921386719,36741
2026-09-18 17:16:00+00:00,402.1899108886719,402.32000732421875,402.1400146484375,402.239990234375,22030
2026-09-18 17:17:00+00:00,402.23968505859375,402.3500061035156,402.17999267578125,402.3299865722656,27793
2026-09-18 17:18:00+00:00,402.3299865722656,402.44000244140625,402.139892578125,402.139892578125,21579
2026-09-18 17:19:00+00:00,402.1499938964844,402.2200012207031,402.1199951171875,402.1499938964844,18231
2026-09-18 17:20:00+00:00,402.1549987792969,402.1549987792969,401.9501037597656,401.9750061035156,10780
2026-09-18 17:21:00+00:00,402.0,402.06500244140625,401.902099609375,401.92498779296875,8385
2026-09-18 17:22:00+00:00,401.94000244140625,402.0199890136719,401.9200134277344,401.9599914550781,14502
2026-09-18 17:23:00+00:00,401.9599914550781,401.9800109863281,401.8999938964844,401.92999267578125,10365
2026-09-18 17:24:00+00:00,401.8900146484375,401.9800109863281,401.87469482421875,401.94000244140625,4916
2026-09-18 17:25:00+00:00,401.92059326171875,402.0400085449219,401.80010986328125,402.0400085449219,102005
2026-09-18 17:26:00+00:00,402.04998779296875,402.19000244140625,402.0199890136719,402.19000244140625,11657
2026-09-18 17:27:00+00:00,402.19000244140625,402.239990234375,402.1499938964844,402.1600036621094,9775
2026-09-18 17:28:00+00:00,402.1759948730469,402.2200012207031,402.0400085449219,402.05999755859375,6088
2026-09-18 17:29:00+00:00,402.0849914550781,402.239990234375,402.0400085449219,402.239990234375,5146
2026-09-18 17:30:00+00:00,402.2300109863281,402.2300109863281,402.0791015625,402.19000244140625,18467
2026-09-18 17:31:00+00:00,402.20001220703125,402.2799987792969,402.1499938964844,402.1600036621094,6335
2026-09-18 17:32:00+00:00,402.1549987792969,402.2200012207031,402.1099853515625,402.2200012207031,5490
2026-09-18 17:33:00+00:00,402.237548828125,402.4153137207031,402.237548828125,402.3699951171875,5690
2026-09-18 17:34:00+00:00,402.3861999511719,402.75,402.380615234375,402.7300109863281,17383
2026-09-18 17:35:00+00:00,402.75,402.7799987792969,402.70001220703125,402.7250061035156,26904
2026-09-18 17:36:00+00:00,402.7300109863281,403.04998779296875,402.7300109863281,403.0,38476
2026-09-18 17:37:00+00:00,403.0199890136719,403.05999755859375,402.8399963378906,402.8500061035156,14670
2026-09-18 17:38:00+00:00,402.8800048828125,402.9200134277344,402.82501220703125,402.9200134277344,15119
2026-09-18 17:39:00+00:00,402.9150085449219,402.9150085449219,402.760009765625,402.82000732421875,15243
2026-09-18 17:40:00+00:00,402.8399963378906,403.0,402.7449951171875,402.9200134277344,16731
2026-09-18 17:41:00+00:00,402.94000244140625,403.0400085449219,402.79998779296875,403.0,47048
2026-09-18 17:42:00+00:00,402.9599914550781,403.1199951171875,402.8699951171875,403.1199951171875,29105
2026-09-18 17:43:00+00:00,403.1300048828125,403.1300048828125,402.7300109863281,402.7699890136719,30742
2026-09-18 17:44:00+00:00,402.75,402.8599853515625,402.739990234375,402.80999755859375,34064
2026-09-18 17:45:00+00:00,402.7699890136719,402.8399963378906,402.7137145996094,402.8299865722656,51529
2026-09-18 17:46:00+00:00,402.8299865722656,402.94000244140625,402.79998779296875,402.8999938964844,11795
2026-09-18 17:47:00+00:00,402.9100036621094,403.04998779296875,402.9100036621094,403.0400085449219,15320
2026-09-18 17:48:00+00:00,403.010009765625,403.0899963378906,402.989990234375,403.07000732421875,23295
2026-09-18 17:49:00+00:00,403.0350036621094,403.05999755859375,402.92498779296875,402.9967956542969,12239
2026-09-18 17:50:00+00:00,403.0199890136719,403.1499938964844,402.95001220703125,403.0199890136719,21559
2026-09-18 17:51:00+00:00,403.0400085449219,403.05999755859375,402.8800048828125,402.8900146484375,20542
2026-09-18 17:52:00+00:00,402.8800048828125,402.9800109863281,402.8599853515625,402.8999938964844,19503
2026-09-18 17:53:00+00:00,402.9100036621094,402.92999267578125,402.8399963378906,402.9200134277344,13550
2026-09-18 17:54:00+00:00,402.8999938964844,402.9200134277344,402.79998779296875,402.8399963378906,6388
2026-09-18 17:55:00+00:00,402.8299865722656,402.8500061035156,402.7900085449219,402.8399963378906,11090
2026-09-18 17:56:00+00:00,402.8399963378906,402.9700012207031,402.7818908691406,402.9200134277344,7432
2026-09-18 17:57:00+00:00,402.92999267578125,402.9599914550781,402.85009765625,402.85009765625,8930
2026-09-18 17:58:00+00:00,402.8349914550781,402.8349914550781,402.7701110839844,402.7850036621094,2339
2026-09-18 17:59:00+00:00,402.79998779296875,402.8590087890625,402.79998779296875,402.80999755859375,7704
2026-09-18 18:00:00+00:00,402.82501220703125,402.8699951171875,402.69000244140625,402.70001220703125,6395
2026-09-18 18:01:00+00:00,402.7300109863281,402.8550109863281,402.69000244140625,402.8299865722656,9794
2026-09-18 18:02:00+00:00,402.79998779296875,402.82000732421875,402.7200012207031,402.74798583984375,17412
2026-09-18 18:03:00+00:00,402.75,402.80999755859375,402.7099914550781,402.760009765625,15631
2026-09-18 18:04:00+00:00,402.7699890136719,402.79998779296875,402.7344055175781,402.739990234375,237200
2026-09-18 18:05:00+00:00,402.7550048828125,402.7799987792969,402.6000061035156,402.6000061035156,12662
2026-09-18 18:06:00+00:00,402.6199951171875,402.6400146484375,402.5,402.510009765625,7781
2026-09-18 18:07:00+00:00,402.510009765625,402.7699890136719,402.510009765625,402.7699890136719,115215
2026-09-18 18:08:00+00:00,402.7799072265625,402.8999938964844,402.6199951171875,402.6300048828125,13199
2026-09-18 18:09:00+00:00,402.6300048828125,402.6300048828125,402.4599914550781,402.55499267578125,13496
2026-09-18 18:10:00+00:00,402.57000732421875,402.69000244140625,402.55999755859375,402.6499938964844,17310
2026-09-18 18:11:00+00:00,402.6400146484375,402.6400146484375,402.510009765625,402.55499267578125,17730
2026-09-18 18:12:00+00:00,402.55999755859375,402.6400146484375,402.5400085449219,402.6400146484375,10048
2026-09-18 18:13:00+00:00,402.6400146484375,402.7900085449219,402.54998779296875,402.7900085449219,14316
2026-09-18 18:14:00+00:00,402.7900085449219,402.7900085449219,402.67999267578125,402.7099914550781,7121
2026-09-18 18:15:00+00:00,402.739990234375,402.7699890136719,402.64801025390625,402.67999267578125,4297
2026-09-18 18:16:00+00:00,402.7099914550781,402.7099914550781,402.57000732421875,402.5979919433594,6685
2026-09-18 18:17:00+00:00,402.6000061035156,402.6000061035156,402.45001220703125,402.4700012207031,5613
2026-09-18 18:18:00+00:00,402.5,402.54998779296875,402.42010498046875,402.4700012207031,6556
2026-09-18 18:19:00+00:00,402.4599914550781,402.57000732421875,402.4599914550781,402.57000732421875,8764
2026-09-18 18:20:00+00:00,402.54998779296875,402.55999755859375,402.4949951171875,402.5299987792969,7505
2026-09-18 18:21:00+00:00,402.5400085449219,402.57000732421875,402.4800109863281,402.5,7500
2026-09-18 18:22:00+00:00,402.510009765625,402.6300048828125,402.4916076660156,402.5799865722656,5962
2026-09-18 18:23:00+00:00,402.5899963378906,402.6099853515625,402.4686279296875,402.5,4919
2026-09-18 18:24:00+00:00,402.489990234375,402.510009765625,402.4342041015625,402.4599914550781,4022
2026-09-18 18:25:00+00:00,402.489990234375,402.54998779296875,402.4700012207031,402.5299987792969,8697
2026-09-18 18:26:00+00:00,402.5,402.54998779296875,402.489990234375,402.5,4096
2026-09-18 18:27:00+00:00,402.4800109863281,402.6000061035156,402.4601135253906,402.5299987792969,34118
2026-09-18 18:28:00+00:00,402.5,402.5199890136719,402.4700012207031,402.4800109863281,10003
2026-09-18 18:29:00+00:00,402.489990234375,402.5899963378906,402.489990234375,402.55999755859375,19709
2026-09-18 18:30:00+00:00,402.5799865722656,402.5899963378906,402.3599853515625,402.3900146484375,25361
2026-09-18 18:31:00+00:00,402.3999938964844,402.4100036621094,402.260009765625,402.2699890136719,10461
2026-09-18 18:32:00+00:00,402.2550048828125,402.3999938964844,402.2550048828125,402.32000732421875,9228
2026-09-18 18:33:00+00:00,402.32000732421875,402.3599853515625,402.2799987792969,402.3299865722656,11136
2026-09-18 18:34:00+00:00,402.30999755859375,402.3500061035156,402.2853698730469,402.3299865722656,8849
2026-09-18 18:35:00+00:00,402.32000732421875,402.3500061035156,402.29998779296875,402.3399963378906,6598
2026-09-18 18:36:00+00:00,402.3450012207031,402.3450012207031,402.260009765625,402.3053894042969,9383
2026-09-18 18:37:00+00:00,402.3299865722656,402.3299865722656,402.2676086425781,402.2799987792969,5989
2026-09-18 18:38:00+00:00,402.2799987792969,402.29998779296875,402.1199951171875,402.12890625,11821
2026-09-18 18:39:00+00:00,402.1499938964844,402.1499938964844,402.05999755859375,402.05999755859375,7978
2026-09-18 18:40:00+00:00,402.05999755859375,402.0700988769531,401.989990234375,402.0299987792969,20836
2026-09-18 18:41:00+00:00,402.0299987792969,402.0400085449219,401.94000244140625,401.989990234375,29429
2026-09-18 18:42:00+00:00,401.9800109863281,402.010009765625,401.82000732421875,401.8800048828125,28545
2026-09-18 18:43:00+00:00,401.8599853515625,401.989990234375,401.8399963378906,401.8949890136719,17660
2026-09-18 18:44:00+00:00,401.8800048828125,401.8800048828125,401.6700134277344,401.7099914550781,28007
2026-09-18 18:45:00+00:00,401.67999267578125,401.7099914550781,401.6000061035156,401.62109375,11150
2026-09-18 18:46:00+00:00,401.6199951171875,401.760009765625,401.6000061035156,401.760009765625,8854
2026-09-18 18:47:00+00:00,401.739990234375,401.94000244140625,401.739990234375,401.8800048828125,14551
2026-09-18 18:48:00+00:00,401.8500061035156,401.94000244140625,401.8399963378906,401.85009765625,10652
2026-09-18 18:49:00+00:00,401.8500061035156,401.8900146484375,401.7850036621094,401.875,7554
2026-09-18 18:50:00+00:00,401.875,401.94000244140625,401.8399963378906,401.9049987792969,10011
2026-09-18 18:51:00+00:00,401.9049987792969,401.9200134277344,401.739990234375,401.75,6513
2026-09-18 18:52:00+00:00,401.7749938964844,401.7749938964844,401.6499938964844,401.70001220703125,9436
2026-09-18 18:53:00+00:00,401.70001220703125,401.7998962402344,401.6499938964844,401.7149963378906,12297
2026-09-18 18:54:00+00:00,401.7200012207031,401.7349853515625,401.6199951171875,401.625,5580
2026-09-18 18:55:00+00:00,401.6099853515625,401.7300109863281,401.55999755859375,401.69000244140625,10710
2026-09-18 18:56:00+00:00,401.7099914550781,401.7699890136719,401.7099914550781,401.7099914550781,11500
2026-09-18 18:57:00+00:00,401.7099914550781,401.7799987792969,401.7049865722656,401.760009765625,8706
2026-09-18 18:58:00+00:00,401.7300109863281,401.80999755859375,401.70001220703125,401.7850036621094,52775
2026-09-18 18:59:00+00:00,401.7699890136719,401.81500244140625,401.6499938964844,401.79998779296875,39959
2026-09-18 19:00:00+00:00,401.80999755859375,401.8500061035156,401.7500915527344,401.7716979980469,14600
2026-09-18 19:01:00+00:00,401.7900085449219,401.7900085449219,401.614990234375,401.6499938964844,6812
2026-09-18 19:02:00+00:00,401.635009765625,401.6400146484375,401.5450134277344,401.6300048828125,14717
2026-09-18 19:03:00+00:00,401.6400146484375,401.7149963378906,401.6000061035156,401.7149963378906,15218
2026-09-18 19:04:00+00:00,401.7149963378906,401.8970947265625,401.7149963378906,401.819091796875,8914
2026-09-18 19:05:00+00:00,401.82000732421875,401.9898986816406,401.82000732421875,401.9800109863281,12848
2026-09-18 19:06:00+00:00,401.9750061035156,402.0199890136719,401.93499755859375,401.95001220703125,18205
2026-09-18 19:07:00+00:00,401.9599914550781,401.9599914550781,401.7650146484375,401.82000732421875,19169
2026-09-18 19:08:00+00:00,401.8500061035156,401.92999267578125,401.8299865722656,401.9200134277344,18116
2026-09-18 19:09:00+00:00,401.95001220703125,402.0570068359375,401.95001220703125,402.0199890136719,12549
2026-09-18 19:10:00+00:00,402.0375061035156,402.04998779296875,401.9700012207031,402.0299987792969,7597
2026-09-18 19:11:00+00:00,402.0474853515625,402.1075134277344,402.0,402.0799865722656,8664
2026-09-18 19:12:00+00:00,402.0874938964844,402.1400146484375,402.0,402.0299987792969,10780
2026-09-18 19:13:00+00:00,402.0400085449219,402.0400085449219,401.8999938964844,401.9100036621094,10310
2026-09-18 19:14:00+00:00,401.9200134277344,402.0299987792969,401.9049987792969,402.010009765625,9906
2026-09-18 19:15:00+00:00,402.0249938964844,402.0299987792969,401.9599914550781,402.0199890136719,9909
2026-09-18 19:16:00+00:00,402.0350036621094,402.04901123046875,401.9800109863281,402.0400085449219,7715
2026-09-18 19:17:00+00:00,402.0487060546875,402.04998779296875,401.95001220703125,401.989990234375,13560
2026-09-18 19:18:00+00:00,401.99749755859375,401.99749755859375,401.82000732421875,401.8489990234375,10389
2026-09-18 19:19:00+00:00,401.82501220703125,401.8299865722656,401.7799987792969,401.7900085449219,9987
2026-09-18 19:20:00+00:00,401.7900085449219,401.8299865722656,401.7699890136719,401.8299865722656,6510
2026-09-18 19:21:00+00:00,401.8399963378906,401.8999938964844,401.8299865722656,401.8800048828125,9084
2026-09-18 19:22:00+00:00,401.8800048828125,401.8900146484375,401.80999755859375,401.8299865722656,8461
2026-09-18 19:23:00+00:00,401.8399963378906,401.9150085449219,401.7900085449219,401.8699951171875,13075
2026-09-18 19:24:00+00:00,401.8800048828125,401.9299011230469,401.79998779296875,401.8500061035156,14548
2026-09-18 19:25:00+00:00,401.82000732421875,401.8500061035156,401.6700134277344,401.6700134277344,15364
2026-09-18 19:26:00+00:00,401.6700134277344,401.67999267578125,401.5400085449219,401.54901123046875,17902
2026-09-18 19:27:00+00:00,401.54998779296875,401.5899963378906,401.5,401.5799865722656,6675
2026-09-18 19:28:00+00:00,401.5899963378906,401.67999267578125,401.55999755859375,401.6700134277344,22225
2026-09-18 19:29:00+00:00,401.69000244140625,401.69000244140625,401.6289978027344,401.6499938964844,11575
2026-09-18 19:30:00+00:00,401.6549987792969,401.70001220703125,401.6000061035156,401.67999267578125,42291
2026-09-18 19:31:00+00:00,401.69000244140625,401.7200012207031,401.6600036621094,401.67999267578125,6511
2026-09-18 19:32:00+00:00,401.6700134277344,401.760009765625,401.6499938964844,401.7511901855469,10811
2026-09-18 19:33:00+00:00,401.760009765625,401.80999755859375,401.67999267578125,401.7300109863281,26741
2026-09-18 19:34:00+00:00,401.7200012207031,401.739990234375,401.6000061035156,401.6000061035156,13970
2026-09-18 19:35:00+00:00,401.5899963378906,401.6400146484375,401.5400085449219,401.614990234375,21906
2026-09-18 19:36:00+00:00,401.6099853515625,401.7200012207031,401.6000061035156,401.7149963378906,12376
2026-09-18 19:37:00+00:00,401.7200012207031,401.7300109863281,401.6871032714844,401.7200012207031,8346
2026-09-18 19:38:00+00:00,401.7200012207031,401.7349853515625,401.7099914550781,401.7250061035156,6806
2026-09-18 19:39:00+00:00,401.7200012207031,401.80999755859375,401.7099914550781,401.75,20569
2026-09-18 19:40:00+00:00,401.7650146484375,401.7699890136719,401.6400146484375,401.7099914550781,61648
2026-09-18 19:41:00+00:00,401.7149963378906,401.80999755859375,401.69000244140625,401.80999755859375,13520
2026-09-18 19:42:00+00:00,401.79998779296875,401.82000732421875,401.67498779296875,401.70001220703125,23923
2026-09-18 19:43:00+00:00,401.7099914550781,401.760009765625,401.70001220703125,401.75,10348
2026-09-18 19:44:00+00:00,401.75,401.7799987792969,401.7099914550781,401.7300109863281,20407
2026-09-18 19:45:00+00:00,401.739990234375,401.75,401.67999267578125,401.75,26986
2026-09-18 19:46:00+00:00,401.75,401.875,401.69000244140625,401.8450012207031,18504
2026-09-18 19:47:00+00:00,401.8699951171875,401.8900146484375,401.79998779296875,401.8299865722656,17321
2026-09-18 19:48:00+00:00,401.81500244140625,401.8699951171875,401.67999267578125,401.7099914550781,44920
2026-09-18 19:49:00+00:00,401.69500732421875,401.7799987792969,401.66241455078125,401.7650146484375,50441
2026-09-18 19:50:00+00:00,401.760009765625,401.7799987792969,401.6700134277344,401.6700134277344,49607
2026-09-18 19:51:00+00:00,401.6700134277344,401.69000244140625,401.6000061035156,401.614990234375,47725
2026-09-18 19:52:00+00:00,401.6123046875,401.6199035644531,401.3800048828125,401.42999267578125,59305
2026-09-18 19:53:00+00:00,401.42999267578125,401.4599914550781,401.3900146484375,401.45001220703125,45038
2026-09-18 19:54:00+00:00,401.45001220703125,401.4599914550781,401.260009765625,401.2799987792969,53248
2026-09-18 19:55:00+00:00,401.2900085449219,401.4599914550781,401.2149963378906,401.2298889160156,65829
2026-09-18 19:56:00+00:00,401.2200012207031,401.260009765625,401.07000732421875,401.0899963378906,36027
2026-09-18 19:57:00+00:00,401.0799865722656,401.510009765625,401.0799865722656,401.4800109863281,71639
2026-09-18 19:58:00+00:00,401.4700012207031,401.4700012207031,401.25,401.2699890136719,80308
2026-09-18 19:59:00+00:00,401.260009765625,401.3500061035156,400.8999938964844,401.2300109863281,230640
2026-09-21 13:30:00+00:00,400.1650085449219,400.239990234375,399.6499938964844,399.7900085449219,422184
2026-09-21 13:31:00+00:00,399.7699890136719,400.0,399.6600036621094,399.8299865722656,10827
2026-09-21 13:32:00+00:00,399.79998779296875,399.8299865722656,399.2705993652344,399.32598876953125,33379
2026-09-21 13:33:00+00:00,399.3219909667969,399.3399963378906,399.07000732421875,399.1199951171875,16108
2026-09-21 13:34:00+00:00,399.0849914550781,399.2070007324219,399.05999755859375,399.135009765625,18220
2026-09-21 13:35:00+00:00,399.135009765625,399.3699951171875,399.07000732421875,399.1400146484375,74138
2026-09-21 13:36:00+00:00,399.1300048828125,399.3399963378906,398.9754943847656,399.29998779296875,27056
2026-09-21 13:37:00+00:00,399.2699890136719,399.3999938964844,399.2149963378906,399.32000732421875,15212
2026-09-21 13:38:00+00:00,399.20001220703125,399.2900085449219,399.0899963378906,399.0899963378906,13426
2026-09-21 13:39:00+00:00,399.05999755859375,399.2195129394531,398.95001220703125,399.18499755859375,16794
2026-09-21 13:40:00+00:00,399.1700134277344,399.30499267578125,399.1050109863281,399.2900085449219,12354
2026-09-21 13:41:00+00:00,399.2799987792969,399.39990234375,398.94000244140625,398.9801025390625,11004
2026-09-21 13:42:00+00:00,398.92999267578125,399.0150146484375,398.82000732421875,398.82000732421875,4832
2026-09-21 13:43:00+00:00,398.8399963378906,398.9100036621094,398.7699890136719,398.8949890136719,6614
2026-09-21 13:44:00+00:00,398.8999938964844,399.1499938964844,398.8999938964844,399.0700988769531,10244
2026-09-21 13:45:00+00:00,399.07000732421875,399.07000732421875,398.79998779296875,398.9599914550781,9044
2026-09-21 13:46:00+00:00,398.9549865722656,399.2300109863281,398.8299865722656,399.2300109863281,9784
2026-09-21 13:47:00+00:00,399.2200012207031,399.255615234375,399.0400085449219,399.0400085449219,12119
2026-09-21 13:48:00+00:00,399.04998779296875,399.1199951171875,398.79998779296875,398.8699951171875,10012
2026-09-21 13:49:00+00:00,398.8699951171875,399.3699951171875,398.8699951171875,399.35198974609375,9240
2026-09-21 13:50:00+00:00,399.3800048828125,399.3800048828125,399.04998779296875,399.1199951171875,19339
2026-09-21 13:51:00+00:00,399.114990234375,399.1400146484375,399.010009765625,399.0950012207031,22966
2026-09-21 13:52:00+00:00,399.0920104980469,399.2300109863281,398.8699951171875,398.90899658203125,15342
2026-09-21 13:53:00+00:00,398.8500061035156,398.8999938964844,398.75750732421875,398.82000732421875,9589
2026-09-21 13:54:00+00:00,398.8299865722656,398.8299865722656,398.67999267578125,398.67999267578125,12140
2026-09-21 13:55:00+00:00,398.6700134277344,398.7286071777344,398.54998779296875,398.69000244140625,22556
2026-09-21 13:56:00+00:00,398.6549987792969,398.7298889160156,398.5199890136719,398.69989013671875,13410
2026-09-21 13:57:00+00:00,398.70001220703125,398.8432922363281,398.67999267578125,398.79998779296875,10132
2026-09-21 13:58:00+00:00,398.760009765625,398.80999755859375,398.6034851074219,398.67999267578125,12190
2026-09-21 13:59:00+00:00,398.67999267578125,398.67999267578125,398.44000244140625,398.4599914550781,38966
2026-09-21 14:00:00+00:00,398.45001220703125,398.5199890136719,398.2200012207031,398.2601013183594,40791
2026-09-21 14:01:00+00:00,398.2699890136719,398.3699951171875,398.1600036621094,398.2749938964844,18588
2026-09-21 14:02:00+00:00,398.260009765625,398.2799987792969,397.68499755859375,397.9599914550781,54254
2026-09-21 14:03:00+00:00,397.9100036621094,397.9800109863281,396.6099853515625,396.6099853515625,176982
2026-09-21 14:04:00+00:00,396.6199951171875,397.2699890136719,396.6199951171875,396.67999267578125,69378
2026-09-21 14:05:00+00:00,396.75,396.8699951171875,396.3550109863281,396.4800109863281,33003
2026-09-21 14:06:00+00:00,396.45001220703125,396.8500061035156,396.3399963378906,396.8399963378906,36760
2026-09-21 14:07:00+00:00,396.80999755859375,397.32000732421875,396.70001220703125,397.25,25103
2026-09-21 14:08:00+00:00,397.2099914550781,397.32000732421875,397.0299987792969,397.260009765625,123605
2026-09-21 14:09:00+00:00,397.2699890136719,397.6700134277344,397.2550048828125,397.6300048828125,41124
2026-09-21 14:10:00+00:00,397.6600036621094,397.8299865722656,397.44000244140625,397.5,39791
2026-09-21 14:11:00+00:00,397.5299987792969,397.8299865722656,397.4700012207031,397.760009765625,54141
2026-09-21 14:12:00+00:00,397.760009765625,397.875,397.6600036621094,397.7699890136719,20312
2026-09-21 14:13:00+00:00,397.7699890136719,397.9700012207031,397.7300109863281,397.8599853515625,17921
2026-09-21 14:14:00+00:00,397.8399963378906,397.9800109863281,397.7699890136719,397.92138671875,21991
2026-09-21 14:15:00+00:00,397.92498779296875,398.010009765625,397.6600036621094,397.7300109863281,0
2026-09-21 14:16:00+00:00,397.7099914550781,397.8399963378906,397.69000244140625,397.7349853515625,14711
2026-09-21 14:17:00+00:00,397.7250061035156,397.7699890136719,397.5799865722656,397.60919189453125,20993
2026-09-21 14:18:00+00:00,397.6000061035156,397.70001220703125,397.5400085449219,397.6199951171875,14699
2026-09-21 14:19:00+00:00,397.5799865722656,397.7200012207031,397.54998779296875,397.6600036621094,14322
2026-09-21 14:20:00+00:00,397.6650085449219,397.7598876953125,397.3599853515625,397.42999267578125,24635
2026-09-21 14:21:00+00:00,397.3999938964844,397.739990234375,397.360107421875,397.625,21930
2026-09-21 14:22:00+00:00,397.5899963378906,397.7799987792969,397.5899963378906,397.67999267578125,15719
2026-09-21 14:23:00+00:00,397.6702880859375,397.6702880859375,397.489990234375,397.6300048828125,18240
2026-09-21 14:24:00+00:00,397.6300048828125,397.7200012207031,397.510009765625,397.6400146484375,19897
2026-09-21 14:25:00+00:00,397.6400146484375,397.8500061035156,397.54998779296875,397.8500061035156,26003
2026-09-21 14:26:00+00:00,397.84600830078125,397.92999267578125,397.6199951171875,397.7550048828125,35563
2026-09-21 14:27:00+00:00,397.739990234375,398.0199890136719,397.7099914550781,397.9100036621094,12384
2026-09-21 14:28:00+00:00,397.92999267578125,398.010009765625,397.80999755859375,397.8299865722656,29656
2026-09-21 14:29:00+00:00,397.8399963378906,398.1499938964844,397.8299865722656,398.0,19791
2026-09-21 14:30:00+00:00,397.9800109863281,398.20989990234375,397.885009765625,398.0400085449219,12249
2026-09-21 14:31:00+00:00,398.0299987792969,398.1099853515625,397.80999755859375,397.8299865722656,9976
2026-09-21 14:32:00+00:00,397.82000732421875,397.8599853515625,397.7099914550781,397.8299865722656,12038
2026-09-21 14:33:00+00:00,397.8500061035156,398.1300048828125,397.8500061035156,398.0600891113281,9754
2026-09-21 14:34:00+00:00,398.05999755859375,398.05999755859375,397.5400085449219,397.54998779296875,8764
2026-09-21 14:35:00+00:00,397.57000732421875,397.8349914550781,397.5400085449219,397.80999755859375,10023
2026-09-21 14:36:00+00:00,397.8999938964844,397.8999938964844,397.55999755859375,397.57000732421875,12596
2026-09-21 14:37:00+00:00,397.5299987792969,397.6958923339844,397.4599914550781,397.5299987792969,17677
2026-09-21 14:38:00+00:00,397.5249938964844,397.6300048828125,397.4800109863281,397.5,41264
2026-09-21 14:39:00+00:00,397.4999084472656,397.54998779296875,397.3800048828125,397.3800048828125,19820
2026-09-21 14:40:00+00:00,397.3854064941406,397.6400146484375,397.3854064941406,397.54998779296875,25143
2026-09-21 14:41:00+00:00,397.55999755859375,397.94000244140625,397.510009765625,397.6300048828125,48464
2026-09-21 14:42:00+00:00,397.6000061035156,397.6600036621094,397.45001220703125,397.5899963378906,38275
2026-09-21 14:43:00+00:00,397.6000061035156,397.6600036621094,397.3399963378906,397.3900146484375,12654
2026-09-21 14:44:00+00:00,397.3999938964844,397.3999938964844,397.1211853027344,397.1451110839844,22509
2026-09-21 14:45:00+00:00,397.1700134277344,397.55999755859375,397.1300048828125,397.4599914550781,35400
2026-09-21 14:46:00+00:00,397.4100036621094,397.57000732421875,397.3399963378906,397.57000732421875,16807
2026-09-21 14:47:00+00:00,397.55999755859375,397.79998779296875,397.5,397.7973937988281,6329
2026-09-21 14:48:00+00:00,397.8399963378906,397.9649963378906,397.58050537109375,397.58050537109375,4253
2026-09-21 14:49:00+00:00,397.6000061035156,397.6000061035156,397.45001220703125,397.54998779296875,7598
2026-09-21 14:50:00+00:00,397.6050109863281,397.7300109863281,397.510009765625,397.67498779296875,49198
2026-09-21 14:51:00+00:00,397.67999267578125,397.9800109863281,397.67999267578125,397.9100036621094,8904
2026-09-21 14:52:00+00:00,397.9100036621094,398.0199890136719,397.8349914550781,398.0199890136719,17158
2026-09-21 14:53:00+00:00,397.989990234375,398.1700134277344,397.94000244140625,397.9700012207031,14676
2026-09-21 14:54:00+00:00,398.0,398.1600036621094,398.0,398.1059875488281,5427
2026-09-21 14:55:00+00:00,398.1099853515625,398.1099853515625,397.7900085449219,397.82000732421875,13581
2026-09-21 14:56:00+00:00,397.8299865722656,397.8900146484375,397.7300109863281,397.80999755859375,5321
2026-09-21 14:57:00+00:00,397.79998779296875,397.79998779296875,397.5899963378906,397.6000061035156,3619
2026-09-21 14:58:00+00:00,397.5799865722656,397.75,397.4800109863281,397.67999267578125,13644
2026-09-21 14:59:00+00:00,397.6499938964844,397.80999755859375,397.6000061035156,397.7799987792969,4439
2026-09-21 15:00:00+00:00,397.7900085449219,398.0249938964844,397.7900085449219,397.9800109863281,5507
2026-09-21 15:01:00+00:00,397.989990234375,398.1199951171875,397.92999267578125,398.07000732421875,12222
2026-09-21 15:02:00+00:00,398.1099853515625,398.2900085449219,398.07000732421875,398.2900085449219,9398
2026-09-21 15:03:00+00:00,398.2699890136719,398.3953857421875,398.19000244140625,398.2699890136719,15496
2026-09-21 15:04:00+00:00,398.2699890136719,398.489990234375,398.2200012207031,398.489990234375,10434
2026-09-21 15:05:00+00:00,398.42999267578125,398.55999755859375,398.3900146484375,398.5299987792969,73945
2026-09-21 15:06:00+00:00,398.5299987792969,398.70001220703125,398.489990234375,398.5299987792969,27787
2026-09-21 15:07:00+00:00,398.5400085449219,398.66949462890625,398.510009765625,398.66949462890625,11829
2026-09-21 15:08:00+00:00,398.676513671875,398.676513671875,398.54998779296875,398.659912109375,6385
2026-09-21 15:09:00+00:00,398.6700134277344,398.80499267578125,398.5799865722656,398.80499267578125,7450
2026-09-21 15:10:00+00:00,398.82000732421875,398.8599853515625,398.6499938964844,398.7200012207031,12640
2026-09-21 15:11:00+00:00,398.7300109863281,398.8196105957031,398.5799865722656,398.6199951171875,9059
2026-09-21 15:12:00+00:00,398.6400146484375,398.70001220703125,398.54998779296875,398.69500732421875,6139
2026-09-21 15:13:00+00:00,398.70001220703125,398.79998779296875,398.6099853515625,398.760009765625,5380
2026-09-21 15:14:00+00:00,398.70001220703125,398.739990234375,398.6499938964844,398.7300109863281,17656
2026-09-21 15:15:00+00:00,398.739990234375,398.7799987792969,398.6400146484375,398.6600036621094,7168
2026-09-21 15:16:00+00:00,398.6799011230469,398.8349914550781,398.6700134277344,398.81182861328125,6742
2026-09-21 15:17:00+00:00,398.8399963378906,398.9100036621094,398.7300109863281,398.8800048828125,5838
2026-09-21 15:18:00+00:00,398.8550109863281,398.9194030761719,398.7250061035156,398.7900085449219,9270
2026-09-21 15:19:00+00:00,398.80999755859375,398.89990234375,398.7650146484375,398.7799987792969,6074
2026-09-21 15:20:00+00:00,398.7799987792969,398.8500061035156,398.7099914550781,398.739990234375,7147
2026-09-21 15:21:00+00:00,398.7373962402344,398.875,398.6700134277344,398.875,5071
2026-09-21 15:22:00+00:00,398.7699890136719,398.8395080566406,398.7300109863281,398.8299865722656,44141
2026-09-21 15:23:00+00:00,398.82000732421875,398.9100036621094,398.75,398.8999938964844,7240
2026-09-21 15:24:00+00:00,398.8900146484375,399.0,398.8399963378906,398.9200134277344,8455
2026-09-21 15:25:00+00:00,398.92999267578125,399.1098937988281,398.9200134277344,398.9599914550781,11950
2026-09-21 15:26:00+00:00,398.9700012207031,399.010009765625,398.8699951171875,398.8699951171875,6390
2026-09-21 15:27:00+00:00,398.8450012207031,398.94000244140625,398.7900085449219,398.8399963378906,8565
2026-09-21 15:28:00+00:00,398.80999755859375,398.95001220703125,398.7900085449219,398.95001220703125,8038
2026-09-21 15:29:00+00:00,398.95001220703125,398.96990966796875,398.8500061035156,398.8900146484375,3846
2026-09-21 15:30:00+00:00,398.8900146484375,399.0,398.8900146484375,398.8900146484375,2999
2026-09-21 15:31:00+00:00,398.8599853515625,398.92999267578125,398.79998779296875,398.8999938964844,2669
2026-09-21 15:32:00+00:00,398.9049987792969,399.07000732421875,398.9049987792969,398.92999267578125,11704
2026-09-21 15:33:00+00:00,398.95001220703125,399.17999267578125,398.95001220703125,399.1600036621094,1638
2026-09-21 15:34:00+00:00,399.1400146484375,399.19000244140625,399.1199951171875,399.17120361328125,6795
2026-09-21 15:35:00+00:00,399.17999267578125,399.20001220703125,399.04998779296875,399.04998779296875,4934
2026-09-21 15:36:00+00:00,399.0400085449219,399.3599853515625,399.0400085449219,399.2099914550781,14896
2026-09-21 15:37:00+00:00,399.2699890136719,399.2699890136719,398.9549865722656,398.989990234375,8035
2026-09-21 15:38:00+00:00,398.9989929199219,398.9989929199219,398.8900146484375,398.9150085449219,9368
2026-09-21 15:39:00+00:00,398.9150085449219,398.9200134277344,398.80999755859375,398.80999755859375,5709
2026-09-21 15:40:00+00:00,398.8299865722656,398.8800048828125,398.7091979980469,398.739990234375,9481
2026-09-21 15:41:00+00:00,398.7149963378906,398.82000732421875,398.67999267578125,398.7900085449219,18985
2026-09-21 15:42:00+00:00,398.7749938964844,398.8500061035156,398.6700134277344,398.7900085449219,12423
2026-09-21 15:43:00+00:00,398.739990234375,398.7850036621094,398.70001220703125,398.7049865722656,8554
2026-09-21 15:44:00+00:00,398.70001220703125,398.8599853515625,398.69000244140625,398.8399963378906,10851
2026-09-21 15:45:00+00:00,398.82000732421875,398.92999267578125,398.75,398.80999755859375,46768
2026-09-21 15:46:00+00:00,398.7749938964844,398.8699951171875,398.75,398.8450012207031,7280
2026-09-21 15:47:00+00:00,398.8599853515625,398.8900146484375,398.82000732421875,398.8800048828125,3004
2026-09-21 15:48:00+00:00,398.8900146484375,398.8900146484375,398.69000244140625,398.7200012207031,16211
2026-09-21 15:49:00+00:00,398.7099914550781,398.7099914550781,398.6099853515625,398.6499938964844,7130
2026-09-21 15:50:00+00:00,398.7049865722656,399.25,398.6499938964844,398.89471435546875,42636
2026-09-21 15:51:00+00:00,398.8699951171875,398.8999938964844,398.6700134277344,398.6719970703125,8151
2026-09-21 15:52:00+00:00,398.67999267578125,398.7200012207031,398.57000732421875,398.5799865722656,4871
2026-09-21 15:53:00+00:00,398.6099853515625,398.6099853515625,398.5199890136719,398.5899963378906,5018
2026-09-21 15:54:00+00:00,398.6300048828125,398.739990234375,398.6000061035156,398.6449890136719,7223
2026-09-21 15:55:00+00:00,398.6300048828125,398.75860595703125,398.57000732421875,398.7349853515625,12654
2026-09-21 15:56:00+00:00,398.7349853515625,398.82000732421875,398.7200012207031,398.7799987792969,6337
2026-09-21 15:57:00+00:00,398.7850036621094,398.7900085449219,398.55999755859375,398.6600036621094,8653
2026-09-21 15:58:00+00:00,398.6400146484375,398.67999267578125,398.55999755859375,398.6499938964844,5520
2026-09-21 15:59:00+00:00,398.6099853515625,398.6600036621094,398.5799865722656,398.6499938964844,2910
2026-09-21 16:00:00+00:00,398.67999267578125,398.69000244140625,398.3699951171875,398.4750061035156,16183
2026-09-21 16:01:00+00:00,398.4700012207031,398.6199951171875,398.44000244140625,398.5299987792969,10605
2026-09-21 16:02:00+00:00,398.5199890136719,398.7250061035156,398.5199890136719,398.7250061035156,2801
2026-09-21 16:03:00+00:00,398.7300109863281,398.92498779296875,398.7055969238281,398.85699462890625,7789
2026-09-21 16:04:00+00:00,398.8500061035156,398.9599914550781,398.8463134765625,398.8949890136719,2327
2026-09-21 16:05:00+00:00,398.8699951171875,398.9100036621094,398.79998779296875,398.81500244140625,5827
2026-09-21 16:06:00+00:00,398.82000732421875,398.9100036621094,398.75,398.82000732421875,7165
2026-09-21 16:07:00+00:00,398.80999755859375,399.3299865722656,398.760009765625,399.0799865722656,43738
2026-09-21 16:08:00+00:00,399.07000732421875,399.17498779296875,398.989990234375,399.0050048828125,12373
2026-09-21 16:09:00+00:00,399.0299987792969,399.2099914550781,398.8999938964844,399.20001220703125,70938
2026-09-21 16:10:00+00:00,399.239990234375,399.3699035644531,399.0997009277344,399.3550109863281,6239
2026-09-21 16:11:00+00:00,399.3299865722656,399.3500061035156,399.2200012207031,399.2887878417969,37842
2026-09-21 16:12:00+00:00,399.25,399.2698974609375,399.05999755859375,399.1499938964844,12748
2026-09-21 16:13:00+00:00,399.1400146484375,399.2650146484375,399.0350036621094,399.0350036621094,4019
2026-09-21 16:14:00+00:00,399.0199890136719,399.0199890136719,398.8399963378906,399.0198974609375,15259
2026-09-21 16:15:00+00:00,399.0299987792969,399.1499938964844,399.010009765625,399.1099853515625,12259
2026-09-21 16:16:00+00:00,399.1099853515625,399.2300109863281,399.05999755859375,399.2200012207031,8775
2026-09-21 16:17:00+00:00,399.2300109863281,399.239990234375,399.07501220703125,399.1600036621094,10849
2026-09-21 16:18:00+00:00,399.1199951171875,399.30999755859375,399.1199951171875,399.2510070800781,7409
2026-09-21 16:19:00+00:00,399.25,399.4798889160156,399.2228088378906,399.4599914550781,6412
2026-09-21 16:20:00+00:00,399.4700012207031,399.4700012207031,399.3599853515625,399.44000244140625,5304
2026-09-21 16:21:00+00:00,399.42999267578125,399.42999267578125,399.17999267578125,399.2200012207031,12311
2026-09-21 16:22:00+00:00,399.2049865722656,399.260009765625,399.1000061035156,399.1000061035156,4528
2026-09-21 16:23:00+00:00,399.0799865722656,399.1199951171875,398.94000244140625,398.9649963378906,4873
2026-09-21 16:24:00+00:00,398.989990234375,399.0199890136719,398.8550109863281,398.875,3362
2026-09-21 16:25:00+00:00,398.9100036621094,398.93499755859375,398.739990234375,398.739990234375,5888
2026-09-21 16:26:00+00:00,398.739990234375,398.79998779296875,398.7300109863281,398.79998779296875,5744
2026-09-21 16:27:00+00:00,398.739990234375,398.9599914550781,398.739990234375,398.9100036621094,6010
2026-09-21 16:28:00+00:00,398.9049987792969,398.94000244140625,398.8399963378906,398.8747863769531,2660
2026-09-21 16:29:00+00:00,398.8699951171875,398.9599914550781,398.8399963378906,398.94000244140625,4437
2026-09-21 16:30:00+00:00,398.8900146484375,398.95379638671875,398.7799987792969,398.8475646972656,3909
2026-09-21 16:31:00+00:00,398.79998779296875,398.92999267578125,398.79998779296875,398.8500061035156,3285
2026-09-21 16:32:00+00:00,398.8500061035156,398.9800109863281,398.8500061035156,398.9800109863281,3641
2026-09-21 16:33:00+00:00,398.9784851074219,399.1000061035156,398.9784851074219,399.010009765625,4413
2026-09-21 16:34:00+00:00,399.010009765625,399.010009765625,398.9649963378906,398.9700012207031,5516
2026-09-21 16:35:00+00:00,398.9599914550781,398.9599914550781,398.82501220703125,398.82501220703125,7250
2026-09-21 16:36:00+00:00,398.8299865722656,398.8699951171875,398.760009765625,398.8500061035156,3345
2026-09-21 16:37:00+00:00,398.8599853515625,398.8900146484375,398.8328857421875,398.8598937988281,1070
2026-09-21 16:38:00+00:00,398.8399963378906,398.94500732421875,398.8399963378906,398.8800048828125,4650
2026-09-21 16:39:00+00:00,398.8399963378906,398.840087890625,398.7850036621094,398.7900085449219,3582
2026-09-21 16:40:00+00:00,398.7900085449219,398.8500061035156,398.760009765625,398.845703125,4944
2026-09-21 16:41:00+00:00,398.81500244140625,398.8299865722656,398.69000244140625,398.70001220703125,4611
2026-09-21 16:42:00+00:00,398.7049865722656,398.739990234375,398.614990234375,398.6300048828125,20724
2026-09-21 16:43:00+00:00,398.61199951171875,398.6300048828125,398.4657897949219,398.48919677734375,5589
2026-09-21 16:44:00+00:00,398.489990234375,398.5199890136719,398.25,398.2900085449219,8580
2026-09-21 16:45:00+00:00,398.2799987792969,398.3299865722656,398.239990234375,398.32000732421875,6255
2026-09-21 16:46:00+00:00,398.30999755859375,398.3599853515625,398.239990234375,398.3099060058594,10255
2026-09-21 16:47:00+00:00,398.2900085449219,398.3999938964844,398.2900085449219,398.3900146484375,5707
2026-09-21 16:48:00+00:00,398.3949890136719,398.4800109863281,398.3599853515625,398.45001220703125,3323
2026-09-21 16:49:00+00:00,398.44000244140625,398.4800109863281,398.3901062011719,398.4700012207031,14223
2026-09-21 16:50:00+00:00,398.4800109863281,398.55999755859375,398.4599914550781,398.5400085449219,11858
2026-09-21 16:51:00+00:00,398.510009765625,398.510009765625,398.3699951171875,398.4599914550781,4325
2026-09-21 16:52:00+00:00,398.45379638671875,398.45379638671875,398.2099914550781,398.3399963378906,8942
2026-09-21 16:53:00+00:00,398.3299865722656,398.3299865722656,398.2099914550781,398.25,4825
2026-09-21 16:54:00+00:00,398.2799987792969,398.2900085449219,398.2200012207031,398.2900085449219,4426
2026-09-21 16:55:00+00:00,398.3099060058594,398.3399963378906,398.2799987792969,398.3399963378906,3298
2026-09-21 16:56:00+00:00,398.32000732421875,398.32000732421875,398.2449951171875,398.2650146484375,6830
2026-09-21 16:57:00+00:00,398.2699890136719,398.3599853515625,398.2699890136719,398.32000732421875,10276
2026-09-21 16:58:00+00:00,398.260009765625,398.2900085449219,398.2099914550781,398.2449951171875,6583
2026-09-21 16:59:00+00:00,398.2449951171875,398.25,398.17999267578125,398.17999267578125,3851
2026-09-21 17:00:00+00:00,398.1700134277344,398.2250061035156,398.0799865722656,398.19000244140625,8167
2026-09-21 17:01:00+00:00,398.20989990234375,398.239990234375,398.1600036621094,398.2149963378906,6668
2026-09-21 17:02:00+00:00,398.2699890136719,398.2799987792969,398.1300048828125,398.2799987792969,10054
2026-09-21 17:03:00+00:00,398.2850036621094,398.3299865722656,398.2049865722656,398.25,6042
2026-09-21 17:04:00+00:00,398.2099914550781,398.260009765625,398.125,398.260009765625,6954
2026-09-21 17:05:00+00:00,398.2550048828125,398.32000732421875,398.239990234375,398.239990234375,3961
2026-09-21 17:06:00+00:00,398.2539978027344,398.3450012207031,398.2300109863281,398.2850036621094,3106
2026-09-21 17:07:00+00:00,398.2850036621094,398.3800048828125,398.27099609375,398.2950134277344,4747
2026-09-21 17:08:00+00:00,398.2900085449219,398.3699951171875,398.260009765625,398.3500061035156,5802
2026-09-21 17:09:00+00:00,398.32000732421875,398.3999938964844,398.2900085449219,398.3800048828125,3140
2026-09-21 17:10:00+00:00,398.3699951171875,398.4049987792969,398.3210144042969,398.364990234375,9491
2026-09-21 17:11:00+00:00,398.3349914550781,398.4100036621094,398.32000732421875,398.3699951171875,8805
2026-09-21 17:12:00+00:00,398.375,398.54998779296875,398.375,398.5199890136719,13273
2026-09-21 17:13:00+00:00,398.510009765625,398.55999755859375,398.4599914550781,398.4750061035156,11029
2026-09-21 17:14:00+00:00,398.4800109863281,398.4800109863281,398.4100036621094,398.4750061035156,6051
2026-09-21 17:15:00+00:00,398.4599914550781,398.489990234375,398.2900085449219,398.32501220703125,5428
2026-09-21 17:16:00+00:00,398.30999755859375,398.3800048828125,398.260986328125,398.3550109863281,6303
2026-09-21 17:17:00+00:00,398.3399963378906,398.3399963378906,398.2200012207031,398.2300109863281,7897
2026-09-21 17:18:00+00:00,398.2250061035156,398.32501220703125,398.1700134277344,398.260009765625,4156
2026-09-21 17:19:00+00:00,398.2749938964844,398.2799987792969,398.0400085449219,398.0799865722656,2945
2026-09-21 17:20:00+00:00,398.1000061035156,398.1199951171875,398.0199890136719,398.1199951171875,14126
2026-09-21 17:21:00+00:00,398.114990234375,398.2300109863281,398.07000732421875,398.1099853515625,138356
2026-09-21 17:22:00+00:00,398.0658874511719,398.20001220703125,398.0658874511719,398.1521911621094,3835
2026-09-21 17:23:00+00:00,398.1600036621094,398.19000244140625,398.1000061035156,398.1700134277344,5377
2026-09-21 17:24:00+00:00,398.1400146484375,398.1449890136719,398.07000732421875,398.0899963378906,2768
2026-09-21 17:25:00+00:00,398.1600036621094,398.19000244140625,398.0899963378906,398.1499938964844,3839
2026-09-21 17:26:00+00:00,398.1000061035156,398.17999267578125,398.090087890625,398.1700134277344,2283
2026-09-21 17:27:00+00:00,398.1600036621094,398.2200012207031,398.1300964355469,398.1405944824219,6109
2026-09-21 17:28:00+00:00,398.17999267578125,398.20001220703125,398.119384765625,398.18719482421875,7716
2026-09-21 17:29:00+00:00,398.2799987792969,398.4599914550781,398.2799987792969,398.3900146484375,15360
2026-09-21 17:30:00+00:00,398.45001220703125,398.45001220703125,398.1593933105469,398.1593933105469,3863
2026-09-21 17:31:00+00:00,398.07000732421875,398.1000061035156,397.8999938964844,398.06500244140625,22497
2026-09-21 17:32:00+00:00,398.0199890136719,398.0199890136719,397.8999938964844,397.94000244140625,4713
2026-09-21 17:33:00+00:00,397.9200134277344,397.9599914550781,397.80999755859375,397.8299865722656,3435
2026-09-21 17:34:00+00:00,397.8599853515625,397.94000244140625,397.739990234375,397.7699890136719,7461
2026-09-21 17:35:00+00:00,397.80999755859375,397.8800048828125,397.7601013183594,397.8599853515625,3170
2026-09-21 17:36:00+00:00,397.8599853515625,397.92999267578125,397.7950134277344,397.8599853515625,2396
2026-09-21 17:37:00+00:00,397.85009765625,397.8900146484375,397.70001220703125,397.7300109863281,4330
2026-09-21 17:38:00+00:00,397.7200012207031,397.7900085449219,397.7099914550781,397.7799987792969,2472
2026-09-21 17:39:00+00:00,397.8399963378906,397.8699951171875,397.7650146484375,397.7799987792969,4083
2026-09-21 17:40:00+00:00,397.7799987792969,397.9800109863281,397.7699890136719,397.9700012207031,8941
2026-09-21 17:41:00+00:00,397.9700012207031,398.04998779296875,397.94500732421875,398.04998779296875,3039
2026-09-21 17:42:00+00:00,398.07501220703125,398.1199951171875,398.0199890136719,398.0199890136719,2971
2026-09-21 17:43:00+00:00,398.0299987792969,398.07000732421875,397.9259948730469,397.989990234375,6974
2026-09-21 17:44:00+00:00,397.9849853515625,398.0199890136719,397.94500732421875,398.0050048828125,6549
2026-09-21 17:45:00+00:00,397.9700012207031,398.0,397.87298583984375,397.94500732421875,5950
2026-09-21 17:46:00+00:00,397.94000244140625,398.1300048828125,397.94000244140625,398.1000061035156,7059
2026-09-21 17:47:00+00:00,398.05999755859375,398.1698913574219,398.05999755859375,398.1099853515625,3514
2026-09-21 17:48:00+00:00,398.0899963378906,398.19000244140625,398.0899963378906,398.17999267578125,2867
2026-09-21 17:49:00+00:00,398.19000244140625,398.2117004394531,398.1700134277344,398.2117004394531,1479
2026-09-21 17:50:00+00:00,398.20001220703125,398.2099914550781,398.1700134277344,398.20001220703125,2957
2026-09-21 17:51:00+00:00,398.17999267578125,398.29998779296875,398.1700134277344,398.239990234375,3163
2026-09-21 17:52:00+00:00,398.2701110839844,398.3599853515625,398.25,398.3599853515625,1849
2026-09-21 17:53:00+00:00,398.3525085449219,398.3800048828125,398.29998779296875,398.3316955566406,1122
2026-09-21 17:54:00+00:00,398.3800048828125,398.3900146484375,398.2900085449219,398.2900085449219,4790
2026-09-21 17:55:00+00:00,398.2799987792969,398.44000244140625,398.2449951171875,398.44000244140625,4157
2026-09-21 17:56:00+00:00,398.4700012207031,398.4800109863281,398.2300109863281,398.2300109863281,5400
2026-09-21 17:57:00+00:00,398.239990234375,398.3900146484375,398.2398986816406,398.3699951171875,3657
2026-09-21 17:58:00+00:00,398.3699951171875,398.3900146484375,398.3399963378906,398.3500061035156,1941
2026-09-21 17:59:00+00:00,398.3500061035156,398.3949890136719,398.30999755859375,398.30999755859375,3313
2026-09-21 18:00:00+00:00,398.375,398.375,398.29998779296875,398.3500061035156,8786
2026-09-21 18:01:00+00:00,398.3399963378906,398.3800048828125,398.2900085449219,398.3699951171875,13697
2026-09-21 18:02:00+00:00,398.3800048828125,398.44000244140625,398.3599853515625,398.3999938964844,14866
2026-09-21 18:03:00+00:00,398.3999938964844,398.4800109863281,398.3599853515625,398.3800048828125,8627
2026-09-21 18:04:00+00:00,398.4198913574219,398.510009765625,398.3399963378906,398.510009765625,8300
2026-09-21 18:05:00+00:00,398.44061279296875,398.489990234375,398.4200134277344,398.4800109863281,3456
2026-09-21 18:06:00+00:00,398.489990234375,398.6300048828125,398.489990234375,398.6199951171875,3568
2026-09-21 18:07:00+00:00,398.60760498046875,398.80999755859375,398.6050109863281,398.80999755859375,5445
2026-09-21 18:08:00+00:00,398.8500061035156,398.8900146484375,398.79998779296875,398.8550109863281,3543
2026-09-21 18:09:00+00:00,398.875,398.8900146484375,398.79998779296875,398.8800048828125,3509
2026-09-21 18:10:00+00:00,398.885009765625,398.8900146484375,398.67999267578125,398.6900939941406,7740
2026-09-21 18:11:00+00:00,398.69000244140625,398.8699951171875,398.69000244140625,398.8399963378906,9120
2026-09-21 18:12:00+00:00,398.8399963378906,398.8514099121094,398.739990234375,398.80999755859375,4412
2026-09-21 18:13:00+00:00,398.8399963378906,398.9200134277344,398.82000732421875,398.8399963378906,4668
2026-09-21 18:14:00+00:00,398.8399963378906,398.864990234375,398.7699890136719,398.8399963378906,5747
2026-09-21 18:15:00+00:00,398.8500061035156,398.92999267578125,398.80999755859375,398.9100036621094,8454
2026-09-21 18:16:00+00:00,398.9100036621094,398.95001220703125,398.8399963378906,398.95001220703125,17206
2026-09-21 18:17:00+00:00,398.94000244140625,399.0400085449219,398.92999267578125,398.9649963378906,9775
2026-09-21 18:18:00+00:00,398.9700012207031,399.0199890136719,398.8999938964844,398.9100036621094,18553
2026-09-21 18:19:00+00:00,398.9100036621094,398.94000244140625,398.80999755859375,398.8599853515625,9493
2026-09-21 18:20:00+00:00,398.8500061035156,398.9150085449219,398.80999755859375,398.8299865722656,39085
2026-09-21 18:21:00+00:00,398.8500061035156,398.9100036621094,398.80499267578125,398.8599853515625,18453
2026-09-21 18:22:00+00:00,398.8699951171875,398.89959716796875,398.8106994628906,398.8299865722656,2730
2026-09-21 18:23:00+00:00,398.8599853515625,398.9200134277344,398.8399963378906,398.8550109863281,5513
2026-09-21 18:24:00+00:00,398.8450012207031,398.85009765625,398.80999755859375,398.82000732421875,8797
2026-09-21 18:25:00+00:00,398.82000732421875,398.8590087890625,398.79998779296875,398.83380126953125,4354
2026-09-21 18:26:00+00:00,398.8500061035156,398.8699951171875,398.6788024902344,398.7550048828125,8824
2026-09-21 18:27:00+00:00,398.7502136230469,398.7502136230469,398.6860046386719,398.7099914550781,6094
2026-09-21 18:28:00+00:00,398.75,398.8800048828125,398.7200012207031,398.8450012207031,4913
2026-09-21 18:29:00+00:00,398.8500061035156,398.8900146484375,398.7799987792969,398.80999755859375,7657
2026-09-21 18:30:00+00:00,398.8299865722656,398.8299865722656,398.760009765625,398.79998779296875,7493
2026-09-21 18:31:00+00:00,398.79998779296875,398.8999938964844,398.760009765625,398.8900146484375,3788
2026-09-21 18:32:00+00:00,398.8999938964844,398.93499755859375,398.8299865722656,398.8800048828125,5265
2026-09-21 18:33:00+00:00,398.8399963378906,398.8599853515625,398.7699890136719,398.7699890136719,4846
2026-09-21 18:34:00+00:00,398.80999755859375,398.80999755859375,398.7300109863281,398.7300109863281,3959
2026-09-21 18:35:00+00:00,398.7200012207031,398.75,398.54998779296875,398.57000732421875,13033
2026-09-21 18:36:00+00:00,398.5899963378906,398.6400146484375,398.5199890136719,398.5400085449219,2166
2026-09-21 18:37:00+00:00,398.54998779296875,398.5899963378906,398.54901123046875,398.5799865722656,2660
2026-09-21 18:38:00+00:00,398.5799865722656,398.5799865722656,398.5299987792969,398.5450134277344,14845
2026-09-21 18:39:00+00:00,398.54998779296875,398.5799865722656,398.5400085449219,398.55999755859375,1766
2026-09-21 18:40:00+00:00,398.55999755859375,398.6000061035156,398.489990234375,398.5050048828125,12263
2026-09-21 18:41:00+00:00,398.510009765625,398.5799865722656,398.4599914550781,398.4849853515625,3574
2026-09-21 18:42:00+00:00,398.4700012207031,398.5,398.44000244140625,398.5,3378
2026-09-21 18:43:00+00:00,398.489990234375,398.5299987792969,398.46099853515625,398.489990234375,2753
2026-09-21 18:44:00+00:00,398.4700012207031,398.57000732421875,398.4700012207031,398.5450134277344,4257
2026-09-21 18:45:00+00:00,398.5400085449219,398.6300048828125,398.5299987792969,398.57000732421875,3993
2026-09-21 18:46:00+00:00,398.55999755859375,398.56500244140625,398.5249938964844,398.5400085449219,3096
2026-09-21 18:47:00+00:00,398.510009765625,398.6549987792969,398.510009765625,398.6400146484375,11277
2026-09-21 18:48:00+00:00,398.6400146484375,398.6549987792969,398.57501220703125,398.6099853515625,10766
2026-09-21 18:49:00+00:00,398.6099853515625,398.6300048828125,398.6050109863281,398.625,4682
2026-09-21 18:50:00+00:00,398.6300048828125,398.7099914550781,398.6199951171875,398.6650085449219,9461
2026-09-21 18:51:00+00:00,398.6700134277344,398.7099914550781,398.57000732421875,398.7099914550781,3381
2026-09-21 18:52:00+00:00,398.68218994140625,398.7149963378906,398.6700134277344,398.7049865722656,4202
2026-09-21 18:53:00+00:00,398.7099914550781,398.7200012207031,398.6650085449219,398.7049865722656,5812
2026-09-21 18:54:00+00:00,398.7099914550781,398.7349853515625,398.6099853515625,398.6099853515625,5017
2026-09-21 18:55:00+00:00,398.5899963378906,398.6499938964844,398.57000732421875,398.6400146484375,2554
2026-09-21 18:56:00+00:00,398.6700134277344,398.6700134277344,398.6549987792969,398.6650085449219,2177
2026-09-21 18:57:00+00:00,398.6600036621094,398.6600036621094,398.55999755859375,398.57000732421875,2588
2026-09-21 18:58:00+00:00,398.5350036621094,398.57000732421875,398.4700012207031,398.5199890136719,4478
2026-09-21 18:59:00+00:00,398.4649963378906,398.5199890136719,398.44000244140625,398.45001220703125,8791
2026-09-21 19:00:00+00:00,398.45001220703125,398.45001220703125,398.29998779296875,398.29998779296875,6550
2026-09-21 19:01:00+00:00,398.32000732421875,398.3500061035156,398.20001220703125,398.2099914550781,10504
2026-09-21 19:02:00+00:00,398.2049865722656,398.2900085449219,398.17498779296875,398.2298889160156,5403
2026-09-21 19:03:00+00:00,398.20001220703125,398.25,398.1099853515625,398.1400146484375,15591
2026-09-21 19:04:00+00:00,398.110107421875,398.19000244140625,398.0799865722656,398.19000244140625,14099
2026-09-21 19:05:00+00:00,398.17999267578125,398.2099914550781,398.1650085449219,398.17999267578125,11228
2026-09-21 19:06:00+00:00,398.19000244140625,398.20001220703125,398.1094970703125,398.20001220703125,5102
2026-09-21 19:07:00+00:00,398.19000244140625,398.2250061035156,398.1200866699219,398.2250061035156,13649
2026-09-21 19:08:00+00:00,398.2699890136719,398.32159423828125,398.18011474609375,398.30999755859375,5894
2026-09-21 19:09:00+00:00,398.30999755859375,398.4200134277344,398.3005065917969,398.4150085449219,7559
2026-09-21 19:10:00+00:00,398.4200134277344,398.42999267578125,398.3599853515625,398.3800048828125,4380
2026-09-21 19:11:00+00:00,398.4100036621094,398.4100036621094,398.32000732421875,398.3900146484375,4075
2026-09-21 19:12:00+00:00,398.3900146484375,398.42999267578125,398.3500061035156,398.4049987792969,3438
2026-09-21 19:13:00+00:00,398.40618896484375,398.4599914550781,398.3699951171875,398.4599914550781,5934
2026-09-21 19:14:00+00:00,398.44000244140625,398.489990234375,398.3999938964844,398.3999938964844,5792
2026-09-21 19:15:00+00:00,398.3900146484375,398.4100036621094,398.30999755859375,398.3599853515625,553716
2026-09-21 19:16:00+00:00,398.3481140136719,398.4700012207031,398.3481140136719,398.4700012207031,3445
2026-09-21 19:17:00+00:00,398.4549865722656,398.4599914550781,398.3299865722656,398.3599853515625,3683
2026-09-21 19:18:00+00:00,398.3299865722656,398.3699951171875,398.3299865722656,398.3699951171875,2705
2026-09-21 19:19:00+00:00,398.3699951171875,398.3900146484375,398.3299865722656,398.3299865722656,5950
2026-09-21 19:20:00+00:00,398.3299865722656,398.4200134277344,398.32000732421875,398.4075012207031,4806
2026-09-21 19:21:00+00:00,398.4100036621094,398.4800109863281,398.3999938964844,398.3999938964844,10319
2026-09-21 19:22:00+00:00,398.3800048828125,398.4800109863281,398.3689880371094,398.4599914550781,6138
2026-09-21 19:23:00+00:00,398.4700012207031,398.5,398.4200134277344,398.4700012207031,30007
2026-09-21 19:24:00+00:00,398.4800109863281,398.489990234375,398.4200134277344,398.44000244140625,3301
2026-09-21 19:25:00+00:00,398.42498779296875,398.4549865722656,398.364990234375,398.42999267578125,5240
2026-09-21 19:26:00+00:00,398.42999267578125,398.57000732421875,398.42999267578125,398.57000732421875,5905
2026-09-21 19:27:00+00:00,398.58270263671875,398.7601013183594,398.5799865722656,398.7601013183594,4581
2026-09-21 19:28:00+00:00,398.75,398.84991455078125,398.739990234375,398.7799987792969,5975
2026-09-21 19:29:00+00:00,398.7850036621094,398.79998779296875,398.7099914550781,398.7099914550781,5194
2026-09-21 19:30:00+00:00,398.760009765625,398.8399963378906,398.7301025390625,398.8399963378906,3070
2026-09-21 19:31:00+00:00,398.8450012207031,398.9800109863281,398.82000732421875,398.9599914550781,5353
2026-09-21 19:32:00+00:00,398.92999267578125,399.010009765625,398.9100036621094,398.95001220703125,26338
2026-09-21 19:33:00+00:00,398.9700012207031,399.0299987792969,398.9450988769531,398.95001220703125,5925
2026-09-21 19:34:00+00:00,398.9599914550781,399.0899963378906,398.9599914550781,399.0299987792969,16669
2026-09-21 19:35:00+00:00,399.0249938964844,399.1000061035156,398.94000244140625,399.05999755859375,32511
2026-09-21 19:36:00+00:00,399.05999755859375,399.05999755859375,398.989990234375,399.05999755859375,10442
2026-09-21 19:37:00+00:00,399.05999755859375,399.07000732421875,398.9200134277344,398.9938049316406,5851
2026-09-21 19:38:00+00:00,398.98980712890625,399.0,398.9599914550781,398.9800109863281,8413
2026-09-21 19:39:00+00:00,398.9849853515625,399.1499938964844,398.9704895019531,399.1099853515625,14150
2026-09-21 19:40:00+00:00,399.1099853515625,399.1600036621094,398.94000244140625,398.94000244140625,9171
2026-09-21 19:41:00+00:00,398.9800109863281,398.989990234375,398.739990234375,398.75,11307
2026-09-21 19:42:00+00:00,398.75,398.7799987792969,398.69000244140625,398.7149963378906,16469
2026-09-21 19:43:00+00:00,398.7200012207031,398.7200012207031,398.6199951171875,398.6300048828125,13673
2026-09-21 19:44:00+00:00,398.6400146484375,398.6600036621094,398.57000732421875,398.6199951171875,6691
2026-09-21 19:45:00+00:00,398.6199951171875,398.6400146484375,398.489990234375,398.6000061035156,17682
2026-09-21 19:46:00+00:00,398.5899963378906,398.6300048828125,398.5400085449219,398.5899963378906,16313
2026-09-21 19:47:00+00:00,398.5899963378906,398.5899963378906,398.489990234375,398.5199890136719,7435
2026-09-21 19:48:00+00:00,398.5199890136719,398.54998779296875,398.45001220703125,398.489990234375,13088
2026-09-21 19:49:00+00:00,398.5,398.510009765625,398.4100036621094,398.4100036621094,10828
2026-09-21 19:50:00+00:00,398.4100036621094,398.4649963378906,398.3699951171875,398.45001220703125,21700
2026-09-21 19:51:00+00:00,398.447509765625,398.4599914550781,398.30999755859375,398.3525085449219,36244
2026-09-21 19:52:00+00:00,398.3500061035156,398.4700012207031,398.3500061035156,398.42999267578125,20222
2026-09-21 19:53:00+00:00,398.43499755859375,398.4599914550781,398.35009765625,398.3900146484375,27502
2026-09-21 19:54:00+00:00,398.3800048828125,398.5050048828125,398.3699951171875,398.5,27459
2026-09-21 19:55:00+00:00,398.5,398.5,398.3800048828125,398.42999267578125,43723
2026-09-21 19:56:00+00:00,398.42498779296875,398.45001220703125,398.3800048828125,398.4200134277344,29193
2026-09-21 19:57:00+00:00,398.4200134277344,398.5199890136719,398.4100036621094,398.42999267578125,35315
2026-09-21 19:58:00+00:00,398.42498779296875,398.510009765625,398.3900146484375,398.3900146484375,65263
2026-09-21 19:59:00+00:00,398.3699951171875,398.4100036621094,398.3299865722656,398.3500061035156,86452
2026-09-22 13:30:00+00:00,397.07000732421875,397.239990234375,396.989990234375,397.19989013671875,424138
2026-09-22 13:31:00+00:00,397.2149963378906,397.2300109863281,397.05999755859375,397.1499938964844,6942
2026-09-22 13:32:00+00:00,397.1300048828125,397.30999755859375,396.9949951171875,397.260009765625,8998
2026-09-22 13:33:00+00:00,397.260009765625,397.4800109863281,397.090087890625,397.41839599609375,15363
2026-09-22 13:34:00+00:00,397.3999938964844,397.57000732421875,397.3699951171875,397.375,25282
2026-09-22 13:35:00+00:00,397.4100036621094,397.510009765625,397.3349914550781,397.510009765625,17595
2026-09-22 13:36:00+00:00,397.4700012207031,397.6700134277344,397.3999938964844,397.44000244140625,17089
2026-09-22 13:37:00+00:00,397.4599914550781,397.4750061035156,397.0799865722656,397.20001220703125,11826
2026-09-22 13:38:00+00:00,397.2099914550781,397.4299011230469,397.1000061035156,397.4100036621094,36506
2026-09-22 13:39:00+00:00,397.4100036621094,397.5299987792969,397.1199951171875,397.1199951171875,17735
2026-09-22 13:40:00+00:00,397.1300048828125,397.1300048828125,396.7900085449219,396.8900146484375,42221
2026-09-22 13:41:00+00:00,396.8999938964844,397.19000244140625,396.80999755859375,396.9100036621094,60309
2026-09-22 13:42:00+00:00,396.9200134277344,397.5050048828125,396.79998779296875,397.5050048828125,29556
2026-09-22 13:43:00+00:00,397.54998779296875,398.0799865722656,397.5299987792969,397.9700012207031,16371
2026-09-22 13:44:00+00:00,397.9200134277344,398.1600036621094,397.8900146484375,398.0150146484375,12304
2026-09-22 13:45:00+00:00,398.010009765625,398.25,397.989990234375,398.05999755859375,39047
2026-09-22 13:46:00+00:00,397.9849853515625,398.0299987792969,397.6300048828125,397.7449951171875,19307
2026-09-22 13:47:00+00:00,397.7200012207031,397.7200012207031,397.5,397.57000732421875,7587
2026-09-22 13:48:00+00:00,397.57000732421875,397.8299865722656,397.4800109863281,397.7099914550781,17073
2026-09-22 13:49:00+00:00,397.7200012207031,398.0299987792969,397.7099914550781,397.9200134277344,31681
2026-09-22 13:50:00+00:00,397.8900146484375,397.9200134277344,397.739990234375,397.8599853515625,14673
2026-09-22 13:51:00+00:00,397.82000732421875,397.92999267578125,397.7012023925781,397.8599853515625,9908
2026-09-22 13:52:00+00:00,397.8900146484375,398.0,397.7726135253906,397.7789001464844,91755
2026-09-22 13:53:00+00:00,397.7850036621094,397.7850036621094,397.6099853515625,397.6300048828125,7845
2026-09-22 13:54:00+00:00,397.6400146484375,397.6400146484375,397.17999267578125,397.20001220703125,18350
2026-09-22 13:55:00+00:00,397.17999267578125,397.2349853515625,397.0,397.1700134277344,11203
2026-09-22 13:56:00+00:00,397.16650390625,397.260009765625,397.10009765625,397.17498779296875,7391
2026-09-22 13:57:00+00:00,397.1650085449219,397.6199951171875,397.1650085449219,397.6199951171875,18880
2026-09-22 13:58:00+00:00,397.6400146484375,397.67999267578125,397.3800048828125,397.4100036621094,24781
2026-09-22 13:59:00+00:00,397.3900146484375,397.44000244140625,397.2200012207031,397.25,38414
2026-09-22 14:00:00+00:00,397.260009765625,397.4100036621094,397.1199951171875,397.29998779296875,19823
2026-09-22 14:01:00+00:00,397.3550109863281,397.3550109863281,397.20001220703125,397.260009765625,10193
2026-09-22 14:02:00+00:00,397.3299865722656,397.3299865722656,396.92999267578125,397.0,63342
2026-09-22 14:03:00+00:00,397.0350036621094,397.364990234375,397.0199890136719,397.20001220703125,41496
2026-09-22 14:04:00+00:00,397.239990234375,397.3900146484375,396.856201171875,396.856201171875,7263
2026-09-22 14:05:00+00:00,396.8699951171875,396.9599914550781,396.7300109863281,396.8699951171875,11288
2026-09-22 14:06:00+00:00,396.8550109863281,397.0199890136719,396.79998779296875,396.95001220703125,7306
2026-09-22 14:07:00+00:00,397.010009765625,397.09991455078125,396.92999267578125,397.07000732421875,6048
2026-09-22 14:08:00+00:00,396.9750061035156,397.0799865722656,396.95001220703125,396.95001220703125,4457
2026-09-22 14:09:00+00:00,396.9700012207031,397.0249938964844,396.9049987792969,396.93499755859375,3801
2026-09-22 14:10:00+00:00,396.92999267578125,397.08099365234375,396.9100036621094,397.0799865722656,14467
2026-09-22 14:11:00+00:00,397.0899963378906,397.1000061035156,396.8399963378906,397.07000732421875,4657
2026-09-22 14:12:00+00:00,397.0299987792969,397.04998779296875,396.8299865722656,396.92999267578125,8810
2026-09-22 14:13:00+00:00,396.9200134277344,397.67999267578125,396.82000732421875,397.3299865722656,72647
2026-09-22 14:14:00+00:00,397.3800048828125,397.3800048828125,397.17999267578125,397.29998779296875,3521
2026-09-22 14:15:00+00:00,397.30999755859375,397.3500061035156,397.1600036621094,397.3500061035156,8681
2026-09-22 14:16:00+00:00,397.2550048828125,397.2550048828125,397.00189208984375,397.0199890136719,5250
2026-09-22 14:17:00+00:00,397.010009765625,397.010009765625,396.8121032714844,396.94500732421875,9130
2026-09-22 14:18:00+00:00,396.9599914550781,396.9599914550781,396.57000732421875,396.70001220703125,11173
2026-09-22 14:19:00+00:00,396.7300109863281,397.010009765625,396.69000244140625,396.8599853515625,8823
2026-09-22 14:20:00+00:00,396.864990234375,396.9800109863281,396.8399963378906,396.8399963378906,6035
2026-09-22 14:21:00+00:00,396.92999267578125,397.0899963378906,396.7300109863281,397.0799865722656,18079
2026-09-22 14:22:00+00:00,397.1000061035156,397.1025085449219,396.9150085449219,396.94000244140625,2794
2026-09-22 14:23:00+00:00,396.92999267578125,397.19000244140625,396.9100036621094,397.0849914550781,5789
2026-09-22 14:24:00+00:00,397.0950012207031,397.2300109863281,397.0,397.1499938964844,4544
2026-09-22 14:25:00+00:00,397.1000061035156,397.15008544921875,396.95001220703125,396.95001220703125,3627
2026-09-22 14:26:00+00:00,397.0101013183594,397.0249938964844,396.79620361328125,396.8800048828125,4180
2026-09-22 14:27:00+00:00,396.8301086425781,396.9549865722656,396.75,396.7799987792969,6986
2026-09-22 14:28:00+00:00,396.7349853515625,396.7349853515625,396.5,396.6907958984375,17218
2026-09-22 14:29:00+00:00,396.70001220703125,396.8999938964844,396.635009765625,396.760009765625,10823
2026-09-22 14:30:00+00:00,396.79998779296875,396.8999938964844,396.67498779296875,396.8999938964844,1662
2026-09-22 14:31:00+00:00,396.8399963378906,396.910400390625,396.760009765625,396.8200988769531,7278
2026-09-22 14:32:00+00:00,396.885009765625,396.8949890136719,396.70001220703125,396.70001220703125,2027
2026-09-22 14:33:00+00:00,396.70001220703125,396.7200012207031,396.6099853515625,396.6600036621094,16230
2026-09-22 14:34:00+00:00,396.6600036621094,396.68499755859375,396.4700012207031,396.489990234375,16088
2026-09-22 14:35:00+00:00,396.5249938964844,396.5249938964844,396.20001220703125,396.23028564453125,45363
2026-09-22 14:36:00+00:00,396.2250061035156,396.4700012207031,396.1300048828125,396.42999267578125,5351
2026-09-22 14:37:00+00:00,396.45001220703125,396.79998779296875,396.45001220703125,396.7699890136719,5122
2026-09-22 14:38:00+00:00,396.79998779296875,396.79998779296875,396.3800048828125,396.55999755859375,9551
2026-09-22 14:39:00+00:00,396.69000244140625,397.32000732421875,396.40899658203125,396.489990234375,47341
2026-09-22 14:40:00+00:00,396.4739990234375,396.4739990234375,396.1300048828125,396.15887451171875,6486
2026-09-22 14:41:00+00:00,396.25,396.32879638671875,395.822998046875,395.8999938964844,15891
2026-09-22 14:42:00+00:00,395.9100036621094,395.9100036621094,395.5799865722656,395.6199951171875,18295
2026-09-22 14:43:00+00:00,395.6300048828125,396.0010986328125,395.6099853515625,395.9800109863281,4695
2026-09-22 14:44:00+00:00,395.95001220703125,396.1400146484375,395.8900146484375,396.04998779296875,8465
2026-09-22 14:45:00+00:00,396.0249938964844,396.20001220703125,395.8399963378906,395.8699951171875,16410
2026-09-22 14:46:00+00:00,395.8900146484375,396.04998779296875,395.8550109863281,395.989990234375,9692
2026-09-22 14:47:00+00:00,396.0199890136719,396.42999267578125,396.0199890136719,396.2550048828125,25039
2026-09-22 14:48:00+00:00,396.2550048828125,396.2799987792969,396.1000061035156,396.19000244140625,29950
2026-09-22 14:49:00+00:00,396.19000244140625,396.2998962402344,396.1400146484375,396.2349853515625,7472
2026-09-22 14:50:00+00:00,396.29998779296875,396.3299865722656,396.1300048828125,396.2099914550781,104380
2026-09-22 14:51:00+00:00,396.18499755859375,396.2799987792969,396.1300048828125,396.2799987792969,4714
2026-09-22 14:52:00+00:00,396.2300109863281,396.30999755859375,396.18109130859375,396.2799987792969,8050
2026-09-22 14:53:00+00:00,396.2701110839844,396.3500061035156,396.1300048828125,396.3500061035156,4569
2026-09-22 14:54:00+00:00,396.40008544921875,396.57989501953125,396.3616943359375,396.53900146484375,17745
2026-09-22 14:55:00+00:00,396.54998779296875,396.6300048828125,396.5299987792969,396.55999755859375,11287
2026-09-22 14:56:00+00:00,396.5899963378906,396.7099914550781,396.55999755859375,396.5799865722656,14792
2026-09-22 14:57:00+00:00,396.6000061035156,396.69000244140625,396.5,396.6700134277344,9774
2026-09-22 14:58:00+00:00,396.68499755859375,396.760009765625,396.635009765625,396.7449951171875,2971
2026-09-22 14:59:00+00:00,396.760009765625,396.8699951171875,396.739990234375,396.8299865722656,3809
2026-09-22 15:00:00+00:00,396.8299865722656,396.8500061035156,396.5899963378906,396.8500061035156,2538
2026-09-22 15:01:00+00:00,396.7749938964844,396.8500061035156,396.6600036621094,396.8500061035156,8761
2026-09-22 15:02:00+00:00,396.8699951171875,396.95001220703125,396.8500061035156,396.8599853515625,4029
2026-09-22 15:03:00+00:00,396.875,397.0799865722656,396.875,396.9403991699219,4851
2026-09-22 15:04:00+00:00,396.93011474609375,397.2099914550781,396.93011474609375,397.0799865722656,21693
2026-09-22 15:05:00+00:00,397.05999755859375,397.05999755859375,396.9200134277344,397.0199890136719,12096
2026-09-22 15:06:00+00:00,397.05999755859375,397.4200134277344,397.0299987792969,397.243896484375,10504
2026-09-22 15:07:00+00:00,397.2850036621094,397.5799865722656,397.25,397.510009765625,27480
2026-09-22 15:08:00+00:00,397.4700012207031,397.6700134277344,397.4700012207031,397.635009765625,7823
2026-09-22 15:09:00+00:00,397.6549987792969,397.7200012207031,397.6000061035156,397.69989013671875,6372
2026-09-22 15:10:00+00:00,397.7300109863281,397.9599914550781,397.67999267578125,397.67999267578125,14180
2026-09-22 15:11:00+00:00,397.7149963378906,397.7547912597656,397.5299987792969,397.6199951171875,5971
2026-09-22 15:12:00+00:00,397.6099853515625,397.6199951171875,397.489990234375,397.57550048828125,4135
2026-09-22 15:13:00+00:00,397.52398681640625,397.6300048828125,397.4599914550781,397.5199890136719,4691
2026-09-22 15:14:00+00:00,397.510009765625,398.0,397.5,397.5799865722656,25884
2026-09-22 15:15:00+00:00,397.6400146484375,397.9150085449219,397.6400146484375,397.8599853515625,11411
2026-09-22 15:16:00+00:00,397.79998779296875,397.9537048339844,397.7699890136719,397.92999267578125,6651
2026-09-22 15:17:00+00:00,397.92999267578125,397.95001220703125,397.739990234375,397.82000732421875,8631
2026-09-22 15:18:00+00:00,397.7799987792969,397.9382019042969,397.69000244140625,397.69000244140625,5624
2026-09-22 15:19:00+00:00,397.75,397.82000732421875,397.6400146484375,397.6700134277344,10430
2026-09-22 15:20:00+00:00,397.6600036621094,397.6700134277344,397.4200134277344,397.45001220703125,6740
2026-09-22 15:21:00+00:00,397.45001220703125,397.79998779296875,397.45001220703125,397.75,5836
2026-09-22 15:22:00+00:00,397.739990234375,397.760009765625,397.5400085449219,397.57501220703125,4801
2026-09-22 15:23:00+00:00,397.5400085449219,397.625,397.4700012207031,397.625,4123
2026-09-22 15:24:00+00:00,397.635009765625,397.7200012207031,397.5899963378906,397.6300048828125,9946
2026-09-22 15:25:00+00:00,397.639892578125,397.64898681640625,397.489990234375,397.5199890136719,5293
2026-09-22 15:26:00+00:00,397.489990234375,397.5199890136719,397.30999755859375,397.3599853515625,42454
2026-09-22 15:27:00+00:00,397.3599853515625,397.4200134277344,397.3399963378906,397.4200134277344,10786
2026-09-22 15:28:00+00:00,397.44000244140625,397.5,397.3599853515625,397.48779296875,3705
2026-09-22 15:29:00+00:00,397.4649963378906,397.47509765625,397.2117919921875,397.2200012207031,4729
2026-09-22 15:30:00+00:00,397.19000244140625,397.2449951171875,397.1199951171875,397.1199951171875,6222
2026-09-22 15:31:00+00:00,397.1050109863281,397.1400146484375,396.989990234375,397.0,7081
2026-09-22 15:32:00+00:00,397.0,397.0400085449219,396.822509765625,396.8399963378906,11203
2026-09-22 15:33:00+00:00,396.82000732421875,396.96990966796875,396.82000732421875,396.8500061035156,8239
2026-09-22 15:34:00+00:00,396.8500061035156,397.0899963378906,396.82000732421875,397.0199890136719,6744
2026-09-22 15:35:00+00:00,397.010009765625,397.05999755859375,396.9800109863281,396.99560546875,7394
2026-09-22 15:36:00+00:00,396.989990234375,397.06500244140625,396.9599914550781,397.0400085449219,4263
2026-09-22 15:37:00+00:00,397.03021240234375,397.05499267578125,396.8999938964844,396.93499755859375,8964
2026-09-22 15:38:00+00:00,396.8800048828125,396.8900146484375,396.7799987792969,396.8900146484375,3565
2026-09-22 15:39:00+00:00,396.8900146484375,396.9599914550781,396.8599853515625,396.8800048828125,7895
2026-09-22 15:40:00+00:00,396.8699951171875,396.9599914550781,396.85760498046875,396.85760498046875,5913
2026-09-22 15:41:00+00:00,396.9100036621094,396.9599914550781,396.8505859375,396.9599914550781,4459
2026-09-22 15:42:00+00:00,396.93499755859375,396.989990234375,396.8500061035156,396.8699951171875,1702
2026-09-22 15:43:00+00:00,396.8900146484375,396.9200134277344,396.7699890136719,396.7699890136719,3858
2026-09-22 15:44:00+00:00,396.7799987792969,396.82000732421875,396.7699890136719,396.7900085449219,1566
2026-09-22 15:45:00+00:00,396.8091125488281,396.8091125488281,396.6300964355469,396.6400146484375,6642
2026-09-22 15:46:00+00:00,396.614990234375,396.7049865722656,396.6099853515625,396.6101989746094,4401
2026-09-22 15:47:00+00:00,396.6449890136719,396.7900085449219,396.6449890136719,396.760009765625,1784
2026-09-22 15:48:00+00:00,396.760009765625,396.8070068359375,396.739990234375,396.7799987792969,2768
2026-09-22 15:49:00+00:00,396.7799987792969,396.82000732421875,396.64520263671875,396.64520263671875,6786
2026-09-22 15:50:00+00:00,396.69000244140625,396.8310852050781,396.6400146484375,396.80999755859375,16246
2026-09-22 15:51:00+00:00,396.79998779296875,396.83099365234375,396.7300109863281,396.760009765625,2704
2026-09-22 15:52:00+00:00,396.7799987792969,396.84991455078125,396.7799987792969,396.84991455078125,1614
2026-09-22 15:53:00+00:00,396.8399963378906,396.8599853515625,396.7699890136719,396.8399963378906,8475
2026-09-22 15:54:00+00:00,396.83990478515625,396.95001220703125,396.82000732421875,396.9100036621094,3663
2026-09-22 15:55:00+00:00,396.8900146484375,396.92999267578125,396.8399963378906,396.8800964355469,3766
2026-09-22 15:56:00+00:00,396.93548583984375,397.0,396.885009765625,396.8999938964844,4161
2026-09-22 15:57:00+00:00,396.9849853515625,397.1400146484375,396.9849853515625,397.1400146484375,3269
2026-09-22 15:58:00+00:00,397.1300048828125,397.19000244140625,397.1000061035156,397.1099853515625,9120
2026-09-22 15:59:00+00:00,397.0899963378906,397.1400146484375,397.07000732421875,397.114990234375,7559
2026-09-22 16:00:00+00:00,397.1199951171875,397.2250061035156,397.0950012207031,397.2099914550781,8629
2026-09-22 16:01:00+00:00,397.2300109863281,397.2300109863281,396.840087890625,396.8500061035156,9425
2026-09-22 16:02:00+00:00,396.8840026855469,396.8999938964844,396.7900085449219,396.7900085449219,1741
2026-09-22 16:03:00+00:00,396.7200012207031,396.75,396.67999267578125,396.69000244140625,1660
2026-09-22 16:04:00+00:00,396.7300109863281,396.7300109863281,396.6400146484375,396.7029113769531,1609
2026-09-22 16:05:00+00:00,396.70001220703125,396.7200012207031,396.5450134277344,396.70989990234375,2776
2026-09-22 16:06:00+00:00,396.7099914550781,396.7250061035156,396.6499938964844,396.6700134277344,9549
2026-09-22 16:07:00+00:00,396.6600036621094,396.70928955078125,396.6300048828125,396.6700134277344,3618
2026-09-22 16:08:00+00:00,396.6449890136719,396.67999267578125,396.625,396.6600036621094,3018
2026-09-22 16:09:00+00:00,396.6499938964844,396.69000244140625,396.5,396.510009765625,13520
2026-09-22 16:10:00+00:00,396.55999755859375,396.5899963378906,396.510009765625,396.54998779296875,5767
2026-09-22 16:11:00+00:00,396.5249938964844,396.5299987792969,396.42999267578125,396.4825134277344,5742
2026-09-22 16:12:00+00:00,396.510009765625,396.5400085449219,396.44000244140625,396.4400939941406,2709
2026-09-22 16:13:00+00:00,396.4200134277344,396.42999267578125,396.3399963378906,396.3900146484375,3197
2026-09-22 16:14:00+00:00,396.3900146484375,396.4800109863281,396.3699951171875,396.3999938964844,13194
2026-09-22 16:15:00+00:00,396.3900146484375,396.44000244140625,396.3800048828125,396.4200134277344,4366
2026-09-22 16:16:00+00:00,396.4200134277344,396.4700012207031,396.4200134277344,396.4599914550781,34152
2026-09-22 16:17:00+00:00,396.42999267578125,396.4700012207031,396.3500061035156,396.45001220703125,7143
2026-09-22 16:18:00+00:00,396.489990234375,396.510009765625,396.3999938964844,396.4100036621094,5274
2026-09-22 16:19:00+00:00,396.44000244140625,396.6600036621094,396.3999938964844,396.6300048828125,8558
2026-09-22 16:20:00+00:00,396.6300048828125,396.6675109863281,396.45001220703125,396.6499938964844,11859
2026-09-22 16:21:00+00:00,396.6300048828125,396.66949462890625,396.510009765625,396.57000732421875,8576
2026-09-22 16:22:00+00:00,396.57000732421875,396.6650085449219,396.57000732421875,396.57000732421875,13082
2026-09-22 16:23:00+00:00,396.55999755859375,396.6300048828125,396.510009765625,396.5299987792969,9503
2026-09-22 16:24:00+00:00,396.5400085449219,396.5799865722656,396.5350036621094,396.57501220703125,6290
2026-09-22 16:25:00+00:00,396.5899963378906,396.7550048828125,396.5899963378906,396.6199951171875,60969
2026-09-22 16:26:00+00:00,396.6499938964844,396.6600036621094,396.6000061035156,396.614990234375,5367
2026-09-22 16:27:00+00:00,396.614990234375,396.70001220703125,396.6099853515625,396.6499938964844,6264
2026-09-22 16:28:00+00:00,396.6499938964844,396.65008544921875,396.5799865722656,396.6099853515625,26785
2026-09-22 16:29:00+00:00,396.6099853515625,396.67498779296875,396.6099853515625,396.6600036621094,5006
2026-09-22 16:30:00+00:00,396.6700134277344,396.81500244140625,396.6700134277344,396.7550048828125,3438
2026-09-22 16:31:00+00:00,396.7677001953125,396.7677001953125,396.6549987792969,396.69000244140625,4581
2026-09-22 16:32:00+00:00,396.69000244140625,396.7650146484375,396.69000244140625,396.75,2392
2026-09-22 16:33:00+00:00,396.7099914550781,396.7200012207031,396.6300048828125,396.68499755859375,1446
2026-09-22 16:34:00+00:00,396.67999267578125,396.8699951171875,396.67999267578125,396.8699951171875,8327
2026-09-22 16:35:00+00:00,396.8399963378906,396.8399963378906,396.7699890136719,396.7900085449219,1990
2026-09-22 16:36:00+00:00,396.7850036621094,396.7900085449219,396.75,396.7900085449219,993
2026-09-22 16:37:00+00:00,396.82000732421875,396.8699951171875,396.82000732421875,396.8399963378906,1500
2026-09-22 16:38:00+00:00,396.82000732421875,396.8599853515625,396.7900085449219,396.7950134277344,3667
2026-09-22 16:39:00+00:00,396.79998779296875,396.8900146484375,396.79998779296875,396.8800048828125,2769
2026-09-22 16:40:00+00:00,396.8800964355469,396.8800964355469,396.8052062988281,396.80999755859375,1883
2026-09-22 16:41:00+00:00,396.8299865722656,396.9599914550781,396.8299865722656,396.9599914550781,2009
2026-09-22 16:42:00+00:00,396.9700012207031,397.04998779296875,396.9599914550781,397.03009033203125,2337
2026-09-22 16:43:00+00:00,397.0400085449219,397.06500244140625,397.0400085449219,397.05999755859375,1296
2026-09-22 16:44:00+00:00,397.04998779296875,397.17999267578125,397.04998779296875,397.17498779296875,3399
2026-09-22 16:45:00+00:00,397.1700134277344,397.2099914550781,397.1400146484375,397.1400146484375,2527
2026-09-22 16:46:00+00:00,397.135986328125,397.19000244140625,397.1000061035156,397.19000244140625,2153
2026-09-22 16:47:00+00:00,397.18499755859375,397.18499755859375,397.0799865722656,397.1300048828125,3459
2026-09-22 16:48:00+00:00,397.14990234375,397.6000061035156,397.14990234375,397.4599914550781,29813
2026-09-22 16:49:00+00:00,397.4949951171875,398.010009765625,397.4800109863281,397.8999938964844,13699
2026-09-22 16:50:00+00:00,397.8900146484375,397.9700012207031,397.739990234375,397.8999938964844,6027
2026-09-22 16:51:00+00:00,397.8900146484375,398.06500244140625,397.8900146484375,397.989990234375,14288
2026-09-22 16:52:00+00:00,397.9100036621094,397.9200134277344,397.7099914550781,397.7184143066406,8337
2026-09-22 16:53:00+00:00,397.7149963378906,397.739990234375,397.6400146484375,397.7200012207031,3861
2026-09-22 16:54:00+00:00,397.6600036621094,397.75,397.6400146484375,397.6700134277344,57158
2026-09-22 16:55:00+00:00,397.7200012207031,397.8299865722656,397.54998779296875,397.5950012207031,8991
2026-09-22 16:56:00+00:00,397.57000732421875,397.57000732421875,397.42999267578125,397.55999755859375,5486
2026-09-22 16:57:00+00:00,397.57879638671875,397.57879638671875,397.4200134277344,397.53399658203125,10217
2026-09-22 16:58:00+00:00,397.5400085449219,397.6400146484375,397.5101013183594,397.6000061035156,3480
2026-09-22 16:59:00+00:00,397.6099853515625,397.6300048828125,397.5700988769531,397.6000061035156,2981
2026-09-22 17:00:00+00:00,397.57501220703125,397.659912109375,397.44000244140625,397.659912109375,14655
2026-09-22 17:01:00+00:00,397.6588134765625,397.6700134277344,397.6000061035156,397.6300048828125,14807
2026-09-22 17:02:00+00:00,397.6499938964844,397.6700134277344,397.55999755859375,397.6600036621094,12174
2026-09-22 17:03:00+00:00,397.6499938964844,397.7200012207031,397.6409912109375,397.67498779296875,3164
2026-09-22 17:04:00+00:00,397.6400146484375,397.7200012207031,397.6351013183594,397.6600036621094,6221
2026-09-22 17:05:00+00:00,397.69000244140625,397.79998779296875,397.65509033203125,397.7538146972656,4495
2026-09-22 17:06:00+00:00,397.80999755859375,397.94500732421875,397.7850036621094,397.94500732421875,8663
2026-09-22 17:07:00+00:00,397.95001220703125,398.0249938964844,397.82000732421875,397.8258972167969,3777
2026-09-22 17:08:00+00:00,397.8299865722656,397.8500061035156,397.75,397.760009765625,6411
2026-09-22 17:09:00+00:00,397.7449951171875,397.82000732421875,397.6600036621094,397.7099914550781,8267
2026-09-22 17:10:00+00:00,397.70001220703125,397.7449951171875,397.6650085449219,397.69000244140625,8163
2026-09-22 17:11:00+00:00,397.69000244140625,397.8699951171875,397.69000244140625,397.8561096191406,5357
2026-09-22 17:12:00+00:00,397.864990234375,397.9150085449219,397.864990234375,397.8699951171875,9251
2026-09-22 17:13:00+00:00,397.8900146484375,397.8900146484375,397.82000732421875,397.8699951171875,2429
2026-09-22 17:14:00+00:00,397.8699951171875,397.8800048828125,397.69000244140625,397.739990234375,6615
2026-09-22 17:15:00+00:00,397.7336120605469,397.8900146484375,397.67999267578125,397.8900146484375,6148
2026-09-22 17:16:00+00:00,397.89990234375,397.9700012207031,397.8299865722656,397.8634948730469,4663
2026-09-22 17:17:00+00:00,397.8399963378906,397.8399963378906,397.7200012207031,397.75,3309
2026-09-22 17:18:00+00:00,397.7200012207031,397.7799987792969,397.7099914550781,397.7200012207031,3433
2026-09-22 17:19:00+00:00,397.6650085449219,397.739990234375,397.6650085449219,397.68011474609375,3493
2026-09-22 17:20:00+00:00,397.6947021484375,397.8699951171875,397.69000244140625,397.8699951171875,3713
2026-09-22 17:21:00+00:00,397.885009765625,397.8900146484375,397.7749938964844,397.7799987792969,15155
2026-09-22 17:22:00+00:00,397.7799987792969,397.80999755859375,397.7300109863281,397.76470947265625,3135
2026-09-22 17:23:00+00:00,397.7699890136719,397.7699890136719,397.6099853515625,397.6400146484375,8387
2026-09-22 17:24:00+00:00,397.6449890136719,397.70001220703125,397.5799865722656,397.6199951171875,10686
2026-09-22 17:25:00+00:00,397.6199951171875,397.6199951171875,397.55999755859375,397.6099853515625,3353
2026-09-22 17:26:00+00:00,397.57501220703125,397.6600036621094,397.5199890136719,397.6199951171875,4474
2026-09-22 17:27:00+00:00,397.6600036621094,397.7294006347656,397.6400146484375,397.70001220703125,2625
2026-09-22 17:28:00+00:00,397.7300109863281,397.760009765625,397.6300048828125,397.7200012207031,17183
2026-09-22 17:29:00+00:00,397.7099914550781,397.864990234375,397.6499938964844,397.864990234375,5379
2026-09-22 17:30:00+00:00,397.9150085449219,397.95001220703125,397.7799987792969,397.81500244140625,6844
2026-09-22 17:31:00+00:00,397.8299865722656,397.8349914550781,397.69000244140625,397.7200012207031,5375
2026-09-22 17:32:00+00:00,397.7200012207031,397.7200012207031,397.5899963378906,397.5950012207031,23650
2026-09-22 17:33:00+00:00,397.5899963378906,397.6499938964844,397.510009765625,397.5199890136719,5431
2026-09-22 17:34:00+00:00,397.5050048828125,397.5799865722656,397.42999267578125,397.5799865722656,4326
2026-09-22 17:35:00+00:00,397.55999755859375,397.6000061035156,397.55999755859375,397.57000732421875,1666
2026-09-22 17:36:00+00:00,397.57000732421875,397.6099853515625,397.57000732421875,397.5830078125,805
2026-09-22 17:37:00+00:00,397.57000732421875,397.6700134277344,397.57000732421875,397.6000061035156,3115
2026-09-22 17:38:00+00:00,397.6036071777344,397.68798828125,397.57000732421875,397.6300048828125,2970
2026-09-22 17:39:00+00:00,397.6377868652344,397.6377868652344,397.55999755859375,397.5741882324219,1602
2026-09-22 17:40:00+00:00,397.56500244140625,397.5877990722656,397.5199890136719,397.5877990722656,1638
2026-09-22 17:41:00+00:00,397.53009033203125,397.6000061035156,397.53009033203125,397.57000732421875,2210
2026-09-22 17:42:00+00:00,397.56500244140625,397.739990234375,397.5400085449219,397.7049865722656,12448
2026-09-22 17:43:00+00:00,397.7200012207031,397.7950134277344,397.70001220703125,397.7699890136719,3363
2026-09-22 17:44:00+00:00,397.7900085449219,397.82000732421875,397.7699890136719,397.7799987792969,4931
2026-09-22 17:45:00+00:00,397.80999755859375,397.8900146484375,397.760009765625,397.8800048828125,11414
2026-09-22 17:46:00+00:00,397.8900146484375,397.8900146484375,397.80999755859375,397.8299865722656,8683
2026-09-22 17:47:00+00:00,397.8299865722656,397.9800109863281,397.8299865722656,397.9800109863281,8726
2026-09-22 17:48:00+00:00,397.95001220703125,397.9800109863281,397.9100036621094,397.9212951660156,21744
2026-09-22 17:49:00+00:00,397.9200134277344,397.9700012207031,397.885009765625,397.92999267578125,5938
2026-09-22 17:50:00+00:00,397.92498779296875,397.9800109863281,397.8699951171875,397.94000244140625,17430
2026-09-22 17:51:00+00:00,397.9100036621094,397.9800109863281,397.9049987792969,397.95001220703125,17528
2026-09-22 17:52:00+00:00,397.9649963378906,398.70001220703125,397.92999267578125,398.6400146484375,97482
2026-09-22 17:53:00+00:00,398.6400146484375,398.7099914550781,398.3900146484375,398.510009765625,43860
2026-09-22 17:54:00+00:00,398.510009765625,399.1199951171875,398.5,398.81500244140625,45702
2026-09-22 17:55:00+00:00,398.80499267578125,398.8299865722656,398.7300109863281,398.7699890136719,9448
2026-09-22 17:56:00+00:00,398.80999755859375,398.8500061035156,398.7300109863281,398.75,6729
2026-09-22 17:57:00+00:00,398.7900085449219,398.8999938964844,398.760009765625,398.7900085449219,10660
2026-09-22 17:58:00+00:00,398.7699890136719,398.9200134277344,398.7200012207031,398.9100036621094,12941
2026-09-22 17:59:00+00:00,398.8699951171875,399.0199890136719,398.8599853515625,398.90679931640625,5927
2026-09-22 18:00:00+00:00,398.92999267578125,398.92999267578125,398.7799987792969,398.919189453125,2724
2026-09-22 18:01:00+00:00,398.8299865722656,398.8299865722656,398.70001220703125,398.760009765625,2232
2026-09-22 18:02:00+00:00,398.75,398.75,398.6000061035156,398.659912109375,2979
2026-09-22 18:03:00+00:00,398.67999267578125,398.8900146484375,398.67999267578125,398.8599853515625,6380
2026-09-22 18:04:00+00:00,398.8599853515625,399.1499938964844,398.8399963378906,399.010009765625,16684
2026-09-22 18:05:00+00:00,399.010009765625,399.3500061035156,399.0,399.25,18056
2026-09-22 18:06:00+00:00,399.3299865722656,399.55999755859375,399.3299865722656,399.4700012207031,11470
2026-09-22 18:07:00+00:00,399.42999267578125,399.489990234375,399.239990234375,399.29998779296875,6409
2026-09-22 18:08:00+00:00,399.29998779296875,399.75,399.281494140625,399.6700134277344,28790
2026-09-22 18:09:00+00:00,399.6401062011719,399.6499938964844,399.5400085449219,399.5400085449219,7498
2026-09-22 18:10:00+00:00,399.6099853515625,399.6099853515625,399.3550109863281,399.4949951171875,11350
2026-09-22 18:11:00+00:00,399.5,399.67999267578125,399.4200134277344,399.54998779296875,20251
2026-09-22 18:12:00+00:00,399.668212890625,399.7699890136719,399.6099853515625,399.67999267578125,47831
2026-09-22 18:13:00+00:00,399.69000244140625,399.69000244140625,399.5199890136719,399.529296875,6672
2026-09-22 18:14:00+00:00,399.5299987792969,399.69000244140625,399.4800109863281,399.5799865722656,31402
2026-09-22 18:15:00+00:00,399.5799865722656,399.7799987792969,399.5799865722656,399.7300109863281,15755
2026-09-22 18:16:00+00:00,399.7099914550781,399.84979248046875,399.6099853515625,399.7349853515625,22791
2026-09-22 18:17:00+00:00,399.75,399.7799987792969,399.6499938964844,399.7099914550781,10823
2026-09-22 18:18:00+00:00,399.67999267578125,399.80999755859375,399.56500244140625,399.6099853515625,10456
2026-09-22 18:19:00+00:00,399.5939025878906,399.7950134277344,399.57000732421875,399.5700988769531,15508
2026-09-22 18:20:00+00:00,399.57000732421875,399.75,399.510009765625,399.75,6778
2026-09-22 18:21:00+00:00,399.7300109863281,399.7300109863281,399.489990234375,399.5199890136719,9833
2026-09-22 18:22:00+00:00,399.5299987792969,399.6449890136719,399.45001220703125,399.4599914550781,8795
2026-09-22 18:23:00+00:00,399.4800109863281,399.4800109863281,399.29998779296875,399.3399963378906,6780
2026-09-22 18:24:00+00:00,399.3550109863281,399.375,399.29998779296875,399.3500061035156,5765
2026-09-22 18:25:00+00:00,399.3399963378906,399.3775939941406,399.19500732421875,399.2799072265625,22116
2026-09-22 18:26:00+00:00,399.25,399.5199890136719,399.25,399.45001220703125,8906
2026-09-22 18:27:00+00:00,399.489990234375,399.5,399.4100036621094,399.4100036621094,8925
2026-09-22 18:28:00+00:00,399.4100036621094,399.4800109863281,399.32000732421875,399.3523864746094,11422
2026-09-22 18:29:00+00:00,399.3349914550781,399.42498779296875,399.2900085449219,399.3900146484375,6474
2026-09-22 18:30:00+00:00,399.4599914550781,399.4599914550781,399.30999755859375,399.4200134277344,7442
2026-09-22 18:31:00+00:00,399.3999938964844,399.447509765625,399.3599853515625,399.3900146484375,2805
2026-09-22 18:32:00+00:00,399.3800048828125,399.3800048828125,399.239990234375,399.30999755859375,2600
2026-09-22 18:33:00+00:00,399.29998779296875,399.30999755859375,399.1600036621094,399.239990234375,2716
2026-09-22 18:34:00+00:00,399.2099914550781,399.2200012207031,399.0400085449219,399.0799865722656,4780
2026-09-22 18:35:00+00:00,399.1000061035156,399.1000061035156,399.010009765625,399.0799865722656,16464
2026-09-22 18:36:00+00:00,399.0899963378906,399.1499938964844,398.8599853515625,399.0799865722656,13441
2026-09-22 18:37:00+00:00,399.1199951171875,399.1300048828125,399.0400085449219,399.0849914550781,2027
2026-09-22 18:38:00+00:00,399.0400085449219,399.07501220703125,398.92999267578125,398.997314453125,2918
2026-09-22 18:39:00+00:00,398.9700012207031,399.05999755859375,398.9549865722656,399.0599060058594,11167
2026-09-22 18:40:00+00:00,399.010009765625,399.0299987792969,398.965087890625,399.0299987792969,4166
2026-09-22 18:41:00+00:00,398.989990234375,399.0199890136719,398.739990234375,398.8800048828125,7798
2026-09-22 18:42:00+00:00,398.8900146484375,398.9700012207031,398.79998779296875,398.9599914550781,335500
2026-09-22 18:43:00+00:00,398.9599914550781,398.9599914550781,398.7699890136719,398.80999755859375,8458
2026-09-22 18:44:00+00:00,398.8297119140625,398.875,398.8219909667969,398.875,2555
2026-09-22 18:45:00+00:00,398.8999938964844,399.0299987792969,398.8999938964844,399.0299987792969,1929
2026-09-22 18:46:00+00:00,399.0799865722656,399.1300048828125,399.04998779296875,399.125,9132
2026-09-22 18:47:00+00:00,399.19989013671875,399.21990966796875,399.1499938964844,399.1600036621094,6293
2026-09-22 18:48:00+00:00,399.1698913574219,399.1698913574219,399.0400085449219,399.0400085449219,3721
2026-09-22 18:49:00+00:00,399.0400085449219,399.159912109375,399.0400085449219,399.159912109375,984
2026-09-22 18:50:00+00:00,399.1400146484375,399.1400146484375,399.0400085449219,399.0799865722656,38225
2026-09-22 18:51:00+00:00,399.1099853515625,399.1199951171875,399.05999755859375,399.1099853515625,1266
2026-09-22 18:52:00+00:00,399.19720458984375,399.2290954589844,399.1099853515625,399.2290954589844,4960
2026-09-22 18:53:00+00:00,399.2099914550781,399.25,399.1600036621094,399.1600036621094,2744
2026-09-22 18:54:00+00:00,399.1600036621094,399.19000244140625,399.0899963378906,399.0899963378906,14857
2026-09-22 18:55:00+00:00,399.07501220703125,399.07501220703125,398.9602966308594,399.0299987792969,1723
2026-09-22 18:56:00+00:00,399.010009765625,399.0199890136719,398.9100036621094,398.9100036621094,1520
2026-09-22 18:57:00+00:00,398.92999267578125,399.0299987792969,398.9200134277344,399.0,7546
2026-09-22 18:58:00+00:00,398.9800109863281,399.1600036621094,398.9599914550781,399.1600036621094,6968
2026-09-22 18:59:00+00:00,399.1600036621094,399.20001220703125,399.0799865722656,399.15008544921875,16886
2026-09-22 19:00:00+00:00,399.1799011230469,399.3699951171875,399.1700134277344,399.29998779296875,155997
2026-09-22 19:01:00+00:00,399.2900085449219,399.3900146484375,399.260009765625,399.3599853515625,7834
2026-09-22 19:02:00+00:00,399.32000732421875,399.32000732421875,399.19000244140625,399.23388671875,5234
2026-09-22 19:03:00+00:00,399.2049865722656,399.2699890136719,399.20001220703125,399.239990234375,5479
2026-09-22 19:04:00+00:00,399.239990234375,399.2900085449219,399.2099914550781,399.2900085449219,7086
2026-09-22 19:05:00+00:00,399.2799987792969,399.32000732421875,399.17999267578125,399.2851867675781,26746
2026-09-22 19:06:00+00:00,399.30999755859375,399.5199890136719,399.2699890136719,399.489990234375,4701
2026-09-22 19:07:00+00:00,399.5,399.5,399.3464050292969,399.4750061035156,9527
2026-09-22 19:08:00+00:00,399.4800109863281,399.5400085449219,399.42999267578125,399.5199890136719,7014
2026-09-22 19:09:00+00:00,399.52960205078125,399.5899963378906,399.4750061035156,399.510009765625,6736
2026-09-22 19:10:00+00:00,399.5400085449219,399.6000061035156,399.5,399.55999755859375,12254
2026-09-22 19:11:00+00:00,399.54998779296875,399.6499938964844,399.489990234375,399.6499938964844,16438
2026-09-22 19:12:00+00:00,399.67999267578125,399.70001220703125,399.54998779296875,399.6300048828125,9009
2026-09-22 19:13:00+00:00,399.6600036621094,399.6650085449219,399.5350036621094,399.5450134277344,5555
2026-09-22 19:14:00+00:00,399.57501220703125,399.6400146484375,399.5610046386719,399.6199951171875,6420
2026-09-22 19:15:00+00:00,399.67999267578125,399.69000244140625,399.6000061035156,399.6099853515625,8280
2026-09-22 19:16:00+00:00,399.6099853515625,399.6700134277344,399.5799865722656,399.5799865722656,7078
2026-09-22 19:17:00+00:00,399.5899963378906,399.5899963378906,399.45001220703125,399.5350036621094,8934
2026-09-22 19:18:00+00:00,399.54998779296875,399.6199951171875,399.510009765625,399.6199951171875,2132
2026-09-22 19:19:00+00:00,399.5899963378906,399.6099853515625,399.55999755859375,399.5849914550781,4460
2026-09-22 19:20:00+00:00,399.5849914550781,399.6199951171875,399.510009765625,399.54998779296875,9179
2026-09-22 19:21:00+00:00,399.5400085449219,399.5400085449219,399.44000244140625,399.489990234375,8710
2026-09-22 19:22:00+00:00,399.5,399.6000061035156,399.5,399.5299987792969,5894
2026-09-22 19:23:00+00:00,399.5799865722656,399.5950012207031,399.5450134277344,399.5899963378906,7721
2026-09-22 19:24:00+00:00,399.5799865722656,399.70001220703125,399.5299987792969,399.67999267578125,24459
2026-09-22 19:25:00+00:00,399.67999267578125,399.8999938964844,399.55999755859375,399.7699890136719,77534
2026-09-22 19:26:00+00:00,399.7699890136719,399.7900085449219,399.6000061035156,399.6449890136719,28728
2026-09-22 19:27:00+00:00,399.6700134277344,399.7200012207031,399.5299987792969,399.55999755859375,16251
2026-09-22 19:28:00+00:00,399.5400085449219,399.7099914550781,399.5400085449219,399.6300048828125,5081
2026-09-22 19:29:00+00:00,399.635009765625,399.79998779296875,399.6099853515625,399.7699890136719,6396
2026-09-22 19:30:00+00:00,399.7699890136719,399.9150085449219,399.7699890136719,399.9150085449219,46857
2026-09-22 19:31:00+00:00,399.92999267578125,400.17999267578125,399.9200134277344,400.17498779296875,82248
2026-09-22 19:32:00+00:00,400.1600036621094,400.375,400.0799865722656,400.32000732421875,31851
2026-09-22 19:33:00+00:00,400.32000732421875,400.5,400.2699890136719,400.42999267578125,35198
2026-09-22 19:34:00+00:00,400.4200134277344,400.7200012207031,400.3999938964844,400.6499938964844,16666
2026-09-22 19:35:00+00:00,400.6300964355469,400.7200012207031,400.57000732421875,400.6600036621094,68055
2026-09-22 19:36:00+00:00,400.6300048828125,400.6700134277344,400.3800048828125,400.3800048828125,25932
2026-09-22 19:37:00+00:00,400.3800048828125,400.75,400.32000732421875,400.6199951171875,18834
2026-09-22 19:38:00+00:00,400.6199951171875,400.625,400.4100036621094,400.489990234375,46980
2026-09-22 19:39:00+00:00,400.5400085449219,400.7300109863281,400.4200134277344,400.6099853515625,19242
2026-09-22 19:40:00+00:00,400.6600036621094,400.7799987792969,400.6199951171875,400.7300109863281,11681
2026-09-22 19:41:00+00:00,400.7300109863281,400.7300109863281,400.5199890136719,400.54998779296875,14755
2026-09-22 19:42:00+00:00,400.55999755859375,400.6099853515625,400.45001220703125,400.6000061035156,10783
2026-09-22 19:43:00+00:00,400.5799865722656,400.6099853515625,400.489990234375,400.5201110839844,30396
2026-09-22 19:44:00+00:00,400.5299987792969,400.6099853515625,400.3900146484375,400.6000061035156,22958
2026-09-22 19:45:00+00:00,400.6199951171875,400.7099914550781,400.5899963378906,400.6199951171875,17483
2026-09-22 19:46:00+00:00,400.6300048828125,400.68499755859375,400.57501220703125,400.635009765625,17165
2026-09-22 19:47:00+00:00,400.6300048828125,400.7200012207031,400.5299987792969,400.69000244140625,16487
2026-09-22 19:48:00+00:00,400.67999267578125,400.7099914550781,400.5899963378906,400.5899963378906,12690
2026-09-22 19:49:00+00:00,400.6099853515625,400.6199951171875,400.56500244140625,400.6000061035156,12421
2026-09-22 19:50:00+00:00,400.6000061035156,400.6000061035156,400.42999267578125,400.44500732421875,12151
2026-09-22 19:51:00+00:00,400.45001220703125,400.5799865722656,400.45001220703125,400.57501220703125,23869
2026-09-22 19:52:00+00:00,400.5799865722656,400.5799865722656,400.5,400.5350036621094,13859
2026-09-22 19:53:00+00:00,400.54998779296875,400.54998779296875,400.4200134277344,400.4700012207031,15629
2026-09-22 19:54:00+00:00,400.4700012207031,400.4700012207031,400.3399963378906,400.3599853515625,20396
2026-09-22 19:55:00+00:00,400.3550109863281,400.3699951171875,400.2499084472656,400.3399963378906,45363
2026-09-22 19:56:00+00:00,400.3349914550781,400.3699951171875,400.25,400.2699890136719,23613
2026-09-22 19:57:00+00:00,400.2900085449219,400.385009765625,400.2900085449219,400.364990234375,31015
2026-09-22 19:58:00+00:00,400.3699951171875,400.3699951171875,400.1600036621094,400.17999267578125,50054
2026-09-22 19:59:00+00:00,400.1700134277344,400.17999267578125,400.04998779296875,400.0799865722656,88409
2026-09-23 13:30:00+00:00,395.3299865722656,395.5,394.989990234375,395.0400085449219,516323
2026-09-23 13:31:00+00:00,395.0199890136719,395.0199890136719,394.6050109863281,394.6549987792969,32984
2026-09-23 13:32:00+00:00,394.67999267578125,394.75,394.5154113769531,394.6600036621094,63142
2026-09-23 13:33:00+00:00,394.6499938964844,394.6600036621094,394.4700012207031,394.5799865722656,31397
2026-09-23 13:34:00+00:00,394.5548095703125,394.55999755859375,394.3900146484375,394.3900146484375,14384
2026-09-23 13:35:00+00:00,394.3699951171875,394.4949951171875,394.1499938964844,394.30999755859375,41988
2026-09-23 13:36:00+00:00,394.32000732421875,394.69000244140625,394.2699890136719,394.6449890136719,42056
2026-09-23 13:37:00+00:00,394.6449890136719,394.64990234375,394.4100036621094,394.4700012207031,17066
2026-09-23 13:38:00+00:00,394.4800109863281,394.7149963378906,394.42999267578125,394.5799865722656,13680
2026-09-23 13:39:00+00:00,394.5799865722656,394.6650085449219,394.5199890136719,394.55999755859375,6507
2026-09-23 13:40:00+00:00,394.510009765625,394.6400146484375,394.4599914550781,394.5,8695
2026-09-23 13:41:00+00:00,394.4700012207031,394.4700012207031,394.1614074707031,394.239990234375,8801
2026-09-23 13:42:00+00:00,394.2300109863281,394.239990234375,393.0400085449219,393.1499938964844,82680
2026-09-23 13:43:00+00:00,393.1499938964844,393.4587097167969,393.010009765625,393.260009765625,27148
2026-09-23 13:44:00+00:00,393.2799987792969,393.5799865722656,393.2699890136719,393.54998779296875,13909
2026-09-23 13:45:00+00:00,393.510009765625,393.5299987792969,392.8299865722656,392.8349914550781,47195
2026-09-23 13:46:00+00:00,392.8500061035156,392.94500732421875,392.6600036621094,392.79998779296875,35784
2026-09-23 13:47:00+00:00,392.864990234375,392.9450988769531,392.5,392.79998779296875,33512
2026-09-23 13:48:00+00:00,392.7850036621094,393.0400085449219,392.7749938964844,392.90869140625,16941
2026-09-23 13:49:00+00:00,392.8699951171875,392.95001220703125,392.6400146484375,392.8550109863281,14152
2026-09-23 13:50:00+00:00,392.8800048828125,393.2850036621094,392.8800048828125,393.07000732421875,12283
2026-09-23 13:51:00+00:00,393.0299987792969,393.05999755859375,392.8299865722656,392.8999938964844,56363
2026-09-23 13:52:00+00:00,392.9100036621094,393.07000732421875,392.6600036621094,393.0050048828125,63713
2026-09-23 13:53:00+00:00,392.9649963378906,393.04998779296875,392.67999267578125,392.67999267578125,38580
2026-09-23 13:54:00+00:00,392.6300048828125,392.7900085449219,392.6300048828125,392.7300109863281,11807
2026-09-23 13:55:00+00:00,392.7200012207031,392.8999938964844,392.54998779296875,392.6199951171875,17152
2026-09-23 13:56:00+00:00,392.6199951171875,392.79998779296875,392.5849914550781,392.7149963378906,16984
2026-09-23 13:57:00+00:00,392.739990234375,393.0,392.7049865722656,393.0,13395
2026-09-23 13:58:00+00:00,393.0199890136719,393.0400085449219,392.8399963378906,392.9100036621094,15586
2026-09-23 13:59:00+00:00,392.9599914550781,393.0,392.7200012207031,392.75,23788
2026-09-23 14:00:00+00:00,392.75,393.3399963378906,392.7300109863281,393.2200012207031,22831
2026-09-23 14:01:00+00:00,393.20001220703125,393.3599853515625,393.04998779296875,393.30859375,32302
2026-09-23 14:02:00+00:00,393.3290100097656,393.3949890136719,393.1099853515625,393.17999267578125,28906
2026-09-23 14:03:00+00:00,393.17999267578125,393.330810546875,393.1000061035156,393.1400146484375,12630
2026-09-23 14:04:00+00:00,393.17999267578125,393.4599914550781,393.17999267578125,393.294189453125,40930
2026-09-23 14:05:00+00:00,393.32000732421875,393.3500061035156,392.9800109863281,393.04998779296875,27520
2026-09-23 14:06:00+00:00,393.0799865722656,393.20001220703125,392.9200134277344,393.1200866699219,12560
2026-09-23 14:07:00+00:00,393.1199951171875,393.17999267578125,393.0299987792969,393.1549987792969,12951
2026-09-23 14:08:00+00:00,393.19500732421875,393.58990478515625,393.19500732421875,393.5400085449219,14378
2026-09-23 14:09:00+00:00,393.55499267578125,393.6400146484375,393.42498779296875,393.4849853515625,46832
2026-09-23 14:10:00+00:00,393.4700012207031,393.5150146484375,393.0199890136719,393.1499938964844,22178
2026-09-23 14:11:00+00:00,393.1400146484375,393.1499938964844,392.79998779296875,392.9750061035156,32494
2026-09-23 14:12:00+00:00,393.010009765625,393.13330078125,392.8800048828125,392.8800048828125,17953
2026-09-23 14:13:00+00:00,392.8900146484375,392.94720458984375,392.7099914550781,392.82000732421875,17809
2026-09-23 14:14:00+00:00,392.82000732421875,392.875,392.5799865722656,392.67999267578125,21270
2026-09-23 14:15:00+00:00,392.70001220703125,393.04998779296875,392.6000061035156,392.8299865722656,16138
2026-09-23 14:16:00+00:00,392.8999938964844,392.9800109863281,392.81048583984375,392.95001220703125,16840
2026-09-23 14:17:00+00:00,392.9700012207031,392.9800109863281,392.3299865722656,392.3399963378906,38291
2026-09-23 14:18:00+00:00,392.4100036621094,392.510009765625,392.2799987792969,392.3399963378906,18112
2026-09-23 14:19:00+00:00,392.364990234375,392.489990234375,392.1600036621094,392.1600036621094,24680
2026-09-23 14:20:00+00:00,392.19000244140625,392.5,392.19000244140625,392.43499755859375,22856
2026-09-23 14:21:00+00:00,392.43499755859375,392.5199890136719,392.260009765625,392.4200134277344,20911
2026-09-23 14:22:00+00:00,392.42999267578125,392.6099853515625,392.1700134277344,392.54998779296875,20811
2026-09-23 14:23:00+00:00,392.54998779296875,392.6400146484375,392.3699951171875,392.5299987792969,50556
2026-09-23 14:24:00+00:00,392.5400085449219,392.760009765625,392.42999267578125,392.7200012207031,16450
2026-09-23 14:25:00+00:00,392.7300109863281,392.80999755859375,392.4100036621094,392.57501220703125,29111
2026-09-23 14:26:00+00:00,392.4700012207031,392.510009765625,392.2699890136719,392.42999267578125,22404
2026-09-23 14:27:00+00:00,392.42999267578125,392.42999267578125,392.1600036621094,392.2099914550781,18972
2026-09-23 14:28:00+00:00,392.19000244140625,392.44000244140625,392.1449890136719,392.3999938964844,36086
2026-09-23 14:29:00+00:00,392.4100036621094,392.42999267578125,392.2550048828125,392.3900146484375,26826
2026-09-23 14:30:00+00:00,392.3800048828125,392.9100036621094,392.3699951171875,392.6000061035156,32289
2026-09-23 14:31:00+00:00,392.6099853515625,392.79998779296875,392.57000732421875,392.7449951171875,158851
2026-09-23 14:32:00+00:00,392.75,392.9800109863281,392.6700134277344,392.8399963378906,14185
2026-09-23 14:33:00+00:00,392.8699951171875,393.2799987792969,392.8699951171875,393.2799987792969,65312
2026-09-23 14:34:00+00:00,393.239990234375,393.3599853515625,393.17498779296875,393.2117004394531,11995
2026-09-23 14:35:00+00:00,393.260009765625,393.375,393.2200927734375,393.3699951171875,28030
2026-09-23 14:36:00+00:00,393.3800048828125,393.3999938964844,393.1499938964844,393.239990234375,30065
2026-09-23 14:37:00+00:00,393.25,393.5199890136719,393.0299987792969,393.1499938964844,62841
2026-09-23 14:38:00+00:00,393.1199951171875,393.19000244140625,392.94000244140625,392.9898986816406,12505
2026-09-23 14:39:00+00:00,392.989990234375,393.0400085449219,392.6000061035156,392.6000061035156,10502
2026-09-23 14:40:00+00:00,392.6099853515625,392.8299865722656,392.6000061035156,392.7550048828125,11573
2026-09-23 14:41:00+00:00,392.75,393.0199890136719,392.7300109863281,393.0091857910156,8976
2026-09-23 14:42:00+00:00,393.010009765625,393.1300048828125,392.92999267578125,393.0498962402344,11777
2026-09-23 14:43:00+00:00,393.0199890136719,393.1050109863281,392.92999267578125,393.1050109863281,7407
2026-09-23 14:44:00+00:00,393.0899963378906,393.1300048828125,393.0000915527344,393.0000915527344,7122
2026-09-23 14:45:00+00:00,393.04998779296875,393.0899963378906,392.8550109863281,392.9200134277344,4027
2026-09-23 14:46:00+00:00,392.9100036621094,393.0,392.7950134277344,392.8999938964844,4968
2026-09-23 14:47:00+00:00,392.9599914550781,393.1300048828125,392.9599914550781,392.989990234375,6941
2026-09-23 14:48:00+00:00,393.0799865722656,393.114990234375,392.8599853515625,392.92510986328125,15202
2026-09-23 14:49:00+00:00,392.875,393.04998779296875,392.8500061035156,392.92999267578125,11296
2026-09-23 14:50:00+00:00,392.9150085449219,393.04998779296875,392.79998779296875,392.79998779296875,14059
2026-09-23 14:51:00+00:00,392.8399963378906,393.5498962402344,392.8299865722656,393.3800048828125,89970
2026-09-23 14:52:00+00:00,393.293212890625,393.6000061035156,393.2699890136719,393.6000061035156,7592
2026-09-23 14:53:00+00:00,393.6400146484375,394.1499938964844,393.6051940917969,394.0400085449219,94657
2026-09-23 14:54:00+00:00,394.1099853515625,394.1300048828125,393.8500061035156,393.9949951171875,23157
2026-09-23 14:55:00+00:00,394.0150146484375,394.0150146484375,393.5400085449219,393.8500061035156,41192
2026-09-23 14:56:00+00:00,393.8699951171875,393.9100036621094,393.52801513671875,393.5299987792969,3446
2026-09-23 14:57:00+00:00,393.6099853515625,393.7799987792969,393.4908142089844,393.739990234375,9020
2026-09-23 14:58:00+00:00,393.7349853515625,393.739990234375,393.4200134277344,393.5249938964844,7714
2026-09-23 14:59:00+00:00,393.5400085449219,393.7300109863281,393.4700012207031,393.7300109863281,3973
2026-09-23 15:00:00+00:00,393.760009765625,393.7900085449219,393.3999938964844,393.6099853515625,40382
2026-09-23 15:01:00+00:00,393.5950012207031,393.8175048828125,393.4599914550781,393.510009765625,33525
2026-09-23 15:02:00+00:00,393.5400085449219,393.67498779296875,393.4798889160156,393.6050109863281,4638
2026-09-23 15:03:00+00:00,393.6099853515625,393.6099853515625,393.4700927734375,393.5199890136719,17293
2026-09-23 15:04:00+00:00,393.5400085449219,393.5400085449219,393.239990234375,393.32000732421875,9580
2026-09-23 15:05:00+00:00,393.3500061035156,393.42999267578125,393.2699890136719,393.3500061035156,8089
2026-09-23 15:06:00+00:00,393.3800048828125,393.45001220703125,393.2650146484375,393.3500061035156,2312
2026-09-23 15:07:00+00:00,393.32501220703125,393.5299987792969,393.32501220703125,393.5299987792969,4928
2026-09-23 15:08:00+00:00,393.55999755859375,393.739990234375,393.5299987792969,393.6499938964844,6008
2026-09-23 15:09:00+00:00,393.6485900878906,393.73809814453125,393.6300048828125,393.6600036621094,3203
2026-09-23 15:10:00+00:00,393.7300109863281,393.9800109863281,393.7300109863281,393.92999267578125,4328
2026-09-23 15:11:00+00:00,393.9200134277344,393.9700012207031,393.69000244140625,393.75390625,3174
2026-09-23 15:12:00+00:00,393.7200927734375,393.92999267578125,393.7200927734375,393.7502136230469,7386
2026-09-23 15:13:00+00:00,393.70001220703125,393.7900085449219,393.6449890136719,393.7601013183594,5214
2026-09-23 15:14:00+00:00,393.7650146484375,393.86639404296875,393.7124938964844,393.7124938964844,2275
2026-09-23 15:15:00+00:00,393.7300109863281,393.7699890136719,393.55999755859375,393.6000061035156,10276
2026-09-23 15:16:00+00:00,393.6099853515625,393.6600036621094,393.5299987792969,393.5400085449219,5891
2026-09-23 15:17:00+00:00,393.54998779296875,393.56695556640625,393.340087890625,393.3900146484375,4177
2026-09-23 15:18:00+00:00,393.3999938964844,393.489990234375,393.3385925292969,393.44000244140625,4108
2026-09-23 15:19:00+00:00,393.4800109863281,393.5899963378906,393.3999938964844,393.5799865722656,6238
2026-09-23 15:20:00+00:00,393.6199951171875,393.6300048828125,393.5050048828125,393.5199890136719,9959
2026-09-23 15:21:00+00:00,393.5,393.5199890136719,393.3699951171875,393.3699951171875,3730
2026-09-23 15:22:00+00:00,393.3999938964844,393.5050048828125,393.3949890136719,393.4700012207031,2945
2026-09-23 15:23:00+00:00,393.5299987792969,393.61358642578125,393.41009521484375,393.41009521484375,4240
2026-09-23 15:24:00+00:00,393.3999938964844,393.4700012207031,393.3500061035156,393.4700012207031,3104
2026-09-23 15:25:00+00:00,393.4649963378906,393.6199951171875,393.4649963378906,393.6000061035156,6086
2026-09-23 15:26:00+00:00,393.5899963378906,393.6499938964844,393.2900085449219,393.3900146484375,43676
2026-09-23 15:27:00+00:00,393.4100036621094,393.4200134277344,393.2099914550781,393.2099914550781,7411
2026-09-23 15:28:00+00:00,393.2250061035156,393.2250061035156,392.9800109863281,392.989990234375,14598
2026-09-23 15:29:00+00:00,392.92999267578125,392.94000244140625,392.69000244140625,392.7099914550781,13352
2026-09-23 15:30:00+00:00,392.70001220703125,392.75,392.5899963378906,392.75,16229
2026-09-23 15:31:00+00:00,392.75,392.75,392.5400085449219,392.6050109863281,11637
2026-09-23 15:32:00+00:00,392.67999267578125,392.67999267578125,392.6029968261719,392.6400146484375,2235
2026-09-23 15:33:00+00:00,392.6700134277344,392.7300109863281,392.54998779296875,392.56500244140625,11487
2026-09-23 15:34:00+00:00,392.510009765625,392.7699890136719,392.44000244140625,392.7650146484375,10257
2026-09-23 15:35:00+00:00,392.739990234375,392.95001220703125,392.6300048828125,392.9100036621094,24626
2026-09-23 15:36:00+00:00,392.875,392.95001220703125,392.70001220703125,392.70001220703125,15772
2026-09-23 15:37:00+00:00,392.69000244140625,392.7300109863281,392.5268859863281,392.5950012207031,12133
2026-09-23 15:38:00+00:00,392.6050109863281,392.68829345703125,392.5400085449219,392.55499267578125,8270
2026-09-23 15:39:00+00:00,392.55499267578125,392.6449890136719,392.32000732421875,392.4200134277344,47065
2026-09-23 15:40:00+00:00,392.3900146484375,392.4800109863281,392.3299865722656,392.3999938964844,7780
2026-09-23 15:41:00+00:00,392.4700012207031,392.5299987792969,392.3599853515625,392.3800048828125,9095
2026-09-23 15:42:00+00:00,392.3999938964844,392.659912109375,392.3900146484375,392.6499938964844,5826
2026-09-23 15:43:00+00:00,392.6300048828125,392.7362060546875,392.57000732421875,392.7300109863281,5293
2026-09-23 15:44:00+00:00,392.7300109863281,392.8500061035156,392.6700134277344,392.79998779296875,6802
2026-09-23 15:45:00+00:00,392.7900085449219,392.8900146484375,392.739990234375,392.8800048828125,10258
2026-09-23 15:46:00+00:00,392.8699951171875,392.8800048828125,392.79998779296875,392.82000732421875,9880
2026-09-23 15:47:00+00:00,392.8299865722656,392.8299865722656,392.55999755859375,392.6099853515625,12989
2026-09-23 15:48:00+00:00,392.6199951171875,392.7200012207031,392.3800048828125,392.44000244140625,10326
2026-09-23 15:49:00+00:00,392.4049987792969,392.42999267578125,392.1600036621094,392.2300109863281,28281
2026-09-23 15:50:00+00:00,392.2349853515625,392.3999938964844,392.17999267578125,392.32000732421875,11939
2026-09-23 15:51:00+00:00,392.3500061035156,392.3900146484375,392.239990234375,392.3699951171875,25158
2026-09-23 15:52:00+00:00,392.375,392.4800109863281,392.3699951171875,392.4100036621094,3037
2026-09-23 15:53:00+00:00,392.4200134277344,392.4599914550781,392.30999755859375,392.3999938964844,4334
2026-09-23 15:54:00+00:00,392.4100036621094,392.4800109863281,392.3807067871094,392.45001220703125,7415
2026-09-23 15:55:00+00:00,392.5050048828125,392.5570983886719,392.4700012207031,392.4750061035156,5385
2026-09-23 15:56:00+00:00,392.5050048828125,392.5299987792969,392.42120361328125,392.5199890136719,9286
2026-09-23 15:57:00+00:00,392.5400085449219,392.6300048828125,392.4700012207031,392.54998779296875,34656
2026-09-23 15:58:00+00:00,392.55999755859375,392.5899963378906,392.5199890136719,392.55999755859375,20391
2026-09-23 15:59:00+00:00,392.55499267578125,392.57000732421875,392.4800109863281,392.5600891113281,8968
2026-09-23 16:00:00+00:00,392.5400085449219,392.6650085449219,392.5199890136719,392.5350036621094,8952
2026-09-23 16:01:00+00:00,392.54998779296875,392.5899963378906,392.4700012207031,392.4800109863281,4196
2026-09-23 16:02:00+00:00,392.4601135253906,392.5,392.2850036621094,392.29400634765625,5532
2026-09-23 16:03:00+00:00,392.32501220703125,392.3800048828125,392.2900085449219,392.3599853515625,8662
2026-09-23 16:04:00+00:00,392.3699951171875,392.3800048828125,392.2650146484375,392.30999755859375,15166
2026-09-23 16:05:00+00:00,392.2699890136719,392.4049987792969,392.2300109863281,392.3999938964844,11425
2026-09-23 16:06:00+00:00,392.4100036621094,392.5,392.3299865722656,392.4150085449219,8069
2026-09-23 16:07:00+00:00,392.4200134277344,392.6400146484375,392.4200134277344,392.6099853515625,8735
2026-09-23 16:08:00+00:00,392.6300048828125,392.7900085449219,392.6199951171875,392.69000244140625,6225
2026-09-23 16:09:00+00:00,392.69000244140625,392.6940002441406,392.5799865722656,392.6000061035156,6296
2026-09-23 16:10:00+00:00,392.5799865722656,392.614990234375,392.5375061035156,392.614990234375,2059
2026-09-23 16:11:00+00:00,392.6000061035156,392.63629150390625,392.5450134277344,392.635009765625,5564
2026-09-23 16:12:00+00:00,392.635009765625,392.75,392.635009765625,392.7149963378906,4647
2026-09-23 16:13:00+00:00,392.7250061035156,392.7300109863281,392.6482238769531,392.69500732421875,4044
2026-09-23 16:14:00+00:00,392.70001220703125,392.7049865722656,392.6199951171875,392.6600036621094,15715
2026-09-23 16:15:00+00:00,392.70001220703125,392.760009765625,392.6199951171875,392.7301025390625,4759
2026-09-23 16:16:00+00:00,392.7449951171875,392.82000732421875,392.6499938964844,392.6700134277344,18756
2026-09-23 16:17:00+00:00,392.6650085449219,392.7200012207031,392.6400146484375,392.7099914550781,6242
2026-09-23 16:18:00+00:00,392.7099914550781,392.7749938964844,392.6600036621094,392.6600036621094,5493
2026-09-23 16:19:00+00:00,392.69000244140625,392.7749938964844,392.5899963378906,392.7749938964844,9762
2026-09-23 16:20:00+00:00,392.760009765625,392.7799987792969,392.7149963378906,392.7349853515625,9008
2026-09-23 16:21:00+00:00,392.68499755859375,392.760009765625,392.67498779296875,392.760009765625,2352
2026-09-23 16:22:00+00:00,392.7099914550781,392.7099914550781,392.6400146484375,392.67999267578125,4570
2026-09-23 16:23:00+00:00,392.6600036621094,392.69000244140625,392.6099853515625,392.6400146484375,4947
2026-09-23 16:24:00+00:00,392.6449890136719,392.68499755859375,392.5849914550781,392.5849914550781,5860
2026-09-23 16:25:00+00:00,392.5849914550781,392.8399963378906,392.5799865722656,392.82000732421875,13473
2026-09-23 16:26:00+00:00,392.8399963378906,392.8800048828125,392.75,392.75,9522
2026-09-23 16:27:00+00:00,392.7699890136719,392.83209228515625,392.7699890136719,392.7799987792969,4186
2026-09-23 16:28:00+00:00,392.7650146484375,392.8800048828125,392.7149963378906,392.8550109863281,7613
2026-09-23 16:29:00+00:00,392.8500061035156,392.9200134277344,392.7799987792969,392.9200134277344,5427
2026-09-23 16:30:00+00:00,392.9150085449219,393.0,392.9150085449219,392.9700012207031,3117
2026-09-23 16:31:00+00:00,392.95001220703125,392.9700012207031,392.85009765625,392.8900146484375,10762
2026-09-23 16:32:00+00:00,392.9150085449219,392.9599914550781,392.885009765625,392.885009765625,1999
2026-09-23 16:33:00+00:00,392.8999938964844,393.07000732421875,392.8999938964844,393.04998779296875,13165
2026-09-23 16:34:00+00:00,393.0400085449219,393.1099853515625,392.9800109863281,393.010009765625,15192
2026-09-23 16:35:00+00:00,392.989990234375,393.0199890136719,392.92999267578125,392.989990234375,18894
2026-09-23 16:36:00+00:00,393.0199890136719,393.1700134277344,393.0199890136719,393.1400146484375,6134
2026-09-23 16:37:00+00:00,393.1199951171875,393.2200012207031,393.1199951171875,393.20001220703125,7805
2026-09-23 16:38:00+00:00,393.19500732421875,393.25,393.1400146484375,393.25,4682
2026-09-23 16:39:00+00:00,393.25,393.2900085449219,393.0802917480469,393.0899963378906,14960
2026-09-23 16:40:00+00:00,393.0899963378906,393.1099853515625,392.9953918457031,393.0899963378906,11086
2026-09-23 16:41:00+00:00,393.072998046875,393.1050109863281,392.9801025390625,393.0050048828125,57026
2026-09-23 16:42:00+00:00,392.989990234375,393.07501220703125,392.94000244140625,392.94500732421875,11497
2026-09-23 16:43:00+00:00,392.92999267578125,393.1000061035156,392.92999267578125,393.0553894042969,3692
2026-09-23 16:44:00+00:00,393.07000732421875,393.1199951171875,392.9599914550781,392.9599914550781,7101
2026-09-23 16:45:00+00:00,392.95001220703125,393.010009765625,392.75,392.8800048828125,22109
2026-09-23 16:46:00+00:00,392.8900146484375,392.94500732421875,392.8500061035156,392.87188720703125,10692
2026-09-23 16:47:00+00:00,392.8800048828125,392.9800109863281,392.7200012207031,392.8299865722656,15046
2026-09-23 16:48:00+00:00,392.7900085449219,392.81500244140625,392.7229919433594,392.81500244140625,10457
2026-09-23 16:49:00+00:00,392.79998779296875,392.79998779296875,392.4700012207031,392.6300048828125,12360
2026-09-23 16:50:00+00:00,392.6499938964844,392.7650146484375,392.5899963378906,392.6700134277344,8340
2026-09-23 16:51:00+00:00,392.6549987792969,392.69000244140625,392.4800109863281,392.4800109863281,12413
2026-09-23 16:52:00+00:00,392.4700012207031,392.5299987792969,392.3999938964844,392.45001220703125,4993
2026-09-23 16:53:00+00:00,392.44000244140625,392.54998779296875,392.2950134277344,392.54998779296875,8228
2026-09-23 16:54:00+00:00,392.55999755859375,392.75,392.55999755859375,392.67999267578125,9862
2026-09-23 16:55:00+00:00,392.6600036621094,392.7449951171875,392.6000061035156,392.7200012207031,2989
2026-09-23 16:56:00+00:00,392.7300109863281,392.82989501953125,392.6300964355469,392.80499267578125,7934
2026-09-23 16:57:00+00:00,392.8399963378906,392.8599853515625,392.75,392.75,2392
2026-09-23 16:58:00+00:00,392.82000732421875,392.9100036621094,392.760009765625,392.8800048828125,3161
2026-09-23 16:59:00+00:00,392.860107421875,392.92999267578125,392.8500061035156,392.8500061035156,4083
2026-09-23 17:00:00+00:00,392.8299865722656,392.8800048828125,392.7554016113281,392.79998779296875,6861
2026-09-23 17:01:00+00:00,392.79998779296875,392.9100036621094,392.7799987792969,392.8349914550781,5187
2026-09-23 17:02:00+00:00,392.8695068359375,392.8695068359375,391.989990234375,392.09051513671875,84874
2026-09-23 17:03:00+00:00,392.1099853515625,392.510009765625,392.07000732421875,392.1300048828125,16656
2026-09-23 17:04:00+00:00,392.1499938964844,392.3299865722656,392.1499938964844,392.20001220703125,9039
2026-09-23 17:05:00+00:00,392.30999755859375,392.42999267578125,392.20001220703125,392.3399963378906,3976
2026-09-23 17:06:00+00:00,392.4100036621094,392.4700012207031,392.2300109863281,392.4599914550781,15245
2026-09-23 17:07:00+00:00,392.4800109863281,392.5299987792969,392.3800048828125,392.42999267578125,212927
2026-09-23 17:08:00+00:00,392.4599914550781,392.6799011230469,392.4599914550781,392.5899963378906,11995
2026-09-23 17:09:00+00:00,392.57000732421875,392.760009765625,392.54998779296875,392.760009765625,14514
2026-09-23 17:10:00+00:00,392.7200012207031,392.7550048828125,392.6700134277344,392.739990234375,3540
2026-09-23 17:11:00+00:00,392.7300109863281,392.8399963378906,392.4800109863281,392.4818420410156,10793
2026-09-23 17:12:00+00:00,392.42999267578125,392.42999267578125,392.17999267578125,392.30999755859375,6493
2026-09-23 17:13:00+00:00,392.2900085449219,392.3599853515625,392.2200012207031,392.2200012207031,3069
2026-09-23 17:14:00+00:00,392.2250061035156,392.32501220703125,392.2200012207031,392.2699890136719,5634
2026-09-23 17:15:00+00:00,392.2900085449219,392.2900085449219,392.0899963378906,392.0899963378906,3221
2026-09-23 17:16:00+00:00,392.1300048828125,392.27789306640625,392.0950012207031,392.260009765625,8730
2026-09-23 17:17:00+00:00,392.2001037597656,392.3399963378906,392.2001037597656,392.3399963378906,9098
2026-09-23 17:18:00+00:00,392.29998779296875,392.4100036621094,392.2900085449219,392.4100036621094,1301
2026-09-23 17:19:00+00:00,392.3500061035156,392.4599914550781,392.3399963378906,392.3699951171875,2383
2026-09-23 17:20:00+00:00,392.3500061035156,392.5199890136719,392.3299865722656,392.5199890136719,5223
2026-09-23 17:21:00+00:00,392.6064147949219,392.75,392.57000732421875,392.7149963378906,6185
2026-09-23 17:22:00+00:00,392.7099914550781,392.7101135253906,392.5899963378906,392.6549987792969,7114
2026-09-23 17:23:00+00:00,392.69000244140625,392.760009765625,392.635009765625,392.739990234375,2197
2026-09-23 17:24:00+00:00,392.7300109863281,392.7300109863281,392.5899963378906,392.6000061035156,2565
2026-09-23 17:25:00+00:00,392.5899963378906,392.6499938964844,392.5899963378906,392.6099853515625,1587
2026-09-23 17:26:00+00:00,392.5899963378906,392.614990234375,392.5400085449219,392.6099853515625,4476
2026-09-23 17:27:00+00:00,392.6400146484375,392.70001220703125,392.5,392.5,4135
2026-09-23 17:28:00+00:00,392.5299987792969,392.6549987792969,392.5199890136719,392.55999755859375,2052
2026-09-23 17:29:00+00:00,392.6099853515625,392.6099853515625,392.4750061035156,392.6099853515625,5082
2026-09-23 17:30:00+00:00,392.5799865722656,392.6099853515625,392.4700012207031,392.5299987792969,6560
2026-09-23 17:31:00+00:00,392.5450134277344,392.57000732421875,392.30999755859375,392.30999755859375,3864
2026-09-23 17:32:00+00:00,392.25,392.260009765625,392.1099853515625,392.25,10648
2026-09-23 17:33:00+00:00,392.2200012207031,392.3299865722656,392.19000244140625,392.3299865722656,2501
2026-09-23 17:34:00+00:00,392.3500061035156,392.4800109863281,392.3500061035156,392.4700012207031,4383
2026-09-23 17:35:00+00:00,392.3966064453125,392.4049987792969,392.29998779296875,392.3399963378906,3468
2026-09-23 17:36:00+00:00,392.25,392.27978515625,392.17999267578125,392.25,6063
2026-09-23 17:37:00+00:00,392.2749938964844,392.4599914550781,392.2749938964844,392.3700866699219,3529
2026-09-23 17:38:00+00:00,392.3699951171875,392.3949890136719,392.2799987792969,392.3399963378906,3977
2026-09-23 17:39:00+00:00,392.32000732421875,392.3299865722656,391.9599914550781,391.9949951171875,14957
2026-09-23 17:40:00+00:00,392.0299987792969,392.3900146484375,391.8700866699219,392.29998779296875,62526
2026-09-23 17:41:00+00:00,392.239990234375,392.7300109863281,392.239990234375,392.68499755859375,26008
2026-09-23 17:42:00+00:00,392.6050109863281,393.0,392.5799865722656,392.92999267578125,15295
2026-09-23 17:43:00+00:00,392.95001220703125,393.1099853515625,392.8699951171875,392.9949951171875,9331
2026-09-23 17:44:00+00:00,393.010009765625,393.25,392.8599853515625,393.1199951171875,49798
2026-09-23 17:45:00+00:00,393.1000061035156,393.239990234375,393.0710144042969,393.2300109863281,25639
2026-09-23 17:46:00+00:00,393.2300109863281,393.260009765625,393.010009765625,393.010009765625,6841
2026-09-23 17:47:00+00:00,393.04998779296875,393.3399963378906,393.04998779296875,393.239990234375,18719
2026-09-23 17:48:00+00:00,393.2699890136719,393.32000732421875,393.2200012207031,393.2300109863281,9946
2026-09-23 17:49:00+00:00,393.20001220703125,393.3699951171875,393.1809997558594,393.3299865722656,6555
2026-09-23 17:50:00+00:00,393.3399963378906,393.3900146484375,393.2699890136719,393.2799987792969,7010
2026-09-23 17:51:00+00:00,393.25,393.32000732421875,393.18499755859375,393.2200012207031,4491
2026-09-23 17:52:00+00:00,393.2300109863281,393.3699951171875,393.2300109863281,393.32501220703125,10150
2026-09-23 17:53:00+00:00,393.30999755859375,393.4200134277344,393.30999755859375,393.3900146484375,4751
2026-09-23 17:54:00+00:00,393.4150085449219,393.42999267578125,393.3450012207031,393.3900146484375,15214
2026-09-23 17:55:00+00:00,393.4100036621094,393.4100036621094,393.17999267578125,393.17999267578125,8545
2026-09-23 17:56:00+00:00,393.20001220703125,393.2699890136719,393.1499938964844,393.239990234375,10975
2026-09-23 17:57:00+00:00,393.25,393.42999267578125,393.2300109863281,393.4200134277344,16610
2026-09-23 17:58:00+00:00,393.44000244140625,393.57000732421875,393.44000244140625,393.44000244140625,7816
2026-09-23 17:59:00+00:00,393.4700012207031,393.54998779296875,393.4649963378906,393.54998779296875,5910
2026-09-23 18:00:00+00:00,393.5450134277344,393.5899963378906,393.510009765625,393.5899963378906,12394
2026-09-23 18:01:00+00:00,393.5899963378906,393.70001220703125,393.5801086425781,393.6400146484375,11343
2026-09-23 18:02:00+00:00,393.6400146484375,393.739990234375,393.55999755859375,393.55999755859375,14035
2026-09-23 18:03:00+00:00,393.57080078125,393.57080078125,393.3800048828125,393.3999938964844,7862
2026-09-23 18:04:00+00:00,393.3699951171875,393.3999938964844,393.29998779296875,393.3399963378906,10770
2026-09-23 18:05:00+00:00,393.3299865722656,393.3299865722656,393.2099914550781,393.2699890136719,5123
2026-09-23 18:06:00+00:00,393.2799987792969,393.3599853515625,393.27569580078125,393.27569580078125,3750
2026-09-23 18:07:00+00:00,393.239990234375,393.3699951171875,393.239990234375,393.3599853515625,5719
2026-09-23 18:08:00+00:00,393.3699951171875,393.3900146484375,393.3399963378906,393.3599853515625,5922
2026-09-23 18:09:00+00:00,393.3349914550781,393.3699951171875,393.3251037597656,393.3599853515625,4590
2026-09-23 18:10:00+00:00,393.3399963378906,393.3500061035156,393.2699890136719,393.3500061035156,7342
2026-09-23 18:11:00+00:00,393.30999755859375,393.30999755859375,393.239990234375,393.2550964355469,23497
2026-09-23 18:12:00+00:00,393.260009765625,393.260009765625,393.1400146484375,393.17498779296875,5541
2026-09-23 18:13:00+00:00,393.19000244140625,393.2699890136719,393.1700134277344,393.2699890136719,4685
2026-09-23 18:14:00+00:00,393.25,393.2699890136719,393.2300109863281,393.239990234375,3898
2026-09-23 18:15:00+00:00,393.2300109863281,393.3599853515625,393.2200012207031,393.3399963378906,3748
2026-09-23 18:16:00+00:00,393.3399963378906,393.36700439453125,393.19989013671875,393.20001220703125,14968
2026-09-23 18:17:00+00:00,393.19000244140625,393.4049987792969,393.19000244140625,393.3599853515625,19618
2026-09-23 18:18:00+00:00,393.3399963378906,393.42999267578125,393.3349914550781,393.3500061035156,7273
2026-09-23 18:19:00+00:00,393.3500061035156,393.4599914550781,393.3399963378906,393.3450012207031,9724
2026-09-23 18:20:00+00:00,393.3399963378906,393.4100036621094,393.3399963378906,393.3999938964844,13959
2026-09-23 18:21:00+00:00,393.4100036621094,393.4198913574219,393.1499938964844,393.1700134277344,26382
2026-09-23 18:22:00+00:00,393.19000244140625,393.30499267578125,393.19000244140625,393.20001220703125,18753
2026-09-23 18:23:00+00:00,393.2300109863281,393.3299865722656,393.1700134277344,393.1700134277344,16533
2026-09-23 18:24:00+00:00,393.17498779296875,393.17498779296875,393.1300048828125,393.1400146484375,7945
2026-09-23 18:25:00+00:00,393.1600036621094,393.20599365234375,393.06060791015625,393.1300048828125,11100
2026-09-23 18:26:00+00:00,393.1400146484375,393.1400146484375,393.0400085449219,393.0400085449219,2923
2026-09-23 18:27:00+00:00,393.05499267578125,393.0799865722656,392.9599914550781,392.989990234375,7536
2026-09-23 18:28:00+00:00,392.9800109863281,392.9800109863281,392.7699890136719,392.82000732421875,18573
2026-09-23 18:29:00+00:00,392.83099365234375,392.96990966796875,392.739990234375,392.96990966796875,11183
2026-09-23 18:30:00+00:00,392.95001220703125,392.95001220703125,392.82000732421875,392.82501220703125,5619
2026-09-23 18:31:00+00:00,392.8999938964844,393.010009765625,392.8699951171875,393.010009765625,2229
2026-09-23 18:32:00+00:00,393.07000732421875,393.07000732421875,392.9901123046875,393.04998779296875,2924
2026-09-23 18:33:00+00:00,393.0419921875,393.07000732421875,393.0,393.0,7482
2026-09-23 18:34:00+00:00,392.9700012207031,393.04998779296875,392.9599914550781,392.9700012207031,4821
2026-09-23 18:35:00+00:00,393.0199890136719,393.0799865722656,392.989990234375,393.07000732421875,3131
2026-09-23 18:36:00+00:00,393.05999755859375,393.1050109863281,393.010009765625,393.05999755859375,2189
2026-09-23 18:37:00+00:00,393.0199890136719,393.0400085449219,392.9700927734375,393.0050048828125,7936
2026-09-23 18:38:00+00:00,392.9800109863281,392.9800109863281,392.8800048828125,392.95001220703125,3545
2026-09-23 18:39:00+00:00,392.92999267578125,392.92999267578125,392.8399963378906,392.8799133300781,7896
2026-09-23 18:40:00+00:00,392.8900146484375,392.9200134277344,392.8500061035156,392.8900146484375,14645
2026-09-23 18:41:00+00:00,392.8900146484375,392.92999267578125,392.8299865722656,392.90008544921875,15323
2026-09-23 18:42:00+00:00,392.8999938964844,392.989990234375,392.8999938964844,392.9200134277344,8483
2026-09-23 18:43:00+00:00,392.8999938964844,392.9150085449219,392.8399963378906,392.8500061035156,5423
2026-09-23 18:44:00+00:00,392.8800048828125,392.8800048828125,392.760009765625,392.7900085449219,19751
2026-09-23 18:45:00+00:00,392.7850036621094,392.7900085449219,392.6700134277344,392.7799987792969,12584
2026-09-23 18:46:00+00:00,392.7799987792969,392.8063659667969,392.70001220703125,392.76959228515625,6929
2026-09-23 18:47:00+00:00,392.7799987792969,392.8299865722656,392.7699890136719,392.82501220703125,6307
2026-09-23 18:48:00+00:00,392.8500061035156,392.9700012207031,392.8299865722656,392.9682922363281,2947
2026-09-23 18:49:00+00:00,392.9700012207031,393.0199890136719,392.92999267578125,393.010009765625,4104
2026-09-23 18:50:00+00:00,393.0199890136719,393.1099853515625,393.0199890136719,393.0400085449219,6713
2026-09-23 18:51:00+00:00,393.0299987792969,393.1099853515625,393.0299987792969,393.07000732421875,6029
2026-09-23 18:52:00+00:00,393.0799865722656,393.1199951171875,393.07000732421875,393.09991455078125,3341
2026-09-23 18:53:00+00:00,393.0899963378906,393.1199951171875,393.0304870605469,393.0799865722656,6966
2026-09-23 18:54:00+00:00,393.0799865722656,393.1499938964844,393.05999755859375,393.1499938964844,4211
2026-09-23 18:55:00+00:00,393.1499938964844,393.32000732421875,393.0899963378906,393.29998779296875,4759
2026-09-23 18:56:00+00:00,393.31500244140625,393.32000732421875,393.2567138671875,393.2699890136719,3381
2026-09-23 18:57:00+00:00,393.260009765625,393.2699890136719,393.2099914550781,393.239990234375,4851
2026-09-23 18:58:00+00:00,393.2300109863281,393.3299865722656,393.2200012207031,393.3299865722656,4314
2026-09-23 18:59:00+00:00,393.32501220703125,393.3699951171875,393.30999755859375,393.3599853515625,59605
2026-09-23 19:00:00+00:00,393.3500061035156,393.364990234375,393.25,393.32000732421875,22819
2026-09-23 19:01:00+00:00,393.32000732421875,393.3900146484375,393.2799987792969,393.2900085449219,8044
2026-09-23 19:02:00+00:00,393.31500244140625,393.3599853515625,393.29998779296875,393.32501220703125,7529
2026-09-23 19:03:00+00:00,393.3399963378906,393.3800048828125,393.1300048828125,393.1600036621094,5613
2026-09-23 19:04:00+00:00,393.1700134277344,393.2099914550781,393.1400146484375,393.19000244140625,4936
2026-09-23 19:05:00+00:00,393.17999267578125,393.260009765625,393.1650085449219,393.17999267578125,5447
2026-09-23 19:06:00+00:00,393.2099914550781,393.462890625,393.19000244140625,393.462890625,18702
2026-09-23 19:07:00+00:00,393.4549865722656,393.57000732421875,393.3599853515625,393.54998779296875,12251
2026-09-23 19:08:00+00:00,393.6099853515625,393.6199951171875,393.4599914550781,393.4599914550781,7175
2026-09-23 19:09:00+00:00,393.4549865722656,393.4549865722656,393.239990234375,393.260009765625,28114
2026-09-23 19:10:00+00:00,393.2799072265625,393.32000732421875,393.2099914550781,393.2663879394531,16226
2026-09-23 19:11:00+00:00,393.2699890136719,393.3208923339844,393.2301025390625,393.29998779296875,14014
2026-09-23 19:12:00+00:00,393.29998779296875,393.29998779296875,393.05999755859375,393.05999755859375,42523
2026-09-23 19:13:00+00:00,393.05999755859375,393.05999755859375,392.8999938964844,392.97650146484375,26881
2026-09-23 19:14:00+00:00,393.010009765625,393.010009765625,392.7699890136719,392.7699890136719,51724
2026-09-23 19:15:00+00:00,392.7900085449219,392.9200134277344,392.67999267578125,392.7049865722656,20663
2026-09-23 19:16:00+00:00,392.7051086425781,392.8399963378906,392.6400146484375,392.8118896484375,14723
2026-09-23 19:17:00+00:00,392.8349914550781,392.8584899902344,392.7699890136719,392.8399963378906,6499
2026-09-23 19:18:00+00:00,392.82000732421875,392.8599853515625,392.739990234375,392.79998779296875,3514
2026-09-23 19:19:00+00:00,392.79998779296875,392.8599853515625,392.69500732421875,392.75,5621
2026-09-23 19:20:00+00:00,392.7300109863281,392.7799987792969,392.69500732421875,392.7200012207031,5301
2026-09-23 19:21:00+00:00,392.7300109863281,392.75,392.69000244140625,392.7449951171875,5061
2026-09-23 19:22:00+00:00,392.7449951171875,392.77899169921875,392.7049865722656,392.75,8866
2026-09-23 19:23:00+00:00,392.760009765625,392.8900146484375,392.7300109863281,392.8550109863281,5424
2026-09-23 19:24:00+00:00,392.8550109863281,392.9150085449219,392.8550109863281,392.8999938964844,6521
2026-09-23 19:25:00+00:00,392.93499755859375,392.94500732421875,392.8450012207031,392.8450012207031,4577
2026-09-23 19:26:00+00:00,392.8699035644531,392.94000244140625,392.80999755859375,392.80999755859375,3847
2026-09-23 19:27:00+00:00,392.79998779296875,393.0,392.7799987792969,392.9599914550781,5896
2026-09-23 19:28:00+00:00,392.94000244140625,393.0199890136719,392.9200134277344,393.0199890136719,9254
2026-09-23 19:29:00+00:00,393.0199890136719,393.0400085449219,392.9800109863281,393.0050048828125,21648
2026-09-23 19:30:00+00:00,393.0199890136719,393.04998779296875,392.92999267578125,393.0,19289
2026-09-23 19:31:00+00:00,392.989990234375,393.0199890136719,392.80999755859375,392.8299865722656,22281
2026-09-23 19:32:00+00:00,392.8299865722656,392.8299865722656,392.7349853515625,392.7900085449219,15761
2026-09-23 19:33:00+00:00,392.80999755859375,392.8800048828125,392.7799987792969,392.8599853515625,18820
2026-09-23 19:34:00+00:00,392.8699951171875,392.9200134277344,392.8599853515625,392.9200134277344,6289
2026-09-23 19:35:00+00:00,392.9100036621094,392.92999267578125,392.79998779296875,392.82000732421875,12882
2026-09-23 19:36:00+00:00,392.80999755859375,392.8699951171875,392.7300109863281,392.739990234375,24223
2026-09-23 19:37:00+00:00,392.7449951171875,392.7449951171875,392.6400146484375,392.6419982910156,11111
2026-09-23 19:38:00+00:00,392.6300048828125,392.6300048828125,392.5150146484375,392.57501220703125,21855
2026-09-23 19:39:00+00:00,392.57501220703125,392.6300048828125,392.5199890136719,392.5899963378906,19255
2026-09-23 19:40:00+00:00,392.5899963378906,392.7900085449219,392.5899963378906,392.7699890136719,29274
2026-09-23 19:41:00+00:00,392.7550048828125,392.8299865722656,392.7099914550781,392.7099914550781,31405
2026-09-23 19:42:00+00:00,392.75,392.7900085449219,392.6600036621094,392.6600036621094,35892
2026-09-23 19:43:00+00:00,392.6499938964844,392.6600036621094,392.5849914550781,392.6099853515625,14069
2026-09-23 19:44:00+00:00,392.6199951171875,392.6300048828125,392.54998779296875,392.6199951171875,17914
2026-09-23 19:45:00+00:00,392.6300048828125,392.7900085449219,392.614990234375,392.7799987792969,32857
2026-09-23 19:46:00+00:00,392.739990234375,392.93499755859375,392.739990234375,392.9049987792969,30453
2026-09-23 19:47:00+00:00,392.9049987792969,392.989990234375,392.8699951171875,392.94000244140625,13957
2026-09-23 19:48:00+00:00,392.94000244140625,393.0050048828125,392.9100036621094,392.9800109863281,29798
2026-09-23 19:49:00+00:00,392.9750061035156,393.0299987792969,392.9599914550781,392.989990234375,12900
2026-09-23 19:50:00+00:00,393.0299987792969,393.04998779296875,392.8500061035156,393.0050048828125,35645
2026-09-23 19:51:00+00:00,393.0,393.0299987792969,392.9100036621094,393.0150146484375,26796
2026-09-23 19:52:00+00:00,393.0199890136719,393.0450134277344,392.79010009765625,392.8299865722656,36515
2026-09-23 19:53:00+00:00,392.8500061035156,392.8949890136719,392.79998779296875,392.80499267578125,33221
2026-09-23 19:54:00+00:00,392.819091796875,392.8580017089844,392.70001220703125,392.70001220703125,28035
2026-09-23 19:55:00+00:00,392.7099914550781,392.8299865722656,392.6300048828125,392.7300109863281,62687
2026-09-23 19:56:00+00:00,392.7300109863281,392.760009765625,392.6400146484375,392.6499938964844,41885
2026-09-23 19:57:00+00:00,392.6600036621094,392.760009765625,392.54998779296875,392.7099914550781,96889
2026-09-23 19:58:00+00:00,392.70001220703125,392.82000732421875,392.6600036621094,392.69000244140625,77693
2026-09-23 19:59:00+00:00,392.67999267578125,392.8399963378906,392.6499938964844,392.7799987792969,125812
2026-09-24 13:30:00+00:00,391.9599914550781,392.06500244140625,391.79998779296875,391.79998779296875,491368
2026-09-24 13:31:00+00:00,392.0299987792969,392.0400085449219,391.79998779296875,391.8500061035156,12644
2026-09-24 13:32:00+00:00,391.8399963378906,391.9100036621094,391.7300109863281,391.739990234375,9209
2026-09-24 13:33:00+00:00,391.7200012207031,391.92999267578125,391.6300048828125,391.6700134277344,13450
2026-09-24 13:34:00+00:00,391.69000244140625,391.79998779296875,391.56500244140625,391.6199951171875,11578
2026-09-24 13:35:00+00:00,391.6300048828125,391.6300048828125,391.45001220703125,391.45001220703125,9002
2026-09-24 13:36:00+00:00,391.4700012207031,391.6401062011719,391.4010009765625,391.55999755859375,13891
2026-09-24 13:37:00+00:00,391.5400085449219,391.6300048828125,391.3900146484375,391.42999267578125,10590
2026-09-24 13:38:00+00:00,391.4601135253906,391.70001220703125,391.4601135253906,391.6700134277344,8003
2026-09-24 13:39:00+00:00,391.6310119628906,391.9049987792969,391.5249938964844,391.5249938964844,9589
2026-09-24 13:40:00+00:00,391.4700012207031,391.5400085449219,391.3299865722656,391.3299865722656,7615
2026-09-24 13:41:00+00:00,391.3299865722656,391.3894958496094,391.1300048828125,391.2900085449219,9503
2026-09-24 13:42:00+00:00,391.29998779296875,391.625,391.29998779296875,391.489990234375,19932
2026-09-24 13:43:00+00:00,391.4549865722656,391.7200012207031,391.4549865722656,391.57501220703125,4914
2026-09-24 13:44:00+00:00,391.6099853515625,391.67999267578125,391.510009765625,391.66009521484375,7023
2026-09-24 13:45:00+00:00,391.6600036621094,391.94000244140625,391.489990234375,391.6400146484375,25441
2026-09-24 13:46:00+00:00,391.6400146484375,391.95001220703125,391.6099853515625,391.7099914550781,6295
2026-09-24 13:47:00+00:00,391.75,391.8299865722656,391.5,391.510009765625,15491
2026-09-24 13:48:00+00:00,391.489990234375,391.6449890136719,391.489990234375,391.6449890136719,5742
2026-09-24 13:49:00+00:00,391.6499938964844,391.6499938964844,391.42999267578125,391.489990234375,10245
2026-09-24 13:50:00+00:00,391.4800109863281,391.50799560546875,391.3399963378906,391.4599914550781,8441
2026-09-24 13:51:00+00:00,391.3999938964844,391.5299987792969,391.1637878417969,391.2200012207031,9313
2026-09-24 13:52:00+00:00,391.2200012207031,391.42999267578125,391.1600036621094,391.32000732421875,20919
2026-09-24 13:53:00+00:00,391.30999755859375,391.32501220703125,390.9599914550781,391.0400085449219,27237
2026-09-24 13:54:00+00:00,391.05999755859375,391.33990478515625,391.04998779296875,391.04998779296875,23519
2026-09-24 13:55:00+00:00,391.0,391.2699890136719,390.989990234375,391.0899963378906,42992
2026-09-24 13:56:00+00:00,391.05999755859375,391.1000061035156,390.8700866699219,391.0199890136719,71979
2026-09-24 13:57:00+00:00,390.989990234375,390.989990234375,390.8699951171875,390.8900146484375,17984
2026-09-24 13:58:00+00:00,390.9150085449219,391.04998779296875,390.8599853515625,391.04998779296875,15324
2026-09-24 13:59:00+00:00,391.05499267578125,391.1499938964844,390.94000244140625,391.125,18241
2026-09-24 14:00:00+00:00,391.114990234375,391.114990234375,390.9200134277344,391.0450134277344,12866
2026-09-24 14:01:00+00:00,391.07000732421875,391.1600036621094,390.94720458984375,391.00335693359375,30740
2026-09-24 14:02:00+00:00,390.9700012207031,391.20001220703125,390.9700012207031,391.0,17784
2026-09-24 14:03:00+00:00,391.0400085449219,391.2900085449219,391.0,391.260009765625,16359
2026-09-24 14:04:00+00:00,391.239990234375,391.4100036621094,391.2099914550781,391.3900146484375,29425
2026-09-24 14:05:00+00:00,391.4200134277344,391.4200134277344,391.1400146484375,391.2699890136719,37629
2026-09-24 14:06:00+00:00,391.2900085449219,391.32000732421875,391.1300048828125,391.26629638671875,8578
2026-09-24 14:07:00+00:00,391.2650146484375,391.6300048828125,391.2200012207031,391.54998779296875,31436
2026-09-24 14:08:00+00:00,391.57000732421875,391.57000732421875,391.3999938964844,391.5199890136719,10822
2026-09-24 14:09:00+00:00,391.5199890136719,391.5199890136719,391.20001220703125,391.3699951171875,12742
2026-09-24 14:10:00+00:00,391.3799133300781,391.4100036621094,391.1600036621094,391.2799987792969,26180
2026-09-24 14:11:00+00:00,391.25,391.25,391.1000061035156,391.17999267578125,51159
2026-09-24 14:12:00+00:00,391.1791076660156,391.2099914550781,391.04998779296875,391.2099914550781,5628
2026-09-24 14:13:00+00:00,391.20001220703125,391.4100036621094,391.17999267578125,391.30999755859375,9803
2026-09-24 14:14:00+00:00,391.3699951171875,391.4700012207031,391.2950134277344,391.31988525390625,7329
2026-09-24 14:15:00+00:00,391.30999755859375,391.4599914550781,391.0299987792969,391.0350036621094,7287
2026-09-24 14:16:00+00:00,391.010009765625,391.0400085449219,390.80999755859375,391.0299987792969,73373
2026-09-24 14:17:00+00:00,391.0299987792969,391.2900085449219,390.885009765625,391.1300048828125,33000
2026-09-24 14:18:00+00:00,391.1199951171875,391.260009765625,390.9750061035156,391.1600036621094,10828
2026-09-24 14:19:00+00:00,391.17999267578125,391.2200012207031,390.8599853515625,390.8800048828125,12399
2026-09-24 14:20:00+00:00,390.8800048828125,390.8800048828125,390.6700134277344,390.79998779296875,18142
2026-09-24 14:21:00+00:00,390.760009765625,390.760009765625,390.625,390.6499938964844,8022
2026-09-24 14:22:00+00:00,390.67999267578125,390.739990234375,390.635009765625,390.6600036621094,21124
2026-09-24 14:23:00+00:00,390.6400146484375,390.7799987792969,390.60198974609375,390.6401062011719,12374
2026-09-24 14:24:00+00:00,390.6000061035156,390.8500061035156,390.510009765625,390.739990234375,11061
2026-09-24 14:25:00+00:00,390.739990234375,390.760009765625,390.614990234375,390.6199951171875,10981
2026-09-24 14:26:00+00:00,390.6499938964844,390.8299865722656,390.6000061035156,390.82000732421875,10517
2026-09-24 14:27:00+00:00,390.8500061035156,391.1400146484375,390.7908935546875,391.1300048828125,12547
2026-09-24 14:28:00+00:00,391.1300048828125,391.239990234375,391.04998779296875,391.1199951171875,15752
2026-09-24 14:29:00+00:00,391.1000061035156,391.1099853515625,390.9949951171875,391.0799865722656,25438
2026-09-24 14:30:00+00:00,391.0299987792969,391.0299987792969,390.6199951171875,390.6549987792969,14114
2026-09-24 14:31:00+00:00,390.6499938964844,390.70001220703125,390.5,390.5799865722656,19568
2026-09-24 14:32:00+00:00,390.55999755859375,390.6299133300781,390.4200134277344,390.42999267578125,11220
2026-09-24 14:33:00+00:00,390.45001220703125,390.45001220703125,390.1499938964844,390.29998779296875,16301
2026-09-24 14:34:00+00:00,390.3799133300781,390.6099853515625,390.3799133300781,390.5799865722656,8602
2026-09-24 14:35:00+00:00,390.5616760253906,390.6000061035156,390.4100036621094,390.5726623535156,11686
2026-09-24 14:36:00+00:00,390.6099853515625,390.6099853515625,390.4100036621094,390.5299987792969,9548
2026-09-24 14:37:00+00:00,390.54998779296875,390.57000732421875,390.3900146484375,390.45001220703125,9005
2026-09-24 14:38:00+00:00,390.42999267578125,390.4549865722656,390.1300048828125,390.1300048828125,17798
2026-09-24 14:39:00+00:00,390.1400146484375,390.17999267578125,390.0400085449219,390.159912109375,30646
2026-09-24 14:40:00+00:00,390.1600036621094,390.1716003417969,389.9700012207031,390.0400085449219,36457
2026-09-24 14:41:00+00:00,390.0249938964844,390.0400085449219,389.92999267578125,389.92999267578125,46531
2026-09-24 14:42:00+00:00,389.9200134277344,390.1400146484375,389.8999938964844,389.9137878417969,22015
2026-09-24 14:43:00+00:00,389.8999938964844,390.04998779296875,389.8999938964844,390.0199890136719,8033
2026-09-24 14:44:00+00:00,390.0299987792969,390.1141052246094,390.010009765625,390.07000732421875,14409
2026-09-24 14:45:00+00:00,390.05999755859375,390.0899963378906,389.8999938964844,389.989990234375,19684
2026-09-24 14:46:00+00:00,389.95001220703125,390.1700134277344,389.93060302734375,390.05499267578125,20465
2026-09-24 14:47:00+00:00,390.0,390.239990234375,390.0,390.1600036621094,4793
2026-09-24 14:48:00+00:00,390.1300048828125,390.2650146484375,390.1300048828125,390.2200012207031,9774
2026-09-24 14:49:00+00:00,390.2090148925781,390.2090148925781,390.1000061035156,390.1199951171875,13900
2026-09-24 14:50:00+00:00,390.1300048828125,390.5899963378906,390.1300048828125,390.2900085449219,63534
2026-09-24 14:51:00+00:00,390.2699890136719,390.3299865722656,390.260009765625,390.30999755859375,11205
2026-09-24 14:52:00+00:00,390.31500244140625,390.6000061035156,390.31500244140625,390.4700012207031,12317
2026-09-24 14:53:00+00:00,390.45001220703125,390.510009765625,390.3699951171875,390.510009765625,7159
2026-09-24 14:54:00+00:00,390.510009765625,390.54998779296875,390.3800048828125,390.3800048828125,5803
2026-09-24 14:55:00+00:00,390.3599853515625,390.3699951171875,390.1109924316406,390.1400146484375,7786
2026-09-24 14:56:00+00:00,390.17999267578125,390.19000244140625,389.9801025390625,389.9999084472656,18739
2026-09-24 14:57:00+00:00,389.9800109863281,389.9800109863281,389.79998779296875,389.8399963378906,21254
2026-09-24 14:58:00+00:00,389.79998779296875,389.95001220703125,389.7101135253906,389.8500061035156,24468
2026-09-24 14:59:00+00:00,389.8500061035156,389.8800048828125,389.760009765625,389.7799987792969,15851
2026-09-24 15:00:00+00:00,389.7799987792969,389.8500061035156,389.7019958496094,389.7650146484375,30247
2026-09-24 15:01:00+00:00,389.7799987792969,389.8299865722656,389.54998779296875,389.6650085449219,24978
2026-09-24 15:02:00+00:00,389.6499938964844,389.7900085449219,389.5199890136719,389.6099853515625,26704
2026-09-24 15:03:00+00:00,389.510009765625,389.7900085449219,389.4798889160156,389.5899963378906,68094
2026-09-24 15:04:00+00:00,389.6000061035156,389.79998779296875,389.54998779296875,389.55999755859375,5910
2026-09-24 15:05:00+00:00,389.5299987792969,389.5799865722656,389.510009765625,389.5249938964844,7251
2026-09-24 15:06:00+00:00,389.54998779296875,389.6000061035156,389.45001220703125,389.4698181152344,11293
2026-09-24 15:07:00+00:00,389.4200134277344,389.5450134277344,389.364990234375,389.5299987792969,18819
2026-09-24 15:08:00+00:00,389.5400085449219,389.6099853515625,389.4599914550781,389.5199890136719,9043
2026-09-24 15:09:00+00:00,389.5199890136719,389.5299987792969,389.4100036621094,389.4599914550781,22272
2026-09-24 15:10:00+00:00,389.489990234375,389.55999755859375,389.4200134277344,389.44000244140625,11656
2026-09-24 15:11:00+00:00,389.4599914550781,389.6000061035156,389.45001220703125,389.514892578125,15022
2026-09-24 15:12:00+00:00,389.5,389.5,389.29998779296875,389.3598937988281,8012
2026-09-24 15:13:00+00:00,389.32000732421875,389.3399963378906,389.04998779296875,389.0899963378906,22761
2026-09-24 15:14:00+00:00,389.04901123046875,389.239990234375,389.04901123046875,389.239990234375,13300
2026-09-24 15:15:00+00:00,389.20001220703125,389.4700012207031,389.1600036621094,389.3599853515625,15567
2026-09-24 15:16:00+00:00,389.3699951171875,389.7900085449219,389.3399963378906,389.5799865722656,33096
2026-09-24 15:17:00+00:00,389.6000061035156,389.67498779296875,389.510009765625,389.55999755859375,8391
2026-09-24 15:18:00+00:00,389.5,389.6000061035156,389.42010498046875,389.6000061035156,10475
2026-09-24 15:19:00+00:00,389.6199951171875,389.7900085449219,389.5400085449219,389.5400085449219,16573
2026-09-24 15:20:00+00:00,389.489990234375,389.6400146484375,389.4700012207031,389.5799865722656,16235
2026-09-24 15:21:00+00:00,389.5950012207031,389.8299865722656,389.54998779296875,389.8299865722656,10161
2026-09-24 15:22:00+00:00,389.80499267578125,389.9200134277344,389.760009765625,389.9100036621094,27484
2026-09-24 15:23:00+00:00,389.9200134277344,389.989990234375,389.8900146484375,389.9599914550781,17941
2026-09-24 15:24:00+00:00,389.95001220703125,390.010009765625,389.885009765625,390.0050048828125,19877
2026-09-24 15:25:00+00:00,390.0,390.0,389.67999267578125,389.69500732421875,11072
2026-09-24 15:26:00+00:00,389.7099914550781,389.7200012207031,389.6210021972656,389.6449890136719,10110
2026-09-24 15:27:00+00:00,389.6400146484375,389.6600036621094,389.41009521484375,389.4700012207031,9113
2026-09-24 15:28:00+00:00,389.4100036621094,389.6499938964844,389.4100036621094,389.510009765625,26899
2026-09-24 15:29:00+00:00,389.510009765625,389.5899963378906,389.4800109863281,389.55499267578125,13655
2026-09-24 15:30:00+00:00,389.5400085449219,389.6000061035156,389.4289855957031,389.43499755859375,9956
2026-09-24 15:31:00+00:00,389.489990234375,389.489990234375,389.29998779296875,389.3599853515625,10794
2026-09-24 15:32:00+00:00,389.2900085449219,389.510009765625,389.2200012207031,389.3800048828125,17795
2026-09-24 15:33:00+00:00,389.3999938964844,389.5199890136719,389.3999938964844,389.489990234375,10349
2026-09-24 15:34:00+00:00,389.5050048828125,389.5050048828125,389.2799987792969,389.3500061035156,21381
2026-09-24 15:35:00+00:00,389.3349914550781,389.4599914550781,389.25,389.4599914550781,17964
2026-09-24 15:36:00+00:00,389.4800109863281,389.6050109863281,389.42999267578125,389.4599914550781,23218
2026-09-24 15:37:00+00:00,389.4599914550781,389.7300109863281,389.4599914550781,389.7099914550781,19546
2026-09-24 15:38:00+00:00,389.7200012207031,389.8399963378906,389.69000244140625,389.82000732421875,31296
2026-09-24 15:39:00+00:00,389.82000732421875,389.8900146484375,389.70001220703125,389.8800048828125,5466
2026-09-24 15:40:00+00:00,389.9200134277344,389.9200134277344,389.7650146484375,389.7900085449219,8408
2026-09-24 15:41:00+00:00,389.7900085449219,389.94500732421875,389.7799987792969,389.8399963378906,7339
2026-09-24 15:42:00+00:00,389.8299865722656,389.8800048828125,389.79998779296875,389.8599853515625,8719
2026-09-24 15:43:00+00:00,389.8699951171875,389.927001953125,389.79998779296875,389.8699951171875,31496
2026-09-24 15:44:00+00:00,389.9200134277344,390.0400085449219,389.8999938964844,390.0,13841
2026-09-24 15:45:00+00:00,390.0199890136719,390.1300048828125,389.989990234375,390.05950927734375,14610
2026-09-24 15:46:00+00:00,390.05999755859375,390.05999755859375,389.8500061035156,389.9100036621094,15159
2026-09-24 15:47:00+00:00,389.92999267578125,390.17999267578125,389.8999938964844,390.0899963378906,20312
2026-09-24 15:48:00+00:00,390.07000732421875,390.1000061035156,389.9800109863281,390.0000915527344,19424
2026-09-24 15:49:00+00:00,390.010009765625,390.0899963378906,389.92498779296875,390.0,8929
2026-09-24 15:50:00+00:00,389.95001220703125,390.2900085449219,389.92999267578125,390.2900085449219,0
2026-09-24 15:51:00+00:00,390.2850036621094,390.41009521484375,390.2850036621094,390.3999938964844,11675
2026-09-24 15:52:00+00:00,390.3900146484375,390.4299011230469,390.2850036621094,390.32501220703125,4683
2026-09-24 15:53:00+00:00,390.3399963378906,390.5,390.2300109863281,390.2300109863281,9439
2026-09-24 15:54:00+00:00,390.2149963378906,390.25,390.1400146484375,390.239990234375,37895
2026-09-24 15:55:00+00:00,390.2550048828125,390.260009765625,390.0400085449219,390.04998779296875,20053
2026-09-24 15:56:00+00:00,390.04998779296875,390.2099914550781,389.989990234375,390.1700134277344,18237
2026-09-24 15:57:00+00:00,390.17999267578125,390.2300109863281,390.1199951171875,390.20001220703125,3972
2026-09-24 15:58:00+00:00,390.17498779296875,390.2300109863281,390.1300048828125,390.1700134277344,3777
2026-09-24 15:59:00+00:00,390.1600036621094,390.17999267578125,390.0799865722656,390.1499938964844,4639
2026-09-24 16:00:00+00:00,390.1600036621094,390.2200012207031,390.0,390.07501220703125,5623
2026-09-24 16:01:00+00:00,390.0400085449219,390.1700134277344,389.94000244140625,390.07501220703125,16444
2026-09-24 16:02:00+00:00,390.0799865722656,390.1400146484375,390.0600891113281,390.1173095703125,2145
2026-09-24 16:03:00+00:00,390.114990234375,390.239990234375,390.0899963378906,390.239990234375,3370
2026-09-24 16:04:00+00:00,390.19000244140625,390.3399963378906,390.1400146484375,390.3399963378906,3719
2026-09-24 16:05:00+00:00,390.30999755859375,390.32000732421875,390.17999267578125,390.25,3688
2026-09-24 16:06:00+00:00,390.25,390.260009765625,389.9800109863281,389.9800109863281,6299
2026-09-24 16:07:00+00:00,389.9700012207031,389.9800109863281,389.8399963378906,389.8900146484375,11077
2026-09-24 16:08:00+00:00,389.8800048828125,389.92999267578125,389.8699951171875,389.8999938964844,7185
2026-09-24 16:09:00+00:00,389.9425964355469,389.9425964355469,389.79998779296875,389.82000732421875,9676
2026-09-24 16:10:00+00:00,389.8900146484375,389.9525146484375,389.8800048828125,389.9200134277344,2985
2026-09-24 16:11:00+00:00,389.885009765625,389.8999938964844,389.8299865722656,389.8900146484375,3004
2026-09-24 16:12:00+00:00,389.8999938964844,389.9894104003906,389.8500061035156,389.864990234375,19268
2026-09-24 16:13:00+00:00,389.8900146484375,389.9200134277344,389.82000732421875,389.885009765625,6233
2026-09-24 16:14:00+00:00,389.9200134277344,390.4200134277344,389.9049987792969,390.3900146484375,31266
2026-09-24 16:15:00+00:00,390.3900146484375,391.4200134277344,390.30999755859375,391.2300109863281,71866
2026-09-24 16:16:00+00:00,391.2900085449219,392.9599914550781,391.2200012207031,392.6600036621094,102157
2026-09-24 16:17:00+00:00,392.55999755859375,392.92999267578125,392.20001220703125,392.3599853515625,85578
2026-09-24 16:18:00+00:00,392.3299865722656,393.07000732421875,391.9599914550781,391.9599914550781,153283
2026-09-24 16:19:00+00:00,391.9549865722656,392.2799987792969,391.54998779296875,391.6600036621094,25382
2026-09-24 16:20:00+00:00,391.760009765625,392.3699951171875,391.760009765625,391.8500061035156,22566
2026-09-24 16:21:00+00:00,391.8900146484375,392.19000244140625,391.80999755859375,391.8999938964844,24596
2026-09-24 16:22:00+00:00,391.8399963378906,391.9800109863281,391.6549987792969,391.7850036621094,8178
2026-09-24 16:23:00+00:00,391.7900085449219,391.92999267578125,391.6000061035156,391.6099853515625,8781
2026-09-24 16:24:00+00:00,391.489990234375,391.8900146484375,391.4849853515625,391.8900146484375,3294
2026-09-24 16:25:00+00:00,392.0,392.0,391.5899963378906,391.67999267578125,11552
2026-09-24 16:26:00+00:00,391.6300048828125,391.92999267578125,391.6199951171875,391.7799987792969,3853
2026-09-24 16:27:00+00:00,391.739990234375,391.9800109863281,391.57000732421875,391.82000732421875,6024
2026-09-24 16:28:00+00:00,391.8500061035156,392.0,391.760009765625,391.8699951171875,13194
2026-09-24 16:29:00+00:00,391.8999938964844,391.9599914550781,391.7099914550781,391.9100036621094,5268
2026-09-24 16:30:00+00:00,391.9070129394531,392.0299987792969,391.8999938964844,391.94000244140625,3486
2026-09-24 16:31:00+00:00,391.9200134277344,392.0,391.6000061035156,391.6000061035156,8471
2026-09-24 16:32:00+00:00,391.56500244140625,391.6499938964844,391.3999938964844,391.5299987792969,11736
2026-09-24 16:33:00+00:00,391.54998779296875,391.9549865722656,391.5299987792969,391.7799987792969,4928
2026-09-24 16:34:00+00:00,391.760009765625,391.9100036621094,391.57000732421875,391.6099853515625,4253
2026-09-24 16:35:00+00:00,391.70001220703125,391.9849853515625,391.6400146484375,391.8800048828125,3591
2026-09-24 16:36:00+00:00,391.8800048828125,392.0899963378906,391.8800048828125,392.0,7502
2026-09-24 16:37:00+00:00,392.1000061035156,392.1600036621094,391.9849853515625,392.0199890136719,3011
2026-09-24 16:38:00+00:00,391.9800109863281,392.05499267578125,391.8399963378906,391.8599853515625,5720
2026-09-24 16:39:00+00:00,391.8949890136719,391.989990234375,391.8450012207031,391.94000244140625,2798
2026-09-24 16:40:00+00:00,392.0199890136719,392.135009765625,391.92999267578125,392.135009765625,2267
2026-09-24 16:41:00+00:00,392.239990234375,392.30999755859375,392.17010498046875,392.30999755859375,7784
2026-09-24 16:42:00+00:00,392.42529296875,392.7839050292969,392.4200134277344,392.6700134277344,48274
2026-09-24 16:43:00+00:00,392.6585998535156,392.6700134277344,392.29998779296875,392.29998779296875,4205
2026-09-24 16:44:00+00:00,392.2749938964844,392.30999755859375,391.7300109863281,391.7300109863281,3893
2026-09-24 16:45:00+00:00,391.70001220703125,391.82989501953125,391.6199951171875,391.79998779296875,10300
2026-09-24 16:46:00+00:00,391.7900085449219,392.0899963378906,391.739990234375,391.94000244140625,15152
2026-09-24 16:47:00+00:00,391.93499755859375,391.93499755859375,391.82000732421875,391.8599853515625,7820
2026-09-24 16:48:00+00:00,391.8599853515625,392.0,391.8599853515625,391.92999267578125,35360
2026-09-24 16:49:00+00:00,391.9200134277344,391.95001220703125,391.8500061035156,391.875,6837
2026-09-24 16:50:00+00:00,391.9599914550781,392.0400085449219,391.739990234375,391.7409973144531,26073
2026-09-24 16:51:00+00:00,391.79998779296875,392.1791076660156,391.739990234375,392.1000061035156,37779
2026-09-24 16:52:00+00:00,392.1199951171875,392.1199951171875,391.6700134277344,391.6700134277344,19150
2026-09-24 16:53:00+00:00,391.6650085449219,391.7950134277344,391.44000244140625,391.57000732421875,28364
2026-09-24 16:54:00+00:00,391.5199890136719,391.7049865722656,391.5199890136719,391.6400146484375,5394
2026-09-24 16:55:00+00:00,391.6300048828125,391.79998779296875,391.6300048828125,391.7300109863281,7938
2026-09-24 16:56:00+00:00,391.7200012207031,391.8900146484375,391.7200012207031,391.80999755859375,3317
2026-09-24 16:57:00+00:00,391.80999755859375,391.9787902832031,391.802490234375,391.8399963378906,5125
2026-09-24 16:58:00+00:00,391.80999755859375,391.8900146484375,391.7799987792969,391.8349914550781,4216
2026-09-24 16:59:00+00:00,391.8299865722656,391.8299865722656,391.6700134277344,391.67999267578125,4389
2026-09-24 17:00:00+00:00,391.6600036621094,391.6600036621094,391.44000244140625,391.5799865722656,7391
2026-09-24 17:01:00+00:00,391.54998779296875,391.80999755859375,391.4700012207031,391.71319580078125,13289
2026-09-24 17:02:00+00:00,391.55999755859375,391.75,391.29998779296875,391.75,26650
2026-09-24 17:03:00+00:00,391.7850036621094,392.0899963378906,391.7799987792969,391.8399963378906,13702
2026-09-24 17:04:00+00:00,391.7699890136719,391.7699890136719,391.29998779296875,391.510009765625,28473
2026-09-24 17:05:00+00:00,391.5199890136719,391.739990234375,391.5,391.510009765625,10307
2026-09-24 17:06:00+00:00,391.5368957519531,391.6499938964844,391.4100036621094,391.510009765625,4973
2026-09-24 17:07:00+00:00,391.4700012207031,391.6600036621094,391.4599914550781,391.4599914550781,17359
2026-09-24 17:08:00+00:00,391.44000244140625,391.54998779296875,391.3699951171875,391.54998779296875,6613
2026-09-24 17:09:00+00:00,391.5199890136719,391.5199890136719,391.4049987792969,391.4549865722656,8886
2026-09-24 17:10:00+00:00,391.4200134277344,391.45001220703125,391.0299987792969,391.260009765625,36113
2026-09-24 17:11:00+00:00,391.17999267578125,391.3500061035156,391.0950012207031,391.260009765625,6290
2026-09-24 17:12:00+00:00,391.260009765625,391.3500061035156,391.1400146484375,391.260009765625,8564
2026-09-24 17:13:00+00:00,391.2550048828125,391.375,391.2550048828125,391.30999755859375,20989
2026-09-24 17:14:00+00:00,391.3800048828125,391.489990234375,391.3399963378906,391.44000244140625,4821
2026-09-24 17:15:00+00:00,391.43499755859375,391.43499755859375,391.0899963378906,391.1099853515625,6558
2026-09-24 17:16:00+00:00,391.125,391.25,391.11199951171875,391.1300048828125,6422
2026-09-24 17:17:00+00:00,391.1099853515625,391.1600036621094,390.9501037597656,390.9700012207031,10730
2026-09-24 17:18:00+00:00,390.9800109863281,391.1400146484375,390.9100036621094,391.07501220703125,15778
2026-09-24 17:19:00+00:00,391.06500244140625,391.1050109863281,390.6449890136719,390.6600036621094,21298
2026-09-24 17:20:00+00:00,390.6499938964844,390.9100036621094,390.5899963378906,390.79998779296875,17646
2026-09-24 17:21:00+00:00,390.79998779296875,390.95001220703125,390.75,390.82000732421875,15820
2026-09-24 17:22:00+00:00,390.80999755859375,390.92999267578125,390.79998779296875,390.8399963378906,14513
2026-09-24 17:23:00+00:00,390.7250061035156,390.80499267578125,390.7149963378906,390.7149963378906,10989
2026-09-24 17:24:00+00:00,390.7099914550781,390.80999755859375,390.510009765625,390.5592956542969,8479
2026-09-24 17:25:00+00:00,390.5299987792969,390.67999267578125,390.4599914550781,390.5899963378906,6864
2026-09-24 17:26:00+00:00,390.57000732421875,390.57000732421875,390.3599853515625,390.4100036621094,11278
2026-09-24 17:27:00+00:00,390.4200134277344,390.5299987792969,390.4200134277344,390.4700012207031,7847
2026-09-24 17:28:00+00:00,390.4800109863281,390.7149963378906,390.4800109863281,390.6300048828125,5110
2026-09-24 17:29:00+00:00,390.6000061035156,390.7200012207031,390.55999755859375,390.7200012207031,9846
2026-09-24 17:30:00+00:00,390.67999267578125,390.8059997558594,390.67999267578125,390.7950134277344,12435
2026-09-24 17:31:00+00:00,390.7900085449219,390.9200134277344,390.760009765625,390.8349914550781,12767
2026-09-24 17:32:00+00:00,390.82000732421875,390.8800048828125,390.739990234375,390.8699951171875,19880
2026-09-24 17:33:00+00:00,390.82000732421875,391.010009765625,390.7799987792969,391.0050048828125,10590
2026-09-24 17:34:00+00:00,391.05999755859375,391.05999755859375,390.70001220703125,390.7099914550781,5928
2026-09-24 17:35:00+00:00,390.69000244140625,390.760009765625,390.6600036621094,390.69000244140625,1652
2026-09-24 17:36:00+00:00,390.7099914550781,390.722412109375,390.6600036621094,390.7049865722656,2297
2026-09-24 17:37:00+00:00,390.69000244140625,390.7257995605469,390.6000061035156,390.6000061035156,7628
2026-09-24 17:38:00+00:00,390.6000061035156,390.70001220703125,390.5799865722656,390.5899963378906,2326
2026-09-24 17:39:00+00:00,390.6000061035156,390.67999267578125,390.6000061035156,390.6712951660156,4525
2026-09-24 17:40:00+00:00,390.63800048828125,390.70001220703125,390.6300048828125,390.6600036621094,4258
2026-09-24 17:41:00+00:00,390.6600036621094,390.6600036621094,390.4872131347656,390.4872131347656,4970
2026-09-24 17:42:00+00:00,390.4800109863281,390.5799865722656,390.4800109863281,390.54998779296875,3942
2026-09-24 17:43:00+00:00,390.47198486328125,390.47198486328125,390.3299865722656,390.3900146484375,7052
2026-09-24 17:44:00+00:00,390.364990234375,390.3900146484375,390.2850036621094,390.3500061035156,9406
2026-09-24 17:45:00+00:00,390.32000732421875,390.3699951171875,390.2699890136719,390.3500061035156,4635
2026-09-24 17:46:00+00:00,390.3500061035156,390.46820068359375,390.3500061035156,390.4100036621094,3576
2026-09-24 17:47:00+00:00,390.3800048828125,390.4800109863281,390.3399963378906,390.4800109863281,8627
2026-09-24 17:48:00+00:00,390.4700012207031,390.4700012207031,390.2550048828125,390.260009765625,10614
2026-09-24 17:49:00+00:00,390.2699890136719,390.3200988769531,390.2300109863281,390.3200988769531,4758
2026-09-24 17:50:00+00:00,390.30999755859375,390.4049987792969,390.2699890136719,390.3900146484375,14183
2026-09-24 17:51:00+00:00,390.3999938964844,390.42498779296875,390.29998779296875,390.3399963378906,16241
2026-09-24 17:52:00+00:00,390.31500244140625,390.5199890136719,390.31500244140625,390.4750061035156,34579
2026-09-24 17:53:00+00:00,390.45001220703125,390.5799865722656,390.4336853027344,390.5299987792969,5368
2026-09-24 17:54:00+00:00,390.4800109863281,390.5400085449219,390.42999267578125,390.5050048828125,6804
2026-09-24 17:55:00+00:00,390.5299987792969,390.614990234375,390.5,390.54998779296875,8168
2026-09-24 17:56:00+00:00,390.54998779296875,390.6400146484375,390.5199890136719,390.6199951171875,14956
2026-09-24 17:57:00+00:00,390.6099853515625,390.79998779296875,390.55999755859375,390.79998779296875,13161
2026-09-24 17:58:00+00:00,390.82000732421875,390.8900146484375,390.7699890136719,390.8900146484375,9661
2026-09-24 17:59:00+00:00,390.8800048828125,390.9750061035156,390.8599853515625,390.8800048828125,11696
2026-09-24 18:00:00+00:00,390.9200134277344,391.0199890136719,390.79998779296875,390.9200134277344,120185
2026-09-24 18:01:00+00:00,390.9200134277344,391.010009765625,390.4700012207031,390.5400085449219,46127
2026-09-24 18:02:00+00:00,390.6000061035156,390.6000061035156,390.2605895996094,390.3550109863281,24315
2026-09-24 18:03:00+00:00,390.32000732421875,390.42999267578125,390.1199951171875,390.1400146484375,9258
2026-09-24 18:04:00+00:00,390.135009765625,390.30999755859375,390.1300048828125,390.25,30720
2026-09-24 18:05:00+00:00,390.260009765625,390.45001220703125,390.2200012207031,390.29998779296875,19221
2026-09-24 18:06:00+00:00,390.29998779296875,390.67999267578125,390.29998779296875,390.5899963378906,10208
2026-09-24 18:07:00+00:00,390.6000061035156,390.6600036621094,390.54998779296875,390.6400146484375,6008
2026-09-24 18:08:00+00:00,390.6600036621094,390.7449951171875,390.57000732421875,390.5899963378906,5995
2026-09-24 18:09:00+00:00,390.6099853515625,390.7099914550781,390.6099853515625,390.6499938964844,3745
2026-09-24 18:10:00+00:00,390.70001220703125,390.8900146484375,390.70001220703125,390.8900146484375,5212
2026-09-24 18:11:00+00:00,390.9200134277344,391.1400146484375,390.8699951171875,391.1000061035156,19610
2026-09-24 18:12:00+00:00,391.1000061035156,391.25,391.0799865722656,391.1600036621094,19589
2026-09-24 18:13:00+00:00,391.1400146484375,391.3500061035156,391.12750244140625,391.32000732421875,13696
2026-09-24 18:14:00+00:00,391.32000732421875,391.3699951171875,391.2300109863281,391.3500061035156,10226
2026-09-24 18:15:00+00:00,391.340087890625,391.340087890625,391.1650085449219,391.2900085449219,20194
2026-09-24 18:16:00+00:00,391.30999755859375,391.5398864746094,391.29998779296875,391.44000244140625,6378
2026-09-24 18:17:00+00:00,391.443603515625,391.4649963378906,391.2699890136719,391.3619079589844,6943
2026-09-24 18:18:00+00:00,391.4100036621094,391.45989990234375,391.2900085449219,391.336181640625,7773
2026-09-24 18:19:00+00:00,391.30999755859375,391.32000732421875,391.260009765625,391.2699890136719,4451
2026-09-24 18:20:00+00:00,391.2850036621094,391.2850036621094,391.1300048828125,391.1499938964844,2081
2026-09-24 18:21:00+00:00,391.1099853515625,391.19500732421875,391.1099853515625,391.19500732421875,2672
2026-09-24 18:22:00+00:00,391.2099914550781,391.239990234375,391.1700134277344,391.2099914550781,1490
2026-09-24 18:23:00+00:00,391.20001220703125,391.3299865722656,391.17999267578125,391.32000732421875,6753
2026-09-24 18:24:00+00:00,391.30499267578125,391.364990234375,391.25,391.31500244140625,11242
2026-09-24 18:25:00+00:00,391.31500244140625,391.760009765625,391.2799987792969,391.5801086425781,39840
2026-09-24 18:26:00+00:00,391.6300048828125,391.8299865722656,391.6300048828125,391.7099914550781,24004
2026-09-24 18:27:00+00:00,391.7200012207031,391.760009765625,391.6499938964844,391.6799011230469,6965
2026-09-24 18:28:00+00:00,391.6499938964844,391.7799987792969,391.6099853515625,391.760009765625,5886
2026-09-24 18:29:00+00:00,391.7699890136719,391.8500061035156,391.739990234375,391.8500061035156,2323
2026-09-24 18:30:00+00:00,391.82000732421875,392.0,391.739990234375,391.8900146484375,10090
2026-09-24 18:31:00+00:00,391.8699951171875,391.8699951171875,391.7250061035156,391.79998779296875,13444
2026-09-24 18:32:00+00:00,391.739990234375,391.739990234375,391.6000061035156,391.6091003417969,1536
2026-09-24 18:33:00+00:00,391.6300048828125,391.7099914550781,391.5899963378906,391.5899963378906,2490
2026-09-24 18:34:00+00:00,391.55999755859375,391.5950012207031,391.45001220703125,391.45001220703125,1732
2026-09-24 18:35:00+00:00,391.4200134277344,391.4200134277344,391.19500732421875,391.2099914550781,3411
2026-09-24 18:36:00+00:00,391.2099914550781,391.30999755859375,391.19500732421875,391.19500732421875,7051
2026-09-24 18:37:00+00:00,391.19500732421875,391.3500061035156,391.19000244140625,391.3299865722656,6440
2026-09-24 18:38:00+00:00,391.3599853515625,392.1300048828125,391.3500061035156,392.0899963378906,64709
2026-09-24 18:39:00+00:00,392.1000061035156,392.44000244140625,392.05999755859375,392.0849914550781,17813
2026-09-24 18:40:00+00:00,392.0400085449219,392.0849914550781,391.6099853515625,391.7099914550781,5339
2026-09-24 18:41:00+00:00,391.69000244140625,391.79998779296875,391.67498779296875,391.760009765625,2806
2026-09-24 18:42:00+00:00,391.7799987792969,391.7799987792969,391.5400085449219,391.5799865722656,3354
2026-09-24 18:43:00+00:00,391.57000732421875,391.57000732421875,391.3599853515625,391.4798889160156,8260
2026-09-24 18:44:00+00:00,391.5,391.5899963378906,391.489990234375,391.5,8950
2026-09-24 18:45:00+00:00,391.6099853515625,391.6099853515625,391.4599914550781,391.5249938964844,1851
2026-09-24 18:46:00+00:00,391.5249938964844,391.6000061035156,391.489990234375,391.55999755859375,16403
2026-09-24 18:47:00+00:00,391.5299987792969,391.5400085449219,391.4437561035156,391.45001220703125,3820
2026-09-24 18:48:00+00:00,391.5249938964844,391.5899963378906,391.5050048828125,391.57501220703125,3162
2026-09-24 18:49:00+00:00,391.6000061035156,391.6434020996094,391.5299987792969,391.6400146484375,0
2026-09-24 18:50:00+00:00,391.6449890136719,392.0400085449219,391.6000061035156,391.989990234375,26825
2026-09-24 18:51:00+00:00,391.9599914550781,391.9599914550781,391.67999267578125,391.7900085449219,10842
2026-09-24 18:52:00+00:00,391.8299865722656,391.885009765625,391.7900085449219,391.8500061035156,5957
2026-09-24 18:53:00+00:00,391.8299865722656,391.8299865722656,391.70001220703125,391.70001220703125,4358
2026-09-24 18:54:00+00:00,391.702392578125,391.7900085449219,391.69000244140625,391.7099914550781,3592
2026-09-24 18:55:00+00:00,391.7183532714844,391.82000732421875,391.7183532714844,391.760009765625,2736
2026-09-24 18:56:00+00:00,391.7799987792969,391.8450012207031,391.7799987792969,391.7799987792969,6291
2026-09-24 18:57:00+00:00,391.7900085449219,391.82000732421875,391.67999267578125,391.68011474609375,12848
2026-09-24 18:58:00+00:00,391.7250061035156,391.82000732421875,391.67999267578125,391.69000244140625,4208
2026-09-24 18:59:00+00:00,391.69000244140625,391.7300109863281,391.54998779296875,391.59039306640625,5802
2026-09-24 19:00:00+00:00,391.54998779296875,391.6300048828125,391.42999267578125,391.57000732421875,27945
2026-09-24 19:01:00+00:00,391.5400085449219,391.6199951171875,391.239990234375,391.3399963378906,49635
2026-09-24 19:02:00+00:00,391.3500061035156,391.4700012207031,391.25,391.2699890136719,20110
2026-09-24 19:03:00+00:00,391.2799987792969,391.3399963378906,391.1499938964844,391.1499938964844,6513
2026-09-24 19:04:00+00:00,391.1499938964844,391.2300109863281,391.1499938964844,391.2300109863281,3815
2026-09-24 19:05:00+00:00,391.239990234375,391.2950134277344,391.2300109863281,391.2699890136719,15829
2026-09-24 19:06:00+00:00,391.2699890136719,391.42999267578125,391.25,391.3500061035156,12157
2026-09-24 19:07:00+00:00,391.3500061035156,391.45001220703125,391.30999755859375,391.3999938964844,8083
2026-09-24 19:08:00+00:00,391.3900146484375,391.4100036621094,391.3299865722656,391.3900146484375,7978
2026-09-24 19:09:00+00:00,391.3800048828125,391.3900146484375,391.2950134277344,391.3699951171875,4493
2026-09-24 19:10:00+00:00,391.3699951171875,391.3999938964844,391.2300109863281,391.2300109863281,14191
2026-09-24 19:11:00+00:00,391.260009765625,391.2799987792969,391.17999267578125,391.2300109863281,7546
2026-09-24 19:12:00+00:00,391.2099914550781,391.2799987792969,391.2099914550781,391.2300109863281,5768
2026-09-24 19:13:00+00:00,391.260009765625,391.30999755859375,391.239990234375,391.29998779296875,9376
2026-09-24 19:14:00+00:00,391.2950134277344,391.30999755859375,391.17010498046875,391.19989013671875,11734
2026-09-24 19:15:00+00:00,391.19000244140625,391.3599853515625,391.17999267578125,391.3299865722656,8544
2026-09-24 19:16:00+00:00,391.3450012207031,391.4200134277344,391.32000732421875,391.3900146484375,19085
2026-09-24 19:17:00+00:00,391.3999938964844,391.4750061035156,391.3800048828125,391.42999267578125,23046
2026-09-24 19:18:00+00:00,391.4849853515625,391.510009765625,391.44000244140625,391.5,3726
2026-09-24 19:19:00+00:00,391.5,391.510009765625,391.385009765625,391.489990234375,9282
2026-09-24 19:20:00+00:00,391.5,391.5527038574219,391.3599853515625,391.3599853515625,11782
2026-09-24 19:21:00+00:00,391.3999938964844,391.5299987792969,391.3500061035156,391.5199890136719,12244
2026-09-24 19:22:00+00:00,391.489990234375,391.5799865722656,391.4599914550781,391.55999755859375,16191
2026-09-24 19:23:00+00:00,391.54998779296875,391.67999267578125,391.4800109863281,391.67999267578125,4129
2026-09-24 19:24:00+00:00,391.68499755859375,391.80999755859375,391.6600036621094,391.80999755859375,9996
2026-09-24 19:25:00+00:00,391.80999755859375,391.92999267578125,391.7900085449219,391.8599853515625,9806
2026-09-24 19:26:00+00:00,391.9100036621094,391.9100036621094,391.82000732421875,391.889892578125,6786
2026-09-24 19:27:00+00:00,391.885009765625,391.8999938964844,391.7200012207031,391.7449951171875,9361
2026-09-24 19:28:00+00:00,391.739990234375,391.739990234375,391.6600036621094,391.67999267578125,4804
2026-09-24 19:29:00+00:00,391.6600036621094,391.6650085449219,391.54998779296875,391.5899963378906,8861
2026-09-24 19:30:00+00:00,391.6173095703125,391.6400146484375,391.5299987792969,391.57000732421875,6641
2026-09-24 19:31:00+00:00,391.5799865722656,391.6401062011719,391.54998779296875,391.6401062011719,6507
2026-09-24 19:32:00+00:00,391.6255187988281,391.6400146484375,391.54998779296875,391.55999755859375,11217
2026-09-24 19:33:00+00:00,391.5899963378906,391.6499938964844,391.57000732421875,391.6300048828125,4681
2026-09-24 19:34:00+00:00,391.6300048828125,391.6600036621094,391.5199890136719,391.6499938964844,11681
2026-09-24 19:35:00+00:00,391.6400146484375,391.6449890136719,391.5199890136719,391.57000732421875,10176
2026-09-24 19:36:00+00:00,391.5899963378906,391.7200012207031,391.5899963378906,391.6199951171875,8001
2026-09-24 19:37:00+00:00,391.6199951171875,391.635009765625,391.55999755859375,391.635009765625,11711
2026-09-24 19:38:00+00:00,391.6499938964844,391.69000244140625,391.6000061035156,391.6549987792969,11637
2026-09-24 19:39:00+00:00,391.6650085449219,391.8900146484375,391.6600036621094,391.885009765625,17327
2026-09-24 19:40:00+00:00,391.9100036621094,391.9200134277344,391.7699890136719,391.7699890136719,33117
2026-09-24 19:41:00+00:00,391.7699890136719,391.8299865722656,391.760009765625,391.760009765625,8601
2026-09-24 19:42:00+00:00,391.7749938964844,391.8299865722656,391.739990234375,391.80999755859375,14026
2026-09-24 19:43:00+00:00,391.8299865722656,391.8999938964844,391.82000732421875,391.8999938964844,17803
2026-09-24 19:44:00+00:00,391.8900146484375,391.92999267578125,391.80999755859375,391.82000732421875,16926
2026-09-24 19:45:00+00:00,391.80999755859375,391.8800048828125,391.760009765625,391.760009765625,45055
2026-09-24 19:46:00+00:00,391.760009765625,391.8800048828125,391.7300109863281,391.8800048828125,47339
2026-09-24 19:47:00+00:00,391.8800048828125,391.95001220703125,391.8500061035156,391.9100036621094,30573
2026-09-24 19:48:00+00:00,391.9200134277344,391.9200134277344,391.739990234375,391.79998779296875,13929
2026-09-24 19:49:00+00:00,391.8299865722656,391.8299865722656,391.7300109863281,391.739990234375,12806
2026-09-24 19:50:00+00:00,391.760009765625,391.7900085449219,391.6600036621094,391.70001220703125,15240
2026-09-24 19:51:00+00:00,391.69000244140625,391.7850036621094,391.69000244140625,391.75,20491
2026-09-24 19:52:00+00:00,391.7414855957031,391.79998779296875,391.70001220703125,391.79998779296875,13195
2026-09-24 19:53:00+00:00,391.79998779296875,391.80999755859375,391.7200012207031,391.7699890136719,13973
2026-09-24 19:54:00+00:00,391.7699890136719,391.8699951171875,391.760009765625,391.8450012207031,10438
2026-09-24 19:55:00+00:00,391.8399963378906,391.8699951171875,391.739990234375,391.7900085449219,21705
2026-09-24 19:56:00+00:00,391.7900085449219,391.8399963378906,391.7250061035156,391.82000732421875,28973
2026-09-24 19:57:00+00:00,391.81500244140625,391.81500244140625,391.6700134277344,391.7049865722656,35202
2026-09-24 19:58:00+00:00,391.706787109375,391.7099914550781,391.6000061035156,391.625,49643
2026-09-24 19:59:00+00:00,391.6199951171875,391.7799987792969,391.6000061035156,391.7250061035156,96236
2026-09-25 13:30:00+00:00,392.2099914550781,392.2099914550781,391.739990234375,391.9800109863281,519879
2026-09-25 13:31:00+00:00,392.0199890136719,392.09991455078125,391.7720031738281,392.0400085449219,25382
2026-09-25 13:32:00+00:00,392.04998779296875,392.32000732421875,391.9200134277344,392.3063049316406,32359
2026-09-25 13:33:00+00:00,392.3299865722656,392.3800048828125,392.1199951171875,392.3800048828125,16033
2026-09-25 13:34:00+00:00,392.3500061035156,392.5199890136719,392.17999267578125,392.30999755859375,16657
2026-09-25 13:35:00+00:00,392.239990234375,392.32501220703125,392.1700134277344,392.2699890136719,19666
2026-09-25 13:36:00+00:00,392.29998779296875,392.70001220703125,392.17498779296875,392.57470703125,61185
2026-09-25 13:37:00+00:00,392.489990234375,392.739990234375,392.4100036621094,392.67999267578125,14963
2026-09-25 13:38:00+00:00,392.70001220703125,392.7099914550781,392.5,392.56500244140625,26608
2026-09-25 13:39:00+00:00,392.55999755859375,392.57000732421875,392.21051025390625,392.3999938964844,13246
2026-09-25 13:40:00+00:00,392.4200134277344,392.510009765625,392.27081298828125,392.32501220703125,27584
2026-09-25 13:41:00+00:00,392.31500244140625,392.58990478515625,392.29998779296875,392.4599914550781,24156
2026-09-25 13:42:00+00:00,392.4800109863281,392.5400085449219,392.2799987792969,392.3349914550781,23407
2026-09-25 13:43:00+00:00,392.2799987792969,392.32000732421875,392.05999755859375,392.1600036621094,24960
2026-09-25 13:44:00+00:00,392.20001220703125,392.3999938964844,392.17999267578125,392.3999938964844,8535
2026-09-25 13:45:00+00:00,392.18438720703125,392.3699951171875,392.1499938964844,392.3399963378906,12334
2026-09-25 13:46:00+00:00,392.2900085449219,392.2900085449219,391.9200134277344,392.0899963378906,24585
2026-09-25 13:47:00+00:00,391.9700012207031,392.0400085449219,391.7900085449219,392.0400085449219,17767
2026-09-25 13:48:00+00:00,391.94000244140625,392.0199890136719,391.8500061035156,392.0199890136719,22400
2026-09-25 13:49:00+00:00,392.04998779296875,392.17999267578125,391.9700012207031,392.1600036621094,40901
2026-09-25 13:50:00+00:00,392.1099853515625,392.39990234375,392.0799865722656,392.30999755859375,31597
2026-09-25 13:51:00+00:00,392.32000732421875,392.6494140625,392.1600036621094,392.55999755859375,42206
2026-09-25 13:52:00+00:00,392.5535888671875,392.6600036621094,392.4849853515625,392.6199951171875,36173
2026-09-25 13:53:00+00:00,392.5799865722656,392.6199951171875,392.44000244140625,392.510009765625,13578
2026-09-25 13:54:00+00:00,392.5,392.5199890136719,392.42999267578125,392.42999267578125,4634
2026-09-25 13:55:00+00:00,392.3999938964844,392.44000244140625,392.2900085449219,392.2900085449219,8839
2026-09-25 13:56:00+00:00,392.3299865722656,392.3299865722656,392.1099853515625,392.1300048828125,5755
2026-09-25 13:57:00+00:00,392.1300048828125,392.147705078125,391.989990234375,392.0899963378906,6973
2026-09-25 13:58:00+00:00,392.1300048828125,392.17999267578125,392.07000732421875,392.0899963378906,12288
2026-09-25 13:59:00+00:00,392.0899963378906,392.17999267578125,391.9367370605469,391.95001220703125,9108
2026-09-25 14:00:00+00:00,391.9999084472656,392.17999267578125,391.7099914550781,391.80999755859375,10305
2026-09-25 14:01:00+00:00,391.7200012207031,391.7200012207031,391.25,391.3399963378906,68967
2026-09-25 14:02:00+00:00,391.35009765625,391.4599914550781,391.2200012207031,391.30999755859375,39637
2026-09-25 14:03:00+00:00,391.25,391.25,390.95001220703125,391.0799865722656,52066
2026-09-25 14:04:00+00:00,391.1400146484375,391.1700134277344,390.3599853515625,390.3800048828125,44768
2026-09-25 14:05:00+00:00,390.3900146484375,390.42999267578125,390.04998779296875,390.1700134277344,41177
2026-09-25 14:06:00+00:00,390.1700134277344,390.5400085449219,390.04998779296875,390.4601135253906,14646
2026-09-25 14:07:00+00:00,390.44000244140625,390.9200134277344,390.42999267578125,390.8399963378906,13733
2026-09-25 14:08:00+00:00,390.82000732421875,391.1300048828125,390.75,391.1300048828125,12632
2026-09-25 14:09:00+00:00,391.1099853515625,391.19000244140625,391.0050048828125,391.1000061035156,11503
2026-09-25 14:10:00+00:00,391.1300048828125,391.17999267578125,390.9800109863281,391.05999755859375,11068
2026-09-25 14:11:00+00:00,390.989990234375,391.0799865722656,390.8900146484375,390.989990234375,9726
2026-09-25 14:12:00+00:00,390.92999267578125,391.1565856933594,390.92999267578125,391.04998779296875,7806
2026-09-25 14:13:00+00:00,391.0799865722656,391.2099914550781,390.93499755859375,390.93499755859375,8914
2026-09-25 14:14:00+00:00,390.9800109863281,391.2099914550781,390.9200134277344,391.2099914550781,6440
2026-09-25 14:15:00+00:00,391.19000244140625,391.25,390.9700012207031,391.0150146484375,17159
2026-09-25 14:16:00+00:00,390.95001220703125,390.9800109863281,390.67498779296875,390.7099914550781,11315
2026-09-25 14:17:00+00:00,390.70001220703125,390.80999755859375,390.57000732421875,390.7799987792969,7182
2026-09-25 14:18:00+00:00,390.69000244140625,390.9200134277344,390.69000244140625,390.9200134277344,6076
2026-09-25 14:19:00+00:00,390.8900146484375,391.1499938964844,390.85211181640625,391.1299133300781,16341
2026-09-25 14:20:00+00:00,391.1300048828125,391.3299865722656,391.05999755859375,391.3299865722656,16268
2026-09-25 14:21:00+00:00,391.29998779296875,391.377197265625,391.1300048828125,391.20001220703125,12392
2026-09-25 14:22:00+00:00,391.1400146484375,391.33990478515625,391.1400146484375,391.25,9650
2026-09-25 14:23:00+00:00,391.2200012207031,391.3599853515625,391.05999755859375,391.3399963378906,8804
2026-09-25 14:24:00+00:00,391.3399963378906,391.5,391.2200012207031,391.30999755859375,12625
2026-09-25 14:25:00+00:00,391.3349914550781,391.489990234375,391.2850036621094,391.45001220703125,9897
2026-09-25 14:26:00+00:00,391.4100036621094,391.4800109863281,391.2950134277344,391.42999267578125,8971
2026-09-25 14:27:00+00:00,391.45001220703125,391.510009765625,391.2749938964844,391.2749938964844,10394
2026-09-25 14:28:00+00:00,391.32000732421875,391.3900146484375,391.2349853515625,391.2550048828125,9468
2026-09-25 14:29:00+00:00,391.25,391.43499755859375,391.05999755859375,391.1199951171875,12319
2026-09-25 14:30:00+00:00,391.0,391.0199890136719,390.8500061035156,390.9501037597656,7247
2026-09-25 14:31:00+00:00,390.9700012207031,391.0,390.79998779296875,390.9100036621094,7575
2026-09-25 14:32:00+00:00,390.8699951171875,390.9800109863281,390.79998779296875,390.9700012207031,5409
2026-09-25 14:33:00+00:00,391.0,391.0400085449219,390.9429931640625,390.9750061035156,2845
2026-09-25 14:34:00+00:00,390.9599914550781,391.1400146484375,390.9599914550781,391.0,2634
2026-09-25 14:35:00+00:00,391.0,391.19000244140625,390.9150085449219,391.07000732421875,4568
2026-09-25 14:36:00+00:00,391.0704040527344,391.20001220703125,390.9901123046875,391.1099853515625,4151
2026-09-25 14:37:00+00:00,391.1099853515625,391.3689880371094,391.1099853515625,391.3349914550781,36617
2026-09-25 14:38:00+00:00,391.29998779296875,391.6400146484375,391.29998779296875,391.614990234375,12798
2026-09-25 14:39:00+00:00,391.6400146484375,391.6400146484375,391.510009765625,391.5899963378906,16946
2026-09-25 14:40:00+00:00,391.5899963378906,391.5899963378906,391.3599853515625,391.3599853515625,3715
2026-09-25 14:41:00+00:00,391.3999938964844,391.4599914550781,391.2699890136719,391.4100036621094,3501
2026-09-25 14:42:00+00:00,391.3399963378906,391.54998779296875,391.29998779296875,391.5450134277344,3196
2026-09-25 14:43:00+00:00,391.6000061035156,391.6099853515625,391.3399963378906,391.3399963378906,2231
2026-09-25 14:44:00+00:00,391.375,391.75,391.375,391.75,3128
2026-09-25 14:45:00+00:00,391.63128662109375,391.69989013671875,391.5736083984375,391.6400146484375,3264
2026-09-25 14:46:00+00:00,391.5899963378906,392.1000061035156,391.4200134277344,391.95001220703125,41606
2026-09-25 14:47:00+00:00,391.95001220703125,392.010009765625,391.8200988769531,391.8599853515625,7123
2026-09-25 14:48:00+00:00,391.8900146484375,392.0150146484375,391.80999755859375,391.8999938964844,18601
2026-09-25 14:49:00+00:00,391.8900146484375,392.2900085449219,391.8900146484375,392.17999267578125,9146
2026-09-25 14:50:00+00:00,392.1698913574219,392.1698913574219,392.0,392.0,10900
2026-09-25 14:51:00+00:00,392.0,392.2300109863281,391.7900085449219,391.7900085449219,16044
2026-09-25 14:52:00+00:00,391.7699890136719,391.8599853515625,391.7300109863281,391.8599853515625,5843
2026-09-25 14:53:00+00:00,391.8699951171875,392.07000732421875,391.8500061035156,391.94000244140625,5144
2026-09-25 14:54:00+00:00,392.0199890136719,392.1600036621094,392.0,392.05999755859375,1884
2026-09-25 14:55:00+00:00,392.05999755859375,392.20001220703125,392.0199890136719,392.1300048828125,3046
2026-09-25 14:56:00+00:00,392.1700134277344,392.4200134277344,392.1401062011719,392.1700134277344,9667
2026-09-25 14:57:00+00:00,392.2200012207031,392.3800048828125,392.1700134277344,392.2200012207031,4621
2026-09-25 14:58:00+00:00,392.125,392.20001220703125,392.05499267578125,392.19000244140625,7593
2026-09-25 14:59:00+00:00,392.1400146484375,392.260009765625,392.1099853515625,392.260009765625,3815
2026-09-25 15:00:00+00:00,392.20001220703125,392.4599914550781,392.20001220703125,392.42999267578125,17944
2026-09-25 15:01:00+00:00,392.42999267578125,392.5,392.3100891113281,392.3599853515625,9573
2026-09-25 15:02:00+00:00,392.3800048828125,392.4800109863281,392.29998779296875,392.3500061035156,6740
2026-09-25 15:03:00+00:00,392.3299865722656,392.4100036621094,392.2250061035156,392.3500061035156,15602
2026-09-25 15:04:00+00:00,392.3299865722656,392.54998779296875,392.3299865722656,392.54998779296875,14690
2026-09-25 15:05:00+00:00,392.52630615234375,392.5899963378906,392.4049987792969,392.4049987792969,4461
2026-09-25 15:06:00+00:00,392.3851013183594,392.489990234375,392.3299865722656,392.3299865722656,3593
2026-09-25 15:07:00+00:00,392.340087890625,392.340087890625,392.20001220703125,392.30999755859375,7334
2026-09-25 15:08:00+00:00,392.30499267578125,392.30499267578125,392.07501220703125,392.07501220703125,3655
2026-09-25 15:09:00+00:00,392.1099853515625,392.1300048828125,391.9800109863281,391.9800109863281,4804
2026-09-25 15:10:00+00:00,391.989990234375,392.0299987792969,391.8550109863281,391.8800048828125,7225
2026-09-25 15:11:00+00:00,391.8949890136719,392.0,391.8949890136719,391.9949951171875,4585
2026-09-25 15:12:00+00:00,391.9599914550781,392.0899963378906,391.94000244140625,392.0899963378906,4111
2026-09-25 15:13:00+00:00,392.07000732421875,392.19000244140625,392.07000732421875,392.18499755859375,3295
2026-09-25 15:14:00+00:00,392.20001220703125,392.3999938964844,392.1807861328125,392.3700866699219,4525
2026-09-25 15:15:00+00:00,392.3773498535156,392.3999938964844,392.2349853515625,392.3399963378906,6632
2026-09-25 15:16:00+00:00,392.3598937988281,392.489013671875,392.3598937988281,392.44000244140625,4018
2026-09-25 15:17:00+00:00,392.43499755859375,392.489990234375,392.360107421875,392.3999938964844,4271
2026-09-25 15:18:00+00:00,392.4031982421875,392.4700012207031,392.32000732421875,392.32000732421875,4313
2026-09-25 15:19:00+00:00,392.2900085449219,392.2900085449219,391.8999938964844,391.94000244140625,5013
2026-09-25 15:20:00+00:00,391.8999938964844,391.8999938964844,391.7099914550781,391.8999938964844,10188
2026-09-25 15:21:00+00:00,391.93499755859375,392.4100036621094,391.8829040527344,392.0799865722656,29510
2026-09-25 15:22:00+00:00,392.06048583984375,392.2300109863281,392.0199890136719,392.1300048828125,5178
2026-09-25 15:23:00+00:00,392.1700134277344,392.29998779296875,392.1499938964844,392.2099914550781,6655
2026-09-25 15:24:00+00:00,392.1650085449219,392.20001220703125,392.0249938964844,392.0249938964844,3515
2026-09-25 15:25:00+00:00,392.0199890136719,392.1050109863281,391.95001220703125,392.0199890136719,5766
2026-09-25 15:26:00+00:00,391.989990234375,392.3500061035156,391.9700012207031,392.3500061035156,3361
2026-09-25 15:27:00+00:00,392.3800048828125,392.5443115234375,392.3699951171875,392.3882141113281,4766
2026-09-25 15:28:00+00:00,392.44000244140625,392.44000244140625,392.3599853515625,392.3800048828125,1950
2026-09-25 15:29:00+00:00,392.3800048828125,392.5,392.360107421875,392.360107421875,5213
2026-09-25 15:30:00+00:00,392.3699951171875,392.9299011230469,392.3699951171875,392.5513916015625,43163
2026-09-25 15:31:00+00:00,392.5799865722656,392.75421142578125,392.5199890136719,392.726806640625,8254
2026-09-25 15:32:00+00:00,392.69000244140625,392.81988525390625,392.6416015625,392.7300109863281,11603
2026-09-25 15:33:00+00:00,392.739990234375,392.8500061035156,392.6499938964844,392.84991455078125,6586
2026-09-25 15:34:00+00:00,392.889892578125,392.9200134277344,392.6300048828125,392.6600036621094,15415
2026-09-25 15:35:00+00:00,392.6600036621094,392.70001220703125,392.6000061035156,392.6700134277344,13686
2026-09-25 15:36:00+00:00,392.6400146484375,392.6400146484375,392.4100036621094,392.4100036621094,4383
2026-09-25 15:37:00+00:00,392.44000244140625,392.510009765625,392.29998779296875,392.3800048828125,6085
2026-09-25 15:38:00+00:00,392.3599853515625,392.3800048828125,392.1400146484375,392.1499938964844,10160
2026-09-25 15:39:00+00:00,392.1199951171875,392.1499938964844,392.04998779296875,392.04998779296875,15703
2026-09-25 15:40:00+00:00,392.05999755859375,392.239990234375,392.0299987792969,392.239990234375,103225
2026-09-25 15:41:00+00:00,392.2001037597656,392.25909423828125,392.17999267578125,392.17999267578125,1506
2026-09-25 15:42:00+00:00,392.2203063964844,392.239990234375,392.1600036621094,392.18499755859375,7225
2026-09-25 15:43:00+00:00,392.1700134277344,392.1700134277344,392.05999755859375,392.05999755859375,5991
2026-09-25 15:44:00+00:00,392.04998779296875,392.05999755859375,391.8999938964844,391.9049987792969,5004
2026-09-25 15:45:00+00:00,391.95001220703125,391.9599914550781,391.9200134277344,391.9200134277344,959
2026-09-25 15:46:00+00:00,391.8599853515625,391.91510009765625,391.635009765625,391.8500061035156,7016
2026-09-25 15:47:00+00:00,391.8599853515625,391.90509033203125,391.80999755859375,391.82000732421875,2506
2026-09-25 15:48:00+00:00,391.81500244140625,391.8699951171875,391.7799987792969,391.82000732421875,26237
2026-09-25 15:49:00+00:00,391.82501220703125,391.9100036621094,391.6099853515625,391.64990234375,12680
2026-09-25 15:50:00+00:00,391.6499938964844,391.7699890136719,391.6499938964844,391.6499938964844,8235
2026-09-25 15:51:00+00:00,391.6400146484375,391.67999267578125,391.5,391.510009765625,2520
2026-09-25 15:52:00+00:00,391.4949951171875,391.739990234375,391.4700012207031,391.7099914550781,3387
2026-09-25 15:53:00+00:00,391.7300109863281,391.75,391.6400146484375,391.69500732421875,2883
2026-09-25 15:54:00+00:00,391.7099914550781,392.375,391.69000244140625,392.189697265625,32199
2026-09-25 15:55:00+00:00,392.2149963378906,392.32501220703125,392.1650085449219,392.25,4273
2026-09-25 15:56:00+00:00,392.2099914550781,392.2250061035156,392.0799865722656,392.2250061035156,2283
2026-09-25 15:57:00+00:00,392.29998779296875,392.3500061035156,392.29998779296875,392.3500061035156,1267
2026-09-25 15:58:00+00:00,392.44000244140625,393.0,392.44000244140625,392.989990234375,25981
2026-09-25 15:59:00+00:00,392.864990234375,393.3999938964844,392.864013671875,393.3900146484375,24314
2026-09-25 16:00:00+00:00,393.42999267578125,393.70001220703125,393.239990234375,393.6700134277344,29788
2026-09-25 16:01:00+00:00,393.6499938964844,393.82000732421875,393.3500061035156,393.380615234375,21395
2026-09-25 16:02:00+00:00,393.3500061035156,393.70001220703125,393.3500061035156,393.6199951171875,77484
2026-09-25 16:03:00+00:00,393.6199951171875,394.1189880371094,393.4949951171875,394.0299987792969,18156
2026-09-25 16:04:00+00:00,394.0849914550781,394.0849914550781,393.4200134277344,393.67999267578125,5867
2026-09-25 16:05:00+00:00,393.8399963378906,393.8699951171875,393.5799865722656,393.6700134277344,7027
2026-09-25 16:06:00+00:00,393.6300964355469,394.19158935546875,393.3949890136719,394.1300048828125,70539
2026-09-25 16:07:00+00:00,394.21990966796875,394.21990966796875,393.57000732421875,393.6400146484375,22420
2026-09-25 16:08:00+00:00,393.6000061035156,393.7900085449219,393.45001220703125,393.6199951171875,16031
2026-09-25 16:09:00+00:00,393.4549865722656,393.70001220703125,393.4549865722656,393.6199951171875,4261
2026-09-25 16:10:00+00:00,393.6099853515625,393.7799987792969,393.55999755859375,393.5799865722656,3680
2026-09-25 16:11:00+00:00,393.56500244140625,393.5950012207031,393.44000244140625,393.4700012207031,3264
2026-09-25 16:12:00+00:00,393.42999267578125,393.6199951171875,393.3599853515625,393.4049987792969,2006
2026-09-25 16:13:00+00:00,393.45001220703125,393.5199890136719,393.29998779296875,393.32000732421875,3165
2026-09-25 16:14:00+00:00,393.32000732421875,393.32000732421875,392.9599914550781,393.2847900390625,7755
2026-09-25 16:15:00+00:00,393.25,393.32000732421875,393.1600036621094,393.32000732421875,5938
2026-09-25 16:16:00+00:00,393.2950134277344,393.4100036621094,393.19000244140625,393.3699951171875,5376
2026-09-25 16:17:00+00:00,393.3699951171875,393.4700012207031,393.2099914550781,393.2149963378906,2602
2026-09-25 16:18:00+00:00,393.2200012207031,393.3399963378906,393.1300048828125,393.1300048828125,5615
2026-09-25 16:19:00+00:00,393.17999267578125,393.17999267578125,393.05999755859375,393.1199951171875,9993
2026-09-25 16:20:00+00:00,393.1499938964844,393.2699890136719,393.05999755859375,393.089111328125,23060
2026-09-25 16:21:00+00:00,393.0299987792969,393.19000244140625,393.0299987792969,393.055908203125,3557
2026-09-25 16:22:00+00:00,393.1000061035156,393.1199951171875,393.0,393.0,6181
2026-09-25 16:23:00+00:00,393.0150146484375,393.1000061035156,392.760009765625,392.9800109863281,70137
2026-09-25 16:24:00+00:00,392.9100036621094,393.1199951171875,392.8699951171875,393.1134033203125,5094
2026-09-25 16:25:00+00:00,393.1199951171875,393.17999267578125,393.07000732421875,393.1452941894531,2095
2026-09-25 16:26:00+00:00,393.1499938964844,393.44000244140625,393.1499938964844,393.44000244140625,6769
2026-09-25 16:27:00+00:00,393.4599914550781,393.5350036621094,393.385009765625,393.43829345703125,10187
2026-09-25 16:28:00+00:00,393.4200134277344,393.45001220703125,393.29998779296875,393.4100036621094,13743
2026-09-25 16:29:00+00:00,393.4200134277344,393.4898986816406,393.4150085449219,393.4150085449219,3609
2026-09-25 16:30:00+00:00,393.4700012207031,393.5299987792969,393.3999938964844,393.49749755859375,3913
2026-09-25 16:31:00+00:00,393.4859924316406,393.5150146484375,393.3699951171875,393.5105895996094,4707
2026-09-25 16:32:00+00:00,393.5199890136719,393.5199890136719,393.2850036621094,393.2850036621094,1604
2026-09-25 16:33:00+00:00,393.29998779296875,393.3800048828125,393.0899963378906,393.1099853515625,41065
2026-09-25 16:34:00+00:00,393.0799865722656,393.1000061035156,392.3299865722656,392.74420166015625,123624
2026-09-25 16:35:00+00:00,392.739990234375,392.9800109863281,392.739990234375,392.9150085449219,35767
2026-09-25 16:36:00+00:00,392.8900146484375,392.9849853515625,392.6536865234375,392.9849853515625,27361
2026-09-25 16:37:00+00:00,392.9150085449219,393.114013671875,392.9150085449219,393.0400085449219,11174
2026-09-25 16:38:00+00:00,393.0299072265625,393.0299072265625,392.8299865722656,393.0199890136719,17243
2026-09-25 16:39:00+00:00,393.05999755859375,393.1199951171875,393.0,393.0000915527344,10796
2026-09-25 16:40:00+00:00,392.989990234375,393.010009765625,392.8299865722656,392.8299865722656,8550
2026-09-25 16:41:00+00:00,392.8399963378906,392.8699951171875,392.7799987792969,392.82000732421875,9332
2026-09-25 16:42:00+00:00,392.80999755859375,393.1600036621094,392.80999755859375,393.010009765625,27903
2026-09-25 16:43:00+00:00,392.989990234375,393.1199951171875,392.989990234375,393.0694885253906,5250
2026-09-25 16:44:00+00:00,393.07000732421875,393.2200012207031,393.0,393.051513671875,2917
2026-09-25 16:45:00+00:00,393.0199890136719,393.0199890136719,392.7850036621094,392.7850036621094,2202
2026-09-25 16:46:00+00:00,392.8399963378906,392.8399963378906,392.7900085449219,392.82000732421875,2730
2026-09-25 16:47:00+00:00,392.8399963378906,392.8500061035156,392.7699890136719,392.7701110839844,3111
2026-09-25 16:48:00+00:00,392.7799987792969,392.8699951171875,392.6000061035156,392.6000061035156,10810
2026-09-25 16:49:00+00:00,392.6000061035156,392.6700134277344,392.5199890136719,392.6600036621094,3970
2026-09-25 16:50:00+00:00,392.67999267578125,392.75,392.6000061035156,392.7200012207031,4517
2026-09-25 16:51:00+00:00,392.7250061035156,392.7699890136719,392.6950988769531,392.739990234375,2048
2026-09-25 16:52:00+00:00,392.739990234375,392.94000244140625,392.739990234375,392.92999267578125,44198
2026-09-25 16:53:00+00:00,392.9100036621094,392.94000244140625,392.7799987792969,392.79998779296875,16596
2026-09-25 16:54:00+00:00,392.7900085449219,392.9100036621094,392.7699890136719,392.8399963378906,14327
2026-09-25 16:55:00+00:00,392.82501220703125,393.0400085449219,392.80999755859375,392.92999267578125,142594
2026-09-25 16:56:00+00:00,392.989990234375,393.0899963378906,392.9700012207031,393.010009765625,40512
2026-09-25 16:57:00+00:00,392.9949951171875,393.05999755859375,392.8900146484375,393.0050048828125,62258
2026-09-25 16:58:00+00:00,393.0,393.0,392.9100036621094,392.93499755859375,3507
2026-09-25 16:59:00+00:00,392.94000244140625,393.1400146484375,392.79998779296875,393.04998779296875,182832
2026-09-25 17:00:00+00:00,393.0199890136719,393.20001220703125,392.8900146484375,393.20001220703125,11083
2026-09-25 17:01:00+00:00,393.20001220703125,393.510009765625,393.1600036621094,393.3699951171875,48360
2026-09-25 17:02:00+00:00,393.3500061035156,393.4100036621094,393.2799987792969,393.4100036621094,10802
2026-09-25 17:03:00+00:00,393.3999938964844,393.5400085449219,393.3700866699219,393.43499755859375,6633
2026-09-25 17:04:00+00:00,393.44000244140625,393.5150146484375,393.3999938964844,393.4200134277344,5059
2026-09-25 17:05:00+00:00,393.42999267578125,393.510009765625,393.3999938964844,393.43939208984375,4778
2026-09-25 17:06:00+00:00,393.44000244140625,393.5199890136719,393.3399963378906,393.3900146484375,6883
2026-09-25 17:07:00+00:00,393.3800048828125,393.5199890136719,393.3299865722656,393.489990234375,73105
2026-09-25 17:08:00+00:00,393.4700012207031,393.4700012207031,393.3118896484375,393.3299865722656,11987
2026-09-25 17:09:00+00:00,393.29998779296875,393.5950012207031,393.29998779296875,393.5400085449219,15033
2026-09-25 17:10:00+00:00,393.54998779296875,393.57000732421875,393.4599914550781,393.5400085449219,13566
2026-09-25 17:11:00+00:00,393.5299987792969,393.56500244140625,393.45001220703125,393.4750061035156,5664
2026-09-25 17:12:00+00:00,393.5,393.6000061035156,393.43499755859375,393.5199890136719,6901
2026-09-25 17:13:00+00:00,393.5299987792969,393.57000732421875,393.5,393.510009765625,7247
2026-09-25 17:14:00+00:00,393.5050048828125,393.5050048828125,393.4200134277344,393.4200134277344,5012
2026-09-25 17:15:00+00:00,393.447998046875,393.45001220703125,393.32000732421875,393.3475036621094,4462
2026-09-25 17:16:00+00:00,393.3699951171875,393.4700012207031,393.3399963378906,393.4200134277344,4319
2026-09-25 17:17:00+00:00,393.45001220703125,393.5,393.3800048828125,393.4150085449219,9614
2026-09-25 17:18:00+00:00,393.3999938964844,393.4599914550781,393.25,393.25,5254
2026-09-25 17:19:00+00:00,393.260009765625,393.3800048828125,393.260009765625,393.375,6798
2026-09-25 17:20:00+00:00,393.3800048828125,393.489990234375,393.3800048828125,393.4200134277344,4411
2026-09-25 17:21:00+00:00,393.45001220703125,393.4599914550781,393.3299865722656,393.3399963378906,9466
2026-09-25 17:22:00+00:00,393.2950134277344,393.3699951171875,393.2950134277344,393.3399963378906,2900
2026-09-25 17:23:00+00:00,393.3800048828125,393.4200134277344,393.3399963378906,393.360107421875,10293
2026-09-25 17:24:00+00:00,393.4100036621094,393.510009765625,393.3800048828125,393.5,4027
2026-09-25 17:25:00+00:00,393.54998779296875,393.6199951171875,393.4599914550781,393.5,24013
2026-09-25 17:26:00+00:00,393.5199890136719,393.54998779296875,393.4450988769531,393.4450988769531,8411
2026-09-25 17:27:00+00:00,393.42498779296875,393.4700012207031,393.2200012207031,393.2250061035156,9310
2026-09-25 17:28:00+00:00,393.2200012207031,393.30999755859375,393.0263977050781,393.055908203125,10193
2026-09-25 17:29:00+00:00,393.0,393.0249938964844,392.8699951171875,393.01251220703125,20511
2026-09-25 17:30:00+00:00,393.010009765625,393.010009765625,392.95001220703125,392.9800109863281,2868
2026-09-25 17:31:00+00:00,392.92999267578125,392.9800109863281,392.8599853515625,392.92999267578125,20981
2026-09-25 17:32:00+00:00,392.9200134277344,392.9800109863281,392.9200134277344,392.9750061035156,6093
2026-09-25 17:33:00+00:00,392.989990234375,393.1099853515625,392.8999938964844,392.8999938964844,9361
2026-09-25 17:34:00+00:00,392.94000244140625,392.94000244140625,392.82000732421875,392.840087890625,81266
2026-09-25 17:35:00+00:00,392.8800048828125,392.8800048828125,392.7099914550781,392.7250061035156,8467
2026-09-25 17:36:00+00:00,392.7398986816406,392.739990234375,392.6401062011719,392.6600036621094,5470
2026-09-25 17:37:00+00:00,392.6199951171875,392.6400146484375,392.3699951171875,392.5299987792969,10979
2026-09-25 17:38:00+00:00,392.5199890136719,392.6199951171875,392.5199890136719,392.5899963378906,15409
2026-09-25 17:39:00+00:00,392.5899963378906,392.989990234375,392.55999755859375,392.8017883300781,81382
2026-09-25 17:40:00+00:00,392.82000732421875,392.989990234375,392.75,392.8500061035156,11257
2026-09-25 17:41:00+00:00,392.8500061035156,393.1300048828125,392.8299865722656,393.0450134277344,16291
2026-09-25 17:42:00+00:00,393.0150146484375,393.1499938964844,393.0,393.1099853515625,3284
2026-09-25 17:43:00+00:00,393.0799865722656,393.0799865722656,392.9400939941406,392.9549865722656,7885
2026-09-25 17:44:00+00:00,392.9800109863281,393.07000732421875,392.92010498046875,392.93499755859375,5122
2026-09-25 17:45:00+00:00,392.94500732421875,393.0400085449219,392.94500732421875,392.95001220703125,19237
2026-09-25 17:46:00+00:00,392.9599914550781,393.0075988769531,392.67999267578125,392.67999267578125,31923
2026-09-25 17:47:00+00:00,392.67999267578125,392.70001220703125,392.6099853515625,392.6099853515625,3025
2026-09-25 17:48:00+00:00,392.6600036621094,392.7699890136719,392.6600036621094,392.7449951171875,2188
2026-09-25 17:49:00+00:00,392.7699890136719,392.8999938964844,392.760009765625,392.7799987792969,3262
2026-09-25 17:50:00+00:00,392.79998779296875,392.8399963378906,392.7200012207031,392.79058837890625,3109
2026-09-25 17:51:00+00:00,392.8529968261719,392.8529968261719,392.75,392.78790283203125,6713
2026-09-25 17:52:00+00:00,392.7900085449219,392.79998779296875,392.7012939453125,392.7799987792969,2648
2026-09-25 17:53:00+00:00,392.82000732421875,392.8699951171875,392.79998779296875,392.8399963378906,3885
2026-09-25 17:54:00+00:00,392.82000732421875,392.82000732421875,392.7099914550781,392.79998779296875,1161
2026-09-25 17:55:00+00:00,392.79998779296875,392.8900146484375,392.79998779296875,392.8550109863281,2434
2026-09-25 17:56:00+00:00,392.8999938964844,392.9200134277344,392.7699890136719,392.7799987792969,3769
2026-09-25 17:57:00+00:00,392.7749938964844,392.7799987792969,392.67498779296875,392.67498779296875,2364
2026-09-25 17:58:00+00:00,392.67999267578125,392.69000244140625,392.6600036621094,392.66009521484375,2544
2026-09-25 17:59:00+00:00,392.6600036621094,392.7300109863281,392.6600036621094,392.70458984375,2244
2026-09-25 18:00:00+00:00,392.739990234375,392.8299865722656,392.7300109863281,392.7699890136719,5322
2026-09-25 18:01:00+00:00,392.8399963378906,392.8399963378906,392.75,392.7550048828125,2325
2026-09-25 18:02:00+00:00,392.7200012207031,392.760009765625,392.70001220703125,392.75,1511
2026-09-25 18:03:00+00:00,392.7349853515625,392.75,392.7099914550781,392.7099914550781,4283
2026-09-25 18:04:00+00:00,392.7001037597656,392.760009765625,392.6600036621094,392.7149963378906,4506
2026-09-25 18:05:00+00:00,392.7300109863281,392.79998779296875,392.70001220703125,392.7200012207031,2139
2026-09-25 18:06:00+00:00,392.7200012207031,392.7799987792969,392.7200012207031,392.760009765625,2607
2026-09-25 18:07:00+00:00,392.760009765625,392.7900085449219,392.69000244140625,392.7900085449219,9670
2026-09-25 18:08:00+00:00,392.8009948730469,392.8500061035156,392.79998779296875,392.8399963378906,4337
2026-09-25 18:09:00+00:00,392.82000732421875,392.94000244140625,392.82000732421875,392.8999938964844,3565
2026-09-25 18:10:00+00:00,392.8999938964844,392.92999267578125,392.8500061035156,392.8500061035156,1863
2026-09-25 18:11:00+00:00,392.8399963378906,392.8399963378906,392.75,392.7650146484375,3244
2026-09-25 18:12:00+00:00,392.7900085449219,392.80499267578125,392.7300109863281,392.75,4049
2026-09-25 18:13:00+00:00,392.7799987792969,392.8299865722656,392.760009765625,392.8099060058594,9400
2026-09-25 18:14:00+00:00,392.79998779296875,392.8190002441406,392.7799987792969,392.7950134277344,1258
2026-09-25 18:15:00+00:00,392.82000732421875,392.94500732421875,392.81500244140625,392.9200134277344,34257
2026-09-25 18:16:00+00:00,392.92999267578125,393.0400085449219,392.92999267578125,392.989990234375,5013
2026-09-25 18:17:00+00:00,392.9849853515625,392.9849853515625,392.89349365234375,392.8949890136719,9091
2026-09-25 18:18:00+00:00,392.9100036621094,393.1000061035156,392.9100036621094,393.06549072265625,31583
2026-09-25 18:19:00+00:00,393.0400085449219,393.2099914550781,393.0299987792969,393.20001220703125,9472
2026-09-25 18:20:00+00:00,393.1700134277344,393.17999267578125,393.1099853515625,393.1099853515625,10794
2026-09-25 18:21:00+00:00,393.1099853515625,393.1099853515625,393.0199890136719,393.0450134277344,4818
2026-09-25 18:22:00+00:00,393.0450134277344,393.04998779296875,392.9800109863281,393.0,7847
2026-09-25 18:23:00+00:00,393.0,393.20001220703125,392.989990234375,393.20001220703125,7348
2026-09-25 18:24:00+00:00,393.2099914550781,393.2799987792969,393.20001220703125,393.2200927734375,8643
2026-09-25 18:25:00+00:00,393.239990234375,393.32000732421875,393.2149963378906,393.2950134277344,19346
2026-09-25 18:26:00+00:00,393.2950134277344,393.3599853515625,392.9800109863281,393.0400085449219,57818
2026-09-25 18:27:00+00:00,393.06988525390625,393.14990234375,392.8399963378906,392.84820556640625,7674
2026-09-25 18:28:00+00:00,392.8500061035156,393.0299987792969,392.79998779296875,393.0199890136719,8493
2026-09-25 18:29:00+00:00,393.0,393.1000061035156,393.0,393.07000732421875,6675
2026-09-25 18:30:00+00:00,393.1000061035156,393.2099914550781,393.0799865722656,393.1400146484375,6672
2026-09-25 18:31:00+00:00,393.2200012207031,393.3599853515625,393.2200012207031,393.3276062011719,7690
2026-09-25 18:32:00+00:00,393.3900146484375,393.42999267578125,393.32000732421875,393.3599853515625,6938
2026-09-25 18:33:00+00:00,393.3599853515625,393.45001220703125,393.3418884277344,393.3999938964844,6719
2026-09-25 18:34:00+00:00,393.42999267578125,393.5400085449219,393.3699951171875,393.5299987792969,4162
2026-09-25 18:35:00+00:00,393.5,393.70001220703125,393.4928894042969,393.5849914550781,19849
2026-09-25 18:36:00+00:00,393.5924987792969,393.6099853515625,393.5299987792969,393.6098937988281,3988
2026-09-25 18:37:00+00:00,393.5899963378906,393.5899963378906,393.2099914550781,393.2200012207031,7648
2026-09-25 18:38:00+00:00,393.2300109863281,393.3999938964844,393.2300109863281,393.3999938964844,5726
2026-09-25 18:39:00+00:00,393.3999938964844,393.4100036621094,393.1199951171875,393.1400146484375,15539
2026-09-25 18:40:00+00:00,393.1449890136719,393.25,393.13360595703125,393.2300109863281,4043
2026-09-25 18:41:00+00:00,393.260009765625,393.3399963378906,393.135009765625,393.3299865722656,9134
2026-09-25 18:42:00+00:00,393.32000732421875,393.375,393.2699890136719,393.3599853515625,6387
2026-09-25 18:43:00+00:00,393.3599853515625,393.4200134277344,393.3599853515625,393.4100036621094,1803
2026-09-25 18:44:00+00:00,393.385009765625,393.5,393.3699951171875,393.489990234375,4481
2026-09-25 18:45:00+00:00,393.489990234375,393.54998779296875,393.42999267578125,393.42999267578125,22734
2026-09-25 18:46:00+00:00,393.42498779296875,393.4800109863281,393.3800048828125,393.4200134277344,4667
2026-09-25 18:47:00+00:00,393.42999267578125,393.45001220703125,393.3999938964844,393.4280090332031,2738
2026-09-25 18:48:00+00:00,393.45001220703125,393.70001220703125,393.45001220703125,393.6099853515625,21010
2026-09-25 18:49:00+00:00,393.6300048828125,393.8106994628906,393.6300048828125,393.7799987792969,114895
2026-09-25 18:50:00+00:00,393.7900085449219,393.8699951171875,393.7799987792969,393.81500244140625,7316
2026-09-25 18:51:00+00:00,393.80999755859375,393.8599853515625,393.7099914550781,393.760009765625,12372
2026-09-25 18:52:00+00:00,393.7699890136719,393.80999755859375,393.75,393.7900085449219,5971
2026-09-25 18:53:00+00:00,393.79998779296875,393.8800048828125,393.78009033203125,393.79998779296875,20090
2026-09-25 18:54:00+00:00,393.79998779296875,393.82000732421875,393.70001220703125,393.7650146484375,30585
2026-09-25 18:55:00+00:00,393.7699890136719,393.79998779296875,393.7300109863281,393.7300109863281,11633
2026-09-25 18:56:00+00:00,393.7001037597656,393.8138122558594,393.7001037597656,393.7745056152344,15928
2026-09-25 18:57:00+00:00,393.7699890136719,393.8099060058594,393.7001037597656,393.7449951171875,11478
2026-09-25 18:58:00+00:00,393.7449951171875,393.7637023925781,393.7200012207031,393.7300109863281,6856
2026-09-25 18:59:00+00:00,393.7300109863281,393.7749938964844,393.6400146484375,393.75299072265625,9057
2026-09-25 19:00:00+00:00,393.79998779296875,393.8699951171875,393.6199951171875,393.69500732421875,52665
2026-09-25 19:01:00+00:00,393.69000244140625,393.8699951171875,393.57000732421875,393.70001220703125,70232
2026-09-25 19:02:00+00:00,393.6899108886719,393.69500732421875,393.5199890136719,393.5249938964844,7930
2026-09-25 19:03:00+00:00,393.5199890136719,393.54998779296875,393.4700012207031,393.5400085449219,6538
2026-09-25 19:04:00+00:00,393.54998779296875,393.5799865722656,393.29998779296875,393.29998779296875,13606
2026-09-25 19:05:00+00:00,393.3299865722656,393.44000244140625,393.2099914550781,393.3999938964844,8793
2026-09-25 19:06:00+00:00,393.3999938964844,393.57000732421875,393.3999938964844,393.5,8453
2026-09-25 19:07:00+00:00,393.5201110839844,393.75,393.5201110839844,393.7099914550781,8981
2026-09-25 19:08:00+00:00,393.7200012207031,393.739990234375,393.57000732421875,393.5899963378906,7742
2026-09-25 19:09:00+00:00,393.6099853515625,393.70001220703125,393.6000061035156,393.6700134277344,6716
2026-09-25 19:10:00+00:00,393.6700134277344,393.75,393.6400146484375,393.6700134277344,12537
2026-09-25 19:11:00+00:00,393.70001220703125,393.7250061035156,393.6199951171875,393.6400146484375,15665
2026-09-25 19:12:00+00:00,393.625,393.69000244140625,393.57501220703125,393.6449890136719,4195
2026-09-25 19:13:00+00:00,393.6499938964844,393.69000244140625,393.6199951171875,393.6592102050781,5660
2026-09-25 19:14:00+00:00,393.70001220703125,394.0,393.70001220703125,393.94000244140625,26961
2026-09-25 19:15:00+00:00,393.9599914550781,393.9599914550781,393.79998779296875,393.8550109863281,13491
2026-09-25 19:16:00+00:00,393.8399963378906,393.8399963378906,393.70001220703125,393.7099914550781,12445
2026-09-25 19:17:00+00:00,393.70001220703125,393.760009765625,393.67999267578125,393.67999267578125,7176
2026-09-25 19:18:00+00:00,393.7099914550781,393.7099914550781,393.67999267578125,393.7099914550781,6770
2026-09-25 19:19:00+00:00,393.7099914550781,393.7099914550781,393.5600891113281,393.57000732421875,16377
2026-09-25 19:20:00+00:00,393.57000732421875,393.5799865722656,393.5,393.510009765625,7683
2026-09-25 19:21:00+00:00,393.5,393.5400085449219,393.42999267578125,393.4599914550781,11061
2026-09-25 19:22:00+00:00,393.45001220703125,393.4599914550781,393.2900085449219,393.29998779296875,13746
2026-09-25 19:23:00+00:00,393.2900085449219,393.3280029296875,393.2699890136719,393.32501220703125,12301
2026-09-25 19:24:00+00:00,393.3299865722656,393.3800048828125,393.2799987792969,393.2900085449219,18045
2026-09-25 19:25:00+00:00,393.29998779296875,393.30999755859375,393.2099914550781,393.2550048828125,8897
2026-09-25 19:26:00+00:00,393.260009765625,393.260009765625,393.17999267578125,393.2349853515625,9500
2026-09-25 19:27:00+00:00,393.2099914550781,393.2699890136719,393.1199951171875,393.1300048828125,27172
2026-09-25 19:28:00+00:00,393.1400146484375,393.21990966796875,393.1300048828125,393.2049865722656,5649
2026-09-25 19:29:00+00:00,393.2049865722656,393.2049865722656,393.1199951171875,393.17999267578125,6533
2026-09-25 19:30:00+00:00,393.17999267578125,393.32000732421875,393.1600036621094,393.29998779296875,8299
2026-09-25 19:31:00+00:00,393.30499267578125,393.3299865722656,393.1300048828125,393.1719970703125,17175
2026-09-25 19:32:00+00:00,393.18499755859375,393.2200012207031,393.1600036621094,393.18499755859375,6257
2026-09-25 19:33:00+00:00,393.1700134277344,393.239990234375,393.1300048828125,393.2099914550781,7752
2026-09-25 19:34:00+00:00,393.20001220703125,393.239990234375,393.1499938964844,393.2200012207031,5117
2026-09-25 19:35:00+00:00,393.2300109863281,393.3900146484375,393.2300109863281,393.364990234375,10300
2026-09-25 19:36:00+00:00,393.385009765625,393.40899658203125,393.3500061035156,393.3800048828125,9579
2026-09-25 19:37:00+00:00,393.3900146484375,393.6600036621094,393.3900146484375,393.6099853515625,21687
2026-09-25 19:38:00+00:00,393.5899963378906,393.7200012207031,393.55999755859375,393.6000061035156,27746
2026-09-25 19:39:00+00:00,393.5899963378906,393.6499938964844,393.5799865722656,393.6199951171875,4999
2026-09-25 19:40:00+00:00,393.614990234375,393.614990234375,393.5,393.58905029296875,8784
2026-09-25 19:41:00+00:00,393.57501220703125,393.6499938964844,393.5400085449219,393.54998779296875,6991
2026-09-25 19:42:00+00:00,393.5799865722656,393.5899963378906,393.5400085449219,393.5799865722656,5307
2026-09-25 19:43:00+00:00,393.57501220703125,393.67999267578125,393.57501220703125,393.6300048828125,203922
2026-09-25 19:44:00+00:00,393.6499938964844,393.6499938964844,393.5199890136719,393.54998779296875,18421
2026-09-25 19:45:00+00:00,393.6499938964844,393.7200012207031,393.6050109863281,393.67999267578125,11514
2026-09-25 19:46:00+00:00,393.6499938964844,393.7200012207031,393.6300048828125,393.7099914550781,5645
2026-09-25 19:47:00+00:00,393.70001220703125,393.7200012207031,393.6300048828125,393.68499755859375,11105
2026-09-25 19:48:00+00:00,393.6700134277344,393.69000244140625,393.5911865234375,393.6050109863281,6937
2026-09-25 19:49:00+00:00,393.5799865722656,393.5849914550781,393.5199890136719,393.54998779296875,13068
2026-09-25 19:50:00+00:00,393.55999755859375,393.6499938964844,393.55999755859375,393.6099853515625,18751
2026-09-25 19:51:00+00:00,393.6099853515625,393.6199951171875,393.4700012207031,393.4800109863281,46333
2026-09-25 19:52:00+00:00,393.4800109863281,393.5,393.3500061035156,393.4100036621094,44157
2026-09-25 19:53:00+00:00,393.3999938964844,393.3999938964844,393.32000732421875,393.3399963378906,50523
2026-09-25 19:54:00+00:00,393.3299865722656,393.3900146484375,393.30999755859375,393.3599853515625,32333
2026-09-25 19:55:00+00:00,393.3699951171875,393.3699951171875,393.2200012207031,393.29998779296875,49233
2026-09-25 19:56:00+00:00,393.2900085449219,393.30999755859375,393.260009765625,393.2799987792969,21695
2026-09-25 19:57:00+00:00,393.2900085449219,393.3599853515625,393.2699890136719,393.2799987792969,35844
2026-09-25 19:58:00+00:00,393.2699890136719,393.3599853515625,393.2550048828125,393.3500061035156,78081
2026-09-25 19:59:00+00:00,393.3500061035156,393.45001220703125,393.3500061035156,393.3500061035156,119283
