ts,open,high,low,close,volume
2026-09-10 13:30:00+00:00,43.53049850463867,43.560001373291016,43.44499969482422,43.44499969482422,6448420
2026-09-10 13:31:00+00:00,43.44499969482422,43.494998931884766,43.41999816894531,43.42499923706055,340270
2026-09-10 13:32:00+00:00,43.42499923706055,43.5099983215332,43.42010116577149,43.4900016784668,247934
2026-09-10 13:33:00+00:00,43.48500061035156,43.52000045776367,43.47460174560547,43.48500061035156,126862
2026-09-10 13:34:00+00:00,43.48500061035156,43.52999877929688,43.47999954223633,43.52000045776367,179318
2026-09-10 13:35:00+00:00,43.5099983215332,43.52999877929688,43.48500061035156,43.52999877929688,220058
2026-09-10 13:36:00+00:00,43.52999877929688,43.62990188598633,43.52989959716797,43.6171989440918,163897
2026-09-10 13:37:00+00:00,43.619998931884766,43.6349983215332,43.525001525878906,43.56999969482422,472421
2026-09-10 13:38:00+00:00,43.56999969482422,43.59000015258789,43.54999923706055,43.55500030517578,93871
2026-09-10 13:39:00+00:00,43.54999923706055,43.59999847412109,43.53499984741211,43.59989929199219,195663
2026-09-10 13:40:00+00:00,43.595001220703125,43.597599029541016,43.54499816894531,43.56900024414063,227450
2026-09-10 13:41:00+00:00,43.56499862670898,43.609901428222656,43.55500030517578,43.56999969482422,329999
2026-09-10 13:42:00+00:00,43.56999969482422,43.609901428222656,43.525001525878906,43.53990173339844,174037
2026-09-10 13:43:00+00:00,43.540000915527344,43.56999969482422,43.525001525878906,43.54610061645508,120155
2026-09-10 13:44:00+00:00,43.54999923706055,43.55989837646485,43.51499938964844,43.51499938964844,235825
2026-09-10 13:45:00+00:00,43.51499938964844,43.56499862670898,43.512001037597656,43.56499862670898,93371
2026-09-10 13:46:00+00:00,43.56990051269531,43.584999084472656,43.54999923706055,43.58000183105469,111258
2026-09-10 13:47:00+00:00,43.58990097045898,43.619998931884766,43.584999084472656,43.60499954223633,164808
2026-09-10 13:48:00+00:00,43.59999847412109,43.625,43.55500030517578,43.58000183105469,190995
2026-09-10 13:49:00+00:00,43.58000183105469,43.630001068115234,43.58000183105469,43.60499954223633,306280
2026-09-10 13:50:00+00:00,43.59999847412109,43.59999847412109,43.5343017578125,43.54610061645508,77338
2026-09-10 13:51:00+00:00,43.54600143432617,43.54600143432617,43.510101318359375,43.53010177612305,83593
2026-09-10 13:52:00+00:00,43.540000915527344,43.64500045776367,43.540000915527344,43.6349983215332,60651
2026-09-10 13:53:00+00:00,43.63990020751953,43.70500183105469,43.625,43.68000030517578,235106
2026-09-10 13:54:00+00:00,43.67499923706055,43.720001220703125,43.66049957275391,43.665000915527344,80915
2026-09-10 13:55:00+00:00,43.665000915527344,43.68000030517578,43.630001068115234,43.66999816894531,203411
2026-09-10 13:56:00+00:00,43.66999816894531,43.70000076293945,43.66230010986328,43.68000030517578,101525
2026-09-10 13:57:00+00:00,43.67499923706055,43.69990158081055,43.67229843139648,43.69419860839844,69392
2026-09-10 13:58:00+00:00,43.68999862670898,43.709999084472656,43.68000030517578,43.69499969482422,246656
2026-09-10 13:59:00+00:00,43.69499969482422,43.709999084472656,43.665000915527344,43.669898986816406,32292
2026-09-10 14:00:00+00:00,43.665000915527344,43.730098724365234,43.665000915527344,43.730098724365234,89800
2026-09-10 14:01:00+00:00,43.72999954223633,43.7599983215332,43.720001220703125,43.7599983215332,73099
2026-09-10 14:02:00+00:00,43.7599983215332,43.775001525878906,43.73500061035156,43.75,139702
2026-09-10 14:03:00+00:00,43.75,43.755001068115234,43.70000076293945,43.73500061035156,149139
2026-09-10 14:04:00+00:00,43.73989868164063,43.73989868164063,43.68239974975586,43.71020126342773,59394
2026-09-10 14:05:00+00:00,43.709999084472656,43.709999084472656,43.65999984741211,43.65999984741211,79532
2026-09-10 14:06:00+00:00,43.65499877929688,43.66999816894531,43.63980102539063,43.650001525878906,57487
2026-09-10 14:07:00+00:00,43.64500045776367,43.65499877929688,43.59000015258789,43.59000015258789,102772
2026-09-10 14:08:00+00:00,43.584999084472656,43.595001220703125,43.540000915527344,43.56209945678711,129197
2026-09-10 14:09:00+00:00,43.560001373291016,43.59000015258789,43.549800872802734,43.59000015258789,90931
2026-09-10 14:10:00+00:00,43.595001220703125,43.60499954223633,43.56340026855469,43.56999969482422,99237
2026-09-10 14:11:00+00:00,43.56499862670898,43.619998931884766,43.560001373291016,43.619998931884766,64041
2026-09-10 14:12:00+00:00,43.619998931884766,43.65499877929688,43.6150016784668,43.64360046386719,32288
2026-09-10 14:13:00+00:00,43.650001525878906,43.6525993347168,43.63010025024414,43.63980102539063,144028
2026-09-10 14:14:00+00:00,43.6349983215332,43.655399322509766,43.60979843139648,43.61050033569336,36259
2026-09-10 14:15:00+00:00,43.61000061035156,43.6150016784668,43.58980178833008,43.58980178833008,16474
2026-09-10 14:16:00+00:00,43.58000183105469,43.58000183105469,43.55500030517578,43.58000183105469,35570
2026-09-10 14:17:00+00:00,43.58000183105469,43.58000183105469,43.54499816894531,43.54999923706055,43590
2026-09-10 14:18:00+00:00,43.540000915527344,43.55500030517578,43.53010177612305,43.540000915527344,49418
2026-09-10 14:19:00+00:00,43.550201416015625,43.595001220703125,43.550201416015625,43.59000015258789,85649
2026-09-10 14:20:00+00:00,43.58000183105469,43.625,43.58000183105469,43.60810089111328,76492
2026-09-10 14:21:00+00:00,43.59999847412109,43.59999847412109,43.56499862670898,43.59999847412109,25480
2026-09-10 14:22:00+00:00,43.609901428222656,43.68000030517578,43.59999847412109,43.66999816894531,90813
2026-09-10 14:23:00+00:00,43.65999984741211,43.65999984741211,43.63990020751953,43.6599006652832,52013
2026-09-10 14:24:00+00:00,43.650001525878906,43.775001525878906,43.6349983215332,43.73270034790039,316896
2026-09-10 14:25:00+00:00,43.73500061035156,43.79999923706055,43.73500061035156,43.76499938964844,143233
2026-09-10 14:26:00+00:00,43.76499938964844,43.775001525878906,43.709999084472656,43.72999954223633,78982
2026-09-10 14:27:00+00:00,43.72499847412109,43.75809860229492,43.720001220703125,43.744998931884766,33454
2026-09-10 14:28:00+00:00,43.75,43.79499816894531,43.75,43.790000915527344,30297
2026-09-10 14:29:00+00:00,43.79499816894531,43.79499816894531,43.72499847412109,43.72499847412109,53919
2026-09-10 14:30:00+00:00,43.72999954223633,43.7598991394043,43.71009826660156,43.72420120239258,77163
2026-09-10 14:31:00+00:00,43.720001220703125,43.72499847412109,43.70000076293945,43.720001220703125,45775
2026-09-10 14:32:00+00:00,43.72159957885742,43.74990081787109,43.71500015258789,43.730201721191406,20035
2026-09-10 14:33:00+00:00,43.72999954223633,43.755001068115234,43.72990036010742,43.7400016784668,23221
2026-09-10 14:34:00+00:00,43.73740005493164,43.755001068115234,43.72999954223633,43.744998931884766,36805
2026-09-10 14:35:00+00:00,43.744998931884766,43.790000915527344,43.744998931884766,43.760101318359375,60846
2026-09-10 14:36:00+00:00,43.77000045776367,43.77000045776367,43.720001220703125,43.769798278808594,39696
2026-09-10 14:37:00+00:00,43.77000045776367,43.77989959716797,43.7598991394043,43.7672004699707,31108
2026-09-10 14:38:00+00:00,43.77000045776367,43.77000045776367,43.712100982666016,43.72990036010742,55941
2026-09-10 14:39:00+00:00,43.72999954223633,43.72999954223633,43.71500015258789,43.720001220703125,12476
2026-09-10 14:40:00+00:00,43.71009826660156,43.744998931884766,43.71009826660156,43.744998931884766,59299
2026-09-10 14:41:00+00:00,43.75,43.77999877929688,43.744998931884766,43.75669860839844,28741
2026-09-10 14:42:00+00:00,43.75,43.76499938964844,43.72499847412109,43.72499847412109,22805
2026-09-10 14:43:00+00:00,43.72999954223633,43.74020004272461,43.72010040283203,43.73500061035156,13989
2026-09-10 14:44:00+00:00,43.72999954223633,43.74129867553711,43.72499847412109,43.7400016784668,14416
2026-09-10 14:45:00+00:00,43.7400016784668,43.776100158691406,43.72999954223633,43.77000045776367,16758
2026-09-10 14:46:00+00:00,43.76499938964844,43.80500030517578,43.76499938964844,43.80500030517578,22352
2026-09-10 14:47:00+00:00,43.810001373291016,43.81499862670898,43.77949905395508,43.77949905395508,26972
2026-09-10 14:48:00+00:00,43.775001525878906,43.790000915527344,43.769798278808594,43.77989959716797,16637
2026-09-10 14:49:00+00:00,43.775001525878906,43.785099029541016,43.7599983215332,43.76499938964844,27731
2026-09-10 14:50:00+00:00,43.7599983215332,43.77000045776367,43.73500061035156,43.73500061035156,18403
2026-09-10 14:51:00+00:00,43.7401008605957,43.75,43.722801208496094,43.75,14476
2026-09-10 14:52:00+00:00,43.755001068115234,43.775001525878906,43.75,43.772098541259766,14708
2026-09-10 14:53:00+00:00,43.77999877929688,43.810001373291016,43.77750015258789,43.80500030517578,26120
2026-09-10 14:54:00+00:00,43.810001373291016,43.810001373291016,43.790000915527344,43.80500030517578,17043
2026-09-10 14:55:00+00:00,43.810001373291016,43.8119010925293,43.79999923706055,43.80979919433594,21833
2026-09-10 14:56:00+00:00,43.80899810791016,43.834999084472656,43.79999923706055,43.834999084472656,68834
2026-09-10 14:57:00+00:00,43.83420181274414,43.83420181274414,43.80500030517578,43.8120002746582,23513
2026-09-10 14:58:00+00:00,43.81499862670898,43.81499862670898,43.790000915527344,43.80500030517578,24912
2026-09-10 14:59:00+00:00,43.80500030517578,43.82500076293945,43.80500030517578,43.82500076293945,22271
2026-09-10 15:00:00+00:00,43.81999969482422,43.81999969482422,43.77000045776367,43.77000045776367,47761
2026-09-10 15:01:00+00:00,43.77000045776367,43.77000045776367,43.73500061035156,43.7400016784668,39006
2026-09-10 15:02:00+00:00,43.75,43.757301330566406,43.71500015258789,43.72499847412109,28342
2026-09-10 15:03:00+00:00,43.73500061035156,43.769901275634766,43.720001220703125,43.769901275634766,40542
2026-09-10 15:04:00+00:00,43.7599983215332,43.775001525878906,43.74160003662109,43.74160003662109,25910
2026-09-10 15:05:00+00:00,43.7401008605957,43.79999923706055,43.7401008605957,43.792999267578125,25940
2026-09-10 15:06:00+00:00,43.790000915527344,43.79499816894531,43.76499938964844,43.77000045776367,33845
2026-09-10 15:07:00+00:00,43.775001525878906,43.79499816894531,43.775001525878906,43.78499984741211,25101
2026-09-10 15:08:00+00:00,43.77999877929688,43.78499984741211,43.775001525878906,43.78499984741211,21024
2026-09-10 15:09:00+00:00,43.80500030517578,43.80500030517578,43.7776985168457,43.77999877929688,15460
2026-09-10 15:10:00+00:00,43.77999877929688,43.83000183105469,43.77999877929688,43.81999969482422,22020
2026-09-10 15:11:00+00:00,43.81999969482422,43.82419967651367,43.78499984741211,43.790000915527344,26490
2026-09-10 15:12:00+00:00,43.79180145263672,43.79180145263672,43.775001525878906,43.775001525878906,13957
2026-09-10 15:13:00+00:00,43.77989959716797,43.790000915527344,43.77000045776367,43.77999877929688,23345
2026-09-10 15:14:00+00:00,43.77999877929688,43.77999877929688,43.77000045776367,43.77069854736328,21543
2026-09-10 15:15:00+00:00,43.775001525878906,43.790000915527344,43.769901275634766,43.77999877929688,34161
2026-09-10 15:16:00+00:00,43.775001525878906,43.775001525878906,43.77000045776367,43.775001525878906,15561
2026-09-10 15:17:00+00:00,43.77000045776367,43.775001525878906,43.72999954223633,43.72999954223633,38290
2026-09-10 15:18:00+00:00,43.72999954223633,43.730098724365234,43.72010040283203,43.72999954223633,12881
2026-09-10 15:19:00+00:00,43.72990036010742,43.7400016784668,43.72499847412109,43.72499847412109,8420
2026-09-10 15:20:00+00:00,43.72579956054688,43.72999954223633,43.70000076293945,43.701698303222656,33876
2026-09-10 15:21:00+00:00,43.70000076293945,43.70500183105469,43.65999984741211,43.70500183105469,76856
2026-09-10 15:22:00+00:00,43.70500183105469,43.71030044555664,43.69499969482422,43.70500183105469,70004
2026-09-10 15:23:00+00:00,43.70000076293945,43.709999084472656,43.66949844360352,43.66949844360352,64463
2026-09-10 15:24:00+00:00,43.665000915527344,43.67990112304688,43.65999984741211,43.66999816894531,52862
2026-09-10 15:25:00+00:00,43.67499923706055,43.67499923706055,43.63999938964844,43.65499877929688,68696
2026-09-10 15:26:00+00:00,43.650001525878906,43.650001525878906,43.63090133666992,43.6349983215332,20335
2026-09-10 15:27:00+00:00,43.6349983215332,43.650001525878906,43.619998931884766,43.650001525878906,53693
2026-09-10 15:28:00+00:00,43.65499877929688,43.67499923706055,43.6349983215332,43.65499877929688,26991
2026-09-10 15:29:00+00:00,43.650001525878906,43.658199310302734,43.630001068115234,43.6349983215332,17547
2026-09-10 15:30:00+00:00,43.6349983215332,43.65499877929688,43.6349983215332,43.650001525878906,14090
2026-09-10 15:31:00+00:00,43.65499877929688,43.65999984741211,43.63999938964844,43.650001525878906,21257
2026-09-10 15:32:00+00:00,43.65119934082031,43.65499877929688,43.630001068115234,43.650001525878906,29362
2026-09-10 15:33:00+00:00,43.65499877929688,43.69499969482422,43.65499877929688,43.68999862670898,24671
2026-09-10 15:34:00+00:00,43.68999862670898,43.70500183105469,43.67499923706055,43.67499923706055,11722
2026-09-10 15:35:00+00:00,43.67499923706055,43.709999084472656,43.65999984741211,43.685001373291016,37390
2026-09-10 15:36:00+00:00,43.685001373291016,43.744998931884766,43.685001373291016,43.744998931884766,80856
2026-09-10 15:37:00+00:00,43.744998931884766,43.775001525878906,43.732398986816406,43.76499938964844,102310
2026-09-10 15:38:00+00:00,43.76499938964844,43.775001525878906,43.755001068115234,43.755001068115234,28243
2026-09-10 15:39:00+00:00,43.755001068115234,43.755001068115234,43.73500061035156,43.73500061035156,14597
2026-09-10 15:40:00+00:00,43.744998931884766,43.74760055541992,43.70000076293945,43.70500183105469,31935
2026-09-10 15:41:00+00:00,43.70500183105469,43.720001220703125,43.70000076293945,43.71500015258789,8648
2026-09-10 15:42:00+00:00,43.70500183105469,43.71500015258789,43.69010162353516,43.71009826660156,9374
2026-09-10 15:43:00+00:00,43.70500183105469,43.71500015258789,43.68999862670898,43.709999084472656,10605
2026-09-10 15:44:00+00:00,43.71500015258789,43.71500015258789,43.69499969482422,43.69499969482422,40536
2026-09-10 15:45:00+00:00,43.70000076293945,43.71500015258789,43.69499969482422,43.71500015258789,10786
2026-09-10 15:46:00+00:00,43.720001220703125,43.720001220703125,43.640098571777344,43.640098571777344,38445
2026-09-10 15:47:00+00:00,43.64500045776367,43.650001525878906,43.6349983215332,43.63999938964844,14747
2026-09-10 15:48:00+00:00,43.63999938964844,43.65700149536133,43.63999938964844,43.65039825439453,11768
2026-09-10 15:49:00+00:00,43.64500045776367,43.685001373291016,43.63999938964844,43.68000030517578,23489
2026-09-10 15:50:00+00:00,43.67499923706055,43.70000076293945,43.67190170288086,43.68220138549805,106996
2026-09-10 15:51:00+00:00,43.65999984741211,43.66999816894531,43.65999984741211,43.669898986816406,13875
2026-09-10 15:52:00+00:00,43.65499877929688,43.69499969482422,43.65499877929688,43.68999862670898,11590
2026-09-10 15:53:00+00:00,43.685001373291016,43.685001373291016,43.665000915527344,43.665000915527344,6909
2026-09-10 15:54:00+00:00,43.665000915527344,43.665000915527344,43.651798248291016,43.65499877929688,21170
2026-09-10 15:55:00+00:00,43.65999984741211,43.665000915527344,43.6349983215332,43.65499877929688,179414
2026-09-10 15:56:00+00:00,43.65999984741211,43.69499969482422,43.65999984741211,43.68989944458008,39898
2026-09-10 15:57:00+00:00,43.68999862670898,43.70000076293945,43.68999862670898,43.69499969482422,33650
2026-09-10 15:58:00+00:00,43.70000076293945,43.709999084472656,43.70000076293945,43.70500183105469,81336
2026-09-10 15:59:00+00:00,43.70500183105469,43.720001220703125,43.70500183105469,43.71500015258789,145581
2026-09-10 16:00:00+00:00,43.720001220703125,43.7400016784668,43.71500015258789,43.7400016784668,117096
2026-09-10 16:01:00+00:00,43.75,43.7599983215332,43.70500183105469,43.71500015258789,344968
2026-09-10 16:02:00+00:00,43.71500015258789,43.720001220703125,43.665000915527344,43.665000915527344,19710
2026-09-10 16:03:00+00:00,43.65999984741211,43.65999984741211,43.62200164794922,43.630001068115234,58238
2026-09-10 16:04:00+00:00,43.6349983215332,43.650001525878906,43.619998931884766,43.625,32738
2026-09-10 16:05:00+00:00,43.62289810180664,43.6349983215332,43.61000061035156,43.6349983215332,74572
2026-09-10 16:06:00+00:00,43.6349983215332,43.6349983215332,43.62009811401367,43.62009811401367,8920
2026-09-10 16:07:00+00:00,43.619998931884766,43.625,43.58190155029297,43.584999084472656,32318
2026-09-10 16:08:00+00:00,43.58000183105469,43.58100128173828,43.53499984741211,43.53499984741211,156692
2026-09-10 16:09:00+00:00,43.53200149536133,43.55500030517578,43.52000045776367,43.52000045776367,121301
2026-09-10 16:10:00+00:00,43.52000045776367,43.54499816894531,43.5099983215332,43.540000915527344,105280
2026-09-10 16:11:00+00:00,43.53499984741211,43.541900634765625,43.51499938964844,43.51499938964844,53791
2026-09-10 16:12:00+00:00,43.51499938964844,43.55500030517578,43.505001068115234,43.55500030517578,113980
2026-09-10 16:13:00+00:00,43.560001373291016,43.56999969482422,43.55500030517578,43.560001373291016,34418
2026-09-10 16:14:00+00:00,43.55500030517578,43.560001373291016,43.54999923706055,43.54999923706055,40320
2026-09-10 16:15:00+00:00,43.55500030517578,43.56499862670898,43.54999923706055,43.56499862670898,17062
2026-09-10 16:16:00+00:00,43.56499862670898,43.56510162353516,43.525001525878906,43.52999877929688,27452
2026-09-10 16:17:00+00:00,43.525001525878906,43.52999877929688,43.505001068115234,43.51499938964844,59914
2026-09-10 16:18:00+00:00,43.51499938964844,43.528099060058594,43.5,43.505001068115234,78524
2026-09-10 16:19:00+00:00,43.5,43.525001525878906,43.4901008605957,43.52000045776367,83093
2026-09-10 16:20:00+00:00,43.51499938964844,43.59989929199219,43.505001068115234,43.59000015258789,41344
2026-09-10 16:21:00+00:00,43.584999084472656,43.6150016784668,43.58000183105469,43.5900993347168,38248
2026-09-10 16:22:00+00:00,43.58000183105469,43.597801208496094,43.560001373291016,43.56499862670898,56083
2026-09-10 16:23:00+00:00,43.5620002746582,43.56999969482422,43.54499816894531,43.56999969482422,56228
2026-09-10 16:24:00+00:00,43.571998596191406,43.58000183105469,43.54999923706055,43.54999923706055,9816
2026-09-10 16:25:00+00:00,43.54999923706055,43.560001373291016,43.54499816894531,43.55989837646485,8680
2026-09-10 16:26:00+00:00,43.56499862670898,43.56499862670898,43.52999877929688,43.52999877929688,15599
2026-09-10 16:27:00+00:00,43.52799987792969,43.540000915527344,43.52000045776367,43.53499984741211,29784
2026-09-10 16:28:00+00:00,43.53139877319336,43.53499984741211,43.525001525878906,43.53340148925781,38095
2026-09-10 16:29:00+00:00,43.52999877929688,43.53499984741211,43.52310180664063,43.525001525878906,9066
2026-09-10 16:30:00+00:00,43.52899932861328,43.560001373291016,43.52899932861328,43.54499816894531,22405
2026-09-10 16:31:00+00:00,43.54899978637695,43.55500030517578,43.54090118408203,43.54090118408203,18971
2026-09-10 16:32:00+00:00,43.54899978637695,43.54899978637695,43.52000045776367,43.52999877929688,26949
2026-09-10 16:33:00+00:00,43.52899932861328,43.52999877929688,43.51900100708008,43.519798278808594,14896
2026-09-10 16:34:00+00:00,43.52000045776367,43.52000045776367,43.470001220703125,43.47499847412109,234706
2026-09-10 16:35:00+00:00,43.4650993347168,43.470001220703125,43.43999862670898,43.44499969482422,102070
2026-09-10 16:36:00+00:00,43.45000076293945,43.5,43.45000076293945,43.494998931884766,39470
2026-09-10 16:37:00+00:00,43.49739837646485,43.55500030517578,43.49739837646485,43.55500030517578,42238
2026-09-10 16:38:00+00:00,43.55500030517578,43.560001373291016,43.53499984741211,43.54999923706055,34156
2026-09-10 16:39:00+00:00,43.54899978637695,43.584999084472656,43.54899978637695,43.58000183105469,32118
2026-09-10 16:40:00+00:00,43.5890007019043,43.60499954223633,43.57500076293945,43.595001220703125,20231
2026-09-10 16:41:00+00:00,43.5989990234375,43.61000061035156,43.59000015258789,43.60499954223633,24825
2026-09-10 16:42:00+00:00,43.61000061035156,43.619998931884766,43.59000015258789,43.59000015258789,55172
2026-09-10 16:43:00+00:00,43.59000015258789,43.59000015258789,43.54999923706055,43.56010055541992,32400
2026-09-10 16:44:00+00:00,43.56999969482422,43.59999847412109,43.56999969482422,43.5901985168457,15276
2026-09-10 16:45:00+00:00,43.5989990234375,43.63999938964844,43.5989990234375,43.6349983215332,58431
2026-09-10 16:46:00+00:00,43.630001068115234,43.68999862670898,43.630001068115234,43.68000030517578,50235
2026-09-10 16:47:00+00:00,43.67900085449219,43.71900177001953,43.67900085449219,43.68999862670898,48372
2026-09-10 16:48:00+00:00,43.68999862670898,43.69990158081055,43.66999816894531,43.67499923706055,65823
2026-09-10 16:49:00+00:00,43.65999984741211,43.66899871826172,43.64500045776367,43.64500045776367,20712
2026-09-10 16:50:00+00:00,43.63999938964844,43.65900039672852,43.6349983215332,43.63949966430664,25131
2026-09-10 16:51:00+00:00,43.63999938964844,43.65499877929688,43.63999938964844,43.64500045776367,20789
2026-09-10 16:52:00+00:00,43.650001525878906,43.650001525878906,43.619998931884766,43.625,31851
2026-09-10 16:53:00+00:00,43.62900161743164,43.64899826049805,43.625,43.630001068115234,45969
2026-09-10 16:54:00+00:00,43.63999938964844,43.63999938964844,43.625,43.635101318359375,29335
2026-09-10 16:55:00+00:00,43.63999938964844,43.67499923706055,43.625,43.672401428222656,34744
2026-09-10 16:56:00+00:00,43.68000030517578,43.68000030517578,43.67499923706055,43.67499923706055,29226
2026-09-10 16:57:00+00:00,43.66999816894531,43.67900085449219,43.665000915527344,43.67900085449219,18752
2026-09-10 16:58:00+00:00,43.68000030517578,43.709999084472656,43.67499923706055,43.68999862670898,26311
2026-09-10 16:59:00+00:00,43.69900131225586,43.70000076293945,43.69200134277344,43.69499969482422,15380
2026-09-10 17:00:00+00:00,43.70000076293945,43.70000076293945,43.66999816894531,43.685001373291016,34032
2026-09-10 17:01:00+00:00,43.68999862670898,43.69010162353516,43.65999984741211,43.66999816894531,16989
2026-09-10 17:02:00+00:00,43.66999816894531,43.709999084472656,43.66999816894531,43.685001373291016,131845
2026-09-10 17:03:00+00:00,43.68000030517578,43.68000030517578,43.650001525878906,43.657901763916016,22446
2026-09-10 17:04:00+00:00,43.65499877929688,43.6693000793457,43.65499877929688,43.65999984741211,11405
2026-09-10 17:05:00+00:00,43.665000915527344,43.685001373291016,43.665000915527344,43.67499923706055,30390
2026-09-10 17:06:00+00:00,43.665000915527344,43.67499923706055,43.65499877929688,43.660099029541016,15940
2026-09-10 17:07:00+00:00,43.665000915527344,43.67499923706055,43.65999984741211,43.669898986816406,13746
2026-09-10 17:08:00+00:00,43.665000915527344,43.67010116577149,43.65999984741211,43.665000915527344,10238
2026-09-10 17:09:00+00:00,43.665000915527344,43.67499923706055,43.66210174560547,43.66210174560547,31749
2026-09-10 17:10:00+00:00,43.66999816894531,43.69940185546875,43.66999816894531,43.68999862670898,21152
2026-09-10 17:11:00+00:00,43.69010162353516,43.70000076293945,43.68999862670898,43.70000076293945,20352
2026-09-10 17:12:00+00:00,43.699501037597656,43.720001220703125,43.699501037597656,43.70000076293945,26639
2026-09-10 17:13:00+00:00,43.68999862670898,43.68999862670898,43.67010116577149,43.679500579833984,30570
2026-09-10 17:14:00+00:00,43.68000030517578,43.685001373291016,43.67779922485352,43.67779922485352,10051
2026-09-10 17:15:00+00:00,43.68000030517578,43.68000030517578,43.66379928588867,43.67499923706055,10999
2026-09-10 17:16:00+00:00,43.685001373291016,43.685001373291016,43.65999984741211,43.65999984741211,82724
2026-09-10 17:17:00+00:00,43.65499877929688,43.66999816894531,43.650001525878906,43.650001525878906,197272
2026-09-10 17:18:00+00:00,43.65499877929688,43.67499923706055,43.65499877929688,43.669898986816406,42345
2026-09-10 17:19:00+00:00,43.665000915527344,43.68000030517578,43.665000915527344,43.68000030517578,27547
2026-09-10 17:20:00+00:00,43.68619918823242,43.70500183105469,43.63999938964844,43.70009994506836,29814
2026-09-10 17:21:00+00:00,43.709999084472656,43.71989822387695,43.70000076293945,43.709999084472656,11735
2026-09-10 17:22:00+00:00,43.71839904785156,43.72499847412109,43.70500183105469,43.70500183105469,17800
2026-09-10 17:23:00+00:00,43.709999084472656,43.72999954223633,43.70500183105469,43.72309875488281,11812
2026-09-10 17:24:00+00:00,43.72499847412109,43.750099182128906,43.71500015258789,43.75,48670
2026-09-10 17:25:00+00:00,43.75,43.76499938964844,43.72499847412109,43.72499847412109,51743
2026-09-10 17:26:00+00:00,43.720001220703125,43.72499847412109,43.71500015258789,43.720001220703125,16913
2026-09-10 17:27:00+00:00,43.7400016784668,43.76850128173828,43.7400016784668,43.744998931884766,8335
2026-09-10 17:28:00+00:00,43.75,43.77780151367188,43.7400016784668,43.775001525878906,25549
2026-09-10 17:29:00+00:00,43.775001525878906,43.775001525878906,43.7599983215332,43.76499938964844,10685
2026-09-10 17:30:00+00:00,43.76499938964844,43.79579925537109,43.76219940185547,43.78990173339844,35315
2026-09-10 17:31:00+00:00,43.79999923706055,43.80500030517578,43.79240036010742,43.79499816894531,22174
2026-09-10 17:32:00+00:00,43.79499816894531,43.85499954223633,43.79499816894531,43.82500076293945,99856
2026-09-10 17:33:00+00:00,43.82809829711914,43.82809829711914,43.80500030517578,43.81990051269531,11674
2026-09-10 17:34:00+00:00,43.817501068115234,43.88719940185547,43.81499862670898,43.87699890136719,46476
2026-09-10 17:35:00+00:00,43.86000061035156,43.88999938964844,43.84000015258789,43.88999938964844,32581
2026-09-10 17:36:00+00:00,43.88999938964844,43.88999938964844,43.85499954223633,43.85499954223633,108779
2026-09-10 17:37:00+00:00,43.86000061035156,43.86000061035156,43.82500076293945,43.83000183105469,19459
2026-09-10 17:38:00+00:00,43.8213996887207,43.83000183105469,43.79499816894531,43.80500030517578,23085
2026-09-10 17:39:00+00:00,43.79999923706055,43.79999923706055,43.77999877929688,43.77999877929688,23497
2026-09-10 17:40:00+00:00,43.78499984741211,43.78499984741211,43.755001068115234,43.775001525878906,46729
2026-09-10 17:41:00+00:00,43.775001525878906,43.79999923706055,43.77009963989258,43.78499984741211,31940
2026-09-10 17:42:00+00:00,43.790000915527344,43.79209899902344,43.75,43.76499938964844,25355
2026-09-10 17:43:00+00:00,43.775001525878906,43.77999877929688,43.7599983215332,43.775001525878906,56822
2026-09-10 17:44:00+00:00,43.77999877929688,43.790000915527344,43.77999877929688,43.78499984741211,15738
2026-09-10 17:45:00+00:00,43.78499984741211,43.78749847412109,43.77989959716797,43.78010177612305,19651
2026-09-10 17:46:00+00:00,43.78499984741211,43.79499816894531,43.755001068115234,43.76499938964844,36900
2026-09-10 17:47:00+00:00,43.77999877929688,43.785099029541016,43.77000045776367,43.77000045776367,7951
2026-09-10 17:48:00+00:00,43.769901275634766,43.790000915527344,43.769901275634766,43.790000915527344,14114
2026-09-10 17:49:00+00:00,43.79499816894531,43.817501068115234,43.79499816894531,43.79999923706055,15644
2026-09-10 17:50:00+00:00,43.79499816894531,43.810001373291016,43.78499984741211,43.79499816894531,12409
2026-09-10 17:51:00+00:00,43.81499862670898,43.82500076293945,43.810001373291016,43.81999969482422,11679
2026-09-10 17:52:00+00:00,43.82500076293945,43.83000183105469,43.81999969482422,43.83000183105469,13623
2026-09-10 17:53:00+00:00,43.81999969482422,43.81999969482422,43.79999923706055,43.810001373291016,14675
2026-09-10 17:54:00+00:00,43.81499862670898,43.82500076293945,43.80500030517578,43.81499862670898,16280
2026-09-10 17:55:00+00:00,43.81499862670898,43.81999969482422,43.78030014038086,43.79499816894531,21289
2026-09-10 17:56:00+00:00,43.79499816894531,43.79999923706055,43.790000915527344,43.790000915527344,12425
2026-09-10 17:57:00+00:00,43.78499984741211,43.79999923706055,43.775001525878906,43.775001525878906,18421
2026-09-10 17:58:00+00:00,43.77999877929688,43.78850173950195,43.77999877929688,43.77999877929688,11485
2026-09-10 17:59:00+00:00,43.775001525878906,43.775001525878906,43.76499938964844,43.76499938964844,4476
2026-09-10 18:00:00+00:00,43.76499938964844,43.76499938964844,43.75,43.76499938964844,17094
2026-09-10 18:01:00+00:00,43.775001525878906,43.775001525878906,43.730098724365234,43.730098724365234,31458
2026-09-10 18:02:00+00:00,43.73500061035156,43.73500061035156,43.70009994506836,43.70989990234375,21154
2026-09-10 18:03:00+00:00,43.709999084472656,43.709999084472656,43.68000030517578,43.685001373291016,55358
2026-09-10 18:04:00+00:00,43.68999862670898,43.68999862670898,43.665000915527344,43.67210006713867,19837
2026-09-10 18:05:00+00:00,43.66999816894531,43.66999816894531,43.65499877929688,43.66999816894531,35749
2026-09-10 18:06:00+00:00,43.685001373291016,43.685001373291016,43.65999984741211,43.66999816894531,20842
2026-09-10 18:07:00+00:00,43.65999984741211,43.66809844970703,43.65010070800781,43.65010070800781,31647
2026-09-10 18:08:00+00:00,43.65499877929688,43.65510177612305,43.619998931884766,43.619998931884766,112190
2026-09-10 18:09:00+00:00,43.619998931884766,43.619998931884766,43.55500030517578,43.56499862670898,191853
2026-09-10 18:10:00+00:00,43.56999969482422,43.584999084472656,43.55500030517578,43.58000183105469,116132
2026-09-10 18:11:00+00:00,43.58000183105469,43.58769989013672,43.57500076293945,43.584999084472656,19046
2026-09-10 18:12:00+00:00,43.58000183105469,43.584999084472656,43.570098876953125,43.584999084472656,15428
2026-09-10 18:13:00+00:00,43.584999084472656,43.58990097045898,43.560001373291016,43.57500076293945,68030
2026-09-10 18:14:00+00:00,43.56999969482422,43.58000183105469,43.56999969482422,43.56999969482422,60418
2026-09-10 18:15:00+00:00,43.56499862670898,43.584999084472656,43.560001373291016,43.584999084472656,23760
2026-09-10 18:16:00+00:00,43.5801010131836,43.6150016784668,43.5801010131836,43.59999847412109,37258
2026-09-10 18:17:00+00:00,43.59999847412109,43.59999847412109,43.56999969482422,43.56999969482422,30191
2026-09-10 18:18:00+00:00,43.569801330566406,43.584999084472656,43.56499862670898,43.584999084472656,35618
2026-09-10 18:19:00+00:00,43.58000183105469,43.595001220703125,43.58000183105469,43.595001220703125,11022
2026-09-10 18:20:00+00:00,43.59999847412109,43.6150016784668,43.59999847412109,43.60580062866211,32501
2026-09-10 18:21:00+00:00,43.59999847412109,43.62689971923828,43.59999847412109,43.62689971923828,13694
2026-09-10 18:22:00+00:00,43.62900161743164,43.65499877929688,43.62900161743164,43.64500045776367,12539
2026-09-10 18:23:00+00:00,43.650001525878906,43.650001525878906,43.625,43.625,16531
2026-09-10 18:24:00+00:00,43.630001068115234,43.630001068115234,43.619998931884766,43.62630081176758,13449
2026-09-10 18:25:00+00:00,43.625,43.630001068115234,43.619998931884766,43.625,21613
2026-09-10 18:26:00+00:00,43.625,43.625,43.61000061035156,43.61000061035156,30430
2026-09-10 18:27:00+00:00,43.61000061035156,43.62689971923828,43.61000061035156,43.6150016784668,42592
2026-09-10 18:28:00+00:00,43.6150016784668,43.6349983215332,43.6150016784668,43.6349983215332,13166
2026-09-10 18:29:00+00:00,43.630001068115234,43.630001068115234,43.59999847412109,43.60499954223633,15510
2026-09-10 18:30:00+00:00,43.60499954223633,43.609901428222656,43.59000015258789,43.609901428222656,33140
2026-09-10 18:31:00+00:00,43.595001220703125,43.60499954223633,43.595001220703125,43.60499954223633,8095
2026-09-10 18:32:00+00:00,43.60499954223633,43.61000061035156,43.59999847412109,43.61000061035156,11213
2026-09-10 18:33:00+00:00,43.6150016784668,43.6150016784668,43.59000015258789,43.59000015258789,12113
2026-09-10 18:34:00+00:00,43.584999084472656,43.61800003051758,43.584999084472656,43.6150016784668,10480
2026-09-10 18:35:00+00:00,43.61949920654297,43.61949920654297,43.60010147094727,43.60499954223633,6645
2026-09-10 18:36:00+00:00,43.6150016784668,43.650001525878906,43.6150016784668,43.650001525878906,8956
2026-09-10 18:37:00+00:00,43.63999938964844,43.650001525878906,43.6349983215332,43.63999938964844,59130
2026-09-10 18:38:00+00:00,43.64500045776367,43.65499877929688,43.6349983215332,43.65499877929688,45869
2026-09-10 18:39:00+00:00,43.65999984741211,43.665000915527344,43.650001525878906,43.650001525878906,23487
2026-09-10 18:40:00+00:00,43.650001525878906,43.650001525878906,43.630001068115234,43.63249969482422,20106
2026-09-10 18:41:00+00:00,43.6349983215332,43.65999984741211,43.6338996887207,43.650001525878906,21021
2026-09-10 18:42:00+00:00,43.650001525878906,43.65999984741211,43.63999938964844,43.63999938964844,19856
2026-09-10 18:43:00+00:00,43.64500045776367,43.649898529052734,43.630001068115234,43.63800048828125,34841
2026-09-10 18:44:00+00:00,43.6349983215332,43.6599006652832,43.63249969482422,43.65499877929688,41831
2026-09-10 18:45:00+00:00,43.650001525878906,43.65499877929688,43.630001068115234,43.64500045776367,45062
2026-09-10 18:46:00+00:00,43.64500045776367,43.64830017089844,43.630001068115234,43.6349983215332,24190
2026-09-10 18:47:00+00:00,43.6349983215332,43.63610076904297,43.619998931884766,43.63610076904297,42359
2026-09-10 18:48:00+00:00,43.630001068115234,43.630001068115234,43.61000061035156,43.6150016784668,32704
2026-09-10 18:49:00+00:00,43.619998931884766,43.67499923706055,43.6150016784668,43.63999938964844,43332
2026-09-10 18:50:00+00:00,43.630001068115234,43.64500045776367,43.61000061035156,43.64500045776367,86908
2026-09-10 18:51:00+00:00,43.640098571777344,43.70869827270508,43.63999938964844,43.685001373291016,107741
2026-09-10 18:52:00+00:00,43.685001373291016,43.68999862670898,43.67499923706055,43.68999862670898,66080
2026-09-10 18:53:00+00:00,43.68999862670898,43.72499847412109,43.685001373291016,43.72499847412109,29152
2026-09-10 18:54:00+00:00,43.72499847412109,43.7400016784668,43.720001220703125,43.72999954223633,17893
2026-09-10 18:55:00+00:00,43.72499847412109,43.72499847412109,43.70000076293945,43.720001220703125,18001
2026-09-10 18:56:00+00:00,43.720001220703125,43.720001220703125,43.70500183105469,43.70500183105469,26706
2026-09-10 18:57:00+00:00,43.70000076293945,43.70000076293945,43.66999816894531,43.685001373291016,27556
2026-09-10 18:58:00+00:00,43.68000030517578,43.69499969482422,43.67430114746094,43.69499969482422,32202
2026-09-10 18:59:00+00:00,43.69010162353516,43.71500015258789,43.69010162353516,43.709999084472656,10165
2026-09-10 19:00:00+00:00,43.709999084472656,43.709999084472656,43.685001373291016,43.685001373291016,45888
2026-09-10 19:01:00+00:00,43.685001373291016,43.70000076293945,43.65999984741211,43.67010116577149,291279
2026-09-10 19:02:00+00:00,43.68000030517578,43.68000030517578,43.66230010986328,43.665000915527344,26592
2026-09-10 19:03:00+00:00,43.665000915527344,43.69499969482422,43.65999984741211,43.69499969482422,53581
2026-09-10 19:04:00+00:00,43.69499969482422,43.70000076293945,43.68000030517578,43.68769836425781,11360
2026-09-10 19:05:00+00:00,43.68000030517578,43.68000030517578,43.65499877929688,43.65499877929688,84339
2026-09-10 19:06:00+00:00,43.65950012207031,43.65950012207031,43.650001525878906,43.650001525878906,32336
2026-09-10 19:07:00+00:00,43.65570068359375,43.67499923706055,43.65499877929688,43.65999984741211,22684
2026-09-10 19:08:00+00:00,43.65240097045898,43.65999984741211,43.650001525878906,43.65499877929688,12571
2026-09-10 19:09:00+00:00,43.65499877929688,43.70000076293945,43.650001525878906,43.685001373291016,67288
2026-09-10 19:10:00+00:00,43.68000030517578,43.685001373291016,43.65999984741211,43.65999984741211,82105
2026-09-10 19:11:00+00:00,43.6599006652832,43.65999984741211,43.6349983215332,43.6349983215332,20156
2026-09-10 19:12:00+00:00,43.6349983215332,43.63999938964844,43.630001068115234,43.6349983215332,12972
2026-09-10 19:13:00+00:00,43.63999938964844,43.650001525878906,43.63999938964844,43.650001525878906,9276
2026-09-10 19:14:00+00:00,43.650001525878906,43.66999816894531,43.63999938964844,43.665000915527344,16402
2026-09-10 19:15:00+00:00,43.665000915527344,43.68009948730469,43.65999984741211,43.65999984741211,23089
2026-09-10 19:16:00+00:00,43.65499877929688,43.665000915527344,43.65499877929688,43.65999984741211,13285
2026-09-10 19:17:00+00:00,43.65999984741211,43.665000915527344,43.65499877929688,43.65499877929688,8604
2026-09-10 19:18:00+00:00,43.65010070800781,43.65499877929688,43.63999938964844,43.65499877929688,16910
2026-09-10 19:19:00+00:00,43.65010070800781,43.655799865722656,43.650001525878906,43.650001525878906,5715
2026-09-10 19:20:00+00:00,43.65499877929688,43.65499877929688,43.630001068115234,43.630001068115234,38084
2026-09-10 19:21:00+00:00,43.630001068115234,43.63999938964844,43.62149810791016,43.630001068115234,43841
2026-09-10 19:22:00+00:00,43.64500045776367,43.650001525878906,43.64500045776367,43.64630126953125,27672
2026-09-10 19:23:00+00:00,43.63999938964844,43.65499877929688,43.625,43.625,27113
2026-09-10 19:24:00+00:00,43.625,43.68000030517578,43.625,43.68000030517578,221375
2026-09-10 19:25:00+00:00,43.68000030517578,43.720001220703125,43.6786994934082,43.68989944458008,481408
2026-09-10 19:26:00+00:00,43.685001373291016,43.68999862670898,43.68239974975586,43.685001373291016,24628
2026-09-10 19:27:00+00:00,43.685001373291016,43.68999862670898,43.68000030517578,43.68949890136719,28004
2026-09-10 19:28:00+00:00,43.685001373291016,43.69499969482422,43.68000030517578,43.69499969482422,17716
2026-09-10 19:29:00+00:00,43.69900131225586,43.70000076293945,43.665000915527344,43.66999816894531,113663
2026-09-10 19:30:00+00:00,43.66999816894531,43.66999816894531,43.6349983215332,43.63999938964844,62918
2026-09-10 19:31:00+00:00,43.6349983215332,43.6349983215332,43.619998931884766,43.625,38401
2026-09-10 19:32:00+00:00,43.630001068115234,43.6349983215332,43.619998931884766,43.630001068115234,45951
2026-09-10 19:33:00+00:00,43.625,43.63880157470703,43.6150016784668,43.63010025024414,31674
2026-09-10 19:34:00+00:00,43.63999938964844,43.65499877929688,43.63999938964844,43.64500045776367,49598
2026-09-10 19:35:00+00:00,43.63999938964844,43.67499923706055,43.6349983215332,43.65999984741211,34722
2026-09-10 19:36:00+00:00,43.665000915527344,43.66999816894531,43.665000915527344,43.667999267578125,20984
2026-09-10 19:37:00+00:00,43.65999984741211,43.669898986816406,43.6349983215332,43.63840103149414,53579
2026-09-10 19:38:00+00:00,43.6349983215332,43.650001525878906,43.63010025024414,43.64509963989258,36373
2026-09-10 19:39:00+00:00,43.650001525878906,43.65999984741211,43.650001525878906,43.65999984741211,30560
2026-09-10 19:40:00+00:00,43.66999816894531,43.70000076293945,43.66999816894531,43.69499969482422,22356
2026-09-10 19:41:00+00:00,43.69499969482422,43.69990158081055,43.69020080566406,43.69499969482422,11250
2026-09-10 19:42:00+00:00,43.69499969482422,43.70000076293945,43.68999862670898,43.69499969482422,24483
2026-09-10 19:43:00+00:00,43.70500183105469,43.72999954223633,43.70500183105469,43.72499847412109,34451
2026-09-10 19:44:00+00:00,43.72499847412109,43.73500061035156,43.69499969482422,43.71500015258789,49789
2026-09-10 19:45:00+00:00,43.71500015258789,43.720001220703125,43.685001373291016,43.69499969482422,50558
2026-09-10 19:46:00+00:00,43.69499969482422,43.69499969482422,43.65999984741211,43.665000915527344,56469
2026-09-10 19:47:00+00:00,43.65499877929688,43.66999816894531,43.64500045776367,43.665000915527344,67761
2026-09-10 19:48:00+00:00,43.665000915527344,43.68000030517578,43.65499877929688,43.65499877929688,71819
2026-09-10 19:49:00+00:00,43.65499877929688,43.66790008544922,43.63999938964844,43.63999938964844,62620
2026-09-10 19:50:00+00:00,43.64500045776367,43.65999984741211,43.61009979248047,43.6150016784668,93792
2026-09-10 19:51:00+00:00,43.6150016784668,43.65999984741211,43.59999847412109,43.65999984741211,186303
2026-09-10 19:52:00+00:00,43.65499877929688,43.66999816894531,43.6150016784668,43.6150016784668,123471
2026-09-10 19:53:00+00:00,43.619998931884766,43.63999938964844,43.6150016784668,43.625,240159
2026-09-10 19:54:00+00:00,43.625,43.63999938964844,43.619998931884766,43.6349983215332,117279
2026-09-10 19:55:00+00:00,43.6349983215332,43.65499877929688,43.62229919433594,43.65499877929688,64086
2026-09-10 19:56:00+00:00,43.65499877929688,43.6599006652832,43.650001525878906,43.65499877929688,82363
2026-09-10 19:57:00+00:00,43.65499877929688,43.65999984741211,43.650001525878906,43.65499877929688,199065
2026-09-10 19:58:00+00:00,43.65499877929688,43.70000076293945,43.65499877929688,43.69499969482422,405867
2026-09-10 19:59:00+00:00,43.68999862670898,43.69499969482422,43.65499877929688,43.665000915527344,659714
2026-09-11 13:30:00+00:00,43.84999847412109,43.99990081787109,43.83000183105469,43.959999084472656,5884510
2026-09-11 13:31:00+00:00,43.959999084472656,44.02840042114258,43.84999847412109,43.84999847412109,352343
2026-09-11 13:32:00+00:00,43.86000061035156,43.915000915527344,43.810001373291016,43.81499862670898,227714
2026-09-11 13:33:00+00:00,43.81999969482422,43.845001220703125,43.78499984741211,43.8125,266073
2026-09-11 13:34:00+00:00,43.810001373291016,43.875,43.80120086669922,43.875,285598
2026-09-11 13:35:00+00:00,43.87049865722656,43.93000030517578,43.82500076293945,43.83380126953125,308082
2026-09-11 13:36:00+00:00,43.83549880981445,43.83549880981445,43.709999084472656,43.72999954223633,356669
2026-09-11 13:37:00+00:00,43.72980117797852,43.81340026855469,43.70000076293945,43.810001373291016,343914
2026-09-11 13:38:00+00:00,43.81999969482422,43.86000061035156,43.79999923706055,43.84999847412109,141106
2026-09-11 13:39:00+00:00,43.85020065307617,43.95500183105469,43.84999847412109,43.95500183105469,141679
2026-09-11 13:40:00+00:00,43.959999084472656,44.025001525878906,43.900001525878906,43.935001373291016,245302
2026-09-11 13:41:00+00:00,43.93999862670898,44.07500076293945,43.93999862670898,44.05030059814453,127914
2026-09-11 13:42:00+00:00,44.04999923706055,44.095001220703125,44.02999877929688,44.095001220703125,140703
2026-09-11 13:43:00+00:00,44.095001220703125,44.119998931884766,44.02000045776367,44.04999923706055,136311
2026-09-11 13:44:00+00:00,44.040000915527344,44.040000915527344,43.97999954223633,44.03499984741211,95808
2026-09-11 13:45:00+00:00,44.06999969482422,44.08000183105469,44.005001068115234,44.04999923706055,99770
2026-09-11 13:46:00+00:00,44.060001373291016,44.08879852294922,44.02999877929688,44.08879852294922,226504
2026-09-11 13:47:00+00:00,44.09999847412109,44.16999816894531,44.08620071411133,44.14500045776367,169551
2026-09-11 13:48:00+00:00,44.15999984741211,44.27000045776367,44.15999984741211,44.2400016784668,163839
2026-09-11 13:49:00+00:00,44.2400016784668,44.525001525878906,44.2400016784668,44.459999084472656,745463
2026-09-11 13:50:00+00:00,44.45500183105469,44.47499847412109,44.39500045776367,44.40499877929688,183829
2026-09-11 13:51:00+00:00,44.40010070800781,44.48500061035156,44.3849983215332,44.47999954223633,209922
2026-09-11 13:52:00+00:00,44.48500061035156,44.59000015258789,44.47999954223633,44.58100128173828,387406
2026-09-11 13:53:00+00:00,44.58000183105469,44.61989974975586,44.540000915527344,44.56999969482422,262922
2026-09-11 13:54:00+00:00,44.58000183105469,44.595001220703125,44.52999877929688,44.53499984741211,202820
2026-09-11 13:55:00+00:00,44.53990173339844,44.619998931884766,44.53499984741211,44.61989974975586,284545
2026-09-11 13:56:00+00:00,44.6150016784668,44.630001068115234,44.56010055541992,44.6150016784668,298657
2026-09-11 13:57:00+00:00,44.6150016784668,44.625,44.5801010131836,44.60499954223633,171917
2026-09-11 13:58:00+00:00,44.60499954223633,44.7599983215332,44.60499954223633,44.71500015258789,274670
2026-09-11 13:59:00+00:00,44.71500015258789,44.91999816894531,44.71269989013672,44.869998931884766,736151
2026-09-11 14:00:00+00:00,44.875,44.96500015258789,44.78499984741211,44.90999984741211,570690
2026-09-11 14:01:00+00:00,44.90999984741211,44.97999954223633,44.89500045776367,44.97999954223633,246986
2026-09-11 14:02:00+00:00,44.97999954223633,45.095001220703125,44.93659973144531,45.07989883422852,594036
2026-09-11 14:03:00+00:00,45.06999969482422,45.21989822387695,44.959999084472656,44.970001220703125,910607
2026-09-11 14:04:00+00:00,44.97499847412109,45.040000915527344,44.94499969482422,45.02999877929688,379032
2026-09-11 14:05:00+00:00,45.02999877929688,45.05009841918945,44.94499969482422,44.94499969482422,249210
2026-09-11 14:06:00+00:00,44.95500183105469,44.98500061035156,44.86000061035156,44.880001068115234,305173
2026-09-11 14:07:00+00:00,44.875,44.88999938964844,44.77000045776367,44.78499984741211,303506
2026-09-11 14:08:00+00:00,44.78139877319336,44.81880187988281,44.69499969482422,44.69499969482422,288114
2026-09-11 14:09:00+00:00,44.70000076293945,44.790000915527344,44.65629959106445,44.744998931884766,297227
2026-09-11 14:10:00+00:00,44.75,44.76499938964844,44.67499923706055,44.67499923706055,164090
2026-09-11 14:11:00+00:00,44.67499923706055,44.71799850463867,44.630001068115234,44.630001068115234,109259
2026-09-11 14:12:00+00:00,44.63800048828125,44.73500061035156,44.61280059814453,44.72999954223633,171664
2026-09-11 14:13:00+00:00,44.7400016784668,44.81999969482422,44.72499847412109,44.81999969482422,189845
2026-09-11 14:14:00+00:00,44.83000183105469,44.84000015258789,44.7515983581543,44.7599983215332,101421
2026-09-11 14:15:00+00:00,44.75,44.81999969482422,44.72949981689453,44.72949981689453,92279
2026-09-11 14:16:00+00:00,44.72999954223633,44.76499938964844,44.709999084472656,44.72499847412109,64934
2026-09-11 14:17:00+00:00,44.72999954223633,44.78990173339844,44.70500183105469,44.7599983215332,119871
2026-09-11 14:18:00+00:00,44.76499938964844,44.84000015258789,44.75,44.83000183105469,112943
2026-09-11 14:19:00+00:00,44.82799911499024,44.834999084472656,44.79499816894531,44.834999084472656,128147
2026-09-11 14:20:00+00:00,44.834999084472656,44.84999847412109,44.7599983215332,44.82500076293945,180725
2026-09-11 14:21:00+00:00,44.83000183105469,44.834999084472656,44.79499816894531,44.80500030517578,79310
2026-09-11 14:22:00+00:00,44.80500030517578,44.80759811401367,44.7400016784668,44.760101318359375,77012
2026-09-11 14:23:00+00:00,44.76499938964844,44.78499984741211,44.73500061035156,44.775001525878906,89398
2026-09-11 14:24:00+00:00,44.775001525878906,44.775001525878906,44.72999954223633,44.75,47732
2026-09-11 14:25:00+00:00,44.76499938964844,44.77989959716797,44.71500015258789,44.76499938964844,55574
2026-09-11 14:26:00+00:00,44.76499938964844,44.76499938964844,44.69499969482422,44.71500015258789,60025
2026-09-11 14:27:00+00:00,44.70500183105469,44.76499938964844,44.70500183105469,44.76499938964844,41528
2026-09-11 14:28:00+00:00,44.755001068115234,44.79999923706055,44.75,44.75,81343
2026-09-11 14:29:00+00:00,44.75510025024414,44.77000045776367,44.72999954223633,44.75,66311
2026-09-11 14:30:00+00:00,44.75,44.75,44.685001373291016,44.7400016784668,70988
2026-09-11 14:31:00+00:00,44.730098724365234,44.75,44.685001373291016,44.685001373291016,41507
2026-09-11 14:32:00+00:00,44.685001373291016,44.73030090332031,44.650001525878906,44.72999954223633,71690
2026-09-11 14:33:00+00:00,44.72499847412109,44.72999954223633,44.64500045776367,44.650001525878906,46533
2026-09-11 14:34:00+00:00,44.630001068115234,44.650001525878906,44.57500076293945,44.584999084472656,112649
2026-09-11 14:35:00+00:00,44.57500076293945,44.630001068115234,44.530799865722656,44.530799865722656,83809
2026-09-11 14:36:00+00:00,44.53499984741211,44.560001373291016,44.47999954223633,44.47999954223633,184495
2026-09-11 14:37:00+00:00,44.47499847412109,44.59000015258789,44.47499847412109,44.58940124511719,50511
2026-09-11 14:38:00+00:00,44.59000015258789,44.59999847412109,44.53499984741211,44.54999923706055,110461
2026-09-11 14:39:00+00:00,44.560001373291016,44.57500076293945,44.52000045776367,44.57500076293945,61010
2026-09-11 14:40:00+00:00,44.57500076293945,44.595001220703125,44.54499816894531,44.54499816894531,126416
2026-09-11 14:41:00+00:00,44.54999923706055,44.56999969482422,44.51499938964844,44.52999877929688,41368
2026-09-11 14:42:00+00:00,44.52999877929688,44.540000915527344,44.5,44.505001068115234,102672
2026-09-11 14:43:00+00:00,44.5099983215332,44.51499938964844,44.46139907836914,44.46500015258789,53147
2026-09-11 14:44:00+00:00,44.459999084472656,44.52999877929688,44.459999084472656,44.52999877929688,141932
2026-09-11 14:45:00+00:00,44.525001525878906,44.560001373291016,44.525001525878906,44.560001373291016,48478
2026-09-11 14:46:00+00:00,44.56499862670898,44.595001220703125,44.54999923706055,44.54999923706055,66713
2026-09-11 14:47:00+00:00,44.55500030517578,44.6150016784668,44.52999877929688,44.52999877929688,31288
2026-09-11 14:48:00+00:00,44.52999877929688,44.560001373291016,44.43999862670898,44.4900016784668,219345
2026-09-11 14:49:00+00:00,44.51499938964844,44.550201416015625,44.47999954223633,44.550201416015625,36342
2026-09-11 14:50:00+00:00,44.55799865722656,44.55799865722656,44.47499847412109,44.495601654052734,56363
2026-09-11 14:51:00+00:00,44.5,44.56999969482422,44.5,44.56999969482422,83131
2026-09-11 14:52:00+00:00,44.56999969482422,44.63999938964844,44.56999969482422,44.630001068115234,172999
2026-09-11 14:53:00+00:00,44.625,44.6599006652832,44.61000061035156,44.65499877929688,72096
2026-09-11 14:54:00+00:00,44.650001525878906,44.66999816894531,44.630001068115234,44.63999938964844,74924
2026-09-11 14:55:00+00:00,44.630001068115234,44.63990020751953,44.61000061035156,44.619998931884766,39569
2026-09-11 14:56:00+00:00,44.60499954223633,44.630001068115234,44.59000015258789,44.619998931884766,49996
2026-09-11 14:57:00+00:00,44.619998931884766,44.650001525878906,44.619998931884766,44.63999938964844,75918
2026-09-11 14:58:00+00:00,44.6349983215332,44.6599006652832,44.619998931884766,44.625,76578
2026-09-11 14:59:00+00:00,44.619998931884766,44.625,44.595001220703125,44.6150016784668,23607
2026-09-11 15:00:00+00:00,44.625,44.650001525878906,44.584999084472656,44.60499954223633,130158
2026-09-11 15:01:00+00:00,44.60499954223633,44.60499954223633,44.483001708984375,44.48500061035156,156653
2026-09-11 15:02:00+00:00,44.4900016784668,44.56999969482422,44.47499847412109,44.56999969482422,81928
2026-09-11 15:03:00+00:00,44.57500076293945,44.57500076293945,44.52999877929688,44.53499984741211,17674
2026-09-11 15:04:00+00:00,44.540000915527344,44.55799865722656,44.51499938964844,44.540000915527344,29800
2026-09-11 15:05:00+00:00,44.54499816894531,44.59000015258789,44.525001525878906,44.56999969482422,100122
2026-09-11 15:06:00+00:00,44.58000183105469,44.60010147094727,44.55500030517578,44.59999847412109,27429
2026-09-11 15:07:00+00:00,44.595001220703125,44.595001220703125,44.52000045776367,44.52000045776367,41084
2026-09-11 15:08:00+00:00,44.51499938964844,44.540000915527344,44.494998931884766,44.540000915527344,54668
2026-09-11 15:09:00+00:00,44.54130172729492,44.54499816894531,44.52000045776367,44.52999877929688,40974
2026-09-11 15:10:00+00:00,44.52000045776367,44.52000045776367,44.470001220703125,44.5,89204
2026-09-11 15:11:00+00:00,44.4900016784668,44.4900016784668,44.47499847412109,44.485801696777344,86590
2026-09-11 15:12:00+00:00,44.4900016784668,44.52999877929688,44.470001220703125,44.505001068115234,72707
2026-09-11 15:13:00+00:00,44.4900016784668,44.52000045776367,44.45000076293945,44.51750183105469,149311
2026-09-11 15:14:00+00:00,44.52000045776367,44.52000045776367,44.45000076293945,44.459999084472656,121772
2026-09-11 15:15:00+00:00,44.45000076293945,44.52999877929688,44.435001373291016,44.51499938964844,125602
2026-09-11 15:16:00+00:00,44.52000045776367,44.52000045776367,44.47499847412109,44.5,48598
2026-09-11 15:17:00+00:00,44.4900016784668,44.52000045776367,44.48500061035156,44.49990081787109,21887
2026-09-11 15:18:00+00:00,44.5,44.52000045776367,44.5,44.52000045776367,63282
2026-09-11 15:19:00+00:00,44.52000045776367,44.560001373291016,44.51499938964844,44.54499816894531,58238
2026-09-11 15:20:00+00:00,44.54999923706055,44.56999969482422,44.540000915527344,44.55500030517578,122667
2026-09-11 15:21:00+00:00,44.55500030517578,44.55720138549805,44.53499984741211,44.540000915527344,34668
2026-09-11 15:22:00+00:00,44.53499984741211,44.540000915527344,44.5,44.5,53156
2026-09-11 15:23:00+00:00,44.494998931884766,44.584999084472656,44.48500061035156,44.57500076293945,47596
2026-09-11 15:24:00+00:00,44.56999969482422,44.56999969482422,44.54999923706055,44.55009841918945,47962
2026-09-11 15:25:00+00:00,44.55379867553711,44.560001373291016,44.52999877929688,44.540000915527344,32733
2026-09-11 15:26:00+00:00,44.540000915527344,44.58000183105469,44.540000915527344,44.56999969482422,94848
2026-09-11 15:27:00+00:00,44.56999969482422,44.59999847412109,44.56499862670898,44.59600067138672,101105
2026-09-11 15:28:00+00:00,44.59000015258789,44.59999847412109,44.58000183105469,44.595001220703125,44253
2026-09-11 15:29:00+00:00,44.595001220703125,44.60499954223633,44.56420135498047,44.56800079345703,98819
2026-09-11 15:30:00+00:00,44.560001373291016,44.56499862670898,44.54499816894531,44.555301666259766,35873
2026-09-11 15:31:00+00:00,44.560001373291016,44.60499954223633,44.560001373291016,44.57500076293945,73990
2026-09-11 15:32:00+00:00,44.57500076293945,44.6150016784668,44.560001373291016,44.609901428222656,85102
2026-09-11 15:33:00+00:00,44.609901428222656,44.630001068115234,44.609901428222656,44.625,53789
2026-09-11 15:34:00+00:00,44.6150016784668,44.63999938964844,44.595001220703125,44.6349983215332,104737
2026-09-11 15:35:00+00:00,44.6349983215332,44.6349983215332,44.59999847412109,44.60499954223633,37810
2026-09-11 15:36:00+00:00,44.60770034790039,44.61000061035156,44.541500091552734,44.54499816894531,98405
2026-09-11 15:37:00+00:00,44.54499816894531,44.56499862670898,44.53499984741211,44.55500030517578,44642
2026-09-11 15:38:00+00:00,44.560001373291016,44.59999847412109,44.55950164794922,44.59999847412109,12927
2026-09-11 15:39:00+00:00,44.595001220703125,44.61000061035156,44.59000015258789,44.59000015258789,25007
2026-09-11 15:40:00+00:00,44.59999847412109,44.61000061035156,44.58000183105469,44.58000183105469,39470
2026-09-11 15:41:00+00:00,44.584999084472656,44.59999847412109,44.57989883422852,44.595001220703125,23180
2026-09-11 15:42:00+00:00,44.59000015258789,44.59000015258789,44.56499862670898,44.57500076293945,71248
2026-09-11 15:43:00+00:00,44.56999969482422,44.584999084472656,44.540000915527344,44.540000915527344,20678
2026-09-11 15:44:00+00:00,44.540000915527344,44.54499816894531,44.525001525878906,44.52999877929688,31049
2026-09-11 15:45:00+00:00,44.52000045776367,44.525001525878906,44.492000579833984,44.492000579833984,53994
2026-09-11 15:46:00+00:00,44.494998931884766,44.52999877929688,44.4900016784668,44.525001525878906,106007
2026-09-11 15:47:00+00:00,44.525001525878906,44.525001525878906,44.4900016784668,44.494998931884766,33551
2026-09-11 15:48:00+00:00,44.4900016784668,44.4900016784668,44.45000076293945,44.459999084472656,142825
2026-09-11 15:49:00+00:00,44.459999084472656,44.46500015258789,44.45000076293945,44.459999084472656,141423
2026-09-11 15:50:00+00:00,44.46500015258789,44.470001220703125,44.40999984741211,44.43000030517578,266642
2026-09-11 15:51:00+00:00,44.43000030517578,44.43000030517578,44.28499984741211,44.28499984741211,267712
2026-09-11 15:52:00+00:00,44.27999877929688,44.27999877929688,44.09999847412109,44.244998931884766,556210
2026-09-11 15:53:00+00:00,44.244998931884766,44.24760055541992,43.9900016784668,44.0099983215332,566843
2026-09-11 15:54:00+00:00,43.994998931884766,44.02000045776367,43.86000061035156,43.94499969482422,964933
2026-09-11 15:55:00+00:00,43.94499969482422,43.970001220703125,43.77000045776367,43.81999969482422,452195
2026-09-11 15:56:00+00:00,43.810001373291016,43.94499969482422,43.810001373291016,43.900001525878906,307559
2026-09-11 15:57:00+00:00,43.90499877929688,44.0099983215332,43.90499877929688,43.9900016784668,219039
2026-09-11 15:58:00+00:00,43.98500061035156,44.0098991394043,43.95000076293945,43.970001220703125,139840
2026-09-11 15:59:00+00:00,43.93999862670898,44.01499938964844,43.93880081176758,44.005001068115234,57134
2026-09-11 16:00:00+00:00,43.97999954223633,44.119998931884766,43.96500015258789,44.1150016784668,150496
2026-09-11 16:01:00+00:00,44.125,44.150001525878906,44.119998931884766,44.13999938964844,101912
2026-09-11 16:02:00+00:00,44.130001068115234,44.151798248291016,44.10499954223633,44.151798248291016,55862
2026-09-11 16:03:00+00:00,44.15010070800781,44.1515007019043,44.0620002746582,44.06499862670898,56649
2026-09-11 16:04:00+00:00,44.06999969482422,44.07500076293945,44.02999877929688,44.070098876953125,69312
2026-09-11 16:05:00+00:00,44.08390045166016,44.16999816894531,44.08390045166016,44.165000915527344,35207
2026-09-11 16:06:00+00:00,44.16999816894531,44.18999862670898,44.16999816894531,44.18550109863281,40886
2026-09-11 16:07:00+00:00,44.18999862670898,44.19729995727539,44.130001068115234,44.130001068115234,106353
2026-09-11 16:08:00+00:00,44.09999847412109,44.130001068115234,44.09000015258789,44.130001068115234,48730
2026-09-11 16:09:00+00:00,44.1349983215332,44.16550064086914,44.130001068115234,44.14500045776367,68865
2026-09-11 16:10:00+00:00,44.150001525878906,44.15999984741211,44.06999969482422,44.08000183105469,56410
2026-09-11 16:11:00+00:00,44.08000183105469,44.11000061035156,44.06499862670898,44.084999084472656,24189
2026-09-11 16:12:00+00:00,44.084999084472656,44.09000015258789,44.05500030517578,44.07500076293945,49004
2026-09-11 16:13:00+00:00,44.040000915527344,44.095001220703125,44.02999877929688,44.04999923706055,34360
2026-09-11 16:14:00+00:00,44.060001373291016,44.06010055541992,44.02999877929688,44.03010177612305,95414
2026-09-11 16:15:00+00:00,44.03499984741211,44.040000915527344,44.014198303222656,44.01499938964844,75696
2026-09-11 16:16:00+00:00,44.01499938964844,44.06499862670898,44.0099983215332,44.06499862670898,61320
2026-09-11 16:17:00+00:00,44.06499862670898,44.06499862670898,43.98500061035156,43.994998931884766,49490
2026-09-11 16:18:00+00:00,43.99800109863281,44.0,43.900001525878906,43.93999862670898,224535
2026-09-11 16:19:00+00:00,43.93000030517578,43.96500015258789,43.875,43.875,212357
2026-09-11 16:20:00+00:00,43.880001068115234,43.90499877929688,43.810001373291016,43.83000183105469,185814
2026-09-11 16:21:00+00:00,43.83000183105469,43.88999938964844,43.8036003112793,43.84000015258789,74236
2026-09-11 16:22:00+00:00,43.84999847412109,43.88999938964844,43.834999084472656,43.88840103149414,77654
2026-09-11 16:23:00+00:00,43.880001068115234,43.880001068115234,43.82500076293945,43.869998931884766,75904
2026-09-11 16:24:00+00:00,43.86000061035156,43.869998931884766,43.83000183105469,43.8650016784668,95822
2026-09-11 16:25:00+00:00,43.8650016784668,43.96979904174805,43.85499954223633,43.959999084472656,70183
2026-09-11 16:26:00+00:00,43.95000076293945,43.970001220703125,43.935001373291016,43.94499969482422,55253
2026-09-11 16:27:00+00:00,43.94499969482422,43.9900016784668,43.92499923706055,43.97499847412109,87798
2026-09-11 16:28:00+00:00,43.97499847412109,44.01800155639648,43.97499847412109,44.005001068115234,45683
2026-09-11 16:29:00+00:00,44.0099983215332,44.01499938964844,43.95500183105469,43.96500015258789,230191
2026-09-11 16:30:00+00:00,43.95500183105469,44.0,43.94499969482422,43.96730041503906,22028
2026-09-11 16:31:00+00:00,43.9640998840332,43.9640998840332,43.90999984741211,43.93999862670898,28061
2026-09-11 16:32:00+00:00,43.915000915527344,43.94499969482422,43.8849983215332,43.900001525878906,79284
2026-09-11 16:33:00+00:00,43.900001525878906,43.970001220703125,43.900001525878906,43.970001220703125,40874
2026-09-11 16:34:00+00:00,43.970001220703125,44.025001525878906,43.96500015258789,44.02000045776367,73147
2026-09-11 16:35:00+00:00,44.005001068115234,44.0099983215332,43.97999954223633,43.98590087890625,48059
2026-09-11 16:36:00+00:00,43.9900016784668,44.0,43.959999084472656,43.959999084472656,48362
2026-09-11 16:37:00+00:00,43.970001220703125,44.0,43.95989990234375,43.95989990234375,56586
2026-09-11 16:38:00+00:00,43.95500183105469,43.959999084472656,43.94499969482422,43.95500183105469,11270
2026-09-11 16:39:00+00:00,43.95000076293945,43.97499847412109,43.93999862670898,43.95000076293945,18544
2026-09-11 16:40:00+00:00,43.95000076293945,44.005001068115234,43.94499969482422,44.005001068115234,21993
2026-09-11 16:41:00+00:00,44.0,44.01499938964844,43.97999954223633,44.01499938964844,50747
2026-09-11 16:42:00+00:00,44.02009963989258,44.02999877929688,44.01499938964844,44.02009963989258,28253
2026-09-11 16:43:00+00:00,44.0276985168457,44.035099029541016,44.0099983215332,44.035099029541016,22947
2026-09-11 16:44:00+00:00,44.03499984741211,44.05500030517578,44.03499984741211,44.05500030517578,81829
2026-09-11 16:45:00+00:00,44.05500030517578,44.095001220703125,44.04499816894531,44.095001220703125,82196
2026-09-11 16:46:00+00:00,44.095001220703125,44.10499954223633,44.0801010131836,44.09999847412109,77828
2026-09-11 16:47:00+00:00,44.10879898071289,44.13999938964844,44.09249877929688,44.125,62939
2026-09-11 16:48:00+00:00,44.125,44.15499877929688,44.1150016784668,44.130001068115234,24225
2026-09-11 16:49:00+00:00,44.13150024414063,44.13150024414063,44.09000015258789,44.09000015258789,15480
2026-09-11 16:50:00+00:00,44.09000015258789,44.10499954223633,44.06999969482422,44.09000015258789,54099
2026-09-11 16:51:00+00:00,44.1150016784668,44.130001068115234,44.11000061035156,44.1150016784668,20406
2026-09-11 16:52:00+00:00,44.11000061035156,44.11000061035156,44.07500076293945,44.08000183105469,14184
2026-09-11 16:53:00+00:00,44.084999084472656,44.10499954223633,44.0801010131836,44.095001220703125,23781
2026-09-11 16:54:00+00:00,44.09000015258789,44.109901428222656,44.084999084472656,44.09999847412109,35305
2026-09-11 16:55:00+00:00,44.11000061035156,44.1150016784668,44.09999847412109,44.09999847412109,19190
2026-09-11 16:56:00+00:00,44.09000015258789,44.095001220703125,44.0801010131836,44.0801010131836,49306
2026-09-11 16:57:00+00:00,44.08000183105469,44.125,44.060001373291016,44.125,91751
2026-09-11 16:58:00+00:00,44.119998931884766,44.14500045776367,44.10499954223633,44.141700744628906,71264
2026-09-11 16:59:00+00:00,44.14500045776367,44.14500045776367,44.11000061035156,44.11000061035156,84198
2026-09-11 17:00:00+00:00,44.11199951171875,44.14500045776367,44.084999084472656,44.084999084472656,89849
2026-09-11 17:01:00+00:00,44.09999847412109,44.1150016784668,44.095001220703125,44.10499954223633,13354
2026-09-11 17:02:00+00:00,44.091400146484375,44.10499954223633,44.060001373291016,44.09999847412109,83525
2026-09-11 17:03:00+00:00,44.0900993347168,44.0900993347168,44.06499862670898,44.07500076293945,63619
2026-09-11 17:04:00+00:00,44.06999969482422,44.084999084472656,44.04999923706055,44.08000183105469,55617
2026-09-11 17:05:00+00:00,44.08000183105469,44.08000183105469,44.02999877929688,44.03499984741211,18580
2026-09-11 17:06:00+00:00,44.040000915527344,44.06499862670898,44.040000915527344,44.05500030517578,39839
2026-09-11 17:07:00+00:00,44.060001373291016,44.119998931884766,44.060001373291016,44.07099914550781,92064
2026-09-11 17:08:00+00:00,44.08000183105469,44.095001220703125,44.06499862670898,44.06499862670898,21229
2026-09-11 17:09:00+00:00,44.060001373291016,44.06499862670898,44.025001525878906,44.02999877929688,7663
2026-09-11 17:10:00+00:00,44.03499984741211,44.04499816894531,44.025001525878906,44.03499984741211,20517
2026-09-11 17:11:00+00:00,44.02999877929688,44.04999923706055,44.02000045776367,44.04999923706055,46156
2026-09-11 17:12:00+00:00,44.04499816894531,44.06999969482422,44.04499816894531,44.06999969482422,22653
2026-09-11 17:13:00+00:00,44.06010055541992,44.06230163574219,44.04990005493164,44.04990005493164,9740
2026-09-11 17:14:00+00:00,44.05500030517578,44.05500030517578,44.0099983215332,44.0099983215332,28988
2026-09-11 17:15:00+00:00,44.0099983215332,44.040000915527344,44.0098991394043,44.025001525878906,21356
2026-09-11 17:16:00+00:00,44.02999877929688,44.060001373291016,44.01409912109375,44.060001373291016,63456
2026-09-11 17:17:00+00:00,44.06999969482422,44.07500076293945,44.040000915527344,44.040000915527344,9006
2026-09-11 17:18:00+00:00,44.03499984741211,44.05500030517578,44.0275993347168,44.05500030517578,18944
2026-09-11 17:19:00+00:00,44.04999923706055,44.06499862670898,44.040000915527344,44.060001373291016,38079
2026-09-11 17:20:00+00:00,44.06999969482422,44.07500076293945,44.040000915527344,44.040000915527344,16652
2026-09-11 17:21:00+00:00,44.040000915527344,44.040000915527344,43.994998931884766,43.994998931884766,31074
2026-09-11 17:22:00+00:00,43.994998931884766,44.01499938964844,43.98500061035156,44.0099983215332,58982
2026-09-11 17:23:00+00:00,44.02000045776367,44.06499862670898,44.02000045776367,44.06499862670898,7413
2026-09-11 17:24:00+00:00,44.06499862670898,44.06999969482422,44.0525016784668,44.06999969482422,11966
2026-09-11 17:25:00+00:00,44.08000183105469,44.08000183105469,44.06499862670898,44.08000183105469,9012
2026-09-11 17:26:00+00:00,44.084999084472656,44.09999847412109,44.06999969482422,44.0994987487793,12383
2026-09-11 17:27:00+00:00,44.09999847412109,44.11000061035156,44.06999969482422,44.07500076293945,61932
2026-09-11 17:28:00+00:00,44.07500076293945,44.07500076293945,44.06010055541992,44.06499862670898,17112
2026-09-11 17:29:00+00:00,44.06499862670898,44.06499862670898,44.040000915527344,44.05500030517578,54653
2026-09-11 17:30:00+00:00,44.06499862670898,44.08000183105469,44.04499816894531,44.06499862670898,23253
2026-09-11 17:31:00+00:00,44.06999969482422,44.084999084472656,44.04499816894531,44.06499862670898,70406
2026-09-11 17:32:00+00:00,44.05500030517578,44.060001373291016,44.02999877929688,44.03499984741211,29982
2026-09-11 17:33:00+00:00,44.03499984741211,44.05500030517578,44.03499984741211,44.040000915527344,108315
2026-09-11 17:34:00+00:00,44.040000915527344,44.04999923706055,44.03499984741211,44.04499816894531,57733
2026-09-11 17:35:00+00:00,44.04499816894531,44.04999923706055,44.01499938964844,44.01499938964844,45437
2026-09-11 17:36:00+00:00,44.0099983215332,44.0099983215332,43.970001220703125,43.970001220703125,71010
2026-09-11 17:37:00+00:00,43.97499847412109,43.97499847412109,43.959999084472656,43.959999084472656,56999
2026-09-11 17:38:00+00:00,43.959999084472656,43.959999084472656,43.935001373291016,43.935001373291016,79083
2026-09-11 17:39:00+00:00,43.93999862670898,43.93999862670898,43.900001525878906,43.90499877929688,158669
2026-09-11 17:40:00+00:00,43.90950012207031,43.94499969482422,43.90950012207031,43.94499969482422,121519
2026-09-11 17:41:00+00:00,43.94499969482422,43.94499969482422,43.91999816894531,43.91999816894531,74970
2026-09-11 17:42:00+00:00,43.915000915527344,43.92499923706055,43.90019989013672,43.91999816894531,94970
2026-09-11 17:43:00+00:00,43.91999816894531,43.95000076293945,43.919898986816406,43.95000076293945,66382
2026-09-11 17:44:00+00:00,43.94499969482422,43.95000076293945,43.91999816894531,43.91999816894531,61294
2026-09-11 17:45:00+00:00,43.91999816894531,43.93000030517578,43.90999984741211,43.915000915527344,109189
2026-09-11 17:46:00+00:00,43.91899871826172,43.91899871826172,43.90499877929688,43.915000915527344,66664
2026-09-11 17:47:00+00:00,43.915000915527344,43.92900085449219,43.90499877929688,43.90999984741211,135916
2026-09-11 17:48:00+00:00,43.90999984741211,43.93000030517578,43.90499877929688,43.93000030517578,80156
2026-09-11 17:49:00+00:00,43.93999862670898,43.93999862670898,43.90999984741211,43.915000915527344,113168
2026-09-11 17:50:00+00:00,43.90999984741211,43.91999816894531,43.88999938964844,43.89500045776367,23439
2026-09-11 17:51:00+00:00,43.89500045776367,43.900001525878906,43.880001068115234,43.880001068115234,31560
2026-09-11 17:52:00+00:00,43.8849983215332,43.90900039672852,43.880001068115234,43.89500045776367,71451
2026-09-11 17:53:00+00:00,43.89899826049805,43.89899826049805,43.869998931884766,43.869998931884766,37129
2026-09-11 17:54:00+00:00,43.87900161743164,43.880001068115234,43.869998931884766,43.869998931884766,14483
2026-09-11 17:55:00+00:00,43.869998931884766,43.880001068115234,43.85499954223633,43.869998931884766,91386
2026-09-11 17:56:00+00:00,43.869998931884766,43.91619873046875,43.864200592041016,43.90900039672852,234089
2026-09-11 17:57:00+00:00,43.89899826049805,43.91999816894531,43.88999938964844,43.90999984741211,141564
2026-09-11 17:58:00+00:00,43.90499877929688,43.91999816894531,43.8849983215332,43.88990020751953,64903
2026-09-11 17:59:00+00:00,43.88999938964844,43.88999938964844,43.875,43.880001068115234,9268
2026-09-11 18:00:00+00:00,43.875,43.88249969482422,43.86000061035156,43.869998931884766,66935
2026-09-11 18:01:00+00:00,43.86000061035156,43.8650016784668,43.810001373291016,43.81499862670898,55633
2026-09-11 18:02:00+00:00,43.81999969482422,43.81999969482422,43.75,43.7599983215332,110057
2026-09-11 18:03:00+00:00,43.755001068115234,43.755001068115234,43.652000427246094,43.65999984741211,385785
2026-09-11 18:04:00+00:00,43.65499877929688,43.65999984741211,43.625,43.65499877929688,218277
2026-09-11 18:05:00+00:00,43.65499877929688,43.65999984741211,43.560001373291016,43.56999969482422,223591
2026-09-11 18:06:00+00:00,43.58000183105469,43.63999938964844,43.5,43.625,185648
2026-09-11 18:07:00+00:00,43.619998931884766,43.66949844360352,43.61000061035156,43.650001525878906,107866
2026-09-11 18:08:00+00:00,43.650001525878906,43.65999984741211,43.61000061035156,43.65499877929688,97293
2026-09-11 18:09:00+00:00,43.65999984741211,43.665000915527344,43.60499954223633,43.61000061035156,105242
2026-09-11 18:10:00+00:00,43.6150016784668,43.63999938964844,43.54999923706055,43.630001068115234,305259
2026-09-11 18:11:00+00:00,43.625,43.62620162963867,43.584999084472656,43.61000061035156,173392
2026-09-11 18:12:00+00:00,43.619998931884766,43.62860107421875,43.59000015258789,43.595001220703125,122428
2026-09-11 18:13:00+00:00,43.595001220703125,43.6349983215332,43.5900993347168,43.61000061035156,74502
2026-09-11 18:14:00+00:00,43.61000061035156,43.619998931884766,43.56499862670898,43.6150016784668,350575
2026-09-11 18:15:00+00:00,43.619998931884766,43.65999984741211,43.61000061035156,43.650001525878906,57853
2026-09-11 18:16:00+00:00,43.63999938964844,43.68999862670898,43.63999938964844,43.68999862670898,43860
2026-09-11 18:17:00+00:00,43.68000030517578,43.720001220703125,43.67499923706055,43.71500015258789,72461
2026-09-11 18:18:00+00:00,43.71500015258789,43.72999954223633,43.70000076293945,43.72999954223633,71271
2026-09-11 18:19:00+00:00,43.72999954223633,43.7400016784668,43.71500015258789,43.71989822387695,36583
2026-09-11 18:20:00+00:00,43.71200180053711,43.71500015258789,43.650001525878906,43.69499969482422,211004
2026-09-11 18:21:00+00:00,43.68999862670898,43.71390151977539,43.665000915527344,43.685001373291016,59527
2026-09-11 18:22:00+00:00,43.68870162963867,43.68999862670898,43.66510009765625,43.67499923706055,52428
2026-09-11 18:23:00+00:00,43.66999816894531,43.67499923706055,43.65999984741211,43.66790008544922,57671
2026-09-11 18:24:00+00:00,43.665000915527344,43.68000030517578,43.66019821166992,43.68000030517578,39738
2026-09-11 18:25:00+00:00,43.68000030517578,43.685001373291016,43.665000915527344,43.66999816894531,59033
2026-09-11 18:26:00+00:00,43.65999984741211,43.709999084472656,43.65999984741211,43.685001373291016,39876
2026-09-11 18:27:00+00:00,43.68000030517578,43.68000030517578,43.630001068115234,43.650001525878906,50159
2026-09-11 18:28:00+00:00,43.64500045776367,43.69499969482422,43.63999938964844,43.68999862670898,19330
2026-09-11 18:29:00+00:00,43.70989990234375,43.709999084472656,43.69499969482422,43.70500183105469,22860
2026-09-11 18:30:00+00:00,43.70500183105469,43.709999084472656,43.68000030517578,43.685001373291016,31699
2026-09-11 18:31:00+00:00,43.68999862670898,43.69499969482422,43.66999816894531,43.69499969482422,44870
2026-09-11 18:32:00+00:00,43.68999862670898,43.70500183105469,43.68000030517578,43.68000030517578,37821
2026-09-11 18:33:00+00:00,43.685001373291016,43.709999084472656,43.67010116577149,43.70500183105469,24015
2026-09-11 18:34:00+00:00,43.70500183105469,43.73500061035156,43.70500183105469,43.72499847412109,42769
2026-09-11 18:35:00+00:00,43.72499847412109,43.72999954223633,43.70500183105469,43.720001220703125,33325
2026-09-11 18:36:00+00:00,43.70500183105469,43.73500061035156,43.70500183105469,43.72999954223633,18988
2026-09-11 18:37:00+00:00,43.72499847412109,43.7400016784668,43.70500183105469,43.70500183105469,47118
2026-09-11 18:38:00+00:00,43.70000076293945,43.70000076293945,43.685001373291016,43.685001373291016,20628
2026-09-11 18:39:00+00:00,43.68999862670898,43.709999084472656,43.68999862670898,43.709999084472656,51787
2026-09-11 18:40:00+00:00,43.709999084472656,43.720001220703125,43.68999862670898,43.69499969482422,23161
2026-09-11 18:41:00+00:00,43.68999862670898,43.68999862670898,43.630001068115234,43.650001525878906,17749
2026-09-11 18:42:00+00:00,43.650001525878906,43.68000030517578,43.650001525878906,43.665000915527344,23814
2026-09-11 18:43:00+00:00,43.665000915527344,43.66999816894531,43.64500045776367,43.64500045776367,12104
2026-09-11 18:44:00+00:00,43.64500045776367,43.64500045776367,43.63999938964844,43.64500045776367,5108
2026-09-11 18:45:00+00:00,43.64500045776367,43.709999084472656,43.64500045776367,43.64500045776367,92555
2026-09-11 18:46:00+00:00,43.650001525878906,43.650001525878906,43.625,43.630001068115234,96785
2026-09-11 18:47:00+00:00,43.6349983215332,43.63999938964844,43.619998931884766,43.625,218872
2026-09-11 18:48:00+00:00,43.625,43.65999984741211,43.59000015258789,43.60499954223633,40070
2026-09-11 18:49:00+00:00,43.59999847412109,43.650001525878906,43.59999847412109,43.6349983215332,65250
2026-09-11 18:50:00+00:00,43.630001068115234,43.6349983215332,43.59999847412109,43.59999847412109,21517
2026-09-11 18:51:00+00:00,43.59999847412109,43.60499954223633,43.584999084472656,43.59000015258789,270017
2026-09-11 18:52:00+00:00,43.595001220703125,43.595001220703125,43.570098876953125,43.58000183105469,28994
2026-09-11 18:53:00+00:00,43.57500076293945,43.584999084472656,43.55500030517578,43.570098876953125,81686
2026-09-11 18:54:00+00:00,43.57500076293945,43.5801010131836,43.54999923706055,43.57500076293945,199404
2026-09-11 18:55:00+00:00,43.570098876953125,43.60499954223633,43.56499862670898,43.59999847412109,43524
2026-09-11 18:56:00+00:00,43.59999847412109,43.6150016784668,43.584999084472656,43.6150016784668,17030
2026-09-11 18:57:00+00:00,43.6150016784668,43.61819839477539,43.60049819946289,43.61819839477539,18865
2026-09-11 18:58:00+00:00,43.6150016784668,43.619998931884766,43.60499954223633,43.619998931884766,51712
2026-09-11 18:59:00+00:00,43.619998931884766,43.62009811401367,43.59999847412109,43.6150016784668,16180
2026-09-11 19:00:00+00:00,43.619998931884766,43.630001068115234,43.6150016784668,43.630001068115234,42486
2026-09-11 19:01:00+00:00,43.619998931884766,43.619998931884766,43.584999084472656,43.595001220703125,15908
2026-09-11 19:02:00+00:00,43.595001220703125,43.630001068115234,43.584999084472656,43.630001068115234,31493
2026-09-11 19:03:00+00:00,43.635101318359375,43.65999984741211,43.62009811401367,43.65499877929688,34231
2026-09-11 19:04:00+00:00,43.650001525878906,43.68000030517578,43.64500045776367,43.68000030517578,64205
2026-09-11 19:05:00+00:00,43.68999862670898,43.70819854736328,43.68000030517578,43.70500183105469,94705
2026-09-11 19:06:00+00:00,43.70989990234375,43.72999954223633,43.70000076293945,43.709999084472656,113065
2026-09-11 19:07:00+00:00,43.70500183105469,43.720001220703125,43.66999816894531,43.69499969482422,25633
2026-09-11 19:08:00+00:00,43.695499420166016,43.72499847412109,43.68999862670898,43.720001220703125,48204
2026-09-11 19:09:00+00:00,43.72010040283203,43.73500061035156,43.68000030517578,43.69499969482422,33882
2026-09-11 19:10:00+00:00,43.69010162353516,43.69010162353516,43.672000885009766,43.67499923706055,27832
2026-09-11 19:11:00+00:00,43.67499923706055,43.68999862670898,43.65499877929688,43.68999862670898,74262
2026-09-11 19:12:00+00:00,43.69499969482422,43.709999084472656,43.69499969482422,43.709999084472656,43027
2026-09-11 19:13:00+00:00,43.70500183105469,43.71500015258789,43.70000076293945,43.71500015258789,24257
2026-09-11 19:14:00+00:00,43.71500015258789,43.71500015258789,43.69499969482422,43.709999084472656,16146
2026-09-11 19:15:00+00:00,43.7051010131836,43.71989822387695,43.66999816894531,43.67990112304688,26932
2026-09-11 19:16:00+00:00,43.66999816894531,43.66999816894531,43.64500045776367,43.6599006652832,30758
2026-09-11 19:17:00+00:00,43.65499877929688,43.69499969482422,43.63010025024414,43.68000030517578,84096
2026-09-11 19:18:00+00:00,43.67499923706055,43.70000076293945,43.67499923706055,43.69990158081055,11136
2026-09-11 19:19:00+00:00,43.69010162353516,43.69990158081055,43.665000915527344,43.68000030517578,63251
2026-09-11 19:20:00+00:00,43.67499923706055,43.6801986694336,43.64500045776367,43.67499923706055,56594
2026-09-11 19:21:00+00:00,43.665000915527344,43.70500183105469,43.665000915527344,43.685001373291016,20035
2026-09-11 19:22:00+00:00,43.685001373291016,43.709999084472656,43.685001373291016,43.69499969482422,16080
2026-09-11 19:23:00+00:00,43.70309829711914,43.720001220703125,43.70309829711914,43.720001220703125,11299
2026-09-11 19:24:00+00:00,43.720001220703125,43.744998931884766,43.70500183105469,43.7400016784668,53039
2026-09-11 19:25:00+00:00,43.744998931884766,43.76499938964844,43.72999954223633,43.7400016784668,32190
2026-09-11 19:26:00+00:00,43.7400016784668,43.75,43.73500061035156,43.75,25665
2026-09-11 19:27:00+00:00,43.75,43.7599983215332,43.7400016784668,43.7401008605957,23229
2026-09-11 19:28:00+00:00,43.744998931884766,43.75650024414063,43.73500061035156,43.7400016784668,56185
2026-09-11 19:29:00+00:00,43.744998931884766,43.75,43.720001220703125,43.720001220703125,34419
2026-09-11 19:30:00+00:00,43.71200180053711,43.72999954223633,43.71200180053711,43.720001220703125,19492
2026-09-11 19:31:00+00:00,43.720001220703125,43.72499847412109,43.70000076293945,43.709598541259766,39427
2026-09-11 19:32:00+00:00,43.7051010131836,43.720001220703125,43.70500183105469,43.720001220703125,24557
2026-09-11 19:33:00+00:00,43.71799850463867,43.720001220703125,43.70000076293945,43.70500183105469,39385
2026-09-11 19:34:00+00:00,43.709999084472656,43.720001220703125,43.70500183105469,43.71500015258789,47213
2026-09-11 19:35:00+00:00,43.71500015258789,43.73780059814453,43.71500015258789,43.72999954223633,59365
2026-09-11 19:36:00+00:00,43.73500061035156,43.73500061035156,43.70500183105469,43.72999954223633,83192
2026-09-11 19:37:00+00:00,43.72999954223633,43.75,43.72499847412109,43.73500061035156,46441
2026-09-11 19:38:00+00:00,43.73500061035156,43.7400016784668,43.69499969482422,43.70500183105469,51941
2026-09-11 19:39:00+00:00,43.70500183105469,43.755001068115234,43.70500183105469,43.7400016784668,31552
2026-09-11 19:40:00+00:00,43.7400016784668,43.77999877929688,43.7400016784668,43.755001068115234,62369
2026-09-11 19:41:00+00:00,43.7599983215332,43.775001525878906,43.755001068115234,43.755001068115234,27029
2026-09-11 19:42:00+00:00,43.755001068115234,43.7599983215332,43.75,43.7599983215332,16350
2026-09-11 19:43:00+00:00,43.755001068115234,43.7599983215332,43.744998931884766,43.755001068115234,25446
2026-09-11 19:44:00+00:00,43.75,43.77000045776367,43.744998931884766,43.77000045776367,12968
2026-09-11 19:45:00+00:00,43.76499938964844,43.775001525878906,43.744998931884766,43.7599983215332,69718
2026-09-11 19:46:00+00:00,43.7599983215332,43.76499938964844,43.720001220703125,43.73799896240234,43927
2026-09-11 19:47:00+00:00,43.744998931884766,43.7598991394043,43.72999954223633,43.755001068115234,26484
2026-09-11 19:48:00+00:00,43.7599983215332,43.775001525878906,43.755001068115234,43.7599983215332,85202
2026-09-11 19:49:00+00:00,43.7599983215332,43.790000915527344,43.75,43.77999877929688,173319
2026-09-11 19:50:00+00:00,43.775001525878906,43.79999923706055,43.7599983215332,43.79999923706055,109503
2026-09-11 19:51:00+00:00,43.79499816894531,43.81999969482422,43.790000915527344,43.81499862670898,81523
2026-09-11 19:52:00+00:00,43.81499862670898,43.81499862670898,43.78499984741211,43.78499984741211,160741
2026-09-11 19:53:00+00:00,43.78499984741211,43.790000915527344,43.76390075683594,43.76499938964844,79864
2026-09-11 19:54:00+00:00,43.76499938964844,43.80500030517578,43.76499938964844,43.79499816894531,82152
2026-09-11 19:55:00+00:00,43.790000915527344,43.810001373291016,43.77000045776367,43.77999877929688,111325
2026-09-11 19:56:00+00:00,43.775001525878906,43.79499816894531,43.77000045776367,43.79499816894531,115324
2026-09-11 19:57:00+00:00,43.79999923706055,43.79999923706055,43.78499984741211,43.78499984741211,106818
2026-09-11 19:58:00+00:00,43.78499984741211,43.790000915527344,43.77000045776367,43.776100158691406,169620
2026-09-11 19:59:00+00:00,43.775001525878906,43.79499816894531,43.7599983215332,43.7599983215332,652098
2026-09-14 13:30:00+00:00,44.06499862670898,44.16999816894531,44.040000915527344,44.150001525878906,5211573
2026-09-14 13:31:00+00:00,44.15190124511719,44.220001220703125,44.13999938964844,44.20000076293945,141584
2026-09-14 13:32:00+00:00,44.18999862670898,44.21009826660156,44.14500045776367,44.209999084472656,195737
2026-09-14 13:33:00+00:00,44.209999084472656,44.22999954223633,44.18999862670898,44.22999954223633,158590
2026-09-14 13:34:00+00:00,44.22999954223633,44.290000915527344,44.22980117797852,44.26309967041016,128164
2026-09-14 13:35:00+00:00,44.2599983215332,44.310001373291016,44.209999084472656,44.209999084472656,1080408
2026-09-14 13:36:00+00:00,44.21500015258789,44.22499847412109,44.09999847412109,44.14500045776367,462541
2026-09-14 13:37:00+00:00,44.14500045776367,44.22499847412109,44.07500076293945,44.22499847412109,180959
2026-09-14 13:38:00+00:00,44.20560073852539,44.2963981628418,44.20500183105469,44.2400016784668,300626
2026-09-14 13:39:00+00:00,44.2400016784668,44.2599983215332,44.19499969482422,44.19820022583008,287389
2026-09-14 13:40:00+00:00,44.20000076293945,44.23500061035156,44.17010116577149,44.18980026245117,114682
2026-09-14 13:41:00+00:00,44.18999862670898,44.18999862670898,44.09000015258789,44.15499877929688,163347
2026-09-14 13:42:00+00:00,44.150001525878906,44.20000076293945,44.1349983215332,44.18980026245117,135092
2026-09-14 13:43:00+00:00,44.18000030517578,44.22999954223633,44.16999816894531,44.220001220703125,162781
2026-09-14 13:44:00+00:00,44.22930145263672,44.27000045776367,44.20500183105469,44.24509811401367,199878
2026-09-14 13:45:00+00:00,44.2400016784668,44.30989837646485,44.22980117797852,44.28499984741211,159768
2026-09-14 13:46:00+00:00,44.27999877929688,44.33679962158203,44.27999877929688,44.33679962158203,210472
2026-09-14 13:47:00+00:00,44.34000015258789,44.36000061035156,44.32979965209961,44.3400993347168,244903
2026-09-14 13:48:00+00:00,44.34000015258789,44.35829925537109,44.33000183105469,44.345001220703125,202833
2026-09-14 13:49:00+00:00,44.349700927734375,44.43999862670898,44.345001220703125,44.419898986816406,1278894
2026-09-14 13:50:00+00:00,44.40999984741211,44.435001373291016,44.27999877929688,44.35499954223633,1693777
2026-09-14 13:51:00+00:00,44.35499954223633,44.36000061035156,44.255001068115234,44.275001525878906,218883
2026-09-14 13:52:00+00:00,44.27999877929688,44.31499862670898,44.25350189208984,44.31169891357422,105676
2026-09-14 13:53:00+00:00,44.310001373291016,44.334999084472656,44.2843017578125,44.334999084472656,83446
2026-09-14 13:54:00+00:00,44.334999084472656,44.334999084472656,44.27000045776367,44.27000045776367,131805
2026-09-14 13:55:00+00:00,44.27000045776367,44.31999969482422,44.25,44.290000915527344,138544
2026-09-14 13:56:00+00:00,44.290000915527344,44.290000915527344,44.220001220703125,44.2400016784668,192474
2026-09-14 13:57:00+00:00,44.23500061035156,44.23500061035156,44.185001373291016,44.18999862670898,85534
2026-09-14 13:58:00+00:00,44.18999862670898,44.2599983215332,44.17150115966797,44.2599983215332,108213
2026-09-14 13:59:00+00:00,44.2599983215332,44.29999923706055,44.23949813842773,44.2400016784668,84426
2026-09-14 14:00:00+00:00,44.24029922485352,44.31999969482422,44.2400016784668,44.290000915527344,105390
2026-09-14 14:01:00+00:00,44.29999923706055,44.34999847412109,44.297698974609375,44.34000015258789,165002
2026-09-14 14:02:00+00:00,44.34000015258789,44.34999847412109,44.29999923706055,44.345001220703125,112408
2026-09-14 14:03:00+00:00,44.34999847412109,44.40999984741211,44.34989929199219,44.380001068115234,251503
2026-09-14 14:04:00+00:00,44.375,44.41600036621094,44.3650016784668,44.400001525878906,311013
2026-09-14 14:05:00+00:00,44.39500045776367,44.40499877929688,44.334999084472656,44.34189987182617,151635
2026-09-14 14:06:00+00:00,44.334999084472656,44.36000061035156,44.31999969482422,44.36000061035156,102109
2026-09-14 14:07:00+00:00,44.34000015258789,44.35499954223633,44.33000183105469,44.33000183105469,71112
2026-09-14 14:08:00+00:00,44.32500076293945,44.34999847412109,44.31010055541992,44.31499862670898,92511
2026-09-14 14:09:00+00:00,44.31999969482422,44.345001220703125,44.31999969482422,44.31999969482422,69187
2026-09-14 14:10:00+00:00,44.33000183105469,44.41999816894531,44.33000183105469,44.41999816894531,82753
2026-09-14 14:11:00+00:00,44.42499923706055,44.43999862670898,44.375,44.375,250008
2026-09-14 14:12:00+00:00,44.380001068115234,44.39500045776367,44.3650016784668,44.375,107784
2026-09-14 14:13:00+00:00,44.37160110473633,44.459999084472656,44.37160110473633,44.44499969482422,112618
2026-09-14 14:14:00+00:00,44.44169998168945,44.459999084472656,44.42499923706055,44.442501068115234,209065
2026-09-14 14:15:00+00:00,44.45500183105469,44.470001220703125,44.435001373291016,44.435001373291016,109923
2026-09-14 14:16:00+00:00,44.435001373291016,44.45000076293945,44.43450164794922,44.44499969482422,176368
2026-09-14 14:17:00+00:00,44.44499969482422,44.5,44.44499969482422,44.48690032958984,158587
2026-09-14 14:18:00+00:00,44.48989868164063,44.48989868164063,44.43000030517578,44.47499847412109,135665
2026-09-14 14:19:00+00:00,44.47850036621094,44.52669906616211,44.46989822387695,44.525001525878906,303166
2026-09-14 14:20:00+00:00,44.52899932861328,44.52899932861328,44.46500015258789,44.46500015258789,136977
2026-09-14 14:21:00+00:00,44.46500015258789,44.46500015258789,44.36000061035156,44.37910079956055,171294
2026-09-14 14:22:00+00:00,44.380001068115234,44.41999816894531,44.36009979248047,44.380001068115234,105397
2026-09-14 14:23:00+00:00,44.3849983215332,44.38999938964844,44.35499954223633,44.369998931884766,73370
2026-09-14 14:24:00+00:00,44.380001068115234,44.380001068115234,44.30500030517578,44.30500030517578,65910
2026-09-14 14:25:00+00:00,44.30759811401367,44.34999847412109,44.30500030517578,44.34999847412109,56256
2026-09-14 14:26:00+00:00,44.34999847412109,44.35499954223633,44.2599983215332,44.28499984741211,287052
2026-09-14 14:27:00+00:00,44.28499984741211,44.34999847412109,44.28499984741211,44.34999847412109,93972
2026-09-14 14:28:00+00:00,44.35499954223633,44.41999816894531,44.35499954223633,44.40800094604492,45478
2026-09-14 14:29:00+00:00,44.400001525878906,44.400001525878906,44.36000061035156,44.369998931884766,272973
2026-09-14 14:30:00+00:00,44.375,44.477500915527344,44.369998931884766,44.470001220703125,196863
2026-09-14 14:31:00+00:00,44.46860122680664,44.55989837646485,44.46860122680664,44.53499984741211,458577
2026-09-14 14:32:00+00:00,44.53499984741211,44.54999923706055,44.494998931884766,44.52989959716797,134973
2026-09-14 14:33:00+00:00,44.5265007019043,44.540000915527344,44.50350189208984,44.51499938964844,97751
2026-09-14 14:34:00+00:00,44.52000045776367,44.54999923706055,44.480098724365234,44.480098724365234,107612
2026-09-14 14:35:00+00:00,44.48500061035156,44.48500061035156,44.43999862670898,44.43999862670898,50572
2026-09-14 14:36:00+00:00,44.44419860839844,44.44499969482422,44.40999984741211,44.41999816894531,44690
2026-09-14 14:37:00+00:00,44.415000915527344,44.435001373291016,44.400001525878906,44.41999816894531,124075
2026-09-14 14:38:00+00:00,44.40999984741211,44.415000915527344,44.3849983215332,44.400001525878906,47606
2026-09-14 14:39:00+00:00,44.39500045776367,44.40999984741211,44.380001068115234,44.40499877929688,73756
2026-09-14 14:40:00+00:00,44.40499877929688,44.42499923706055,44.3849983215332,44.41999816894531,72378
2026-09-14 14:41:00+00:00,44.41999816894531,44.435001373291016,44.375,44.385101318359375,34588
2026-09-14 14:42:00+00:00,44.400001525878906,44.40499877929688,44.38010025024414,44.39419937133789,29338
2026-09-14 14:43:00+00:00,44.40499877929688,44.415000915527344,44.3650016784668,44.3650016784668,13276
2026-09-14 14:44:00+00:00,44.369998931884766,44.400001525878906,44.345001220703125,44.400001525878906,34218
2026-09-14 14:45:00+00:00,44.40999984741211,44.46500015258789,44.399898529052734,44.43999862670898,40107
2026-09-14 14:46:00+00:00,44.43999862670898,44.45500183105469,44.40499877929688,44.415000915527344,33289
2026-09-14 14:47:00+00:00,44.41999816894531,44.42499923706055,44.3849983215332,44.40999984741211,26213
2026-09-14 14:48:00+00:00,44.412899017333984,44.435001373291016,44.412899017333984,44.41999816894531,47649
2026-09-14 14:49:00+00:00,44.41999816894531,44.5,44.41999816894531,44.5,133625
2026-09-14 14:50:00+00:00,44.4900016784668,44.51900100708008,44.47499847412109,44.47499847412109,56350
2026-09-14 14:51:00+00:00,44.470001220703125,44.4900016784668,44.45000076293945,44.47999954223633,22363
2026-09-14 14:52:00+00:00,44.47999954223633,44.47999954223633,44.400001525878906,44.40999984741211,55662
2026-09-14 14:53:00+00:00,44.42499923706055,44.45000076293945,44.40499877929688,44.40499877929688,29661
2026-09-14 14:54:00+00:00,44.40999984741211,44.48989868164063,44.400001525878906,44.470001220703125,161686
2026-09-14 14:55:00+00:00,44.47999954223633,44.47999954223633,44.40999984741211,44.415000915527344,107355
2026-09-14 14:56:00+00:00,44.415000915527344,44.41999816894531,44.40499877929688,44.41999816894531,70658
2026-09-14 14:57:00+00:00,44.40999984741211,44.43999862670898,44.40999984741211,44.43510055541992,86390
2026-09-14 14:58:00+00:00,44.44499969482422,44.5099983215332,44.43999862670898,44.47499847412109,186716
2026-09-14 14:59:00+00:00,44.48500061035156,44.4900016784668,44.45000076293945,44.459999084472656,117815
2026-09-14 15:00:00+00:00,44.45500183105469,44.45500183105469,44.400001525878906,44.415000915527344,210868
2026-09-14 15:01:00+00:00,44.40999984741211,44.40999984741211,44.35290145874024,44.40999984741211,115348
2026-09-14 15:02:00+00:00,44.40999984741211,44.42599868774414,44.380001068115234,44.3849983215332,75462
2026-09-14 15:03:00+00:00,44.375,44.380001068115234,44.36000061035156,44.369998931884766,28123
2026-09-14 15:04:00+00:00,44.369998931884766,44.375,44.33000183105469,44.34000015258789,81275
2026-09-14 15:05:00+00:00,44.34000015258789,44.43000030517578,44.32500076293945,44.41999816894531,503875
2026-09-14 15:06:00+00:00,44.42499923706055,44.48500061035156,44.42499923706055,44.46500015258789,221903
2026-09-14 15:07:00+00:00,44.459999084472656,44.46810150146485,44.43999862670898,44.459999084472656,44876
2026-09-14 15:08:00+00:00,44.46500015258789,44.48659896850586,44.45500183105469,44.470001220703125,20398
2026-09-14 15:09:00+00:00,44.46500015258789,44.4900016784668,44.435001373291016,44.4385986328125,95291
2026-09-14 15:10:00+00:00,44.44960021972656,44.45000076293945,44.42499923706055,44.44860076904297,32515
2026-09-14 15:11:00+00:00,44.43000030517578,44.43000030517578,44.37009811401367,44.380001068115234,105779
2026-09-14 15:12:00+00:00,44.3849983215332,44.40999984741211,44.3650016784668,44.40999984741211,75239
2026-09-14 15:13:00+00:00,44.41999816894531,44.45000076293945,44.41999816894531,44.435001373291016,27558
2026-09-14 15:14:00+00:00,44.435001373291016,44.44499969482422,44.42509841918945,44.43009948730469,26793
2026-09-14 15:15:00+00:00,44.435001373291016,44.43999862670898,44.415000915527344,44.41999816894531,14806
2026-09-14 15:16:00+00:00,44.415000915527344,44.459999084472656,44.400001525878906,44.459999084472656,26064
2026-09-14 15:17:00+00:00,44.46500015258789,44.505001068115234,44.45500183105469,44.45500183105469,138266
2026-09-14 15:18:00+00:00,44.45500183105469,44.46989822387695,44.43999862670898,44.43999862670898,29062
2026-09-14 15:19:00+00:00,44.44499969482422,44.494998931884766,44.44499969482422,44.48500061035156,16301
2026-09-14 15:20:00+00:00,44.47999954223633,44.47999954223633,44.45000076293945,44.45500183105469,29943
2026-09-14 15:21:00+00:00,44.45500183105469,44.470001220703125,44.45000076293945,44.46500015258789,28134
2026-09-14 15:22:00+00:00,44.459999084472656,44.47499847412109,44.44499969482422,44.44499969482422,33218
2026-09-14 15:23:00+00:00,44.44770050048828,44.44770050048828,44.41999816894531,44.43000030517578,34711
2026-09-14 15:24:00+00:00,44.41999816894531,44.459999084472656,44.415000915527344,44.43999862670898,48051
2026-09-14 15:25:00+00:00,44.43999862670898,44.46500015258789,44.415000915527344,44.42499923706055,34835
2026-09-14 15:26:00+00:00,44.43000030517578,44.44499969482422,44.41999816894531,44.42499923706055,33956
2026-09-14 15:27:00+00:00,44.42499923706055,44.42499923706055,44.3849983215332,44.3849983215332,38897
2026-09-14 15:28:00+00:00,44.3849983215332,44.410099029541016,44.3849983215332,44.40999984741211,40317
2026-09-14 15:29:00+00:00,44.40019989013672,44.40599822998047,44.3828010559082,44.39500045776367,34408
2026-09-14 15:30:00+00:00,44.38999938964844,44.40999984741211,44.38999938964844,44.40999984741211,48545
2026-09-14 15:31:00+00:00,44.415000915527344,44.415000915527344,44.37009811401367,44.375,50561
2026-09-14 15:32:00+00:00,44.380001068115234,44.43999862670898,44.35290145874024,44.435001373291016,236745
2026-09-14 15:33:00+00:00,44.435001373291016,44.470001220703125,44.415000915527344,44.459999084472656,55630
2026-09-14 15:34:00+00:00,44.459999084472656,44.47999954223633,44.45000076293945,44.46500015258789,81262
2026-09-14 15:35:00+00:00,44.44499969482422,44.45000076293945,44.38999938964844,44.38999938964844,55940
2026-09-14 15:36:00+00:00,44.3849983215332,44.39500045776367,44.34000015258789,44.345001220703125,52818
2026-09-14 15:37:00+00:00,44.34999847412109,44.41999816894531,44.34999847412109,44.41999816894531,73379
2026-09-14 15:38:00+00:00,44.43000030517578,44.45000076293945,44.40499877929688,44.40499877929688,47468
2026-09-14 15:39:00+00:00,44.40999984741211,44.43999862670898,44.400001525878906,44.40499877929688,45957
2026-09-14 15:40:00+00:00,44.40999984741211,44.43999862670898,44.375,44.38999938964844,164289
2026-09-14 15:41:00+00:00,44.39500045776367,44.45660018920898,44.39500045776367,44.45000076293945,33182
2026-09-14 15:42:00+00:00,44.45000076293945,44.470001220703125,44.43999862670898,44.45500183105469,70318
2026-09-14 15:43:00+00:00,44.45500183105469,44.5,44.45500183105469,44.4901008605957,97177
2026-09-14 15:44:00+00:00,44.5,44.5098991394043,44.459999084472656,44.47499847412109,36898
2026-09-14 15:45:00+00:00,44.46870040893555,44.470001220703125,44.415000915527344,44.415000915527344,43610
2026-09-14 15:46:00+00:00,44.41999816894531,44.42530059814453,44.380001068115234,44.38990020751953,25414
2026-09-14 15:47:00+00:00,44.3849983215332,44.3849983215332,44.35499954223633,44.367000579833984,33168
2026-09-14 15:48:00+00:00,44.3650016784668,44.44990158081055,44.3650016784668,44.435001373291016,193389
2026-09-14 15:49:00+00:00,44.43999862670898,44.49739837646485,44.43999862670898,44.47999954223633,212039
2026-09-14 15:50:00+00:00,44.47499847412109,44.4900016784668,44.45000076293945,44.47010040283203,161751
2026-09-14 15:51:00+00:00,44.470001220703125,44.52000045776367,44.470001220703125,44.505001068115234,159203
2026-09-14 15:52:00+00:00,44.505001068115234,44.540000915527344,44.505001068115234,44.540000915527344,93369
2026-09-14 15:53:00+00:00,44.53499984741211,44.560001373291016,44.52000045776367,44.52999877929688,148607
2026-09-14 15:54:00+00:00,44.53499984741211,44.53499984741211,44.4900016784668,44.494998931884766,84634
2026-09-14 15:55:00+00:00,44.47999954223633,44.53499984741211,44.470001220703125,44.52000045776367,112098
2026-09-14 15:56:00+00:00,44.5099983215332,44.52000045776367,44.493499755859375,44.505001068115234,32614
2026-09-14 15:57:00+00:00,44.505001068115234,44.52000045776367,44.48500061035156,44.48500061035156,56064
2026-09-14 15:58:00+00:00,44.494998931884766,44.5,44.470001220703125,44.47990036010742,51750
2026-09-14 15:59:00+00:00,44.47999954223633,44.5,44.47999954223633,44.48500061035156,10785
2026-09-14 16:00:00+00:00,44.48500061035156,44.5099983215332,44.470001220703125,44.470001220703125,37141
2026-09-14 16:01:00+00:00,44.46500015258789,44.470001220703125,44.44499969482422,44.44499969482422,41624
2026-09-14 16:02:00+00:00,44.45000076293945,44.459999084472656,44.43999862670898,44.43999862670898,36641
2026-09-14 16:03:00+00:00,44.435001373291016,44.43999862670898,44.43000030517578,44.435001373291016,37557
2026-09-14 16:04:00+00:00,44.43550109863281,44.43550109863281,44.415000915527344,44.41999816894531,17412
2026-09-14 16:05:00+00:00,44.41999816894531,44.43999862670898,44.40999984741211,44.42499923706055,47741
2026-09-14 16:06:00+00:00,44.41999816894531,44.43999862670898,44.410099029541016,44.43000030517578,24763
2026-09-14 16:07:00+00:00,44.435001373291016,44.43999862670898,44.415000915527344,44.41999816894531,13119
2026-09-14 16:08:00+00:00,44.42499923706055,44.42499923706055,44.400001525878906,44.400001525878906,15709
2026-09-14 16:09:00+00:00,44.400001525878906,44.43000030517578,44.39500045776367,44.43000030517578,31404
2026-09-14 16:10:00+00:00,44.435001373291016,44.44499969482422,44.43000030517578,44.43999862670898,24665
2026-09-14 16:11:00+00:00,44.435001373291016,44.435001373291016,44.42010116577149,44.42770004272461,16966
2026-09-14 16:12:00+00:00,44.42499923706055,44.43000030517578,44.41999816894531,44.42990112304688,15735
2026-09-14 16:13:00+00:00,44.42990112304688,44.43000030517578,44.415000915527344,44.415000915527344,30693
2026-09-14 16:14:00+00:00,44.41230010986328,44.41999816894531,44.390098571777344,44.400001525878906,9982
2026-09-14 16:15:00+00:00,44.415000915527344,44.47990036010742,44.415000915527344,44.479000091552734,34500
2026-09-14 16:16:00+00:00,44.47999954223633,44.5099983215332,44.47999954223633,44.5,68122
2026-09-14 16:17:00+00:00,44.470001220703125,44.53499984741211,44.470001220703125,44.53499984741211,29628
2026-09-14 16:18:00+00:00,44.540000915527344,44.64500045776367,44.540000915527344,44.64500045776367,425293
2026-09-14 16:19:00+00:00,44.63999938964844,44.66999816894531,44.59000015258789,44.595001220703125,218440
2026-09-14 16:20:00+00:00,44.59999847412109,44.619998931884766,44.59000015258789,44.59000015258789,169754
2026-09-14 16:21:00+00:00,44.59000015258789,44.630001068115234,44.58000183105469,44.630001068115234,122695
2026-09-14 16:22:00+00:00,44.63990020751953,44.67499923706055,44.6349983215332,44.665000915527344,165777
2026-09-14 16:23:00+00:00,44.65999984741211,44.66999816894531,44.63999938964844,44.63999938964844,116259
2026-09-14 16:24:00+00:00,44.63999938964844,44.665000915527344,44.6349983215332,44.63589859008789,201964
2026-09-14 16:25:00+00:00,44.63999938964844,44.63999938964844,44.57389831542969,44.57389831542969,54903
2026-09-14 16:26:00+00:00,44.57500076293945,44.57500076293945,44.525001525878906,44.525001525878906,64552
2026-09-14 16:27:00+00:00,44.52999877929688,44.54999923706055,44.5,44.53499984741211,59845
2026-09-14 16:28:00+00:00,44.53499984741211,44.56990051269531,44.525001525878906,44.540000915527344,117047
2026-09-14 16:29:00+00:00,44.54999923706055,44.566200256347656,44.53499984741211,44.540000915527344,60272
2026-09-14 16:30:00+00:00,44.53499984741211,44.56990051269531,44.53499984741211,44.55619812011719,22502
2026-09-14 16:31:00+00:00,44.55970001220703,44.595001220703125,44.540000915527344,44.55500030517578,219138
2026-09-14 16:32:00+00:00,44.55500030517578,44.57500076293945,44.538700103759766,44.54499816894531,131365
2026-09-14 16:33:00+00:00,44.54499816894531,44.56499862670898,44.54499816894531,44.54999923706055,36522
2026-09-14 16:34:00+00:00,44.54499816894531,44.54999923706055,44.540000915527344,44.54999923706055,35369
2026-09-14 16:35:00+00:00,44.54999923706055,44.55500030517578,44.52999877929688,44.53990173339844,19465
2026-09-14 16:36:00+00:00,44.540000915527344,44.540000915527344,44.505001068115234,44.52000045776367,32280
2026-09-14 16:37:00+00:00,44.52000045776367,44.540000915527344,44.5099983215332,44.51300048828125,38364
2026-09-14 16:38:00+00:00,44.505001068115234,44.54759979248047,44.505001068115234,44.54499816894531,24556
2026-09-14 16:39:00+00:00,44.535099029541016,44.54999923706055,44.533599853515625,44.54499816894531,10195
2026-09-14 16:40:00+00:00,44.54990005493164,44.560001373291016,44.53499984741211,44.540000915527344,64930
2026-09-14 16:41:00+00:00,44.540000915527344,44.540000915527344,44.52000045776367,44.525001525878906,16204
2026-09-14 16:42:00+00:00,44.52000045776367,44.525001525878906,44.505001068115234,44.525001525878906,20412
2026-09-14 16:43:00+00:00,44.52000045776367,44.52999877929688,44.52000045776367,44.525001525878906,5347
2026-09-14 16:44:00+00:00,44.525001525878906,44.52999877929688,44.52009963989258,44.525001525878906,10222
2026-09-14 16:45:00+00:00,44.52999877929688,44.560001373291016,44.525001525878906,44.560001373291016,21456
2026-09-14 16:46:00+00:00,44.55500030517578,44.560001373291016,44.54999923706055,44.54999923706055,27929
2026-09-14 16:47:00+00:00,44.560001373291016,44.625,44.560001373291016,44.62009811401367,104277
2026-09-14 16:48:00+00:00,44.625,44.65999984741211,44.59999847412109,44.64500045776367,103700
2026-09-14 16:49:00+00:00,44.63999938964844,44.6599006652832,44.630001068115234,44.64500045776367,46602
2026-09-14 16:50:00+00:00,44.650001525878906,44.65769958496094,44.62319946289063,44.65769958496094,17951
2026-09-14 16:51:00+00:00,44.65620040893555,44.67499923706055,44.64899826049805,44.66999816894531,60379
2026-09-14 16:52:00+00:00,44.68000030517578,44.68000030517578,44.650001525878906,44.65700149536133,45567
2026-09-14 16:53:00+00:00,44.65900039672852,44.65999984741211,44.625,44.625,28417
2026-09-14 16:54:00+00:00,44.619998931884766,44.65520095825195,44.619998931884766,44.64500045776367,19808
2026-09-14 16:55:00+00:00,44.63990020751953,44.66699981689453,44.63990020751953,44.63999938964844,94993
2026-09-14 16:56:00+00:00,44.6349983215332,44.63999938964844,44.61000061035156,44.619998931884766,37155
2026-09-14 16:57:00+00:00,44.64500045776367,44.65999984741211,44.619998931884766,44.62009811401367,24439
2026-09-14 16:58:00+00:00,44.619998931884766,44.619998931884766,44.59999847412109,44.61000061035156,25907
2026-09-14 16:59:00+00:00,44.60580062866211,44.619998931884766,44.60139846801758,44.60499954223633,16456
2026-09-14 17:00:00+00:00,44.60010147094727,44.61000061035156,44.58990097045898,44.60499954223633,57604
2026-09-14 17:01:00+00:00,44.59999847412109,44.60499954223633,44.57500076293945,44.59000015258789,40779
2026-09-14 17:02:00+00:00,44.595001220703125,44.6349983215332,44.595001220703125,44.625,53265
2026-09-14 17:03:00+00:00,44.625,44.630001068115234,44.61000061035156,44.630001068115234,54604
2026-09-14 17:04:00+00:00,44.63470077514648,44.650001525878906,44.630001068115234,44.630001068115234,59850
2026-09-14 17:05:00+00:00,44.63990020751953,44.63990020751953,44.619998931884766,44.625,24488
2026-09-14 17:06:00+00:00,44.625,44.67499923706055,44.61000061035156,44.61000061035156,129495
2026-09-14 17:07:00+00:00,44.619998931884766,44.619998931884766,44.58000183105469,44.59510040283203,72611
2026-09-14 17:08:00+00:00,44.59999847412109,44.619998931884766,44.59999847412109,44.619998931884766,6797
2026-09-14 17:09:00+00:00,44.6349983215332,44.63999938964844,44.619998931884766,44.625,27139
2026-09-14 17:10:00+00:00,44.630001068115234,44.6349983215332,44.61000061035156,44.6349983215332,47978
2026-09-14 17:11:00+00:00,44.64580154418945,44.650001525878906,44.63999938964844,44.649898529052734,9595
2026-09-14 17:12:00+00:00,44.64500045776367,44.650001525878906,44.625,44.650001525878906,14238
2026-09-14 17:13:00+00:00,44.64500045776367,44.650001525878906,44.62979888916016,44.64500045776367,25894
2026-09-14 17:14:00+00:00,44.64500045776367,44.65499877929688,44.6349983215332,44.63999938964844,12932
2026-09-14 17:15:00+00:00,44.6349983215332,44.64500045776367,44.630001068115234,44.63999938964844,16696
2026-09-14 17:16:00+00:00,44.64500045776367,44.65499877929688,44.63999938964844,44.65499877929688,62571
2026-09-14 17:17:00+00:00,44.65499877929688,44.68000030517578,44.650001525878906,44.665000915527344,47875
2026-09-14 17:18:00+00:00,44.664100646972656,44.664100646972656,44.6150016784668,44.619998931884766,88780
2026-09-14 17:19:00+00:00,44.630001068115234,44.64500045776367,44.630001068115234,44.64500045776367,22922
2026-09-14 17:20:00+00:00,44.650001525878906,44.685001373291016,44.64509963989258,44.67499923706055,47178
2026-09-14 17:21:00+00:00,44.66999816894531,44.685001373291016,44.6349983215332,44.63999938964844,147946
2026-09-14 17:22:00+00:00,44.6349983215332,44.650001525878906,44.630001068115234,44.650001525878906,52262
2026-09-14 17:23:00+00:00,44.65999984741211,44.71500015258789,44.650001525878906,44.70899963378906,159086
2026-09-14 17:24:00+00:00,44.70009994506836,44.7400016784668,44.70009994506836,44.71500015258789,88895
2026-09-14 17:25:00+00:00,44.71500015258789,44.720001220703125,44.67499923706055,44.69499969482422,98602
2026-09-14 17:26:00+00:00,44.68999862670898,44.720001220703125,44.68999862670898,44.70000076293945,94765
2026-09-14 17:27:00+00:00,44.6974983215332,44.709999084472656,44.685001373291016,44.685001373291016,103288
2026-09-14 17:28:00+00:00,44.68510055541992,44.68510055541992,44.65010070800781,44.65589904785156,153551
2026-09-14 17:29:00+00:00,44.65999984741211,44.67499923706055,44.640098571777344,44.66999816894531,72707
2026-09-14 17:30:00+00:00,44.67499923706055,44.67499923706055,44.65499877929688,44.67499923706055,16576
2026-09-14 17:31:00+00:00,44.66999816894531,44.685001373291016,44.64500045776367,44.650001525878906,28246
2026-09-14 17:32:00+00:00,44.64509963989258,44.65499877929688,44.619998931884766,44.625,81072
2026-09-14 17:33:00+00:00,44.625,44.630001068115234,44.56499862670898,44.58000183105469,215831
2026-09-14 17:34:00+00:00,44.58000183105469,44.59000015258789,44.57500076293945,44.584999084472656,18138
2026-09-14 17:35:00+00:00,44.584999084472656,44.6349983215332,44.584999084472656,44.619998931884766,39613
2026-09-14 17:36:00+00:00,44.6150016784668,44.630001068115234,44.61000061035156,44.630001068115234,19315
2026-09-14 17:37:00+00:00,44.625,44.625,44.60499954223633,44.61000061035156,54839
2026-09-14 17:38:00+00:00,44.619998931884766,44.63999938964844,44.6150016784668,44.6349983215332,82838
2026-09-14 17:39:00+00:00,44.6328010559082,44.63990020751953,44.619998931884766,44.63219833374024,53316
2026-09-14 17:40:00+00:00,44.630001068115234,44.64540100097656,44.630001068115234,44.63999938964844,78876
2026-09-14 17:41:00+00:00,44.6349983215332,44.635101318359375,44.625,44.635101318359375,18951
2026-09-14 17:42:00+00:00,44.6349983215332,44.65499877929688,44.625,44.64500045776367,74261
2026-09-14 17:43:00+00:00,44.64500045776367,44.650001525878906,44.64500045776367,44.649898529052734,45014
2026-09-14 17:44:00+00:00,44.655399322509766,44.655399322509766,44.63999938964844,44.649898529052734,48695
2026-09-14 17:45:00+00:00,44.6599006652832,44.65999984741211,44.6349983215332,44.63759994506836,25511
2026-09-14 17:46:00+00:00,44.64500045776367,44.67530059814453,44.64500045776367,44.66999816894531,10563
2026-09-14 17:47:00+00:00,44.665000915527344,44.68000030517578,44.650001525878906,44.66999816894531,57121
2026-09-14 17:48:00+00:00,44.68999862670898,44.72930145263672,44.68999862670898,44.72930145263672,32660
2026-09-14 17:49:00+00:00,44.72499847412109,44.7400016784668,44.71500015258789,44.71500015258789,22730
2026-09-14 17:50:00+00:00,44.709999084472656,44.71720123291016,44.68230056762695,44.68230056762695,27530
2026-09-14 17:51:00+00:00,44.6953010559082,44.720001220703125,44.68489837646485,44.71500015258789,47130
2026-09-14 17:52:00+00:00,44.71760177612305,44.71989822387695,44.70000076293945,44.71500015258789,28985
2026-09-14 17:53:00+00:00,44.709999084472656,44.71500015258789,44.685001373291016,44.71500015258789,76679
2026-09-14 17:54:00+00:00,44.71500015258789,44.73500061035156,44.71500015258789,44.729400634765625,17079
2026-09-14 17:55:00+00:00,44.73500061035156,44.76499938964844,44.720001220703125,44.72499847412109,46661
2026-09-14 17:56:00+00:00,44.72499847412109,44.72499847412109,44.70240020751953,44.70989990234375,56355
2026-09-14 17:57:00+00:00,44.70500183105469,44.709999084472656,44.685001373291016,44.68999862670898,44034
2026-09-14 17:58:00+00:00,44.68999862670898,44.70000076293945,44.66999816894531,44.68999862670898,54054
2026-09-14 17:59:00+00:00,44.69990158081055,44.709999084472656,44.68999862670898,44.709999084472656,53462
2026-09-14 18:00:00+00:00,44.71500015258789,44.71760177612305,44.68000030517578,44.68009948730469,97055
2026-09-14 18:01:00+00:00,44.69329833984375,44.709999084472656,44.68000030517578,44.685001373291016,24448
2026-09-14 18:02:00+00:00,44.68999862670898,44.69499969482422,44.68000030517578,44.68000030517578,17748
2026-09-14 18:03:00+00:00,44.67499923706055,44.709999084472656,44.67499923706055,44.709999084472656,86026
2026-09-14 18:04:00+00:00,44.71500015258789,44.72570037841797,44.709999084472656,44.720001220703125,21700
2026-09-14 18:05:00+00:00,44.71500015258789,44.71500015258789,44.685001373291016,44.68999862670898,26645
2026-09-14 18:06:00+00:00,44.68999862670898,44.72999954223633,44.68999862670898,44.720001220703125,20413
2026-09-14 18:07:00+00:00,44.71549987792969,44.72999954223633,44.70500183105469,44.72999954223633,34693
2026-09-14 18:08:00+00:00,44.72999954223633,44.745601654052734,44.720001220703125,44.72999954223633,66804
2026-09-14 18:09:00+00:00,44.72999954223633,44.7400016784668,44.711700439453125,44.71500015258789,67198
2026-09-14 18:10:00+00:00,44.720001220703125,44.720001220703125,44.68999862670898,44.69499969482422,161562
2026-09-14 18:11:00+00:00,44.68999862670898,44.70000076293945,44.65999984741211,44.665000915527344,71702
2026-09-14 18:12:00+00:00,44.665000915527344,44.689701080322266,44.665000915527344,44.685001373291016,35010
2026-09-14 18:13:00+00:00,44.68000030517578,44.68550109863281,44.65999984741211,44.665000915527344,26471
2026-09-14 18:14:00+00:00,44.665000915527344,44.66999816894531,44.650001525878906,44.65499877929688,45649
2026-09-14 18:15:00+00:00,44.65499877929688,44.68000030517578,44.650001525878906,44.68000030517578,80613
2026-09-14 18:16:00+00:00,44.68000030517578,44.68989944458008,44.65999984741211,44.65999984741211,33688
2026-09-14 18:17:00+00:00,44.65999984741211,44.67499923706055,44.65499877929688,44.67499923706055,20208
2026-09-14 18:18:00+00:00,44.68000030517578,44.720001220703125,44.650001525878906,44.720001220703125,285062
2026-09-14 18:19:00+00:00,44.71500015258789,44.80500030517578,44.71500015258789,44.790000915527344,341285
2026-09-14 18:20:00+00:00,44.790000915527344,44.82500076293945,44.75,44.790000915527344,405746
2026-09-14 18:21:00+00:00,44.78499984741211,44.81999969482422,44.78499984741211,44.79499816894531,261793
2026-09-14 18:22:00+00:00,44.79499816894531,44.869998931884766,44.79499816894531,44.84000015258789,234395
2026-09-14 18:23:00+00:00,44.84000015258789,44.89609909057617,44.81999969482422,44.834999084472656,462036
2026-09-14 18:24:00+00:00,44.84000015258789,44.875301361083984,44.810001373291016,44.86000061035156,210597
2026-09-14 18:25:00+00:00,44.84999847412109,44.84999847412109,44.782901763916016,44.810001373291016,77701
2026-09-14 18:26:00+00:00,44.810001373291016,44.84000015258789,44.810001373291016,44.84000015258789,41541
2026-09-14 18:27:00+00:00,44.84989929199219,44.875,44.834999084472656,44.85499954223633,121164
2026-09-14 18:28:00+00:00,44.85499954223633,44.86000061035156,44.83000183105469,44.845001220703125,56373
2026-09-14 18:29:00+00:00,44.834999084472656,44.834999084472656,44.811500549316406,44.82500076293945,26599
2026-09-14 18:30:00+00:00,44.82500076293945,44.834999084472656,44.81499862670898,44.82989883422852,72645
2026-09-14 18:31:00+00:00,44.82500076293945,44.84000015258789,44.810001373291016,44.84000015258789,48825
2026-09-14 18:32:00+00:00,44.84000015258789,44.86000061035156,44.84000015258789,44.84999847412109,36609
2026-09-14 18:33:00+00:00,44.85499954223633,44.875,44.85499954223633,44.85499954223633,21242
2026-09-14 18:34:00+00:00,44.855098724365234,44.86989974975586,44.84999847412109,44.86000061035156,25007
2026-09-14 18:35:00+00:00,44.86000061035156,44.8650016784668,44.81999969482422,44.83000183105469,79575
2026-09-14 18:36:00+00:00,44.822601318359375,44.858001708984375,44.80500030517578,44.81999969482422,52127
2026-09-14 18:37:00+00:00,44.82500076293945,44.82500076293945,44.80500030517578,44.810001373291016,29971
2026-09-14 18:38:00+00:00,44.80500030517578,44.81999969482422,44.80500030517578,44.810001373291016,17722
2026-09-14 18:39:00+00:00,44.79999923706055,44.810001373291016,44.79650115966797,44.80500030517578,24526
2026-09-14 18:40:00+00:00,44.79999923706055,44.79999923706055,44.77000045776367,44.775001525878906,157772
2026-09-14 18:41:00+00:00,44.77000045776367,44.77999877929688,44.7599983215332,44.775001525878906,38940
2026-09-14 18:42:00+00:00,44.77399826049805,44.84000015258789,44.73189926147461,44.834999084472656,134100
2026-09-14 18:43:00+00:00,44.834999084472656,44.89500045776367,44.83000183105469,44.863399505615234,379807
2026-09-14 18:44:00+00:00,44.8650016784668,44.875,44.84000015258789,44.845001220703125,229913
2026-09-14 18:45:00+00:00,44.84619903564453,44.900001525878906,44.845001220703125,44.88999938964844,113678
2026-09-14 18:46:00+00:00,44.88990020751953,44.915000915527344,44.84999847412109,44.90499877929688,278519
2026-09-14 18:47:00+00:00,44.90499877929688,44.91999816894531,44.8849983215332,44.8849983215332,192426
2026-09-14 18:48:00+00:00,44.8849983215332,44.93999862670898,44.869998931884766,44.92499923706055,132771
2026-09-14 18:49:00+00:00,44.910400390625,44.91999816894531,44.880001068115234,44.8849983215332,85915
2026-09-14 18:50:00+00:00,44.8849983215332,44.89500045776367,44.880001068115234,44.88999938964844,36537
2026-09-14 18:51:00+00:00,44.89500045776367,44.89500045776367,44.845001220703125,44.8650016784668,80891
2026-09-14 18:52:00+00:00,44.8650016784668,44.88999938964844,44.85279846191406,44.88999938964844,19445
2026-09-14 18:53:00+00:00,44.88010025024414,44.88010025024414,44.869998931884766,44.880001068115234,29362
2026-09-14 18:54:00+00:00,44.880001068115234,44.8849983215332,44.84999847412109,44.85499954223633,41835
2026-09-14 18:55:00+00:00,44.85499954223633,44.880001068115234,44.84999847412109,44.869998931884766,202671
2026-09-14 18:56:00+00:00,44.880001068115234,44.8849983215332,44.8650016784668,44.8650016784668,22345
2026-09-14 18:57:00+00:00,44.86050033569336,44.88999938964844,44.85110092163086,44.875,27056
2026-09-14 18:58:00+00:00,44.875,44.88999938964844,44.875,44.8849983215332,52214
2026-09-14 18:59:00+00:00,44.8849983215332,44.8849983215332,44.869998931884766,44.87009811401367,175692
2026-09-14 19:00:00+00:00,44.869998931884766,44.869998931884766,44.81999969482422,44.834999084472656,98189
2026-09-14 19:01:00+00:00,44.82500076293945,44.845001220703125,44.81499862670898,44.83000183105469,86102
2026-09-14 19:02:00+00:00,44.83000183105469,44.84000015258789,44.81499862670898,44.81999969482422,62862
2026-09-14 19:03:00+00:00,44.81010055541992,44.81999969482422,44.77999877929688,44.790000915527344,64941
2026-09-14 19:04:00+00:00,44.77999877929688,44.79019927978516,44.77999877929688,44.78030014038086,40499
2026-09-14 19:05:00+00:00,44.77999877929688,44.78860092163086,44.77000045776367,44.78279876708984,63207
2026-09-14 19:06:00+00:00,44.78499984741211,44.79999923706055,44.77999877929688,44.78499984741211,92317
2026-09-14 19:07:00+00:00,44.78499984741211,44.81999969482422,44.78499984741211,44.80500030517578,102156
2026-09-14 19:08:00+00:00,44.79999923706055,44.80080032348633,44.77000045776367,44.77000045776367,34964
2026-09-14 19:09:00+00:00,44.7599983215332,44.76549911499024,44.750099182128906,44.760101318359375,34933
2026-09-14 19:10:00+00:00,44.7599983215332,44.790000915527344,44.755001068115234,44.77000045776367,64597
2026-09-14 19:11:00+00:00,44.77000045776367,44.79800033569336,44.77000045776367,44.79800033569336,70957
2026-09-14 19:12:00+00:00,44.79499816894531,44.81499862670898,44.79499816894531,44.81499862670898,34485
2026-09-14 19:13:00+00:00,44.81010055541992,44.82500076293945,44.79999923706055,44.80500030517578,43461
2026-09-14 19:14:00+00:00,44.80500030517578,44.810001373291016,44.790000915527344,44.79499816894531,111505
2026-09-14 19:15:00+00:00,44.79499816894531,44.83000183105469,44.79499816894531,44.80500030517578,152869
2026-09-14 19:16:00+00:00,44.810001373291016,44.82500076293945,44.799800872802734,44.82500076293945,46846
2026-09-14 19:17:00+00:00,44.81999969482422,44.83000183105469,44.80009841918945,44.81499862670898,40010
2026-09-14 19:18:00+00:00,44.810001373291016,44.84000015258789,44.810001373291016,44.827598571777344,30790
2026-09-14 19:19:00+00:00,44.82500076293945,44.875,44.82500076293945,44.875,40911
2026-09-14 19:20:00+00:00,44.869998931884766,44.869998931884766,44.85499954223633,44.86000061035156,62872
2026-09-14 19:21:00+00:00,44.859901428222656,44.86989974975586,44.845001220703125,44.845001220703125,40352
2026-09-14 19:22:00+00:00,44.845001220703125,44.845001220703125,44.83000183105469,44.84000015258789,11065
2026-09-14 19:23:00+00:00,44.84550094604492,44.86000061035156,44.84000015258789,44.86000061035156,33650
2026-09-14 19:24:00+00:00,44.8650016784668,44.875,44.8650016784668,44.875,72570
2026-09-14 19:25:00+00:00,44.8760986328125,44.8849983215332,44.84049987792969,44.86000061035156,96949
2026-09-14 19:26:00+00:00,44.85499954223633,44.8650016784668,44.85499954223633,44.86000061035156,40173
2026-09-14 19:27:00+00:00,44.85359954833984,44.8849983215332,44.85359954833984,44.85499954223633,130700
2026-09-14 19:28:00+00:00,44.859901428222656,44.8650016784668,44.82500076293945,44.84999847412109,130470
2026-09-14 19:29:00+00:00,44.8301010131836,44.8301010131836,44.81999969482422,44.82500076293945,50539
2026-09-14 19:30:00+00:00,44.81999969482422,44.820098876953125,44.79999923706055,44.810001373291016,68970
2026-09-14 19:31:00+00:00,44.810001373291016,44.85499954223633,44.810001373291016,44.81999969482422,87232
2026-09-14 19:32:00+00:00,44.82529830932617,44.845001220703125,44.81499862670898,44.84000015258789,67595
2026-09-14 19:33:00+00:00,44.84000015258789,44.85499954223633,44.83000183105469,44.834999084472656,70315
2026-09-14 19:34:00+00:00,44.83530044555664,44.84000015258789,44.79999923706055,44.8301010131836,85990
2026-09-14 19:35:00+00:00,44.83000183105469,44.83000183105469,44.81499862670898,44.81999969482422,26480
2026-09-14 19:36:00+00:00,44.810001373291016,44.810001373291016,44.762001037597656,44.76499938964844,90196
2026-09-14 19:37:00+00:00,44.76499938964844,44.775001525878906,44.7599983215332,44.775001525878906,50087
2026-09-14 19:38:00+00:00,44.77040100097656,44.775001525878906,44.72010040283203,44.72010040283203,104750
2026-09-14 19:39:00+00:00,44.72999954223633,44.73989868164063,44.720001220703125,44.72499847412109,121702
2026-09-14 19:40:00+00:00,44.72999954223633,44.77000045776367,44.72999954223633,44.76800155639648,69812
2026-09-14 19:41:00+00:00,44.77000045776367,44.77999877929688,44.755001068115234,44.775001525878906,44906
2026-09-14 19:42:00+00:00,44.775001525878906,44.79579925537109,44.77000045776367,44.79499816894531,101861
2026-09-14 19:43:00+00:00,44.790000915527344,44.81999969482422,44.790000915527344,44.81499862670898,94605
2026-09-14 19:44:00+00:00,44.81999969482422,44.83000183105469,44.80500030517578,44.82740020751953,126881
2026-09-14 19:45:00+00:00,44.82529830932617,44.84000015258789,44.81499862670898,44.8384017944336,87386
2026-09-14 19:46:00+00:00,44.83000183105469,44.84000015258789,44.81499862670898,44.82500076293945,143915
2026-09-14 19:47:00+00:00,44.81999969482422,44.83570098876953,44.81499862670898,44.82500076293945,121189
2026-09-14 19:48:00+00:00,44.82529830932617,44.82600021362305,44.790000915527344,44.79999923706055,150180
2026-09-14 19:49:00+00:00,44.79499816894531,44.80500030517578,44.77999877929688,44.78279876708984,66677
2026-09-14 19:50:00+00:00,44.77999877929688,44.79999923706055,44.775001525878906,44.78499984741211,113732
2026-09-14 19:51:00+00:00,44.78499984741211,44.790000915527344,44.77999877929688,44.785099029541016,55928
2026-09-14 19:52:00+00:00,44.77999877929688,44.79499816894531,44.77000045776367,44.775001525878906,116690
2026-09-14 19:53:00+00:00,44.77999877929688,44.77999877929688,44.7599983215332,44.76499938964844,103780
2026-09-14 19:54:00+00:00,44.77000045776367,44.77999877929688,44.77000045776367,44.775001525878906,75515
2026-09-14 19:55:00+00:00,44.77000045776367,44.77989959716797,44.7400016784668,44.744998931884766,360688
2026-09-14 19:56:00+00:00,44.7400016784668,44.75,44.72999954223633,44.73099899291992,137232
2026-09-14 19:57:00+00:00,44.73759841918945,44.744998931884766,44.72999954223633,44.72999954223633,132774
2026-09-14 19:58:00+00:00,44.73500061035156,44.75,44.72999954223633,44.75,183821
2026-09-14 19:59:00+00:00,44.74509811401367,44.75,44.72999954223633,44.73500061035156,539614
2026-09-15 13:30:00+00:00,43.5099983215332,43.52999877929688,43.43999862670898,43.45000076293945,6840141
2026-09-15 13:31:00+00:00,43.44499969482422,43.48500061035156,43.400001525878906,43.4109992980957,339348
2026-09-15 13:32:00+00:00,43.415000915527344,43.47999954223633,43.400001525878906,43.41999816894531,279788
2026-09-15 13:33:00+00:00,43.41999816894531,43.45500183105469,43.38010025024414,43.44499969482422,227952
2026-09-15 13:34:00+00:00,43.44499969482422,43.45000076293945,43.40999984741211,43.42499923706055,140464
2026-09-15 13:35:00+00:00,43.42499923706055,43.42499923706055,43.33000183105469,43.38999938964844,516725
2026-09-15 13:36:00+00:00,43.380001068115234,43.400001525878906,43.310001373291016,43.32799911499024,324834
2026-09-15 13:37:00+00:00,43.33000183105469,43.334999084472656,43.244998931884766,43.26499938964844,463260
2026-09-15 13:38:00+00:00,43.26499938964844,43.26499938964844,43.15999984741211,43.19499969482422,659500
2026-09-15 13:39:00+00:00,43.19499969482422,43.19499969482422,43.040000915527344,43.152000427246094,702689
2026-09-15 13:40:00+00:00,43.15010070800781,43.29999923706055,43.12009811401367,43.269901275634766,455729
2026-09-15 13:41:00+00:00,43.2599983215332,43.2599983215332,43.19499969482422,43.22999954223633,329444
2026-09-15 13:42:00+00:00,43.220001220703125,43.2400016784668,43.18000030517578,43.185001373291016,264122
2026-09-15 13:43:00+00:00,43.185001373291016,43.19499969482422,43.13999938964844,43.18999862670898,332670
2026-09-15 13:44:00+00:00,43.18999862670898,43.2400016784668,43.18000030517578,43.220001220703125,274092
2026-09-15 13:45:00+00:00,43.21500015258789,43.27000045776367,43.150001525878906,43.15999984741211,494505
2026-09-15 13:46:00+00:00,43.15999984741211,43.16999816894531,43.09999847412109,43.13359832763672,415870
2026-09-15 13:47:00+00:00,43.13470077514648,43.167999267578125,43.09999847412109,43.125,427549
2026-09-15 13:48:00+00:00,43.1234016418457,43.15999984741211,43.119998931884766,43.150001525878906,240929
2026-09-15 13:49:00+00:00,43.150001525878906,43.20970153808594,43.1349983215332,43.15999984741211,321595
2026-09-15 13:50:00+00:00,43.15499877929688,43.15999984741211,43.06999969482422,43.0702018737793,407227
2026-09-15 13:51:00+00:00,43.07899856567383,43.125,43.04999923706055,43.06999969482422,701787
2026-09-15 13:52:00+00:00,43.06499862670898,43.11000061035156,43.05440139770508,43.09999847412109,260713
2026-09-15 13:53:00+00:00,43.09999847412109,43.119998931884766,43.08369827270508,43.11000061035156,529272
2026-09-15 13:54:00+00:00,43.119998931884766,43.125,43.04999923706055,43.099700927734375,310427
2026-09-15 13:55:00+00:00,43.09999847412109,43.149898529052734,43.09000015258789,43.13999938964844,437887
2026-09-15 13:56:00+00:00,43.14239883422852,43.21500015258789,43.13999938964844,43.209999084472656,345825
2026-09-15 13:57:00+00:00,43.21500015258789,43.27000045776367,43.20500183105469,43.2400016784668,224719
2026-09-15 13:58:00+00:00,43.249000549316406,43.27000045776367,43.24160003662109,43.255001068115234,103420
2026-09-15 13:59:00+00:00,43.2599983215332,43.34700012207031,43.2599983215332,43.345001220703125,171245
2026-09-15 14:00:00+00:00,43.345001220703125,43.38999938964844,43.310001373291016,43.32619857788086,421594
2026-09-15 14:01:00+00:00,43.32680130004883,43.32680130004883,43.26950073242188,43.2953987121582,197979
2026-09-15 14:02:00+00:00,43.28860092163086,43.31999969482422,43.255001068115234,43.255001068115234,324225
2026-09-15 14:03:00+00:00,43.2599983215332,43.337501525878906,43.2599983215332,43.32500076293945,182338
2026-09-15 14:04:00+00:00,43.32500076293945,43.369998931884766,43.22499847412109,43.22499847412109,356840
2026-09-15 14:05:00+00:00,43.22010040283203,43.22499847412109,43.165000915527344,43.17160034179688,330034
2026-09-15 14:06:00+00:00,43.17499923706055,43.220001220703125,43.15999984741211,43.17150115966797,182912
2026-09-15 14:07:00+00:00,43.16999816894531,43.185001373291016,43.15999984741211,43.164398193359375,154046
2026-09-15 14:08:00+00:00,43.165000915527344,43.18989944458008,43.150001525878906,43.18989944458008,133391
2026-09-15 14:09:00+00:00,43.185001373291016,43.275001525878906,43.185001373291016,43.26499938964844,361476
2026-09-15 14:10:00+00:00,43.2504997253418,43.28799819946289,43.23500061035156,43.23500061035156,45904
2026-09-15 14:11:00+00:00,43.2400016784668,43.25,43.209999084472656,43.21500015258789,95493
2026-09-15 14:12:00+00:00,43.209999084472656,43.23500061035156,43.20000076293945,43.22499847412109,159955
2026-09-15 14:13:00+00:00,43.22499847412109,43.23500061035156,43.21500015258789,43.23500061035156,101646
2026-09-15 14:14:00+00:00,43.2400016784668,43.2400016784668,43.20500183105469,43.209999084472656,39974
2026-09-15 14:15:00+00:00,43.21009826660156,43.26499938964844,43.21009826660156,43.26169967651367,45231
2026-09-15 14:16:00+00:00,43.26499938964844,43.26499938964844,43.18000030517578,43.185001373291016,41460
2026-09-15 14:17:00+00:00,43.185001373291016,43.185001373291016,43.15999984741211,43.185001373291016,74879
2026-09-15 14:18:00+00:00,43.17499923706055,43.185001373291016,43.160099029541016,43.17610168457031,22536
2026-09-15 14:19:00+00:00,43.17499923706055,43.21500015258789,43.16999816894531,43.20500183105469,55190
2026-09-15 14:20:00+00:00,43.20000076293945,43.220001220703125,43.18999862670898,43.220001220703125,75933
2026-09-15 14:21:00+00:00,43.22760009765625,43.25,43.209999084472656,43.244998931884766,107005
2026-09-15 14:22:00+00:00,43.244998931884766,43.269901275634766,43.21500015258789,43.21500015258789,125236
2026-09-15 14:23:00+00:00,43.20500183105469,43.20500183105469,43.15999984741211,43.19499969482422,82296
2026-09-15 14:24:00+00:00,43.18999862670898,43.22990036010742,43.185001373291016,43.20989990234375,57096
2026-09-15 14:25:00+00:00,43.209999084472656,43.21500015258789,43.18999862670898,43.209999084472656,38924
2026-09-15 14:26:00+00:00,43.21770095825195,43.22999954223633,43.20000076293945,43.22140121459961,41545
2026-09-15 14:27:00+00:00,43.220001220703125,43.255001068115234,43.220001220703125,43.255001068115234,51369
2026-09-15 14:28:00+00:00,43.25,43.25,43.22999954223633,43.2400016784668,59940
2026-09-15 14:29:00+00:00,43.22999954223633,43.22999954223633,43.165000915527344,43.18000030517578,65680
2026-09-15 14:30:00+00:00,43.16999816894531,43.17399978637695,43.125,43.1349983215332,156288
2026-09-15 14:31:00+00:00,43.130001068115234,43.15800094604492,43.10279846191406,43.130001068115234,147618
2026-09-15 14:32:00+00:00,43.125,43.125,43.08000183105469,43.09510040283203,93144
2026-09-15 14:33:00+00:00,43.095001220703125,43.130001068115234,43.084999084472656,43.10499954223633,113643
2026-09-15 14:34:00+00:00,43.09999847412109,43.11000061035156,43.070098876953125,43.08000183105469,82341
2026-09-15 14:35:00+00:00,43.08000183105469,43.08000183105469,42.959999084472656,43.04999923706055,1159131
2026-09-15 14:36:00+00:00,43.02000045776367,43.040000915527344,42.97439956665039,43.0,447777
2026-09-15 14:37:00+00:00,43.0,43.05500030517578,42.97999954223633,43.04069900512695,202922
2026-09-15 14:38:00+00:00,43.040000915527344,43.040000915527344,42.95009994506836,42.95500183105469,291206
2026-09-15 14:39:00+00:00,42.95989990234375,42.959999084472656,42.880001068115234,42.88999938964844,494139
2026-09-15 14:40:00+00:00,42.89250183105469,42.900001525878906,42.79999923706055,42.833099365234375,570347
2026-09-15 14:41:00+00:00,42.83000183105469,42.86000061035156,42.79999923706055,42.85499954223633,143453
2026-09-15 14:42:00+00:00,42.85900115966797,42.88999938964844,42.845001220703125,42.869998931884766,204286
2026-09-15 14:43:00+00:00,42.880001068115234,42.95000076293945,42.86009979248047,42.93999862670898,295965
2026-09-15 14:44:00+00:00,42.93899917602539,42.970001220703125,42.90999984741211,42.915000915527344,409855
2026-09-15 14:45:00+00:00,42.91899871826172,42.93999862670898,42.869998931884766,42.87990188598633,233054
2026-09-15 14:46:00+00:00,42.880001068115234,42.88999938964844,42.84000015258789,42.84000015258789,159365
2026-09-15 14:47:00+00:00,42.834999084472656,42.88999938964844,42.83000183105469,42.8650016784668,222421
2026-09-15 14:48:00+00:00,42.8650016784668,42.875,42.81999969482422,42.834999084472656,227835
2026-09-15 14:49:00+00:00,42.845001220703125,42.84999847412109,42.81010055541992,42.82500076293945,137166
2026-09-15 14:50:00+00:00,42.82500076293945,42.83000183105469,42.790000915527344,42.82500076293945,221023
2026-09-15 14:51:00+00:00,42.81999969482422,42.84999847412109,42.7599983215332,42.7599983215332,385434
2026-09-15 14:52:00+00:00,42.7599983215332,42.81499862670898,42.75,42.81399917602539,205457
2026-09-15 14:53:00+00:00,42.8134994506836,42.880001068115234,42.78010177612305,42.84999847412109,969946
2026-09-15 14:54:00+00:00,42.845001220703125,42.93000030517578,42.845001220703125,42.9275016784668,426964
2026-09-15 14:55:00+00:00,42.93000030517578,42.9630012512207,42.880001068115234,42.89039993286133,214866
2026-09-15 14:56:00+00:00,42.88999938964844,42.9099006652832,42.85010147094727,42.90499877929688,91384
2026-09-15 14:57:00+00:00,42.90999984741211,42.95500183105469,42.90999984741211,42.95000076293945,193574
2026-09-15 14:58:00+00:00,42.95009994506836,42.959999084472656,42.93000030517578,42.95500183105469,126886
2026-09-15 14:59:00+00:00,42.95500183105469,42.97999954223633,42.93000030517578,42.95000076293945,142757
2026-09-15 15:00:00+00:00,42.94499969482422,42.97999954223633,42.89500045776367,42.900001525878906,156088
2026-09-15 15:01:00+00:00,42.900001525878906,42.95000076293945,42.8849983215332,42.95000076293945,97145
2026-09-15 15:02:00+00:00,42.95050048828125,42.95050048828125,42.91999816894531,42.93999862670898,61726
2026-09-15 15:03:00+00:00,42.93999862670898,42.98989868164063,42.93999862670898,42.98989868164063,124591
2026-09-15 15:04:00+00:00,42.98989868164063,43.02000045776367,42.97999954223633,43.005001068115234,173831
2026-09-15 15:05:00+00:00,43.005001068115234,43.03990173339844,42.97999954223633,42.994998931884766,101135
2026-09-15 15:06:00+00:00,42.99990081787109,43.03990173339844,42.980098724365234,43.02970123291016,60225
2026-09-15 15:07:00+00:00,43.040000915527344,43.040000915527344,43.0,43.02009963989258,69504
2026-09-15 15:08:00+00:00,43.02000045776367,43.02000045776367,42.9900016784668,43.01250076293945,43564
2026-09-15 15:09:00+00:00,43.0099983215332,43.01499938964844,42.9900016784668,43.0,70869
2026-09-15 15:10:00+00:00,43.0,43.02000045776367,42.99449920654297,43.0099983215332,64375
2026-09-15 15:11:00+00:00,43.0099983215332,43.0275993347168,42.9901008605957,43.025001525878906,80645
2026-09-15 15:12:00+00:00,43.02009963989258,43.02999877929688,42.99990081787109,43.0099983215332,93696
2026-09-15 15:13:00+00:00,43.0099983215332,43.02009963989258,42.9900016784668,43.005001068115234,31033
2026-09-15 15:14:00+00:00,43.01499938964844,43.019901275634766,42.970001220703125,43.00239944458008,274540
2026-09-15 15:15:00+00:00,43.0,43.01499938964844,42.95050048828125,42.95050048828125,90618
2026-09-15 15:16:00+00:00,42.95500183105469,42.99760055541992,42.93000030517578,42.97499847412109,103380
2026-09-15 15:17:00+00:00,42.994998931884766,43.02000045776367,42.98500061035156,43.0099983215332,43956
2026-09-15 15:18:00+00:00,43.0099983215332,43.025001525878906,42.99489974975586,43.02000045776367,43028
2026-09-15 15:19:00+00:00,43.025001525878906,43.0265007019043,42.9900016784668,43.0,33511
2026-09-15 15:20:00+00:00,42.99580001831055,43.02000045776367,42.9900016784668,43.019798278808594,75410
2026-09-15 15:21:00+00:00,43.01499938964844,43.02999877929688,43.0,43.0099983215332,67261
2026-09-15 15:22:00+00:00,43.005001068115234,43.0177001953125,42.9901008605957,42.9901008605957,154286
2026-09-15 15:23:00+00:00,42.9901008605957,43.040000915527344,42.9901008605957,43.03929901123047,85312
2026-09-15 15:24:00+00:00,43.03990173339844,43.185001373291016,43.03929901123047,43.18000030517578,454848
2026-09-15 15:25:00+00:00,43.18999862670898,43.27989959716797,43.185001373291016,43.25,194494
2026-09-15 15:26:00+00:00,43.25,43.259498596191406,43.220001220703125,43.220001220703125,96758
2026-09-15 15:27:00+00:00,43.22499847412109,43.255001068115234,43.220001220703125,43.22499847412109,64372
2026-09-15 15:28:00+00:00,43.22999954223633,43.2599983215332,43.22999954223633,43.22999954223633,40748
2026-09-15 15:29:00+00:00,43.22999954223633,43.255001068115234,43.17499923706055,43.185001373291016,88848
2026-09-15 15:30:00+00:00,43.19010162353516,43.22499847412109,43.185001373291016,43.209999084472656,65235
2026-09-15 15:31:00+00:00,43.2047004699707,43.220001220703125,43.16999816894531,43.185001373291016,38282
2026-09-15 15:32:00+00:00,43.18000030517578,43.18069839477539,43.13999938964844,43.165000915527344,58389
2026-09-15 15:33:00+00:00,43.165000915527344,43.20000076293945,43.165000915527344,43.18999862670898,107036
2026-09-15 15:34:00+00:00,43.18280029296875,43.220001220703125,43.15999984741211,43.220001220703125,46056
2026-09-15 15:35:00+00:00,43.220001220703125,43.22499847412109,43.20000076293945,43.20000076293945,80126
2026-09-15 15:36:00+00:00,43.20000076293945,43.2400016784668,43.20000076293945,43.23500061035156,44679
2026-09-15 15:37:00+00:00,43.23949813842773,43.2400016784668,43.16999816894531,43.17509841918945,60017
2026-09-15 15:38:00+00:00,43.18999862670898,43.21500015258789,43.18999862670898,43.20500183105469,19855
2026-09-15 15:39:00+00:00,43.21500015258789,43.2400016784668,43.209999084472656,43.23979949951172,23709
2026-09-15 15:40:00+00:00,43.23500061035156,43.23989868164063,43.21500015258789,43.22999954223633,31071
2026-09-15 15:41:00+00:00,43.2400016784668,43.2400016784668,43.21500015258789,43.21500015258789,27304
2026-09-15 15:42:00+00:00,43.209999084472656,43.22999954223633,43.20500183105469,43.21500015258789,60024
2026-09-15 15:43:00+00:00,43.220001220703125,43.23500061035156,43.220001220703125,43.23500061035156,15045
2026-09-15 15:44:00+00:00,43.220001220703125,43.25,43.220001220703125,43.22999954223633,45868
2026-09-15 15:45:00+00:00,43.23500061035156,43.25,43.22999954223633,43.25,18319
2026-09-15 15:46:00+00:00,43.24990081787109,43.25,43.2400016784668,43.24530029296875,22791
2026-09-15 15:47:00+00:00,43.24990081787109,43.2599983215332,43.22499847412109,43.22990036010742,68154
2026-09-15 15:48:00+00:00,43.22999954223633,43.2599983215332,43.22999954223633,43.25,46632
2026-09-15 15:49:00+00:00,43.2598991394043,43.26810073852539,43.23500061035156,43.255001068115234,44116
2026-09-15 15:50:00+00:00,43.255001068115234,43.33990097045898,43.250099182128906,43.33359909057617,242396
2026-09-15 15:51:00+00:00,43.334999084472656,43.334999084472656,43.27510070800781,43.290000915527344,42570
2026-09-15 15:52:00+00:00,43.29999923706055,43.33000183105469,43.290000915527344,43.29499816894531,49260
2026-09-15 15:53:00+00:00,43.29010009765625,43.32500076293945,43.29010009765625,43.30500030517578,42656
2026-09-15 15:54:00+00:00,43.30500030517578,43.30500030517578,43.230098724365234,43.2599983215332,46230
2026-09-15 15:55:00+00:00,43.25,43.334999084472656,43.25,43.32500076293945,179982
2026-09-15 15:56:00+00:00,43.334999084472656,43.334999084472656,43.29499816894531,43.30500030517578,27276
2026-09-15 15:57:00+00:00,43.30799865722656,43.3286018371582,43.30799865722656,43.310001373291016,27055
2026-09-15 15:58:00+00:00,43.31439971923828,43.32170104980469,43.28010177612305,43.28499984741211,27061
2026-09-15 15:59:00+00:00,43.28499984741211,43.29499816894531,43.27999877929688,43.28279876708984,16996
2026-09-15 16:00:00+00:00,43.27999877929688,43.290000915527344,43.2400016784668,43.25,136315
2026-09-15 16:01:00+00:00,43.25640106201172,43.33000183105469,43.255001068115234,43.30500030517578,275569
2026-09-15 16:02:00+00:00,43.31499862670898,43.31829833984375,43.30500030517578,43.31829833984375,22813
2026-09-15 16:03:00+00:00,43.31999969482422,43.32500076293945,43.275001525878906,43.285099029541016,109346
2026-09-15 16:04:00+00:00,43.290000915527344,43.290000915527344,43.27000045776367,43.275001525878906,392517
2026-09-15 16:05:00+00:00,43.27999877929688,43.290000915527344,43.244998931884766,43.25,48050
2026-09-15 16:06:00+00:00,43.255001068115234,43.26499938964844,43.2400016784668,43.250099182128906,47181
2026-09-15 16:07:00+00:00,43.255001068115234,43.25970077514648,43.21500015258789,43.21500015258789,21147
2026-09-15 16:08:00+00:00,43.209999084472656,43.21500015258789,43.20000076293945,43.209999084472656,33832
2026-09-15 16:09:00+00:00,43.20500183105469,43.209999084472656,43.15999984741211,43.17499923706055,147087
2026-09-15 16:10:00+00:00,43.17499923706055,43.21799850463867,43.16999816894531,43.18000030517578,28391
2026-09-15 16:11:00+00:00,43.18000030517578,43.20500183105469,43.18000030517578,43.18999862670898,29315
2026-09-15 16:12:00+00:00,43.20000076293945,43.20000076293945,43.16019821166992,43.16019821166992,68127
2026-09-15 16:13:00+00:00,43.15499877929688,43.165000915527344,43.15010070800781,43.165000915527344,251013
2026-09-15 16:14:00+00:00,43.165000915527344,43.165000915527344,43.1349983215332,43.140098571777344,63383
2026-09-15 16:15:00+00:00,43.14500045776367,43.17509841918945,43.14500045776367,43.17499923706055,22423
2026-09-15 16:16:00+00:00,43.16999816894531,43.19499969482422,43.16999816894531,43.17990112304688,70051
2026-09-15 16:17:00+00:00,43.185001373291016,43.220001220703125,43.18000030517578,43.220001220703125,50115
2026-09-15 16:18:00+00:00,43.22499847412109,43.2400016784668,43.21500015258789,43.22999954223633,42961
2026-09-15 16:19:00+00:00,43.23500061035156,43.23500061035156,43.20240020751953,43.21500015258789,18076
2026-09-15 16:20:00+00:00,43.209999084472656,43.23759841918945,43.209999084472656,43.22999954223633,28478
2026-09-15 16:21:00+00:00,43.2400016784668,43.255001068115234,43.23749923706055,43.255001068115234,62045
2026-09-15 16:22:00+00:00,43.244998931884766,43.27000045776367,43.2421989440918,43.255001068115234,243027
2026-09-15 16:23:00+00:00,43.255001068115234,43.27999877929688,43.24459838867188,43.2599983215332,72876
2026-09-15 16:24:00+00:00,43.2599983215332,43.2759017944336,43.2599983215332,43.2599983215332,22041
2026-09-15 16:25:00+00:00,43.255001068115234,43.26499938964844,43.22999954223633,43.23500061035156,37101
2026-09-15 16:26:00+00:00,43.23500061035156,43.255001068115234,43.23500061035156,43.25,31390
2026-09-15 16:27:00+00:00,43.25,43.27000045776367,43.25,43.25,45753
2026-09-15 16:28:00+00:00,43.244998931884766,43.27830123901367,43.244998931884766,43.27830123901367,43480
2026-09-15 16:29:00+00:00,43.27989959716797,43.27989959716797,43.255001068115234,43.2599983215332,31087
2026-09-15 16:30:00+00:00,43.2599983215332,43.26499938964844,43.25,43.25,34581
2026-09-15 16:31:00+00:00,43.25,43.25,43.21500015258789,43.21500015258789,21812
2026-09-15 16:32:00+00:00,43.21549987792969,43.22499847412109,43.209999084472656,43.22499847412109,25379
2026-09-15 16:33:00+00:00,43.23500061035156,43.23500061035156,43.21500015258789,43.22499847412109,24726
2026-09-15 16:34:00+00:00,43.220001220703125,43.220001220703125,43.19499969482422,43.20009994506836,22642
2026-09-15 16:35:00+00:00,43.20000076293945,43.22769927978516,43.18000030517578,43.22769927978516,54700
2026-09-15 16:36:00+00:00,43.23500061035156,43.2400016784668,43.22880172729492,43.23410034179688,7805
2026-09-15 16:37:00+00:00,43.22999954223633,43.24850082397461,43.21379852294922,43.23500061035156,37291
2026-09-15 16:38:00+00:00,43.244998931884766,43.244998931884766,43.20989990234375,43.20989990234375,26851
2026-09-15 16:39:00+00:00,43.20539855957031,43.20989990234375,43.19499969482422,43.20500183105469,36174
2026-09-15 16:40:00+00:00,43.20000076293945,43.20500183105469,43.18000030517578,43.187198638916016,62591
2026-09-15 16:41:00+00:00,43.18000030517578,43.18999862670898,43.15999984741211,43.16049957275391,93940
2026-09-15 16:42:00+00:00,43.165000915527344,43.19570159912109,43.165000915527344,43.18999862670898,28835
2026-09-15 16:43:00+00:00,43.19499969482422,43.19990158081055,43.18999862670898,43.18999862670898,17341
2026-09-15 16:44:00+00:00,43.19499969482422,43.220001220703125,43.18999862670898,43.220001220703125,40080
2026-09-15 16:45:00+00:00,43.20000076293945,43.21500015258789,43.20000076293945,43.209999084472656,13617
2026-09-15 16:46:00+00:00,43.20500183105469,43.22999954223633,43.20500183105469,43.22499847412109,35215
2026-09-15 16:47:00+00:00,43.22499847412109,43.25,43.22499847412109,43.22499847412109,118058
2026-09-15 16:48:00+00:00,43.22999954223633,43.22999954223633,43.212398529052734,43.21500015258789,0
2026-09-15 16:49:00+00:00,43.21989822387695,43.22499847412109,43.209999084472656,43.2218017578125,13428
2026-09-15 16:50:00+00:00,43.22439956665039,43.25,43.22439956665039,43.244998931884766,47255
2026-09-15 16:51:00+00:00,43.244998931884766,43.2599983215332,43.2401008605957,43.255001068115234,18042
2026-09-15 16:52:00+00:00,43.255001068115234,43.27000045776367,43.25,43.269901275634766,43908
2026-09-15 16:53:00+00:00,43.269901275634766,43.27999877929688,43.24489974975586,43.24489974975586,24952
2026-09-15 16:54:00+00:00,43.25,43.275001525878906,43.25,43.27000045776367,65753
2026-09-15 16:55:00+00:00,43.275001525878906,43.27899932861328,43.26499938964844,43.275001525878906,12823
2026-09-15 16:56:00+00:00,43.275001525878906,43.275001525878906,43.23500061035156,43.23500061035156,21882
2026-09-15 16:57:00+00:00,43.23500061035156,43.24990081787109,43.23500061035156,43.2400016784668,15654
2026-09-15 16:58:00+00:00,43.23500061035156,43.25,43.23500061035156,43.244998931884766,14180
2026-09-15 16:59:00+00:00,43.2400016784668,43.2400016784668,43.20500183105469,43.21500015258789,31977
2026-09-15 17:00:00+00:00,43.2150993347168,43.2150993347168,43.18999862670898,43.20500183105469,89758
2026-09-15 17:01:00+00:00,43.20500183105469,43.23500061035156,43.20500183105469,43.23500061035156,12172
2026-09-15 17:02:00+00:00,43.22999954223633,43.22999954223633,43.165000915527344,43.18000030517578,81678
2026-09-15 17:03:00+00:00,43.18000030517578,43.20000076293945,43.16999816894531,43.20000076293945,22179
2026-09-15 17:04:00+00:00,43.19499969482422,43.19499969482422,43.15169906616211,43.15499877929688,37356
2026-09-15 17:05:00+00:00,43.15999984741211,43.17499923706055,43.14500045776367,43.16999816894531,44881
2026-09-15 17:06:00+00:00,43.15999984741211,43.15999984741211,43.150001525878906,43.15499877929688,13501
2026-09-15 17:07:00+00:00,43.15499877929688,43.15499877929688,43.119998931884766,43.125,46798
2026-09-15 17:08:00+00:00,43.119998931884766,43.125,43.09000015258789,43.11000061035156,130733
2026-09-15 17:09:00+00:00,43.10499954223633,43.130001068115234,43.0900993347168,43.119998931884766,34151
2026-09-15 17:10:00+00:00,43.1150016784668,43.1349983215332,43.11309814453125,43.1328010559082,33276
2026-09-15 17:11:00+00:00,43.1349983215332,43.13999938964844,43.10499954223633,43.11009979248047,14927
2026-09-15 17:12:00+00:00,43.11130142211914,43.119998931884766,43.10499954223633,43.10879898071289,27361
2026-09-15 17:13:00+00:00,43.11000061035156,43.130001068115234,43.10020065307617,43.125,92623
2026-09-15 17:14:00+00:00,43.125,43.15499877929688,43.119998931884766,43.1349983215332,95575
2026-09-15 17:15:00+00:00,43.1349983215332,43.150001525878906,43.125,43.1349983215332,103178
2026-09-15 17:16:00+00:00,43.1349983215332,43.15999984741211,43.122501373291016,43.15499877929688,54371
2026-09-15 17:17:00+00:00,43.15850067138672,43.16949844360352,43.150001525878906,43.15999984741211,47823
2026-09-15 17:18:00+00:00,43.152000427246094,43.15499877929688,43.125,43.1328010559082,26962
2026-09-15 17:19:00+00:00,43.13010025024414,43.14500045776367,43.13010025024414,43.14500045776367,18241
2026-09-15 17:20:00+00:00,43.14500045776367,43.18999862670898,43.14500045776367,43.18000030517578,43501
2026-09-15 17:21:00+00:00,43.17499923706055,43.18000030517578,43.165000915527344,43.165000915527344,49487
2026-09-15 17:22:00+00:00,43.165000915527344,43.16999816894531,43.150001525878906,43.16999816894531,24281
2026-09-15 17:23:00+00:00,43.1781005859375,43.18999862670898,43.15499877929688,43.18999862670898,25229
2026-09-15 17:24:00+00:00,43.18999862670898,43.20000076293945,43.18999862670898,43.19499969482422,43707
2026-09-15 17:25:00+00:00,43.18999862670898,43.209999084472656,43.18999862670898,43.19499969482422,26126
2026-09-15 17:26:00+00:00,43.19499969482422,43.2599983215332,43.19499969482422,43.25,49093
2026-09-15 17:27:00+00:00,43.255001068115234,43.269901275634766,43.255001068115234,43.26499938964844,12094
2026-09-15 17:28:00+00:00,43.26969909667969,43.29499816894531,43.2599983215332,43.290000915527344,156334
2026-09-15 17:29:00+00:00,43.28499984741211,43.29990005493164,43.27999877929688,43.290000915527344,33021
2026-09-15 17:30:00+00:00,43.290000915527344,43.31499862670898,43.28499984741211,43.30989837646485,84948
2026-09-15 17:31:00+00:00,43.310001373291016,43.380001068115234,43.310001373291016,43.375,159706
2026-09-15 17:32:00+00:00,43.375,43.44499969482422,43.369998931884766,43.38999938964844,170415
2026-09-15 17:33:00+00:00,43.39500045776367,43.5099983215332,43.39500045776367,43.5099983215332,150613
2026-09-15 17:34:00+00:00,43.50139999389648,43.540000915527344,43.50139999389648,43.52999877929688,122120
2026-09-15 17:35:00+00:00,43.53499984741211,43.76499938964844,43.52999877929688,43.67499923706055,501521
2026-09-15 17:36:00+00:00,43.685001373291016,43.70500183105469,43.58000183105469,43.59999847412109,396032
2026-09-15 17:37:00+00:00,43.59999847412109,43.66640090942383,43.58259963989258,43.630001068115234,220848
2026-09-15 17:38:00+00:00,43.63980102539063,43.64500045776367,43.54999923706055,43.54999923706055,88967
2026-09-15 17:39:00+00:00,43.54999923706055,43.56999969482422,43.540000915527344,43.54999923706055,59235
2026-09-15 17:40:00+00:00,43.54999923706055,43.54999923706055,43.48500061035156,43.52999877929688,121254
2026-09-15 17:41:00+00:00,43.52000045776367,43.52999877929688,43.50809860229492,43.50809860229492,28060
2026-09-15 17:42:00+00:00,43.505001068115234,43.505001068115234,43.43999862670898,43.43999862670898,50175
2026-09-15 17:43:00+00:00,43.44499969482422,43.45500183105469,43.40999984741211,43.41999816894531,69853
2026-09-15 17:44:00+00:00,43.42499923706055,43.45000076293945,43.41999816894531,43.43009948730469,55601
2026-09-15 17:45:00+00:00,43.435001373291016,43.494998931884766,43.43009948730469,43.494998931884766,78778
2026-09-15 17:46:00+00:00,43.4900016784668,43.5099983215332,43.480098724365234,43.50230026245117,70713
2026-09-15 17:47:00+00:00,43.508399963378906,43.56499862670898,43.5,43.54999923706055,107888
2026-09-15 17:48:00+00:00,43.55989837646485,43.584999084472656,43.55500030517578,43.58000183105469,50881
2026-09-15 17:49:00+00:00,43.56999969482422,43.59000015258789,43.55009841918945,43.55709838867188,74132
2026-09-15 17:50:00+00:00,43.56499862670898,43.60499954223633,43.560001373291016,43.59999847412109,125737
2026-09-15 17:51:00+00:00,43.60499954223633,43.60499954223633,43.56499862670898,43.57500076293945,41490
2026-09-15 17:52:00+00:00,43.584999084472656,43.60599899291992,43.570499420166016,43.60599899291992,74681
2026-09-15 17:53:00+00:00,43.60499954223633,43.61000061035156,43.58000183105469,43.58300018310547,21036
2026-09-15 17:54:00+00:00,43.58000183105469,43.595001220703125,43.56999969482422,43.584999084472656,46272
2026-09-15 17:55:00+00:00,43.58000183105469,43.58000183105469,43.52000045776367,43.52000045776367,129424
2026-09-15 17:56:00+00:00,43.52840042114258,43.54499816894531,43.52000045776367,43.54499816894531,25004
2026-09-15 17:57:00+00:00,43.560001373291016,43.56999969482422,43.54999923706055,43.54999923706055,33903
2026-09-15 17:58:00+00:00,43.54999923706055,43.55989837646485,43.54999923706055,43.55989837646485,21757
2026-09-15 17:59:00+00:00,43.560001373291016,43.560001373291016,43.540000915527344,43.540000915527344,28454
2026-09-15 18:00:00+00:00,43.52999877929688,43.52999877929688,43.470001220703125,43.48849868774414,96746
2026-09-15 18:01:00+00:00,43.48500061035156,43.52000045776367,43.48500061035156,43.52000045776367,58467
2026-09-15 18:02:00+00:00,43.52000045776367,43.52999877929688,43.505001068115234,43.52999877929688,44406
2026-09-15 18:03:00+00:00,43.52999877929688,43.55500030517578,43.5099983215332,43.525001525878906,56496
2026-09-15 18:04:00+00:00,43.52000045776367,43.52000045776367,43.48500061035156,43.49509811401367,23719
2026-09-15 18:05:00+00:00,43.494998931884766,43.5,43.480098724365234,43.5,33933
2026-09-15 18:06:00+00:00,43.505001068115234,43.53990173339844,43.494998931884766,43.53499984741211,39186
2026-09-15 18:07:00+00:00,43.53570175170898,43.53570175170898,43.47999954223633,43.47999954223633,32725
2026-09-15 18:08:00+00:00,43.47999954223633,43.505001068115234,43.470001220703125,43.505001068115234,38475
2026-09-15 18:09:00+00:00,43.505001068115234,43.51499938964844,43.4901008605957,43.51499938964844,19628
2026-09-15 18:10:00+00:00,43.52000045776367,43.52989959716797,43.48500061035156,43.494998931884766,145721
2026-09-15 18:11:00+00:00,43.505001068115234,43.505001068115234,43.47299957275391,43.494998931884766,30584
2026-09-15 18:12:00+00:00,43.4900016784668,43.505001068115234,43.47999954223633,43.4900016784668,32062
2026-09-15 18:13:00+00:00,43.49100112915039,43.497501373291016,43.46500015258789,43.4900016784668,41702
2026-09-15 18:14:00+00:00,43.4900016784668,43.494998931884766,43.47589874267578,43.48310089111328,9676
2026-09-15 18:15:00+00:00,43.4900016784668,43.505001068115234,43.47499847412109,43.47990036010742,22328
2026-09-15 18:16:00+00:00,43.47499847412109,43.47499847412109,43.380001068115234,43.380001068115234,312330
2026-09-15 18:17:00+00:00,43.380001068115234,43.3849983215332,43.29999923706055,43.29999923706055,275286
2026-09-15 18:18:00+00:00,43.29999923706055,43.3474006652832,43.26499938964844,43.33940124511719,133882
2026-09-15 18:19:00+00:00,43.34000015258789,43.400001525878906,43.34000015258789,43.36000061035156,112325
2026-09-15 18:20:00+00:00,43.3650016784668,43.37789916992188,43.33000183105469,43.33000183105469,52579
2026-09-15 18:21:00+00:00,43.334999084472656,43.369998931884766,43.334999084472656,43.3650016784668,73819
2026-09-15 18:22:00+00:00,43.36000061035156,43.375,43.33000183105469,43.369998931884766,166953
2026-09-15 18:23:00+00:00,43.369998931884766,43.369998931884766,43.33000183105469,43.33000183105469,160646
2026-09-15 18:24:00+00:00,43.33000183105469,43.375,43.33000183105469,43.36000061035156,46176
2026-09-15 18:25:00+00:00,43.36000061035156,43.3661003112793,43.31499862670898,43.31999969482422,129522
2026-09-15 18:26:00+00:00,43.31999969482422,43.375,43.31999969482422,43.375,123883
2026-09-15 18:27:00+00:00,43.3650016784668,43.36650085449219,43.345001220703125,43.36000061035156,90867
2026-09-15 18:28:00+00:00,43.36000061035156,43.41999816894531,43.345001220703125,43.41999816894531,167899
2026-09-15 18:29:00+00:00,43.41999816894531,43.66999816894531,43.41999816894531,43.5099983215332,787302
2026-09-15 18:30:00+00:00,43.5,43.52999877929688,43.42499923706055,43.470001220703125,98237
2026-09-15 18:31:00+00:00,43.459999084472656,43.47499847412109,43.43000030517578,43.470001220703125,57673
2026-09-15 18:32:00+00:00,43.470001220703125,43.47499847412109,43.45000076293945,43.46500015258789,24633
2026-09-15 18:33:00+00:00,43.46500015258789,43.46500015258789,43.20000076293945,43.2400016784668,1546233
2026-09-15 18:34:00+00:00,43.244998931884766,43.47999954223633,43.244998931884766,43.435001373291016,1008258
2026-09-15 18:35:00+00:00,43.44499969482422,43.45500183105469,43.380001068115234,43.385101318359375,121263
2026-09-15 18:36:00+00:00,43.380001068115234,43.38999938964844,43.2599983215332,43.26499938964844,258461
2026-09-15 18:37:00+00:00,43.2599983215332,43.269901275634766,42.91999816894531,43.220001220703125,1843881
2026-09-15 18:38:00+00:00,43.25,43.2599983215332,43.15999984741211,43.19499969482422,260840
2026-09-15 18:39:00+00:00,43.18999862670898,43.244998931884766,43.15999984741211,43.19990158081055,99967
2026-09-15 18:40:00+00:00,43.185001373291016,43.18999862670898,42.98130035400391,43.040000915527344,679269
2026-09-15 18:41:00+00:00,43.040000915527344,43.109901428222656,42.90999984741211,43.06999969482422,697026
2026-09-15 18:42:00+00:00,43.06999969482422,43.07500076293945,42.86159896850586,42.970001220703125,1043890
2026-09-15 18:43:00+00:00,42.93000030517578,42.97999954223633,42.83000183105469,42.95000076293945,590420
2026-09-15 18:44:00+00:00,42.95500183105469,42.959999084472656,42.845001220703125,42.84999847412109,614271
2026-09-15 18:45:00+00:00,42.849700927734375,42.87860107421875,42.630001068115234,42.70500183105469,1322588
2026-09-15 18:46:00+00:00,42.71500015258789,42.744998931884766,42.575801849365234,42.58000183105469,644077
2026-09-15 18:47:00+00:00,42.57500076293945,42.70840072631836,42.55160140991211,42.5801010131836,646566
2026-09-15 18:48:00+00:00,42.60499954223633,42.619998931884766,42.459999084472656,42.505001068115234,867315
2026-09-15 18:49:00+00:00,42.50130081176758,42.51900100708008,42.39410018920898,42.43009948730469,414873
2026-09-15 18:50:00+00:00,42.435001373291016,42.62990188598633,42.369998931884766,42.560001373291016,882190
2026-09-15 18:51:00+00:00,42.58000183105469,42.68999862670898,42.51499938964844,42.67499923706055,458355
2026-09-15 18:52:00+00:00,42.68989944458008,42.78799819946289,42.66999816894531,42.75790023803711,420922
2026-09-15 18:53:00+00:00,42.7599983215332,42.84000015258789,42.755001068115234,42.79499816894531,430747
2026-09-15 18:54:00+00:00,42.79499816894531,42.90999984741211,42.76459884643555,42.90499877929688,603322
2026-09-15 18:55:00+00:00,42.899898529052734,43.06499862670898,42.869998931884766,43.040000915527344,423251
2026-09-15 18:56:00+00:00,43.04999923706055,43.0801010131836,42.93000030517578,42.95000076293945,519637
2026-09-15 18:57:00+00:00,42.95500183105469,42.9900016784668,42.91999816894531,42.97869873046875,224358
2026-09-15 18:58:00+00:00,42.97010040283203,43.02999877929688,42.970001220703125,43.0,183878
2026-09-15 18:59:00+00:00,43.0,43.01499938964844,42.95000076293945,42.988800048828125,160092
2026-09-15 19:00:00+00:00,42.98500061035156,43.02000045776367,42.90499877929688,42.98500061035156,195432
2026-09-15 19:01:00+00:00,43.0099983215332,43.02999877929688,42.869998931884766,42.90499877929688,397496
2026-09-15 19:02:00+00:00,42.900001525878906,42.994998931884766,42.880001068115234,42.9900016784668,241759
2026-09-15 19:03:00+00:00,42.994998931884766,43.15499877929688,42.994998931884766,43.060001373291016,500427
2026-09-15 19:04:00+00:00,43.06999969482422,43.150001525878906,43.05500030517578,43.05500030517578,213748
2026-09-15 19:05:00+00:00,43.04999923706055,43.09000015258789,42.9900016784668,42.994998931884766,229089
2026-09-15 19:06:00+00:00,42.994998931884766,43.07500076293945,42.9901008605957,43.060001373291016,158409
2026-09-15 19:07:00+00:00,43.05500030517578,43.05500030517578,42.970001220703125,42.994998931884766,114494
2026-09-15 19:08:00+00:00,42.9926986694336,43.02510070800781,42.959999084472656,42.99990081787109,161120
2026-09-15 19:09:00+00:00,43.0,43.03820037841797,42.99140167236328,43.0099983215332,91885
2026-09-15 19:10:00+00:00,43.0099983215332,43.04990005493164,42.9900016784668,43.02999877929688,123708
2026-09-15 19:11:00+00:00,43.025001525878906,43.03850173950195,42.9900016784668,43.02999877929688,109054
2026-09-15 19:12:00+00:00,43.03710174560547,43.03710174560547,42.97999954223633,42.994998931884766,107933
2026-09-15 19:13:00+00:00,42.99169921875,42.99169921875,42.93000030517578,42.97999954223633,89631
2026-09-15 19:14:00+00:00,42.97999954223633,42.999698638916016,42.95000076293945,42.97499847412109,110263
2026-09-15 19:15:00+00:00,42.97999954223633,43.04999923706055,42.970001220703125,42.98500061035156,166183
2026-09-15 19:16:00+00:00,42.98500061035156,43.060001373291016,42.94499969482422,43.04999923706055,126281
2026-09-15 19:17:00+00:00,43.04999923706055,43.18000030517578,43.04999923706055,43.149898529052734,225289
2026-09-15 19:18:00+00:00,43.148399353027344,43.15999984741211,43.095001220703125,43.1150016784668,80256
2026-09-15 19:19:00+00:00,43.1150016784668,43.150001525878906,43.08000183105469,43.084999084472656,82556
2026-09-15 19:20:00+00:00,43.084999084472656,43.10829925537109,43.02009963989258,43.02999877929688,127539
2026-09-15 19:21:00+00:00,43.025001525878906,43.0634994506836,43.01029968261719,43.02000045776367,80823
2026-09-15 19:22:00+00:00,43.02000045776367,43.08000183105469,43.0099983215332,43.070098876953125,92197
2026-09-15 19:23:00+00:00,43.07500076293945,43.15999984741211,43.04999923706055,43.09999847412109,150119
2026-09-15 19:24:00+00:00,43.09000015258789,43.09999847412109,43.040000915527344,43.060001373291016,117172
2026-09-15 19:25:00+00:00,43.060001373291016,43.07820129394531,43.02999877929688,43.06999969482422,173387
2026-09-15 19:26:00+00:00,43.060001373291016,43.06949996948242,43.01499938964844,43.01499938964844,59864
2026-09-15 19:27:00+00:00,43.01890182495117,43.02999877929688,43.01259994506836,43.01499938964844,52612
2026-09-15 19:28:00+00:00,43.015899658203125,43.02999877929688,42.97499847412109,42.97499847412109,48078
2026-09-15 19:29:00+00:00,42.97990036010742,43.0,42.92010116577149,42.95000076293945,142145
2026-09-15 19:30:00+00:00,42.94499969482422,43.025001525878906,42.910099029541016,42.97499847412109,151549
2026-09-15 19:31:00+00:00,42.97499847412109,43.02000045776367,42.97499847412109,42.9900016784668,87083
2026-09-15 19:32:00+00:00,42.9900016784668,43.0,42.92409896850586,42.93999862670898,95044
2026-09-15 19:33:00+00:00,42.94499969482422,42.994998931884766,42.91999816894531,42.959999084472656,213729
2026-09-15 19:34:00+00:00,42.97499847412109,42.97999954223633,42.93999862670898,42.95500183105469,145672
2026-09-15 19:35:00+00:00,42.95500183105469,42.95500183105469,42.91999816894531,42.935001373291016,157818
2026-09-15 19:36:00+00:00,42.935001373291016,42.959999084472656,42.92499923706055,42.959999084472656,286010
2026-09-15 19:37:00+00:00,42.96500015258789,42.96500015258789,42.90999984741211,42.92010116577149,117048
2026-09-15 19:38:00+00:00,42.92499923706055,42.9900016784668,42.915000915527344,42.9900016784668,131502
2026-09-15 19:39:00+00:00,42.994998931884766,43.01100158691406,42.96500015258789,43.0099983215332,127292
2026-09-15 19:40:00+00:00,43.0099983215332,43.025001525878906,42.994998931884766,43.0099983215332,150536
2026-09-15 19:41:00+00:00,43.005001068115234,43.0098991394043,42.92010116577149,42.93000030517578,146053
2026-09-15 19:42:00+00:00,42.935001373291016,42.935001373291016,42.90999984741211,42.92499923706055,81842
2026-09-15 19:43:00+00:00,42.92499923706055,42.95500183105469,42.915000915527344,42.94499969482422,200088
2026-09-15 19:44:00+00:00,42.94499969482422,42.96500015258789,42.93000030517578,42.93000030517578,88190
2026-09-15 19:45:00+00:00,42.92499923706055,42.95000076293945,42.90999984741211,42.935001373291016,170791
2026-09-15 19:46:00+00:00,42.935001373291016,42.93999862670898,42.900001525878906,42.915000915527344,185510
2026-09-15 19:47:00+00:00,42.91999816894531,42.95000076293945,42.90999984741211,42.93999862670898,156708
2026-09-15 19:48:00+00:00,42.93999862670898,42.95000076293945,42.92010116577149,42.95000076293945,147542
2026-09-15 19:49:00+00:00,42.94499969482422,42.959999084472656,42.92499923706055,42.94499969482422,172089
2026-09-15 19:50:00+00:00,42.94499969482422,42.970001220703125,42.91999816894531,42.96500015258789,144969
2026-09-15 19:51:00+00:00,42.96500015258789,42.98500061035156,42.95000076293945,42.96500015258789,256570
2026-09-15 19:52:00+00:00,42.96500015258789,42.9900016784668,42.959999084472656,42.96500015258789,207443
2026-09-15 19:53:00+00:00,42.96500015258789,43.02799987792969,42.959999084472656,43.01499938964844,257798
2026-09-15 19:54:00+00:00,43.01499938964844,43.02999877929688,43.0,43.0099983215332,157832
2026-09-15 19:55:00+00:00,43.01499938964844,43.03990173339844,43.005001068115234,43.025001525878906,365142
2026-09-15 19:56:00+00:00,43.025001525878906,43.06499862670898,43.02000045776367,43.05500030517578,275090
2026-09-15 19:57:00+00:00,43.05500030517578,43.095001220703125,43.05500030517578,43.095001220703125,179117
2026-09-15 19:58:00+00:00,43.095001220703125,43.11000061035156,43.08000183105469,43.084999084472656,383639
2026-09-15 19:59:00+00:00,43.09000015258789,43.11000061035156,43.05500030517578,43.09999847412109,864503
2026-09-16 13:30:00+00:00,42.83000183105469,42.86000061035156,42.79999923706055,42.80989837646485,3950247
2026-09-16 13:31:00+00:00,42.79999923706055,42.834999084472656,42.76110076904297,42.820098876953125,211113
2026-09-16 13:32:00+00:00,42.81999969482422,42.834999084472656,42.775001525878906,42.80849838256836,160731
2026-09-16 13:33:00+00:00,42.80120086669922,42.84000015258789,42.78499984741211,42.80500030517578,201472
2026-09-16 13:34:00+00:00,42.80500030517578,42.80989837646485,42.76499938964844,42.775001525878906,190611
2026-09-16 13:35:00+00:00,42.775001525878906,42.81999969482422,42.7599983215332,42.790000915527344,179277
2026-09-16 13:36:00+00:00,42.790000915527344,42.81890106201172,42.775001525878906,42.79010009765625,101100
2026-09-16 13:37:00+00:00,42.79999923706055,42.80500030517578,42.7599983215332,42.76499938964844,139010
2026-09-16 13:38:00+00:00,42.77000045776367,42.77000045776367,42.73500061035156,42.760101318359375,102468
2026-09-16 13:39:00+00:00,42.76499938964844,42.80500030517578,42.72999954223633,42.73500061035156,82601
2026-09-16 13:40:00+00:00,42.72999954223633,42.77999877929688,42.72999954223633,42.775001525878906,159567
2026-09-16 13:41:00+00:00,42.77999877929688,42.84000015258789,42.77999877929688,42.83000183105469,176498
2026-09-16 13:42:00+00:00,42.83000183105469,42.834999084472656,42.78499984741211,42.810001373291016,132676
2026-09-16 13:43:00+00:00,42.810001373291016,42.82500076293945,42.78210067749024,42.82500076293945,120155
2026-09-16 13:44:00+00:00,42.83000183105469,42.86000061035156,42.83000183105469,42.8380012512207,142740
2026-09-16 13:45:00+00:00,42.83000183105469,42.84000015258789,42.80500030517578,42.81230163574219,161963
2026-09-16 13:46:00+00:00,42.81499862670898,42.81499862670898,42.760101318359375,42.790000915527344,162505
2026-09-16 13:47:00+00:00,42.79499816894531,42.93999862670898,42.78499984741211,42.92499923706055,267348
2026-09-16 13:48:00+00:00,42.93000030517578,42.93000030517578,42.880001068115234,42.880001068115234,68287
2026-09-16 13:49:00+00:00,42.875,42.89799880981445,42.85499954223633,42.89500045776367,67251
2026-09-16 13:50:00+00:00,42.900001525878906,42.93999862670898,42.85979843139648,42.85979843139648,170325
2026-09-16 13:51:00+00:00,42.86000061035156,42.86800003051758,42.810001373291016,42.81999969482422,153603
2026-09-16 13:52:00+00:00,42.82500076293945,42.84999847412109,42.80500030517578,42.810001373291016,59225
2026-09-16 13:53:00+00:00,42.810001373291016,42.84999847412109,42.77999877929688,42.84989929199219,79767
2026-09-16 13:54:00+00:00,42.845001220703125,42.85499954223633,42.80459976196289,42.83000183105469,139390
2026-09-16 13:55:00+00:00,42.83000183105469,42.84989929199219,42.81990051269531,42.83819961547852,32009
2026-09-16 13:56:00+00:00,42.83000183105469,42.83000183105469,42.79499816894531,42.810001373291016,71102
2026-09-16 13:57:00+00:00,42.81499862670898,42.84000015258789,42.80500030517578,42.834999084472656,73945
2026-09-16 13:58:00+00:00,42.83000183105469,42.83990097045898,42.79499816894531,42.79499816894531,33288
2026-09-16 13:59:00+00:00,42.790000915527344,42.790000915527344,42.7422981262207,42.76319885253906,67446
2026-09-16 14:00:00+00:00,42.77000045776367,42.77000045776367,42.730098724365234,42.730098724365234,99923
2026-09-16 14:01:00+00:00,42.7400016784668,42.775001525878906,42.73500061035156,42.744998931884766,40554
2026-09-16 14:02:00+00:00,42.7400016784668,42.7400016784668,42.70000076293945,42.70000076293945,322731
2026-09-16 14:03:00+00:00,42.70000076293945,42.720001220703125,42.70000076293945,42.71500015258789,82127
2026-09-16 14:04:00+00:00,42.709999084472656,42.730098724365234,42.68999862670898,42.72499847412109,222006
2026-09-16 14:05:00+00:00,42.720001220703125,42.775001525878906,42.720001220703125,42.7599983215332,72273
2026-09-16 14:06:00+00:00,42.775001525878906,42.775001525878906,42.75,42.7599983215332,37572
2026-09-16 14:07:00+00:00,42.7599983215332,42.7599983215332,42.69160079956055,42.69499969482422,42277
2026-09-16 14:08:00+00:00,42.69499969482422,42.72999954223633,42.68000030517578,42.72999954223633,54415
2026-09-16 14:09:00+00:00,42.72999954223633,42.74990081787109,42.71500015258789,42.71500015258789,55221
2026-09-16 14:10:00+00:00,42.720001220703125,42.72499847412109,42.68000030517578,42.685001373291016,135947
2026-09-16 14:11:00+00:00,42.680301666259766,42.709999084472656,42.67499923706055,42.685001373291016,51948
2026-09-16 14:12:00+00:00,42.685001373291016,42.68999862670898,42.67010116577149,42.67499923706055,46336
2026-09-16 14:13:00+00:00,42.66999816894531,42.68000030517578,42.6349983215332,42.67499923706055,129871
2026-09-16 14:14:00+00:00,42.67499923706055,42.720001220703125,42.66999816894531,42.71490097045898,69922
2026-09-16 14:15:00+00:00,42.720001220703125,42.790000915527344,42.720001220703125,42.775001525878906,155197
2026-09-16 14:16:00+00:00,42.77000045776367,42.79999923706055,42.7598991394043,42.79499816894531,57896
2026-09-16 14:17:00+00:00,42.79999923706055,42.810001373291016,42.72999954223633,42.755001068115234,70326
2026-09-16 14:18:00+00:00,42.750099182128906,42.79499816894531,42.750099182128906,42.77999877929688,37951
2026-09-16 14:19:00+00:00,42.77000045776367,42.77000045776367,42.70009994506836,42.720001220703125,115491
2026-09-16 14:20:00+00:00,42.709999084472656,42.75,42.709999084472656,42.75,65570
2026-09-16 14:21:00+00:00,42.76499938964844,42.790000915527344,42.755001068115234,42.78310012817383,42104
2026-09-16 14:22:00+00:00,42.790000915527344,42.790000915527344,42.75,42.755001068115234,56442
2026-09-16 14:23:00+00:00,42.755001068115234,42.755001068115234,42.720001220703125,42.744998931884766,95592
2026-09-16 14:24:00+00:00,42.74359893798828,42.77000045776367,42.72999954223633,42.755001068115234,40940
2026-09-16 14:25:00+00:00,42.7588005065918,42.79499816894531,42.7588005065918,42.78229904174805,55043
2026-09-16 14:26:00+00:00,42.790000915527344,42.82500076293945,42.790000915527344,42.82500076293945,65500
2026-09-16 14:27:00+00:00,42.82500076293945,42.84999847412109,42.79999923706055,42.834999084472656,187143
2026-09-16 14:28:00+00:00,42.84999847412109,42.86989974975586,42.834999084472656,42.856201171875,96618
2026-09-16 14:29:00+00:00,42.85499954223633,42.87850189208984,42.845001220703125,42.875,146763
2026-09-16 14:30:00+00:00,42.875,42.875,42.83000183105469,42.84510040283203,74062
2026-09-16 14:31:00+00:00,42.84000015258789,42.84000015258789,42.790000915527344,42.79790115356445,99966
2026-09-16 14:32:00+00:00,42.795501708984375,42.795501708984375,42.75,42.7599983215332,74302
2026-09-16 14:33:00+00:00,42.77000045776367,42.83530044555664,42.77000045776367,42.81499862670898,80780
2026-09-16 14:34:00+00:00,42.80500030517578,42.84510040283203,42.80500030517578,42.80500030517578,55564
2026-09-16 14:35:00+00:00,42.80500030517578,42.84999847412109,42.79499816894531,42.80500030517578,37951
2026-09-16 14:36:00+00:00,42.810001373291016,42.834999084472656,42.77999877929688,42.77999877929688,85531
2026-09-16 14:37:00+00:00,42.77999877929688,42.79499816894531,42.775001525878906,42.790000915527344,56662
2026-09-16 14:38:00+00:00,42.790000915527344,42.810001373291016,42.78499984741211,42.79499816894531,61250
2026-09-16 14:39:00+00:00,42.79499816894531,42.79499816894531,42.755001068115234,42.755001068115234,42155
2026-09-16 14:40:00+00:00,42.75170135498047,42.77999877929688,42.75170135498047,42.77999877929688,33334
2026-09-16 14:41:00+00:00,42.790000915527344,42.79999923706055,42.78499984741211,42.79499816894531,40288
2026-09-16 14:42:00+00:00,42.790000915527344,42.81499862670898,42.775001525878906,42.810001373291016,120417
2026-09-16 14:43:00+00:00,42.80500030517578,42.83000183105469,42.78499984741211,42.83000183105469,39882
2026-09-16 14:44:00+00:00,42.83000183105469,42.845401763916016,42.81499862670898,42.834999084472656,76096
2026-09-16 14:45:00+00:00,42.83000183105469,42.83679962158203,42.79499816894531,42.81549835205078,59626
2026-09-16 14:46:00+00:00,42.81499862670898,42.81499862670898,42.77999877929688,42.77999877929688,36459
2026-09-16 14:47:00+00:00,42.775001525878906,42.79499816894531,42.775001525878906,42.77999877929688,49551
2026-09-16 14:48:00+00:00,42.775001525878906,42.775001525878906,42.70500183105469,42.73500061035156,118560
2026-09-16 14:49:00+00:00,42.73500061035156,42.755001068115234,42.70000076293945,42.72999954223633,107207
2026-09-16 14:50:00+00:00,42.720001220703125,42.77000045776367,42.71009826660156,42.72999954223633,107361
2026-09-16 14:51:00+00:00,42.72499847412109,42.72499847412109,42.665000915527344,42.685001373291016,109282
2026-09-16 14:52:00+00:00,42.68999862670898,42.73979949951172,42.685001373291016,42.73979949951172,43550
2026-09-16 14:53:00+00:00,42.73500061035156,42.7599983215332,42.73500061035156,42.75,59345
2026-09-16 14:54:00+00:00,42.75210189819336,42.7599983215332,42.73500061035156,42.744998931884766,26346
2026-09-16 14:55:00+00:00,42.75,42.75,42.720001220703125,42.7400016784668,53159
2026-09-16 14:56:00+00:00,42.73500061035156,42.77000045776367,42.72999954223633,42.76499938964844,40136
2026-09-16 14:57:00+00:00,42.7599983215332,42.7599983215332,42.732398986816406,42.732398986816406,48591
2026-09-16 14:58:00+00:00,42.73500061035156,42.75,42.73500061035156,42.744998931884766,31200
2026-09-16 14:59:00+00:00,42.75,42.79999923706055,42.75,42.790000915527344,91874
2026-09-16 15:00:00+00:00,42.79499816894531,42.81999969482422,42.79499816894531,42.81499862670898,83589
2026-09-16 15:01:00+00:00,42.81499862670898,42.84000015258789,42.81010055541992,42.83000183105469,66703
2026-09-16 15:02:00+00:00,42.81999969482422,42.834999084472656,42.79999923706055,42.79999923706055,95226
2026-09-16 15:03:00+00:00,42.79499816894531,42.80500030517578,42.7848014831543,42.80500030517578,39490
2026-09-16 15:04:00+00:00,42.80500030517578,42.827598571777344,42.790000915527344,42.80500030517578,64895
2026-09-16 15:05:00+00:00,42.80500030517578,42.845001220703125,42.7400016784668,42.7400016784668,187010
2026-09-16 15:06:00+00:00,42.7400016784668,42.75,42.71500015258789,42.72520065307617,112181
2026-09-16 15:07:00+00:00,42.72990036010742,42.84000015258789,42.709999084472656,42.79999923706055,209858
2026-09-16 15:08:00+00:00,42.79999923706055,42.79999923706055,42.71500015258789,42.72499847412109,360163
2026-09-16 15:09:00+00:00,42.72100067138672,42.82500076293945,42.72100067138672,42.82500076293945,165299
2026-09-16 15:10:00+00:00,42.82490158081055,42.84000015258789,42.81990051269531,42.834999084472656,37687
2026-09-16 15:11:00+00:00,42.84000015258789,42.85499954223633,42.81999969482422,42.81999969482422,50568
2026-09-16 15:12:00+00:00,42.81990051269531,42.83000183105469,42.79999923706055,42.79999923706055,31552
2026-09-16 15:13:00+00:00,42.79999923706055,42.84000015258789,42.790000915527344,42.84000015258789,126270
2026-09-16 15:14:00+00:00,42.84000015258789,42.84000015258789,42.83000183105469,42.834999084472656,15801
2026-09-16 15:15:00+00:00,42.834999084472656,42.84000015258789,42.78499984741211,42.80500030517578,72655
2026-09-16 15:16:00+00:00,42.80500030517578,42.81499862670898,42.77000045776367,42.77999877929688,80549
2026-09-16 15:17:00+00:00,42.77999877929688,42.79999923706055,42.7599983215332,42.79949951171875,62226
2026-09-16 15:18:00+00:00,42.79999923706055,42.80559921264648,42.77999877929688,42.790000915527344,29656
2026-09-16 15:19:00+00:00,42.775001525878906,42.83000183105469,42.775001525878906,42.79999923706055,71434
2026-09-16 15:20:00+00:00,42.79010009765625,42.81499862670898,42.78409957885742,42.80500030517578,26403
2026-09-16 15:21:00+00:00,42.80500030517578,42.845001220703125,42.79999923706055,42.845001220703125,27039
2026-09-16 15:22:00+00:00,42.86000061035156,42.869998931884766,42.845001220703125,42.85499954223633,110344
2026-09-16 15:23:00+00:00,42.85499954223633,42.869998931884766,42.831298828125,42.84000015258789,61581
2026-09-16 15:24:00+00:00,42.84999847412109,42.84999847412109,42.82149887084961,42.82989883422852,17689
2026-09-16 15:25:00+00:00,42.83000183105469,42.834999084472656,42.79999923706055,42.834999084472656,51673
2026-09-16 15:26:00+00:00,42.834999084472656,42.84989929199219,42.810001373291016,42.810001373291016,53557
2026-09-16 15:27:00+00:00,42.79999923706055,42.81990051269531,42.79999923706055,42.81990051269531,56089
2026-09-16 15:28:00+00:00,42.81499862670898,42.81499862670898,42.78499984741211,42.78499984741211,78573
2026-09-16 15:29:00+00:00,42.78499984741211,42.78990173339844,42.7599983215332,42.76499938964844,40204
2026-09-16 15:30:00+00:00,42.76499938964844,42.77000045776367,42.720001220703125,42.72999954223633,113847
2026-09-16 15:31:00+00:00,42.72499847412109,42.75239944458008,42.72010040283203,42.7400016784668,24078
2026-09-16 15:32:00+00:00,42.7400016784668,42.7400016784668,42.72499847412109,42.73500061035156,18876
2026-09-16 15:33:00+00:00,42.73500061035156,42.76599884033203,42.72499847412109,42.76250076293945,56354
2026-09-16 15:34:00+00:00,42.76499938964844,42.77999877929688,42.755001068115234,42.76499938964844,41606
2026-09-16 15:35:00+00:00,42.775001525878906,42.81999969482422,42.775001525878906,42.81999969482422,44212
2026-09-16 15:36:00+00:00,42.81999969482422,42.86000061035156,42.81499862670898,42.84000015258789,50926
2026-09-16 15:37:00+00:00,42.834999084472656,42.859901428222656,42.81499862670898,42.81499862670898,25719
2026-09-16 15:38:00+00:00,42.81999969482422,42.834999084472656,42.81100082397461,42.834999084472656,33199
2026-09-16 15:39:00+00:00,42.84000015258789,42.85499954223633,42.824501037597656,42.82500076293945,28663
2026-09-16 15:40:00+00:00,42.845001220703125,42.84999847412109,42.834999084472656,42.8468017578125,27035
2026-09-16 15:41:00+00:00,42.845001220703125,42.85499954223633,42.834999084472656,42.85499954223633,55634
2026-09-16 15:42:00+00:00,42.84999847412109,42.86000061035156,42.84000015258789,42.845001220703125,30231
2026-09-16 15:43:00+00:00,42.845001220703125,42.86000061035156,42.83000183105469,42.83760070800781,22371
2026-09-16 15:44:00+00:00,42.834999084472656,42.83769989013672,42.82099914550781,42.82099914550781,24374
2026-09-16 15:45:00+00:00,42.81999969482422,42.84999847412109,42.81499862670898,42.84999847412109,53589
2026-09-16 15:46:00+00:00,42.845001220703125,42.85499954223633,42.81499862670898,42.82500076293945,79916
2026-09-16 15:47:00+00:00,42.83000183105469,42.95500183105469,42.82500076293945,42.91999816894531,425455
2026-09-16 15:48:00+00:00,42.90999984741211,42.935001373291016,42.88999938964844,42.90999984741211,52768
2026-09-16 15:49:00+00:00,42.900001525878906,42.900001525878906,42.8650016784668,42.875,50395
2026-09-16 15:50:00+00:00,42.880001068115234,42.915000915527344,42.875,42.915000915527344,47106
2026-09-16 15:51:00+00:00,42.90999984741211,42.92499923706055,42.88999938964844,42.88999938964844,48492
2026-09-16 15:52:00+00:00,42.8849983215332,42.900001525878906,42.8849983215332,42.900001525878906,28384
2026-09-16 15:53:00+00:00,42.91999816894531,42.93000030517578,42.89500045776367,42.89500045776367,45656
2026-09-16 15:54:00+00:00,42.89590072631836,42.90999984741211,42.880001068115234,42.89469909667969,24239
2026-09-16 15:55:00+00:00,42.89500045776367,42.89500045776367,42.875,42.875,15703
2026-09-16 15:56:00+00:00,42.869998931884766,42.869998931884766,42.85490036010742,42.85499954223633,37394
2026-09-16 15:57:00+00:00,42.86000061035156,42.869998931884766,42.83000183105469,42.834999084472656,38036
2026-09-16 15:58:00+00:00,42.834999084472656,42.88010025024414,42.8218002319336,42.875,73132
2026-09-16 15:59:00+00:00,42.87350082397461,42.875,42.84999847412109,42.85010147094727,46755
2026-09-16 16:00:00+00:00,42.86000061035156,42.8650016784668,42.845001220703125,42.84989929199219,49939
2026-09-16 16:01:00+00:00,42.845001220703125,42.86000061035156,42.834999084472656,42.85860061645508,106649
2026-09-16 16:02:00+00:00,42.86000061035156,42.869998931884766,42.85449981689453,42.8650016784668,35532
2026-09-16 16:03:00+00:00,42.8650016784668,42.8650016784668,42.84339904785156,42.845001220703125,30569
2026-09-16 16:04:00+00:00,42.845001220703125,42.86000061035156,42.834999084472656,42.845001220703125,49667
2026-09-16 16:05:00+00:00,42.845001220703125,42.875,42.845001220703125,42.87009811401367,19055
2026-09-16 16:06:00+00:00,42.875,42.880001068115234,42.82500076293945,42.845001220703125,52533
2026-09-16 16:07:00+00:00,42.845001220703125,42.845001220703125,42.812801361083984,42.81499862670898,71011
2026-09-16 16:08:00+00:00,42.81129837036133,42.81129837036133,42.76459884643555,42.772499084472656,159220
2026-09-16 16:09:00+00:00,42.77000045776367,42.82500076293945,42.77000045776367,42.81460189819336,112424
2026-09-16 16:10:00+00:00,42.81999969482422,42.84999847412109,42.810001373291016,42.81209945678711,181406
2026-09-16 16:11:00+00:00,42.810001373291016,42.834999084472656,42.790000915527344,42.81999969482422,127011
2026-09-16 16:12:00+00:00,42.82460021972656,42.875,42.82460021972656,42.875,132615
2026-09-16 16:13:00+00:00,42.875,42.915000915527344,42.8650016784668,42.915000915527344,101502
2026-09-16 16:14:00+00:00,42.90999984741211,42.915000915527344,42.88399887084961,42.88399887084961,23161
2026-09-16 16:15:00+00:00,42.89640045166016,42.91859817504883,42.88999938964844,42.90499877929688,17257
2026-09-16 16:16:00+00:00,42.900001525878906,42.9099006652832,42.85499954223633,42.85499954223633,86126
2026-09-16 16:17:00+00:00,42.84999847412109,42.86000061035156,42.84000015258789,42.86000061035156,69406
2026-09-16 16:18:00+00:00,42.86000061035156,42.90999984741211,42.86000061035156,42.900001525878906,46802
2026-09-16 16:19:00+00:00,42.90499877929688,42.91999816894531,42.8849983215332,42.91999816894531,19505
2026-09-16 16:20:00+00:00,42.91999816894531,42.91999816894531,42.900001525878906,42.915000915527344,21542
2026-09-16 16:21:00+00:00,42.90999984741211,42.91680145263672,42.880001068115234,42.880001068115234,54835
2026-09-16 16:22:00+00:00,42.87990188598633,42.88999938964844,42.87409973144531,42.8849983215332,12515
2026-09-16 16:23:00+00:00,42.880001068115234,42.88999938964844,42.869998931884766,42.880001068115234,40845
2026-09-16 16:24:00+00:00,42.88790130615234,42.88990020751953,42.85499954223633,42.86000061035156,35184
2026-09-16 16:25:00+00:00,42.86000061035156,42.88470077514648,42.86000061035156,42.88470077514648,26704
2026-09-16 16:26:00+00:00,42.880001068115234,42.88010025024414,42.87020111083984,42.87020111083984,15137
2026-09-16 16:27:00+00:00,42.87699890136719,42.87699890136719,42.84999847412109,42.85499954223633,66284
2026-09-16 16:28:00+00:00,42.84999847412109,42.84999847412109,42.83000183105469,42.83000183105469,22640
2026-09-16 16:29:00+00:00,42.83000183105469,42.84999847412109,42.82500076293945,42.84999847412109,107766
2026-09-16 16:30:00+00:00,42.86000061035156,42.88999938964844,42.85900115966797,42.86899948120117,23807
2026-09-16 16:31:00+00:00,42.875099182128906,42.875099182128906,42.845001220703125,42.84999847412109,21670
2026-09-16 16:32:00+00:00,42.84999847412109,42.85499954223633,42.82500076293945,42.85499954223633,121953
2026-09-16 16:33:00+00:00,42.85499954223633,42.85499954223633,42.81499862670898,42.81999969482422,97868
2026-09-16 16:34:00+00:00,42.81499862670898,42.84000015258789,42.81069946289063,42.834999084472656,29324
2026-09-16 16:35:00+00:00,42.834999084472656,42.85499954223633,42.834999084472656,42.84999847412109,13379
2026-09-16 16:36:00+00:00,42.84389877319336,42.8650016784668,42.83000183105469,42.831199645996094,42927
2026-09-16 16:37:00+00:00,42.83000183105469,42.834999084472656,42.82500076293945,42.83000183105469,41959
2026-09-16 16:38:00+00:00,42.83000183105469,42.84999847412109,42.83000183105469,42.84999847412109,17571
2026-09-16 16:39:00+00:00,42.845001220703125,42.845001220703125,42.83000183105469,42.83000183105469,41606
2026-09-16 16:40:00+00:00,42.82500076293945,42.82500076293945,42.79999923706055,42.80500030517578,48707
2026-09-16 16:41:00+00:00,42.80440139770508,42.82989883422852,42.79240036010742,42.82989883422852,48470
2026-09-16 16:42:00+00:00,42.82500076293945,42.8297004699707,42.79499816894531,42.79999923706055,80623
2026-09-16 16:43:00+00:00,42.79999923706055,42.810001373291016,42.790000915527344,42.79499816894531,45797
2026-09-16 16:44:00+00:00,42.79899978637695,42.80500030517578,42.790000915527344,42.79499816894531,10009
2026-09-16 16:45:00+00:00,42.79499816894531,42.834999084472656,42.79499816894531,42.82500076293945,107279
2026-09-16 16:46:00+00:00,42.83000183105469,42.84999847412109,42.81999969482422,42.84999847412109,26188
2026-09-16 16:47:00+00:00,42.84000015258789,42.87990188598633,42.84000015258789,42.875,18349
2026-09-16 16:48:00+00:00,42.880001068115234,42.8849983215332,42.845001220703125,42.845001220703125,53477
2026-09-16 16:49:00+00:00,42.84000015258789,42.846900939941406,42.83000183105469,42.834999084472656,17763
2026-09-16 16:50:00+00:00,42.834999084472656,42.84000015258789,42.82500076293945,42.82500076293945,19022
2026-09-16 16:51:00+00:00,42.82500076293945,42.84000015258789,42.82500076293945,42.834999084472656,54897
2026-09-16 16:52:00+00:00,42.834999084472656,42.875,42.834999084472656,42.85499954223633,31856
2026-09-16 16:53:00+00:00,42.86000061035156,42.86989974975586,42.85010147094727,42.86000061035156,50471
2026-09-16 16:54:00+00:00,42.86000061035156,42.8650016784668,42.84000015258789,42.862300872802734,18790
2026-09-16 16:55:00+00:00,42.8650016784668,42.875,42.85499954223633,42.875,39343
2026-09-16 16:56:00+00:00,42.869998931884766,42.87580108642578,42.845001220703125,42.845001220703125,38173
2026-09-16 16:57:00+00:00,42.845001220703125,42.85240173339844,42.845001220703125,42.845001220703125,17280
2026-09-16 16:58:00+00:00,42.845001220703125,42.84640121459961,42.834999084472656,42.845001220703125,22856
2026-09-16 16:59:00+00:00,42.84769821166992,42.8650016784668,42.834999084472656,42.834999084472656,49597
2026-09-16 17:00:00+00:00,42.834999084472656,42.84000015258789,42.83000183105469,42.84000015258789,46218
2026-09-16 17:01:00+00:00,42.82500076293945,42.83000183105469,42.810001373291016,42.83000183105469,45533
2026-09-16 17:02:00+00:00,42.81999969482422,42.84000015258789,42.81999969482422,42.83000183105469,36252
2026-09-16 17:03:00+00:00,42.83000183105469,42.84000015258789,42.82500076293945,42.834999084472656,12215
2026-09-16 17:04:00+00:00,42.84000015258789,42.86000061035156,42.834999084472656,42.85499954223633,51284
2026-09-16 17:05:00+00:00,42.85499954223633,42.86000061035156,42.810001373291016,42.82500076293945,70107
2026-09-16 17:06:00+00:00,42.82500076293945,42.82500076293945,42.81499862670898,42.82500076293945,35150
2026-09-16 17:07:00+00:00,42.82500076293945,42.8385009765625,42.81499862670898,42.81499862670898,32753
2026-09-16 17:08:00+00:00,42.81499862670898,42.82559967041016,42.790000915527344,42.79499816894531,64616
2026-09-16 17:09:00+00:00,42.79499816894531,42.79999923706055,42.790000915527344,42.79010009765625,25167
2026-09-16 17:10:00+00:00,42.79499816894531,42.810001373291016,42.78499984741211,42.80500030517578,45547
2026-09-16 17:11:00+00:00,42.79999923706055,42.81499862670898,42.79499816894531,42.79999923706055,48237
2026-09-16 17:12:00+00:00,42.79499816894531,42.81999969482422,42.790000915527344,42.80500030517578,21031
2026-09-16 17:13:00+00:00,42.80500030517578,42.810001373291016,42.79499816894531,42.79499816894531,21726
2026-09-16 17:14:00+00:00,42.79499816894531,42.82500076293945,42.79499816894531,42.81999969482422,61565
2026-09-16 17:15:00+00:00,42.81499862670898,42.834999084472656,42.81499862670898,42.82500076293945,39074
2026-09-16 17:16:00+00:00,42.82500076293945,42.84999847412109,42.81499862670898,42.84999847412109,38599
2026-09-16 17:17:00+00:00,42.8650016784668,42.875,42.845001220703125,42.86000061035156,78720
2026-09-16 17:18:00+00:00,42.84999847412109,42.84999847412109,42.82500076293945,42.82500076293945,25188
2026-09-16 17:19:00+00:00,42.81999969482422,42.8301010131836,42.810001373291016,42.8301010131836,33152
2026-09-16 17:20:00+00:00,42.834999084472656,42.84000015258789,42.81499862670898,42.82500076293945,9003
2026-09-16 17:21:00+00:00,42.81999969482422,42.83000183105469,42.790000915527344,42.790000915527344,136764
2026-09-16 17:22:00+00:00,42.790000915527344,42.79999923706055,42.76240158081055,42.790000915527344,210106
2026-09-16 17:23:00+00:00,42.77999877929688,42.817501068115234,42.775001525878906,42.817501068115234,71105
2026-09-16 17:24:00+00:00,42.81499862670898,42.81499862670898,42.79999923706055,42.810001373291016,24347
2026-09-16 17:25:00+00:00,42.810001373291016,42.84999847412109,42.80500030517578,42.845001220703125,18630
2026-09-16 17:26:00+00:00,42.84000015258789,42.84999847412109,42.834999084472656,42.84000015258789,29078
2026-09-16 17:27:00+00:00,42.8301010131836,42.84000015258789,42.82360076904297,42.82360076904297,20042
2026-09-16 17:28:00+00:00,42.82500076293945,42.834999084472656,42.810001373291016,42.81499862670898,15624
2026-09-16 17:29:00+00:00,42.81499862670898,42.81999969482422,42.80500030517578,42.81999969482422,62877
2026-09-16 17:30:00+00:00,42.81499862670898,42.83000183105469,42.80500030517578,42.81499862670898,29813
2026-09-16 17:31:00+00:00,42.810001373291016,42.810001373291016,42.790000915527344,42.810001373291016,48016
2026-09-16 17:32:00+00:00,42.81999969482422,42.83000183105469,42.81999969482422,42.82500076293945,18925
2026-09-16 17:33:00+00:00,42.83000183105469,42.834999084472656,42.79999923706055,42.80500030517578,22658
2026-09-16 17:34:00+00:00,42.79999923706055,42.79999923706055,42.77000045776367,42.77000045776367,19777
2026-09-16 17:35:00+00:00,42.769901275634766,42.77000045776367,42.69010162353516,42.72100067138672,148569
2026-09-16 17:36:00+00:00,42.72499847412109,42.7593994140625,42.71500015258789,42.72999954223633,49843
2026-09-16 17:37:00+00:00,42.720001220703125,42.73500061035156,42.65879821777344,42.698001861572266,111759
2026-09-16 17:38:00+00:00,42.68999862670898,42.70000076293945,42.66999816894531,42.68999862670898,62171
2026-09-16 17:39:00+00:00,42.68999862670898,42.68999862670898,42.665000915527344,42.67499923706055,48119
2026-09-16 17:40:00+00:00,42.65999984741211,42.720001220703125,42.65999984741211,42.7150993347168,41660
2026-09-16 17:41:00+00:00,42.7130012512207,42.72499847412109,42.70009994506836,42.70980072021485,44033
2026-09-16 17:42:00+00:00,42.70500183105469,42.70500183105469,42.63819885253906,42.63819885253906,56101
2026-09-16 17:43:00+00:00,42.6349983215332,42.650001525878906,42.630001068115234,42.6349983215332,61922
2026-09-16 17:44:00+00:00,42.63999938964844,42.67499923706055,42.63999938964844,42.67499923706055,47988
2026-09-16 17:45:00+00:00,42.67499923706055,42.720001220703125,42.67499923706055,42.685001373291016,58852
2026-09-16 17:46:00+00:00,42.685001373291016,42.68999862670898,42.65399932861328,42.66999816894531,48925
2026-09-16 17:47:00+00:00,42.66320037841797,42.67020034790039,42.63999938964844,42.67020034790039,33276
2026-09-16 17:48:00+00:00,42.670501708984375,42.68000030517578,42.64500045776367,42.64500045776367,56126
2026-09-16 17:49:00+00:00,42.6349983215332,42.63999938964844,42.61000061035156,42.61000061035156,50680
2026-09-16 17:50:00+00:00,42.619998931884766,42.65999984741211,42.6150016784668,42.630001068115234,72919
2026-09-16 17:51:00+00:00,42.62799835205078,42.650001525878906,42.619998931884766,42.650001525878906,52577
2026-09-16 17:52:00+00:00,42.655799865722656,42.65999984741211,42.63999938964844,42.65499877929688,60403
2026-09-16 17:53:00+00:00,42.65499877929688,42.67649841308594,42.650299072265625,42.67499923706055,18644
2026-09-16 17:54:00+00:00,42.66999816894531,42.730201721191406,42.66999816894531,42.69010162353516,53526
2026-09-16 17:55:00+00:00,42.69499969482422,42.72800064086914,42.68999862670898,42.71009826660156,50672
2026-09-16 17:56:00+00:00,42.709999084472656,42.7400016784668,42.70000076293945,42.7400016784668,27631
2026-09-16 17:57:00+00:00,42.72999954223633,42.77510070800781,42.72999954223633,42.76900100708008,43919
2026-09-16 17:58:00+00:00,42.76499938964844,42.92499923706055,42.76499938964844,42.8650016784668,152207
2026-09-16 17:59:00+00:00,42.869998931884766,42.900001525878906,42.790000915527344,42.790000915527344,236165
2026-09-16 18:00:00+00:00,42.77999877929688,42.9900016784668,42.63999938964844,42.72999954223633,1087547
2026-09-16 18:01:00+00:00,42.74869918823242,42.77000045776367,42.619998931884766,42.630001068115234,393077
2026-09-16 18:02:00+00:00,42.63999938964844,42.79999923706055,42.58000183105469,42.7599983215332,194795
2026-09-16 18:03:00+00:00,42.7599983215332,42.90999984741211,42.72980117797852,42.84999847412109,229447
2026-09-16 18:04:00+00:00,42.84000015258789,42.92990112304688,42.81999969482422,42.87990188598633,236920
2026-09-16 18:05:00+00:00,42.8931999206543,43.09999847412109,42.8931999206543,43.04010009765625,315392
2026-09-16 18:06:00+00:00,43.03499984741211,43.165000915527344,43.03499984741211,43.11000061035156,273725
2026-09-16 18:07:00+00:00,43.11989974975586,43.2599983215332,43.06999969482422,43.20000076293945,487423
2026-09-16 18:08:00+00:00,43.20249938964844,43.310001373291016,43.18999862670898,43.20500183105469,442438
2026-09-16 18:09:00+00:00,43.220001220703125,43.23500061035156,43.084999084472656,43.11000061035156,218980
2026-09-16 18:10:00+00:00,43.11000061035156,43.16999816894531,43.033599853515625,43.050201416015625,195529
2026-09-16 18:11:00+00:00,43.06499862670898,43.08000183105469,42.9900016784668,43.019901275634766,160072
2026-09-16 18:12:00+00:00,43.01499938964844,43.02999877929688,42.96500015258789,42.96989822387695,158686
2026-09-16 18:13:00+00:00,42.970001220703125,43.02000045776367,42.90499877929688,42.95000076293945,148427
2026-09-16 18:14:00+00:00,42.93999862670898,42.95500183105469,42.810001373291016,42.84000015258789,205292
2026-09-16 18:15:00+00:00,42.84999847412109,42.92499923706055,42.84000015258789,42.88999938964844,119611
2026-09-16 18:16:00+00:00,42.880001068115234,42.919898986816406,42.85499954223633,42.8650016784668,68658
2026-09-16 18:17:00+00:00,42.869998931884766,42.915000915527344,42.869998931884766,42.900001525878906,64949
2026-09-16 18:18:00+00:00,42.900001525878906,42.95000076293945,42.845001220703125,42.8849983215332,150561
2026-09-16 18:19:00+00:00,42.8849983215332,42.994998931884766,42.875,42.95000076293945,203123
2026-09-16 18:20:00+00:00,42.94499969482422,42.97999954223633,42.88999938964844,42.97800064086914,69544
2026-09-16 18:21:00+00:00,42.97499847412109,43.025001525878906,42.95500183105469,42.97019958496094,197728
2026-09-16 18:22:00+00:00,42.97679901123047,43.04499816894531,42.959999084472656,43.00979995727539,98284
2026-09-16 18:23:00+00:00,43.005001068115234,43.025001525878906,42.935001373291016,43.01499938964844,123931
2026-09-16 18:24:00+00:00,43.01499938964844,43.02000045776367,42.915000915527344,42.92499923706055,111679
2026-09-16 18:25:00+00:00,42.93999862670898,42.94499969482422,42.89500045776367,42.89699935913086,61648
2026-09-16 18:26:00+00:00,42.90999984741211,42.94499969482422,42.900001525878906,42.93999862670898,72011
2026-09-16 18:27:00+00:00,42.93999862670898,42.95000076293945,42.84980010986328,42.84980010986328,87373
2026-09-16 18:28:00+00:00,42.845001220703125,42.86000061035156,42.77999877929688,42.85979843139648,175235
2026-09-16 18:29:00+00:00,42.86000061035156,42.9900016784668,42.86000061035156,42.97999954223633,385904
2026-09-16 18:30:00+00:00,42.97999954223633,42.97999954223633,42.87379837036133,42.90499877929688,89982
2026-09-16 18:31:00+00:00,42.88999938964844,42.89020156860352,42.81499862670898,42.84999847412109,86303
2026-09-16 18:32:00+00:00,42.84999847412109,42.85110092163086,42.73500061035156,42.79029846191406,351588
2026-09-16 18:33:00+00:00,42.77999877929688,42.81999969482422,42.709999084472656,42.7400016784668,321820
2026-09-16 18:34:00+00:00,42.73500061035156,42.78499984741211,42.709999084472656,42.7400016784668,83436
2026-09-16 18:35:00+00:00,42.7400016784668,42.7400016784668,42.53010177612305,42.53499984741211,511974
2026-09-16 18:36:00+00:00,42.560001373291016,42.60499954223633,42.43000030517578,42.459999084472656,455968
2026-09-16 18:37:00+00:00,42.459999084472656,42.619998931884766,42.43000030517578,42.619998931884766,349012
2026-09-16 18:38:00+00:00,42.619998931884766,42.84000015258789,42.619998931884766,42.810001373291016,804345
2026-09-16 18:39:00+00:00,42.810001373291016,42.91999816894531,42.810001373291016,42.8568000793457,239566
2026-09-16 18:40:00+00:00,42.84999847412109,42.91999816894531,42.83000183105469,42.91419982910156,121643
2026-09-16 18:41:00+00:00,42.91419982910156,42.970001220703125,42.85499954223633,42.95000076293945,347127
2026-09-16 18:42:00+00:00,42.94499969482422,43.150001525878906,42.94499969482422,43.13999938964844,418201
2026-09-16 18:43:00+00:00,43.14500045776367,43.15999984741211,43.060001373291016,43.09999847412109,148911
2026-09-16 18:44:00+00:00,43.11000061035156,43.110198974609375,42.95000076293945,42.95500183105469,119182
2026-09-16 18:45:00+00:00,42.95000076293945,43.02999877929688,42.935001373291016,42.9900016784668,117827
2026-09-16 18:46:00+00:00,42.9900016784668,42.9900016784668,42.94990158081055,42.95000076293945,61838
2026-09-16 18:47:00+00:00,42.94499969482422,42.95500183105469,42.88869857788086,42.900001525878906,89769
2026-09-16 18:48:00+00:00,42.900001525878906,42.935001373291016,42.88980102539063,42.90499877929688,59208
2026-09-16 18:49:00+00:00,42.93000030517578,42.95000076293945,42.91680145263672,42.92499923706055,65543
2026-09-16 18:50:00+00:00,42.929500579833984,42.929500579833984,42.830299377441406,42.834999084472656,74227
2026-09-16 18:51:00+00:00,42.83000183105469,42.90499877929688,42.79499816894531,42.90499877929688,118505
2026-09-16 18:52:00+00:00,42.90999984741211,42.90999984741211,42.769798278808594,42.77999877929688,103350
2026-09-16 18:53:00+00:00,42.76169967651367,42.79999923706055,42.720001220703125,42.72140121459961,125894
2026-09-16 18:54:00+00:00,42.72999954223633,42.775001525878906,42.709999084472656,42.709999084472656,142944
2026-09-16 18:55:00+00:00,42.709999084472656,42.7598991394043,42.66999816894531,42.720001220703125,111425
2026-09-16 18:56:00+00:00,42.709999084472656,42.74020004272461,42.67499923706055,42.72999954223633,75296
2026-09-16 18:57:00+00:00,42.71500015258789,42.72499847412109,42.65999984741211,42.70059967041016,258967
2026-09-16 18:58:00+00:00,42.68999862670898,42.775001525878906,42.685001373291016,42.76499938964844,231140
2026-09-16 18:59:00+00:00,42.775001525878906,42.810001373291016,42.7400016784668,42.75,107438
2026-09-16 19:00:00+00:00,42.7599983215332,42.94499969482422,42.7599983215332,42.93999862670898,433284
2026-09-16 19:01:00+00:00,42.98740005493164,43.019901275634766,42.93989944458008,42.96020126342773,191981
2026-09-16 19:02:00+00:00,42.95709991455078,42.9900016784668,42.92499923706055,42.96500015258789,174793
2026-09-16 19:03:00+00:00,42.970001220703125,43.04999923706055,42.959999084472656,43.03499984741211,150764
2026-09-16 19:04:00+00:00,43.03499984741211,43.06999969482422,42.98500061035156,42.9900016784668,161481
2026-09-16 19:05:00+00:00,42.97499847412109,43.00019836425781,42.93980026245117,42.970001220703125,34567
2026-09-16 19:06:00+00:00,42.970001220703125,43.0099983215332,42.96979904174805,42.9901008605957,116526
2026-09-16 19:07:00+00:00,42.9900016784668,43.0099983215332,42.91999816894531,42.97499847412109,178306
2026-09-16 19:08:00+00:00,42.970001220703125,43.005001068115234,42.93999862670898,42.959999084472656,97488
2026-09-16 19:09:00+00:00,42.95500183105469,42.95500183105469,42.900001525878906,42.92499923706055,150949
2026-09-16 19:10:00+00:00,42.91999816894531,42.91999816894531,42.83359909057617,42.84000015258789,114915
2026-09-16 19:11:00+00:00,42.8401985168457,42.875,42.81999969482422,42.8650016784668,158353
2026-09-16 19:12:00+00:00,42.869998931884766,42.88999938964844,42.84000015258789,42.845001220703125,120614
2026-09-16 19:13:00+00:00,42.851898193359375,42.851898193359375,42.80500030517578,42.846099853515625,50703
2026-09-16 19:14:00+00:00,42.84000015258789,42.93000030517578,42.84000015258789,42.92499923706055,257550
2026-09-16 19:15:00+00:00,42.93999862670898,42.97999954223633,42.875,42.92499923706055,172484
2026-09-16 19:16:00+00:00,42.92499923706055,42.92499923706055,42.86000061035156,42.87009811401367,132962
2026-09-16 19:17:00+00:00,42.869998931884766,42.875,42.834999084472656,42.834999084472656,95596
2026-09-16 19:18:00+00:00,42.83060073852539,42.880001068115234,42.80500030517578,42.80870056152344,149891
2026-09-16 19:19:00+00:00,42.80500030517578,42.83160018920898,42.72499847412109,42.77999877929688,143454
2026-09-16 19:20:00+00:00,42.79010009765625,42.810001373291016,42.7401008605957,42.75,122095
2026-09-16 19:21:00+00:00,42.7400016784668,42.75,42.70500183105469,42.71500015258789,250842
2026-09-16 19:22:00+00:00,42.720001220703125,42.75,42.68000030517578,42.68000030517578,409456
2026-09-16 19:23:00+00:00,42.67499923706055,42.70539855957031,42.6505012512207,42.66400146484375,206715
2026-09-16 19:24:00+00:00,42.665000915527344,42.665000915527344,42.619998931884766,42.63190078735352,114341
2026-09-16 19:25:00+00:00,42.63999938964844,42.68000030517578,42.58000183105469,42.58000183105469,332984
2026-09-16 19:26:00+00:00,42.57500076293945,42.59030151367188,42.539798736572266,42.54019927978516,427087
2026-09-16 19:27:00+00:00,42.540000915527344,42.66999816894531,42.52999877929688,42.665000915527344,668100
2026-09-16 19:28:00+00:00,42.65999984741211,42.66999816894531,42.60049819946289,42.6150016784668,483991
2026-09-16 19:29:00+00:00,42.6150016784668,42.720001220703125,42.6150016784668,42.71500015258789,98322
2026-09-16 19:30:00+00:00,42.709999084472656,42.71910095214844,42.665000915527344,42.68000030517578,537821
2026-09-16 19:31:00+00:00,42.66999816894531,42.70500183105469,42.650001525878906,42.69499969482422,81536
2026-09-16 19:32:00+00:00,42.69499969482422,42.77000045776367,42.69499969482422,42.7599983215332,115465
2026-09-16 19:33:00+00:00,42.77000045776367,42.78099822998047,42.72499847412109,42.7599983215332,117586
2026-09-16 19:34:00+00:00,42.76499938964844,42.86000061035156,42.7599983215332,42.86000061035156,242278
2026-09-16 19:35:00+00:00,42.845001220703125,42.8849983215332,42.834999084472656,42.85499954223633,98423
2026-09-16 19:36:00+00:00,42.85499954223633,42.85499954223633,42.76499938964844,42.77999877929688,170249
2026-09-16 19:37:00+00:00,42.78010177612305,42.834999084472656,42.75,42.834999084472656,380053
2026-09-16 19:38:00+00:00,42.834999084472656,42.880001068115234,42.81010055541992,42.845001220703125,87037
2026-09-16 19:39:00+00:00,42.84999847412109,42.875,42.84980010986328,42.8650016784668,42331
2026-09-16 19:40:00+00:00,42.869998931884766,42.869998931884766,42.845001220703125,42.8650016784668,116198
2026-09-16 19:41:00+00:00,42.86989974975586,42.90999984741211,42.86000061035156,42.87020111083984,114029
2026-09-16 19:42:00+00:00,42.875,42.93000030517578,42.8400993347168,42.89500045776367,340566
2026-09-16 19:43:00+00:00,42.900001525878906,42.970001220703125,42.900001525878906,42.96500015258789,281355
2026-09-16 19:44:00+00:00,42.959999084472656,42.97499847412109,42.935001373291016,42.959999084472656,133820
2026-09-16 19:45:00+00:00,42.95869827270508,43.04499816894531,42.95869827270508,43.02000045776367,101578
2026-09-16 19:46:00+00:00,43.01499938964844,43.040000915527344,43.0,43.02000045776367,106968
2026-09-16 19:47:00+00:00,43.025001525878906,43.040000915527344,43.02000045776367,43.03499984741211,103895
2026-09-16 19:48:00+00:00,43.03020095825195,43.060001373291016,43.025001525878906,43.0432014465332,126920
2026-09-16 19:49:00+00:00,43.040000915527344,43.04499816894531,43.00680160522461,43.00680160522461,66380
2026-09-16 19:50:00+00:00,43.0099983215332,43.06499862670898,43.0099983215332,43.040000915527344,219097
2026-09-16 19:51:00+00:00,43.040000915527344,43.040000915527344,43.0,43.0099983215332,170482
2026-09-16 19:52:00+00:00,43.005001068115234,43.02999877929688,42.9900016784668,43.01390075683594,95828
2026-09-16 19:53:00+00:00,43.01499938964844,43.02000045776367,42.9901008605957,43.0099983215332,107150
2026-09-16 19:54:00+00:00,43.005001068115234,43.02999877929688,43.0,43.025001525878906,109939
2026-09-16 19:55:00+00:00,43.025001525878906,43.03499984741211,43.0,43.025001525878906,213149
2026-09-16 19:56:00+00:00,43.02050018310547,43.03499984741211,43.02000045776367,43.025001525878906,101251
2026-09-16 19:57:00+00:00,43.025001525878906,43.02999877929688,43.005001068115234,43.01499938964844,175466
2026-09-16 19:58:00+00:00,43.01499938964844,43.04499816894531,43.005001068115234,43.03499984741211,199256
2026-09-16 19:59:00+00:00,43.03129959106445,43.040000915527344,43.02009963989258,43.02999877929688,336056
2026-09-17 13:30:00+00:00,43.23500061035156,43.290000915527344,43.220001220703125,43.290000915527344,5481971
2026-09-17 13:31:00+00:00,43.29880142211914,43.310001373291016,43.22499847412109,43.22999954223633,201621
2026-09-17 13:32:00+00:00,43.23500061035156,43.2400016784668,43.15999984741211,43.185001373291016,234663
2026-09-17 13:33:00+00:00,43.16999816894531,43.1702995300293,43.130001068115234,43.162200927734375,281973
2026-09-17 13:34:00+00:00,43.16740036010742,43.18999862670898,43.1349983215332,43.16949844360352,134967
2026-09-17 13:35:00+00:00,43.165000915527344,43.18000030517578,43.08000183105469,43.08000183105469,300799
2026-09-17 13:36:00+00:00,43.08000183105469,43.125,43.06999969482422,43.08000183105469,158996
2026-09-17 13:37:00+00:00,43.06999969482422,43.10010147094727,43.03499984741211,43.040000915527344,153996
2026-09-17 13:38:00+00:00,43.040000915527344,43.060001373291016,42.970001220703125,43.0,288215
2026-09-17 13:39:00+00:00,42.9900016784668,43.0,42.95500183105469,42.970001220703125,270404
2026-09-17 13:40:00+00:00,42.970001220703125,43.007999420166016,42.96500015258789,42.994998931884766,259050
2026-09-17 13:41:00+00:00,42.994998931884766,43.04499816894531,42.994998931884766,43.04019927978516,224940
2026-09-17 13:42:00+00:00,43.040000915527344,43.08000183105469,43.02349853515625,43.06010055541992,222882
2026-09-17 13:43:00+00:00,43.06499862670898,43.06990051269531,43.02000045776367,43.02999877929688,126223
2026-09-17 13:44:00+00:00,43.02999877929688,43.05500030517578,43.0099983215332,43.040000915527344,182013
2026-09-17 13:45:00+00:00,43.040000915527344,43.040000915527344,43.0,43.0,219359
2026-09-17 13:46:00+00:00,42.994998931884766,43.084999084472656,42.970001220703125,43.0801010131836,194531
2026-09-17 13:47:00+00:00,43.08000183105469,43.15999984741211,43.07799911499024,43.150001525878906,348141
2026-09-17 13:48:00+00:00,43.15499877929688,43.185001373291016,43.12009811401367,43.15999984741211,166352
2026-09-17 13:49:00+00:00,43.165000915527344,43.21500015258789,43.150001525878906,43.169898986816406,105439
2026-09-17 13:50:00+00:00,43.16999816894531,43.22999954223633,43.16999816894531,43.20000076293945,175173
2026-09-17 13:51:00+00:00,43.20000076293945,43.209999084472656,43.165000915527344,43.209999084472656,62506
2026-09-17 13:52:00+00:00,43.20000076293945,43.25,43.19499969482422,43.2401008605957,118285
2026-09-17 13:53:00+00:00,43.255001068115234,43.34999847412109,43.255001068115234,43.29999923706055,304329
2026-09-17 13:54:00+00:00,43.29679870605469,43.310001373291016,43.25139999389648,43.255001068115234,185677
2026-09-17 13:55:00+00:00,43.255001068115234,43.30989837646485,43.25,43.29999923706055,61692
2026-09-17 13:56:00+00:00,43.290000915527344,43.35499954223633,43.28499984741211,43.34989929199219,76650
2026-09-17 13:57:00+00:00,43.34000015258789,43.345001220703125,43.31999969482422,43.345001220703125,52579
2026-09-17 13:58:00+00:00,43.34999847412109,43.34999847412109,43.29999923706055,43.32500076293945,59029
2026-09-17 13:59:00+00:00,43.31999969482422,43.380001068115234,43.310001373291016,43.375,72446
2026-09-17 14:00:00+00:00,43.380001068115234,43.435001373291016,43.334999084472656,43.34600067138672,232311
2026-09-17 14:01:00+00:00,43.34000015258789,43.345001220703125,43.28499984741211,43.310001373291016,152523
2026-09-17 14:02:00+00:00,43.31999969482422,43.31999969482422,43.25,43.26499938964844,58165
2026-09-17 14:03:00+00:00,43.27000045776367,43.28499984741211,43.22999954223633,43.2760009765625,80605
2026-09-17 14:04:00+00:00,43.27000045776367,43.27000045776367,43.185001373291016,43.209999084472656,70593
2026-09-17 14:05:00+00:00,43.20500183105469,43.26499938964844,43.18999862670898,43.240501403808594,59987
2026-09-17 14:06:00+00:00,43.27000045776367,43.27999877929688,43.244998931884766,43.26499938964844,67354
2026-09-17 14:07:00+00:00,43.26499938964844,43.26499938964844,43.22999954223633,43.22999954223633,54385
2026-09-17 14:08:00+00:00,43.220001220703125,43.29999923706055,43.21500015258789,43.29499816894531,137337
2026-09-17 14:09:00+00:00,43.29869842529297,43.369998931884766,43.290000915527344,43.35419845581055,71409
2026-09-17 14:10:00+00:00,43.34510040283203,43.40499877929688,43.345001220703125,43.40499877929688,27143
2026-09-17 14:11:00+00:00,43.40499877929688,43.41999816894531,43.38980102539063,43.415000915527344,46631
2026-09-17 14:12:00+00:00,43.41249847412109,43.47999954223633,43.40999984741211,43.47639846801758,175286
2026-09-17 14:13:00+00:00,43.47499847412109,43.48500061035156,43.415000915527344,43.43999862670898,137963
2026-09-17 14:14:00+00:00,43.45000076293945,43.54499816894531,43.45000076293945,43.52999877929688,189723
2026-09-17 14:15:00+00:00,43.52009963989258,43.52009963989258,43.46500015258789,43.47719955444336,112433
2026-09-17 14:16:00+00:00,43.470001220703125,43.47999954223633,43.43000030517578,43.43949890136719,51558
2026-09-17 14:17:00+00:00,43.43000030517578,43.44499969482422,43.39500045776367,43.39500045776367,48709
2026-09-17 14:18:00+00:00,43.39500045776367,43.4099006652832,43.3849983215332,43.38859939575195,68290
2026-09-17 14:19:00+00:00,43.39500045776367,43.40999984741211,43.375,43.40879821777344,36438
2026-09-17 14:20:00+00:00,43.40589904785156,43.43600082397461,43.40499877929688,43.415000915527344,35096
2026-09-17 14:21:00+00:00,43.41910171508789,43.5099983215332,43.41049957275391,43.494998931884766,93434
2026-09-17 14:22:00+00:00,43.4900016784668,43.49570083618164,43.470001220703125,43.470001220703125,29433
2026-09-17 14:23:00+00:00,43.470001220703125,43.52000045776367,43.459999084472656,43.5099983215332,210399
2026-09-17 14:24:00+00:00,43.5098991394043,43.52999877929688,43.4900016784668,43.52999877929688,129061
2026-09-17 14:25:00+00:00,43.540000915527344,43.58000183105469,43.4900016784668,43.4900016784668,123947
2026-09-17 14:26:00+00:00,43.49990081787109,43.56990051269531,43.494998931884766,43.55500030517578,69409
2026-09-17 14:27:00+00:00,43.55500030517578,43.58000183105469,43.54999923706055,43.56499862670898,108860
2026-09-17 14:28:00+00:00,43.56499862670898,43.61000061035156,43.540000915527344,43.54690170288086,230237
2026-09-17 14:29:00+00:00,43.55350112915039,43.55350112915039,43.52009963989258,43.52999877929688,161343
2026-09-17 14:30:00+00:00,43.53499984741211,43.54999923706055,43.500099182128906,43.525001525878906,97830
2026-09-17 14:31:00+00:00,43.52000045776367,43.58000183105469,43.52000045776367,43.54999923706055,72577
2026-09-17 14:32:00+00:00,43.52199935913086,43.53499984741211,43.459999084472656,43.52000045776367,81445
2026-09-17 14:33:00+00:00,43.52000045776367,43.52539825439453,43.4900016784668,43.4900016784668,202962
2026-09-17 14:34:00+00:00,43.4900016784668,43.494998931884766,43.45000076293945,43.470001220703125,101371
2026-09-17 14:35:00+00:00,43.470001220703125,43.4900016784668,43.44499969482422,43.44499969482422,36154
2026-09-17 14:36:00+00:00,43.43009948730469,43.435001373291016,43.400001525878906,43.400001525878906,64182
2026-09-17 14:37:00+00:00,43.40999984741211,43.45000076293945,43.402000427246094,43.45000076293945,24007
2026-09-17 14:38:00+00:00,43.43619918823242,43.46200180053711,43.43000030517578,43.459999084472656,33447
2026-09-17 14:39:00+00:00,43.447601318359375,43.45000076293945,43.40999984741211,43.415000915527344,42782
2026-09-17 14:40:00+00:00,43.415000915527344,43.45000076293945,43.410099029541016,43.43999862670898,24044
2026-09-17 14:41:00+00:00,43.44499969482422,43.44499969482422,43.400001525878906,43.40710067749024,68923
2026-09-17 14:42:00+00:00,43.40499877929688,43.40499877929688,43.35499954223633,43.369998931884766,51830
2026-09-17 14:43:00+00:00,43.35499954223633,43.36009979248047,43.334999084472656,43.34769821166992,27466
2026-09-17 14:44:00+00:00,43.34000015258789,43.345001220703125,43.32500076293945,43.334999084472656,18702
2026-09-17 14:45:00+00:00,43.34000015258789,43.38999938964844,43.33990097045898,43.38999938964844,55921
2026-09-17 14:46:00+00:00,43.3849983215332,43.400001525878906,43.369998931884766,43.369998931884766,37723
2026-09-17 14:47:00+00:00,43.34999847412109,43.375,43.32500076293945,43.32500076293945,19299
2026-09-17 14:48:00+00:00,43.334999084472656,43.40499877929688,43.334999084472656,43.380001068115234,36960
2026-09-17 14:49:00+00:00,43.36600112915039,43.38999938964844,43.34000015258789,43.3849983215332,25381
2026-09-17 14:50:00+00:00,43.3849983215332,43.39500045776367,43.35200119018555,43.36000061035156,22622
2026-09-17 14:51:00+00:00,43.3650016784668,43.380001068115234,43.345001220703125,43.380001068115234,58356
2026-09-17 14:52:00+00:00,43.369998931884766,43.369998931884766,43.3213996887207,43.33000183105469,13767
2026-09-17 14:53:00+00:00,43.334999084472656,43.36000061035156,43.33000183105469,43.34000015258789,26839
2026-09-17 14:54:00+00:00,43.34000015258789,43.3650016784668,43.34000015258789,43.35710144042969,3966
2026-09-17 14:55:00+00:00,43.34999847412109,43.35499954223633,43.34049987792969,43.345001220703125,27897
2026-09-17 14:56:00+00:00,43.3400993347168,43.3400993347168,43.29999923706055,43.31499862670898,55549
2026-09-17 14:57:00+00:00,43.31499862670898,43.34999847412109,43.29999923706055,43.31230163574219,36162
2026-09-17 14:58:00+00:00,43.30500030517578,43.33000183105469,43.27239990234375,43.27999877929688,28182
2026-09-17 14:59:00+00:00,43.275001525878906,43.28160095214844,43.2599983215332,43.26499938964844,22629
2026-09-17 15:00:00+00:00,43.2599983215332,43.27000045776367,43.220001220703125,43.2401008605957,61300
2026-09-17 15:01:00+00:00,43.23500061035156,43.23500061035156,43.165000915527344,43.16999816894531,72057
2026-09-17 15:02:00+00:00,43.15999984741211,43.209999084472656,43.14739990234375,43.19499969482422,118147
2026-09-17 15:03:00+00:00,43.19499969482422,43.244998931884766,43.19010162353516,43.220001220703125,51103
2026-09-17 15:04:00+00:00,43.21009826660156,43.21120071411133,43.160099029541016,43.165000915527344,70972
2026-09-17 15:05:00+00:00,43.16999816894531,43.16999816894531,43.125,43.125,88055
2026-09-17 15:06:00+00:00,43.130001068115234,43.16299819946289,43.119998931884766,43.15999984741211,60754
2026-09-17 15:07:00+00:00,43.13999938964844,43.18000030517578,43.13769912719727,43.16999816894531,41618
2026-09-17 15:08:00+00:00,43.15999984741211,43.209999084472656,43.15499877929688,43.209999084472656,66317
2026-09-17 15:09:00+00:00,43.21500015258789,43.21500015258789,43.17499923706055,43.18999862670898,33383
2026-09-17 15:10:00+00:00,43.18000030517578,43.185001373291016,43.150001525878906,43.1599006652832,79430
2026-09-17 15:11:00+00:00,43.15999984741211,43.165000915527344,43.130001068115234,43.15499877929688,37656
2026-09-17 15:12:00+00:00,43.150001525878906,43.16450119018555,43.130001068115234,43.130001068115234,27246
2026-09-17 15:13:00+00:00,43.135398864746094,43.15999984741211,43.11000061035156,43.150001525878906,108440
2026-09-17 15:14:00+00:00,43.15010070800781,43.16999816894531,43.14500045776367,43.16999816894531,31046
2026-09-17 15:15:00+00:00,43.16939926147461,43.18000030517578,43.125,43.14500045776367,98981
2026-09-17 15:16:00+00:00,43.150001525878906,43.20000076293945,43.150001525878906,43.18980026245117,68808
2026-09-17 15:17:00+00:00,43.185001373291016,43.18999862670898,43.17499923706055,43.18999862670898,9411
2026-09-17 15:18:00+00:00,43.19499969482422,43.22999954223633,43.19499969482422,43.220001220703125,103247
2026-09-17 15:19:00+00:00,43.22999954223633,43.23500061035156,43.18999862670898,43.19499969482422,16642
2026-09-17 15:20:00+00:00,43.18999862670898,43.18999862670898,43.17010116577149,43.178001403808594,31413
2026-09-17 15:21:00+00:00,43.18000030517578,43.21500015258789,43.16999816894531,43.20500183105469,304626
2026-09-17 15:22:00+00:00,43.19499969482422,43.20000076293945,43.164798736572266,43.20000076293945,21344
2026-09-17 15:23:00+00:00,43.20500183105469,43.20500183105469,43.17499923706055,43.17509841918945,33227
2026-09-17 15:24:00+00:00,43.17990112304688,43.20000076293945,43.17499923706055,43.185001373291016,16584
2026-09-17 15:25:00+00:00,43.1864013671875,43.22990036010742,43.1864013671875,43.20500183105469,29677
2026-09-17 15:26:00+00:00,43.20500183105469,43.209999084472656,43.17499923706055,43.185001373291016,55689
2026-09-17 15:27:00+00:00,43.18999862670898,43.22859954833984,43.18999862670898,43.220001220703125,57911
2026-09-17 15:28:00+00:00,43.220001220703125,43.220001220703125,43.20009994506836,43.21500015258789,28568
2026-09-17 15:29:00+00:00,43.220001220703125,43.244998931884766,43.220001220703125,43.244998931884766,47785
2026-09-17 15:30:00+00:00,43.2401008605957,43.2599983215332,43.23500061035156,43.255001068115234,49364
2026-09-17 15:31:00+00:00,43.255001068115234,43.27980041503906,43.255001068115234,43.27980041503906,35353
2026-09-17 15:32:00+00:00,43.275001525878906,43.28499984741211,43.255001068115234,43.25510025024414,60387
2026-09-17 15:33:00+00:00,43.2599983215332,43.28049850463867,43.25979995727539,43.275001525878906,22786
2026-09-17 15:34:00+00:00,43.27999877929688,43.27999877929688,43.26499938964844,43.275001525878906,14764
2026-09-17 15:35:00+00:00,43.27989959716797,43.34000015258789,43.260101318359375,43.33000183105469,41380
2026-09-17 15:36:00+00:00,43.33679962158203,43.37990188598633,43.334999084472656,43.36000061035156,49800
2026-09-17 15:37:00+00:00,43.3656005859375,43.3656005859375,43.34000015258789,43.345001220703125,43061
2026-09-17 15:38:00+00:00,43.34999847412109,43.34999847412109,43.31999969482422,43.34510040283203,60365
2026-09-17 15:39:00+00:00,43.345001220703125,43.3931999206543,43.33980178833008,43.3849983215332,174398
2026-09-17 15:40:00+00:00,43.3849983215332,43.43000030517578,43.375,43.43000030517578,88241
2026-09-17 15:41:00+00:00,43.43000030517578,43.47999954223633,43.43000030517578,43.470001220703125,218898
2026-09-17 15:42:00+00:00,43.47380065917969,43.48630142211914,43.4634017944336,43.47499847412109,77724
2026-09-17 15:43:00+00:00,43.47499847412109,43.47499847412109,43.435001373291016,43.44499969482422,84811
2026-09-17 15:44:00+00:00,43.43999862670898,43.44020080566406,43.415000915527344,43.42020034790039,66313
2026-09-17 15:45:00+00:00,43.41999816894531,43.42499923706055,43.40499877929688,43.40739822387695,37512
2026-09-17 15:46:00+00:00,43.40499877929688,43.40499877929688,43.345001220703125,43.3650016784668,95661
2026-09-17 15:47:00+00:00,43.375,43.380001068115234,43.34000015258789,43.34000015258789,69325
2026-09-17 15:48:00+00:00,43.34299850463867,43.36000061035156,43.334999084472656,43.334999084472656,81256
2026-09-17 15:49:00+00:00,43.331199645996094,43.35969924926758,43.331199645996094,43.345001220703125,65262
2026-09-17 15:50:00+00:00,43.34999847412109,43.36009979248047,43.31499862670898,43.36009979248047,68716
2026-09-17 15:51:00+00:00,43.35499954223633,43.380001068115234,43.34000015258789,43.36980056762695,57353
2026-09-17 15:52:00+00:00,43.36949920654297,43.41999816894531,43.3650016784668,43.40999984741211,36311
2026-09-17 15:53:00+00:00,43.410099029541016,43.44499969482422,43.410099029541016,43.435001373291016,27126
2026-09-17 15:54:00+00:00,43.4197998046875,43.41999816894531,43.39500045776367,43.40999984741211,22344
2026-09-17 15:55:00+00:00,43.400001525878906,43.400001525878906,43.369998931884766,43.375,32218
2026-09-17 15:56:00+00:00,43.380001068115234,43.38019943237305,43.35499954223633,43.375,15930
2026-09-17 15:57:00+00:00,43.3759994506836,43.40499877929688,43.3759994506836,43.40499877929688,22082
2026-09-17 15:58:00+00:00,43.40999984741211,43.43000030517578,43.4098014831543,43.43000030517578,20563
2026-09-17 15:59:00+00:00,43.429500579833984,43.435001373291016,43.400001525878906,43.435001373291016,35247
2026-09-17 16:00:00+00:00,43.42499923706055,43.436798095703125,43.40999984741211,43.42319869995117,33513
2026-09-17 16:01:00+00:00,43.41999816894531,43.44499969482422,43.40999984741211,43.43000030517578,17394
2026-09-17 16:02:00+00:00,43.43999862670898,43.44499969482422,43.42499923706055,43.44499969482422,27193
2026-09-17 16:03:00+00:00,43.44499969482422,43.45949935913086,43.43999862670898,43.45500183105469,61386
2026-09-17 16:04:00+00:00,43.45759963989258,43.45759963989258,43.415000915527344,43.415000915527344,14228
2026-09-17 16:05:00+00:00,43.41999816894531,43.43999862670898,43.41680145263672,43.41680145263672,29028
2026-09-17 16:06:00+00:00,43.41999816894531,43.42020034790039,43.3650016784668,43.3650016784668,37930
2026-09-17 16:07:00+00:00,43.3849983215332,43.40499877929688,43.380001068115234,43.39500045776367,24401
2026-09-17 16:08:00+00:00,43.400001525878906,43.400001525878906,43.38679885864258,43.38999938964844,14311
2026-09-17 16:09:00+00:00,43.38999938964844,43.41999816894531,43.38759994506836,43.415000915527344,20861
2026-09-17 16:10:00+00:00,43.40999984741211,43.415000915527344,43.380001068115234,43.38990020751953,34420
2026-09-17 16:11:00+00:00,43.3849983215332,43.400001525878906,43.380001068115234,43.39500045776367,8962
2026-09-17 16:12:00+00:00,43.400001525878906,43.400001525878906,43.38140106201172,43.38140106201172,7716
2026-09-17 16:13:00+00:00,43.380001068115234,43.39500045776367,43.380001068115234,43.39500045776367,26938
2026-09-17 16:14:00+00:00,43.39500045776367,43.40999984741211,43.39500045776367,43.40999984741211,19265
2026-09-17 16:15:00+00:00,43.415000915527344,43.41999816894531,43.400001525878906,43.41999816894531,30896
2026-09-17 16:16:00+00:00,43.42300033569336,43.435001373291016,43.41400146484375,43.42499923706055,34298
2026-09-17 16:17:00+00:00,43.43000030517578,43.43989944458008,43.42990112304688,43.42990112304688,21091
2026-09-17 16:18:00+00:00,43.42509841918945,43.42509841918945,43.40499877929688,43.40999984741211,12782
2026-09-17 16:19:00+00:00,43.40499877929688,43.40499877929688,43.390098571777344,43.39509963989258,11745
2026-09-17 16:20:00+00:00,43.400001525878906,43.400001525878906,43.375,43.375,138233
2026-09-17 16:21:00+00:00,43.3843994140625,43.400001525878906,43.3843994140625,43.400001525878906,39592
2026-09-17 16:22:00+00:00,43.40919876098633,43.45000076293945,43.40810012817383,43.43000030517578,45356
2026-09-17 16:23:00+00:00,43.43000030517578,43.449501037597656,43.4297981262207,43.44010162353516,45278
2026-09-17 16:24:00+00:00,43.44499969482422,43.44499969482422,43.43000030517578,43.435001373291016,16470
2026-09-17 16:25:00+00:00,43.43000030517578,43.43000030517578,43.38999938964844,43.38999938964844,24673
2026-09-17 16:26:00+00:00,43.38990020751953,43.400001525878906,43.380001068115234,43.39500045776367,15730
2026-09-17 16:27:00+00:00,43.400001525878906,43.400001525878906,43.38679885864258,43.38679885864258,22839
2026-09-17 16:28:00+00:00,43.38999938964844,43.400001525878906,43.380001068115234,43.39500045776367,134689
2026-09-17 16:29:00+00:00,43.39239883422852,43.4099006652832,43.39239883422852,43.400001525878906,9605
2026-09-17 16:30:00+00:00,43.400001525878906,43.40010070800781,43.3849983215332,43.38619995117188,15909
2026-09-17 16:31:00+00:00,43.380001068115234,43.400001525878906,43.380001068115234,43.380001068115234,18169
2026-09-17 16:32:00+00:00,43.375,43.380001068115234,43.3650016784668,43.3650016784668,34962
2026-09-17 16:33:00+00:00,43.36000061035156,43.36000061035156,43.34000015258789,43.345001220703125,10508
2026-09-17 16:34:00+00:00,43.31370162963867,43.33000183105469,43.28499984741211,43.33000183105469,41448
2026-09-17 16:35:00+00:00,43.34000015258789,43.3650016784668,43.33000183105469,43.36009979248047,30033
2026-09-17 16:36:00+00:00,43.36000061035156,43.3650016784668,43.34000015258789,43.36000061035156,38919
2026-09-17 16:37:00+00:00,43.34999847412109,43.34999847412109,43.31010055541992,43.3401985168457,28181
2026-09-17 16:38:00+00:00,43.34000015258789,43.34510040283203,43.3390007019043,43.345001220703125,18233
2026-09-17 16:39:00+00:00,43.35499954223633,43.36000061035156,43.345001220703125,43.345001220703125,39004
2026-09-17 16:40:00+00:00,43.34000015258789,43.36000061035156,43.334999084472656,43.34999847412109,20457
2026-09-17 16:41:00+00:00,43.345001220703125,43.34669876098633,43.320098876953125,43.34000015258789,12172
2026-09-17 16:42:00+00:00,43.33000183105469,43.3650016784668,43.32979965209961,43.3650016784668,19792
2026-09-17 16:43:00+00:00,43.380001068115234,43.380001068115234,43.3650016784668,43.36949920654297,15151
2026-09-17 16:44:00+00:00,43.375,43.40129852294922,43.369998931884766,43.400001525878906,34239
2026-09-17 16:45:00+00:00,43.39500045776367,43.40950012207031,43.39500045776367,43.400001525878906,15305
2026-09-17 16:46:00+00:00,43.400001525878906,43.41669845581055,43.38999938964844,43.41669845581055,33386
2026-09-17 16:47:00+00:00,43.415000915527344,43.42499923706055,43.36000061035156,43.369998931884766,36968
2026-09-17 16:48:00+00:00,43.369998931884766,43.380001068115234,43.34000015258789,43.34000015258789,24476
2026-09-17 16:49:00+00:00,43.34000015258789,43.3650016784668,43.34000015258789,43.34999847412109,38780
2026-09-17 16:50:00+00:00,43.34999847412109,43.359901428222656,43.34999847412109,43.359901428222656,19544
2026-09-17 16:51:00+00:00,43.36989974975586,43.375,43.3489990234375,43.3650016784668,65791
2026-09-17 16:52:00+00:00,43.36000061035156,43.369998931884766,43.350399017333984,43.369998931884766,25897
2026-09-17 16:53:00+00:00,43.3650016784668,43.42499923706055,43.3650016784668,43.40499877929688,39222
2026-09-17 16:54:00+00:00,43.40240097045898,43.40999984741211,43.374298095703125,43.374298095703125,12357
2026-09-17 16:55:00+00:00,43.369998931884766,43.380001068115234,43.31999969482422,43.34000015258789,173558
2026-09-17 16:56:00+00:00,43.34000015258789,43.3650016784668,43.34000015258789,43.3650016784668,13659
2026-09-17 16:57:00+00:00,43.3650016784668,43.375,43.3583984375,43.36009979248047,22601
2026-09-17 16:58:00+00:00,43.380001068115234,43.40499877929688,43.369998931884766,43.40499877929688,13478
2026-09-17 16:59:00+00:00,43.4099006652832,43.43000030517578,43.40499877929688,43.43000030517578,20358
2026-09-17 17:00:00+00:00,43.435001373291016,43.44499969482422,43.43000030517578,43.43000030517578,23975
2026-09-17 17:01:00+00:00,43.44499969482422,43.44499969482422,43.415000915527344,43.44499969482422,36324
2026-09-17 17:02:00+00:00,43.45000076293945,43.48989868164063,43.44900131225586,43.48500061035156,41025
2026-09-17 17:03:00+00:00,43.48500061035156,43.5,43.47499847412109,43.48989868164063,55078
2026-09-17 17:04:00+00:00,43.48500061035156,43.525001525878906,43.47999954223633,43.51499938964844,73972
2026-09-17 17:05:00+00:00,43.51499938964844,43.52000045776367,43.47999954223633,43.48500061035156,43010
2026-09-17 17:06:00+00:00,43.47999954223633,43.5099983215332,43.47999954223633,43.49990081787109,32691
2026-09-17 17:07:00+00:00,43.494998931884766,43.5099983215332,43.4901008605957,43.5098991394043,46460
2026-09-17 17:08:00+00:00,43.51499938964844,43.51499938964844,43.505001068115234,43.505001068115234,14699
2026-09-17 17:09:00+00:00,43.505001068115234,43.505001068115234,43.48500061035156,43.50019836425781,16330
2026-09-17 17:10:00+00:00,43.5004997253418,43.505001068115234,43.48099899291992,43.4900016784668,61765
2026-09-17 17:11:00+00:00,43.48500061035156,43.494998931884766,43.46500015258789,43.47499847412109,112179
2026-09-17 17:12:00+00:00,43.470001220703125,43.47499847412109,43.459999084472656,43.459999084472656,9503
2026-09-17 17:13:00+00:00,43.459999084472656,43.47999954223633,43.45500183105469,43.46500015258789,13909
2026-09-17 17:14:00+00:00,43.46500015258789,43.46500015258789,43.45500183105469,43.459999084472656,8456
2026-09-17 17:15:00+00:00,43.45009994506836,43.470001220703125,43.45000076293945,43.459999084472656,15921
2026-09-17 17:16:00+00:00,43.45000076293945,43.45000076293945,43.42499923706055,43.43000030517578,11926
2026-09-17 17:17:00+00:00,43.43999862670898,43.46500015258789,43.43999862670898,43.46500015258789,13601
2026-09-17 17:18:00+00:00,43.46500015258789,43.47999954223633,43.46500015258789,43.47999954223633,17469
2026-09-17 17:19:00+00:00,43.48500061035156,43.48989868164063,43.470001220703125,43.47019958496094,11388
2026-09-17 17:20:00+00:00,43.47430038452149,43.4900016784668,43.47430038452149,43.48500061035156,11292
2026-09-17 17:21:00+00:00,43.4900016784668,43.50920104980469,43.47999954223633,43.49029922485352,19581
2026-09-17 17:22:00+00:00,43.505001068115234,43.51860046386719,43.505001068115234,43.51499938964844,27052
2026-09-17 17:23:00+00:00,43.51850128173828,43.53499984741211,43.500099182128906,43.52999877929688,32220
2026-09-17 17:24:00+00:00,43.52999877929688,43.52999877929688,43.494998931884766,43.50529861450195,43483
2026-09-17 17:25:00+00:00,43.505001068115234,43.52000045776367,43.505001068115234,43.52000045776367,17648
2026-09-17 17:26:00+00:00,43.51499938964844,43.51499938964844,43.47999954223633,43.494998931884766,45611
2026-09-17 17:27:00+00:00,43.5,43.52000045776367,43.5,43.51499938964844,13931
2026-09-17 17:28:00+00:00,43.5099983215332,43.5099983215332,43.494998931884766,43.494998931884766,33275
2026-09-17 17:29:00+00:00,43.49129867553711,43.51499938964844,43.4900016784668,43.51499938964844,18791
2026-09-17 17:30:00+00:00,43.52000045776367,43.52999877929688,43.4900016784668,43.49020004272461,54905
2026-09-17 17:31:00+00:00,43.4900016784668,43.4900016784668,43.47019958496094,43.48500061035156,20560
2026-09-17 17:32:00+00:00,43.494998931884766,43.51499938964844,43.494998931884766,43.5,24624
2026-09-17 17:33:00+00:00,43.499298095703125,43.52799987792969,43.499298095703125,43.51499938964844,30978
2026-09-17 17:34:00+00:00,43.51499938964844,43.540000915527344,43.512298583984375,43.53499984741211,47899
2026-09-17 17:35:00+00:00,43.52999877929688,43.556400299072266,43.494998931884766,43.494998931884766,44556
2026-09-17 17:36:00+00:00,43.494998931884766,43.5,43.47999954223633,43.48500061035156,25340
2026-09-17 17:37:00+00:00,43.48500061035156,43.505001068115234,43.47499847412109,43.47499847412109,24914
2026-09-17 17:38:00+00:00,43.47499847412109,43.47999954223633,43.459999084472656,43.47320175170898,46857
2026-09-17 17:39:00+00:00,43.470001220703125,43.470001220703125,43.43999862670898,43.43999862670898,28148
2026-09-17 17:40:00+00:00,43.45000076293945,43.470001220703125,43.45000076293945,43.459999084472656,11336
2026-09-17 17:41:00+00:00,43.459999084472656,43.47499847412109,43.459999084472656,43.459999084472656,27127
2026-09-17 17:42:00+00:00,43.459999084472656,43.46500015258789,43.43949890136719,43.43949890136719,10833
2026-09-17 17:43:00+00:00,43.43999862670898,43.44499969482422,43.42990112304688,43.42990112304688,12954
2026-09-17 17:44:00+00:00,43.42430114746094,43.435001373291016,43.390098571777344,43.390098571777344,16820
2026-09-17 17:45:00+00:00,43.38999938964844,43.39860153198242,43.34000015258789,43.34999847412109,107593
2026-09-17 17:46:00+00:00,43.34000015258789,43.36140060424805,43.334999084472656,43.34000015258789,47425
2026-09-17 17:47:00+00:00,43.34999847412109,43.358001708984375,43.33150100708008,43.33150100708008,35957
2026-09-17 17:48:00+00:00,43.34000015258789,43.34000015258789,43.31010055541992,43.31010055541992,58569
2026-09-17 17:49:00+00:00,43.31999969482422,43.34999847412109,43.31990051269531,43.34999847412109,29625
2026-09-17 17:50:00+00:00,43.36000061035156,43.3650016784668,43.33000183105469,43.34999847412109,44336
2026-09-17 17:51:00+00:00,43.345001220703125,43.35499954223633,43.320098876953125,43.334999084472656,10218
2026-09-17 17:52:00+00:00,43.33639907836914,43.34000015258789,43.33000183105469,43.33000183105469,6877
2026-09-17 17:53:00+00:00,43.320098876953125,43.34320068359375,43.320098876953125,43.3301010131836,11199
2026-09-17 17:54:00+00:00,43.334999084472656,43.33990097045898,43.32500076293945,43.334999084472656,7565
2026-09-17 17:55:00+00:00,43.334999084472656,43.369998931884766,43.334999084472656,43.3650016784668,14844
2026-09-17 17:56:00+00:00,43.3650016784668,43.38990020751953,43.3650016784668,43.380001068115234,119608
2026-09-17 17:57:00+00:00,43.37839889526367,43.39030075073242,43.375,43.38850021362305,14766
2026-09-17 17:58:00+00:00,43.380001068115234,43.380001068115234,43.369998931884766,43.375,11602
2026-09-17 17:59:00+00:00,43.375,43.375,43.3650016784668,43.3650016784668,14816
2026-09-17 18:00:00+00:00,43.375,43.375,43.362300872802734,43.369998931884766,10624
2026-09-17 18:01:00+00:00,43.369998931884766,43.380001068115234,43.369998931884766,43.380001068115234,6541
2026-09-17 18:02:00+00:00,43.3650016784668,43.37990188598633,43.35499954223633,43.375,13287
2026-09-17 18:03:00+00:00,43.369998931884766,43.375,43.36029815673828,43.36029815673828,10428
2026-09-17 18:04:00+00:00,43.3650016784668,43.38019943237305,43.3650016784668,43.375,29396
2026-09-17 18:05:00+00:00,43.375,43.380001068115234,43.359901428222656,43.36650085449219,15540
2026-09-17 18:06:00+00:00,43.369998931884766,43.3849983215332,43.369998931884766,43.369998931884766,12313
2026-09-17 18:07:00+00:00,43.3650016784668,43.38999938964844,43.36000061035156,43.3849983215332,16763
2026-09-17 18:08:00+00:00,43.3849983215332,43.3849983215332,43.375,43.37810134887695,7429
2026-09-17 18:09:00+00:00,43.375,43.375,43.35499954223633,43.36000061035156,10275
2026-09-17 18:10:00+00:00,43.35499954223633,43.369998931884766,43.35499954223633,43.3650016784668,16382
2026-09-17 18:11:00+00:00,43.36320114135742,43.3849983215332,43.36009979248047,43.380001068115234,35409
2026-09-17 18:12:00+00:00,43.375,43.39020156860352,43.37149810791016,43.3849983215332,17057
2026-09-17 18:13:00+00:00,43.38679885864258,43.38990020751953,43.38010025024414,43.38990020751953,10841
2026-09-17 18:14:00+00:00,43.400001525878906,43.40499877929688,43.400001525878906,43.40499877929688,24864
2026-09-17 18:15:00+00:00,43.400001525878906,43.40999984741211,43.400001525878906,43.40499877929688,20670
2026-09-17 18:16:00+00:00,43.40999984741211,43.41999816894531,43.40499877929688,43.4099006652832,18807
2026-09-17 18:17:00+00:00,43.40140151977539,43.42990112304688,43.400001525878906,43.42990112304688,19593
2026-09-17 18:18:00+00:00,43.42499923706055,43.42499923706055,43.40999984741211,43.415000915527344,5290
2026-09-17 18:19:00+00:00,43.415000915527344,43.41999816894531,43.40499877929688,43.41999816894531,574775
2026-09-17 18:20:00+00:00,43.435001373291016,43.43989944458008,43.40999984741211,43.41999816894531,21544
2026-09-17 18:21:00+00:00,43.42499923706055,43.435001373291016,43.40999984741211,43.435001373291016,13194
2026-09-17 18:22:00+00:00,43.43000030517578,43.435001373291016,43.42010116577149,43.43000030517578,15283
2026-09-17 18:23:00+00:00,43.435001373291016,43.43659973144531,43.415000915527344,43.415000915527344,16554
2026-09-17 18:24:00+00:00,43.41510009765625,43.419898986816406,43.400001525878906,43.40499877929688,11062
2026-09-17 18:25:00+00:00,43.40999984741211,43.42010116577149,43.4098014831543,43.415000915527344,8860
2026-09-17 18:26:00+00:00,43.415000915527344,43.42499923706055,43.40010070800781,43.42499923706055,24699
2026-09-17 18:27:00+00:00,43.42499923706055,43.435001373291016,43.42010116577149,43.42319869995117,6720
2026-09-17 18:28:00+00:00,43.41999816894531,43.42499923706055,43.400001525878906,43.40999984741211,10630
2026-09-17 18:29:00+00:00,43.41999816894531,43.42020034790039,43.40330123901367,43.415000915527344,24429
2026-09-17 18:30:00+00:00,43.40999984741211,43.42499923706055,43.4099006652832,43.4099006652832,45399
2026-09-17 18:31:00+00:00,43.400001525878906,43.419898986816406,43.38999938964844,43.40999984741211,40128
2026-09-17 18:32:00+00:00,43.40499877929688,43.415000915527344,43.40499877929688,43.40499877929688,14162
2026-09-17 18:33:00+00:00,43.40499877929688,43.40999984741211,43.38999938964844,43.38999938964844,11256
2026-09-17 18:34:00+00:00,43.3849983215332,43.3849983215332,43.31499862670898,43.32360076904297,74726
2026-09-17 18:35:00+00:00,43.33000183105469,43.345001220703125,43.31999969482422,43.34000015258789,112828
2026-09-17 18:36:00+00:00,43.345001220703125,43.34999847412109,43.310001373291016,43.33000183105469,54120
2026-09-17 18:37:00+00:00,43.320098876953125,43.334999084472656,43.310001373291016,43.31610107421875,52154
2026-09-17 18:38:00+00:00,43.310001373291016,43.31999969482422,43.27999877929688,43.290000915527344,54986
2026-09-17 18:39:00+00:00,43.290000915527344,43.290000915527344,43.2401008605957,43.244998931884766,84840
2026-09-17 18:40:00+00:00,43.25,43.29999923706055,43.25,43.290000915527344,39122
2026-09-17 18:41:00+00:00,43.29990005493164,43.310001373291016,43.290000915527344,43.30500030517578,20187
2026-09-17 18:42:00+00:00,43.310001373291016,43.310001373291016,43.29999923706055,43.310001373291016,44624
2026-09-17 18:43:00+00:00,43.310001373291016,43.33000183105469,43.310001373291016,43.33000183105469,44776
2026-09-17 18:44:00+00:00,43.334999084472656,43.34619903564453,43.334999084472656,43.33679962158203,14525
2026-09-17 18:45:00+00:00,43.334999084472656,43.369998931884766,43.334999084472656,43.3650016784668,38086
2026-09-17 18:46:00+00:00,43.369998931884766,43.380001068115234,43.3400993347168,43.3400993347168,20742
2026-09-17 18:47:00+00:00,43.34000015258789,43.34999847412109,43.33000183105469,43.34000015258789,58359
2026-09-17 18:48:00+00:00,43.3400993347168,43.36989974975586,43.34000015258789,43.36989974975586,6876
2026-09-17 18:49:00+00:00,43.3650016784668,43.369998931884766,43.3650016784668,43.369998931884766,4004
2026-09-17 18:50:00+00:00,43.36009979248047,43.36009979248047,43.33000183105469,43.34000015258789,17616
2026-09-17 18:51:00+00:00,43.34049987792969,43.34049987792969,43.334999084472656,43.334999084472656,7544
2026-09-17 18:52:00+00:00,43.33990097045898,43.369998931884766,43.33050155639648,43.34510040283203,23168
2026-09-17 18:53:00+00:00,43.3400993347168,43.34999847412109,43.320098876953125,43.34000015258789,14152
2026-09-17 18:54:00+00:00,43.33000183105469,43.34000015258789,43.33000183105469,43.34000015258789,9010
2026-09-17 18:55:00+00:00,43.345001220703125,43.34510040283203,43.33000183105469,43.33000183105469,4340
2026-09-17 18:56:00+00:00,43.3301010131836,43.334999084472656,43.31999969482422,43.31999969482422,10791
2026-09-17 18:57:00+00:00,43.32500076293945,43.337100982666016,43.32500076293945,43.32500076293945,10033
2026-09-17 18:58:00+00:00,43.334999084472656,43.34000015258789,43.320098876953125,43.32500076293945,31653
2026-09-17 18:59:00+00:00,43.33000183105469,43.33000183105469,43.310001373291016,43.310001373291016,14387
2026-09-17 19:00:00+00:00,43.31010055541992,43.32500076293945,43.30500030517578,43.32500076293945,17485
2026-09-17 19:01:00+00:00,43.31999969482422,43.31999969482422,43.29999923706055,43.30500030517578,16585
2026-09-17 19:02:00+00:00,43.30500030517578,43.3301010131836,43.30400085449219,43.3301010131836,20353
2026-09-17 19:03:00+00:00,43.334999084472656,43.34000015258789,43.3125,43.31499862670898,27013
2026-09-17 19:04:00+00:00,43.310001373291016,43.31499862670898,43.29999923706055,43.31499862670898,32668
2026-09-17 19:05:00+00:00,43.31499862670898,43.33000183105469,43.31499862670898,43.33000183105469,9978
2026-09-17 19:06:00+00:00,43.33990097045898,43.345001220703125,43.334999084472656,43.334999084472656,9517
2026-09-17 19:07:00+00:00,43.334999084472656,43.33990097045898,43.334999084472656,43.334999084472656,8419
2026-09-17 19:08:00+00:00,43.33000183105469,43.33000183105469,43.31999969482422,43.320098876953125,8016
2026-09-17 19:09:00+00:00,43.320098876953125,43.320098876953125,43.290000915527344,43.30989837646485,118215
2026-09-17 19:10:00+00:00,43.30500030517578,43.31499862670898,43.30500030517578,43.31499862670898,8076
2026-09-17 19:11:00+00:00,43.316200256347656,43.316200256347656,43.29999923706055,43.305999755859375,14533
2026-09-17 19:12:00+00:00,43.30500030517578,43.31510162353516,43.29999923706055,43.310001373291016,16412
2026-09-17 19:13:00+00:00,43.31499862670898,43.31499862670898,43.29999923706055,43.30500030517578,9147
2026-09-17 19:14:00+00:00,43.30500030517578,43.30989837646485,43.29999923706055,43.30500030517578,6867
2026-09-17 19:15:00+00:00,43.29999923706055,43.310001373291016,43.29010009765625,43.29999923706055,11117
2026-09-17 19:16:00+00:00,43.29499816894531,43.29499816894531,43.27999877929688,43.27999877929688,10657
2026-09-17 19:17:00+00:00,43.275001525878906,43.28499984741211,43.27009963989258,43.28499984741211,10834
2026-09-17 19:18:00+00:00,43.27999877929688,43.28499984741211,43.27000045776367,43.27000045776367,7915
2026-09-17 19:19:00+00:00,43.27000045776367,43.29499816894531,43.27000045776367,43.29499816894531,19421
2026-09-17 19:20:00+00:00,43.29999923706055,43.31999969482422,43.29999923706055,43.31999969482422,67089
2026-09-17 19:21:00+00:00,43.32500076293945,43.334999084472656,43.32500076293945,43.334999084472656,11835
2026-09-17 19:22:00+00:00,43.34000015258789,43.345001220703125,43.31779861450195,43.31779861450195,25229
2026-09-17 19:23:00+00:00,43.31999969482422,43.32500076293945,43.31740188598633,43.31740188598633,12773
2026-09-17 19:24:00+00:00,43.31999969482422,43.34989929199219,43.31499862670898,43.319801330566406,30704
2026-09-17 19:25:00+00:00,43.31010055541992,43.31499862670898,43.30500030517578,43.30500030517578,40558
2026-09-17 19:26:00+00:00,43.310001373291016,43.31499862670898,43.30009841918945,43.305999755859375,17238
2026-09-17 19:27:00+00:00,43.310001373291016,43.31499862670898,43.30500030517578,43.310001373291016,15711
2026-09-17 19:28:00+00:00,43.31499862670898,43.31999969482422,43.29999923706055,43.31999969482422,9323
2026-09-17 19:29:00+00:00,43.32500076293945,43.32500076293945,43.29999923706055,43.31999969482422,61067
2026-09-17 19:30:00+00:00,43.310001373291016,43.33000183105469,43.310001373291016,43.31999969482422,17909
2026-09-17 19:31:00+00:00,43.33000183105469,43.35010147094727,43.31999969482422,43.34000015258789,37385
2026-09-17 19:32:00+00:00,43.33990097045898,43.33990097045898,43.29999923706055,43.30970001220703,12312
2026-09-17 19:33:00+00:00,43.30989837646485,43.33000183105469,43.30500030517578,43.33000183105469,10245
2026-09-17 19:34:00+00:00,43.33000183105469,43.3400993347168,43.31999969482422,43.34000015258789,22031
2026-09-17 19:35:00+00:00,43.31999969482422,43.32500076293945,43.310001373291016,43.31999969482422,14986
2026-09-17 19:36:00+00:00,43.310001373291016,43.310001373291016,43.290000915527344,43.29990005493164,21075
2026-09-17 19:37:00+00:00,43.29499816894531,43.31990051269531,43.290000915527344,43.3036994934082,38471
2026-09-17 19:38:00+00:00,43.30500030517578,43.30979919433594,43.29999923706055,43.29999923706055,9530
2026-09-17 19:39:00+00:00,43.30009841918945,43.30009841918945,43.290000915527344,43.29499816894531,14273
2026-09-17 19:40:00+00:00,43.290000915527344,43.32500076293945,43.290000915527344,43.32500076293945,206156
2026-09-17 19:41:00+00:00,43.32500076293945,43.334999084472656,43.310001373291016,43.334999084472656,96986
2026-09-17 19:42:00+00:00,43.334999084472656,43.334999084472656,43.32500076293945,43.32500076293945,14509
2026-09-17 19:43:00+00:00,43.328800201416016,43.33990097045898,43.310001373291016,43.32500076293945,35986
2026-09-17 19:44:00+00:00,43.32500076293945,43.34000015258789,43.31999969482422,43.334999084472656,30050
2026-09-17 19:45:00+00:00,43.334999084472656,43.33620071411133,43.31990051269531,43.31990051269531,23139
2026-09-17 19:46:00+00:00,43.316200256347656,43.316200256347656,43.29999923706055,43.310001373291016,9425
2026-09-17 19:47:00+00:00,43.310001373291016,43.310001373291016,43.27000045776367,43.27999877929688,50372
2026-09-17 19:48:00+00:00,43.28499984741211,43.28499984741211,43.27000045776367,43.28189849853516,26579
2026-09-17 19:49:00+00:00,43.27999877929688,43.30989837646485,43.275001525878906,43.30500030517578,47896
2026-09-17 19:50:00+00:00,43.310001373291016,43.345001220703125,43.29999923706055,43.334999084472656,145495
2026-09-17 19:51:00+00:00,43.33000183105469,43.34000015258789,43.310001373291016,43.334999084472656,58583
2026-09-17 19:52:00+00:00,43.34000015258789,43.34999847412109,43.33000183105469,43.34000015258789,86745
2026-09-17 19:53:00+00:00,43.34000015258789,43.375,43.34000015258789,43.375,63855
2026-09-17 19:54:00+00:00,43.375,43.380001068115234,43.32500076293945,43.32500076293945,125842
2026-09-17 19:55:00+00:00,43.32500076293945,43.33000183105469,43.30099868774414,43.30099868774414,113680
2026-09-17 19:56:00+00:00,43.29999923706055,43.300201416015625,43.27999877929688,43.28499984741211,86625
2026-09-17 19:57:00+00:00,43.28499984741211,43.290000915527344,43.27000045776367,43.275001525878906,86772
2026-09-17 19:58:00+00:00,43.275001525878906,43.310001373291016,43.27000045776367,43.29499816894531,462442
2026-09-17 19:59:00+00:00,43.290000915527344,43.334999084472656,43.290000915527344,43.31499862670898,657253
2026-09-18 13:30:00+00:00,44.2400016784668,44.2599983215332,44.20500183105469,44.2599983215332,4643270
2026-09-18 13:31:00+00:00,44.26499938964844,44.31999969482422,44.2599983215332,44.290000915527344,253191
2026-09-18 13:32:00+00:00,44.29999923706055,44.31999969482422,44.244998931884766,44.30500030517578,164194
2026-09-18 13:33:00+00:00,44.29999923706055,44.345001220703125,44.290000915527344,44.34000015258789,112183
2026-09-18 13:34:00+00:00,44.34000015258789,44.38999938964844,44.31999969482422,44.37850189208984,235604
2026-09-18 13:35:00+00:00,44.37990188598633,44.400001525878906,44.34999847412109,44.35499954223633,218101
2026-09-18 13:36:00+00:00,44.35499954223633,44.400001525878906,44.34999847412109,44.400001525878906,380119
2026-09-18 13:37:00+00:00,44.40800094604492,44.43999862670898,44.37990188598633,44.42499923706055,350609
2026-09-18 13:38:00+00:00,44.435001373291016,44.52999877929688,44.43000030517578,44.519901275634766,634137
2026-09-18 13:39:00+00:00,44.52000045776367,44.73500061035156,44.52000045776367,44.71500015258789,1083523
2026-09-18 13:40:00+00:00,44.71500015258789,44.845001220703125,44.6702995300293,44.720001220703125,1119763
2026-09-18 13:41:00+00:00,44.72499847412109,44.75,44.63999938964844,44.66999816894531,675546
2026-09-18 13:42:00+00:00,44.66999816894531,44.810001373291016,44.65999984741211,44.80500030517578,406401
2026-09-18 13:43:00+00:00,44.810001373291016,44.875,44.790000915527344,44.8301010131836,1146173
2026-09-18 13:44:00+00:00,44.834999084472656,44.93989944458008,44.834999084472656,44.915000915527344,995200
2026-09-18 13:45:00+00:00,44.915000915527344,44.970001220703125,44.8650016784668,44.970001220703125,493360
2026-09-18 13:46:00+00:00,44.97499847412109,45.17990112304688,44.97499847412109,45.165000915527344,857766
2026-09-18 13:47:00+00:00,45.15999984741211,45.290000915527344,45.13999938964844,45.27000045776367,1076327
2026-09-18 13:48:00+00:00,45.27000045776367,45.28499984741211,45.18000030517578,45.21500015258789,810901
2026-09-18 13:49:00+00:00,45.220001220703125,45.31999969482422,45.18999862670898,45.31499862670898,509829
2026-09-18 13:50:00+00:00,45.310001373291016,45.36000061035156,45.25,45.35499954223633,885813
2026-09-18 13:51:00+00:00,45.358001708984375,45.584999084472656,45.345001220703125,45.55500030517578,1665323
2026-09-18 13:52:00+00:00,45.55500030517578,45.584999084472656,45.459999084472656,45.5099983215332,961397
2026-09-18 13:53:00+00:00,45.525001525878906,45.55500030517578,45.43840026855469,45.52000045776367,752016
2026-09-18 13:54:00+00:00,45.52000045776367,45.52000045776367,45.34000015258789,45.36000061035156,751750
2026-09-18 13:55:00+00:00,45.34999847412109,45.380001068115234,45.25,45.30009841918945,891409
2026-09-18 13:56:00+00:00,45.310001373291016,45.400001525878906,45.27000045776367,45.34000015258789,423518
2026-09-18 13:57:00+00:00,45.34989929199219,45.38999938964844,45.2599983215332,45.26499938964844,590092
2026-09-18 13:58:00+00:00,45.26499938964844,45.32500076293945,45.25,45.32500076293945,312416
2026-09-18 13:59:00+00:00,45.320098876953125,45.35499954223633,45.290000915527344,45.34999847412109,377372
2026-09-18 14:00:00+00:00,45.34999847412109,45.5,45.34999847412109,45.47499847412109,755260
2026-09-18 14:01:00+00:00,45.47050094604492,45.52000045776367,45.38999938964844,45.390098571777344,459830
2026-09-18 14:02:00+00:00,45.39500045776367,45.45000076293945,45.380001068115234,45.380001068115234,285733
2026-09-18 14:03:00+00:00,45.38059997558594,45.48500061035156,45.375,45.459999084472656,175608
2026-09-18 14:04:00+00:00,45.459999084472656,45.52999877929688,45.435001373291016,45.525001525878906,289664
2026-09-18 14:05:00+00:00,45.52000045776367,45.65499877929688,45.51499938964844,45.584999084472656,700066
2026-09-18 14:06:00+00:00,45.584999084472656,45.61000061035156,45.5099983215332,45.55899810791016,802695
2026-09-18 14:07:00+00:00,45.54970169067383,45.59550094604492,45.47999954223633,45.4900016784668,546915
2026-09-18 14:08:00+00:00,45.4900016784668,45.505001068115234,45.3849983215332,45.38940048217773,751441
2026-09-18 14:09:00+00:00,45.369998931884766,45.4900016784668,45.36000061035156,45.42900085449219,669832
2026-09-18 14:10:00+00:00,45.42499923706055,45.43000030517578,45.36000061035156,45.400001525878906,428430
2026-09-18 14:11:00+00:00,45.400001525878906,45.48500061035156,45.380001068115234,45.46009826660156,672112
2026-09-18 14:12:00+00:00,45.45500183105469,45.459999084472656,45.38999938964844,45.43009948730469,139449
2026-09-18 14:13:00+00:00,45.43000030517578,45.5,45.43000030517578,45.48329925537109,116093
2026-09-18 14:14:00+00:00,45.48500061035156,45.4900016784668,45.44900131225586,45.47999954223633,196605
2026-09-18 14:15:00+00:00,45.47999954223633,45.578399658203125,45.47999954223633,45.560001373291016,354322
2026-09-18 14:16:00+00:00,45.56499862670898,45.61000061035156,45.56499862670898,45.605098724365234,387790
2026-09-18 14:17:00+00:00,45.60499954223633,45.6072998046875,45.52000045776367,45.55500030517578,448138
2026-09-18 14:18:00+00:00,45.560001373291016,45.66999816894531,45.560001373291016,45.630001068115234,517595
2026-09-18 14:19:00+00:00,45.635101318359375,45.70000076293945,45.619998931884766,45.685001373291016,487084
2026-09-18 14:20:00+00:00,45.685001373291016,45.7400016784668,45.660099029541016,45.72499847412109,558275
2026-09-18 14:21:00+00:00,45.72999954223633,45.810001373291016,45.70000076293945,45.7599983215332,583811
2026-09-18 14:22:00+00:00,45.75,45.82749938964844,45.7400016784668,45.77999877929688,308600
2026-09-18 14:23:00+00:00,45.77999877929688,45.869998931884766,45.7775993347168,45.834999084472656,290068
2026-09-18 14:24:00+00:00,45.834999084472656,45.880001068115234,45.82500076293945,45.85010147094727,286352
2026-09-18 14:25:00+00:00,45.85499954223633,45.869998931884766,45.7400016784668,45.75,429626
2026-09-18 14:26:00+00:00,45.74800109863281,45.78499984741211,45.66999816894531,45.68000030517578,413182
2026-09-18 14:27:00+00:00,45.68000030517578,45.744998931884766,45.63990020751953,45.72999954223633,550383
2026-09-18 14:28:00+00:00,45.73640060424805,45.79499816894531,45.720001220703125,45.7401008605957,301793
2026-09-18 14:29:00+00:00,45.755001068115234,45.77199935913086,45.71049880981445,45.71049880981445,169943
2026-09-18 14:30:00+00:00,45.71149826049805,45.73989868164063,45.640098571777344,45.65019989013672,162341
2026-09-18 14:31:00+00:00,45.65499877929688,45.69039916992188,45.60499954223633,45.61029815673828,163417
2026-09-18 14:32:00+00:00,45.6150016784668,45.709999084472656,45.59000015258789,45.65999984741211,280995
2026-09-18 14:33:00+00:00,45.665000915527344,45.72999954223633,45.63999938964844,45.709999084472656,248517
2026-09-18 14:34:00+00:00,45.70000076293945,45.70669937133789,45.6349983215332,45.69499969482422,316628
2026-09-18 14:35:00+00:00,45.69499969482422,45.7400016784668,45.66999816894531,45.7400016784668,208194
2026-09-18 14:36:00+00:00,45.73989868164063,45.78499984741211,45.72499847412109,45.78499984741211,216162
2026-09-18 14:37:00+00:00,45.78499984741211,45.78499984741211,45.65499877929688,45.69499969482422,260002
2026-09-18 14:38:00+00:00,45.68999862670898,45.68999862670898,45.63199996948242,45.649898529052734,138466
2026-09-18 14:39:00+00:00,45.64500045776367,45.685001373291016,45.625,45.68000030517578,153439
2026-09-18 14:40:00+00:00,45.68000030517578,45.720001220703125,45.65230178833008,45.720001220703125,167992
2026-09-18 14:41:00+00:00,45.72499847412109,45.77000045776367,45.720001220703125,45.755001068115234,127955
2026-09-18 14:42:00+00:00,45.74549865722656,45.77539825439453,45.709999084472656,45.709999084472656,135345
2026-09-18 14:43:00+00:00,45.720001220703125,45.727298736572266,45.66999816894531,45.72499847412109,182305
2026-09-18 14:44:00+00:00,45.720001220703125,45.77799987792969,45.720001220703125,45.7661018371582,201525
2026-09-18 14:45:00+00:00,45.77000045776367,45.7775993347168,45.72010040283203,45.7411994934082,151324
2026-09-18 14:46:00+00:00,45.73500061035156,45.77000045776367,45.73500061035156,45.76499938964844,43708
2026-09-18 14:47:00+00:00,45.76499938964844,45.790000915527344,45.760101318359375,45.77000045776367,112897
2026-09-18 14:48:00+00:00,45.775001525878906,45.84000015258789,45.775001525878906,45.834999084472656,196790
2026-09-18 14:49:00+00:00,45.83990097045898,45.865699768066406,45.79999923706055,45.80989837646485,275452
2026-09-18 14:50:00+00:00,45.810001373291016,45.84000015258789,45.77009963989258,45.81050109863281,229117
2026-09-18 14:51:00+00:00,45.810001373291016,45.86000061035156,45.79499816894531,45.85499954223633,126147
2026-09-18 14:52:00+00:00,45.85499954223633,45.859901428222656,45.80210113525391,45.84999847412109,113095
2026-09-18 14:53:00+00:00,45.84999847412109,45.84999847412109,45.79999923706055,45.82899856567383,157199
2026-09-18 14:54:00+00:00,45.83000183105469,45.8754997253418,45.80500030517578,45.834999084472656,193714
2026-09-18 14:55:00+00:00,45.8301010131836,45.84000015258789,45.81499862670898,45.81999969482422,257585
2026-09-18 14:56:00+00:00,45.82929992675781,45.84999847412109,45.810001373291016,45.82500076293945,130832
2026-09-18 14:57:00+00:00,45.81999969482422,45.834999084472656,45.77999877929688,45.810001373291016,96354
2026-09-18 14:58:00+00:00,45.81499862670898,45.845001220703125,45.80500030517578,45.83000183105469,115359
2026-09-18 14:59:00+00:00,45.82989883422852,45.86000061035156,45.814300537109375,45.85499954223633,84355
2026-09-18 15:00:00+00:00,45.86000061035156,45.90999984741211,45.834999084472656,45.859901428222656,416864
2026-09-18 15:01:00+00:00,45.86000061035156,45.90999984741211,45.81999969482422,45.84999847412109,154988
2026-09-18 15:02:00+00:00,45.86000061035156,45.86989974975586,45.790000915527344,45.79600143432617,143651
2026-09-18 15:03:00+00:00,45.80500030517578,45.80500030517578,45.72499847412109,45.72999954223633,243726
2026-09-18 15:04:00+00:00,45.720001220703125,45.76570129394531,45.71989822387695,45.735198974609375,243060
2026-09-18 15:05:00+00:00,45.72999954223633,45.810001373291016,45.720001220703125,45.810001373291016,234602
2026-09-18 15:06:00+00:00,45.81499862670898,45.82989883422852,45.77999877929688,45.78499984741211,147021
2026-09-18 15:07:00+00:00,45.775001525878906,45.80500030517578,45.755001068115234,45.78499984741211,236300
2026-09-18 15:08:00+00:00,45.77999877929688,45.790000915527344,45.73500061035156,45.76499938964844,153118
2026-09-18 15:09:00+00:00,45.7599983215332,45.76499938964844,45.652000427246094,45.665000915527344,290354
2026-09-18 15:10:00+00:00,45.65999984741211,45.685001373291016,45.65499877929688,45.67499923706055,111338
2026-09-18 15:11:00+00:00,45.67499923706055,45.68999862670898,45.64500045776367,45.68999862670898,52126
2026-09-18 15:12:00+00:00,45.685001373291016,45.6953010559082,45.64500045776367,45.650001525878906,157718
2026-09-18 15:13:00+00:00,45.650001525878906,45.70500183105469,45.63999938964844,45.69499969482422,179996
2026-09-18 15:14:00+00:00,45.69990158081055,45.77000045776367,45.69990158081055,45.7599983215332,52035
2026-09-18 15:15:00+00:00,45.76499938964844,45.880001068115234,45.76499938964844,45.84999847412109,170591
2026-09-18 15:16:00+00:00,45.84999847412109,45.93989944458008,45.84999847412109,45.88999938964844,363665
2026-09-18 15:17:00+00:00,45.88990020751953,45.915000915527344,45.81999969482422,45.83000183105469,237954
2026-09-18 15:18:00+00:00,45.81999969482422,45.875,45.810001373291016,45.81999969482422,153694
2026-09-18 15:19:00+00:00,45.810001373291016,45.85499954223633,45.810001373291016,45.834999084472656,343728
2026-09-18 15:20:00+00:00,45.834999084472656,45.845001220703125,45.810001373291016,45.834999084472656,45699
2026-09-18 15:21:00+00:00,45.84000015258789,45.84989929199219,45.80500030517578,45.81499862670898,95813
2026-09-18 15:22:00+00:00,45.81489944458008,45.875,45.81489944458008,45.8671989440918,174138
2026-09-18 15:23:00+00:00,45.86989974975586,45.91999816894531,45.86989974975586,45.89500045776367,163217
2026-09-18 15:24:00+00:00,45.89540100097656,45.95000076293945,45.88999938964844,45.95000076293945,177550
2026-09-18 15:25:00+00:00,45.94499969482422,45.97499847412109,45.90380096435547,45.91619873046875,203884
2026-09-18 15:26:00+00:00,45.90999984741211,45.919898986816406,45.86819839477539,45.875,186694
2026-09-18 15:27:00+00:00,45.875,45.90999984741211,45.869998931884766,45.8849983215332,107510
2026-09-18 15:28:00+00:00,45.880001068115234,45.880001068115234,45.8301010131836,45.834999084472656,180817
2026-09-18 15:29:00+00:00,45.83000183105469,45.880001068115234,45.82500076293945,45.869998931884766,186805
2026-09-18 15:30:00+00:00,45.869998931884766,45.880001068115234,45.790000915527344,45.79999923706055,353614
2026-09-18 15:31:00+00:00,45.79999923706055,45.82500076293945,45.790000915527344,45.810001373291016,68670
2026-09-18 15:32:00+00:00,45.810001373291016,45.810001373291016,45.7400016784668,45.744998931884766,81587
2026-09-18 15:33:00+00:00,45.75,45.7676010131836,45.72010040283203,45.76499938964844,147841
2026-09-18 15:34:00+00:00,45.760101318359375,45.79499816894531,45.730098724365234,45.79499816894531,363193
2026-09-18 15:35:00+00:00,45.79499816894531,45.810001373291016,45.762298583984375,45.762298583984375,55244
2026-09-18 15:36:00+00:00,45.76499938964844,45.79999923706055,45.7400016784668,45.769901275634766,62234
2026-09-18 15:37:00+00:00,45.7599983215332,45.81999969482422,45.7599983215332,45.790000915527344,134277
2026-09-18 15:38:00+00:00,45.79499816894531,45.79999923706055,45.74990081787109,45.755001068115234,59712
2026-09-18 15:39:00+00:00,45.750099182128906,45.775001525878906,45.744998931884766,45.760101318359375,58545
2026-09-18 15:40:00+00:00,45.76499938964844,45.76499938964844,45.73970031738281,45.76499938964844,51505
2026-09-18 15:41:00+00:00,45.76499938964844,45.76499938964844,45.73500061035156,45.744998931884766,80825
2026-09-18 15:42:00+00:00,45.74150085449219,45.75,45.720001220703125,45.75,160572
2026-09-18 15:43:00+00:00,45.74990081787109,45.74990081787109,45.72010040283203,45.72010040283203,61665
2026-09-18 15:44:00+00:00,45.72499847412109,45.72499847412109,45.70000076293945,45.70500183105469,151020
2026-09-18 15:45:00+00:00,45.70000076293945,45.70500183105469,45.6150016784668,45.650001525878906,395798
2026-09-18 15:46:00+00:00,45.63999938964844,45.70000076293945,45.63999938964844,45.69449996948242,166730
2026-09-18 15:47:00+00:00,45.69010162353516,45.709999084472656,45.685001373291016,45.709999084472656,91666
2026-09-18 15:48:00+00:00,45.7056999206543,45.7400016784668,45.70000076293945,45.73500061035156,86824
2026-09-18 15:49:00+00:00,45.73500061035156,45.755001068115234,45.70500183105469,45.71500015258789,80589
2026-09-18 15:50:00+00:00,45.71500015258789,45.7599983215332,45.71009826660156,45.7599983215332,116121
2026-09-18 15:51:00+00:00,45.755001068115234,45.79999923706055,45.75,45.79499816894531,239757
2026-09-18 15:52:00+00:00,45.79499816894531,45.79499816894531,45.75,45.7599983215332,61051
2026-09-18 15:53:00+00:00,45.755001068115234,45.76499938964844,45.720001220703125,45.73189926147461,148146
2026-09-18 15:54:00+00:00,45.73500061035156,45.744998931884766,45.720001220703125,45.72010040283203,58682
2026-09-18 15:55:00+00:00,45.724700927734375,45.72999954223633,45.68230056762695,45.685001373291016,141126
2026-09-18 15:56:00+00:00,45.685001373291016,45.70500183105469,45.66680145263672,45.69010162353516,67774
2026-09-18 15:57:00+00:00,45.69499969482422,45.75,45.68999862670898,45.75,124136
2026-09-18 15:58:00+00:00,45.75,45.76499938964844,45.709999084472656,45.720001220703125,122771
2026-09-18 15:59:00+00:00,45.72499847412109,45.72999954223633,45.69499969482422,45.72999954223633,72167
2026-09-18 16:00:00+00:00,45.7400016784668,45.7599983215332,45.71500015258789,45.71500015258789,80170
2026-09-18 16:01:00+00:00,45.709999084472656,45.73500061035156,45.70000076293945,45.72499847412109,99133
2026-09-18 16:02:00+00:00,45.72499847412109,45.76499938964844,45.70000076293945,45.76499938964844,43565
2026-09-18 16:03:00+00:00,45.77000045776367,45.78499984741211,45.709999084472656,45.720001220703125,541472
2026-09-18 16:04:00+00:00,45.71030044555664,45.80030059814453,45.70500183105469,45.79290008544922,101520
2026-09-18 16:05:00+00:00,45.78499984741211,45.81499862670898,45.76679992675781,45.81499862670898,52725
2026-09-18 16:06:00+00:00,45.81800079345703,45.8286018371582,45.80009841918945,45.81499862670898,65846
2026-09-18 16:07:00+00:00,45.81999969482422,45.834999084472656,45.77999877929688,45.78499984741211,85646
2026-09-18 16:08:00+00:00,45.775001525878906,45.78499984741211,45.7400016784668,45.7400016784668,60125
2026-09-18 16:09:00+00:00,45.7400016784668,45.790000915527344,45.7400016784668,45.790000915527344,131083
2026-09-18 16:10:00+00:00,45.77999877929688,45.78010177612305,45.7599983215332,45.76499938964844,264309
2026-09-18 16:11:00+00:00,45.76499938964844,45.83319854736328,45.76499938964844,45.82500076293945,40125
2026-09-18 16:12:00+00:00,45.82149887084961,45.84000015258789,45.80500030517578,45.84000015258789,65465
2026-09-18 16:13:00+00:00,45.834999084472656,45.85319900512695,45.81999969482422,45.83570098876953,64195
2026-09-18 16:14:00+00:00,45.834999084472656,45.880001068115234,45.81999969482422,45.875,89308
2026-09-18 16:15:00+00:00,45.875,45.875,45.8301010131836,45.8650016784668,131070
2026-09-18 16:16:00+00:00,45.866798400878906,45.88639831542969,45.845001220703125,45.8849983215332,87826
2026-09-18 16:17:00+00:00,45.8849983215332,45.90499877929688,45.87850189208984,45.8849983215332,136897
2026-09-18 16:18:00+00:00,45.8849983215332,45.91999816894531,45.8650016784668,45.90650177001953,82133
2026-09-18 16:19:00+00:00,45.90499877929688,45.92580032348633,45.8650016784668,45.875,89794
2026-09-18 16:20:00+00:00,45.876800537109375,45.93000030517578,45.84999847412109,45.91699981689453,114828
2026-09-18 16:21:00+00:00,45.91680145263672,45.93999862670898,45.91680145263672,45.9286003112793,150799
2026-09-18 16:22:00+00:00,45.92499923706055,45.9286003112793,45.88999938964844,45.90499877929688,53042
2026-09-18 16:23:00+00:00,45.90499877929688,45.90999984741211,45.83000183105469,45.83679962158203,192470
2026-09-18 16:24:00+00:00,45.84000015258789,45.895599365234375,45.83000183105469,45.8849983215332,136048
2026-09-18 16:25:00+00:00,45.8849983215332,45.8849983215332,45.845001220703125,45.875,101662
2026-09-18 16:26:00+00:00,45.869998931884766,45.875,45.82500076293945,45.834999084472656,106983
2026-09-18 16:27:00+00:00,45.834999084472656,45.869998931884766,45.81010055541992,45.8650016784668,57370
2026-09-18 16:28:00+00:00,45.8650016784668,45.90999984741211,45.8650016784668,45.89500045776367,102061
2026-09-18 16:29:00+00:00,45.88999938964844,45.92499923706055,45.88999938964844,45.92499923706055,118598
2026-09-18 16:30:00+00:00,45.92499923706055,45.92990112304688,45.900001525878906,45.92499923706055,70228
2026-09-18 16:31:00+00:00,45.92499923706055,45.95500183105469,45.92319869995117,45.95500183105469,52365
2026-09-18 16:32:00+00:00,45.95000076293945,46.0,45.93999862670898,45.994998931884766,248509
2026-09-18 16:33:00+00:00,45.994998931884766,46.040000915527344,45.9900016784668,46.03499984741211,342385
2026-09-18 16:34:00+00:00,46.03499984741211,46.05500030517578,46.02000045776367,46.02000045776367,333260
2026-09-18 16:35:00+00:00,46.01499938964844,46.01499938964844,45.96500015258789,45.98500061035156,102808
2026-09-18 16:36:00+00:00,45.97999954223633,45.98870086669922,45.93000030517578,45.95000076293945,129432
2026-09-18 16:37:00+00:00,45.959999084472656,45.970001220703125,45.90999984741211,45.91999816894531,73778
2026-09-18 16:38:00+00:00,45.91999816894531,45.92509841918945,45.87120056152344,45.900001525878906,216421
2026-09-18 16:39:00+00:00,45.88999938964844,45.935001373291016,45.88999938964844,45.900001525878906,81248
2026-09-18 16:40:00+00:00,45.89500045776367,45.900001525878906,45.869998931884766,45.869998931884766,88986
2026-09-18 16:41:00+00:00,45.869998931884766,45.880001068115234,45.84000015258789,45.84000015258789,135725
2026-09-18 16:42:00+00:00,45.845001220703125,45.89500045776367,45.84000015258789,45.89500045776367,88553
2026-09-18 16:43:00+00:00,45.89500045776367,45.900001525878906,45.869998931884766,45.875,45905
2026-09-18 16:44:00+00:00,45.880001068115234,45.90499877929688,45.880001068115234,45.900001525878906,75160
2026-09-18 16:45:00+00:00,45.90499877929688,45.90499877929688,45.83990097045898,45.84000015258789,124741
2026-09-18 16:46:00+00:00,45.84270095825195,45.845001220703125,45.801300048828125,45.80680084228516,74251
2026-09-18 16:47:00+00:00,45.810001373291016,45.845001220703125,45.79499816894531,45.845001220703125,62494
2026-09-18 16:48:00+00:00,45.845001220703125,45.845001220703125,45.79499816894531,45.79990005493164,78261
2026-09-18 16:49:00+00:00,45.79679870605469,45.81999969482422,45.79010009765625,45.81499862670898,35338
2026-09-18 16:50:00+00:00,45.81499862670898,45.834999084472656,45.78139877319336,45.78139877319336,72600
2026-09-18 16:51:00+00:00,45.77999877929688,45.820098876953125,45.75680160522461,45.81999969482422,92767
2026-09-18 16:52:00+00:00,45.81999969482422,45.83000183105469,45.79999923706055,45.82500076293945,96597
2026-09-18 16:53:00+00:00,45.82500076293945,45.85499954223633,45.82500076293945,45.84999847412109,36636
2026-09-18 16:54:00+00:00,45.859901428222656,45.8650016784668,45.85200119018555,45.86000061035156,39898
2026-09-18 16:55:00+00:00,45.8650016784668,45.86669921875,45.81999969482422,45.84999847412109,55940
2026-09-18 16:56:00+00:00,45.84999847412109,45.875,45.8468017578125,45.85499954223633,64803
2026-09-18 16:57:00+00:00,45.85499954223633,45.86000061035156,45.84000015258789,45.85499954223633,61632
2026-09-18 16:58:00+00:00,45.85499954223633,45.86989974975586,45.80500030517578,45.80500030517578,75070
2026-09-18 16:59:00+00:00,45.80500030517578,45.81999969482422,45.80500030517578,45.81499862670898,186823
2026-09-18 17:00:00+00:00,45.81499862670898,45.81999969482422,45.78200149536133,45.7942008972168,227796
2026-09-18 17:01:00+00:00,45.79999923706055,45.84000015258789,45.790000915527344,45.810001373291016,155281
2026-09-18 17:02:00+00:00,45.81499862670898,45.81969833374024,45.762001037597656,45.76499938964844,53200
2026-09-18 17:03:00+00:00,45.77000045776367,45.81499862670898,45.7599983215332,45.785099029541016,147937
2026-09-18 17:04:00+00:00,45.790000915527344,45.834999084472656,45.790000915527344,45.82500076293945,125602
2026-09-18 17:05:00+00:00,45.81999969482422,45.845001220703125,45.79999923706055,45.81499862670898,121218
2026-09-18 17:06:00+00:00,45.81499862670898,45.83000183105469,45.79679870605469,45.80500030517578,74426
2026-09-18 17:07:00+00:00,45.79999923706055,45.81499862670898,45.78499984741211,45.81499862670898,75807
2026-09-18 17:08:00+00:00,45.81499862670898,45.81499862670898,45.77000045776367,45.77999877929688,52051
2026-09-18 17:09:00+00:00,45.78499984741211,45.80500030517578,45.77999877929688,45.785099029541016,60135
2026-09-18 17:10:00+00:00,45.77999877929688,45.78499984741211,45.77000045776367,45.775001525878906,42005
2026-09-18 17:11:00+00:00,45.775001525878906,45.790000915527344,45.7599983215332,45.790000915527344,98167
2026-09-18 17:12:00+00:00,45.790000915527344,45.790000915527344,45.75,45.77619934082031,74391
2026-09-18 17:13:00+00:00,45.775001525878906,45.83000183105469,45.77000045776367,45.81499862670898,42730
2026-09-18 17:14:00+00:00,45.81679916381836,45.845001220703125,45.810001373291016,45.83990097045898,106204
2026-09-18 17:15:00+00:00,45.84000015258789,45.86000061035156,45.82500076293945,45.86000061035156,84350
2026-09-18 17:16:00+00:00,45.86029815673828,45.869998931884766,45.82500076293945,45.84000015258789,43931
2026-09-18 17:17:00+00:00,45.84000015258789,45.84999847412109,45.81999969482422,45.84999847412109,87965
2026-09-18 17:18:00+00:00,45.845001220703125,45.85070037841797,45.79499816894531,45.79999923706055,355758
2026-09-18 17:19:00+00:00,45.79499816894531,45.80989837646485,45.75,45.78499984741211,129306
2026-09-18 17:20:00+00:00,45.77999877929688,45.783199310302734,45.7400016784668,45.7599983215332,98852
2026-09-18 17:21:00+00:00,45.7599983215332,45.79499816894531,45.755001068115234,45.77999877929688,80822
2026-09-18 17:22:00+00:00,45.77999877929688,45.77999877929688,45.72999954223633,45.72999954223633,55547
2026-09-18 17:23:00+00:00,45.73500061035156,45.73989868164063,45.68989944458008,45.68999862670898,81842
2026-09-18 17:24:00+00:00,45.70000076293945,45.76499938964844,45.68999862670898,45.76380157470703,198358
2026-09-18 17:25:00+00:00,45.76499938964844,45.77999877929688,45.744998931884766,45.775001525878906,55715
2026-09-18 17:26:00+00:00,45.77000045776367,45.77000045776367,45.72999954223633,45.73500061035156,95790
2026-09-18 17:27:00+00:00,45.73500061035156,45.77999877929688,45.72999954223633,45.775001525878906,77216
2026-09-18 17:28:00+00:00,45.775001525878906,45.77999877929688,45.744998931884766,45.76499938964844,32633
2026-09-18 17:29:00+00:00,45.76029968261719,45.76499938964844,45.7400016784668,45.76499938964844,55663
2026-09-18 17:30:00+00:00,45.7599983215332,45.7599983215332,45.709999084472656,45.720001220703125,31601
2026-09-18 17:31:00+00:00,45.71500015258789,45.72589874267578,45.650001525878906,45.65999984741211,269206
2026-09-18 17:32:00+00:00,45.65999984741211,45.67499923706055,45.65359878540039,45.65999984741211,89545
2026-09-18 17:33:00+00:00,45.65999984741211,45.66999816894531,45.650001525878906,45.65499877929688,75541
2026-09-18 17:34:00+00:00,45.65999984741211,45.67990112304688,45.650001525878906,45.665000915527344,79471
2026-09-18 17:35:00+00:00,45.665000915527344,45.68579864501953,45.665000915527344,45.685001373291016,43487
2026-09-18 17:36:00+00:00,45.68320083618164,45.70500183105469,45.6801986694336,45.68050003051758,33558
2026-09-18 17:37:00+00:00,45.68000030517578,45.71989822387695,45.68000030517578,45.68999862670898,24665
2026-09-18 17:38:00+00:00,45.68999862670898,45.720001220703125,45.67010116577149,45.71849822998047,74245
2026-09-18 17:39:00+00:00,45.720001220703125,45.7400016784668,45.69499969482422,45.71189880371094,32588
2026-09-18 17:40:00+00:00,45.71319961547852,45.720001220703125,45.70349884033203,45.71989822387695,76028
2026-09-18 17:41:00+00:00,45.71500015258789,45.75,45.709999084472656,45.744998931884766,69522
2026-09-18 17:42:00+00:00,45.75,45.75680160522461,45.73500061035156,45.744998931884766,54696
2026-09-18 17:43:00+00:00,45.7400016784668,45.74509811401367,45.72999954223633,45.7400016784668,49304
2026-09-18 17:44:00+00:00,45.744998931884766,45.775001525878906,45.74319839477539,45.76499938964844,63003
2026-09-18 17:45:00+00:00,45.76499938964844,45.78499984741211,45.7599983215332,45.775001525878906,59344
2026-09-18 17:46:00+00:00,45.77320098876953,45.79999923706055,45.77000045776367,45.79499816894531,106048
2026-09-18 17:47:00+00:00,45.790000915527344,45.80500030517578,45.77999877929688,45.79999923706055,92050
2026-09-18 17:48:00+00:00,45.803199768066406,45.83000183105469,45.803199768066406,45.80500030517578,109751
2026-09-18 17:49:00+00:00,45.80500030517578,45.82500076293945,45.80009841918945,45.810001373291016,66315
2026-09-18 17:50:00+00:00,45.810001373291016,45.84000015258789,45.80500030517578,45.84000015258789,70783
2026-09-18 17:51:00+00:00,45.84000015258789,45.845699310302734,45.83000183105469,45.84000015258789,138859
2026-09-18 17:52:00+00:00,45.84000015258789,45.86000061035156,45.81999969482422,45.84999847412109,131976
2026-09-18 17:53:00+00:00,45.845001220703125,45.855899810791016,45.83000183105469,45.83000183105469,34935
2026-09-18 17:54:00+00:00,45.821998596191406,45.834999084472656,45.821998596191406,45.82500076293945,28210
2026-09-18 17:55:00+00:00,45.82500076293945,45.86000061035156,45.814300537109375,45.85499954223633,100523
2026-09-18 17:56:00+00:00,45.84999847412109,45.85499954223633,45.84000015258789,45.84999847412109,56231
2026-09-18 17:57:00+00:00,45.85499954223633,45.880001068115234,45.834999084472656,45.86000061035156,116852
2026-09-18 17:58:00+00:00,45.8650016784668,45.90499877929688,45.8650016784668,45.90499877929688,208537
2026-09-18 17:59:00+00:00,45.89799880981445,45.905399322509766,45.88999938964844,45.90499877929688,71635
2026-09-18 18:00:00+00:00,45.900001525878906,45.90010070800781,45.845001220703125,45.84999847412109,86458
2026-09-18 18:01:00+00:00,45.85499954223633,45.88560104370117,45.85499954223633,45.875,30269
2026-09-18 18:02:00+00:00,45.87990188598633,45.8849983215332,45.85319900512695,45.86000061035156,29126
2026-09-18 18:03:00+00:00,45.86000061035156,45.86800003051758,45.81999969482422,45.82899856567383,49218
2026-09-18 18:04:00+00:00,45.83000183105469,45.845001220703125,45.83000183105469,45.845001220703125,21565
2026-09-18 18:05:00+00:00,45.84519958496094,45.86000061035156,45.83000183105469,45.86000061035156,44079
2026-09-18 18:06:00+00:00,45.86000061035156,45.86989974975586,45.845001220703125,45.84989929199219,20303
2026-09-18 18:07:00+00:00,45.84000015258789,45.869998931884766,45.83100128173828,45.869998931884766,64401
2026-09-18 18:08:00+00:00,45.869998931884766,45.88999938964844,45.84000015258789,45.84000015258789,81623
2026-09-18 18:09:00+00:00,45.84000015258789,45.85499954223633,45.832801818847656,45.84999847412109,28807
2026-09-18 18:10:00+00:00,45.85490036010742,45.8650016784668,45.845001220703125,45.86000061035156,34126
2026-09-18 18:11:00+00:00,45.86000061035156,45.875,45.85010147094727,45.85499954223633,75217
2026-09-18 18:12:00+00:00,45.85499954223633,45.85499954223633,45.80500030517578,45.80500030517578,45233
2026-09-18 18:13:00+00:00,45.80099868774414,45.81499862670898,45.790000915527344,45.81499862670898,64400
2026-09-18 18:14:00+00:00,45.81589889526367,45.839500427246094,45.79499816894531,45.81949996948242,99666
2026-09-18 18:15:00+00:00,45.81999969482422,45.82989883422852,45.790000915527344,45.80500030517578,54301
2026-09-18 18:16:00+00:00,45.810001373291016,45.81539916992188,45.79010009765625,45.80009841918945,56966
2026-09-18 18:17:00+00:00,45.80009841918945,45.83000183105469,45.79990005493164,45.81499862670898,45177
2026-09-18 18:18:00+00:00,45.81499862670898,45.84000015258789,45.81499862670898,45.834999084472656,64222
2026-09-18 18:19:00+00:00,45.81999969482422,45.84989929199219,45.81499862670898,45.84830093383789,34098
2026-09-18 18:20:00+00:00,45.847599029541016,45.85499954223633,45.82500076293945,45.84000015258789,52044
2026-09-18 18:21:00+00:00,45.84000015258789,45.84000015258789,45.81969833374024,45.82500076293945,35056
2026-09-18 18:22:00+00:00,45.82500076293945,45.86000061035156,45.82500076293945,45.86000061035156,119394
2026-09-18 18:23:00+00:00,45.86000061035156,45.86000061035156,45.8301010131836,45.8301010131836,60784
2026-09-18 18:24:00+00:00,45.834999084472656,45.834999084472656,45.79499816894531,45.79499816894531,40465
2026-09-18 18:25:00+00:00,45.79499816894531,45.85499954223633,45.790000915527344,45.85499954223633,70114
2026-09-18 18:26:00+00:00,45.85499954223633,45.86000061035156,45.84000015258789,45.85499954223633,21230
2026-09-18 18:27:00+00:00,45.86000061035156,45.90499877929688,45.85499954223633,45.880001068115234,93732
2026-09-18 18:28:00+00:00,45.88999938964844,45.88999938964844,45.869998931884766,45.8849983215332,72196
2026-09-18 18:29:00+00:00,45.88010025024414,45.90499877929688,45.869998931884766,45.90499877929688,52821
2026-09-18 18:30:00+00:00,45.90999984741211,45.90999984741211,45.869998931884766,45.8849983215332,50498
2026-09-18 18:31:00+00:00,45.88010025024414,45.885101318359375,45.851898193359375,45.851898193359375,66237
2026-09-18 18:32:00+00:00,45.85499954223633,45.94499969482422,45.85499954223633,45.93000030517578,96177
2026-09-18 18:33:00+00:00,45.93000030517578,45.93000030517578,45.845001220703125,45.84999847412109,247524
2026-09-18 18:34:00+00:00,45.84999847412109,45.91999816894531,45.84999847412109,45.91999816894531,45671
2026-09-18 18:35:00+00:00,45.92499923706055,45.92990112304688,45.88050079345703,45.8849983215332,62881
2026-09-18 18:36:00+00:00,45.88999938964844,45.925899505615234,45.8849983215332,45.9202995300293,89703
2026-09-18 18:37:00+00:00,45.92679977416992,45.95000076293945,45.90999984741211,45.94770050048828,152419
2026-09-18 18:38:00+00:00,45.94990158081055,45.959999084472656,45.93999862670898,45.95000076293945,60563
2026-09-18 18:39:00+00:00,45.95500183105469,45.9900016784668,45.95000076293945,45.970001220703125,176902
2026-09-18 18:40:00+00:00,45.96500015258789,45.96500015258789,45.91999816894531,45.935001373291016,67416
2026-09-18 18:41:00+00:00,45.93000030517578,45.93000030517578,45.880001068115234,45.88999938964844,122978
2026-09-18 18:42:00+00:00,45.89500045776367,45.919898986816406,45.880001068115234,45.880001068115234,130501
2026-09-18 18:43:00+00:00,45.869998931884766,45.89500045776367,45.845001220703125,45.88679885864258,179416
2026-09-18 18:44:00+00:00,45.8849983215332,45.8849983215332,45.86000061035156,45.8650016784668,54057
2026-09-18 18:45:00+00:00,45.86000061035156,45.880001068115234,45.85499954223633,45.878299713134766,57908
2026-09-18 18:46:00+00:00,45.875,45.900001525878906,45.8650016784668,45.8849983215332,109157
2026-09-18 18:47:00+00:00,45.88999938964844,45.9099006652832,45.875,45.90499877929688,46880
2026-09-18 18:48:00+00:00,45.900299072265625,45.91999816894531,45.89500045776367,45.915000915527344,56489
2026-09-18 18:49:00+00:00,45.91999816894531,45.92499923706055,45.900001525878906,45.92499923706055,172059
2026-09-18 18:50:00+00:00,45.92499923706055,45.925899505615234,45.88010025024414,45.89500045776367,162158
2026-09-18 18:51:00+00:00,45.89500045776367,45.93999862670898,45.8849983215332,45.91999816894531,99082
2026-09-18 18:52:00+00:00,45.91600036621094,45.91600036621094,45.900001525878906,45.90499877929688,64298
2026-09-18 18:53:00+00:00,45.90499877929688,45.94990158081055,45.90499877929688,45.935001373291016,88018
2026-09-18 18:54:00+00:00,45.935001373291016,45.935001373291016,45.900001525878906,45.90499877929688,29760
2026-09-18 18:55:00+00:00,45.900001525878906,45.9099006652832,45.869998931884766,45.87760162353516,52447
2026-09-18 18:56:00+00:00,45.869998931884766,45.880001068115234,45.845001220703125,45.845001220703125,63420
2026-09-18 18:57:00+00:00,45.845001220703125,45.84999847412109,45.82500076293945,45.834999084472656,37550
2026-09-18 18:58:00+00:00,45.834999084472656,45.880001068115234,45.83420181274414,45.875,102588
2026-09-18 18:59:00+00:00,45.875,45.87939834594727,45.86000061035156,45.866798400878906,39525
2026-09-18 19:00:00+00:00,45.869998931884766,45.880001068115234,45.85499954223633,45.85499954223633,87362
2026-09-18 19:01:00+00:00,45.85499954223633,45.869998931884766,45.84999847412109,45.86989974975586,47314
2026-09-18 19:02:00+00:00,45.869998931884766,45.88999938964844,45.8468017578125,45.875,93523
2026-09-18 19:03:00+00:00,45.875,45.91999816894531,45.875,45.89500045776367,134900
2026-09-18 19:04:00+00:00,45.89500045776367,45.90999984741211,45.880001068115234,45.8849983215332,70472
2026-09-18 19:05:00+00:00,45.88800048828125,45.915000915527344,45.87009811401367,45.90800094604492,386964
2026-09-18 19:06:00+00:00,45.90999984741211,45.95000076293945,45.90999984741211,45.94499969482422,125295
2026-09-18 19:07:00+00:00,45.94620132446289,45.95000076293945,45.91999816894531,45.935001373291016,60851
2026-09-18 19:08:00+00:00,45.935001373291016,45.95000076293945,45.90499877929688,45.92499923706055,268742
2026-09-18 19:09:00+00:00,45.93000030517578,45.959999084472656,45.93000030517578,45.95669937133789,48331
2026-09-18 19:10:00+00:00,45.95500183105469,45.970001220703125,45.95000076293945,45.95500183105469,89047
2026-09-18 19:11:00+00:00,45.95500183105469,46.0,45.95500183105469,45.99990081787109,108547
2026-09-18 19:12:00+00:00,45.994998931884766,46.02000045776367,45.9900016784668,46.02000045776367,358315
2026-09-18 19:13:00+00:00,46.01499938964844,46.02999877929688,45.9900016784668,45.99800109863281,113895
2026-09-18 19:14:00+00:00,46.0,46.02510070800781,45.9901008605957,46.019901275634766,67386
2026-09-18 19:15:00+00:00,46.01800155639648,46.05500030517578,46.01499938964844,46.04999923706055,111919
2026-09-18 19:16:00+00:00,46.060001373291016,46.13010025024414,46.0,46.005001068115234,355822
2026-09-18 19:17:00+00:00,46.0099983215332,46.040000915527344,45.97999954223633,46.025001525878906,168602
2026-09-18 19:18:00+00:00,46.02970123291016,46.060001373291016,46.025001525878906,46.02970123291016,179086
2026-09-18 19:19:00+00:00,46.02999877929688,46.04999923706055,46.02999877929688,46.03499984741211,103238
2026-09-18 19:20:00+00:00,46.03559875488281,46.03990173339844,45.994998931884766,46.01499938964844,154528
2026-09-18 19:21:00+00:00,46.02000045776367,46.02999877929688,45.994998931884766,45.994998931884766,81997
2026-09-18 19:22:00+00:00,46.0,46.0,45.98500061035156,45.9900016784668,72078
2026-09-18 19:23:00+00:00,45.9900016784668,46.0,45.98500061035156,45.9900016784668,51185
2026-09-18 19:24:00+00:00,45.9900016784668,45.9900016784668,45.970001220703125,45.98500061035156,88575
2026-09-18 19:25:00+00:00,45.98500061035156,46.02000045776367,45.98500061035156,46.01499938964844,116065
2026-09-18 19:26:00+00:00,46.01499938964844,46.03570175170898,45.98500061035156,46.02000045776367,90201
2026-09-18 19:27:00+00:00,46.020301818847656,46.04990005493164,46.02000045776367,46.03499984741211,84696
2026-09-18 19:28:00+00:00,46.03499984741211,46.09000015258789,46.02000045776367,46.08000183105469,118937
2026-09-18 19:29:00+00:00,46.08000183105469,46.08000183105469,46.03499984741211,46.060001373291016,110924
2026-09-18 19:30:00+00:00,46.05500030517578,46.05609893798828,46.0,46.005001068115234,120213
2026-09-18 19:31:00+00:00,46.0099983215332,46.01499938964844,45.9900016784668,46.005001068115234,58698
2026-09-18 19:32:00+00:00,46.005001068115234,46.0099983215332,45.9900016784668,46.005001068115234,91047
2026-09-18 19:33:00+00:00,46.005001068115234,46.01499938964844,45.980098724365234,45.9900016784668,76183
2026-09-18 19:34:00+00:00,45.98500061035156,45.98500061035156,45.970001220703125,45.971099853515625,116803
2026-09-18 19:35:00+00:00,45.97499847412109,45.98500061035156,45.959999084472656,45.96870040893555,98384
2026-09-18 19:36:00+00:00,45.96500015258789,45.9900016784668,45.959999084472656,45.97499847412109,140764
2026-09-18 19:37:00+00:00,45.970001220703125,45.97999954223633,45.91999816894531,45.93000030517578,170741
2026-09-18 19:38:00+00:00,45.93000030517578,45.959999084472656,45.91999816894531,45.95500183105469,118451
2026-09-18 19:39:00+00:00,45.95500183105469,45.95500183105469,45.93000030517578,45.93600082397461,97737
2026-09-18 19:40:00+00:00,45.935001373291016,45.9900016784668,45.93000030517578,45.98500061035156,245794
2026-09-18 19:41:00+00:00,45.98500061035156,46.02999877929688,45.980098724365234,46.025001525878906,193783
2026-09-18 19:42:00+00:00,46.02799987792969,46.040000915527344,45.9900016784668,45.99700164794922,144435
2026-09-18 19:43:00+00:00,46.0,46.01499938964844,45.994998931884766,46.00379943847656,74997
2026-09-18 19:44:00+00:00,46.00299835205078,46.04100036621094,45.994998931884766,46.040000915527344,357189
2026-09-18 19:45:00+00:00,46.040000915527344,46.04499816894531,45.982398986816406,45.994998931884766,115010
2026-09-18 19:46:00+00:00,45.99990081787109,46.02999877929688,45.994998931884766,46.02999877929688,122616
2026-09-18 19:47:00+00:00,46.02989959716797,46.08000183105469,46.02000045776367,46.060001373291016,152052
2026-09-18 19:48:00+00:00,46.05500030517578,46.11000061035156,46.04999923706055,46.09999847412109,189642
2026-09-18 19:49:00+00:00,46.10499954223633,46.10499954223633,46.06499862670898,46.06499862670898,93733
2026-09-18 19:50:00+00:00,46.06499862670898,46.09000015258789,46.04999923706055,46.08000183105469,249827
2026-09-18 19:51:00+00:00,46.08000183105469,46.08000183105469,46.0,46.0099983215332,446663
2026-09-18 19:52:00+00:00,46.0099983215332,46.060001373291016,46.0099983215332,46.060001373291016,164589
2026-09-18 19:53:00+00:00,46.05500030517578,46.08620071411133,46.040000915527344,46.04499816894531,258439
2026-09-18 19:54:00+00:00,46.04499816894531,46.04850006103516,45.93999862670898,45.959999084472656,688265
2026-09-18 19:55:00+00:00,45.95500183105469,46.0,45.95500183105469,45.98500061035156,245532
2026-09-18 19:56:00+00:00,45.97999954223633,46.02999877929688,45.97999954223633,46.025001525878906,404426
2026-09-18 19:57:00+00:00,46.025001525878906,46.02999877929688,45.9900016784668,46.02000045776367,416494
2026-09-18 19:58:00+00:00,46.0099983215332,46.040000915527344,45.9900016784668,45.994998931884766,595184
2026-09-18 19:59:00+00:00,45.994998931884766,46.040000915527344,45.994998931884766,46.005001068115234,1248134
2026-09-21 13:30:00+00:00,48.084999084472656,48.150001525878906,48.040000915527344,48.1349983215332,16230071
2026-09-21 13:31:00+00:00,48.1349983215332,48.13999938964844,48.02000045776367,48.1349983215332,540363
2026-09-21 13:32:00+00:00,48.1349983215332,48.18000030517578,48.09999847412109,48.14500045776367,373445
2026-09-21 13:33:00+00:00,48.150001525878906,48.169898986816406,48.10499954223633,48.13999938964844,298427
2026-09-21 13:34:00+00:00,48.13999938964844,48.22999954223633,48.1349983215332,48.220001220703125,371047
2026-09-21 13:35:00+00:00,48.22990036010742,48.269901275634766,48.16999816894531,48.2400016784668,492889
2026-09-21 13:36:00+00:00,48.25,48.26499938964844,48.10499954223633,48.1349983215332,573119
2026-09-21 13:37:00+00:00,48.13010025024414,48.13999938964844,48.06999969482422,48.070098876953125,740243
2026-09-21 13:38:00+00:00,48.06010055541992,48.1150016784668,47.9900016784668,48.09999847412109,657860
2026-09-21 13:39:00+00:00,48.09799957275391,48.18000030517578,48.05889892578125,48.18000030517578,276775
2026-09-21 13:40:00+00:00,48.18999862670898,48.21549987792969,48.15499877929688,48.17499923706055,499193
2026-09-21 13:41:00+00:00,48.17499923706055,48.20500183105469,48.1150016784668,48.1349983215332,376911
2026-09-21 13:42:00+00:00,48.1349983215332,48.220001220703125,48.130001068115234,48.1531982421875,235054
2026-09-21 13:43:00+00:00,48.15499877929688,48.20000076293945,48.14500045776367,48.19499969482422,226877
2026-09-21 13:44:00+00:00,48.20000076293945,48.20500183105469,48.1150016784668,48.17990112304688,184445
2026-09-21 13:45:00+00:00,48.17499923706055,48.27799987792969,48.15010070800781,48.27799987792969,329122
2026-09-21 13:46:00+00:00,48.27989959716797,48.33990097045898,48.26499938964844,48.33000183105469,484453
2026-09-21 13:47:00+00:00,48.334999084472656,48.43999862670898,48.320098876953125,48.3849983215332,324440
2026-09-21 13:48:00+00:00,48.380001068115234,48.45000076293945,48.310001373291016,48.34999847412109,306702
2026-09-21 13:49:00+00:00,48.35499954223633,48.39730072021485,48.31380081176758,48.39500045776367,410711
2026-09-21 13:50:00+00:00,48.38199996948242,48.54499816894531,48.380001068115234,48.540000915527344,785672
2026-09-21 13:51:00+00:00,48.53499984741211,48.58000183105469,48.51499938964844,48.55500030517578,418735
2026-09-21 13:52:00+00:00,48.55500030517578,48.61989974975586,48.53499984741211,48.53499984741211,256175
2026-09-21 13:53:00+00:00,48.52999877929688,48.52999877929688,48.39500045776367,48.39500045776367,234447
2026-09-21 13:54:00+00:00,48.400001525878906,48.435001373291016,48.35060119628906,48.369998931884766,298613
2026-09-21 13:55:00+00:00,48.36050033569336,48.40499877929688,48.31499862670898,48.3849983215332,313377
2026-09-21 13:56:00+00:00,48.3849983215332,48.48500061035156,48.3849983215332,48.48500061035156,370497
2026-09-21 13:57:00+00:00,48.48989868164063,48.52999877929688,48.46009826660156,48.47999954223633,213729
2026-09-21 13:58:00+00:00,48.47999954223633,48.47999954223633,48.380001068115234,48.40499877929688,110931
2026-09-21 13:59:00+00:00,48.40499877929688,48.40499877929688,48.36000061035156,48.400001525878906,90890
2026-09-21 14:00:00+00:00,48.400001525878906,48.415000915527344,48.35499954223633,48.3849983215332,130834
2026-09-21 14:01:00+00:00,48.38990020751953,48.43999862670898,48.38990020751953,48.41080093383789,166195
2026-09-21 14:02:00+00:00,48.41999816894531,48.43989944458008,48.39759826660156,48.41999816894531,107782
2026-09-21 14:03:00+00:00,48.41999816894531,48.42499923706055,48.30009841918945,48.316200256347656,193203
2026-09-21 14:04:00+00:00,48.31999969482422,48.34000015258789,48.27000045776367,48.29499816894531,176692
2026-09-21 14:05:00+00:00,48.290000915527344,48.30500030517578,48.18000030517578,48.18000030517578,199021
2026-09-21 14:06:00+00:00,48.16999816894531,48.2598991394043,48.13999938964844,48.2400016784668,211124
2026-09-21 14:07:00+00:00,48.22999954223633,48.275001525878906,48.18000030517578,48.20500183105469,389925
2026-09-21 14:08:00+00:00,48.20500183105469,48.23500061035156,48.18000030517578,48.23500061035156,197009
2026-09-21 14:09:00+00:00,48.2400016784668,48.27999877929688,48.2400016784668,48.27099990844727,274388
2026-09-21 14:10:00+00:00,48.27000045776367,48.34000015258789,48.27000045776367,48.31499862670898,583304
2026-09-21 14:11:00+00:00,48.31399917602539,48.400001525878906,48.31399917602539,48.34000015258789,412349
2026-09-21 14:12:00+00:00,48.34999847412109,48.35499954223633,48.25,48.27320098876953,133126
2026-09-21 14:13:00+00:00,48.27000045776367,48.31499862670898,48.25,48.28499984741211,186962
2026-09-21 14:14:00+00:00,48.28499984741211,48.34000015258789,48.27999877929688,48.310001373291016,151064
2026-09-21 14:15:00+00:00,48.31050109863281,48.375,48.2599983215332,48.32500076293945,212030
2026-09-21 14:16:00+00:00,48.32989883422852,48.380001068115234,48.310001373291016,48.37990188598633,271696
2026-09-21 14:17:00+00:00,48.37760162353516,48.399898529052734,48.34999847412109,48.35879898071289,110994
2026-09-21 14:18:00+00:00,48.355098724365234,48.38679885864258,48.34000015258789,48.345001220703125,66638
2026-09-21 14:19:00+00:00,48.345001220703125,48.36989974975586,48.34000015258789,48.36989974975586,100666
2026-09-21 14:20:00+00:00,48.36100006103516,48.400001525878906,48.32500076293945,48.334999084472656,172624
2026-09-21 14:21:00+00:00,48.33000183105469,48.38999938964844,48.32500076293945,48.38999938964844,95895
2026-09-21 14:22:00+00:00,48.3849983215332,48.5098991394043,48.3849983215332,48.505001068115234,378184
2026-09-21 14:23:00+00:00,48.505001068115234,48.56499862670898,48.48989868164063,48.54999923706055,288515
2026-09-21 14:24:00+00:00,48.54999923706055,48.58000183105469,48.52000045776367,48.55149841308594,230699
2026-09-21 14:25:00+00:00,48.54999923706055,48.57080078125,48.4901008605957,48.53799819946289,203114
2026-09-21 14:26:00+00:00,48.53499984741211,48.56539916992188,48.51129913330078,48.540000915527344,103073
2026-09-21 14:27:00+00:00,48.54499816894531,48.58000183105469,48.52999877929688,48.58000183105469,193523
2026-09-21 14:28:00+00:00,48.57500076293945,48.59999847412109,48.54499816894531,48.55500030517578,174147
2026-09-21 14:29:00+00:00,48.560001373291016,48.59000015258789,48.540000915527344,48.560001373291016,88504
2026-09-21 14:30:00+00:00,48.55500030517578,48.560001373291016,48.4900016784668,48.5,274629
2026-09-21 14:31:00+00:00,48.505001068115234,48.55989837646485,48.5,48.540000915527344,275950
2026-09-21 14:32:00+00:00,48.54499816894531,48.59999847412109,48.53010177612305,48.595001220703125,128820
2026-09-21 14:33:00+00:00,48.59999847412109,48.68999862670898,48.595001220703125,48.685001373291016,592208
2026-09-21 14:34:00+00:00,48.685001373291016,48.72999954223633,48.665000915527344,48.71699905395508,236768
2026-09-21 14:35:00+00:00,48.720001220703125,48.72999954223633,48.66999816894531,48.69499969482422,265448
2026-09-21 14:36:00+00:00,48.69499969482422,48.72999954223633,48.68000030517578,48.70000076293945,205083
2026-09-21 14:37:00+00:00,48.70500183105469,48.720001220703125,48.661598205566406,48.71500015258789,98683
2026-09-21 14:38:00+00:00,48.71500015258789,48.720001220703125,48.65499877929688,48.665000915527344,159754
2026-09-21 14:39:00+00:00,48.65999984741211,48.65999984741211,48.59000015258789,48.6150016784668,248264
2026-09-21 14:40:00+00:00,48.625,48.625,48.470001220703125,48.525001525878906,376327
2026-09-21 14:41:00+00:00,48.52999877929688,48.63999938964844,48.52999877929688,48.63999938964844,197868
2026-09-21 14:42:00+00:00,48.6349983215332,48.63990020751953,48.59999847412109,48.6150016784668,212702
2026-09-21 14:43:00+00:00,48.6150016784668,48.625,48.57099914550781,48.57500076293945,145709
2026-09-21 14:44:00+00:00,48.58000183105469,48.61000061035156,48.56010055541992,48.60499954223633,85882
2026-09-21 14:45:00+00:00,48.605098724365234,48.61949920654297,48.54949951171875,48.55989837646485,152703
2026-09-21 14:46:00+00:00,48.55500030517578,48.59600067138672,48.55500030517578,48.58990097045898,67795
2026-09-21 14:47:00+00:00,48.59000015258789,48.68000030517578,48.59000015258789,48.665000915527344,86614
2026-09-21 14:48:00+00:00,48.665000915527344,48.69990158081055,48.65499877929688,48.665000915527344,153799
2026-09-21 14:49:00+00:00,48.665000915527344,48.72010040283203,48.64500045776367,48.709999084472656,149204
2026-09-21 14:50:00+00:00,48.71500015258789,48.77999877929688,48.70000076293945,48.744998931884766,314430
2026-09-21 14:51:00+00:00,48.75,48.755001068115234,48.70000076293945,48.730098724365234,214808
2026-09-21 14:52:00+00:00,48.72999954223633,48.790000915527344,48.71009826660156,48.78990173339844,181752
2026-09-21 14:53:00+00:00,48.78990173339844,48.78990173339844,48.70000076293945,48.709999084472656,258056
2026-09-21 14:54:00+00:00,48.71500015258789,48.77000045776367,48.71500015258789,48.760101318359375,209385
2026-09-21 14:55:00+00:00,48.7599983215332,48.7599983215332,48.720001220703125,48.73500061035156,170900
2026-09-21 14:56:00+00:00,48.73500061035156,48.7400016784668,48.67499923706055,48.685001373291016,166054
2026-09-21 14:57:00+00:00,48.69919967651367,48.71500015258789,48.625,48.63999938964844,176447
2026-09-21 14:58:00+00:00,48.63990020751953,48.63990020751953,48.56999969482422,48.61000061035156,264378
2026-09-21 14:59:00+00:00,48.60499954223633,48.637298583984375,48.60499954223633,48.6349983215332,105981
2026-09-21 15:00:00+00:00,48.63769912719727,48.70000076293945,48.61119842529297,48.67499923706055,529013
2026-09-21 15:01:00+00:00,48.67499923706055,48.720001220703125,48.67499923706055,48.70000076293945,229669
2026-09-21 15:02:00+00:00,48.70000076293945,48.72990036010742,48.68000030517578,48.720001220703125,253109
2026-09-21 15:03:00+00:00,48.72499847412109,48.72499847412109,48.70000076293945,48.70500183105469,98699
2026-09-21 15:04:00+00:00,48.70500183105469,48.7400016784668,48.65999984741211,48.72999954223633,268603
2026-09-21 15:05:00+00:00,48.73500061035156,48.76499938964844,48.72999954223633,48.744998931884766,242373
2026-09-21 15:06:00+00:00,48.744998931884766,48.744998931884766,48.70759963989258,48.72119903564453,136794
2026-09-21 15:07:00+00:00,48.72990036010742,48.83000183105469,48.71500015258789,48.83000183105469,392867
2026-09-21 15:08:00+00:00,48.834999084472656,48.92499923706055,48.834999084472656,48.880001068115234,366341
2026-09-21 15:09:00+00:00,48.869998931884766,48.90999984741211,48.83000183105469,48.90499877929688,203671
2026-09-21 15:10:00+00:00,48.90499877929688,48.91999816894531,48.810001373291016,48.81499862670898,158892
2026-09-21 15:11:00+00:00,48.810001373291016,48.84000015258789,48.77999877929688,48.79990005493164,160223
2026-09-21 15:12:00+00:00,48.79999923706055,48.899898529052734,48.79100036621094,48.88999938964844,92787
2026-09-21 15:13:00+00:00,48.88999938964844,48.91999816894531,48.85499954223633,48.85499954223633,147990
2026-09-21 15:14:00+00:00,48.86000061035156,48.90999984741211,48.820098876953125,48.8849983215332,214742
2026-09-21 15:15:00+00:00,48.8849983215332,48.8849983215332,48.821998596191406,48.83620071411133,113747
2026-09-21 15:16:00+00:00,48.83000183105469,48.834999084472656,48.78499984741211,48.79499816894531,134288
2026-09-21 15:17:00+00:00,48.79510116577149,48.84000015258789,48.77999877929688,48.839500427246094,127736
2026-09-21 15:18:00+00:00,48.834999084472656,48.85649871826172,48.78189849853516,48.834999084472656,115296
2026-09-21 15:19:00+00:00,48.83000183105469,48.84999847412109,48.80500030517578,48.810001373291016,208976
2026-09-21 15:20:00+00:00,48.80500030517578,48.80500030517578,48.7400016784668,48.77000045776367,190868
2026-09-21 15:21:00+00:00,48.77999877929688,48.77999877929688,48.720001220703125,48.7400016784668,165562
2026-09-21 15:22:00+00:00,48.72499847412109,48.77989959716797,48.70500183105469,48.72499847412109,139144
2026-09-21 15:23:00+00:00,48.72999954223633,48.74800109863281,48.70009994506836,48.709999084472656,141420
2026-09-21 15:24:00+00:00,48.709999084472656,48.709999084472656,48.65499877929688,48.665000915527344,160143
2026-09-21 15:25:00+00:00,48.65999984741211,48.68999862670898,48.65019989013672,48.685001373291016,148875
2026-09-21 15:26:00+00:00,48.685001373291016,48.68510055541992,48.6349983215332,48.64149856567383,126802
2026-09-21 15:27:00+00:00,48.649898529052734,48.68000030517578,48.630001068115234,48.650001525878906,136260
2026-09-21 15:28:00+00:00,48.64500045776367,48.65499877929688,48.625,48.6349983215332,128685
2026-09-21 15:29:00+00:00,48.630001068115234,48.64580154418945,48.630001068115234,48.64500045776367,113510
2026-09-21 15:30:00+00:00,48.64929962158203,48.68569946289063,48.625,48.65499877929688,94440
2026-09-21 15:31:00+00:00,48.64500045776367,48.649898529052734,48.61000061035156,48.625,86116
2026-09-21 15:32:00+00:00,48.625,48.665000915527344,48.619998931884766,48.65499877929688,63997
2026-09-21 15:33:00+00:00,48.65499877929688,48.67499923706055,48.6349983215332,48.66999816894531,65024
2026-09-21 15:34:00+00:00,48.68000030517578,48.68989944458008,48.64630126953125,48.65999984741211,92000
2026-09-21 15:35:00+00:00,48.65999984741211,48.66510009765625,48.625,48.63999938964844,113297
2026-09-21 15:36:00+00:00,48.63999938964844,48.70500183105469,48.63899993896485,48.66999816894531,99652
2026-09-21 15:37:00+00:00,48.65999984741211,48.685001373291016,48.619998931884766,48.63999938964844,217275
2026-09-21 15:38:00+00:00,48.630001068115234,48.70000076293945,48.630001068115234,48.69499969482422,61883
2026-09-21 15:39:00+00:00,48.70000076293945,48.72499847412109,48.68999862670898,48.72499847412109,86404
2026-09-21 15:40:00+00:00,48.72990036010742,48.72999954223633,48.67499923706055,48.67499923706055,71047
2026-09-21 15:41:00+00:00,48.67499923706055,48.692501068115234,48.650001525878906,48.665000915527344,132411
2026-09-21 15:42:00+00:00,48.65999984741211,48.7067985534668,48.6599006652832,48.69990158081055,146413
2026-09-21 15:43:00+00:00,48.69499969482422,48.7400016784668,48.69499969482422,48.7400016784668,201406
2026-09-21 15:44:00+00:00,48.7400016784668,48.810001373291016,48.73500061035156,48.810001373291016,225948
2026-09-21 15:45:00+00:00,48.80500030517578,48.810001373291016,48.76240158081055,48.76499938964844,160262
2026-09-21 15:46:00+00:00,48.77000045776367,48.80759811401367,48.7599983215332,48.77999877929688,108966
2026-09-21 15:47:00+00:00,48.78810119628906,48.84000015258789,48.77999877929688,48.81499862670898,100069
2026-09-21 15:48:00+00:00,48.81499862670898,48.834999084472656,48.810001373291016,48.810001373291016,97342
2026-09-21 15:49:00+00:00,48.8036994934082,48.80500030517578,48.7599983215332,48.77000045776367,69971
2026-09-21 15:50:00+00:00,48.77000045776367,48.81999969482422,48.77000045776367,48.81499862670898,143813
2026-09-21 15:51:00+00:00,48.810001373291016,48.81990051269531,48.77000045776367,48.77000045776367,124759
2026-09-21 15:52:00+00:00,48.755001068115234,48.79499816894531,48.72999954223633,48.77999877929688,111744
2026-09-21 15:53:00+00:00,48.786399841308594,48.80500030517578,48.75,48.755001068115234,109404
2026-09-21 15:54:00+00:00,48.755001068115234,48.7599983215332,48.720001220703125,48.72010040283203,96864
2026-09-21 15:55:00+00:00,48.71500015258789,48.75,48.70000076293945,48.7400016784668,136633
2026-09-21 15:56:00+00:00,48.744998931884766,48.7599983215332,48.72499847412109,48.755001068115234,93792
2026-09-21 15:57:00+00:00,48.72999954223633,48.73500061035156,48.69499969482422,48.709999084472656,65198
2026-09-21 15:58:00+00:00,48.70000076293945,48.72999954223633,48.685001373291016,48.69499969482422,123810
2026-09-21 15:59:00+00:00,48.70000076293945,48.70500183105469,48.685001373291016,48.70000076293945,60774
2026-09-21 16:00:00+00:00,48.69839859008789,48.709999084472656,48.65999984741211,48.68000030517578,82662
2026-09-21 16:01:00+00:00,48.685001373291016,48.71989822387695,48.66999816894531,48.66999816894531,73481
2026-09-21 16:02:00+00:00,48.67499923706055,48.69499969482422,48.65499877929688,48.68000030517578,58292
2026-09-21 16:03:00+00:00,48.68000030517578,48.69499969482422,48.64139938354492,48.65999984741211,43342
2026-09-21 16:04:00+00:00,48.6599006652832,48.665000915527344,48.59999847412109,48.60499954223633,78090
2026-09-21 16:05:00+00:00,48.609901428222656,48.61000061035156,48.58000183105469,48.58000183105469,73032
2026-09-21 16:06:00+00:00,48.58000183105469,48.595001220703125,48.56999969482422,48.56999969482422,106920
2026-09-21 16:07:00+00:00,48.56999969482422,48.65999984741211,48.55500030517578,48.58000183105469,213883
2026-09-21 16:08:00+00:00,48.56499862670898,48.625,48.56499862670898,48.57500076293945,72822
2026-09-21 16:09:00+00:00,48.57500076293945,48.584999084472656,48.560001373291016,48.584999084472656,41364
2026-09-21 16:10:00+00:00,48.59000015258789,48.63999938964844,48.59000015258789,48.63999938964844,117283
2026-09-21 16:11:00+00:00,48.6349983215332,48.6349983215332,48.584999084472656,48.59000015258789,75310
2026-09-21 16:12:00+00:00,48.59000015258789,48.59999847412109,48.560001373291016,48.56499862670898,76266
2026-09-21 16:13:00+00:00,48.56760025024414,48.59000015258789,48.560001373291016,48.56990051269531,55125
2026-09-21 16:14:00+00:00,48.56999969482422,48.58000183105469,48.560001373291016,48.58000183105469,34898
2026-09-21 16:15:00+00:00,48.57500076293945,48.68000030517578,48.57500076293945,48.67990112304688,128598
2026-09-21 16:16:00+00:00,48.66999816894531,48.68000030517578,48.6349983215332,48.66999816894531,389559
2026-09-21 16:17:00+00:00,48.68000030517578,48.72999954223633,48.60499954223633,48.60499954223633,132202
2026-09-21 16:18:00+00:00,48.61000061035156,48.64500045776367,48.59999847412109,48.59999847412109,71144
2026-09-21 16:19:00+00:00,48.5900993347168,48.630001068115234,48.5713996887207,48.62409973144531,38844
2026-09-21 16:20:00+00:00,48.619998931884766,48.625,48.595001220703125,48.61000061035156,107685
2026-09-21 16:21:00+00:00,48.59999847412109,48.630001068115234,48.59000015258789,48.630001068115234,80867
2026-09-21 16:22:00+00:00,48.6349983215332,48.65999984741211,48.62009811401367,48.64500045776367,73461
2026-09-21 16:23:00+00:00,48.64899826049805,48.65499877929688,48.61000061035156,48.63999938964844,111271
2026-09-21 16:24:00+00:00,48.63999938964844,48.64400100708008,48.6150016784668,48.630001068115234,85753
2026-09-21 16:25:00+00:00,48.63999938964844,48.64500045776367,48.61009979248047,48.61159896850586,53426
2026-09-21 16:26:00+00:00,48.61759948730469,48.625,48.595001220703125,48.625,54432
2026-09-21 16:27:00+00:00,48.630001068115234,48.70000076293945,48.625,48.70000076293945,72772
2026-09-21 16:28:00+00:00,48.70000076293945,48.71500015258789,48.653099060058594,48.653099060058594,107133
2026-09-21 16:29:00+00:00,48.650001525878906,48.66999816894531,48.63999938964844,48.64149856567383,70231
2026-09-21 16:30:00+00:00,48.640098571777344,48.68999862670898,48.640098571777344,48.68000030517578,60203
2026-09-21 16:31:00+00:00,48.69540023803711,48.70500183105469,48.68000030517578,48.70000076293945,90581
2026-09-21 16:32:00+00:00,48.69990158081055,48.709999084472656,48.650001525878906,48.659698486328125,75546
2026-09-21 16:33:00+00:00,48.65999984741211,48.685001373291016,48.63010025024414,48.6349983215332,52941
2026-09-21 16:34:00+00:00,48.63019943237305,48.63019943237305,48.560001373291016,48.57500076293945,44463
2026-09-21 16:35:00+00:00,48.58000183105469,48.630001068115234,48.58000183105469,48.6150016784668,45569
2026-09-21 16:36:00+00:00,48.6150016784668,48.6150016784668,48.56999969482422,48.595001220703125,54987
2026-09-21 16:37:00+00:00,48.59000015258789,48.61100006103516,48.584999084472656,48.584999084472656,62704
2026-09-21 16:38:00+00:00,48.58000183105469,48.58620071411133,48.540000915527344,48.54499816894531,56351
2026-09-21 16:39:00+00:00,48.54499816894531,48.54990005493164,48.52000045776367,48.525001525878906,44209
2026-09-21 16:40:00+00:00,48.52949905395508,48.54999923706055,48.50439834594727,48.54999923706055,70987
2026-09-21 16:41:00+00:00,48.55500030517578,48.57500076293945,48.54309844970703,48.57500076293945,53189
2026-09-21 16:42:00+00:00,48.56999969482422,48.6150016784668,48.56999969482422,48.60499954223633,84251
2026-09-21 16:43:00+00:00,48.60200119018555,48.65499877929688,48.59999847412109,48.630001068115234,155673
2026-09-21 16:44:00+00:00,48.630001068115234,48.65999984741211,48.62149810791016,48.65769958496094,55549
2026-09-21 16:45:00+00:00,48.650001525878906,48.66999816894531,48.63999938964844,48.66619873046875,106305
2026-09-21 16:46:00+00:00,48.669898986816406,48.70000076293945,48.65999984741211,48.69559860229492,62242
2026-09-21 16:47:00+00:00,48.69499969482422,48.72999954223633,48.68230056762695,48.71500015258789,86807
2026-09-21 16:48:00+00:00,48.709999084472656,48.73500061035156,48.70500183105469,48.71989822387695,71822
2026-09-21 16:49:00+00:00,48.71989822387695,48.744998931884766,48.709999084472656,48.72999954223633,53195
2026-09-21 16:50:00+00:00,48.72999954223633,48.74649810791016,48.69499969482422,48.72499847412109,45519
2026-09-21 16:51:00+00:00,48.72499847412109,48.72499847412109,48.66999816894531,48.68000030517578,89088
2026-09-21 16:52:00+00:00,48.67499923706055,48.69559860229492,48.665000915527344,48.68999862670898,126743
2026-09-21 16:53:00+00:00,48.689701080322266,48.709999084472656,48.689701080322266,48.709999084472656,35235
2026-09-21 16:54:00+00:00,48.71500015258789,48.7400016784668,48.68600082397461,48.73929977416992,87799
2026-09-21 16:55:00+00:00,48.73500061035156,48.810001373291016,48.73500061035156,48.775001525878906,269128
2026-09-21 16:56:00+00:00,48.77999877929688,48.78570175170898,48.74300003051758,48.74300003051758,71088
2026-09-21 16:57:00+00:00,48.744998931884766,48.77000045776367,48.7401008605957,48.7599983215332,215364
2026-09-21 16:58:00+00:00,48.755001068115234,48.755001068115234,48.720001220703125,48.72499847412109,97683
2026-09-21 16:59:00+00:00,48.72499847412109,48.72999954223633,48.71500015258789,48.71500015258789,45376
2026-09-21 17:00:00+00:00,48.71500015258789,48.75,48.685001373291016,48.72999954223633,106641
2026-09-21 17:01:00+00:00,48.72999954223633,48.73740005493164,48.70500183105469,48.709999084472656,61532
2026-09-21 17:02:00+00:00,48.71500015258789,48.72990036010742,48.70000076293945,48.709999084472656,52271
2026-09-21 17:03:00+00:00,48.709999084472656,48.72499847412109,48.70000076293945,48.709999084472656,54398
2026-09-21 17:04:00+00:00,48.69010162353516,48.69499969482422,48.660099029541016,48.68000030517578,52837
2026-09-21 17:05:00+00:00,48.68000030517578,48.71500015258789,48.68000030517578,48.71500015258789,21484
2026-09-21 17:06:00+00:00,48.7134017944336,48.75,48.70000076293945,48.747501373291016,89042
2026-09-21 17:07:00+00:00,48.74990081787109,48.7599983215332,48.70500183105469,48.7599983215332,72763
2026-09-21 17:08:00+00:00,48.7599983215332,48.78990173339844,48.755001068115234,48.77999877929688,53825
2026-09-21 17:09:00+00:00,48.77999877929688,48.78900146484375,48.744998931884766,48.7510986328125,41556
2026-09-21 17:10:00+00:00,48.75,48.775001525878906,48.744998931884766,48.7598991394043,61107
2026-09-21 17:11:00+00:00,48.75,48.775001525878906,48.7400016784668,48.760101318359375,40018
2026-09-21 17:12:00+00:00,48.76499938964844,48.77000045776367,48.73500061035156,48.744998931884766,120680
2026-09-21 17:13:00+00:00,48.744998931884766,48.744998931884766,48.70500183105469,48.71500015258789,157302
2026-09-21 17:14:00+00:00,48.709999084472656,48.72499847412109,48.685001373291016,48.68999862670898,125868
2026-09-21 17:15:00+00:00,48.70000076293945,48.71620178222656,48.685001373291016,48.70000076293945,112251
2026-09-21 17:16:00+00:00,48.70000076293945,48.709999084472656,48.64500045776367,48.64500045776367,121936
2026-09-21 17:17:00+00:00,48.64500045776367,48.64500045776367,48.584999084472656,48.59000015258789,76144
2026-09-21 17:18:00+00:00,48.584999084472656,48.6150016784668,48.584999084472656,48.595001220703125,93033
2026-09-21 17:19:00+00:00,48.595001220703125,48.6150016784668,48.59299850463867,48.60110092163086,33165
2026-09-21 17:20:00+00:00,48.60499954223633,48.619998931884766,48.59999847412109,48.61000061035156,28288
2026-09-21 17:21:00+00:00,48.619998931884766,48.63999938964844,48.61000061035156,48.61989974975586,98028
2026-09-21 17:22:00+00:00,48.61000061035156,48.619998931884766,48.57989883422852,48.5900993347168,32364
2026-09-21 17:23:00+00:00,48.59999847412109,48.660099029541016,48.59999847412109,48.660099029541016,26722
2026-09-21 17:24:00+00:00,48.65999984741211,48.685001373291016,48.650001525878906,48.650001525878906,58119
2026-09-21 17:25:00+00:00,48.63999938964844,48.65999984741211,48.63150024414063,48.65499877929688,26574
2026-09-21 17:26:00+00:00,48.65380096435547,48.66999816894531,48.650001525878906,48.650001525878906,23680
2026-09-21 17:27:00+00:00,48.65499877929688,48.68000030517578,48.63999938964844,48.65999984741211,34741
2026-09-21 17:28:00+00:00,48.665000915527344,48.68000030517578,48.63999938964844,48.65499877929688,19524
2026-09-21 17:29:00+00:00,48.65999984741211,48.68999862670898,48.650001525878906,48.65010070800781,48216
2026-09-21 17:30:00+00:00,48.65999984741211,48.66640090942383,48.61009979248047,48.65999984741211,35052
2026-09-21 17:31:00+00:00,48.665000915527344,48.66999816894531,48.6349983215332,48.650001525878906,75904
2026-09-21 17:32:00+00:00,48.64500045776367,48.685001373291016,48.6349983215332,48.685001373291016,36616
2026-09-21 17:33:00+00:00,48.685001373291016,48.685001373291016,48.650001525878906,48.65499877929688,21612
2026-09-21 17:34:00+00:00,48.65999984741211,48.67499923706055,48.63999938964844,48.64500045776367,45568
2026-09-21 17:35:00+00:00,48.64500045776367,48.65499877929688,48.625,48.6349983215332,65831
2026-09-21 17:36:00+00:00,48.63999938964844,48.6682014465332,48.630001068115234,48.665000915527344,43386
2026-09-21 17:37:00+00:00,48.65999984741211,48.71989822387695,48.65499877929688,48.68000030517578,152373
2026-09-21 17:38:00+00:00,48.685001373291016,48.68989944458008,48.66999816894531,48.685001373291016,30485
2026-09-21 17:39:00+00:00,48.685001373291016,48.68999862670898,48.665000915527344,48.665000915527344,51740
2026-09-21 17:40:00+00:00,48.665000915527344,48.685001373291016,48.65999984741211,48.65999984741211,43022
2026-09-21 17:41:00+00:00,48.66999816894531,48.69990158081055,48.66999816894531,48.685001373291016,46587
2026-09-21 17:42:00+00:00,48.68999862670898,48.70000076293945,48.67499923706055,48.67499923706055,44745
2026-09-21 17:43:00+00:00,48.67499923706055,48.68000030517578,48.65480041503906,48.68000030517578,23088
2026-09-21 17:44:00+00:00,48.68000030517578,48.68000030517578,48.65999984741211,48.65999984741211,33027
2026-09-21 17:45:00+00:00,48.6599006652832,48.665000915527344,48.6150016784668,48.6150016784668,60191
2026-09-21 17:46:00+00:00,48.619998931884766,48.63999938964844,48.619998931884766,48.6349983215332,50093
2026-09-21 17:47:00+00:00,48.63999938964844,48.650001525878906,48.630001068115234,48.63330078125,45386
2026-09-21 17:48:00+00:00,48.630001068115234,48.63999938964844,48.59999847412109,48.63999938964844,106118
2026-09-21 17:49:00+00:00,48.6349983215332,48.64500045776367,48.6150016784668,48.625,61916
2026-09-21 17:50:00+00:00,48.625,48.6349983215332,48.61000061035156,48.625,43363
2026-09-21 17:51:00+00:00,48.619998931884766,48.630001068115234,48.5900993347168,48.61000061035156,72686
2026-09-21 17:52:00+00:00,48.6150016784668,48.63990020751953,48.6150016784668,48.630001068115234,18168
2026-09-21 17:53:00+00:00,48.6349983215332,48.6349983215332,48.56999969482422,48.57170104980469,68164
2026-09-21 17:54:00+00:00,48.57220077514648,48.58000183105469,48.55009841918945,48.560001373291016,81267
2026-09-21 17:55:00+00:00,48.560001373291016,48.56999969482422,48.540000915527344,48.56499862670898,135930
2026-09-21 17:56:00+00:00,48.56499862670898,48.59999847412109,48.54999923706055,48.59000015258789,60593
2026-09-21 17:57:00+00:00,48.59999847412109,48.63999938964844,48.59999847412109,48.63999938964844,57389
2026-09-21 17:58:00+00:00,48.640098571777344,48.66559982299805,48.63990020751953,48.66559982299805,35679
2026-09-21 17:59:00+00:00,48.665000915527344,48.66999816894531,48.63999938964844,48.66999816894531,43151
2026-09-21 18:00:00+00:00,48.66999816894531,48.68000030517578,48.6349983215332,48.63999938964844,47801
2026-09-21 18:01:00+00:00,48.630001068115234,48.67990112304688,48.6150016784668,48.669898986816406,140735
2026-09-21 18:02:00+00:00,48.65999984741211,48.665000915527344,48.6349983215332,48.6349983215332,54051
2026-09-21 18:03:00+00:00,48.640098571777344,48.66999816894531,48.6349983215332,48.66999816894531,30547
2026-09-21 18:04:00+00:00,48.68000030517578,48.71500015258789,48.68000030517578,48.70500183105469,54858
2026-09-21 18:05:00+00:00,48.70500183105469,48.720001220703125,48.68999862670898,48.71500015258789,55954
2026-09-21 18:06:00+00:00,48.71500015258789,48.72999954223633,48.69499969482422,48.72010040283203,66717
2026-09-21 18:07:00+00:00,48.72499847412109,48.72999954223633,48.70000076293945,48.70650100708008,28542
2026-09-21 18:08:00+00:00,48.709999084472656,48.709999084472656,48.660099029541016,48.67010116577149,54667
2026-09-21 18:09:00+00:00,48.67499923706055,48.70000076293945,48.67499923706055,48.695499420166016,28151
2026-09-21 18:10:00+00:00,48.69499969482422,48.70500183105469,48.68999862670898,48.68999862670898,71800
2026-09-21 18:11:00+00:00,48.69499969482422,48.72499847412109,48.69499969482422,48.720001220703125,51765
2026-09-21 18:12:00+00:00,48.72499847412109,48.72499847412109,48.70009994506836,48.709999084472656,28852
2026-09-21 18:13:00+00:00,48.709999084472656,48.73500061035156,48.70500183105469,48.72499847412109,37555
2026-09-21 18:14:00+00:00,48.72010040283203,48.72999954223633,48.70989990234375,48.7134017944336,39481
2026-09-21 18:15:00+00:00,48.720001220703125,48.7599983215332,48.720001220703125,48.75550079345703,62337
2026-09-21 18:16:00+00:00,48.7599983215332,48.775001525878906,48.7400016784668,48.7400016784668,87012
2026-09-21 18:17:00+00:00,48.73500061035156,48.74990081787109,48.72499847412109,48.73809814453125,105642
2026-09-21 18:18:00+00:00,48.730098724365234,48.755001068115234,48.72499847412109,48.744998931884766,29775
2026-09-21 18:19:00+00:00,48.74760055541992,48.760101318359375,48.7400016784668,48.750099182128906,53266
2026-09-21 18:20:00+00:00,48.755001068115234,48.76070022583008,48.71500015258789,48.7400016784668,66748
2026-09-21 18:21:00+00:00,48.7318000793457,48.7598991394043,48.7318000793457,48.74800109863281,19384
2026-09-21 18:22:00+00:00,48.7400016784668,48.744998931884766,48.720001220703125,48.7400016784668,32532
2026-09-21 18:23:00+00:00,48.7400016784668,48.7599983215332,48.72499847412109,48.72999954223633,55847
2026-09-21 18:24:00+00:00,48.72600173950195,48.744998931884766,48.68999862670898,48.69990158081055,94853
2026-09-21 18:25:00+00:00,48.69499969482422,48.71500015258789,48.67499923706055,48.68999862670898,53904
2026-09-21 18:26:00+00:00,48.69499969482422,48.70989990234375,48.685001373291016,48.69499969482422,31908
2026-09-21 18:27:00+00:00,48.69499969482422,48.709999084472656,48.68000030517578,48.7051010131836,144512
2026-09-21 18:28:00+00:00,48.709999084472656,48.709999084472656,48.65999984741211,48.67499923706055,80209
2026-09-21 18:29:00+00:00,48.67499923706055,48.685001373291016,48.65999984741211,48.685001373291016,20918
2026-09-21 18:30:00+00:00,48.685001373291016,48.70000076293945,48.67190170288086,48.685001373291016,41073
2026-09-21 18:31:00+00:00,48.68989944458008,48.720001220703125,48.67499923706055,48.68000030517578,152874
2026-09-21 18:32:00+00:00,48.685001373291016,48.70000076293945,48.679500579833984,48.69499969482422,42446
2026-09-21 18:33:00+00:00,48.69499969482422,48.69499969482422,48.67499923706055,48.68000030517578,18194
2026-09-21 18:34:00+00:00,48.68000030517578,48.68000030517578,48.65999984741211,48.66999816894531,33858
2026-09-21 18:35:00+00:00,48.67499923706055,48.685001373291016,48.67499923706055,48.67499923706055,44041
2026-09-21 18:36:00+00:00,48.68000030517578,48.698001861572266,48.66999816894531,48.69499969482422,63639
2026-09-21 18:37:00+00:00,48.69499969482422,48.69499969482422,48.61000061035156,48.63999938964844,223634
2026-09-21 18:38:00+00:00,48.64500045776367,48.66999816894531,48.6349983215332,48.665000915527344,65230
2026-09-21 18:39:00+00:00,48.665000915527344,48.720001220703125,48.665000915527344,48.70500183105469,98879
2026-09-21 18:40:00+00:00,48.70989990234375,48.70989990234375,48.68000030517578,48.685001373291016,35178
2026-09-21 18:41:00+00:00,48.685001373291016,48.68999862670898,48.66999816894531,48.685001373291016,44064
2026-09-21 18:42:00+00:00,48.68000030517578,48.709999084472656,48.67499923706055,48.7047004699707,51846
2026-09-21 18:43:00+00:00,48.70500183105469,48.71500015258789,48.69499969482422,48.71500015258789,33672
2026-09-21 18:44:00+00:00,48.71500015258789,48.71989822387695,48.68000030517578,48.685001373291016,45507
2026-09-21 18:45:00+00:00,48.68999862670898,48.70500183105469,48.685001373291016,48.69499969482422,34716
2026-09-21 18:46:00+00:00,48.697898864746094,48.70859909057617,48.665000915527344,48.66999816894531,36463
2026-09-21 18:47:00+00:00,48.665000915527344,48.709999084472656,48.665000915527344,48.70500183105469,40908
2026-09-21 18:48:00+00:00,48.70000076293945,48.70500183105469,48.68999862670898,48.69499969482422,34063
2026-09-21 18:49:00+00:00,48.70000076293945,48.720001220703125,48.69499969482422,48.720001220703125,39348
2026-09-21 18:50:00+00:00,48.71500015258789,48.720001220703125,48.68999862670898,48.70500183105469,67543
2026-09-21 18:51:00+00:00,48.70500183105469,48.720001220703125,48.70500183105469,48.720001220703125,19355
2026-09-21 18:52:00+00:00,48.71500015258789,48.72999954223633,48.71500015258789,48.71500015258789,39716
2026-09-21 18:53:00+00:00,48.71500015258789,48.75,48.71269989013672,48.744998931884766,96667
2026-09-21 18:54:00+00:00,48.744998931884766,48.76499938964844,48.73139953613281,48.7400016784668,128213
2026-09-21 18:55:00+00:00,48.744998931884766,48.755001068115234,48.7401008605957,48.744998931884766,51071
2026-09-21 18:56:00+00:00,48.744998931884766,48.755001068115234,48.7400016784668,48.744998931884766,42562
2026-09-21 18:57:00+00:00,48.744998931884766,48.755001068115234,48.744998931884766,48.744998931884766,29794
2026-09-21 18:58:00+00:00,48.744998931884766,48.755001068115234,48.744998931884766,48.75,48699
2026-09-21 18:59:00+00:00,48.75,48.755001068115234,48.744998931884766,48.750099182128906,16086
2026-09-21 19:00:00+00:00,48.755001068115234,48.76530075073242,48.75,48.76499938964844,26625
2026-09-21 19:01:00+00:00,48.76449966430664,48.77000045776367,48.755001068115234,48.76499938964844,45274
2026-09-21 19:02:00+00:00,48.76139831542969,48.76499938964844,48.73500061035156,48.75,71712
2026-09-21 19:03:00+00:00,48.75630187988281,48.75630187988281,48.7224006652832,48.7224006652832,62197
2026-09-21 19:04:00+00:00,48.72499847412109,48.73989868164063,48.720001220703125,48.720001220703125,39742
2026-09-21 19:05:00+00:00,48.720001220703125,48.72669982910156,48.709999084472656,48.71799850463867,58198
2026-09-21 19:06:00+00:00,48.71500015258789,48.744998931884766,48.70000076293945,48.744998931884766,184183
2026-09-21 19:07:00+00:00,48.744998931884766,48.755001068115234,48.72010040283203,48.7400016784668,46117
2026-09-21 19:08:00+00:00,48.73500061035156,48.76499938964844,48.73500061035156,48.744998931884766,30654
2026-09-21 19:09:00+00:00,48.7400016784668,48.7400016784668,48.72499847412109,48.72499847412109,36783
2026-09-21 19:10:00+00:00,48.72629928588867,48.72629928588867,48.709999084472656,48.71500015258789,49797
2026-09-21 19:11:00+00:00,48.71760177612305,48.7400016784668,48.70500183105469,48.7400016784668,88004
2026-09-21 19:12:00+00:00,48.744998931884766,48.75,48.73500061035156,48.744998931884766,47882
2026-09-21 19:13:00+00:00,48.744998931884766,48.75,48.7400016784668,48.75,23252
2026-09-21 19:14:00+00:00,48.75,48.75859832763672,48.7401008605957,48.75,38504
2026-09-21 19:15:00+00:00,48.75,48.769901275634766,48.7400016784668,48.75,88707
2026-09-21 19:16:00+00:00,48.7599983215332,48.790000915527344,48.75,48.78990173339844,59702
2026-09-21 19:17:00+00:00,48.785099029541016,48.83990097045898,48.78499984741211,48.834999084472656,137708
2026-09-21 19:18:00+00:00,48.834999084472656,48.869998931884766,48.82500076293945,48.85469818115234,89717
2026-09-21 19:19:00+00:00,48.85499954223633,48.90499877929688,48.85499954223633,48.90499877929688,775864
2026-09-21 19:20:00+00:00,48.90999984741211,48.97999954223633,48.88999938964844,48.92499923706055,815570
2026-09-21 19:21:00+00:00,48.92499923706055,48.95500183105469,48.915000915527344,48.95500183105469,212546
2026-09-21 19:22:00+00:00,48.95989990234375,48.95989990234375,48.880001068115234,48.89500045776367,100302
2026-09-21 19:23:00+00:00,48.89500045776367,48.900001525878906,48.81499862670898,48.85499954223633,137732
2026-09-21 19:24:00+00:00,48.86000061035156,48.8849983215332,48.84999847412109,48.86000061035156,75436
2026-09-21 19:25:00+00:00,48.869998931884766,48.8849983215332,48.85010147094727,48.875,78741
2026-09-21 19:26:00+00:00,48.8650016784668,48.899898529052734,48.8650016784668,48.875,160100
2026-09-21 19:27:00+00:00,48.875,48.915000915527344,48.875,48.90499877929688,102250
2026-09-21 19:28:00+00:00,48.900001525878906,48.92959976196289,48.88010025024414,48.88999938964844,147664
2026-09-21 19:29:00+00:00,48.88999938964844,48.93999862670898,48.8849983215332,48.935001373291016,70896
2026-09-21 19:30:00+00:00,48.93000030517578,48.935001373291016,48.900001525878906,48.91999816894531,102858
2026-09-21 19:31:00+00:00,48.915000915527344,48.96500015258789,48.90999984741211,48.95500183105469,70075
2026-09-21 19:32:00+00:00,48.95500183105469,48.9995002746582,48.95009994506836,48.98500061035156,166486
2026-09-21 19:33:00+00:00,48.980098724365234,49.09989929199219,48.980098724365234,49.06129837036133,504703
2026-09-21 19:34:00+00:00,49.06499862670898,49.220001220703125,49.06499862670898,49.19810104370117,382069
2026-09-21 19:35:00+00:00,49.18999862670898,49.220001220703125,49.084999084472656,49.10499954223633,296296
2026-09-21 19:36:00+00:00,49.11000061035156,49.125,49.07379913330078,49.1150016784668,172028
2026-09-21 19:37:00+00:00,49.1150016784668,49.1150016784668,49.03499984741211,49.04499816894531,182581
2026-09-21 19:38:00+00:00,49.04499816894531,49.05500030517578,49.02000045776367,49.03499984741211,131055
2026-09-21 19:39:00+00:00,49.040000915527344,49.060001373291016,49.03499984741211,49.04499816894531,95514
2026-09-21 19:40:00+00:00,49.04499816894531,49.06999969482422,49.02999877929688,49.05500030517578,101577
2026-09-21 19:41:00+00:00,49.05659866333008,49.08990097045898,49.0,49.005001068115234,230510
2026-09-21 19:42:00+00:00,49.0,49.03499984741211,48.98500061035156,48.9900016784668,113530
2026-09-21 19:43:00+00:00,48.98500061035156,48.9900016784668,48.970001220703125,48.98500061035156,108788
2026-09-21 19:44:00+00:00,48.98989868164063,49.03499984741211,48.980098724365234,49.025001525878906,129772
2026-09-21 19:45:00+00:00,49.025001525878906,49.04999923706055,49.02000045776367,49.04990005493164,118684
2026-09-21 19:46:00+00:00,49.04499816894531,49.06499862670898,48.97999954223633,48.9900016784668,96299
2026-09-21 19:47:00+00:00,48.9900016784668,49.0099983215332,48.97499847412109,48.9995002746582,187104
2026-09-21 19:48:00+00:00,48.994998931884766,49.0,48.980098724365234,48.9911003112793,131649
2026-09-21 19:49:00+00:00,48.992000579833984,49.0099983215332,48.970001220703125,49.0099983215332,132600
2026-09-21 19:50:00+00:00,49.0,49.02999877929688,48.98500061035156,49.01499938964844,248838
2026-09-21 19:51:00+00:00,49.0099983215332,49.02000045776367,49.0,49.005001068115234,76344
2026-09-21 19:52:00+00:00,49.00289916992188,49.02000045776367,48.98500061035156,48.9900016784668,250190
2026-09-21 19:53:00+00:00,48.9900016784668,49.0099983215332,48.97999954223633,49.00070190429688,355900
2026-09-21 19:54:00+00:00,49.0,49.0,48.970001220703125,48.994998931884766,141612
2026-09-21 19:55:00+00:00,48.994998931884766,49.08000183105469,48.98500061035156,49.06320190429688,326462
2026-09-21 19:56:00+00:00,49.06499862670898,49.06999969482422,49.04999923706055,49.06499862670898,183882
2026-09-21 19:57:00+00:00,49.06499862670898,49.08000183105469,49.060001373291016,49.07500076293945,236616
2026-09-21 19:58:00+00:00,49.07500076293945,49.08000183105469,49.02999877929688,49.05500030517578,464656
2026-09-21 19:59:00+00:00,49.04999923706055,49.06999969482422,48.9900016784668,48.9900016784668,1295209
2026-09-22 13:30:00+00:00,48.540000915527344,48.56999969482422,48.45000076293945,48.560001373291016,6151559
2026-09-22 13:31:00+00:00,48.56999969482422,48.66999816894531,48.560001373291016,48.625,212339
2026-09-22 13:32:00+00:00,48.619998931884766,48.68999862670898,48.60499954223633,48.685001373291016,343504
2026-09-22 13:33:00+00:00,48.67499923706055,48.70000076293945,48.66999816894531,48.69499969482422,117733
2026-09-22 13:34:00+00:00,48.69499969482422,48.75,48.67010116577149,48.75,216994
2026-09-22 13:35:00+00:00,48.744998931884766,48.79499816894531,48.720001220703125,48.720001220703125,152134
2026-09-22 13:36:00+00:00,48.71500015258789,48.71500015258789,48.56999969482422,48.60499954223633,371609
2026-09-22 13:37:00+00:00,48.6150016784668,48.630001068115234,48.52009963989258,48.54999923706055,145359
2026-09-22 13:38:00+00:00,48.560001373291016,48.65499877929688,48.540000915527344,48.630001068115234,136300
2026-09-22 13:39:00+00:00,48.630001068115234,48.650001525878906,48.56389999389648,48.5801010131836,104631
2026-09-22 13:40:00+00:00,48.58000183105469,48.58000183105469,48.505001068115234,48.53499984741211,195511
2026-09-22 13:41:00+00:00,48.540000915527344,48.58810043334961,48.525001525878906,48.56999969482422,137786
2026-09-22 13:42:00+00:00,48.56499862670898,48.630001068115234,48.56499862670898,48.630001068115234,78682
2026-09-22 13:43:00+00:00,48.62990188598633,48.665000915527344,48.59000015258789,48.648399353027344,118009
2026-09-22 13:44:00+00:00,48.64229965209961,48.665000915527344,48.6150016784668,48.64849853515625,102942
2026-09-22 13:45:00+00:00,48.63999938964844,48.68000030517578,48.61009979248047,48.64789962768555,101410
2026-09-22 13:46:00+00:00,48.64899826049805,48.65999984741211,48.61000061035156,48.64500045776367,102383
2026-09-22 13:47:00+00:00,48.63999938964844,48.70009994506836,48.63999938964844,48.66999816894531,96306
2026-09-22 13:48:00+00:00,48.65999984741211,48.7400016784668,48.64500045776367,48.7400016784668,123305
2026-09-22 13:49:00+00:00,48.7400016784668,48.775001525878906,48.72499847412109,48.76499938964844,163642
2026-09-22 13:50:00+00:00,48.769901275634766,48.790000915527344,48.755001068115234,48.77999877929688,93218
2026-09-22 13:51:00+00:00,48.790000915527344,48.79050064086914,48.750301361083984,48.755001068115234,90978
2026-09-22 13:52:00+00:00,48.75,48.790000915527344,48.7400016784668,48.7599983215332,107397
2026-09-22 13:53:00+00:00,48.76900100708008,48.77000045776367,48.7400016784668,48.755001068115234,87955
2026-09-22 13:54:00+00:00,48.75,48.76499938964844,48.73500061035156,48.755001068115234,87902
2026-09-22 13:55:00+00:00,48.755001068115234,48.78499984741211,48.744998931884766,48.78499984741211,32487
2026-09-22 13:56:00+00:00,48.790000915527344,48.806400299072266,48.76499938964844,48.79710006713867,136596
2026-09-22 13:57:00+00:00,48.79029846191406,48.84999847412109,48.79029846191406,48.845001220703125,231817
2026-09-22 13:58:00+00:00,48.845001220703125,48.900001525878906,48.845001220703125,48.880001068115234,193162
2026-09-22 13:59:00+00:00,48.8849983215332,48.90999984741211,48.875,48.890098571777344,203704
2026-09-22 14:00:00+00:00,48.89500045776367,48.90499877929688,48.790000915527344,48.79439926147461,93354
2026-09-22 14:01:00+00:00,48.79999923706055,48.83000183105469,48.76499938964844,48.83000183105469,128408
2026-09-22 14:02:00+00:00,48.82500076293945,48.82899856567383,48.78499984741211,48.810001373291016,74340
2026-09-22 14:03:00+00:00,48.81010055541992,48.81499862670898,48.76499938964844,48.76499938964844,40377
2026-09-22 14:04:00+00:00,48.76499938964844,48.79499816894531,48.72999954223633,48.77159881591797,80199
2026-09-22 14:05:00+00:00,48.77999877929688,48.77999877929688,48.7400016784668,48.75,57459
2026-09-22 14:06:00+00:00,48.744998931884766,48.79999923706055,48.744998931884766,48.79499816894531,133739
2026-09-22 14:07:00+00:00,48.79999923706055,48.869998931884766,48.79999923706055,48.83000183105469,154135
2026-09-22 14:08:00+00:00,48.834999084472656,48.84999847412109,48.790000915527344,48.81999969482422,111644
2026-09-22 14:09:00+00:00,48.810001373291016,48.81990051269531,48.76499938964844,48.76499938964844,35240
2026-09-22 14:10:00+00:00,48.76499938964844,48.84000015258789,48.76499938964844,48.84000015258789,100796
2026-09-22 14:11:00+00:00,48.834999084472656,48.900001525878906,48.834999084472656,48.8650016784668,176972
2026-09-22 14:12:00+00:00,48.86000061035156,48.91999816894531,48.845001220703125,48.900001525878906,143663
2026-09-22 14:13:00+00:00,48.90999984741211,48.959999084472656,48.869998931884766,48.91999816894531,245004
2026-09-22 14:14:00+00:00,48.92499923706055,48.93999862670898,48.875,48.900001525878906,85883
2026-09-22 14:15:00+00:00,48.90499877929688,48.91999816894531,48.8650016784668,48.8650016784668,98043
2026-09-22 14:16:00+00:00,48.86000061035156,48.88999938964844,48.83250045776367,48.84999847412109,55238
2026-09-22 14:17:00+00:00,48.84999847412109,48.84999847412109,48.79999923706055,48.82500076293945,72611
2026-09-22 14:18:00+00:00,48.79999923706055,48.79999923706055,48.760101318359375,48.78499984741211,45808
2026-09-22 14:19:00+00:00,48.790000915527344,48.81499862670898,48.77000045776367,48.775001525878906,104885
2026-09-22 14:20:00+00:00,48.775001525878906,48.790000915527344,48.755001068115234,48.78129959106445,54193
2026-09-22 14:21:00+00:00,48.78499984741211,48.80500030517578,48.73500061035156,48.79999923706055,58942
2026-09-22 14:22:00+00:00,48.80500030517578,48.83000183105469,48.7599983215332,48.790000915527344,27470
2026-09-22 14:23:00+00:00,48.77999877929688,48.81999969482422,48.77799987792969,48.79499816894531,86114
2026-09-22 14:24:00+00:00,48.79499816894531,48.79999923706055,48.77000045776367,48.78499984741211,34771
2026-09-22 14:25:00+00:00,48.790000915527344,48.79999923706055,48.76800155639648,48.775001525878906,25343
2026-09-22 14:26:00+00:00,48.76499938964844,48.775001525878906,48.73130035400391,48.744998931884766,77500
2026-09-22 14:27:00+00:00,48.7400016784668,48.744998931884766,48.712398529052734,48.7400016784668,133965
2026-09-22 14:28:00+00:00,48.74990081787109,48.769901275634766,48.720001220703125,48.720001220703125,59130
2026-09-22 14:29:00+00:00,48.72499847412109,48.72499847412109,48.65290069580078,48.65999984741211,107203
2026-09-22 14:30:00+00:00,48.65010070800781,48.665000915527344,48.59000015258789,48.609901428222656,139644
2026-09-22 14:31:00+00:00,48.61000061035156,48.63999938964844,48.56999969482422,48.6150016784668,87500
2026-09-22 14:32:00+00:00,48.6150016784668,48.6150016784668,48.53499984741211,48.54999923706055,148444
2026-09-22 14:33:00+00:00,48.54999923706055,48.58000183105469,48.52999877929688,48.56499862670898,108393
2026-09-22 14:34:00+00:00,48.56999969482422,48.60499954223633,48.54999923706055,48.560001373291016,50736
2026-09-22 14:35:00+00:00,48.55199813842773,48.55500030517578,48.3849983215332,48.39500045776367,369512
2026-09-22 14:36:00+00:00,48.40499877929688,48.480098724365234,48.400001525878906,48.470001220703125,181891
2026-09-22 14:37:00+00:00,48.470001220703125,48.540000915527344,48.45500183105469,48.52000045776367,76806
2026-09-22 14:38:00+00:00,48.52000045776367,48.5974006652832,48.52000045776367,48.56999969482422,63854
2026-09-22 14:39:00+00:00,48.58000183105469,48.63999938964844,48.57500076293945,48.625,116638
2026-09-22 14:40:00+00:00,48.625,48.67499923706055,48.58990097045898,48.67499923706055,102335
2026-09-22 14:41:00+00:00,48.68000030517578,48.68999862670898,48.625,48.6349983215332,95976
2026-09-22 14:42:00+00:00,48.630001068115234,48.630001068115234,48.56999969482422,48.57500076293945,143815
2026-09-22 14:43:00+00:00,48.57500076293945,48.61000061035156,48.56999969482422,48.595001220703125,87791
2026-09-22 14:44:00+00:00,48.59999847412109,48.63999938964844,48.584999084472656,48.63999938964844,49531
2026-09-22 14:45:00+00:00,48.63999938964844,48.67499923706055,48.619998931884766,48.6349983215332,62900
2026-09-22 14:46:00+00:00,48.6349983215332,48.68999862670898,48.6349983215332,48.672401428222656,57635
2026-09-22 14:47:00+00:00,48.66999816894531,48.70000076293945,48.625,48.69499969482422,77374
2026-09-22 14:48:00+00:00,48.68999862670898,48.69729995727539,48.665000915527344,48.68000030517578,87915
2026-09-22 14:49:00+00:00,48.68000030517578,48.720001220703125,48.67499923706055,48.70500183105469,91277
2026-09-22 14:50:00+00:00,48.70500183105469,48.75,48.685001373291016,48.71860122680664,71628
2026-09-22 14:51:00+00:00,48.71500015258789,48.738800048828125,48.70000076293945,48.709999084472656,45353
2026-09-22 14:52:00+00:00,48.709999084472656,48.71839904785156,48.68999862670898,48.70500183105469,52592
2026-09-22 14:53:00+00:00,48.6890983581543,48.71500015258789,48.665000915527344,48.71500015258789,46689
2026-09-22 14:54:00+00:00,48.71879959106445,48.75,48.70000076293945,48.7400016784668,70793
2026-09-22 14:55:00+00:00,48.744998931884766,48.790000915527344,48.744998931884766,48.790000915527344,91775
2026-09-22 14:56:00+00:00,48.790000915527344,48.80500030517578,48.76499938964844,48.78770065307617,78708
2026-09-22 14:57:00+00:00,48.790000915527344,48.84000015258789,48.790000915527344,48.82500076293945,65064
2026-09-22 14:58:00+00:00,48.82500076293945,48.834999084472656,48.810001373291016,48.82500076293945,78437
2026-09-22 14:59:00+00:00,48.82500076293945,48.86000061035156,48.81999969482422,48.84999847412109,46051
2026-09-22 15:00:00+00:00,48.845001220703125,48.869998931884766,48.81380081176758,48.82500076293945,104615
2026-09-22 15:01:00+00:00,48.820098876953125,48.85499954223633,48.81499862670898,48.84999847412109,58551
2026-09-22 15:02:00+00:00,48.84650039672852,48.8650016784668,48.84000015258789,48.86000061035156,52323
2026-09-22 15:03:00+00:00,48.86000061035156,48.86000061035156,48.79999923706055,48.81999969482422,84246
2026-09-22 15:04:00+00:00,48.83000183105469,48.84999847412109,48.81380081176758,48.84510040283203,193027
2026-09-22 15:05:00+00:00,48.84999847412109,48.875,48.834999084472656,48.869998931884766,49824
2026-09-22 15:06:00+00:00,48.869998931884766,48.88999938964844,48.84999847412109,48.875,72300
2026-09-22 15:07:00+00:00,48.875,48.88999938964844,48.85499954223633,48.875,62040
2026-09-22 15:08:00+00:00,48.875,48.91999816894531,48.87009811401367,48.90499877929688,127073
2026-09-22 15:09:00+00:00,48.90499877929688,48.92499923706055,48.83000183105469,48.8301010131836,170953
2026-09-22 15:10:00+00:00,48.84000015258789,48.84000015258789,48.80500030517578,48.810001373291016,197687
2026-09-22 15:11:00+00:00,48.81499862670898,48.81999969482422,48.772098541259766,48.81499862670898,121269
2026-09-22 15:12:00+00:00,48.81499862670898,48.845001220703125,48.78499984741211,48.845001220703125,30982
2026-09-22 15:13:00+00:00,48.845001220703125,48.86000061035156,48.83000183105469,48.845001220703125,26756
2026-09-22 15:14:00+00:00,48.845001220703125,48.88790130615234,48.845001220703125,48.875,106294
2026-09-22 15:15:00+00:00,48.875,48.89849853515625,48.83000183105469,48.83000183105469,102041
2026-09-22 15:16:00+00:00,48.81999969482422,48.834999084472656,48.810001373291016,48.82500076293945,67521
2026-09-22 15:17:00+00:00,48.82500076293945,48.83000183105469,48.79499816894531,48.79499816894531,59711
2026-09-22 15:18:00+00:00,48.79499816894531,48.81510162353516,48.77999877929688,48.77999877929688,40849
2026-09-22 15:19:00+00:00,48.77999877929688,48.834999084472656,48.77000045776367,48.81499862670898,60724
2026-09-22 15:20:00+00:00,48.81999969482422,48.81999969482422,48.775001525878906,48.77999877929688,58657
2026-09-22 15:21:00+00:00,48.77999877929688,48.834999084472656,48.77999877929688,48.834999084472656,133115
2026-09-22 15:22:00+00:00,48.83000183105469,48.87540054321289,48.83000183105469,48.86000061035156,60943
2026-09-22 15:23:00+00:00,48.86009979248047,48.88999938964844,48.84000015258789,48.869998931884766,39361
2026-09-22 15:24:00+00:00,48.869998931884766,48.88999938964844,48.845001220703125,48.845001220703125,30817
2026-09-22 15:25:00+00:00,48.84999847412109,48.88999938964844,48.8400993347168,48.880001068115234,37303
2026-09-22 15:26:00+00:00,48.875,48.88859939575195,48.8650016784668,48.87009811401367,29021
2026-09-22 15:27:00+00:00,48.880001068115234,48.880001068115234,48.84999847412109,48.86000061035156,39941
2026-09-22 15:28:00+00:00,48.8650016784668,48.8849983215332,48.86000061035156,48.8650016784668,30989
2026-09-22 15:29:00+00:00,48.86000061035156,48.87990188598633,48.86000061035156,48.86000061035156,34564
2026-09-22 15:30:00+00:00,48.84999847412109,48.875,48.834999084472656,48.8650016784668,42594
2026-09-22 15:31:00+00:00,48.8650016784668,48.880001068115234,48.84999847412109,48.869998931884766,35676
2026-09-22 15:32:00+00:00,48.8650016784668,48.900001525878906,48.8650016784668,48.8849983215332,55658
2026-09-22 15:33:00+00:00,48.8849983215332,48.899898529052734,48.880001068115234,48.880001068115234,39721
2026-09-22 15:34:00+00:00,48.86000061035156,48.869998931884766,48.84999847412109,48.86000061035156,77589
2026-09-22 15:35:00+00:00,48.85499954223633,48.89500045776367,48.845001220703125,48.86000061035156,69445
2026-09-22 15:36:00+00:00,48.86000061035156,48.93000030517578,48.86000061035156,48.92499923706055,40572
2026-09-22 15:37:00+00:00,48.92499923706055,48.935001373291016,48.88999938964844,48.90499877929688,164938
2026-09-22 15:38:00+00:00,48.90499877929688,48.90499877929688,48.845001220703125,48.845001220703125,169648
2026-09-22 15:39:00+00:00,48.84999847412109,48.890098571777344,48.84999847412109,48.890098571777344,136921
2026-09-22 15:40:00+00:00,48.895301818847656,48.94499969482422,48.88999938964844,48.9099006652832,58191
2026-09-22 15:41:00+00:00,48.910099029541016,48.94499969482422,48.88999938964844,48.94499969482422,45413
2026-09-22 15:42:00+00:00,48.94499969482422,49.0,48.93999862670898,48.959999084472656,152662
2026-09-22 15:43:00+00:00,48.95989990234375,48.98899841308594,48.93999862670898,48.98500061035156,67604
2026-09-22 15:44:00+00:00,48.98640060424805,49.04499816894531,48.97999954223633,49.025001525878906,379066
2026-09-22 15:45:00+00:00,49.025001525878906,49.060001373291016,49.02000045776367,49.05989837646485,140420
2026-09-22 15:46:00+00:00,49.060001373291016,49.119998931884766,48.994998931884766,48.994998931884766,217630
2026-09-22 15:47:00+00:00,48.9900016784668,49.0,48.95000076293945,48.99589920043945,98253
2026-09-22 15:48:00+00:00,49.0,49.03499984741211,49.0,49.025001525878906,91411
2026-09-22 15:49:00+00:00,49.025001525878906,49.040000915527344,48.98139953613281,48.98500061035156,98604
2026-09-22 15:50:00+00:00,48.98500061035156,48.98500061035156,48.93009948730469,48.93999862670898,63910
2026-09-22 15:51:00+00:00,48.94499969482422,48.94990158081055,48.9015998840332,48.90999984741211,95629
2026-09-22 15:52:00+00:00,48.91339874267578,48.95000076293945,48.88999938964844,48.93000030517578,64760
2026-09-22 15:53:00+00:00,48.935001373291016,48.94990158081055,48.934200286865234,48.94499969482422,33209
2026-09-22 15:54:00+00:00,48.935001373291016,48.95000076293945,48.935001373291016,48.935001373291016,68916
2026-09-22 15:55:00+00:00,48.935001373291016,48.959999084472656,48.931400299072266,48.94499969482422,158653
2026-09-22 15:56:00+00:00,48.93999862670898,48.98550033569336,48.93999862670898,48.97499847412109,104737
2026-09-22 15:57:00+00:00,48.97499847412109,48.97499847412109,48.95500183105469,48.959999084472656,26134
2026-09-22 15:58:00+00:00,48.96500015258789,48.970001220703125,48.935001373291016,48.93999862670898,65263
2026-09-22 15:59:00+00:00,48.93999862670898,48.94559860229492,48.935001373291016,48.94020080566406,37361
2026-09-22 16:00:00+00:00,48.95000076293945,48.96500015258789,48.93999862670898,48.93999862670898,51354
2026-09-22 16:01:00+00:00,48.95000076293945,48.95500183105469,48.92499923706055,48.93989944458008,35893
2026-09-22 16:02:00+00:00,48.93999862670898,48.9900016784668,48.93199920654297,48.970001220703125,34821
2026-09-22 16:03:00+00:00,48.959999084472656,49.005001068115234,48.94499969482422,49.00199890136719,50622
2026-09-22 16:04:00+00:00,49.005001068115234,49.005001068115234,48.92499923706055,48.93999862670898,134988
2026-09-22 16:05:00+00:00,48.93000030517578,48.93000030517578,48.86000061035156,48.89500045776367,82349
2026-09-22 16:06:00+00:00,48.89500045776367,48.92499923706055,48.845001220703125,48.92499923706055,71604
2026-09-22 16:07:00+00:00,48.93000030517578,48.95500183105469,48.93000030517578,48.93999862670898,45896
2026-09-22 16:08:00+00:00,48.94499969482422,48.95009994506836,48.880001068115234,48.90999984741211,98478
2026-09-22 16:09:00+00:00,48.915000915527344,48.915000915527344,48.86000061035156,48.8650016784668,29373
2026-09-22 16:10:00+00:00,48.85499954223633,48.86009979248047,48.81999969482422,48.820098876953125,56839
2026-09-22 16:11:00+00:00,48.82500076293945,48.845001220703125,48.79999923706055,48.845001220703125,82550
2026-09-22 16:12:00+00:00,48.845001220703125,48.85639953613281,48.83000183105469,48.83000183105469,95882
2026-09-22 16:13:00+00:00,48.84000015258789,48.84000015258789,48.77999877929688,48.77999877929688,113027
2026-09-22 16:14:00+00:00,48.77999877929688,48.810001373291016,48.77999877929688,48.79999923706055,25153
2026-09-22 16:15:00+00:00,48.79999923706055,48.810001373291016,48.77000045776367,48.79499816894531,59984
2026-09-22 16:16:00+00:00,48.79999923706055,48.83610153198242,48.79999923706055,48.80500030517578,106092
2026-09-22 16:17:00+00:00,48.810001373291016,48.810001373291016,48.77999877929688,48.78499984741211,196078
2026-09-22 16:18:00+00:00,48.78499984741211,48.78990173339844,48.7599983215332,48.76499938964844,141358
2026-09-22 16:19:00+00:00,48.76499938964844,48.76499938964844,48.75,48.7599983215332,47472
2026-09-22 16:20:00+00:00,48.76499938964844,48.77999877929688,48.7400016784668,48.77899932861328,89973
2026-09-22 16:21:00+00:00,48.77999877929688,48.834999084472656,48.774200439453125,48.81499862670898,57855
2026-09-22 16:22:00+00:00,48.81999969482422,48.834999084472656,48.790000915527344,48.790000915527344,43464
2026-09-22 16:23:00+00:00,48.78499984741211,48.81499862670898,48.775001525878906,48.79499816894531,79758
2026-09-22 16:24:00+00:00,48.79499816894531,48.834999084472656,48.790000915527344,48.834999084472656,39751
2026-09-22 16:25:00+00:00,48.834999084472656,48.880001068115234,48.832801818847656,48.845001220703125,65893
2026-09-22 16:26:00+00:00,48.845001220703125,48.845001220703125,48.790000915527344,48.790000915527344,49513
2026-09-22 16:27:00+00:00,48.79499816894531,48.79499816894531,48.75,48.77999877929688,155623
2026-09-22 16:28:00+00:00,48.77999877929688,48.77999877929688,48.7400016784668,48.744998931884766,100356
2026-09-22 16:29:00+00:00,48.744998931884766,48.77009963989258,48.744998931884766,48.74990081787109,97582
2026-09-22 16:30:00+00:00,48.744998931884766,48.79999923706055,48.744998931884766,48.77619934082031,52611
2026-09-22 16:31:00+00:00,48.775001525878906,48.77999877929688,48.72999954223633,48.75,90091
2026-09-22 16:32:00+00:00,48.755001068115234,48.77999877929688,48.755001068115234,48.755001068115234,40260
2026-09-22 16:33:00+00:00,48.75,48.78499984741211,48.72999954223633,48.78499984741211,30088
2026-09-22 16:34:00+00:00,48.77999877929688,48.80500030517578,48.755001068115234,48.79499816894531,39010
2026-09-22 16:35:00+00:00,48.790000915527344,48.79499816894531,48.7400016784668,48.775001525878906,160459
2026-09-22 16:36:00+00:00,48.77130126953125,48.810001373291016,48.77000045776367,48.810001373291016,53559
2026-09-22 16:37:00+00:00,48.80500030517578,48.82500076293945,48.80009841918945,48.80009841918945,55473
2026-09-22 16:38:00+00:00,48.80500030517578,48.81999969482422,48.80139923095703,48.81499862670898,19880
2026-09-22 16:39:00+00:00,48.81499862670898,48.83000183105469,48.810001373291016,48.81499862670898,64061
2026-09-22 16:40:00+00:00,48.81999969482422,48.84999847412109,48.81999969482422,48.8400993347168,54116
2026-09-22 16:41:00+00:00,48.845001220703125,48.86579895019531,48.845001220703125,48.84999847412109,41395
2026-09-22 16:42:00+00:00,48.845001220703125,48.86000061035156,48.79499816894531,48.834999084472656,197545
2026-09-22 16:43:00+00:00,48.84000015258789,48.85499954223633,48.84000015258789,48.85499954223633,45150
2026-09-22 16:44:00+00:00,48.85499954223633,48.875,48.8301010131836,48.8301010131836,55005
2026-09-22 16:45:00+00:00,48.834999084472656,48.875,48.8301010131836,48.8650016784668,48182
2026-09-22 16:46:00+00:00,48.8650016784668,48.880001068115234,48.845001220703125,48.851898193359375,162833
2026-09-22 16:47:00+00:00,48.84000015258789,48.84999847412109,48.834999084472656,48.834999084472656,217473
2026-09-22 16:48:00+00:00,48.834598541259766,48.90900039672852,48.81999969482422,48.8650016784668,156914
2026-09-22 16:49:00+00:00,48.8650016784668,48.93000030517578,48.85499954223633,48.93000030517578,66029
2026-09-22 16:50:00+00:00,48.92900085449219,48.970001220703125,48.90999984741211,48.959999084472656,116965
2026-09-22 16:51:00+00:00,48.959999084472656,49.0369987487793,48.959999084472656,49.03499984741211,160749
2026-09-22 16:52:00+00:00,49.03499984741211,49.040000915527344,48.97999954223633,49.01499938964844,282471
2026-09-22 16:53:00+00:00,49.018699645996094,49.02000045776367,48.98500061035156,48.98989868164063,78896
2026-09-22 16:54:00+00:00,48.9900016784668,49.03499984741211,48.970001220703125,49.025001525878906,125591
2026-09-22 16:55:00+00:00,49.025001525878906,49.02999877929688,48.9900016784668,48.99990081787109,122093
2026-09-22 16:56:00+00:00,48.994998931884766,49.0,48.97499847412109,48.994998931884766,56816
2026-09-22 16:57:00+00:00,48.994998931884766,48.99990081787109,48.9900016784668,48.9900016784668,16111
2026-09-22 16:58:00+00:00,48.99599838256836,49.005001068115234,48.96989822387695,48.97320175170898,283442
2026-09-22 16:59:00+00:00,48.970001220703125,48.97999954223633,48.95000076293945,48.959999084472656,120767
2026-09-22 17:00:00+00:00,48.959999084472656,48.959999084472656,48.921199798583984,48.9384994506836,59830
2026-09-22 17:01:00+00:00,48.935001373291016,48.994998931884766,48.93009948730469,48.98500061035156,56327
2026-09-22 17:02:00+00:00,48.98500061035156,49.0099983215332,48.97999954223633,49.005001068115234,45646
2026-09-22 17:03:00+00:00,49.0099983215332,49.03499984741211,49.0099983215332,49.03499984741211,40449
2026-09-22 17:04:00+00:00,49.03499984741211,49.03499984741211,48.9900016784668,48.9900016784668,112211
2026-09-22 17:05:00+00:00,48.98989868164063,49.0098991394043,48.97999954223633,49.00590133666992,62192
2026-09-22 17:06:00+00:00,49.0099983215332,49.0099983215332,48.97499847412109,48.994998931884766,49632
2026-09-22 17:07:00+00:00,48.99209976196289,49.0,48.97999954223633,48.9900016784668,72384
2026-09-22 17:08:00+00:00,48.99420166015625,48.994998931884766,48.95500183105469,48.96500015258789,192552
2026-09-22 17:09:00+00:00,48.96500015258789,48.97999954223633,48.95000076293945,48.970001220703125,30804
2026-09-22 17:10:00+00:00,48.970001220703125,48.994998931884766,48.970001220703125,48.98500061035156,40529
2026-09-22 17:11:00+00:00,48.98500061035156,49.025001525878906,48.98419952392578,49.0099983215332,46547
2026-09-22 17:12:00+00:00,49.01499938964844,49.02000045776367,48.93000030517578,48.94499969482422,104159
2026-09-22 17:13:00+00:00,48.94499969482422,48.9556999206543,48.92010116577149,48.93999862670898,572228
2026-09-22 17:14:00+00:00,48.93999862670898,48.970001220703125,48.93999862670898,48.95500183105469,36592
2026-09-22 17:15:00+00:00,48.9557991027832,48.994998931884766,48.95000076293945,48.97999954223633,75493
2026-09-22 17:16:00+00:00,48.98500061035156,48.994998931884766,48.95000076293945,48.95500183105469,54420
2026-09-22 17:17:00+00:00,48.95500183105469,48.959999084472656,48.87200164794922,48.880001068115234,127366
2026-09-22 17:18:00+00:00,48.88990020751953,48.88990020751953,48.84999847412109,48.85499954223633,26402
2026-09-22 17:19:00+00:00,48.85900115966797,48.935001373291016,48.85900115966797,48.935001373291016,122612
2026-09-22 17:20:00+00:00,48.93000030517578,48.959999084472656,48.93000030517578,48.935001373291016,174859
2026-09-22 17:21:00+00:00,48.935001373291016,48.95000076293945,48.93000030517578,48.95000076293945,29007
2026-09-22 17:22:00+00:00,48.959999084472656,48.97999954223633,48.959999084472656,48.97499847412109,135325
2026-09-22 17:23:00+00:00,48.970001220703125,48.994998931884766,48.970001220703125,48.97999954223633,49071
2026-09-22 17:24:00+00:00,48.9900016784668,49.0,48.97999954223633,49.0,74330
2026-09-22 17:25:00+00:00,48.994998931884766,49.0099983215332,48.994998931884766,49.0099983215332,35939
2026-09-22 17:26:00+00:00,49.0099983215332,49.02000045776367,48.994998931884766,49.02000045776367,52766
2026-09-22 17:27:00+00:00,49.0099983215332,49.02000045776367,49.005001068115234,49.02000045776367,104446
2026-09-22 17:28:00+00:00,49.02000045776367,49.02999877929688,49.01499938964844,49.025001525878906,27663
2026-09-22 17:29:00+00:00,49.025001525878906,49.05619812011719,49.02000045776367,49.05619812011719,49768
2026-09-22 17:30:00+00:00,49.05500030517578,49.060001373291016,49.01499938964844,49.05500030517578,73131
2026-09-22 17:31:00+00:00,49.05609893798828,49.065799713134766,49.04499816894531,49.060001373291016,263831
2026-09-22 17:32:00+00:00,49.06969833374024,49.06990051269531,49.05030059814453,49.05030059814453,68965
2026-09-22 17:33:00+00:00,49.04999923706055,49.06999969482422,49.04499816894531,49.06999969482422,68250
2026-09-22 17:34:00+00:00,49.07500076293945,49.07500076293945,49.040000915527344,49.040000915527344,52393
2026-09-22 17:35:00+00:00,49.040000915527344,49.05500030517578,49.02999877929688,49.04499816894531,75612
2026-09-22 17:36:00+00:00,49.04999923706055,49.05500030517578,49.02999877929688,49.02999877929688,24583
2026-09-22 17:37:00+00:00,49.02999877929688,49.02999877929688,48.9901008605957,49.005001068115234,54614
2026-09-22 17:38:00+00:00,49.005001068115234,49.0099983215332,49.0,49.005001068115234,35875
2026-09-22 17:39:00+00:00,49.005001068115234,49.019901275634766,48.9640998840332,48.97330093383789,104072
2026-09-22 17:40:00+00:00,48.97100067138672,48.9900016784668,48.96500015258789,48.97999954223633,37295
2026-09-22 17:41:00+00:00,48.98500061035156,49.0099983215332,48.98500061035156,49.005001068115234,40521
2026-09-22 17:42:00+00:00,49.005001068115234,49.01499938964844,48.97999954223633,49.01499938964844,88563
2026-09-22 17:43:00+00:00,49.01499938964844,49.040000915527344,48.98500061035156,48.98500061035156,101474
2026-09-22 17:44:00+00:00,48.97499847412109,48.9900016784668,48.96500015258789,48.98310089111328,57868
2026-09-22 17:45:00+00:00,48.98500061035156,49.0,48.98500061035156,48.9900016784668,41778
2026-09-22 17:46:00+00:00,48.98500061035156,48.98500061035156,48.95000076293945,48.96500015258789,39308
2026-09-22 17:47:00+00:00,48.96009826660156,48.98500061035156,48.959999084472656,48.98500061035156,32617
2026-09-22 17:48:00+00:00,48.9900016784668,49.0099983215332,48.954200744628906,49.0099983215332,73839
2026-09-22 17:49:00+00:00,49.01499938964844,49.02000045776367,48.97499847412109,48.97999954223633,36984
2026-09-22 17:50:00+00:00,48.98630142211914,48.98630142211914,48.97499847412109,48.97499847412109,34911
2026-09-22 17:51:00+00:00,48.970001220703125,48.97999954223633,48.95230102539063,48.95230102539063,29459
2026-09-22 17:52:00+00:00,48.95500183105469,49.05500030517578,48.95500183105469,49.040000915527344,140495
2026-09-22 17:53:00+00:00,49.040000915527344,49.040000915527344,48.99129867553711,49.005001068115234,51319
2026-09-22 17:54:00+00:00,49.005001068115234,49.06999969482422,49.005001068115234,49.01499938964844,81971
2026-09-22 17:55:00+00:00,49.01499938964844,49.05500030517578,48.98500061035156,49.05500030517578,75594
2026-09-22 17:56:00+00:00,49.05500030517578,49.07500076293945,49.04499816894531,49.06499862670898,102810
2026-09-22 17:57:00+00:00,49.06999969482422,49.07500076293945,49.04999923706055,49.06010055541992,78558
2026-09-22 17:58:00+00:00,49.06499862670898,49.09000015258789,49.060001373291016,49.084999084472656,39608
2026-09-22 17:59:00+00:00,49.06999969482422,49.08000183105469,49.03499984741211,49.04499816894531,67115
2026-09-22 18:00:00+00:00,49.04010009765625,49.05509948730469,49.02009963989258,49.03499984741211,39077
2026-09-22 18:01:00+00:00,49.03499984741211,49.03609848022461,49.01499938964844,49.03499984741211,47305
2026-09-22 18:02:00+00:00,49.03499984741211,49.03499984741211,49.0099983215332,49.02999877929688,52071
2026-09-22 18:03:00+00:00,49.03499984741211,49.04999923706055,49.03409957885742,49.04499816894531,36635
2026-09-22 18:04:00+00:00,49.040000915527344,49.06499862670898,49.040000915527344,49.04790115356445,70598
2026-09-22 18:05:00+00:00,49.04999923706055,49.06499862670898,49.040000915527344,49.04499816894531,64811
2026-09-22 18:06:00+00:00,49.03499984741211,49.04499816894531,49.01499938964844,49.02999877929688,59371
2026-09-22 18:07:00+00:00,49.02999877929688,49.02999877929688,48.994998931884766,49.01499938964844,196983
2026-09-22 18:08:00+00:00,49.0099983215332,49.025001525878906,48.9900016784668,49.01499938964844,142847
2026-09-22 18:09:00+00:00,49.01499938964844,49.019901275634766,48.9995002746582,48.9995002746582,53798
2026-09-22 18:10:00+00:00,49.0,49.007598876953125,48.953800201416016,48.959999084472656,88281
2026-09-22 18:11:00+00:00,48.959999084472656,49.007598876953125,48.95500183105469,48.994998931884766,194402
2026-09-22 18:12:00+00:00,48.994998931884766,49.025001525878906,48.994998931884766,49.01499938964844,54300
2026-09-22 18:13:00+00:00,49.02000045776367,49.05619812011719,49.01499938964844,49.05619812011719,29765
2026-09-22 18:14:00+00:00,49.05500030517578,49.07500076293945,49.000099182128906,49.02000045776367,119745
2026-09-22 18:15:00+00:00,49.0099983215332,49.060001373291016,49.0099983215332,49.040000915527344,81119
2026-09-22 18:16:00+00:00,49.04999923706055,49.08000183105469,49.04999923706055,49.07780075073242,59749
2026-09-22 18:17:00+00:00,49.08000183105469,49.084999084472656,49.060001373291016,49.07500076293945,45342
2026-09-22 18:18:00+00:00,49.08000183105469,49.0885009765625,49.06499862670898,49.06499862670898,65906
2026-09-22 18:19:00+00:00,49.06999969482422,49.07500076293945,49.04999923706055,49.04999923706055,53128
2026-09-22 18:20:00+00:00,49.04499816894531,49.04499816894531,49.02000045776367,49.03459930419922,109333
2026-09-22 18:21:00+00:00,49.03499984741211,49.04499816894531,48.98500061035156,48.98500061035156,323220
2026-09-22 18:22:00+00:00,48.9900016784668,49.0,48.98500061035156,48.99380111694336,33599
2026-09-22 18:23:00+00:00,48.994998931884766,49.019901275634766,48.9901008605957,49.019901275634766,37636
2026-09-22 18:24:00+00:00,49.0099983215332,49.02000045776367,48.97999954223633,48.98500061035156,62655
2026-09-22 18:25:00+00:00,48.97999954223633,48.97999954223633,48.900001525878906,48.90999984741211,76833
2026-09-22 18:26:00+00:00,48.910099029541016,48.91999816894531,48.88999938964844,48.91999816894531,66871
2026-09-22 18:27:00+00:00,48.915000915527344,48.928001403808594,48.88010025024414,48.89500045776367,46531
2026-09-22 18:28:00+00:00,48.89500045776367,48.90499877929688,48.880001068115234,48.8849983215332,48452
2026-09-22 18:29:00+00:00,48.8849983215332,48.915000915527344,48.880001068115234,48.880001068115234,95261
2026-09-22 18:30:00+00:00,48.875,48.88999938964844,48.85010147094727,48.85499954223633,73414
2026-09-22 18:31:00+00:00,48.86000061035156,48.8849983215332,48.84999847412109,48.8650016784668,53272
2026-09-22 18:32:00+00:00,48.869998931884766,48.880001068115234,48.845001220703125,48.86000061035156,43404
2026-09-22 18:33:00+00:00,48.869998931884766,48.88899993896485,48.869998931884766,48.880001068115234,231508
2026-09-22 18:34:00+00:00,48.875,48.90530014038086,48.869998931884766,48.880001068115234,39026
2026-09-22 18:35:00+00:00,48.88999938964844,48.90999984741211,48.880001068115234,48.90399932861328,50359
2026-09-22 18:36:00+00:00,48.90499877929688,48.93999862670898,48.880001068115234,48.8849983215332,152960
2026-09-22 18:37:00+00:00,48.8849983215332,48.91529846191406,48.8849983215332,48.90639877319336,35569
2026-09-22 18:38:00+00:00,48.90999984741211,48.93999862670898,48.90999984741211,48.9385986328125,58695
2026-09-22 18:39:00+00:00,48.935001373291016,48.94499969482422,48.93000030517578,48.94499969482422,28789
2026-09-22 18:40:00+00:00,48.94499969482422,48.95000076293945,48.93999862670898,48.93999862670898,44466
2026-09-22 18:41:00+00:00,48.94499969482422,48.959999084472656,48.92499923706055,48.95500183105469,90695
2026-09-22 18:42:00+00:00,48.95500183105469,48.970001220703125,48.95320129394531,48.96500015258789,30382
2026-09-22 18:43:00+00:00,48.970001220703125,48.970001220703125,48.92499923706055,48.93999862670898,34356
2026-09-22 18:44:00+00:00,48.94499969482422,48.95000076293945,48.93000030517578,48.93989944458008,29002
2026-09-22 18:45:00+00:00,48.935001373291016,48.96500015258789,48.935001373291016,48.96500015258789,36978
2026-09-22 18:46:00+00:00,48.96500015258789,48.97999954223633,48.96319961547852,48.97499847412109,47800
2026-09-22 18:47:00+00:00,48.97499847412109,48.98500061035156,48.96500015258789,48.97869873046875,53150
2026-09-22 18:48:00+00:00,48.97999954223633,49.0099983215332,48.97999954223633,49.005001068115234,48433
2026-09-22 18:49:00+00:00,49.005001068115234,49.02999877929688,48.9900016784668,48.994998931884766,183443
2026-09-22 18:50:00+00:00,48.994998931884766,49.0,48.96500015258789,48.970001220703125,47046
2026-09-22 18:51:00+00:00,48.97499847412109,48.9900016784668,48.97010040283203,48.98500061035156,80504
2026-09-22 18:52:00+00:00,48.98500061035156,49.0,48.97499847412109,48.99480056762695,113900
2026-09-22 18:53:00+00:00,48.994998931884766,49.0,48.98500061035156,48.999000549316406,29657
2026-09-22 18:54:00+00:00,48.994998931884766,49.0099983215332,48.9900016784668,49.005001068115234,36982
2026-09-22 18:55:00+00:00,49.005001068115234,49.04999923706055,48.994998931884766,48.99990081787109,1429947
2026-09-22 18:56:00+00:00,49.0,49.0099983215332,49.0,49.0,16492
2026-09-22 18:57:00+00:00,48.99850082397461,49.02000045776367,48.9900016784668,49.01499938964844,33867
2026-09-22 18:58:00+00:00,49.01499938964844,49.01499938964844,48.98500061035156,48.994998931884766,34315
2026-09-22 18:59:00+00:00,48.99700164794922,49.0,48.96500015258789,48.972801208496094,65672
2026-09-22 19:00:00+00:00,48.97499847412109,48.9900016784668,48.96500015258789,48.98899841308594,32026
2026-09-22 19:01:00+00:00,48.9900016784668,49.005001068115234,48.9900016784668,49.0,105617
2026-09-22 19:02:00+00:00,49.005001068115234,49.005001068115234,48.97010040283203,48.9900016784668,42505
2026-09-22 19:03:00+00:00,48.9900016784668,48.99990081787109,48.93209838867188,48.93999862670898,82940
2026-09-22 19:04:00+00:00,48.94499969482422,48.97499847412109,48.94499969482422,48.97499847412109,78759
2026-09-22 19:05:00+00:00,48.97949981689453,48.98899841308594,48.95000076293945,48.959999084472656,50859
2026-09-22 19:06:00+00:00,48.970001220703125,49.005001068115234,48.970001220703125,49.005001068115234,49955
2026-09-22 19:07:00+00:00,49.00690078735352,49.00690078735352,48.96500015258789,48.98500061035156,29257
2026-09-22 19:08:00+00:00,48.98989868164063,48.9900016784668,48.97499847412109,48.98500061035156,93545
2026-09-22 19:09:00+00:00,48.98500061035156,49.0099983215332,48.97010040283203,49.0099983215332,41166
2026-09-22 19:10:00+00:00,49.005001068115234,49.02000045776367,48.9900016784668,48.994998931884766,63758
2026-09-22 19:11:00+00:00,48.994998931884766,49.0099983215332,48.9900016784668,49.005001068115234,61689
2026-09-22 19:12:00+00:00,49.0,49.0099983215332,48.9900016784668,49.0099983215332,32478
2026-09-22 19:13:00+00:00,49.01499938964844,49.02000045776367,48.97999954223633,48.98500061035156,31499
2026-09-22 19:14:00+00:00,48.9900016784668,49.0,48.96500015258789,48.980098724365234,46374
2026-09-22 19:15:00+00:00,48.9900016784668,49.0099983215332,48.9900016784668,49.005001068115234,33652
2026-09-22 19:16:00+00:00,49.01499938964844,49.03499984741211,49.010101318359375,49.03499984741211,47083
2026-09-22 19:17:00+00:00,49.03499984741211,49.03499984741211,49.0099983215332,49.0099983215332,67132
2026-09-22 19:18:00+00:00,49.01499938964844,49.02999877929688,49.0,49.01499938964844,24375
2026-09-22 19:19:00+00:00,49.02000045776367,49.02999877929688,49.02000045776367,49.025001525878906,35866
2026-09-22 19:20:00+00:00,49.025001525878906,49.02989959716797,48.99100112915039,49.00239944458008,54562
2026-09-22 19:21:00+00:00,49.005001068115234,49.005001068115234,48.97999954223633,48.98500061035156,28003
2026-09-22 19:22:00+00:00,48.98500061035156,48.9900016784668,48.97499847412109,48.97990036010742,41376
2026-09-22 19:23:00+00:00,48.970001220703125,48.994998931884766,48.96500015258789,48.97999954223633,31563
2026-09-22 19:24:00+00:00,48.97999954223633,49.005001068115234,48.97499847412109,48.994998931884766,79603
2026-09-22 19:25:00+00:00,48.9900016784668,49.02999877929688,48.97999954223633,49.025001525878906,37695
2026-09-22 19:26:00+00:00,49.025001525878906,49.025001525878906,49.0,49.0099983215332,48248
2026-09-22 19:27:00+00:00,49.0099983215332,49.02999877929688,49.005001068115234,49.025001525878906,24299
2026-09-22 19:28:00+00:00,49.02009963989258,49.04499816894531,49.02000045776367,49.02000045776367,67542
2026-09-22 19:29:00+00:00,49.0,49.02000045776367,48.97499847412109,49.01499938964844,58604
2026-09-22 19:30:00+00:00,49.019901275634766,49.019901275634766,48.97380065917969,48.98500061035156,48826
2026-09-22 19:31:00+00:00,48.97999954223633,48.97999954223633,48.96989822387695,48.97150039672852,99266
2026-09-22 19:32:00+00:00,48.970001220703125,48.970001220703125,48.95500183105469,48.96009826660156,63113
2026-09-22 19:33:00+00:00,48.9650993347168,48.9650993347168,48.92499923706055,48.92499923706055,126418
2026-09-22 19:34:00+00:00,48.92499923706055,48.97999954223633,48.92010116577149,48.97999954223633,101946
2026-09-22 19:35:00+00:00,48.97499847412109,48.9900016784668,48.95009994506836,48.95009994506836,45883
2026-09-22 19:36:00+00:00,48.95000076293945,48.95000076293945,48.915000915527344,48.915000915527344,45674
2026-09-22 19:37:00+00:00,48.91999816894531,48.93000030517578,48.86000061035156,48.86000061035156,165551
2026-09-22 19:38:00+00:00,48.86130142211914,48.869998931884766,48.85499954223633,48.8650016784668,110361
2026-09-22 19:39:00+00:00,48.8650016784668,48.90499877929688,48.8650016784668,48.89500045776367,93120
2026-09-22 19:40:00+00:00,48.890098571777344,48.93000030517578,48.890098571777344,48.92499923706055,81165
2026-09-22 19:41:00+00:00,48.92499923706055,48.935001373291016,48.89500045776367,48.91999816894531,72468
2026-09-22 19:42:00+00:00,48.92499923706055,48.95000076293945,48.91999816894531,48.94499969482422,70663
2026-09-22 19:43:00+00:00,48.94499969482422,48.94889831542969,48.89500045776367,48.91070175170898,74563
2026-09-22 19:44:00+00:00,48.91999816894531,48.935001373291016,48.900001525878906,48.92779922485352,87099
2026-09-22 19:45:00+00:00,48.93000030517578,48.94499969482422,48.90999984741211,48.915000915527344,52048
2026-09-22 19:46:00+00:00,48.91999816894531,48.93000030517578,48.90999984741211,48.90999984741211,55660
2026-09-22 19:47:00+00:00,48.919898986816406,48.919898986816406,48.869998931884766,48.875,74794
2026-09-22 19:48:00+00:00,48.875,48.90499877929688,48.869998931884766,48.89500045776367,86958
2026-09-22 19:49:00+00:00,48.89500045776367,48.90999984741211,48.880001068115234,48.900001525878906,65376
2026-09-22 19:50:00+00:00,48.88999938964844,48.90999984741211,48.86000061035156,48.8849983215332,137123
2026-09-22 19:51:00+00:00,48.8849983215332,48.88669967651367,48.84999847412109,48.86989974975586,119695
2026-09-22 19:52:00+00:00,48.8650016784668,48.8849983215332,48.86000061035156,48.8650016784668,87523
2026-09-22 19:53:00+00:00,48.86909866333008,48.869998931884766,48.81999969482422,48.83000183105469,160217
2026-09-22 19:54:00+00:00,48.83000183105469,48.83000183105469,48.790000915527344,48.79819869995117,105566
2026-09-22 19:55:00+00:00,48.790000915527344,48.810001373291016,48.77999877929688,48.79499816894531,140534
2026-09-22 19:56:00+00:00,48.79499816894531,48.81499862670898,48.790000915527344,48.81499862670898,131398
2026-09-22 19:57:00+00:00,48.81499862670898,48.84999847412109,48.810001373291016,48.845001220703125,96513
2026-09-22 19:58:00+00:00,48.84199905395508,48.8650016784668,48.83000183105469,48.834999084472656,244336
2026-09-22 19:59:00+00:00,48.84000015258789,48.84999847412109,48.810001373291016,48.82500076293945,461866
2026-09-23 13:30:00+00:00,48.45000076293945,48.48929977416992,48.40999984741211,48.45500183105469,4594106
2026-09-23 13:31:00+00:00,48.43999862670898,48.46749877929688,48.415000915527344,48.45500183105469,75293
2026-09-23 13:32:00+00:00,48.45500183105469,48.52000045776367,48.43999862670898,48.51499938964844,162398
2026-09-23 13:33:00+00:00,48.51409912109375,48.53630065917969,48.46500015258789,48.5099983215332,103883
2026-09-23 13:34:00+00:00,48.51499938964844,48.51499938964844,48.46500015258789,48.46500015258789,54659
2026-09-23 13:35:00+00:00,48.459999084472656,48.470001220703125,48.42910003662109,48.43009948730469,139064
2026-09-23 13:36:00+00:00,48.43000030517578,48.51499938964844,48.42499923706055,48.470001220703125,119217
2026-09-23 13:37:00+00:00,48.47499847412109,48.59000015258789,48.47499847412109,48.58000183105469,277816
2026-09-23 13:38:00+00:00,48.58140182495117,48.630001068115234,48.570098876953125,48.58000183105469,177300
2026-09-23 13:39:00+00:00,48.57500076293945,48.60499954223633,48.54999923706055,48.55500030517578,112484
2026-09-23 13:40:00+00:00,48.55989837646485,48.630001068115234,48.54999923706055,48.630001068115234,102937
2026-09-23 13:41:00+00:00,48.630001068115234,48.650001525878906,48.595001220703125,48.59999847412109,100262
2026-09-23 13:42:00+00:00,48.61000061035156,48.650001525878906,48.55500030517578,48.560001373291016,174481
2026-09-23 13:43:00+00:00,48.560001373291016,48.61989974975586,48.560001373291016,48.605098724365234,71847
2026-09-23 13:44:00+00:00,48.61000061035156,48.630001068115234,48.59049987792969,48.61000061035156,69885
2026-09-23 13:45:00+00:00,48.59999847412109,48.619998931884766,48.5099983215332,48.52880096435547,156739
2026-09-23 13:46:00+00:00,48.525001525878906,48.560001373291016,48.48500061035156,48.53499984741211,155883
2026-09-23 13:47:00+00:00,48.540000915527344,48.560001373291016,48.50859832763672,48.525001525878906,57502
2026-09-23 13:48:00+00:00,48.52999877929688,48.560001373291016,48.480098724365234,48.510101318359375,70837
2026-09-23 13:49:00+00:00,48.4900016784668,48.52989959716797,48.47999954223633,48.52000045776367,85133
2026-09-23 13:50:00+00:00,48.519901275634766,48.54999923706055,48.48500061035156,48.49990081787109,73914
2026-09-23 13:51:00+00:00,48.4900016784668,48.5099983215332,48.44010162353516,48.47999954223633,168312
2026-09-23 13:52:00+00:00,48.47999954223633,48.54999923706055,48.47499847412109,48.540000915527344,84718
2026-09-23 13:53:00+00:00,48.52999877929688,48.54499816894531,48.5099983215332,48.5099983215332,63366
2026-09-23 13:54:00+00:00,48.519901275634766,48.540000915527344,48.47159957885742,48.540000915527344,56949
2026-09-23 13:55:00+00:00,48.52999877929688,48.54499816894531,48.52000045776367,48.52999877929688,42954
2026-09-23 13:56:00+00:00,48.525001525878906,48.54499816894531,48.50270080566406,48.54499816894531,28157
2026-09-23 13:57:00+00:00,48.54999923706055,48.61000061035156,48.54999923706055,48.61000061035156,98865
2026-09-23 13:58:00+00:00,48.60499954223633,48.60499954223633,48.56999969482422,48.5718002319336,18166
2026-09-23 13:59:00+00:00,48.57989883422852,48.59000015258789,48.56999969482422,48.59000015258789,67247
2026-09-23 14:00:00+00:00,48.584999084472656,48.63819885253906,48.58000183105469,48.63819885253906,53606
2026-09-23 14:01:00+00:00,48.63990020751953,48.68000030517578,48.63990020751953,48.667701721191406,323295
2026-09-23 14:02:00+00:00,48.66510009765625,48.68000030517578,48.59999847412109,48.60499954223633,94146
2026-09-23 14:03:00+00:00,48.60499954223633,48.60499954223633,48.53499984741211,48.540000915527344,74235
2026-09-23 14:04:00+00:00,48.54990005493164,48.56999969482422,48.540000915527344,48.56700134277344,53193
2026-09-23 14:05:00+00:00,48.56999969482422,48.595001220703125,48.540000915527344,48.540000915527344,68129
2026-09-23 14:06:00+00:00,48.52999877929688,48.52999877929688,48.48500061035156,48.5,109385
2026-09-23 14:07:00+00:00,48.47999954223633,48.48500061035156,48.41999816894531,48.41999816894531,215787
2026-09-23 14:08:00+00:00,48.423301696777344,48.43000030517578,48.34999847412109,48.369998931884766,300081
2026-09-23 14:09:00+00:00,48.36199951171875,48.3650016784668,48.29999923706055,48.30160140991211,150589
2026-09-23 14:10:00+00:00,48.29999923706055,48.31499862670898,48.10269927978516,48.19499969482422,730913
2026-09-23 14:11:00+00:00,48.204200744628906,48.204200744628906,48.08000183105469,48.12009811401367,187468
2026-09-23 14:12:00+00:00,48.125,48.165000915527344,48.0,48.005001068115234,293509
2026-09-23 14:13:00+00:00,48.005001068115234,48.01499938964844,47.8650016784668,47.96500015258789,479283
2026-09-23 14:14:00+00:00,47.96500015258789,48.07500076293945,47.96500015258789,48.060001373291016,211487
2026-09-23 14:15:00+00:00,48.05009841918945,48.05500030517578,47.97999954223633,48.01499938964844,95971
2026-09-23 14:16:00+00:00,48.0099983215332,48.0099983215332,47.900001525878906,47.90499877929688,241301
2026-09-23 14:17:00+00:00,47.900001525878906,47.9099006652832,47.79999923706055,47.85499954223633,250574
2026-09-23 14:18:00+00:00,47.85499954223633,47.90499877929688,47.810001373291016,47.83000183105469,177653
2026-09-23 14:19:00+00:00,47.83000183105469,47.84999847412109,47.76409912109375,47.76409912109375,356800
2026-09-23 14:20:00+00:00,47.76499938964844,47.84999847412109,47.70000076293945,47.84000015258789,454293
2026-09-23 14:21:00+00:00,47.84000015258789,47.86750030517578,47.77009963989258,47.77009963989258,185974
2026-09-23 14:22:00+00:00,47.77999877929688,47.77999877929688,47.65999984741211,47.66999816894531,250953
2026-09-23 14:23:00+00:00,47.66999816894531,47.68000030517578,47.56999969482422,47.6150016784668,342572
2026-09-23 14:24:00+00:00,47.6150016784668,47.66999816894531,47.58990097045898,47.66999816894531,311412
2026-09-23 14:25:00+00:00,47.67499923706055,47.77999877929688,47.65999984741211,47.72499847412109,273899
2026-09-23 14:26:00+00:00,47.71500015258789,47.717098236083984,47.630001068115234,47.640098571777344,115020
2026-09-23 14:27:00+00:00,47.64500045776367,47.65999984741211,47.61000061035156,47.619998931884766,159347
2026-09-23 14:28:00+00:00,47.625,47.650001525878906,47.59999847412109,47.625,206916
2026-09-23 14:29:00+00:00,47.619998931884766,47.65999984741211,47.52999877929688,47.59000015258789,308779
2026-09-23 14:30:00+00:00,47.59000015258789,47.63999938964844,47.525001525878906,47.525001525878906,378596
2026-09-23 14:31:00+00:00,47.52000045776367,47.58000183105469,47.459999084472656,47.57500076293945,485503
2026-09-23 14:32:00+00:00,47.56999969482422,47.66999816894531,47.560001373291016,47.6599006652832,129751
2026-09-23 14:33:00+00:00,47.67499923706055,47.75,47.63999938964844,47.64770126342773,139515
2026-09-23 14:34:00+00:00,47.650001525878906,47.810001373291016,47.650001525878906,47.79999923706055,125321
2026-09-23 14:35:00+00:00,47.79499816894531,47.8380012512207,47.77999877929688,47.79990005493164,1091253
2026-09-23 14:36:00+00:00,47.80500030517578,47.83000183105469,47.77999877929688,47.81050109863281,89157
2026-09-23 14:37:00+00:00,47.81999969482422,47.84000015258789,47.775001525878906,47.78820037841797,228892
2026-09-23 14:38:00+00:00,47.77999877929688,47.78730010986328,47.72999954223633,47.75,106565
2026-09-23 14:39:00+00:00,47.7504997253418,47.810001373291016,47.72499847412109,47.790000915527344,71848
2026-09-23 14:40:00+00:00,47.79499816894531,47.83000183105469,47.78340148925781,47.810001373291016,70128
2026-09-23 14:41:00+00:00,47.810001373291016,47.834999084472656,47.79999923706055,47.80989837646485,50742
2026-09-23 14:42:00+00:00,47.79999923706055,47.79999923706055,47.72999954223633,47.730098724365234,127460
2026-09-23 14:43:00+00:00,47.720001220703125,47.775001525878906,47.71500015258789,47.77000045776367,57895
2026-09-23 14:44:00+00:00,47.7599983215332,47.77000045776367,47.73500061035156,47.73500061035156,45331
2026-09-23 14:45:00+00:00,47.73500061035156,47.7776985168457,47.73400115966797,47.7776985168457,78965
2026-09-23 14:46:00+00:00,47.7599983215332,47.76499938964844,47.685001373291016,47.68999862670898,108942
2026-09-23 14:47:00+00:00,47.69499969482422,47.72499847412109,47.67499923706055,47.68999862670898,72986
2026-09-23 14:48:00+00:00,47.685001373291016,47.72999954223633,47.68199920654297,47.72499847412109,96415
2026-09-23 14:49:00+00:00,47.72499847412109,47.7599983215332,47.709999084472656,47.744998931884766,76050
2026-09-23 14:50:00+00:00,47.744998931884766,47.77989959716797,47.685001373291016,47.685001373291016,93755
2026-09-23 14:51:00+00:00,47.685001373291016,47.8650016784668,47.685001373291016,47.80500030517578,319821
2026-09-23 14:52:00+00:00,47.80500030517578,47.810001373291016,47.744998931884766,47.79999923706055,69643
2026-09-23 14:53:00+00:00,47.79499816894531,47.84000015258789,47.775001525878906,47.83000183105469,186525
2026-09-23 14:54:00+00:00,47.84000015258789,47.900001525878906,47.80339813232422,47.880001068115234,185517
2026-09-23 14:55:00+00:00,47.880001068115234,47.89500045776367,47.83000183105469,47.87009811401367,129306
2026-09-23 14:56:00+00:00,47.869998931884766,47.880001068115234,47.79520034790039,47.80500030517578,51670
2026-09-23 14:57:00+00:00,47.80500030517578,47.875,47.80229949951172,47.86000061035156,77791
2026-09-23 14:58:00+00:00,47.85499954223633,47.880001068115234,47.845001220703125,47.860198974609375,115070
2026-09-23 14:59:00+00:00,47.86000061035156,47.875,47.834999084472656,47.875,48228
2026-09-23 15:00:00+00:00,47.875,47.875,47.821998596191406,47.86000061035156,87819
2026-09-23 15:01:00+00:00,47.86000061035156,47.915000915527344,47.86000061035156,47.915000915527344,69957
2026-09-23 15:02:00+00:00,47.915000915527344,47.92990112304688,47.88999938964844,47.88999938964844,35489
2026-09-23 15:03:00+00:00,47.880001068115234,47.88999938964844,47.85010147094727,47.85499954223633,1079239
2026-09-23 15:04:00+00:00,47.86000061035156,47.869998931884766,47.84099960327149,47.869998931884766,38387
2026-09-23 15:05:00+00:00,47.880001068115234,47.90129852294922,47.86000061035156,47.875,40763
2026-09-23 15:06:00+00:00,47.880001068115234,47.8849983215332,47.85499954223633,47.8650016784668,46705
2026-09-23 15:07:00+00:00,47.8650016784668,47.89500045776367,47.86009979248047,47.88010025024414,60575
2026-09-23 15:08:00+00:00,47.88999938964844,47.970001220703125,47.88999938964844,47.94499969482422,226454
2026-09-23 15:09:00+00:00,47.94499969482422,47.970001220703125,47.90999984741211,47.915000915527344,50837
2026-09-23 15:10:00+00:00,47.90999984741211,47.935001373291016,47.891300201416016,47.891300201416016,41509
2026-09-23 15:11:00+00:00,47.890098571777344,47.9379997253418,47.890098571777344,47.935001373291016,56935
2026-09-23 15:12:00+00:00,47.93470001220703,47.95500183105469,47.92499923706055,47.93989944458008,72797
2026-09-23 15:13:00+00:00,47.93989944458008,47.95500183105469,47.92210006713867,47.95000076293945,54153
2026-09-23 15:14:00+00:00,47.94499969482422,47.95500183105469,47.93470001220703,47.93999862670898,57934
2026-09-23 15:15:00+00:00,47.93999862670898,47.9900016784668,47.93000030517578,47.98500061035156,94342
2026-09-23 15:16:00+00:00,47.9900016784668,48.02989959716797,47.97999954223633,47.9900016784668,92977
2026-09-23 15:17:00+00:00,47.97019958496094,47.97999954223633,47.92499923706055,47.96500015258789,115217
2026-09-23 15:18:00+00:00,47.959999084472656,47.96500015258789,47.900001525878906,47.90499877929688,26098
2026-09-23 15:19:00+00:00,47.900001525878906,47.93119812011719,47.900001525878906,47.92499923706055,71999
2026-09-23 15:20:00+00:00,47.92499923706055,47.935001373291016,47.90499877929688,47.915000915527344,81644
2026-09-23 15:21:00+00:00,47.915000915527344,47.915000915527344,47.869998931884766,47.88999938964844,69861
2026-09-23 15:22:00+00:00,47.900001525878906,47.93000030517578,47.8942985534668,47.92499923706055,54882
2026-09-23 15:23:00+00:00,47.93000030517578,47.95700073242188,47.90140151977539,47.915000915527344,50061
2026-09-23 15:24:00+00:00,47.915000915527344,47.935001373291016,47.89139938354492,47.89139938354492,34022
2026-09-23 15:25:00+00:00,47.89500045776367,47.91999816894531,47.88999938964844,47.90999984741211,63197
2026-09-23 15:26:00+00:00,47.90999984741211,47.95500183105469,47.90499877929688,47.95500183105469,20933
2026-09-23 15:27:00+00:00,47.959999084472656,47.970001220703125,47.91999816894531,47.93999862670898,60270
2026-09-23 15:28:00+00:00,47.91999816894531,47.91999816894531,47.8650016784668,47.8650016784668,65798
2026-09-23 15:29:00+00:00,47.8650016784668,47.875,47.85499954223633,47.85499954223633,42554
2026-09-23 15:30:00+00:00,47.86000061035156,47.880001068115234,47.834999084472656,47.84999847412109,87533
2026-09-23 15:31:00+00:00,47.84999847412109,47.85499954223633,47.80500030517578,47.80989837646485,57159
2026-09-23 15:32:00+00:00,47.810001373291016,47.834999084472656,47.790000915527344,47.80120086669922,65298
2026-09-23 15:33:00+00:00,47.803199768066406,47.81510162353516,47.77140045166016,47.81510162353516,44123
2026-09-23 15:34:00+00:00,47.810001373291016,47.86000061035156,47.810001373291016,47.85499954223633,38418
2026-09-23 15:35:00+00:00,47.84999847412109,47.875,47.82989883422852,47.8650016784668,133099
2026-09-23 15:36:00+00:00,47.8650016784668,47.8650016784668,47.81499862670898,47.81679916381836,73108
2026-09-23 15:37:00+00:00,47.81039810180664,47.81039810180664,47.755001068115234,47.775001525878906,85745
2026-09-23 15:38:00+00:00,47.77000045776367,47.785099029541016,47.75410079956055,47.775001525878906,64399
2026-09-23 15:39:00+00:00,47.775001525878906,47.77999877929688,47.755001068115234,47.7599983215332,27006
2026-09-23 15:40:00+00:00,47.76499938964844,47.76499938964844,47.7400016784668,47.75,106501
2026-09-23 15:41:00+00:00,47.75,47.78010177612305,47.73500061035156,47.77999877929688,35772
2026-09-23 15:42:00+00:00,47.77859878540039,47.810001373291016,47.775001525878906,47.775001525878906,37932
2026-09-23 15:43:00+00:00,47.77000045776367,47.77000045776367,47.72499847412109,47.76499938964844,48867
2026-09-23 15:44:00+00:00,47.76139831542969,47.76499938964844,47.72679901123047,47.74319839477539,27868
2026-09-23 15:45:00+00:00,47.7400016784668,47.75600051879883,47.73500061035156,47.75,30813
2026-09-23 15:46:00+00:00,47.7599983215332,47.77000045776367,47.72499847412109,47.7400016784668,65708
2026-09-23 15:47:00+00:00,47.744998931884766,47.744998931884766,47.69010162353516,47.70000076293945,70958
2026-09-23 15:48:00+00:00,47.69499969482422,47.709999084472656,47.68999862670898,47.68999862670898,95810
2026-09-23 15:49:00+00:00,47.68999862670898,47.709999084472656,47.68000030517578,47.709999084472656,35151
2026-09-23 15:50:00+00:00,47.709999084472656,47.7322998046875,47.70500183105469,47.7156982421875,47826
2026-09-23 15:51:00+00:00,47.709999084472656,47.71009826660156,47.65999984741211,47.70000076293945,98524
2026-09-23 15:52:00+00:00,47.70000076293945,47.72790145874024,47.67679977416992,47.67839813232422,38694
2026-09-23 15:53:00+00:00,47.67060089111328,47.67060089111328,47.630001068115234,47.630001068115234,72404
2026-09-23 15:54:00+00:00,47.6349983215332,47.66999816894531,47.59999847412109,47.59999847412109,106406
2026-09-23 15:55:00+00:00,47.59999847412109,47.66999816894531,47.595001220703125,47.619998931884766,81173
2026-09-23 15:56:00+00:00,47.60499954223633,47.640098571777344,47.59000015258789,47.62319946289063,107958
2026-09-23 15:57:00+00:00,47.625,47.67509841918945,47.625,47.65999984741211,44860
2026-09-23 15:58:00+00:00,47.650001525878906,47.665000915527344,47.59310150146485,47.59310150146485,63741
2026-09-23 15:59:00+00:00,47.59999847412109,47.59999847412109,47.55410003662109,47.58000183105469,90481
2026-09-23 16:00:00+00:00,47.58000183105469,47.60499954223633,47.5635986328125,47.584999084472656,78009
2026-09-23 16:01:00+00:00,47.58000183105469,47.58000183105469,47.3650016784668,47.400001525878906,295045
2026-09-23 16:02:00+00:00,47.39680099487305,47.41510009765625,47.29389953613281,47.345001220703125,279730
2026-09-23 16:03:00+00:00,47.36000061035156,47.41999816894531,47.32500076293945,47.40499877929688,174529
2026-09-23 16:04:00+00:00,47.40999984741211,47.51499938964844,47.40999984741211,47.51499938964844,83397
2026-09-23 16:05:00+00:00,47.505001068115234,47.62990188598633,47.505001068115234,47.61000061035156,166100
2026-09-23 16:06:00+00:00,47.59999847412109,47.70240020751953,47.59999847412109,47.685001373291016,231764
2026-09-23 16:07:00+00:00,47.68999862670898,47.72740173339844,47.68999862670898,47.720001220703125,41748
2026-09-23 16:08:00+00:00,47.720001220703125,47.73500061035156,47.68999862670898,47.720001220703125,86904
2026-09-23 16:09:00+00:00,47.71849822998047,47.742000579833984,47.71009826660156,47.7400016784668,26957
2026-09-23 16:10:00+00:00,47.744998931884766,47.7599983215332,47.72010040283203,47.72010040283203,39917
2026-09-23 16:11:00+00:00,47.72200012207031,47.75,47.71500015258789,47.744998931884766,45443
2026-09-23 16:12:00+00:00,47.7400016784668,47.77000045776367,47.730098724365234,47.73979949951172,49813
2026-09-23 16:13:00+00:00,47.737098693847656,47.744998931884766,47.70199966430664,47.7400016784668,60047
2026-09-23 16:14:00+00:00,47.75,47.76499938964844,47.744998931884766,47.76499938964844,39264
2026-09-23 16:15:00+00:00,47.76499938964844,47.76499938964844,47.72499847412109,47.72499847412109,36623
2026-09-23 16:16:00+00:00,47.72999954223633,47.7599983215332,47.72990036010742,47.74769973754883,100029
2026-09-23 16:17:00+00:00,47.75,47.77000045776367,47.7400016784668,47.755001068115234,56499
2026-09-23 16:18:00+00:00,47.75,47.755001068115234,47.73500061035156,47.73500061035156,39836
2026-09-23 16:19:00+00:00,47.7400016784668,47.75,47.72269821166992,47.72999954223633,70185
2026-09-23 16:20:00+00:00,47.7317008972168,47.7598991394043,47.70299911499024,47.70500183105469,89906
2026-09-23 16:21:00+00:00,47.70000076293945,47.71500015258789,47.6510009765625,47.65499877929688,447739
2026-09-23 16:22:00+00:00,47.665000915527344,47.70989990234375,47.625,47.70500183105469,255296
2026-09-23 16:23:00+00:00,47.709999084472656,47.74990081787109,47.68040084838867,47.68999862670898,186702
2026-09-23 16:24:00+00:00,47.685001373291016,47.71500015258789,47.67499923706055,47.69010162353516,73038
2026-09-23 16:25:00+00:00,47.69499969482422,47.72999954223633,47.68000030517578,47.69499969482422,208003
2026-09-23 16:26:00+00:00,47.69499969482422,47.70500183105469,47.650001525878906,47.70000076293945,130234
2026-09-23 16:27:00+00:00,47.704498291015625,47.70500183105469,47.685001373291016,47.68999862670898,72555
2026-09-23 16:28:00+00:00,47.68000030517578,47.68820190429688,47.650001525878906,47.65499877929688,320170
2026-09-23 16:29:00+00:00,47.65499877929688,47.69499969482422,47.650001525878906,47.69499969482422,104776
2026-09-23 16:30:00+00:00,47.70000076293945,47.7599983215332,47.70000076293945,47.7599983215332,105449
2026-09-23 16:31:00+00:00,47.755001068115234,47.75899887084961,47.71500015258789,47.73849868774414,104969
2026-09-23 16:32:00+00:00,47.72499847412109,47.73500061035156,47.709999084472656,47.720001220703125,47636
2026-09-23 16:33:00+00:00,47.720001220703125,47.72499847412109,47.69940185546875,47.72499847412109,300434
2026-09-23 16:34:00+00:00,47.720001220703125,47.72499847412109,47.69499969482422,47.70000076293945,80910
2026-09-23 16:35:00+00:00,47.7051010131836,47.7051010131836,47.630001068115234,47.63209915161133,160024
2026-09-23 16:36:00+00:00,47.6349983215332,47.66999816894531,47.630001068115234,47.665000915527344,109934
2026-09-23 16:37:00+00:00,47.665000915527344,47.67509841918945,47.65999984741211,47.66999816894531,88345
2026-09-23 16:38:00+00:00,47.67499923706055,47.68000030517578,47.62009811401367,47.62009811401367,209891
2026-09-23 16:39:00+00:00,47.62289810180664,47.625,47.58000183105469,47.584999084472656,102338
2026-09-23 16:40:00+00:00,47.57500076293945,47.59000015258789,47.54999923706055,47.560001373291016,77531
2026-09-23 16:41:00+00:00,47.56499862670898,47.56710052490234,47.52000045776367,47.54999923706055,131916
2026-09-23 16:42:00+00:00,47.560001373291016,47.59600067138672,47.55500030517578,47.584999084472656,119754
2026-09-23 16:43:00+00:00,47.584999084472656,47.6349983215332,47.584999084472656,47.619998931884766,68379
2026-09-23 16:44:00+00:00,47.625,47.625,47.595001220703125,47.60499954223633,56752
2026-09-23 16:45:00+00:00,47.61000061035156,47.650001525878906,47.59000015258789,47.59999847412109,94792
2026-09-23 16:46:00+00:00,47.61000061035156,47.61429977416992,47.560001373291016,47.560001373291016,24735
2026-09-23 16:47:00+00:00,47.56499862670898,47.56999969482422,47.54499816894531,47.5546989440918,67424
2026-09-23 16:48:00+00:00,47.55009841918945,47.55009841918945,47.51499938964844,47.525001525878906,63304
2026-09-23 16:49:00+00:00,47.52000045776367,47.52130126953125,47.47999954223633,47.494998931884766,114164
2026-09-23 16:50:00+00:00,47.4901008605957,47.51499938964844,47.4640998840332,47.505001068115234,116101
2026-09-23 16:51:00+00:00,47.5,47.52510070800781,47.47499847412109,47.5,111892
2026-09-23 16:52:00+00:00,47.5,47.50809860229492,47.47999954223633,47.4900016784668,94907
2026-09-23 16:53:00+00:00,47.4900016784668,47.51499938964844,47.47499847412109,47.505001068115234,119971
2026-09-23 16:54:00+00:00,47.505001068115234,47.52989959716797,47.494998931884766,47.52000045776367,88029
2026-09-23 16:55:00+00:00,47.510101318359375,47.52999877929688,47.505001068115234,47.51319885253906,85270
2026-09-23 16:56:00+00:00,47.512298583984375,47.540000915527344,47.512298583984375,47.540000915527344,38168
2026-09-23 16:57:00+00:00,47.54999923706055,47.584999084472656,47.53499984741211,47.53499984741211,83510
2026-09-23 16:58:00+00:00,47.540000915527344,47.58990097045898,47.53499984741211,47.56859970092773,334656
2026-09-23 16:59:00+00:00,47.56679916381836,47.584999084472656,47.56679916381836,47.584999084472656,127013
2026-09-23 17:00:00+00:00,47.59000015258789,47.61000061035156,47.5797004699707,47.61000061035156,34461
2026-09-23 17:01:00+00:00,47.61000061035156,47.669898986816406,47.61000061035156,47.63800048828125,59612
2026-09-23 17:02:00+00:00,47.6349983215332,47.6349983215332,47.50630187988281,47.5098991394043,102847
2026-09-23 17:03:00+00:00,47.5099983215332,47.54499816894531,47.47499847412109,47.47999954223633,86612
2026-09-23 17:04:00+00:00,47.47999954223633,47.525001525878906,47.470001220703125,47.505001068115234,59340
2026-09-23 17:05:00+00:00,47.5098991394043,47.5098991394043,47.47499847412109,47.48500061035156,62123
2026-09-23 17:06:00+00:00,47.48500061035156,47.505001068115234,47.480098724365234,47.494998931884766,43229
2026-09-23 17:07:00+00:00,47.48500061035156,47.51689910888672,47.47499847412109,47.47499847412109,293860
2026-09-23 17:08:00+00:00,47.47499847412109,47.48500061035156,47.44319915771485,47.46500015258789,42527
2026-09-23 17:09:00+00:00,47.46500015258789,47.510101318359375,47.40999984741211,47.5,107462
2026-09-23 17:10:00+00:00,47.47999954223633,47.48500061035156,47.436798095703125,47.47010040283203,167185
2026-09-23 17:11:00+00:00,47.47320175170898,47.505001068115234,47.45500183105469,47.45989990234375,82589
2026-09-23 17:12:00+00:00,47.45500183105469,47.48500061035156,47.45500183105469,47.45500183105469,163799
2026-09-23 17:13:00+00:00,47.46500015258789,47.470001220703125,47.400001525878906,47.410099029541016,162085
2026-09-23 17:14:00+00:00,47.41999816894531,47.45000076293945,47.415000915527344,47.45000076293945,49053
2026-09-23 17:15:00+00:00,47.44499969482422,47.48989868164063,47.41999816894531,47.48500061035156,73914
2026-09-23 17:16:00+00:00,47.48590087890625,47.535099029541016,47.48500061035156,47.526798248291016,87535
2026-09-23 17:17:00+00:00,47.52999877929688,47.57500076293945,47.52999877929688,47.57500076293945,62573
2026-09-23 17:18:00+00:00,47.57989883422852,47.58990097045898,47.56999969482422,47.56999969482422,40187
2026-09-23 17:19:00+00:00,47.57500076293945,47.57899856567383,47.55500030517578,47.56999969482422,40066
2026-09-23 17:20:00+00:00,47.56999969482422,47.595001220703125,47.56999969482422,47.595001220703125,45557
2026-09-23 17:21:00+00:00,47.59000015258789,47.595001220703125,47.58000183105469,47.584999084472656,32812
2026-09-23 17:22:00+00:00,47.59000015258789,47.649898529052734,47.59000015258789,47.64500045776367,56181
2026-09-23 17:23:00+00:00,47.64500045776367,47.68999862670898,47.64500045776367,47.665000915527344,57668
2026-09-23 17:24:00+00:00,47.65999984741211,47.65999984741211,47.584999084472656,47.58560180664063,30145
2026-09-23 17:25:00+00:00,47.59000015258789,47.61000061035156,47.59000015258789,47.61000061035156,26491
2026-09-23 17:26:00+00:00,47.61000061035156,47.63999938964844,47.60499954223633,47.619998931884766,39928
2026-09-23 17:27:00+00:00,47.625,47.625,47.5801010131836,47.60499954223633,42703
2026-09-23 17:28:00+00:00,47.609901428222656,47.6150016784668,47.59999847412109,47.59999847412109,38444
2026-09-23 17:29:00+00:00,47.595001220703125,47.60499954223633,47.58000183105469,47.60499954223633,29344
2026-09-23 17:30:00+00:00,47.59999847412109,47.6150016784668,47.584999084472656,47.60499954223633,32319
2026-09-23 17:31:00+00:00,47.59999847412109,47.60900115966797,47.59000015258789,47.59510040283203,26593
2026-09-23 17:32:00+00:00,47.59000015258789,47.625,47.58000183105469,47.625,68983
2026-09-23 17:33:00+00:00,47.59999847412109,47.605098724365234,47.59000015258789,47.595001220703125,24111
2026-09-23 17:34:00+00:00,47.59999847412109,47.60499954223633,47.570098876953125,47.570098876953125,28667
2026-09-23 17:35:00+00:00,47.58000183105469,47.58000183105469,47.55009841918945,47.56999969482422,30692
2026-09-23 17:36:00+00:00,47.55500030517578,47.58000183105469,47.55500030517578,47.56999969482422,44364
2026-09-23 17:37:00+00:00,47.59999847412109,47.60029983520508,47.584999084472656,47.59999847412109,29034
2026-09-23 17:38:00+00:00,47.59999847412109,47.61000061035156,47.584999084472656,47.595001220703125,45081
2026-09-23 17:39:00+00:00,47.59000015258789,47.59000015258789,47.57229995727539,47.584999084472656,34424
2026-09-23 17:40:00+00:00,47.584999084472656,47.650001525878906,47.584999084472656,47.626800537109375,150690
2026-09-23 17:41:00+00:00,47.625,47.63999938964844,47.61000061035156,47.619998931884766,30897
2026-09-23 17:42:00+00:00,47.6150016784668,47.649200439453125,47.60499954223633,47.64820098876953,38879
2026-09-23 17:43:00+00:00,47.650001525878906,47.709999084472656,47.650001525878906,47.70500183105469,61075
2026-09-23 17:44:00+00:00,47.70009994506836,47.720001220703125,47.67499923706055,47.71500015258789,50541
2026-09-23 17:45:00+00:00,47.709999084472656,47.7400016784668,47.709999084472656,47.73379898071289,36394
2026-09-23 17:46:00+00:00,47.744998931884766,47.76499938964844,47.7400016784668,47.744998931884766,68293
2026-09-23 17:47:00+00:00,47.744998931884766,47.7599983215332,47.73440170288086,47.755001068115234,44451
2026-09-23 17:48:00+00:00,47.755001068115234,47.755001068115234,47.72999954223633,47.72999954223633,35680
2026-09-23 17:49:00+00:00,47.72999954223633,47.760101318359375,47.72909927368164,47.755001068115234,41948
2026-09-23 17:50:00+00:00,47.7593994140625,47.76499938964844,47.74990081787109,47.75,29774
2026-09-23 17:51:00+00:00,47.75,47.769901275634766,47.75,47.755001068115234,48063
2026-09-23 17:52:00+00:00,47.755001068115234,47.77999877929688,47.75,47.77000045776367,124376
2026-09-23 17:53:00+00:00,47.76499938964844,47.79610061645508,47.75,47.75,138280
2026-09-23 17:54:00+00:00,47.7400016784668,47.755001068115234,47.72010040283203,47.73500061035156,193096
2026-09-23 17:55:00+00:00,47.744998931884766,47.744998931884766,47.70000076293945,47.70500183105469,74805
2026-09-23 17:56:00+00:00,47.70000076293945,47.73989868164063,47.70000076293945,47.72999954223633,73617
2026-09-23 17:57:00+00:00,47.730201721191406,47.730201721191406,47.71419906616211,47.72499847412109,29477
2026-09-23 17:58:00+00:00,47.72499847412109,47.744998931884766,47.72499847412109,47.744998931884766,58545
2026-09-23 17:59:00+00:00,47.744998931884766,47.755001068115234,47.7400016784668,47.74509811401367,28961
2026-09-23 18:00:00+00:00,47.75,47.755001068115234,47.71500015258789,47.71500015258789,219847
2026-09-23 18:01:00+00:00,47.71500015258789,47.7593994140625,47.709999084472656,47.74319839477539,141129
2026-09-23 18:02:00+00:00,47.7400016784668,47.7400016784668,47.70000076293945,47.70000076293945,28482
2026-09-23 18:03:00+00:00,47.68999862670898,47.69499969482422,47.64979934692383,47.68989944458008,61508
2026-09-23 18:04:00+00:00,47.685001373291016,47.70000076293945,47.68000030517578,47.70000076293945,20122
2026-09-23 18:05:00+00:00,47.70000076293945,47.709999084472656,47.69499969482422,47.709999084472656,36941
2026-09-23 18:06:00+00:00,47.720001220703125,47.73500061035156,47.709999084472656,47.720001220703125,29456
2026-09-23 18:07:00+00:00,47.71500015258789,47.744998931884766,47.71500015258789,47.744998931884766,1093309
2026-09-23 18:08:00+00:00,47.744998931884766,47.744998931884766,47.71500015258789,47.73659896850586,28545
2026-09-23 18:09:00+00:00,47.72999954223633,47.72999954223633,47.70000076293945,47.709999084472656,33556
2026-09-23 18:10:00+00:00,47.70100021362305,47.70100021362305,47.66999816894531,47.66999816894531,34166
2026-09-23 18:11:00+00:00,47.66999816894531,47.709999084472656,47.65999984741211,47.70000076293945,48492
2026-09-23 18:12:00+00:00,47.70000076293945,47.70000076293945,47.665000915527344,47.66999816894531,25381
2026-09-23 18:13:00+00:00,47.66999816894531,47.709999084472656,47.66999816894531,47.70000076293945,67879
2026-09-23 18:14:00+00:00,47.68999862670898,47.69990158081055,47.665000915527344,47.66999816894531,37790
2026-09-23 18:15:00+00:00,47.665000915527344,47.69499969482422,47.665000915527344,47.68999862670898,28761
2026-09-23 18:16:00+00:00,47.68130111694336,47.68999862670898,47.66999816894531,47.67990112304688,79801
2026-09-23 18:17:00+00:00,47.67530059814453,47.67530059814453,47.660099029541016,47.660099029541016,24347
2026-09-23 18:18:00+00:00,47.665000915527344,47.70000076293945,47.65499877929688,47.680301666259766,94213
2026-09-23 18:19:00+00:00,47.67509841918945,47.7150993347168,47.67509841918945,47.709999084472656,37581
2026-09-23 18:20:00+00:00,47.70000076293945,47.70000076293945,47.665000915527344,47.665000915527344,32650
2026-09-23 18:21:00+00:00,47.66630172729492,47.66999816894531,47.64500045776367,47.65010070800781,32808
2026-09-23 18:22:00+00:00,47.65499877929688,47.65499877929688,47.64500045776367,47.650001525878906,27655
2026-09-23 18:23:00+00:00,47.65499877929688,47.68000030517578,47.63999938964844,47.67499923706055,25968
2026-09-23 18:24:00+00:00,47.68000030517578,47.69010162353516,47.66999816894531,47.67499923706055,30130
2026-09-23 18:25:00+00:00,47.67499923706055,47.67499923706055,47.665000915527344,47.6697998046875,20085
2026-09-23 18:26:00+00:00,47.66999816894531,47.69319915771485,47.66529846191406,47.66529846191406,21800
2026-09-23 18:27:00+00:00,47.65999984741211,47.66999816894531,47.65010070800781,47.65010070800781,34298
2026-09-23 18:28:00+00:00,47.65499877929688,47.665000915527344,47.650001525878906,47.66310119628906,39942
2026-09-23 18:29:00+00:00,47.66519927978516,47.66519927978516,47.6349983215332,47.63999938964844,49850
2026-09-23 18:30:00+00:00,47.63990020751953,47.669898986816406,47.6349983215332,47.65230178833008,28374
2026-09-23 18:31:00+00:00,47.64870071411133,47.67499923706055,47.64870071411133,47.65999984741211,31073
2026-09-23 18:32:00+00:00,47.65499877929688,47.66999816894531,47.641998291015625,47.665000915527344,28885
2026-09-23 18:33:00+00:00,47.67499923706055,47.67990112304688,47.64289855957031,47.650001525878906,32361
2026-09-23 18:34:00+00:00,47.650001525878906,47.650001525878906,47.630001068115234,47.63880157470703,24706
2026-09-23 18:35:00+00:00,47.6349983215332,47.65499877929688,47.630001068115234,47.6349983215332,36253
2026-09-23 18:36:00+00:00,47.6349983215332,47.65710067749024,47.63010025024414,47.640098571777344,20499
2026-09-23 18:37:00+00:00,47.64500045776367,47.650001525878906,47.63010025024414,47.64500045776367,21486
2026-09-23 18:38:00+00:00,47.641300201416016,47.64870071411133,47.630001068115234,47.64500045776367,29767
2026-09-23 18:39:00+00:00,47.64500045776367,47.650001525878906,47.630001068115234,47.650001525878906,34045
2026-09-23 18:40:00+00:00,47.650001525878906,47.66999816894531,47.63999938964844,47.665000915527344,45454
2026-09-23 18:41:00+00:00,47.665000915527344,47.66579818725586,47.630001068115234,47.650001525878906,38603
2026-09-23 18:42:00+00:00,47.64500045776367,47.665000915527344,47.64500045776367,47.65499877929688,33931
2026-09-23 18:43:00+00:00,47.65999984741211,47.67499923706055,47.65999984741211,47.67499923706055,31029
2026-09-23 18:44:00+00:00,47.67499923706055,47.69499969482422,47.67499923706055,47.68999862670898,31190
2026-09-23 18:45:00+00:00,47.685001373291016,47.70500183105469,47.685001373291016,47.70000076293945,57018
2026-09-23 18:46:00+00:00,47.69499969482422,47.70000076293945,47.66999816894531,47.67499923706055,31572
2026-09-23 18:47:00+00:00,47.66999816894531,47.68999862670898,47.665000915527344,47.66999816894531,43783
2026-09-23 18:48:00+00:00,47.66999816894531,47.70500183105469,47.66999816894531,47.70500183105469,66388
2026-09-23 18:49:00+00:00,47.70500183105469,47.72999954223633,47.70000076293945,47.71009826660156,634940
2026-09-23 18:50:00+00:00,47.71319961547852,47.76800155639648,47.709999084472656,47.76499938964844,110613
2026-09-23 18:51:00+00:00,47.76499938964844,47.775001525878906,47.76499938964844,47.775001525878906,47527
2026-09-23 18:52:00+00:00,47.77840042114258,47.78990173339844,47.775001525878906,47.77999877929688,24113
2026-09-23 18:53:00+00:00,47.77009963989258,47.77009963989258,47.75,47.7599983215332,29595
2026-09-23 18:54:00+00:00,47.760101318359375,47.775001525878906,47.7599983215332,47.760101318359375,44774
2026-09-23 18:55:00+00:00,47.76499938964844,47.79999923706055,47.76499938964844,47.79999923706055,61722
2026-09-23 18:56:00+00:00,47.79499816894531,47.79999923706055,47.77000045776367,47.77009963989258,33311
2026-09-23 18:57:00+00:00,47.76499938964844,47.77999877929688,47.75,47.77999877929688,38690
2026-09-23 18:58:00+00:00,47.775001525878906,47.77999877929688,47.77000045776367,47.77970123291016,45132
2026-09-23 18:59:00+00:00,47.77999877929688,47.78499984741211,47.75,47.755001068115234,79834
2026-09-23 19:00:00+00:00,47.755001068115234,47.76499938964844,47.744998931884766,47.75,43478
2026-09-23 19:01:00+00:00,47.7599983215332,47.77999877929688,47.749698638916016,47.749698638916016,36493
2026-09-23 19:02:00+00:00,47.74860000610352,47.755001068115234,47.722599029541016,47.72499847412109,75909
2026-09-23 19:03:00+00:00,47.72499847412109,47.73500061035156,47.69499969482422,47.71500015258789,137276
2026-09-23 19:04:00+00:00,47.709999084472656,47.71500015258789,47.68999862670898,47.68999862670898,46796
2026-09-23 19:05:00+00:00,47.68999862670898,47.70500183105469,47.67499923706055,47.67499923706055,81305
2026-09-23 19:06:00+00:00,47.66999816894531,47.720001220703125,47.66999816894531,47.720001220703125,60650
2026-09-23 19:07:00+00:00,47.73500061035156,47.79999923706055,47.7333984375,47.75,232830
2026-09-23 19:08:00+00:00,47.75,47.755001068115234,47.72999954223633,47.730098724365234,39879
2026-09-23 19:09:00+00:00,47.73500061035156,47.74509811401367,47.720001220703125,47.730098724365234,50063
2026-09-23 19:10:00+00:00,47.73500061035156,47.75,47.73500061035156,47.744998931884766,24085
2026-09-23 19:11:00+00:00,47.744998931884766,47.785099029541016,47.744998931884766,47.775001525878906,44836
2026-09-23 19:12:00+00:00,47.775001525878906,47.775001525878906,47.750099182128906,47.750099182128906,25288
2026-09-23 19:13:00+00:00,47.755001068115234,47.77989959716797,47.75450134277344,47.77000045776367,51891
2026-09-23 19:14:00+00:00,47.77989959716797,47.77989959716797,47.7599983215332,47.76499938964844,35393
2026-09-23 19:15:00+00:00,47.77000045776367,47.77799987792969,47.76499938964844,47.76499938964844,48111
2026-09-23 19:16:00+00:00,47.76499938964844,47.76499938964844,47.744998931884766,47.744998931884766,51895
2026-09-23 19:17:00+00:00,47.744998931884766,47.7599983215332,47.7400016784668,47.744998931884766,50551
2026-09-23 19:18:00+00:00,47.744998931884766,47.7599983215332,47.72999954223633,47.7599983215332,47839
2026-09-23 19:19:00+00:00,47.76499938964844,47.77000045776367,47.7599983215332,47.7599983215332,19822
2026-09-23 19:20:00+00:00,47.76499938964844,47.769901275634766,47.72999954223633,47.75,48241
2026-09-23 19:21:00+00:00,47.75,47.755001068115234,47.7400016784668,47.755001068115234,20835
2026-09-23 19:22:00+00:00,47.755001068115234,47.78609848022461,47.755001068115234,47.78499984741211,37376
2026-09-23 19:23:00+00:00,47.77999877929688,47.80099868774414,47.77999877929688,47.79999923706055,39457
2026-09-23 19:24:00+00:00,47.79499816894531,47.81499862670898,47.79499816894531,47.81499862670898,17874
2026-09-23 19:25:00+00:00,47.81499862670898,47.82809829711914,47.790000915527344,47.790000915527344,47348
2026-09-23 19:26:00+00:00,47.79499816894531,47.81499862670898,47.790000915527344,47.79999923706055,24853
2026-09-23 19:27:00+00:00,47.80009841918945,47.81999969482422,47.79999923706055,47.81999969482422,71979
2026-09-23 19:28:00+00:00,47.82500076293945,47.82500076293945,47.790000915527344,47.79499816894531,24328
2026-09-23 19:29:00+00:00,47.790000915527344,47.79499816894531,47.77999877929688,47.790000915527344,40906
2026-09-23 19:30:00+00:00,47.79499816894531,47.82500076293945,47.78499984741211,47.79999923706055,101879
2026-09-23 19:31:00+00:00,47.79499816894531,47.80500030517578,47.78409957885742,47.79499816894531,27908
2026-09-23 19:32:00+00:00,47.79499816894531,47.80500030517578,47.790000915527344,47.80500030517578,35877
2026-09-23 19:33:00+00:00,47.80009841918945,47.83000183105469,47.80009841918945,47.82500076293945,86174
2026-09-23 19:34:00+00:00,47.82500076293945,47.834999084472656,47.81499862670898,47.83000183105469,79180
2026-09-23 19:35:00+00:00,47.82500076293945,47.83000183105469,47.81499862670898,47.82989883422852,61440
2026-09-23 19:36:00+00:00,47.82500076293945,47.84510040283203,47.81499862670898,47.82500076293945,42927
2026-09-23 19:37:00+00:00,47.82500076293945,47.834999084472656,47.81499862670898,47.820098876953125,80383
2026-09-23 19:38:00+00:00,47.83000183105469,47.85499954223633,47.83000183105469,47.834999084472656,43100
2026-09-23 19:39:00+00:00,47.83000183105469,47.83000183105469,47.81999969482422,47.82500076293945,41978
2026-09-23 19:40:00+00:00,47.81999969482422,47.845001220703125,47.81999969482422,47.834999084472656,74210
2026-09-23 19:41:00+00:00,47.83000183105469,47.834999084472656,47.82500076293945,47.834999084472656,56861
2026-09-23 19:42:00+00:00,47.834999084472656,47.834999084472656,47.81999969482422,47.82509994506836,48430
2026-09-23 19:43:00+00:00,47.82500076293945,47.82500076293945,47.80009841918945,47.82500076293945,92048
2026-09-23 19:44:00+00:00,47.82500076293945,47.834999084472656,47.81499862670898,47.81499862670898,60392
2026-09-23 19:45:00+00:00,47.81990051269531,47.81999969482422,47.810001373291016,47.81999969482422,49289
2026-09-23 19:46:00+00:00,47.83000183105469,47.84510040283203,47.82500076293945,47.82500076293945,72473
2026-09-23 19:47:00+00:00,47.82500076293945,47.86859893798828,47.82500076293945,47.86859893798828,74915
2026-09-23 19:48:00+00:00,47.86000061035156,47.8650016784668,47.845001220703125,47.86000061035156,77286
2026-09-23 19:49:00+00:00,47.8650016784668,47.899898529052734,47.8650016784668,47.875,54718
2026-09-23 19:50:00+00:00,47.875,47.880001068115234,47.86000061035156,47.880001068115234,114207
2026-09-23 19:51:00+00:00,47.880001068115234,47.900001525878906,47.87030029296875,47.87990188598633,100272
2026-09-23 19:52:00+00:00,47.880001068115234,47.880001068115234,47.84000015258789,47.84000015258789,97473
2026-09-23 19:53:00+00:00,47.84999847412109,47.8650016784668,47.820098876953125,47.8650016784668,170241
2026-09-23 19:54:00+00:00,47.86000061035156,47.880001068115234,47.84000015258789,47.85530090332031,210576
2026-09-23 19:55:00+00:00,47.85499954223633,47.880001068115234,47.84999847412109,47.85499954223633,244024
2026-09-23 19:56:00+00:00,47.85499954223633,47.8650016784668,47.81999969482422,47.85499954223633,269657
2026-09-23 19:57:00+00:00,47.85100173950195,47.86000061035156,47.84000015258789,47.84999847412109,113225
2026-09-23 19:58:00+00:00,47.85499954223633,47.86000061035156,47.84999847412109,47.85499954223633,210418
2026-09-23 19:59:00+00:00,47.85499954223633,47.86970138549805,47.82500076293945,47.8650016784668,713445
2026-09-24 13:30:00+00:00,47.400001525878906,47.4900016784668,47.400001525878906,47.47999954223633,5452885
2026-09-24 13:31:00+00:00,47.47999954223633,47.61000061035156,47.470001220703125,47.606201171875,211277
2026-09-24 13:32:00+00:00,47.61000061035156,47.73500061035156,47.61000061035156,47.63999938964844,264834
2026-09-24 13:33:00+00:00,47.63999938964844,47.68000030517578,47.60499954223633,47.61009979248047,145390
2026-09-24 13:34:00+00:00,47.6150016784668,47.665000915527344,47.58000183105469,47.650001525878906,322296
2026-09-24 13:35:00+00:00,47.64500045776367,47.64500045776367,47.55099868774414,47.57500076293945,162802
2026-09-24 13:36:00+00:00,47.57500076293945,47.599998474121094,47.540000915527344,47.564998626708984,307524
2026-09-24 13:37:00+00:00,47.564998626708984,47.619998931884766,47.54999923706055,47.619998931884766,167425
2026-09-24 13:38:00+00:00,47.619998931884766,47.709999084472656,47.60300064086914,47.68000030517578,430223
2026-09-24 13:39:00+00:00,47.68000030517578,47.779998779296875,47.654998779296875,47.69150161743164,600976
2026-09-24 13:40:00+00:00,47.69499969482422,47.70989990234375,47.59000015258789,47.595001220703125,194522
2026-09-24 13:41:00+00:00,47.595001220703125,47.59769821166992,47.4817008972168,47.4900016784668,236953
2026-09-24 13:42:00+00:00,47.5,47.5099983215332,47.470001220703125,47.48500061035156,190124
2026-09-24 13:43:00+00:00,47.47999954223633,47.54499816894531,47.470001220703125,47.525001525878906,128960
2026-09-24 13:44:00+00:00,47.519901275634766,47.53499984741211,47.5,47.505001068115234,216943
2026-09-24 13:45:00+00:00,47.505001068115234,47.54999923706055,47.4900016784668,47.50149917602539,139834
2026-09-24 13:46:00+00:00,47.5099983215332,47.54990005493164,47.470001220703125,47.525001525878906,134085
2026-09-24 13:47:00+00:00,47.525001525878906,47.60499954223633,47.5099983215332,47.57500076293945,268542
2026-09-24 13:48:00+00:00,47.58000183105469,47.599998474121094,47.5099983215332,47.540000915527344,264762
2026-09-24 13:49:00+00:00,47.54119873046875,47.54119873046875,47.470001220703125,47.474998474121094,94715
2026-09-24 13:50:00+00:00,47.477298736572266,47.52000045776367,47.45000076293945,47.505001068115234,210154
2026-09-24 13:51:00+00:00,47.500701904296875,47.54999923706055,47.494998931884766,47.51179885864258,161050
2026-09-24 13:52:00+00:00,47.5099983215332,47.529998779296875,47.4817008972168,47.5099983215332,118380
2026-09-24 13:53:00+00:00,47.5099983215332,47.5099983215332,47.470001220703125,47.478599548339844,85948
2026-09-24 13:54:00+00:00,47.474998474121094,47.58000183105469,47.47010040283203,47.56999969482422,75250
2026-09-24 13:55:00+00:00,47.56999969482422,47.68709945678711,47.56999969482422,47.665000915527344,428777
2026-09-24 13:56:00+00:00,47.66450119018555,47.689998626708984,47.6349983215332,47.650001525878906,134943
2026-09-24 13:57:00+00:00,47.64500045776367,47.679901123046875,47.64500045776367,47.66999816894531,94251
2026-09-24 13:58:00+00:00,47.665000915527344,47.709999084472656,47.65999984741211,47.70500183105469,57836
2026-09-24 13:59:00+00:00,47.70500183105469,47.720001220703125,47.690101623535156,47.71500015258789,76161
2026-09-24 14:00:00+00:00,47.709999084472656,47.720001220703125,47.66999816894531,47.688899993896484,65961
2026-09-24 14:01:00+00:00,47.67879867553711,47.70000076293945,47.63999938964844,47.64500045776367,68813
2026-09-24 14:02:00+00:00,47.64500045776367,47.7400016784668,47.632999420166016,47.70000076293945,78011
2026-09-24 14:03:00+00:00,47.68050003051758,47.68920135498047,47.650001525878906,47.68000030517578,37256
2026-09-24 14:04:00+00:00,47.685001373291016,47.69990158081055,47.67499923706055,47.68000030517578,17538
2026-09-24 14:05:00+00:00,47.670101165771484,47.68000030517578,47.650001525878906,47.654998779296875,30687
2026-09-24 14:06:00+00:00,47.66999816894531,47.810001373291016,47.665000915527344,47.74620056152344,1351049
2026-09-24 14:07:00+00:00,47.7400016784668,47.779998779296875,47.7400016784668,47.770301818847656,187238
2026-09-24 14:08:00+00:00,47.77000045776367,47.77000045776367,47.720001220703125,47.7400016784668,73705
2026-09-24 14:09:00+00:00,47.7400016784668,47.744998931884766,47.71500015258789,47.720001220703125,62739
2026-09-24 14:10:00+00:00,47.71500015258789,47.744998931884766,47.68000030517578,47.724998474121094,67364
2026-09-24 14:11:00+00:00,47.72249984741211,47.724998474121094,47.660499572753906,47.669700622558594,170445
2026-09-24 14:12:00+00:00,47.65999984741211,47.709999084472656,47.642799377441406,47.642799377441406,79495
2026-09-24 14:13:00+00:00,47.650001525878906,47.70000076293945,47.650001525878906,47.69499969482422,49979
2026-09-24 14:14:00+00:00,47.70000076293945,47.724998474121094,47.689998626708984,47.69499969482422,95062
2026-09-24 14:15:00+00:00,47.70000076293945,47.70000076293945,47.649898529052734,47.649898529052734,35897
2026-09-24 14:16:00+00:00,47.64500045776367,47.71500015258789,47.642398834228516,47.709999084472656,41083
2026-09-24 14:17:00+00:00,47.70500183105469,47.72999954223633,47.689998626708984,47.72999954223633,102923
2026-09-24 14:18:00+00:00,47.72999954223633,47.7400016784668,47.709999084472656,47.729698181152344,59691
2026-09-24 14:19:00+00:00,47.7239990234375,47.7599983215332,47.7239990234375,47.7400016784668,37491
2026-09-24 14:20:00+00:00,47.744998931884766,47.7599983215332,47.71500015258789,47.74340057373047,49247
2026-09-24 14:21:00+00:00,47.744998931884766,47.775001525878906,47.72999954223633,47.72999954223633,31263
2026-09-24 14:22:00+00:00,47.72999954223633,47.75,47.70500183105469,47.720001220703125,53297
2026-09-24 14:23:00+00:00,47.709999084472656,47.7599983215332,47.70050048828125,47.75619888305664,37645
2026-09-24 14:24:00+00:00,47.755001068115234,47.790000915527344,47.755001068115234,47.779998779296875,71454
2026-09-24 14:25:00+00:00,47.78499984741211,47.85499954223633,47.78499984741211,47.84000015258789,103011
2026-09-24 14:26:00+00:00,47.849998474121094,47.89500045776367,47.8400993347168,47.849998474121094,146021
2026-09-24 14:27:00+00:00,47.849998474121094,47.929901123046875,47.82500076293945,47.928001403808594,364265
2026-09-24 14:28:00+00:00,47.9286994934082,48.06999969482422,47.91999816894531,48.04499816894531,502705
2026-09-24 14:29:00+00:00,48.04990005493164,48.099998474121094,48.029998779296875,48.0614013671875,383270
2026-09-24 14:30:00+00:00,48.05500030517578,48.06999969482422,47.959999084472656,47.994998931884766,212263
2026-09-24 14:31:00+00:00,48.0,48.01499938964844,47.95249938964844,48.01499938964844,88765
2026-09-24 14:32:00+00:00,48.02000045776367,48.06999969482422,48.02000045776367,48.025001525878906,85872
2026-09-24 14:33:00+00:00,48.02989959716797,48.04499816894531,47.9900016784668,47.9900016784668,55089
2026-09-24 14:34:00+00:00,47.994998931884766,48.01620101928711,47.970001220703125,48.005001068115234,83904
2026-09-24 14:35:00+00:00,48.005001068115234,48.0099983215332,47.963401794433594,47.974998474121094,79151
2026-09-24 14:36:00+00:00,47.97159957885742,47.97159957885742,47.88990020751953,47.890098571777344,121627
2026-09-24 14:37:00+00:00,47.89759826660156,47.90999984741211,47.849998474121094,47.86000061035156,211539
2026-09-24 14:38:00+00:00,47.86000061035156,47.880001068115234,47.82500076293945,47.82500076293945,169803
2026-09-24 14:39:00+00:00,47.82500076293945,47.845001220703125,47.79010009765625,47.845001220703125,111606
2026-09-24 14:40:00+00:00,47.840999603271484,47.875,47.840999603271484,47.86320114135742,35777
2026-09-24 14:41:00+00:00,47.8650016784668,47.8650016784668,47.82500076293945,47.83000183105469,33490
2026-09-24 14:42:00+00:00,47.834999084472656,47.8650016784668,47.81999969482422,47.850101470947266,46063
2026-09-24 14:43:00+00:00,47.83000183105469,47.83000183105469,47.79499816894531,47.79499816894531,61024
2026-09-24 14:44:00+00:00,47.790000915527344,47.810001373291016,47.77949905395508,47.79499816894531,32365
2026-09-24 14:45:00+00:00,47.779998779296875,47.79499816894531,47.72990036010742,47.7598991394043,58591
2026-09-24 14:46:00+00:00,47.75130081176758,47.75149917602539,47.689998626708984,47.70000076293945,540259
2026-09-24 14:47:00+00:00,47.70000076293945,47.709999084472656,47.652801513671875,47.665000915527344,117232
2026-09-24 14:48:00+00:00,47.665000915527344,47.665000915527344,47.52280044555664,47.525001525878906,136981
2026-09-24 14:49:00+00:00,47.52000045776367,47.560001373291016,47.435001373291016,47.443199157714844,143366
2026-09-24 14:50:00+00:00,47.439998626708984,47.5098991394043,47.38999938964844,47.41999816894531,228329
2026-09-24 14:51:00+00:00,47.41899871826172,47.47999954223633,47.38999938964844,47.44499969482422,71868
2026-09-24 14:52:00+00:00,47.43000030517578,47.435001373291016,47.29999923706055,47.30500030517578,88338
2026-09-24 14:53:00+00:00,47.29999923706055,47.35100173950195,47.19499969482422,47.349998474121094,203945
2026-09-24 14:54:00+00:00,47.349998474121094,47.41999816894531,47.349998474121094,47.415000915527344,134029
2026-09-24 14:55:00+00:00,47.40999984741211,47.439998626708984,47.36000061035156,47.39509963989258,233646
2026-09-24 14:56:00+00:00,47.39500045776367,47.435001373291016,47.369998931884766,47.369998931884766,56168
2026-09-24 14:57:00+00:00,47.369998931884766,47.369998931884766,47.314998626708984,47.314998626708984,64209
2026-09-24 14:58:00+00:00,47.33000183105469,47.36000061035156,47.309898376464844,47.349998474121094,50660
2026-09-24 14:59:00+00:00,47.34000015258789,47.369998931884766,47.30149841308594,47.36000061035156,52174
2026-09-24 15:00:00+00:00,47.36000061035156,47.36000061035156,47.27000045776367,47.349998474121094,267782
2026-09-24 15:01:00+00:00,47.35499954223633,47.3931999206543,47.350101470947266,47.36000061035156,107367
2026-09-24 15:02:00+00:00,47.349998474121094,47.36000061035156,47.275001525878906,47.275001525878906,183885
2026-09-24 15:03:00+00:00,47.279998779296875,47.349998474121094,47.276798248291016,47.349998474121094,31167
2026-09-24 15:04:00+00:00,47.349998474121094,47.43000030517578,47.34410095214844,47.40999984741211,78157
2026-09-24 15:05:00+00:00,47.40999984741211,47.459999084472656,47.4099006652832,47.41510009765625,103370
2026-09-24 15:06:00+00:00,47.40999984741211,47.4900016784668,47.40999984741211,47.489898681640625,66440
2026-09-24 15:07:00+00:00,47.47999954223633,47.49509811401367,47.44200134277344,47.46500015258789,35096
2026-09-24 15:08:00+00:00,47.459999084472656,47.5,47.45600128173828,47.494998931884766,37331
2026-09-24 15:09:00+00:00,47.49319839477539,47.5,47.4567985534668,47.46009826660156,39376
2026-09-24 15:10:00+00:00,47.46500015258789,47.4900016784668,47.43000030517578,47.43000030517578,60560
2026-09-24 15:11:00+00:00,47.439998626708984,47.497398376464844,47.42499923706055,47.497398376464844,29214
2026-09-24 15:12:00+00:00,47.5,47.519901275634766,47.474998474121094,47.47999954223633,24758
2026-09-24 15:13:00+00:00,47.47999954223633,47.49850082397461,47.439998626708984,47.49850082397461,24724
2026-09-24 15:14:00+00:00,47.48500061035156,47.5,47.46500015258789,47.4901008605957,63742
2026-09-24 15:15:00+00:00,47.492801666259766,47.55500030517578,47.4900016784668,47.540000915527344,51438
2026-09-24 15:16:00+00:00,47.53499984741211,47.58000183105469,47.52000045776367,47.564998626708984,67216
2026-09-24 15:17:00+00:00,47.556800842285156,47.61000061035156,47.556800842285156,47.57500076293945,43715
2026-09-24 15:18:00+00:00,47.56999969482422,47.56999969482422,47.5099983215332,47.5276985168457,40380
2026-09-24 15:19:00+00:00,47.525001525878906,47.560001373291016,47.51499938964844,47.560001373291016,30392
2026-09-24 15:20:00+00:00,47.54999923706055,47.589900970458984,47.54999923706055,47.56999969482422,56575
2026-09-24 15:21:00+00:00,47.579898834228516,47.605098724365234,47.579898834228516,47.584999084472656,50615
2026-09-24 15:22:00+00:00,47.589900970458984,47.60660171508789,47.581600189208984,47.584999084472656,28608
2026-09-24 15:23:00+00:00,47.61000061035156,47.63999938964844,47.59880065917969,47.63999938964844,51388
2026-09-24 15:24:00+00:00,47.650001525878906,47.707801818847656,47.650001525878906,47.69499969482422,85669
2026-09-24 15:25:00+00:00,47.70000076293945,47.70000076293945,47.631500244140625,47.63999938964844,43327
2026-09-24 15:26:00+00:00,47.64500045776367,47.6599006652832,47.61289978027344,47.619998931884766,35802
2026-09-24 15:27:00+00:00,47.61690139770508,47.63119888305664,47.6150016784668,47.63119888305664,14682
2026-09-24 15:28:00+00:00,47.635101318359375,47.635101318359375,47.599998474121094,47.61000061035156,78307
2026-09-24 15:29:00+00:00,47.599998474121094,47.625,47.59410095214844,47.619998931884766,55731
2026-09-24 15:30:00+00:00,47.625,47.640098571777344,47.60499954223633,47.60499954223633,31100
2026-09-24 15:31:00+00:00,47.6068000793457,47.66510009765625,47.605098724365234,47.65999984741211,57262
2026-09-24 15:32:00+00:00,47.654998779296875,47.665000915527344,47.630001068115234,47.63999938964844,16775
2026-09-24 15:33:00+00:00,47.64950180053711,47.689998626708984,47.64680099487305,47.654998779296875,39886
2026-09-24 15:34:00+00:00,47.655799865722656,47.69499969482422,47.640098571777344,47.685001373291016,51696
2026-09-24 15:35:00+00:00,47.68000030517578,47.73500061035156,47.68000030517578,47.723201751708984,48479
2026-09-24 15:36:00+00:00,47.72999954223633,47.755001068115234,47.724998474121094,47.755001068115234,71087
2026-09-24 15:37:00+00:00,47.750099182128906,47.81999969482422,47.74610137939453,47.79499816894531,52464
2026-09-24 15:38:00+00:00,47.80500030517578,47.80500030517578,47.744998931884766,47.75,49216
2026-09-24 15:39:00+00:00,47.7599983215332,47.77000045776367,47.720001220703125,47.75,33687
2026-09-24 15:40:00+00:00,47.744998931884766,47.775001525878906,47.74330139160156,47.77000045776367,81977
2026-09-24 15:41:00+00:00,47.7495002746582,47.779998779296875,47.7400016784668,47.77000045776367,18041
2026-09-24 15:42:00+00:00,47.7599983215332,47.76300048828125,47.72999954223633,47.7400016784668,26546
2026-09-24 15:43:00+00:00,47.744998931884766,47.7599983215332,47.744998931884766,47.75,14689
2026-09-24 15:44:00+00:00,47.755001068115234,47.79999923706055,47.755001068115234,47.79999923706055,58609
2026-09-24 15:45:00+00:00,47.790000915527344,47.814998626708984,47.77399826049805,47.77799987792969,23798
2026-09-24 15:46:00+00:00,47.77000045776367,47.775001525878906,47.744998931884766,47.75,17830
2026-09-24 15:47:00+00:00,47.75199890136719,47.768001556396484,47.7400016784668,47.75579833984375,55094
2026-09-24 15:48:00+00:00,47.755001068115234,47.790000915527344,47.724998474121094,47.72999954223633,26314
2026-09-24 15:49:00+00:00,47.724998474121094,47.76319885253906,47.720001220703125,47.7599983215332,18271
2026-09-24 15:50:00+00:00,47.75,47.775001525878906,47.75,47.7598991394043,18946
2026-09-24 15:51:00+00:00,47.75,47.75,47.73680114746094,47.75,20413
2026-09-24 15:52:00+00:00,47.775001525878906,47.78499984741211,47.72999954223633,47.756099700927734,32842
2026-09-24 15:53:00+00:00,47.755001068115234,47.790000915527344,47.755001068115234,47.775001525878906,57669
2026-09-24 15:54:00+00:00,47.77000045776367,47.810001373291016,47.76499938964844,47.80009841918945,133605
2026-09-24 15:55:00+00:00,47.79999923706055,47.816200256347656,47.779998779296875,47.79999923706055,64127
2026-09-24 15:56:00+00:00,47.79010009765625,47.82500076293945,47.79010009765625,47.81999969482422,20774
2026-09-24 15:57:00+00:00,47.812400817871094,47.81999969482422,47.779998779296875,47.79999923706055,19327
2026-09-24 15:58:00+00:00,47.79499816894531,47.80739974975586,47.78010177612305,47.79499816894531,31207
2026-09-24 15:59:00+00:00,47.80099868774414,47.80500030517578,47.790000915527344,47.79990005493164,13111
2026-09-24 16:00:00+00:00,47.810001373291016,47.810001373291016,47.71500015258789,47.724998474121094,52361
2026-09-24 16:01:00+00:00,47.724998474121094,47.7510986328125,47.720298767089844,47.73500061035156,18384
2026-09-24 16:02:00+00:00,47.72999954223633,47.75870132446289,47.72050094604492,47.7400016784668,21413
2026-09-24 16:03:00+00:00,47.72999954223633,47.72999954223633,47.689998626708984,47.70000076293945,27464
2026-09-24 16:04:00+00:00,47.689998626708984,47.70000076293945,47.67499923706055,47.69990158081055,15482
2026-09-24 16:05:00+00:00,47.689998626708984,47.709999084472656,47.685001373291016,47.70000076293945,13528
2026-09-24 16:06:00+00:00,47.70500183105469,47.724998474121094,47.689998626708984,47.689998626708984,13914
2026-09-24 16:07:00+00:00,47.68000030517578,47.687599182128906,47.630001068115234,47.64680099487305,38629
2026-09-24 16:08:00+00:00,47.64680099487305,47.67499923706055,47.6349983215332,47.67499923706055,56544
2026-09-24 16:09:00+00:00,47.685001373291016,47.685001373291016,47.66999816894531,47.6776008605957,16033
2026-09-24 16:10:00+00:00,47.68000030517578,47.685001373291016,47.65330123901367,47.654998779296875,10465
2026-09-24 16:11:00+00:00,47.654998779296875,47.654998779296875,47.59199905395508,47.61000061035156,83558
2026-09-24 16:12:00+00:00,47.6150016784668,47.6150016784668,47.58000183105469,47.584999084472656,46952
2026-09-24 16:13:00+00:00,47.584999084472656,47.6150016784668,47.58000183105469,47.6150016784668,19574
2026-09-24 16:14:00+00:00,47.60499954223633,47.70000076293945,47.60499954223633,47.69499969482422,66778
2026-09-24 16:15:00+00:00,47.70000076293945,47.849998474121094,47.70000076293945,47.810001373291016,235743
2026-09-24 16:16:00+00:00,47.810001373291016,47.97999954223633,47.810001373291016,47.959999084472656,252172
2026-09-24 16:17:00+00:00,47.959800720214844,48.02000045776367,47.939998626708984,48.0,179786
2026-09-24 16:18:00+00:00,48.002498626708984,48.040000915527344,47.8650016784668,47.87730026245117,187653
2026-09-24 16:19:00+00:00,47.875,47.900001525878906,47.834999084472656,47.875,52812
2026-09-24 16:20:00+00:00,47.869998931884766,47.9650993347168,47.86000061035156,47.94499969482422,108724
2026-09-24 16:21:00+00:00,47.94499969482422,47.970001220703125,47.900001525878906,47.939998626708984,189011
2026-09-24 16:22:00+00:00,47.93000030517578,47.95500183105469,47.89680099487305,47.939701080322266,73837
2026-09-24 16:23:00+00:00,47.935001373291016,47.94990158081055,47.91999816894531,47.92499923706055,112862
2026-09-24 16:24:00+00:00,47.915000915527344,47.915000915527344,47.88999938964844,47.898799896240234,54434
2026-09-24 16:25:00+00:00,47.900001525878906,47.90999984741211,47.86000061035156,47.862300872802734,58376
2026-09-24 16:26:00+00:00,47.869998931884766,47.929901123046875,47.869998931884766,47.90999984741211,36920
2026-09-24 16:27:00+00:00,47.90999984741211,47.93320083618164,47.880001068115234,47.92499923706055,76792
2026-09-24 16:28:00+00:00,47.91999816894531,47.974998474121094,47.91999816894531,47.974998474121094,31391
2026-09-24 16:29:00+00:00,47.970001220703125,47.97999954223633,47.96500015258789,47.96500015258789,36079
2026-09-24 16:30:00+00:00,47.970001220703125,47.97990036010742,47.92409896850586,47.939998626708984,73077
2026-09-24 16:31:00+00:00,47.935001373291016,47.939998626708984,47.880001068115234,47.880001068115234,49879
2026-09-24 16:32:00+00:00,47.8849983215332,47.8849983215332,47.849998474121094,47.86000061035156,44510
2026-09-24 16:33:00+00:00,47.86000061035156,47.87990188598633,47.8468017578125,47.849998474121094,22680
2026-09-24 16:34:00+00:00,47.851200103759766,47.869998931884766,47.84000015258789,47.849998474121094,89555
2026-09-24 16:35:00+00:00,47.845001220703125,47.900001525878906,47.81010055541992,47.900001525878906,31699
2026-09-24 16:36:00+00:00,47.904998779296875,47.94499969482422,47.904998779296875,47.92499923706055,51877
2026-09-24 16:37:00+00:00,47.91999816894531,47.92499923706055,47.88999938964844,47.90999984741211,25562
2026-09-24 16:38:00+00:00,47.90999984741211,47.95500183105469,47.90999984741211,47.92900085449219,39565
2026-09-24 16:39:00+00:00,47.92499923706055,47.95000076293945,47.92499923706055,47.95000076293945,23594
2026-09-24 16:40:00+00:00,47.95500183105469,48.04999923706055,47.95000076293945,48.025001525878906,125782
2026-09-24 16:41:00+00:00,48.029998779296875,48.084999084472656,48.0099983215332,48.08000183105469,241084
2026-09-24 16:42:00+00:00,48.08000183105469,48.099998474121094,48.02510070800781,48.040000915527344,113673
2026-09-24 16:43:00+00:00,48.040000915527344,48.040000915527344,47.96799850463867,47.980098724365234,77568
2026-09-24 16:44:00+00:00,47.974998474121094,47.974998474121094,47.869998931884766,47.875,93382
2026-09-24 16:45:00+00:00,47.875,47.875,47.84000015258789,47.869998931884766,60337
2026-09-24 16:46:00+00:00,47.869998931884766,47.915000915527344,47.85499954223633,47.915000915527344,79472
2026-09-24 16:47:00+00:00,47.915000915527344,47.95500183105469,47.88999938964844,47.939998626708984,33098
2026-09-24 16:48:00+00:00,47.959999084472656,47.967098236083984,47.935001373291016,47.94499969482422,31199
2026-09-24 16:49:00+00:00,47.94499969482422,47.94499969482422,47.935001373291016,47.939998626708984,47024
2026-09-24 16:50:00+00:00,47.93989944458008,47.93989944458008,47.88999938964844,47.900001525878906,45415
2026-09-24 16:51:00+00:00,47.88999938964844,47.91510009765625,47.880001068115234,47.90999984741211,36032
2026-09-24 16:52:00+00:00,47.89500045776367,47.904998779296875,47.86000061035156,47.8650016784668,30489
2026-09-24 16:53:00+00:00,47.8650016784668,47.869998931884766,47.82500076293945,47.834999084472656,30668
2026-09-24 16:54:00+00:00,47.83000183105469,47.8650016784668,47.821800231933594,47.86000061035156,16480
2026-09-24 16:55:00+00:00,47.869998931884766,47.87990188598633,47.81999969482422,47.82500076293945,22675
2026-09-24 16:56:00+00:00,47.79999923706055,47.85499954223633,47.79999923706055,47.85499954223633,46705
2026-09-24 16:57:00+00:00,47.86000061035156,47.875,47.849998474121094,47.859798431396484,8731
2026-09-24 16:58:00+00:00,47.86000061035156,47.880001068115234,47.86000061035156,47.86859893798828,22676
2026-09-24 16:59:00+00:00,47.8650016784668,47.869998931884766,47.84000015258789,47.845001220703125,22029
2026-09-24 17:00:00+00:00,47.84000015258789,47.84000015258789,47.76499938964844,47.810001373291016,56078
2026-09-24 17:01:00+00:00,47.810001373291016,47.869998931884766,47.790000915527344,47.849998474121094,33242
2026-09-24 17:02:00+00:00,47.84000015258789,47.850799560546875,47.788299560546875,47.850799560546875,82401
2026-09-24 17:03:00+00:00,47.86000061035156,47.88010025024414,47.86000061035156,47.869998931884766,43098
2026-09-24 17:04:00+00:00,47.85499954223633,47.85499954223633,47.79999923706055,47.83000183105469,37787
2026-09-24 17:05:00+00:00,47.84000015258789,47.849998474121094,47.79999923706055,47.80500030517578,30287
2026-09-24 17:06:00+00:00,47.79999923706055,47.810001373291016,47.77989959716797,47.779998779296875,19844
2026-09-24 17:07:00+00:00,47.779998779296875,47.808998107910156,47.779998779296875,47.79999923706055,15581
2026-09-24 17:08:00+00:00,47.79999923706055,47.83000183105469,47.790000915527344,47.83000183105469,17890
2026-09-24 17:09:00+00:00,47.83000183105469,47.849998474121094,47.82500076293945,47.83000183105469,22636
2026-09-24 17:10:00+00:00,47.82500076293945,47.82500076293945,47.775001525878906,47.810001373291016,62693
2026-09-24 17:11:00+00:00,47.80500030517578,47.80500030517578,47.77000045776367,47.79999923706055,35720
2026-09-24 17:12:00+00:00,47.80500030517578,47.80500030517578,47.77009963989258,47.779998779296875,22901
2026-09-24 17:13:00+00:00,47.77009963989258,47.79999923706055,47.77000045776367,47.79679870605469,21326
2026-09-24 17:14:00+00:00,47.79999923706055,47.84000015258789,47.79999923706055,47.829898834228516,13773
2026-09-24 17:15:00+00:00,47.83000183105469,47.83000183105469,47.790000915527344,47.803199768066406,37828
2026-09-24 17:16:00+00:00,47.810001373291016,47.869998931884766,47.809898376464844,47.849998474121094,21348
2026-09-24 17:17:00+00:00,47.849998474121094,47.86320114135742,47.779998779296875,47.779998779296875,24003
2026-09-24 17:18:00+00:00,47.77000045776367,47.81999969482422,47.7599983215332,47.79999923706055,28776
2026-09-24 17:19:00+00:00,47.79999923706055,47.79999923706055,47.755001068115234,47.755001068115234,49217
2026-09-24 17:20:00+00:00,47.7400016784668,47.76499938964844,47.72999954223633,47.7599983215332,83990
2026-09-24 17:21:00+00:00,47.757198333740234,47.775001525878906,47.744998931884766,47.75960159301758,41767
2026-09-24 17:22:00+00:00,47.7599983215332,47.76499938964844,47.7400016784668,47.7400016784668,15772
2026-09-24 17:23:00+00:00,47.73749923706055,47.744998931884766,47.66999816894531,47.71500015258789,55853
2026-09-24 17:24:00+00:00,47.709999084472656,47.720001220703125,47.69499969482422,47.69499969482422,33692
2026-09-24 17:25:00+00:00,47.69499969482422,47.71989822387695,47.68000030517578,47.689998626708984,53299
2026-09-24 17:26:00+00:00,47.68000030517578,47.70500183105469,47.67499923706055,47.689998626708984,69939
2026-09-24 17:27:00+00:00,47.689998626708984,47.720001220703125,47.689998626708984,47.70610046386719,31958
2026-09-24 17:28:00+00:00,47.709999084472656,47.75,47.709999084472656,47.73979949951172,77771
2026-09-24 17:29:00+00:00,47.72999954223633,47.75320053100586,47.724998474121094,47.7400016784668,27388
2026-09-24 17:30:00+00:00,47.7400016784668,47.77510070800781,47.7400016784668,47.77510070800781,10957
2026-09-24 17:31:00+00:00,47.77009963989258,47.80500030517578,47.769901275634766,47.779998779296875,23756
2026-09-24 17:32:00+00:00,47.775001525878906,47.779998779296875,47.755001068115234,47.779998779296875,37032
2026-09-24 17:33:00+00:00,47.77000045776367,47.77000045776367,47.75,47.755001068115234,21902
2026-09-24 17:34:00+00:00,47.75320053100586,47.755001068115234,47.71500015258789,47.71500015258789,21506
2026-09-24 17:35:00+00:00,47.709999084472656,47.73500061035156,47.70500183105469,47.709999084472656,30239
2026-09-24 17:36:00+00:00,47.70000076293945,47.720001220703125,47.69990158081055,47.720001220703125,29678
2026-09-24 17:37:00+00:00,47.71500015258789,47.720001220703125,47.67499923706055,47.67499923706055,37689
2026-09-24 17:38:00+00:00,47.68000030517578,47.68000030517578,47.63199996948242,47.65999984741211,61339
2026-09-24 17:39:00+00:00,47.65999984741211,47.720001220703125,47.65999984741211,47.70000076293945,25348
2026-09-24 17:40:00+00:00,47.70000076293945,47.70500183105469,47.67919921875,47.689998626708984,23302
2026-09-24 17:41:00+00:00,47.68989944458008,47.689998626708984,47.65999984741211,47.68000030517578,31362
2026-09-24 17:42:00+00:00,47.68000030517578,47.71500015258789,47.6713981628418,47.696800231933594,31110
2026-09-24 17:43:00+00:00,47.70000076293945,47.70000076293945,47.619998931884766,47.63420104980469,22684
2026-09-24 17:44:00+00:00,47.630001068115234,47.654998779296875,47.625,47.650001525878906,23174
2026-09-24 17:45:00+00:00,47.650001525878906,47.65729904174805,47.62379837036133,47.65729904174805,39199
2026-09-24 17:46:00+00:00,47.650001525878906,47.669898986816406,47.64500045776367,47.65999984741211,26891
2026-09-24 17:47:00+00:00,47.65999984741211,47.66999816894531,47.6349983215332,47.65999984741211,21086
2026-09-24 17:48:00+00:00,47.660099029541016,47.68000030517578,47.654998779296875,47.670101165771484,26393
2026-09-24 17:49:00+00:00,47.67499923706055,47.67499923706055,47.649898529052734,47.649898529052734,20138
2026-09-24 17:50:00+00:00,47.650001525878906,47.665000915527344,47.642799377441406,47.665000915527344,25810
2026-09-24 17:51:00+00:00,47.665000915527344,47.665000915527344,47.619998931884766,47.63999938964844,179184
2026-09-24 17:52:00+00:00,47.63880157470703,47.64759826660156,47.6150016784668,47.6150016784668,39275
2026-09-24 17:53:00+00:00,47.619998931884766,47.63999938964844,47.59000015258789,47.595001220703125,133145
2026-09-24 17:54:00+00:00,47.59000015258789,47.595001220703125,47.584999084472656,47.584999084472656,25652
2026-09-24 17:55:00+00:00,47.584999084472656,47.584999084472656,47.55500030517578,47.560001373291016,45226
2026-09-24 17:56:00+00:00,47.56129837036133,47.608299255371094,47.55500030517578,47.58980178833008,48542
2026-09-24 17:57:00+00:00,47.59000015258789,47.617698669433594,47.584999084472656,47.600101470947266,31099
2026-09-24 17:58:00+00:00,47.604000091552734,47.60499954223633,47.589900970458984,47.595001220703125,13926
2026-09-24 17:59:00+00:00,47.59989929199219,47.60499954223633,47.584999084472656,47.60499954223633,59257
2026-09-24 18:00:00+00:00,47.60499954223633,47.60499954223633,47.560001373291016,47.59000015258789,42027
2026-09-24 18:01:00+00:00,47.59000015258789,47.59000015258789,47.54010009765625,47.55500030517578,24708
2026-09-24 18:02:00+00:00,47.560001373291016,47.564998626708984,47.5,47.51499938964844,107876
2026-09-24 18:03:00+00:00,47.51499938964844,47.525001525878906,47.470001220703125,47.48500061035156,146520
2026-09-24 18:04:00+00:00,47.48500061035156,47.529998779296875,47.48500061035156,47.51499938964844,38259
2026-09-24 18:05:00+00:00,47.51499938964844,47.54499816894531,47.51499938964844,47.54499816894531,36126
2026-09-24 18:06:00+00:00,47.540000915527344,47.61000061035156,47.53499984741211,47.595001220703125,30010
2026-09-24 18:07:00+00:00,47.595001220703125,47.595001220703125,47.56010055541992,47.57500076293945,30559
2026-09-24 18:08:00+00:00,47.579898834228516,47.6349983215332,47.579898834228516,47.630001068115234,62863
2026-09-24 18:09:00+00:00,47.625,47.649898529052734,47.625,47.63999938964844,29335
2026-09-24 18:10:00+00:00,47.63999938964844,47.66510009765625,47.625,47.665000915527344,29274
2026-09-24 18:11:00+00:00,47.66999816894531,47.67509841918945,47.654998779296875,47.654998779296875,25700
2026-09-24 18:12:00+00:00,47.654998779296875,47.68000030517578,47.64509963989258,47.659698486328125,26143
2026-09-24 18:13:00+00:00,47.65140151977539,47.6599006652832,47.64400100708008,47.650001525878906,22133
2026-09-24 18:14:00+00:00,47.65999984741211,47.685001373291016,47.65999984741211,47.68009948730469,16064
2026-09-24 18:15:00+00:00,47.689998626708984,47.709999084472656,47.68000030517578,47.70500183105469,89784
2026-09-24 18:16:00+00:00,47.709999084472656,47.7400016784668,47.709999084472656,47.724998474121094,48561
2026-09-24 18:17:00+00:00,47.72999954223633,47.75,47.72999954223633,47.75,45021
2026-09-24 18:18:00+00:00,47.755001068115234,47.779998779296875,47.72999954223633,47.744998931884766,51842
2026-09-24 18:19:00+00:00,47.7400016784668,47.7598991394043,47.7400016784668,47.7400016784668,17557
2026-09-24 18:20:00+00:00,47.75,47.75,47.72200012207031,47.7401008605957,38114
2026-09-24 18:21:00+00:00,47.75,47.77000045776367,47.75,47.755001068115234,46065
2026-09-24 18:22:00+00:00,47.755001068115234,47.77510070800781,47.755001068115234,47.77000045776367,39472
2026-09-24 18:23:00+00:00,47.77000045776367,47.77000045776367,47.755001068115234,47.755001068115234,26371
2026-09-24 18:24:00+00:00,47.755001068115234,47.76499938964844,47.7400016784668,47.76499938964844,1327744
2026-09-24 18:25:00+00:00,47.76499938964844,47.814998626708984,47.76499938964844,47.76499938964844,129880
2026-09-24 18:26:00+00:00,47.76679992675781,47.810001373291016,47.76679992675781,47.79999923706055,69118
2026-09-24 18:27:00+00:00,47.79499816894531,47.810001373291016,47.790000915527344,47.810001373291016,14033
2026-09-24 18:28:00+00:00,47.810001373291016,47.81999969482422,47.79999923706055,47.80500030517578,16097
2026-09-24 18:29:00+00:00,47.79999923706055,47.79999923706055,47.775001525878906,47.78499984741211,30016
2026-09-24 18:30:00+00:00,47.78499984741211,47.84000015258789,47.78499984741211,47.81010055541992,156996
2026-09-24 18:31:00+00:00,47.810001373291016,47.810001373291016,47.77000045776367,47.779998779296875,12701
2026-09-24 18:32:00+00:00,47.775001525878906,47.810001373291016,47.77000045776367,47.77000045776367,37666
2026-09-24 18:33:00+00:00,47.77000045776367,47.779998779296875,47.751399993896484,47.7599983215332,16807
2026-09-24 18:34:00+00:00,47.75,47.7598991394043,47.72999954223633,47.73500061035156,21462
2026-09-24 18:35:00+00:00,47.73500061035156,47.73500061035156,47.685001373291016,47.68709945678711,44716
2026-09-24 18:36:00+00:00,47.689998626708984,47.720001220703125,47.685001373291016,47.689998626708984,38112
2026-09-24 18:37:00+00:00,47.689998626708984,47.73500061035156,47.689998626708984,47.72909927368164,39021
2026-09-24 18:38:00+00:00,47.72999954223633,47.834999084472656,47.72999954223633,47.81999969482422,117702
2026-09-24 18:39:00+00:00,47.83000183105469,47.8650016784668,47.79499816894531,47.79999923706055,52128
2026-09-24 18:40:00+00:00,47.79999923706055,47.79999923706055,47.77320098876953,47.776798248291016,14633
2026-09-24 18:41:00+00:00,47.775001525878906,47.78499984741211,47.76679992675781,47.779998779296875,19661
2026-09-24 18:42:00+00:00,47.775001525878906,47.779701232910156,47.759700775146484,47.775001525878906,29672
2026-09-24 18:43:00+00:00,47.77000045776367,47.775001525878906,47.755001068115234,47.77000045776367,23187
2026-09-24 18:44:00+00:00,47.775001525878906,47.790000915527344,47.775001525878906,47.78499984741211,30040
2026-09-24 18:45:00+00:00,47.790000915527344,47.80500030517578,47.78499984741211,47.78990173339844,32284
2026-09-24 18:46:00+00:00,47.779998779296875,47.779998779296875,47.76499938964844,47.76499938964844,17679
2026-09-24 18:47:00+00:00,47.76499938964844,47.779998779296875,47.744998931884766,47.744998931884766,39776
2026-09-24 18:48:00+00:00,47.744998931884766,47.769901275634766,47.744998931884766,47.76499938964844,27651
2026-09-24 18:49:00+00:00,47.76499938964844,47.775001525878906,47.744998931884766,47.77000045776367,24956
2026-09-24 18:50:00+00:00,47.77000045776367,47.84000015258789,47.77000045776367,47.81999969482422,88765
2026-09-24 18:51:00+00:00,47.82500076293945,47.82500076293945,47.79999923706055,47.814998626708984,10977
2026-09-24 18:52:00+00:00,47.810001373291016,47.82500076293945,47.810001373291016,47.81999969482422,37195
2026-09-24 18:53:00+00:00,47.810001373291016,47.81999969482422,47.79499816894531,47.79499816894531,21517
2026-09-24 18:54:00+00:00,47.790000915527344,47.80500030517578,47.775001525878906,47.80500030517578,83462
2026-09-24 18:55:00+00:00,47.80870056152344,47.81999969482422,47.80500030517578,47.81999969482422,17218
2026-09-24 18:56:00+00:00,47.82500076293945,47.84000015258789,47.824100494384766,47.834999084472656,12802
2026-09-24 18:57:00+00:00,47.84000015258789,47.86000061035156,47.834999084472656,47.85969924926758,85845
2026-09-24 18:58:00+00:00,47.85499954223633,47.8650016784668,47.83000183105469,47.83000183105469,28328
2026-09-24 18:59:00+00:00,47.838600158691406,47.838600158691406,47.813201904296875,47.814998626708984,15835
2026-09-24 19:00:00+00:00,47.81990051269531,47.834999084472656,47.80160140991211,47.814998626708984,53282
2026-09-24 19:01:00+00:00,47.810001373291016,47.810001373291016,47.75,47.7599983215332,52483
2026-09-24 19:02:00+00:00,47.76499938964844,47.785099029541016,47.73500061035156,47.7400016784668,21836
2026-09-24 19:03:00+00:00,47.75,47.75170135498047,47.720001220703125,47.720001220703125,15133
2026-09-24 19:04:00+00:00,47.724998474121094,47.73500061035156,47.71009826660156,47.724998474121094,13800
2026-09-24 19:05:00+00:00,47.724998474121094,47.73500061035156,47.70500183105469,47.73500061035156,38217
2026-09-24 19:06:00+00:00,47.73500061035156,47.755001068115234,47.73500061035156,47.75,34591
2026-09-24 19:07:00+00:00,47.7400016784668,47.79999923706055,47.73500061035156,47.78950119018555,108233
2026-09-24 19:08:00+00:00,47.78499984741211,47.81999969482422,47.78499984741211,47.79999923706055,81689
2026-09-24 19:09:00+00:00,47.79999923706055,47.834999084472656,47.79999923706055,47.834999084472656,27594
2026-09-24 19:10:00+00:00,47.834999084472656,47.839900970458984,47.814998626708984,47.81999969482422,21307
2026-09-24 19:11:00+00:00,47.82320022583008,47.8474006652832,47.81679916381836,47.8474006652832,51828
2026-09-24 19:12:00+00:00,47.84989929199219,47.86000061035156,47.84989929199219,47.85499954223633,32323
2026-09-24 19:13:00+00:00,47.85499954223633,47.89500045776367,47.85499954223633,47.88999938964844,94300
2026-09-24 19:14:00+00:00,47.900001525878906,47.90739822387695,47.880001068115234,47.8849983215332,29483
2026-09-24 19:15:00+00:00,47.8849983215332,47.89500045776367,47.86000061035156,47.86000061035156,14425
2026-09-24 19:16:00+00:00,47.8650016784668,47.8650016784668,47.852298736572266,47.8650016784668,48132
2026-09-24 19:17:00+00:00,47.8650016784668,47.90760040283203,47.8650016784668,47.8849983215332,73906
2026-09-24 19:18:00+00:00,47.8849983215332,47.900001525878906,47.875,47.89830017089844,103838
2026-09-24 19:19:00+00:00,47.89500045776367,47.900001525878906,47.86399841308594,47.899898529052734,55017
2026-09-24 19:20:00+00:00,47.900001525878906,47.9099006652832,47.869998931884766,47.8754997253418,139900
2026-09-24 19:21:00+00:00,47.875,47.880001068115234,47.8650016784668,47.8650016784668,15657
2026-09-24 19:22:00+00:00,47.875,47.89509963989258,47.875,47.88999938964844,26031
2026-09-24 19:23:00+00:00,47.88999938964844,47.904998779296875,47.88999938964844,47.900001525878906,39106
2026-09-24 19:24:00+00:00,47.90999984741211,47.915000915527344,47.904998779296875,47.915000915527344,23686
2026-09-24 19:25:00+00:00,47.91999816894531,47.935001373291016,47.90999984741211,47.935001373291016,35667
2026-09-24 19:26:00+00:00,47.935001373291016,47.935001373291016,47.904998779296875,47.90999984741211,28986
2026-09-24 19:27:00+00:00,47.919898986816406,47.91999816894531,47.904998779296875,47.90999984741211,31819
2026-09-24 19:28:00+00:00,47.904998779296875,47.92499923706055,47.904998779296875,47.91999816894531,35893
2026-09-24 19:29:00+00:00,47.91999816894531,47.929901123046875,47.915000915527344,47.92499923706055,45645
2026-09-24 19:30:00+00:00,47.93000030517578,47.93000030517578,47.8849983215332,47.90999984741211,57613
2026-09-24 19:31:00+00:00,47.9099006652832,47.915000915527344,47.88999938964844,47.904998779296875,70144
2026-09-24 19:32:00+00:00,47.904998779296875,47.904998779296875,47.875,47.8849983215332,71358
2026-09-24 19:33:00+00:00,47.8849983215332,47.900001525878906,47.880001068115234,47.89500045776367,32384
2026-09-24 19:34:00+00:00,47.904998779296875,47.915000915527344,47.900001525878906,47.915000915527344,30796
2026-09-24 19:35:00+00:00,47.90999984741211,47.90999984741211,47.875,47.88990020751953,34061
2026-09-24 19:36:00+00:00,47.88759994506836,47.88990020751953,47.8650016784668,47.869998931884766,33376
2026-09-24 19:37:00+00:00,47.875,47.875,47.834999084472656,47.84000015258789,58268
2026-09-24 19:38:00+00:00,47.845001220703125,47.85499954223633,47.834999084472656,47.85499954223633,18071
2026-09-24 19:39:00+00:00,47.85499954223633,47.85499954223633,47.83000183105469,47.834999084472656,36286
2026-09-24 19:40:00+00:00,47.830101013183594,47.84989929199219,47.80500030517578,47.80500030517578,52620
2026-09-24 19:41:00+00:00,47.80500030517578,47.82500076293945,47.79999923706055,47.82500076293945,49160
2026-09-24 19:42:00+00:00,47.81999969482422,47.82500076293945,47.80500030517578,47.80500030517578,18516
2026-09-24 19:43:00+00:00,47.80500030517578,47.810001373291016,47.78369903564453,47.80329895019531,53367
2026-09-24 19:44:00+00:00,47.79999923706055,47.8390007019043,47.79999923706055,47.80500030517578,35444
2026-09-24 19:45:00+00:00,47.79999923706055,47.834999084472656,47.79999923706055,47.834999084472656,63956
2026-09-24 19:46:00+00:00,47.84000015258789,47.849998474121094,47.80500030517578,47.80500030517578,51565
2026-09-24 19:47:00+00:00,47.80500030517578,47.83000183105469,47.80500030517578,47.82099914550781,22886
2026-09-24 19:48:00+00:00,47.82500076293945,47.839698791503906,47.814998626708984,47.834999084472656,50447
2026-09-24 19:49:00+00:00,47.83369827270508,47.86000061035156,47.83369827270508,47.86000061035156,36513
2026-09-24 19:50:00+00:00,47.86000061035156,47.900001525878906,47.86000061035156,47.880001068115234,154298
2026-09-24 19:51:00+00:00,47.8849983215332,47.90999984741211,47.869998931884766,47.88999938964844,174846
2026-09-24 19:52:00+00:00,47.8849983215332,47.88999938964844,47.86000061035156,47.86989974975586,57035
2026-09-24 19:53:00+00:00,47.86000061035156,47.869998931884766,47.84000015258789,47.869998931884766,90703
2026-09-24 19:54:00+00:00,47.8650016784668,47.880001068115234,47.86000061035156,47.87009811401367,45264
2026-09-24 19:55:00+00:00,47.869998931884766,47.880001068115234,47.849998474121094,47.86000061035156,116720
2026-09-24 19:56:00+00:00,47.85499954223633,47.86000061035156,47.779998779296875,47.779998779296875,259895
2026-09-24 19:57:00+00:00,47.790000915527344,47.810001373291016,47.77000045776367,47.775001525878906,158467
2026-09-24 19:58:00+00:00,47.775001525878906,47.790000915527344,47.75,47.755001068115234,237823
2026-09-24 19:59:00+00:00,47.755001068115234,47.81999969482422,47.755001068115234,47.790000915527344,757253
2026-09-25 13:30:00+00:00,47.60499954223633,47.619998931884766,47.52000045776367,47.560001373291016,5426418
2026-09-25 13:31:00+00:00,47.56999969482422,47.58000183105469,47.4900016784668,47.53499984741211,317276
2026-09-25 13:32:00+00:00,47.529998779296875,47.529998779296875,47.48500061035156,47.529998779296875,115605
2026-09-25 13:33:00+00:00,47.525001525878906,47.540000915527344,47.494998931884766,47.540000915527344,52500
2026-09-25 13:34:00+00:00,47.54999923706055,47.59000015258789,47.54499816894531,47.58000183105469,292122
2026-09-25 13:35:00+00:00,47.58000183105469,47.724998474121094,47.56999969482422,47.724998474121094,186088
2026-09-25 13:36:00+00:00,47.724998474121094,47.76499938964844,47.625,47.6349983215332,148685
2026-09-25 13:37:00+00:00,47.630001068115234,47.6349983215332,47.584999084472656,47.61000061035156,59996
2026-09-25 13:38:00+00:00,47.61000061035156,47.64500045776367,47.60499954223633,47.63999938964844,48982
2026-09-25 13:39:00+00:00,47.630001068115234,47.630001068115234,47.57500076293945,47.61000061035156,38435
2026-09-25 13:40:00+00:00,47.619998931884766,47.64500045776367,47.59000015258789,47.59000015258789,50493
2026-09-25 13:41:00+00:00,47.584999084472656,47.6150016784668,47.560001373291016,47.58000183105469,85008
2026-09-25 13:42:00+00:00,47.584999084472656,47.59000015258789,47.540000915527344,47.59000015258789,116838
2026-09-25 13:43:00+00:00,47.580101013183594,47.580101013183594,47.47999954223633,47.47999954223633,55420
2026-09-25 13:44:00+00:00,47.480098724365234,47.54999923706055,47.42829895019531,47.54999923706055,151406
2026-09-25 13:45:00+00:00,47.54999923706055,47.57500076293945,47.51499938964844,47.53499984741211,69365
2026-09-25 13:46:00+00:00,47.53710174560547,47.53710174560547,47.334999084472656,47.34000015258789,458639
2026-09-25 13:47:00+00:00,47.334999084472656,47.38999938964844,47.279998779296875,47.38999938964844,229323
2026-09-25 13:48:00+00:00,47.39500045776367,47.439998626708984,47.369998931884766,47.400001525878906,106231
2026-09-25 13:49:00+00:00,47.41999816894531,47.46500015258789,47.400001525878906,47.400001525878906,82201
2026-09-25 13:50:00+00:00,47.400001525878906,47.470001220703125,47.380001068115234,47.45000076293945,69954
2026-09-25 13:51:00+00:00,47.45500183105469,47.459999084472656,47.41999816894531,47.43000030517578,79291
2026-09-25 13:52:00+00:00,47.43000030517578,47.47999954223633,47.41999816894531,47.47999954223633,59270
2026-09-25 13:53:00+00:00,47.488399505615234,47.5099983215332,47.439998626708984,47.5099983215332,64469
2026-09-25 13:54:00+00:00,47.5,47.608699798583984,47.4900016784668,47.598899841308594,122734
2026-09-25 13:55:00+00:00,47.595001220703125,47.60499954223633,47.56010055541992,47.595001220703125,77984
2026-09-25 13:56:00+00:00,47.595001220703125,47.595001220703125,47.529998779296875,47.53010177612305,67547
2026-09-25 13:57:00+00:00,47.529998779296875,47.53010177612305,47.4900016784668,47.51499938964844,33493
2026-09-25 13:58:00+00:00,47.5,47.52989959716797,47.4900016784668,47.505001068115234,18507
2026-09-25 13:59:00+00:00,47.505001068115234,47.519901275634766,47.5,47.5,19098
2026-09-25 14:00:00+00:00,47.5099983215332,47.560001373291016,47.4900016784668,47.529998779296875,116559
2026-09-25 14:01:00+00:00,47.529998779296875,47.529998779296875,47.5099983215332,47.52000045776367,68324
2026-09-25 14:02:00+00:00,47.5,47.525001525878906,47.380001068115234,47.380001068115234,395073
2026-09-25 14:03:00+00:00,47.385101318359375,47.385101318359375,47.209999084472656,47.2599983215332,911032
2026-09-25 14:04:00+00:00,47.2599983215332,47.279998779296875,47.099998474121094,47.10499954223633,694257
2026-09-25 14:05:00+00:00,47.10499954223633,47.13999938964844,47.04999923706055,47.08000183105469,837723
2026-09-25 14:06:00+00:00,47.07500076293945,47.185001373291016,47.07500076293945,47.1150016784668,756267
2026-09-25 14:07:00+00:00,47.130001068115234,47.19499969482422,47.119998931884766,47.18000030517578,299800
2026-09-25 14:08:00+00:00,47.16569900512695,47.24720001220703,47.1349983215332,47.238800048828125,243869
2026-09-25 14:09:00+00:00,47.2400016784668,47.29999923706055,47.21500015258789,47.230098724365234,120034
2026-09-25 14:10:00+00:00,47.23500061035156,47.27000045776367,47.209999084472656,47.244998931884766,57086
2026-09-25 14:11:00+00:00,47.2400016784668,47.329898834228516,47.2400016784668,47.32500076293945,87333
2026-09-25 14:12:00+00:00,47.334999084472656,47.359901428222656,47.314998626708984,47.32500076293945,146966
2026-09-25 14:13:00+00:00,47.33000183105469,47.345001220703125,47.29999923706055,47.33000183105469,52610
2026-09-25 14:14:00+00:00,47.314998626708984,47.32500076293945,47.255001068115234,47.310001373291016,42213
2026-09-25 14:15:00+00:00,47.290000915527344,47.359901428222656,47.224998474121094,47.359901428222656,100479
2026-09-25 14:16:00+00:00,47.35499954223633,47.3849983215332,47.29999923706055,47.29999923706055,111390
2026-09-25 14:17:00+00:00,47.30500030517578,47.30500030517578,47.24079895019531,47.24100112915039,36073
2026-09-25 14:18:00+00:00,47.244998931884766,47.29999923706055,47.2401008605957,47.29499816894531,76685
2026-09-25 14:19:00+00:00,47.290000915527344,47.349998474121094,47.2599983215332,47.349700927734375,145708
2026-09-25 14:20:00+00:00,47.34989929199219,47.35499954223633,47.29499816894531,47.34989929199219,253701
2026-09-25 14:21:00+00:00,47.34510040283203,47.400001525878906,47.345001220703125,47.390098571777344,322121
2026-09-25 14:22:00+00:00,47.400001525878906,47.43000030517578,47.3650016784668,47.3849983215332,301285
2026-09-25 14:23:00+00:00,47.380001068115234,47.404998779296875,47.334999084472656,47.334999084472656,366552
2026-09-25 14:24:00+00:00,47.332000732421875,47.36050033569336,47.290000915527344,47.310001373291016,188373
2026-09-25 14:25:00+00:00,47.33000183105469,47.3650016784668,47.31999969482422,47.349998474121094,162156
2026-09-25 14:26:00+00:00,47.3650016784668,47.3650016784668,47.330101013183594,47.36000061035156,253433
2026-09-25 14:27:00+00:00,47.349998474121094,47.369998931884766,47.31999969482422,47.31999969482422,173081
2026-09-25 14:28:00+00:00,47.314998626708984,47.34000015258789,47.3026008605957,47.33000183105469,229438
2026-09-25 14:29:00+00:00,47.334999084472656,47.380001068115234,47.33000183105469,47.34000015258789,147497
2026-09-25 14:30:00+00:00,47.334999084472656,47.404998779296875,47.334999084472656,47.400001525878906,139973
2026-09-25 14:31:00+00:00,47.39500045776367,47.45500183105469,47.38999938964844,47.45500183105469,78202
2026-09-25 14:32:00+00:00,47.45500183105469,47.45500183105469,47.400001525878906,47.44499969482422,102743
2026-09-25 14:33:00+00:00,47.44499969482422,47.45500183105469,47.42499923706055,47.441898345947266,62463
2026-09-25 14:34:00+00:00,47.439998626708984,47.489898681640625,47.439998626708984,47.48609924316406,146183
2026-09-25 14:35:00+00:00,47.474998474121094,47.4900016784668,47.45009994506836,47.46500015258789,47946
2026-09-25 14:36:00+00:00,47.470001220703125,47.48500061035156,47.45989990234375,47.45989990234375,96812
2026-09-25 14:37:00+00:00,47.45500183105469,47.470001220703125,47.44499969482422,47.45000076293945,67472
2026-09-25 14:38:00+00:00,47.45500183105469,47.49800109863281,47.45500183105469,47.494998931884766,118858
2026-09-25 14:39:00+00:00,47.494998931884766,47.5099983215332,47.459999084472656,47.459999084472656,83237
2026-09-25 14:40:00+00:00,47.466800689697266,47.474998474121094,47.404998779296875,47.404998779296875,103372
2026-09-25 14:41:00+00:00,47.400001525878906,47.45000076293945,47.39500045776367,47.435001373291016,109649
2026-09-25 14:42:00+00:00,47.43009948730469,47.45500183105469,47.40999984741211,47.44499969482422,67310
2026-09-25 14:43:00+00:00,47.45000076293945,47.459999084472656,47.349998474121094,47.349998474121094,132007
2026-09-25 14:44:00+00:00,47.34000015258789,47.380001068115234,47.34000015258789,47.3650016784668,95754
2026-09-25 14:45:00+00:00,47.36000061035156,47.380001068115234,47.290000915527344,47.375,143834
2026-09-25 14:46:00+00:00,47.3849983215332,47.41999816894531,47.36000061035156,47.38999938964844,145891
2026-09-25 14:47:00+00:00,47.380001068115234,47.429500579833984,47.375,47.415000915527344,89246
2026-09-25 14:48:00+00:00,47.41999816894531,47.435001373291016,47.39500045776367,47.435001373291016,100462
2026-09-25 14:49:00+00:00,47.43000030517578,47.470001220703125,47.415000915527344,47.435001373291016,92583
2026-09-25 14:50:00+00:00,47.439998626708984,47.44499969482422,47.400001525878906,47.40999984741211,127449
2026-09-25 14:51:00+00:00,47.415000915527344,47.42499923706055,47.35499954223633,47.36000061035156,90602
2026-09-25 14:52:00+00:00,47.35499954223633,47.36000061035156,47.314998626708984,47.33000183105469,125379
2026-09-25 14:53:00+00:00,47.33000183105469,47.404998779296875,47.32500076293945,47.39500045776367,92069
2026-09-25 14:54:00+00:00,47.400001525878906,47.44499969482422,47.400001525878906,47.43989944458008,61199
2026-09-25 14:55:00+00:00,47.439998626708984,47.494998931884766,47.439998626708984,47.494998931884766,92547
2026-09-25 14:56:00+00:00,47.5,47.54499816894531,47.494998931884766,47.51499938964844,90002
2026-09-25 14:57:00+00:00,47.5099983215332,47.529998779296875,47.505001068115234,47.51499938964844,75632
2026-09-25 14:58:00+00:00,47.52000045776367,47.540000915527344,47.50360107421875,47.540000915527344,64776
2026-09-25 14:59:00+00:00,47.540000915527344,47.560001373291016,47.53499984741211,47.55400085449219,126572
2026-09-25 15:00:00+00:00,47.54999923706055,47.564998626708984,47.529998779296875,47.564998626708984,51705
2026-09-25 15:01:00+00:00,47.560001373291016,47.584999084472656,47.54499816894531,47.58000183105469,27429
2026-09-25 15:02:00+00:00,47.59000015258789,47.619998931884766,47.5099983215332,47.5099983215332,186481
2026-09-25 15:03:00+00:00,47.505001068115234,47.52000045776367,47.44499969482422,47.46289825439453,334882
2026-09-25 15:04:00+00:00,47.470001220703125,47.47999954223633,47.400001525878906,47.40999984741211,148737
2026-09-25 15:05:00+00:00,47.43000030517578,47.45240020751953,47.40999984741211,47.415000915527344,77107
2026-09-25 15:06:00+00:00,47.42150115966797,47.435001373291016,47.38999938964844,47.43000030517578,117035
2026-09-25 15:07:00+00:00,47.43159866333008,47.48500061035156,47.40999984741211,47.47999954223633,68860
2026-09-25 15:08:00+00:00,47.48500061035156,47.52000045776367,47.47999954223633,47.51499938964844,85497
2026-09-25 15:09:00+00:00,47.51499938964844,47.53990173339844,47.500099182128906,47.501800537109375,42404
2026-09-25 15:10:00+00:00,47.5,47.5,47.470001220703125,47.48500061035156,28374
2026-09-25 15:11:00+00:00,47.4900016784668,47.5,47.45000076293945,47.45989990234375,78236
2026-09-25 15:12:00+00:00,47.459999084472656,47.53499984741211,47.459999084472656,47.51499938964844,62269
2026-09-25 15:13:00+00:00,47.52000045776367,47.54499816894531,47.52000045776367,47.53499984741211,31196
2026-09-25 15:14:00+00:00,47.529998779296875,47.55500030517578,47.51499938964844,47.546199798583984,34821
2026-09-25 15:15:00+00:00,47.55500030517578,47.55500030517578,47.5,47.52539825439453,37195
2026-09-25 15:16:00+00:00,47.540000915527344,47.54499816894531,47.5,47.52989959716797,12378
2026-09-25 15:17:00+00:00,47.5,47.529998779296875,47.48500061035156,47.5099983215332,22485
2026-09-25 15:18:00+00:00,47.52000045776367,47.52119827270508,47.48500061035156,47.489898681640625,42629
2026-09-25 15:19:00+00:00,47.470001220703125,47.470001220703125,47.41339874267578,47.41999816894531,26102
2026-09-25 15:20:00+00:00,47.41999816894531,47.439998626708984,47.39950180053711,47.439998626708984,43388
2026-09-25 15:21:00+00:00,47.44279861450195,47.5,47.41999816894531,47.5,244991
2026-09-25 15:22:00+00:00,47.494998931884766,47.52000045776367,47.474998474121094,47.47999954223633,164104
2026-09-25 15:23:00+00:00,47.48139953613281,47.50630187988281,47.474998474121094,47.505001068115234,8991
2026-09-25 15:24:00+00:00,47.494998931884766,47.505001068115234,47.470001220703125,47.47999954223633,47714
2026-09-25 15:25:00+00:00,47.470001220703125,47.470001220703125,47.45000076293945,47.459999084472656,28412
2026-09-25 15:26:00+00:00,47.45069885253906,47.46009826660156,47.44499969482422,47.46009826660156,37646
2026-09-25 15:27:00+00:00,47.470001220703125,47.470001220703125,47.435001373291016,47.439998626708984,40829
2026-09-25 15:28:00+00:00,47.41999816894531,47.42499923706055,47.400001525878906,47.41999816894531,30047
2026-09-25 15:29:00+00:00,47.41999816894531,47.42499923706055,47.38999938964844,47.41389846801758,49259
2026-09-25 15:30:00+00:00,47.42499923706055,47.48500061035156,47.40999984741211,47.41999816894531,160618
2026-09-25 15:31:00+00:00,47.42499923706055,47.42499923706055,47.39500045776367,47.40999984741211,23639
2026-09-25 15:32:00+00:00,47.459999084472656,47.4900016784668,47.459999084472656,47.459999084472656,56563
2026-09-25 15:33:00+00:00,47.435001373291016,47.4552001953125,47.42499923706055,47.42499923706055,32185
2026-09-25 15:34:00+00:00,47.41999816894531,47.42509841918945,47.38999938964844,47.400001525878906,118279
2026-09-25 15:35:00+00:00,47.400001525878906,47.40999984741211,47.36000061035156,47.3849983215332,28599
2026-09-25 15:36:00+00:00,47.38119888305664,47.3849983215332,47.37009811401367,47.38240051269531,14802
2026-09-25 15:37:00+00:00,47.39500045776367,47.400001525878906,47.369998931884766,47.380001068115234,26410
2026-09-25 15:38:00+00:00,47.380001068115234,47.39500045776367,47.320098876953125,47.320098876953125,21671
2026-09-25 15:39:00+00:00,47.33000183105469,47.33000183105469,47.244998931884766,47.255001068115234,94696
2026-09-25 15:40:00+00:00,47.25,47.31999969482422,47.245201110839844,47.31629943847656,98566
2026-09-25 15:41:00+00:00,47.314998626708984,47.32500076293945,47.28499984741211,47.29499816894531,34475
2026-09-25 15:42:00+00:00,47.28010177612305,47.30500030517578,47.2599983215332,47.29999923706055,33814
2026-09-25 15:43:00+00:00,47.28419876098633,47.310001373291016,47.2400016784668,47.24679946899414,47872
2026-09-25 15:44:00+00:00,47.25,47.275001525878906,47.23500061035156,47.249900817871094,22476
2026-09-25 15:45:00+00:00,47.244998931884766,47.27000045776367,47.244998931884766,47.25,24593
2026-09-25 15:46:00+00:00,47.244998931884766,47.286800384521484,47.22050094604492,47.275001525878906,65132
2026-09-25 15:47:00+00:00,47.279998779296875,47.31999969482422,47.255001068115234,47.255001068115234,35429
2026-09-25 15:48:00+00:00,47.25199890136719,47.2598991394043,47.22999954223633,47.23500061035156,24851
2026-09-25 15:49:00+00:00,47.23500061035156,47.2400016784668,47.20500183105469,47.22990036010742,28355
2026-09-25 15:50:00+00:00,47.22999954223633,47.22999954223633,47.189998626708984,47.220001220703125,43222
2026-09-25 15:51:00+00:00,47.21860122680664,47.21860122680664,47.185001373291016,47.189998626708984,38028
2026-09-25 15:52:00+00:00,47.19499969482422,47.255001068115234,47.18000030517578,47.2400016784668,185561
2026-09-25 15:53:00+00:00,47.23500061035156,47.255001068115234,47.220001220703125,47.244998931884766,77898
2026-09-25 15:54:00+00:00,47.244998931884766,47.29499816894531,47.224998474121094,47.27000045776367,228603
2026-09-25 15:55:00+00:00,47.260101318359375,47.310001373291016,47.260101318359375,47.310001373291016,21008
2026-09-25 15:56:00+00:00,47.29999923706055,47.3400993347168,47.290000915527344,47.33649826049805,39970
2026-09-25 15:57:00+00:00,47.34000015258789,47.35499954223633,47.32500076293945,47.35499954223633,33913
2026-09-25 15:58:00+00:00,47.35499954223633,47.400001525878906,47.349998474121094,47.400001525878906,93723
2026-09-25 15:59:00+00:00,47.400001525878906,47.44990158081055,47.38999938964844,47.44990158081055,57271
2026-09-25 16:00:00+00:00,47.44499969482422,47.519901275634766,47.44499969482422,47.51499938964844,56508
2026-09-25 16:01:00+00:00,47.52000045776367,47.529998779296875,47.48500061035156,47.505001068115234,103966
2026-09-25 16:02:00+00:00,47.52000045776367,47.55500030517578,47.510101318359375,47.54499816894531,81502
2026-09-25 16:03:00+00:00,47.540000915527344,47.540000915527344,47.504398345947266,47.53499984741211,155869
2026-09-25 16:04:00+00:00,47.529998779296875,47.53499984741211,47.474998474121094,47.525001525878906,781046
2026-09-25 16:05:00+00:00,47.53390121459961,47.564998626708984,47.5,47.54999923706055,58396
2026-09-25 16:06:00+00:00,47.54999923706055,47.58000183105469,47.52000045776367,47.57500076293945,101817
2026-09-25 16:07:00+00:00,47.577999114990234,47.59000015258789,47.49399948120117,47.53010177612305,85209
2026-09-25 16:08:00+00:00,47.540000915527344,47.55500030517578,47.5,47.510101318359375,135014
2026-09-25 16:09:00+00:00,47.51499938964844,47.540000915527344,47.494998931884766,47.529998779296875,67594
2026-09-25 16:10:00+00:00,47.54499816894531,47.579898834228516,47.51499938964844,47.51499938964844,97982
2026-09-25 16:11:00+00:00,47.5099983215332,47.54010009765625,47.505001068115234,47.54010009765625,24278
2026-09-25 16:12:00+00:00,47.54869842529297,47.56999969482422,47.529998779296875,47.55500030517578,41613
2026-09-25 16:13:00+00:00,47.54999923706055,47.560001373291016,47.53499984741211,47.54499816894531,31039
2026-09-25 16:14:00+00:00,47.54499816894531,47.569000244140625,47.525001525878906,47.569000244140625,40520
2026-09-25 16:15:00+00:00,47.56999969482422,47.61000061035156,47.56999969482422,47.59000015258789,68739
2026-09-25 16:16:00+00:00,47.597999572753906,47.619998931884766,47.58000183105469,47.6088981628418,39602
2026-09-25 16:17:00+00:00,47.60499954223633,47.625,47.57500076293945,47.58000183105469,64837
2026-09-25 16:18:00+00:00,47.57500076293945,47.599998474121094,47.54999923706055,47.54999923706055,21428
2026-09-25 16:19:00+00:00,47.554500579833984,47.58000183105469,47.54499816894531,47.58000183105469,50423
2026-09-25 16:20:00+00:00,47.58000183105469,47.59510040283203,47.55500030517578,47.55500030517578,30727
2026-09-25 16:21:00+00:00,47.55500030517578,47.55860137939453,47.53499984741211,47.540000915527344,27941
2026-09-25 16:22:00+00:00,47.54499816894531,47.55500030517578,47.53070068359375,47.53499984741211,23889
2026-09-25 16:23:00+00:00,47.53499984741211,47.54629898071289,47.51499938964844,47.529998779296875,24564
2026-09-25 16:24:00+00:00,47.53990173339844,47.54999923706055,47.53499984741211,47.54999923706055,35710
2026-09-25 16:25:00+00:00,47.560001373291016,47.5713005065918,47.55009841918945,47.55500030517578,13816
2026-09-25 16:26:00+00:00,47.55099868774414,47.584999084472656,47.55009841918945,47.584999084472656,45471
2026-09-25 16:27:00+00:00,47.58000183105469,47.58000183105469,47.55500030517578,47.55500030517578,32318
2026-09-25 16:28:00+00:00,47.54999923706055,47.54999923706055,47.540000915527344,47.54010009765625,10055
2026-09-25 16:29:00+00:00,47.54499816894531,47.54999923706055,47.53010177612305,47.540000915527344,39453
2026-09-25 16:30:00+00:00,47.54499816894531,47.54499816894531,47.529998779296875,47.54010009765625,9634
2026-09-25 16:31:00+00:00,47.54499816894531,47.54999923706055,47.53499984741211,47.54999923706055,17697
2026-09-25 16:32:00+00:00,47.54999923706055,47.56999969482422,47.54499816894531,47.560001373291016,30262
2026-09-25 16:33:00+00:00,47.564998626708984,47.579898834228516,47.540000915527344,47.54499816894531,37069
2026-09-25 16:34:00+00:00,47.540000915527344,47.540000915527344,47.44499969482422,47.45050048828125,176041
2026-09-25 16:35:00+00:00,47.459999084472656,47.48500061035156,47.43870162963867,47.48500061035156,34917
2026-09-25 16:36:00+00:00,47.47999954223633,47.5,47.47010040283203,47.5,17366
2026-09-25 16:37:00+00:00,47.51499938964844,47.54499816894531,47.51499938964844,47.52000045776367,25869
2026-09-25 16:38:00+00:00,47.5099983215332,47.5099983215332,47.47999954223633,47.5,22775
2026-09-25 16:39:00+00:00,47.5,47.519901275634766,47.5,47.519901275634766,18771
2026-09-25 16:40:00+00:00,47.52000045776367,47.525001525878906,47.47999954223633,47.480098724365234,22879
2026-09-25 16:41:00+00:00,47.4900016784668,47.51499938964844,47.4900016784668,47.51499938964844,18992
2026-09-25 16:42:00+00:00,47.52000045776367,47.529998779296875,47.5,47.50230026245117,26696
2026-09-25 16:43:00+00:00,47.505001068115234,47.540000915527344,47.505001068115234,47.525001525878906,14543
2026-09-25 16:44:00+00:00,47.529998779296875,47.54499816894531,47.505001068115234,47.505001068115234,23536
2026-09-25 16:45:00+00:00,47.48500061035156,47.494998931884766,47.47999954223633,47.48500061035156,32131
2026-09-25 16:46:00+00:00,47.4900016784668,47.5099983215332,47.4900016784668,47.494998931884766,4028
2026-09-25 16:47:00+00:00,47.4900016784668,47.4900016784668,47.44499969482422,47.44499969482422,12524
2026-09-25 16:48:00+00:00,47.44499969482422,47.44499969482422,47.40999984741211,47.415000915527344,59608
2026-09-25 16:49:00+00:00,47.41999816894531,47.43000030517578,47.3849983215332,47.43000030517578,52857
2026-09-25 16:50:00+00:00,47.435001373291016,47.45000076293945,47.43000030517578,47.435001373291016,25950
2026-09-25 16:51:00+00:00,47.44499969482422,47.470001220703125,47.439998626708984,47.46500015258789,42399
2026-09-25 16:52:00+00:00,47.470001220703125,47.5,47.46500015258789,47.494998931884766,18002
2026-09-25 16:53:00+00:00,47.494998931884766,47.5,47.45500183105469,47.470001220703125,26326
2026-09-25 16:54:00+00:00,47.459999084472656,47.48500061035156,47.459999084472656,47.474998474121094,7746
2026-09-25 16:55:00+00:00,47.470001220703125,47.47990036010742,47.45000076293945,47.474998474121094,8788
2026-09-25 16:56:00+00:00,47.47800064086914,47.47990036010742,47.46009826660156,47.46969985961914,12741
2026-09-25 16:57:00+00:00,47.459999084472656,47.459999084472656,47.43009948730469,47.430999755859375,12703
2026-09-25 16:58:00+00:00,47.435001373291016,47.435001373291016,47.40999984741211,47.41999816894531,10719
2026-09-25 16:59:00+00:00,47.415000915527344,47.415000915527344,47.400001525878906,47.415000915527344,49864
2026-09-25 17:00:00+00:00,47.41999816894531,47.43000030517578,47.415000915527344,47.415000915527344,48251
2026-09-25 17:01:00+00:00,47.415000915527344,47.4900016784668,47.415000915527344,47.48500061035156,45215
2026-09-25 17:02:00+00:00,47.47999954223633,47.499900817871094,47.47999954223633,47.494998931884766,10203
2026-09-25 17:03:00+00:00,47.49300003051758,47.505001068115234,47.4900016784668,47.4900016784668,91606
2026-09-25 17:04:00+00:00,47.48500061035156,47.52000045776367,47.48400115966797,47.51499938964844,10024
2026-09-25 17:05:00+00:00,47.51499938964844,47.51499938964844,47.470001220703125,47.47990036010742,16943
2026-09-25 17:06:00+00:00,47.47019958496094,47.487701416015625,47.45500183105469,47.45500183105469,12341
2026-09-25 17:07:00+00:00,47.45500183105469,47.474998474121094,47.45500183105469,47.474998474121094,33275
2026-09-25 17:08:00+00:00,47.470001220703125,47.48500061035156,47.45500183105469,47.48500061035156,11296
2026-09-25 17:09:00+00:00,47.4900016784668,47.529998779296875,47.4900016784668,47.52989959716797,10752
2026-09-25 17:10:00+00:00,47.529998779296875,47.529998779296875,47.505001068115234,47.5099983215332,10095
2026-09-25 17:11:00+00:00,47.505001068115234,47.52000045776367,47.494998931884766,47.5,166383
2026-09-25 17:12:00+00:00,47.505001068115234,47.51499938964844,47.5,47.51499938964844,31408
2026-09-25 17:13:00+00:00,47.51499938964844,47.529998779296875,47.51499938964844,47.525001525878906,9421
2026-09-25 17:14:00+00:00,47.525001525878906,47.529998779296875,47.52009963989258,47.52989959716797,11245
2026-09-25 17:15:00+00:00,47.529998779296875,47.54499816894531,47.529998779296875,47.54499816894531,10323
2026-09-25 17:16:00+00:00,47.542701721191406,47.54999923706055,47.53499984741211,47.53499984741211,16899
2026-09-25 17:17:00+00:00,47.53499984741211,47.540000915527344,47.52000045776367,47.525001525878906,14304
2026-09-25 17:18:00+00:00,47.52989959716797,47.52989959716797,47.52000045776367,47.525001525878906,25132
2026-09-25 17:19:00+00:00,47.525001525878906,47.540000915527344,47.5,47.505001068115234,38240
2026-09-25 17:20:00+00:00,47.505001068115234,47.51499938964844,47.5,47.505001068115234,16290
2026-09-25 17:21:00+00:00,47.5,47.5099983215332,47.494998931884766,47.494998931884766,16246
2026-09-25 17:22:00+00:00,47.494998931884766,47.5099983215332,47.48759841918945,47.5,11188
2026-09-25 17:23:00+00:00,47.494998931884766,47.5099983215332,47.494998931884766,47.5099983215332,9177
2026-09-25 17:24:00+00:00,47.505001068115234,47.505001068115234,47.492801666259766,47.494998931884766,8062
2026-09-25 17:25:00+00:00,47.4900016784668,47.4900016784668,47.459999084472656,47.470001220703125,22034
2026-09-25 17:26:00+00:00,47.47999954223633,47.47999954223633,47.440101623535156,47.45000076293945,12802
2026-09-25 17:27:00+00:00,47.45000076293945,47.455101013183594,47.439998626708984,47.45119857788086,13332
2026-09-25 17:28:00+00:00,47.45000076293945,47.45500183105469,47.40999984741211,47.40999984741211,17533
2026-09-25 17:29:00+00:00,47.400001525878906,47.400001525878906,47.369998931884766,47.375,39838
2026-09-25 17:30:00+00:00,47.375,47.38999938964844,47.349998474121094,47.38999938964844,212457
2026-09-25 17:31:00+00:00,47.3849983215332,47.3849983215332,47.33000183105469,47.349998474121094,509569
2026-09-25 17:32:00+00:00,47.345001220703125,47.439998626708984,47.345001220703125,47.42499923706055,85111
2026-09-25 17:33:00+00:00,47.42369842529297,47.44499969482422,47.41999816894531,47.41999816894531,8895
2026-09-25 17:34:00+00:00,47.404998779296875,47.415000915527344,47.39500045776367,47.415000915527344,41943
2026-09-25 17:35:00+00:00,47.40999984741211,47.40999984741211,47.39500045776367,47.400001525878906,5992
2026-09-25 17:36:00+00:00,47.390098571777344,47.40999984741211,47.390098571777344,47.39500045776367,17240
2026-09-25 17:37:00+00:00,47.38999938964844,47.39550018310547,47.380001068115234,47.3849983215332,17746
2026-09-25 17:38:00+00:00,47.3849983215332,47.399898529052734,47.3849983215332,47.38999938964844,9517
2026-09-25 17:39:00+00:00,47.38999938964844,47.439998626708984,47.375,47.415000915527344,166401
2026-09-25 17:40:00+00:00,47.415000915527344,47.459999084472656,47.415000915527344,47.41999816894531,122407
2026-09-25 17:41:00+00:00,47.40999984741211,47.470001220703125,47.40999984741211,47.45500183105469,83515
2026-09-25 17:42:00+00:00,47.45859909057617,47.46870040893555,47.45859909057617,47.459999084472656,11220
2026-09-25 17:43:00+00:00,47.459999084472656,47.46500015258789,47.45500183105469,47.46500015258789,15374
2026-09-25 17:44:00+00:00,47.46009826660156,47.46989822387695,47.435001373291016,47.439998626708984,9714
2026-09-25 17:45:00+00:00,47.44499969482422,47.44499969482422,47.43000030517578,47.435001373291016,7543
2026-09-25 17:46:00+00:00,47.435001373291016,47.45000076293945,47.415000915527344,47.415000915527344,23901
2026-09-25 17:47:00+00:00,47.40999984741211,47.417598724365234,47.3849983215332,47.40999984741211,38916
2026-09-25 17:48:00+00:00,47.415000915527344,47.41999816894531,47.404998779296875,47.404998779296875,48295
2026-09-25 17:49:00+00:00,47.404998779296875,47.43000030517578,47.404998779296875,47.43000030517578,27708
2026-09-25 17:50:00+00:00,47.435001373291016,47.435001373291016,47.40999984741211,47.40999984741211,16699
2026-09-25 17:51:00+00:00,47.415000915527344,47.415000915527344,47.39500045776367,47.399898529052734,32615
2026-09-25 17:52:00+00:00,47.39500045776367,47.39500045776367,47.380001068115234,47.38990020751953,11545
2026-09-25 17:53:00+00:00,47.3849983215332,47.39030075073242,47.375,47.38010025024414,24178
2026-09-25 17:54:00+00:00,47.3848991394043,47.39500045776367,47.371498107910156,47.38999938964844,8097
2026-09-25 17:55:00+00:00,47.3848991394043,47.39500045776367,47.38399887084961,47.39500045776367,7843
2026-09-25 17:56:00+00:00,47.39500045776367,47.40999984741211,47.39500045776367,47.40999984741211,48868
2026-09-25 17:57:00+00:00,47.40610122680664,47.40610122680664,47.390098571777344,47.39500045776367,29336
2026-09-25 17:58:00+00:00,47.400001525878906,47.404998779296875,47.400001525878906,47.404998779296875,13110
2026-09-25 17:59:00+00:00,47.404998779296875,47.43000030517578,47.40010070800781,47.42499923706055,47466
2026-09-25 18:00:00+00:00,47.43000030517578,47.45989990234375,47.43000030517578,47.45280075073242,28390
2026-09-25 18:01:00+00:00,47.45500183105469,47.47999954223633,47.45500183105469,47.46500015258789,16995
2026-09-25 18:02:00+00:00,47.46879959106445,47.47719955444336,47.44380187988281,47.44380187988281,23952
2026-09-25 18:03:00+00:00,47.44499969482422,47.4650993347168,47.43000030517578,47.46030044555664,34810
2026-09-25 18:04:00+00:00,47.459999084472656,47.46500015258789,47.439998626708984,47.45500183105469,94170
2026-09-25 18:05:00+00:00,47.45009994506836,47.459999084472656,47.44499969482422,47.44499969482422,7361
2026-09-25 18:06:00+00:00,47.44499969482422,47.48500061035156,47.44499969482422,47.48500061035156,12443
2026-09-25 18:07:00+00:00,47.489898681640625,47.489898681640625,47.484100341796875,47.48500061035156,4639
2026-09-25 18:08:00+00:00,47.48500061035156,47.4900016784668,47.4838981628418,47.48500061035156,15633
2026-09-25 18:09:00+00:00,47.47999954223633,47.540000915527344,47.47999954223633,47.53990173339844,247672
2026-09-25 18:10:00+00:00,47.529998779296875,47.54499816894531,47.525001525878906,47.53010177612305,46674
2026-09-25 18:11:00+00:00,47.53990173339844,47.540000915527344,47.525001525878906,47.53990173339844,25909
2026-09-25 18:12:00+00:00,47.53499984741211,47.56999969482422,47.529998779296875,47.56990051269531,90016
2026-09-25 18:13:00+00:00,47.564998626708984,47.56999969482422,47.55009841918945,47.560001373291016,12552
2026-09-25 18:14:00+00:00,47.55500030517578,47.560001373291016,47.54999923706055,47.55500030517578,9368
2026-09-25 18:15:00+00:00,47.560001373291016,47.560001373291016,47.540000915527344,47.55500030517578,20948
2026-09-25 18:16:00+00:00,47.55500030517578,47.560001373291016,47.55500030517578,47.55500030517578,13904
2026-09-25 18:17:00+00:00,47.55649948120117,47.59000015258789,47.55500030517578,47.57500076293945,145542
2026-09-25 18:18:00+00:00,47.57500076293945,47.58000183105469,47.56999969482422,47.57500076293945,15439
2026-09-25 18:19:00+00:00,47.56999969482422,47.599998474121094,47.56999969482422,47.584999084472656,54738
2026-09-25 18:20:00+00:00,47.584999084472656,47.60499954223633,47.584999084472656,47.59000015258789,27780
2026-09-25 18:21:00+00:00,47.584999084472656,47.59000015258789,47.57500076293945,47.57500076293945,77239
2026-09-25 18:22:00+00:00,47.57500076293945,47.57500076293945,47.560001373291016,47.564998626708984,81022
2026-09-25 18:23:00+00:00,47.560001373291016,47.56769943237305,47.560001373291016,47.56010055541992,18871
2026-09-25 18:24:00+00:00,47.564998626708984,47.564998626708984,47.54999923706055,47.564998626708984,31685
2026-09-25 18:25:00+00:00,47.560001373291016,47.584999084472656,47.560001373291016,47.584999084472656,33070
2026-09-25 18:26:00+00:00,47.584999084472656,47.585201263427734,47.51380157470703,47.51499938964844,80571
2026-09-25 18:27:00+00:00,47.51319885253906,47.53499984741211,47.480499267578125,47.4900016784668,25268
2026-09-25 18:28:00+00:00,47.5,47.53499984741211,47.5,47.525001525878906,42852
2026-09-25 18:29:00+00:00,47.525001525878906,47.529998779296875,47.51319885253906,47.529998779296875,25857
2026-09-25 18:30:00+00:00,47.529998779296875,47.54999923706055,47.529998779296875,47.54990005493164,12505
2026-09-25 18:31:00+00:00,47.54499816894531,47.560001373291016,47.540000915527344,47.54130172729492,9045
2026-09-25 18:32:00+00:00,47.54499816894531,47.54999923706055,47.540000915527344,47.54499816894531,4150
2026-09-25 18:33:00+00:00,47.54499816894531,47.55500030517578,47.540000915527344,47.54499816894531,25661
2026-09-25 18:34:00+00:00,47.54499816894531,47.55500030517578,47.53499984741211,47.54999923706055,258837
2026-09-25 18:35:00+00:00,47.540000915527344,47.56999969482422,47.52009963989258,47.564998626708984,59799
2026-09-25 18:36:00+00:00,47.564998626708984,47.564998626708984,47.54499816894531,47.54999923706055,15123
2026-09-25 18:37:00+00:00,47.54499816894531,47.54499816894531,47.5099983215332,47.51499938964844,17092
2026-09-25 18:38:00+00:00,47.51499938964844,47.52000045776367,47.5,47.52000045776367,16506
2026-09-25 18:39:00+00:00,47.525001525878906,47.52989959716797,47.5099983215332,47.51499938964844,23711
2026-09-25 18:40:00+00:00,47.505001068115234,47.5099983215332,47.505001068115234,47.505001068115234,20174
2026-09-25 18:41:00+00:00,47.500099182128906,47.529998779296875,47.500099182128906,47.52510070800781,19750
2026-09-25 18:42:00+00:00,47.525001525878906,47.537498474121094,47.525001525878906,47.529998779296875,11196
2026-09-25 18:43:00+00:00,47.53499984741211,47.540000915527344,47.529998779296875,47.529998779296875,12898
2026-09-25 18:44:00+00:00,47.53499984741211,47.54999923706055,47.529998779296875,47.54999923706055,22333
2026-09-25 18:45:00+00:00,47.54999923706055,47.56999969482422,47.54999923706055,47.55500030517578,132288
2026-09-25 18:46:00+00:00,47.55500030517578,47.56990051269531,47.54999923706055,47.560001373291016,27190
2026-09-25 18:47:00+00:00,47.55500030517578,47.55500030517578,47.525001525878906,47.525001525878906,30996
2026-09-25 18:48:00+00:00,47.525001525878906,47.53990173339844,47.51499938964844,47.52859878540039,17390
2026-09-25 18:49:00+00:00,47.529998779296875,47.560001373291016,47.529998779296875,47.53670120239258,67536
2026-09-25 18:50:00+00:00,47.53499984741211,47.540000915527344,47.525001525878906,47.525001525878906,16525
2026-09-25 18:51:00+00:00,47.525001525878906,47.54999923706055,47.52000045776367,47.525001525878906,48314
2026-09-25 18:52:00+00:00,47.52989959716797,47.53499984741211,47.521400451660156,47.53499984741211,34036
2026-09-25 18:53:00+00:00,47.53499984741211,47.540000915527344,47.529998779296875,47.529998779296875,4823
2026-09-25 18:54:00+00:00,47.529998779296875,47.54999923706055,47.51499938964844,47.54499816894531,102222
2026-09-25 18:55:00+00:00,47.54249954223633,47.55500030517578,47.54249954223633,47.54499816894531,17741
2026-09-25 18:56:00+00:00,47.54999923706055,47.54999923706055,47.53499984741211,47.53499984741211,5589
2026-09-25 18:57:00+00:00,47.535099029541016,47.54999923706055,47.525001525878906,47.54999923706055,23017
2026-09-25 18:58:00+00:00,47.54999923706055,47.54999923706055,47.540000915527344,47.54499816894531,7424
2026-09-25 18:59:00+00:00,47.54499816894531,47.545101165771484,47.540000915527344,47.54499816894531,11124
2026-09-25 19:00:00+00:00,47.54499816894531,47.560001373291016,47.525001525878906,47.525001525878906,31841
2026-09-25 19:01:00+00:00,47.525001525878906,47.55500030517578,47.51499938964844,47.53010177612305,87324
2026-09-25 19:02:00+00:00,47.53499984741211,47.540000915527344,47.52000045776367,47.525001525878906,106341
2026-09-25 19:03:00+00:00,47.52980041503906,47.52980041503906,47.52009963989258,47.52450180053711,5254
2026-09-25 19:04:00+00:00,47.52009963989258,47.529998779296875,47.52000045776367,47.52199935913086,15556
2026-09-25 19:05:00+00:00,47.525001525878906,47.560001373291016,47.525001525878906,47.54499816894531,82045
2026-09-25 19:06:00+00:00,47.54499816894531,47.55500030517578,47.542999267578125,47.55500030517578,32565
2026-09-25 19:07:00+00:00,47.55500030517578,47.57509994506836,47.54999923706055,47.56999969482422,49631
2026-09-25 19:08:00+00:00,47.564998626708984,47.564998626708984,47.54999923706055,47.564998626708984,25709
2026-09-25 19:09:00+00:00,47.564998626708984,47.564998626708984,47.525001525878906,47.525001525878906,41590
2026-09-25 19:10:00+00:00,47.525001525878906,47.53499984741211,47.525001525878906,47.529998779296875,50340
2026-09-25 19:11:00+00:00,47.53499984741211,47.56999969482422,47.53499984741211,47.55500030517578,68231
2026-09-25 19:12:00+00:00,47.55500030517578,47.5797004699707,47.55500030517578,47.5797004699707,32214
2026-09-25 19:13:00+00:00,47.595001220703125,47.599998474121094,47.58000183105469,47.595001220703125,83685
2026-09-25 19:14:00+00:00,47.595001220703125,47.599998474121094,47.595001220703125,47.595001220703125,22570
2026-09-25 19:15:00+00:00,47.595001220703125,47.595001220703125,47.584999084472656,47.584999084472656,21341
2026-09-25 19:16:00+00:00,47.58000183105469,47.58000183105469,47.54999923706055,47.560001373291016,23828
2026-09-25 19:17:00+00:00,47.55500030517578,47.59000015258789,47.55500030517578,47.55500030517578,107908
2026-09-25 19:18:00+00:00,47.55500030517578,47.56990051269531,47.55500030517578,47.564998626708984,23704
2026-09-25 19:19:00+00:00,47.564998626708984,47.564998626708984,47.54999923706055,47.54999923706055,46717
2026-09-25 19:20:00+00:00,47.55500030517578,47.57500076293945,47.54999923706055,47.57149887084961,53902
2026-09-25 19:21:00+00:00,47.57500076293945,47.59000015258789,47.560001373291016,47.57500076293945,37060
2026-09-25 19:22:00+00:00,47.57500076293945,47.595001220703125,47.57500076293945,47.58000183105469,35657
2026-09-25 19:23:00+00:00,47.584999084472656,47.59000015258789,47.56999969482422,47.57500076293945,49386
2026-09-25 19:24:00+00:00,47.57500076293945,47.59000015258789,47.55500030517578,47.55500030517578,65618
2026-09-25 19:25:00+00:00,47.55500030517578,47.564998626708984,47.529998779296875,47.55009841918945,45500
2026-09-25 19:26:00+00:00,47.55500030517578,47.559898376464844,47.54999923706055,47.55500030517578,14474
2026-09-25 19:27:00+00:00,47.55500030517578,47.56629943847656,47.54499816894531,47.55009841918945,34328
2026-09-25 19:28:00+00:00,47.55500030517578,47.560001373291016,47.5531005859375,47.560001373291016,14279
2026-09-25 19:29:00+00:00,47.560001373291016,47.59000015258789,47.560001373291016,47.57500076293945,139247
2026-09-25 19:30:00+00:00,47.58000183105469,47.584999084472656,47.56999969482422,47.56999969482422,27091
2026-09-25 19:31:00+00:00,47.57500076293945,47.58000183105469,47.56999969482422,47.57500076293945,17640
2026-09-25 19:32:00+00:00,47.57500076293945,47.584999084472656,47.56999969482422,47.579498291015625,30081
2026-09-25 19:33:00+00:00,47.57500076293945,47.589900970458984,47.56999969482422,47.584999084472656,18151
2026-09-25 19:34:00+00:00,47.584999084472656,47.58539962768555,47.57500076293945,47.57500076293945,20981
2026-09-25 19:35:00+00:00,47.570098876953125,47.57500076293945,47.560001373291016,47.564998626708984,14837
2026-09-25 19:36:00+00:00,47.564998626708984,47.59000015258789,47.564998626708984,47.59000015258789,31840
2026-09-25 19:37:00+00:00,47.599998474121094,47.61000061035156,47.58000183105469,47.60499954223633,136685
2026-09-25 19:38:00+00:00,47.599998474121094,47.619998931884766,47.599998474121094,47.599998474121094,41180
2026-09-25 19:39:00+00:00,47.60499954223633,47.61000061035156,47.564998626708984,47.564998626708984,23645
2026-09-25 19:40:00+00:00,47.56999969482422,47.56999969482422,47.55500030517578,47.564998626708984,37306
2026-09-25 19:41:00+00:00,47.560001373291016,47.560001373291016,47.53499984741211,47.53499984741211,35574
2026-09-25 19:42:00+00:00,47.53379821777344,47.55500030517578,47.53379821777344,47.54570007324219,18832
2026-09-25 19:43:00+00:00,47.54499816894531,47.55500030517578,47.540000915527344,47.55500030517578,18426
2026-09-25 19:44:00+00:00,47.55500030517578,47.560001373291016,47.55009841918945,47.55500030517578,11609
2026-09-25 19:45:00+00:00,47.560001373291016,47.58000183105469,47.55500030517578,47.57500076293945,37433
2026-09-25 19:46:00+00:00,47.57500076293945,47.60499954223633,47.57500076293945,47.60499954223633,39130
2026-09-25 19:47:00+00:00,47.61000061035156,47.61000061035156,47.584999084472656,47.58649826049805,63402
2026-09-25 19:48:00+00:00,47.58000183105469,47.584999084472656,47.56999969482422,47.57500076293945,130780
2026-09-25 19:49:00+00:00,47.57500076293945,47.58000183105469,47.560001373291016,47.57500076293945,165558
2026-09-25 19:50:00+00:00,47.58000183105469,47.59000015258789,47.55500030517578,47.5890007019043,229554
2026-09-25 19:51:00+00:00,47.589500427246094,47.589500427246094,47.560001373291016,47.56999969482422,96484
2026-09-25 19:52:00+00:00,47.56999969482422,47.56999969482422,47.54499816894531,47.55500030517578,134520
2026-09-25 19:53:00+00:00,47.54999923706055,47.560001373291016,47.540000915527344,47.560001373291016,139898
2026-09-25 19:54:00+00:00,47.55500030517578,47.560001373291016,47.54999923706055,47.55500030517578,157736
2026-09-25 19:55:00+00:00,47.55500030517578,47.560001373291016,47.54999923706055,47.55500030517578,139111
2026-09-25 19:56:00+00:00,47.55500030517578,47.560001373291016,47.540000915527344,47.559898376464844,141475
2026-09-25 19:57:00+00:00,47.55950164794922,47.56999969482422,47.54999923706055,47.564998626708984,111603
2026-09-25 19:58:00+00:00,47.564998626708984,47.58000183105469,47.560001373291016,47.570098876953125,149864
2026-09-25 19:59:00+00:00,47.57500076293945,47.580101013183594,47.55500030517578,47.559898376464844,556111
2026-09-28 13:30:00+00:00,47.29999923706055,47.38990020751953,47.27000045776367,47.279998779296875,5963503
2026-09-28 13:31:00+00:00,47.275001525878906,47.31100082397461,47.249900817871094,47.249900817871094,119456
2026-09-28 13:32:00+00:00,47.255001068115234,47.279998779296875,47.220001220703125,47.23500061035156,85384
2026-09-28 13:33:00+00:00,47.237998962402344,47.290000915527344,47.224998474121094,47.275001525878906,353765
2026-09-28 13:34:00+00:00,47.279998779296875,47.345001220703125,47.2599983215332,47.310001373291016,223681
2026-09-28 13:35:00+00:00,47.31999969482422,47.375,47.2400016784668,47.2400016784668,233864
2026-09-28 13:36:00+00:00,47.2400016784668,47.26499938964844,47.189998626708984,47.244998931884766,216367
2026-09-28 13:37:00+00:00,47.22999954223633,47.334999084472656,47.22999954223633,47.275001525878906,188708
2026-09-28 13:38:00+00:00,47.279998779296875,47.3849983215332,47.279998779296875,47.380001068115234,148900
2026-09-28 13:39:00+00:00,47.375,47.45840072631836,47.375,47.39979934692383,543370
2026-09-28 13:40:00+00:00,47.400001525878906,47.415000915527344,47.345001220703125,47.400001525878906,150310
2026-09-28 13:41:00+00:00,47.400001525878906,47.435001373291016,47.36149978637695,47.373600006103516,71932
2026-09-28 13:42:00+00:00,47.3849983215332,47.459999084472656,47.3849983215332,47.44499969482422,108941
2026-09-28 13:43:00+00:00,47.439998626708984,47.45500183105469,47.400001525878906,47.415000915527344,81644
2026-09-28 13:44:00+00:00,47.40999984741211,47.4109001159668,47.36000061035156,47.39500045776367,85136
2026-09-28 13:45:00+00:00,47.38999938964844,47.43000030517578,47.381500244140625,47.404998779296875,102837
2026-09-28 13:46:00+00:00,47.400001525878906,47.42499923706055,47.35499954223633,47.42060089111328,104348
2026-09-28 13:47:00+00:00,47.41999816894531,47.46500015258789,47.399898529052734,47.43000030517578,205905
2026-09-28 13:48:00+00:00,47.435001373291016,47.45000076293945,47.400001525878906,47.400001525878906,74058
2026-09-28 13:49:00+00:00,47.3922004699707,47.400001525878906,47.310001373291016,47.310001373291016,152675
2026-09-28 13:50:00+00:00,47.30500030517578,47.315101623535156,47.23500061035156,47.279998779296875,159889
2026-09-28 13:51:00+00:00,47.275001525878906,47.28990173339844,47.239898681640625,47.255001068115234,99004
2026-09-28 13:52:00+00:00,47.25,47.310001373291016,47.244998931884766,47.30500030517578,53721
2026-09-28 13:53:00+00:00,47.310001373291016,47.3849983215332,47.310001373291016,47.380001068115234,55770
2026-09-28 13:54:00+00:00,47.375,47.43000030517578,47.375,47.422000885009766,76883
2026-09-28 13:55:00+00:00,47.43000030517578,47.459999084472656,47.38999938964844,47.38999938964844,112642
2026-09-28 13:56:00+00:00,47.380001068115234,47.380001068115234,47.345001220703125,47.3650016784668,39043
2026-09-28 13:57:00+00:00,47.36000061035156,47.380001068115234,47.36000061035156,47.3650016784668,14402
2026-09-28 13:58:00+00:00,47.36000061035156,47.375,47.349998474121094,47.349998474121094,46176
2026-09-28 13:59:00+00:00,47.35499954223633,47.37030029296875,47.34000015258789,47.36000061035156,236426
2026-09-28 14:00:00+00:00,47.349998474121094,47.349998474121094,47.279998779296875,47.279998779296875,81016
2026-09-28 14:01:00+00:00,47.27009963989258,47.28499984741211,47.224998474121094,47.2400016784668,85713
2026-09-28 14:02:00+00:00,47.23500061035156,47.29010009765625,47.22999954223633,47.279998779296875,107183
2026-09-28 14:03:00+00:00,47.279998779296875,47.279998779296875,47.22010040283203,47.23500061035156,36503
2026-09-28 14:04:00+00:00,47.230098724365234,47.230098724365234,47.189998626708984,47.20000076293945,66108
2026-09-28 14:05:00+00:00,47.209999084472656,47.2317008972168,47.16999816894531,47.18000030517578,149709
2026-09-28 14:06:00+00:00,47.18000030517578,47.255001068115234,47.13999938964844,47.255001068115234,64634
2026-09-28 14:07:00+00:00,47.2599983215332,47.279998779296875,47.220001220703125,47.255001068115234,56692
2026-09-28 14:08:00+00:00,47.290000915527344,47.29499816894531,47.255001068115234,47.255001068115234,16077
2026-09-28 14:09:00+00:00,47.26499938964844,47.275001525878906,47.22999954223633,47.244998931884766,16265
2026-09-28 14:10:00+00:00,47.2400016784668,47.25,47.224998474121094,47.224998474121094,13607
2026-09-28 14:11:00+00:00,47.220001220703125,47.28499984741211,47.20989990234375,47.275001525878906,37959
2026-09-28 14:12:00+00:00,47.27000045776367,47.29999923706055,47.2599983215332,47.290000915527344,30263
2026-09-28 14:13:00+00:00,47.279998779296875,47.279998779296875,47.25,47.255001068115234,33509
2026-09-28 14:14:00+00:00,47.2599983215332,47.2599983215332,47.18009948730469,47.20500183105469,71907
2026-09-28 14:15:00+00:00,47.20500183105469,47.224998474121094,47.15999984741211,47.15999984741211,51626
2026-09-28 14:16:00+00:00,47.1619987487793,47.18000030517578,47.12200164794922,47.18000030517578,105001
2026-09-28 14:17:00+00:00,47.19499969482422,47.25,47.18000030517578,47.209999084472656,31346
2026-09-28 14:18:00+00:00,47.19499969482422,47.19499969482422,47.12009811401367,47.12009811401367,55072
2026-09-28 14:19:00+00:00,47.125,47.20989990234375,47.125,47.20000076293945,40360
2026-09-28 14:20:00+00:00,47.19499969482422,47.224998474121094,47.16999816894531,47.224998474121094,38864
2026-09-28 14:21:00+00:00,47.21500015258789,47.25,47.209999084472656,47.246498107910156,792168
2026-09-28 14:22:00+00:00,47.2599983215332,47.314998626708984,47.2599983215332,47.310001373291016,78897
2026-09-28 14:23:00+00:00,47.30500030517578,47.310001373291016,47.275001525878906,47.28499984741211,29198
2026-09-28 14:24:00+00:00,47.279998779296875,47.32320022583008,47.26499938964844,47.32320022583008,19847
2026-09-28 14:25:00+00:00,47.34000015258789,47.34000015258789,47.29499816894531,47.310001373291016,38716
2026-09-28 14:26:00+00:00,47.29999923706055,47.30009841918945,47.23149871826172,47.244998931884766,38830
2026-09-28 14:27:00+00:00,47.244998931884766,47.25,47.189998626708984,47.189998626708984,19699
2026-09-28 14:28:00+00:00,47.18000030517578,47.185001373291016,47.135101318359375,47.13999938964844,22195
2026-09-28 14:29:00+00:00,47.13010025024414,47.13010025024414,47.025001525878906,47.125,185945
2026-09-28 14:30:00+00:00,47.130001068115234,47.169898986816406,47.1057014465332,47.15999984741211,173334
2026-09-28 14:31:00+00:00,47.15999984741211,47.15999984741211,47.03499984741211,47.03499984741211,172647
2026-09-28 14:32:00+00:00,47.03089904785156,47.119998931884766,47.01499938964844,47.09870147705078,171485
2026-09-28 14:33:00+00:00,47.095001220703125,47.165000915527344,47.095001220703125,47.119998931884766,66219
2026-09-28 14:34:00+00:00,47.11000061035156,47.15999984741211,47.11000061035156,47.149898529052734,31851
2026-09-28 14:35:00+00:00,47.150001525878906,47.189998626708984,47.13999938964844,47.189998626708984,30972
2026-09-28 14:36:00+00:00,47.20000076293945,47.2400016784668,47.20000076293945,47.20500183105469,77164
2026-09-28 14:37:00+00:00,47.220001220703125,47.2599983215332,47.19499969482422,47.20000076293945,26635
2026-09-28 14:38:00+00:00,47.17499923706055,47.17509841918945,47.150001525878906,47.17499923706055,47939
2026-09-28 14:39:00+00:00,47.17499923706055,47.2400016784668,47.165000915527344,47.220001220703125,38532
2026-09-28 14:40:00+00:00,47.209999084472656,47.220001220703125,47.17499923706055,47.17499923706055,66398
2026-09-28 14:41:00+00:00,47.18000030517578,47.18000030517578,47.10499954223633,47.11000061035156,46814
2026-09-28 14:42:00+00:00,47.099998474121094,47.099998474121094,46.959999084472656,47.0,312631
2026-09-28 14:43:00+00:00,47.005001068115234,47.012001037597656,46.904998779296875,46.904998779296875,238325
2026-09-28 14:44:00+00:00,46.90999984741211,46.940101623535156,46.880001068115234,46.940101623535156,208426
2026-09-28 14:45:00+00:00,46.95000076293945,46.96500015258789,46.904998779296875,46.95000076293945,68411
2026-09-28 14:46:00+00:00,46.95500183105469,46.974998474121094,46.93000030517578,46.95500183105469,203682
2026-09-28 14:47:00+00:00,46.95009994506836,46.95009994506836,46.8849983215332,46.890098571777344,119000
2026-09-28 14:48:00+00:00,46.88999938964844,46.96860122680664,46.8650016784668,46.959999084472656,90911
2026-09-28 14:49:00+00:00,46.94499969482422,46.959999084472656,46.935001373291016,46.940101623535156,46611
2026-09-28 14:50:00+00:00,46.94499969482422,47.02000045776367,46.94499969482422,46.9900016784668,93752
2026-09-28 14:51:00+00:00,46.9900016784668,46.9900016784668,46.834999084472656,46.834999084472656,97382
2026-09-28 14:52:00+00:00,46.83000183105469,46.849998474121094,46.790000915527344,46.84000015258789,497534
2026-09-28 14:53:00+00:00,46.834999084472656,46.88999938964844,46.709999084472656,46.88999938964844,216511
2026-09-28 14:54:00+00:00,46.88999938964844,46.93000030517578,46.88999938964844,46.915000915527344,87698
2026-09-28 14:55:00+00:00,46.900001525878906,46.904998779296875,46.86000061035156,46.875,71873
2026-09-28 14:56:00+00:00,46.869998931884766,46.93000030517578,46.86000061035156,46.93000030517578,68339
2026-09-28 14:57:00+00:00,46.939998626708984,46.96500015258789,46.92499923706055,46.95500183105469,87004
2026-09-28 14:58:00+00:00,46.963600158691406,46.970001220703125,46.915000915527344,46.935001373291016,23805
2026-09-28 14:59:00+00:00,46.939998626708984,46.98649978637695,46.935001373291016,46.98649978637695,22061
2026-09-28 15:00:00+00:00,46.9900016784668,47.0099983215332,46.959999084472656,46.9900016784668,88857
2026-09-28 15:01:00+00:00,46.999900817871094,47.00130081176758,46.970001220703125,46.974998474121094,34212
2026-09-28 15:02:00+00:00,46.974998474121094,47.000099182128906,46.96500015258789,46.994998931884766,56567
2026-09-28 15:03:00+00:00,46.999900817871094,47.019901275634766,46.9901008605957,47.00830078125,19939
2026-09-28 15:04:00+00:00,46.9900016784668,46.999000549316406,46.959999084472656,46.970001220703125,44858
2026-09-28 15:05:00+00:00,46.974998474121094,47.005001068115234,46.95500183105469,47.005001068115234,70223
2026-09-28 15:06:00+00:00,47.0098991394043,47.0099983215332,46.970001220703125,47.0,37890
2026-09-28 15:07:00+00:00,47.00199890136719,47.00199890136719,46.95000076293945,46.970001220703125,71248
2026-09-28 15:08:00+00:00,46.974998474121094,46.99530029296875,46.970001220703125,46.994998931884766,24485
2026-09-28 15:09:00+00:00,46.9900016784668,47.11000061035156,46.988800048828125,47.099998474121094,110867
2026-09-28 15:10:00+00:00,47.100101470947266,47.1349983215332,47.08000183105469,47.084999084472656,61885
2026-09-28 15:11:00+00:00,47.08000183105469,47.08000183105469,46.95000076293945,46.95000076293945,47398
2026-09-28 15:12:00+00:00,46.95000076293945,47.0,46.93000030517578,47.0,56857
2026-09-28 15:13:00+00:00,47.005001068115234,47.019100189208984,46.95000076293945,46.974998474121094,81917
2026-09-28 15:14:00+00:00,46.96390151977539,46.9900016784668,46.939998626708984,46.959999084472656,86094
2026-09-28 15:15:00+00:00,46.95000076293945,46.959999084472656,46.900001525878906,46.94499969482422,66171
2026-09-28 15:16:00+00:00,46.94499969482422,46.94609832763672,46.910400390625,46.935001373291016,26022
2026-09-28 15:17:00+00:00,46.95000076293945,46.95000076293945,46.875,46.89500045776367,28909
2026-09-28 15:18:00+00:00,46.875,46.91999816894531,46.875,46.915000915527344,25269
2026-09-28 15:19:00+00:00,46.948001861572266,46.959999084472656,46.91999816894531,46.939998626708984,70064
2026-09-28 15:20:00+00:00,46.91999816894531,46.939998626708984,46.904998779296875,46.904998779296875,105677
2026-09-28 15:21:00+00:00,46.90999984741211,46.91999816894531,46.8650016784668,46.915000915527344,122547
2026-09-28 15:22:00+00:00,46.91999816894531,46.939998626708984,46.900001525878906,46.900001525878906,125981
2026-09-28 15:23:00+00:00,46.890098571777344,46.935001373291016,46.85060119628906,46.92499923706055,35738
2026-09-28 15:24:00+00:00,46.91999816894531,47.005001068115234,46.91830062866211,46.97999954223633,35433
2026-09-28 15:25:00+00:00,46.96500015258789,46.970001220703125,46.900001525878906,46.96179962158203,143212
2026-09-28 15:26:00+00:00,46.96500015258789,46.9900016784668,46.93230056762695,46.9900016784668,35507
2026-09-28 15:27:00+00:00,46.9900016784668,47.007999420166016,46.970001220703125,47.0,85721
2026-09-28 15:28:00+00:00,47.00709915161133,47.04499816894531,47.0,47.04499816894531,29067
2026-09-28 15:29:00+00:00,47.04010009765625,47.04499816894531,47.0,47.02000045776367,60088
2026-09-28 15:30:00+00:00,47.029998779296875,47.029998779296875,46.97999954223633,46.9900016784668,39189
2026-09-28 15:31:00+00:00,46.9900016784668,47.0,46.9900016784668,46.9900016784668,86117
2026-09-28 15:32:00+00:00,46.994998931884766,47.05730056762695,46.98500061035156,47.040000915527344,29970
2026-09-28 15:33:00+00:00,47.03499984741211,47.04999923706055,47.01499938964844,47.02000045776367,25065
2026-09-28 15:34:00+00:00,47.009700775146484,47.029998779296875,47.0,47.029998779296875,28192
2026-09-28 15:35:00+00:00,47.03990173339844,47.059898376464844,47.02000045776367,47.059898376464844,23207
2026-09-28 15:36:00+00:00,47.05950164794922,47.133201599121094,47.05500030517578,47.133201599121094,73716
2026-09-28 15:37:00+00:00,47.130001068115234,47.14500045776367,47.095001220703125,47.13999938964844,74911
2026-09-28 15:38:00+00:00,47.1349983215332,47.189998626708984,47.125,47.150001525878906,79849
2026-09-28 15:39:00+00:00,47.15999984741211,47.15999984741211,47.11000061035156,47.154998779296875,27933
2026-09-28 15:40:00+00:00,47.15999984741211,47.16130065917969,47.099998474121094,47.119998931884766,36172
2026-09-28 15:41:00+00:00,47.11000061035156,47.14500045776367,47.099998474121094,47.14500045776367,35067
2026-09-28 15:42:00+00:00,47.140098571777344,47.16999816894531,47.11000061035156,47.1150016784668,44624
2026-09-28 15:43:00+00:00,47.119998931884766,47.120201110839844,47.09000015258789,47.09000015258789,19533
2026-09-28 15:44:00+00:00,47.080101013183594,47.100101470947266,47.080101013183594,47.099998474121094,55040
2026-09-28 15:45:00+00:00,47.10499954223633,47.1349983215332,47.100101470947266,47.1349983215332,20902
2026-09-28 15:46:00+00:00,47.130001068115234,47.16999816894531,47.099998474121094,47.125,35759
2026-09-28 15:47:00+00:00,47.130001068115234,47.13999938964844,47.119998931884766,47.130001068115234,331853
2026-09-28 15:48:00+00:00,47.13999938964844,47.14500045776367,47.119998931884766,47.119998931884766,39861
2026-09-28 15:49:00+00:00,47.11629867553711,47.142601013183594,47.11000061035156,47.142601013183594,25428
2026-09-28 15:50:00+00:00,47.14950180053711,47.170101165771484,47.13999938964844,47.15999984741211,19350
2026-09-28 15:51:00+00:00,47.154998779296875,47.154998779296875,47.125,47.125,26331
2026-09-28 15:52:00+00:00,47.119998931884766,47.13999938964844,47.10879898071289,47.119998931884766,33413
2026-09-28 15:53:00+00:00,47.119998931884766,47.14500045776367,47.1150016784668,47.1349983215332,23686
2026-09-28 15:54:00+00:00,47.1349983215332,47.17499923706055,47.125,47.17499923706055,58049
2026-09-28 15:55:00+00:00,47.17679977416992,47.209999084472656,47.17679977416992,47.18000030517578,88270
2026-09-28 15:56:00+00:00,47.17499923706055,47.185001373291016,47.16999816894531,47.185001373291016,15243
2026-09-28 15:57:00+00:00,47.185001373291016,47.20669937133789,47.18000030517578,47.18519973754883,42086
2026-09-28 15:58:00+00:00,47.19499969482422,47.20989990234375,47.19499969482422,47.20000076293945,18089
2026-09-28 15:59:00+00:00,47.19670104980469,47.220001220703125,47.185001373291016,47.20000076293945,154368
2026-09-28 16:00:00+00:00,47.20000076293945,47.20000076293945,47.16999816894531,47.20000076293945,138201
2026-09-28 16:01:00+00:00,47.20500183105469,47.22999954223633,47.189998626708984,47.205501556396484,74482
2026-09-28 16:02:00+00:00,47.20500183105469,47.20500183105469,47.154998779296875,47.1599006652832,50194
2026-09-28 16:03:00+00:00,47.151798248291016,47.158599853515625,47.12990188598633,47.12990188598633,29943
2026-09-28 16:04:00+00:00,47.13010025024414,47.17639923095703,47.13010025024414,47.154998779296875,24941
2026-09-28 16:05:00+00:00,47.15010070800781,47.17499923706055,47.13999938964844,47.150001525878906,22192
2026-09-28 16:06:00+00:00,47.150001525878906,47.17620086669922,47.14400100708008,47.17620086669922,22290
2026-09-28 16:07:00+00:00,47.18000030517578,47.224998474121094,47.165000915527344,47.209999084472656,52204
2026-09-28 16:08:00+00:00,47.209999084472656,47.257999420166016,47.209999084472656,47.2400016784668,52699
2026-09-28 16:09:00+00:00,47.229000091552734,47.22999954223633,47.19499969482422,47.21500015258789,53887
2026-09-28 16:10:00+00:00,47.224998474121094,47.2599983215332,47.220001220703125,47.25,18695
2026-09-28 16:11:00+00:00,47.25,47.269901275634766,47.25,47.250999450683594,23245
2026-09-28 16:12:00+00:00,47.25,47.2599983215332,47.224998474121094,47.245201110839844,119307
2026-09-28 16:13:00+00:00,47.2400016784668,47.2400016784668,47.22999954223633,47.23500061035156,37125
2026-09-28 16:14:00+00:00,47.23500061035156,47.239898681640625,47.213199615478516,47.239898681640625,48423
2026-09-28 16:15:00+00:00,47.23500061035156,47.239898681640625,47.21310043334961,47.215999603271484,60443
2026-09-28 16:16:00+00:00,47.220001220703125,47.29999923706055,47.19499969482422,47.295101165771484,199284
2026-09-28 16:17:00+00:00,47.29999923706055,47.3849983215332,47.290000915527344,47.3849983215332,91798
2026-09-28 16:18:00+00:00,47.38869857788086,47.400001525878906,47.310001373291016,47.310001373291016,71512
2026-09-28 16:19:00+00:00,47.30619812011719,47.3650016784668,47.29499816894531,47.3650016784668,25858
2026-09-28 16:20:00+00:00,47.369998931884766,47.40999984741211,47.36000061035156,47.39500045776367,41808
2026-09-28 16:21:00+00:00,47.40879821777344,47.439998626708984,47.400001525878906,47.415000915527344,95387
2026-09-28 16:22:00+00:00,47.41999816894531,47.44499969482422,47.404998779296875,47.415000915527344,105737
2026-09-28 16:23:00+00:00,47.41999816894531,47.5,47.39500045776367,47.4900016784668,120972
2026-09-28 16:24:00+00:00,47.4900016784668,47.540000915527344,47.4640007019043,47.5,87397
2026-09-28 16:25:00+00:00,47.5099983215332,47.525001525878906,47.48500061035156,47.5099983215332,44593
2026-09-28 16:26:00+00:00,47.52000045776367,47.61800003051758,47.51499938964844,47.599998474121094,241526
2026-09-28 16:27:00+00:00,47.595001220703125,47.66999816894531,47.59000015258789,47.66999816894531,122171
2026-09-28 16:28:00+00:00,47.65999984741211,47.65999984741211,47.595001220703125,47.61980056762695,113948
2026-09-28 16:29:00+00:00,47.625,47.64500045776367,47.54050064086914,47.577598571777344,73871
2026-09-28 16:30:00+00:00,47.564998626708984,47.6150016784668,47.564998626708984,47.61000061035156,75736
2026-09-28 16:31:00+00:00,47.601200103759766,47.61000061035156,47.560001373291016,47.57500076293945,63122
2026-09-28 16:32:00+00:00,47.57500076293945,47.59000015258789,47.52000045776367,47.525001525878906,135771
2026-09-28 16:33:00+00:00,47.529998779296875,47.55500030517578,47.5099983215332,47.52000045776367,186390
2026-09-28 16:34:00+00:00,47.53499984741211,47.560001373291016,47.52000045776367,47.52000045776367,91179
2026-09-28 16:35:00+00:00,47.529998779296875,47.54499816894531,47.51499938964844,47.53499984741211,36384
2026-09-28 16:36:00+00:00,47.529998779296875,47.54499816894531,47.529998779296875,47.529998779296875,68903
2026-09-28 16:37:00+00:00,47.529998779296875,47.53499984741211,47.5,47.52000045776367,39332
2026-09-28 16:38:00+00:00,47.50529861450195,47.5099983215332,47.47999954223633,47.48500061035156,40901
2026-09-28 16:39:00+00:00,47.47999954223633,47.48500061035156,47.459999084472656,47.459999084472656,84118
2026-09-28 16:40:00+00:00,47.470001220703125,47.470001220703125,47.43009948730469,47.43989944458008,48677
2026-09-28 16:41:00+00:00,47.43000030517578,47.44990158081055,47.3849983215332,47.3849983215332,80137
2026-09-28 16:42:00+00:00,47.3849983215332,47.400001525878906,47.3650016784668,47.38970184326172,58932
2026-09-28 16:43:00+00:00,47.3849983215332,47.395301818847656,47.3650016784668,47.37990188598633,54366
2026-09-28 16:44:00+00:00,47.375,47.400001525878906,47.3650016784668,47.38999938964844,14278
2026-09-28 16:45:00+00:00,47.400001525878906,47.435001373291016,47.38999938964844,47.39500045776367,69206
2026-09-28 16:46:00+00:00,47.380001068115234,47.38999938964844,47.36000061035156,47.36000061035156,51678
2026-09-28 16:47:00+00:00,47.369998931884766,47.37099838256836,47.349998474121094,47.3650016784668,59622
2026-09-28 16:48:00+00:00,47.360198974609375,47.360198974609375,47.33000183105469,47.33000183105469,65321
2026-09-28 16:49:00+00:00,47.33000183105469,47.330101013183594,47.30329895019531,47.320098876953125,22570
2026-09-28 16:50:00+00:00,47.31999969482422,47.33000183105469,47.310001373291016,47.33000183105469,17553
2026-09-28 16:51:00+00:00,47.334999084472656,47.339900970458984,47.310001373291016,47.334999084472656,8439
2026-09-28 16:52:00+00:00,47.33000183105469,47.35499954223633,47.310001373291016,47.35499954223633,6140
2026-09-28 16:53:00+00:00,47.349998474121094,47.380001068115234,47.345001220703125,47.380001068115234,9068
2026-09-28 16:54:00+00:00,47.37649917602539,47.38990020751953,47.3650016784668,47.38990020751953,15811
2026-09-28 16:55:00+00:00,47.39059829711914,47.39870071411133,47.37379837036133,47.37379837036133,14104
2026-09-28 16:56:00+00:00,47.38999938964844,47.38999938964844,47.3650016784668,47.3650016784668,10292
2026-09-28 16:57:00+00:00,47.3650016784668,47.380001068115234,47.356998443603516,47.36000061035156,13556
2026-09-28 16:58:00+00:00,47.3650016784668,47.383399963378906,47.3650016784668,47.380001068115234,4785
2026-09-28 16:59:00+00:00,47.3849983215332,47.3849983215332,47.375,47.380001068115234,5672
2026-09-28 17:00:00+00:00,47.3849983215332,47.3849983215332,47.31999969482422,47.32500076293945,31921
2026-09-28 17:01:00+00:00,47.31999969482422,47.335201263427734,47.314998626708984,47.315101623535156,8931
2026-09-28 17:02:00+00:00,47.31999969482422,47.404998779296875,47.310001373291016,47.404998779296875,44029
2026-09-28 17:03:00+00:00,47.404998779296875,47.404998779296875,47.33000183105469,47.33000183105469,25406
2026-09-28 17:04:00+00:00,47.349998474121094,47.36000061035156,47.345001220703125,47.349998474121094,14299
2026-09-28 17:05:00+00:00,47.34709930419922,47.349998474121094,47.32500076293945,47.345001220703125,8250
2026-09-28 17:06:00+00:00,47.34000015258789,47.369998931884766,47.31999969482422,47.369998931884766,45700
2026-09-28 17:07:00+00:00,47.36000061035156,47.36000061035156,47.320098876953125,47.32569885253906,45823
2026-09-28 17:08:00+00:00,47.31999969482422,47.31999969482422,47.29499816894531,47.29499816894531,34468
2026-09-28 17:09:00+00:00,47.29999923706055,47.31999969482422,47.29999923706055,47.30500030517578,17421
2026-09-28 17:10:00+00:00,47.29999923706055,47.32720184326172,47.29999923706055,47.31010055541992,23373
2026-09-28 17:11:00+00:00,47.31999969482422,47.54999923706055,47.31999969482422,47.54999923706055,309634
2026-09-28 17:12:00+00:00,47.540000915527344,47.58000183105469,47.5099983215332,47.560001373291016,107228
2026-09-28 17:13:00+00:00,47.560001373291016,47.659000396728516,47.540000915527344,47.63999938964844,139823
2026-09-28 17:14:00+00:00,47.650001525878906,47.69499969482422,47.6150016784668,47.689998626708984,72727
2026-09-28 17:15:00+00:00,47.70000076293945,47.709999084472656,47.59000015258789,47.67499923706055,82452
2026-09-28 17:16:00+00:00,47.66999816894531,47.78499984741211,47.66999816894531,47.71500015258789,73384
2026-09-28 17:17:00+00:00,47.73500061035156,47.744998931884766,47.64870071411133,47.65999984741211,117797
2026-09-28 17:18:00+00:00,47.650001525878906,47.650001525878906,47.58000183105469,47.58000183105469,67689
2026-09-28 17:19:00+00:00,47.584999084472656,47.59960174560547,47.55500030517578,47.58000183105469,89299
2026-09-28 17:20:00+00:00,47.58000183105469,47.58000183105469,47.540000915527344,47.564998626708984,28168
2026-09-28 17:21:00+00:00,47.58000183105469,47.597999572753906,47.560001373291016,47.58000183105469,54920
2026-09-28 17:22:00+00:00,47.560001373291016,47.575599670410156,47.55860137939453,47.560001373291016,10149
2026-09-28 17:23:00+00:00,47.57899856567383,47.59000015258789,47.540000915527344,47.54499816894531,28136
2026-09-28 17:24:00+00:00,47.55500030517578,47.58000183105469,47.55419921875,47.560001373291016,24060
2026-09-28 17:25:00+00:00,47.54999923706055,47.55500030517578,47.542301177978516,47.54999923706055,22789
2026-09-28 17:26:00+00:00,47.560001373291016,47.560001373291016,47.5099983215332,47.51499938964844,30692
2026-09-28 17:27:00+00:00,47.51499938964844,47.52000045776367,47.47999954223633,47.480098724365234,40192
2026-09-28 17:28:00+00:00,47.47999954223633,47.505001068115234,47.47999954223633,47.49769973754883,13524
2026-09-28 17:29:00+00:00,47.5,47.525001525878906,47.494998931884766,47.494998931884766,10262
2026-09-28 17:30:00+00:00,47.510101318359375,47.560001373291016,47.510101318359375,47.55500030517578,52893
2026-09-28 17:31:00+00:00,47.55500030517578,47.55500030517578,47.52000045776367,47.54880142211914,30754
2026-09-28 17:32:00+00:00,47.540000915527344,47.55500030517578,47.529998779296875,47.55500030517578,17818
2026-09-28 17:33:00+00:00,47.54999923706055,47.55500030517578,47.51499938964844,47.52000045776367,13341
2026-09-28 17:34:00+00:00,47.51900100708008,47.51900100708008,47.47999954223633,47.47999954223633,24848
2026-09-28 17:35:00+00:00,47.47999954223633,47.51499938964844,47.47999954223633,47.51499938964844,11538
2026-09-28 17:36:00+00:00,47.52000045776367,47.525001525878906,47.5099983215332,47.52000045776367,18502
2026-09-28 17:37:00+00:00,47.52000045776367,47.525001525878906,47.46500015258789,47.47999954223633,63652
2026-09-28 17:38:00+00:00,47.474998474121094,47.525001525878906,47.474998474121094,47.525001525878906,15017
2026-09-28 17:39:00+00:00,47.525001525878906,47.529998779296875,47.51499938964844,47.52000045776367,12025
2026-09-28 17:40:00+00:00,47.52000045776367,47.529998779296875,47.505001068115234,47.51499938964844,38308
2026-09-28 17:41:00+00:00,47.51499938964844,47.564998626708984,47.51499938964844,47.564998626708984,12121
2026-09-28 17:42:00+00:00,47.560001373291016,47.560001373291016,47.525001525878906,47.54999923706055,12302
2026-09-28 17:43:00+00:00,47.55500030517578,47.56999969482422,47.54999923706055,47.560001373291016,27410
2026-09-28 17:44:00+00:00,47.559898376464844,47.56999969482422,47.54999923706055,47.564998626708984,6854
2026-09-28 17:45:00+00:00,47.56529998779297,47.584999084472656,47.55500030517578,47.55929946899414,19134
2026-09-28 17:46:00+00:00,47.560001373291016,47.560001373291016,47.540000915527344,47.54460144042969,11976
2026-09-28 17:47:00+00:00,47.54610061645508,47.54610061645508,47.51499938964844,47.51649856567383,45437
2026-09-28 17:48:00+00:00,47.51499938964844,47.529998779296875,47.51499938964844,47.52299880981445,14866
2026-09-28 17:49:00+00:00,47.52989959716797,47.529998779296875,47.505001068115234,47.505001068115234,16206
2026-09-28 17:50:00+00:00,47.505001068115234,47.52000045776367,47.4900016784668,47.4900016784668,12502
2026-09-28 17:51:00+00:00,47.47999954223633,47.5,47.47990036010742,47.494998931884766,5718
2026-09-28 17:52:00+00:00,47.494998931884766,47.535301208496094,47.494998931884766,47.535301208496094,16558
2026-09-28 17:53:00+00:00,47.529998779296875,47.529998779296875,47.5,47.5,5438
2026-09-28 17:54:00+00:00,47.49509811401367,47.5099983215332,47.48500061035156,47.48500061035156,15960
2026-09-28 17:55:00+00:00,47.48500061035156,47.4900016784668,47.459999084472656,47.4900016784668,50260
2026-09-28 17:56:00+00:00,47.5,47.51319885253906,47.5,47.5099983215332,5251
2026-09-28 17:57:00+00:00,47.510101318359375,47.52000045776367,47.5099983215332,47.519901275634766,8183
2026-09-28 17:58:00+00:00,47.5161018371582,47.5161018371582,47.503700256347656,47.5099983215332,6281
2026-09-28 17:59:00+00:00,47.5,47.5,47.48310089111328,47.486900329589844,9792
2026-09-28 18:00:00+00:00,47.4900016784668,47.4900016784668,47.470001220703125,47.470001220703125,8369
2026-09-28 18:01:00+00:00,47.47999954223633,47.4900016784668,47.470001220703125,47.4900016784668,7649
2026-09-28 18:02:00+00:00,47.494998931884766,47.54499816894531,47.494998931884766,47.54499816894531,47801
2026-09-28 18:03:00+00:00,47.540000915527344,47.54990005493164,47.52199935913086,47.529998779296875,13153
2026-09-28 18:04:00+00:00,47.52510070800781,47.54499816894531,47.52000045776367,47.534000396728516,10915
2026-09-28 18:05:00+00:00,47.53689956665039,47.540000915527344,47.525001525878906,47.525001525878906,15744
2026-09-28 18:06:00+00:00,47.529998779296875,47.535301208496094,47.5,47.510101318359375,7254
2026-09-28 18:07:00+00:00,47.5099983215332,47.52000045776367,47.494998931884766,47.5,29214
2026-09-28 18:08:00+00:00,47.505001068115234,47.52220153808594,47.505001068115234,47.52220153808594,2161756
2026-09-28 18:09:00+00:00,47.52000045776367,47.52000045776367,47.5,47.5099983215332,16278
2026-09-28 18:10:00+00:00,47.505001068115234,47.540000915527344,47.503501892089844,47.52510070800781,55410
2026-09-28 18:11:00+00:00,47.525001525878906,47.53499984741211,47.51499938964844,47.525001525878906,4908
2026-09-28 18:12:00+00:00,47.54029846191406,47.54499816894531,47.529998779296875,47.529998779296875,15128
2026-09-28 18:13:00+00:00,47.52989959716797,47.540000915527344,47.51499938964844,47.53099822998047,647896
2026-09-28 18:14:00+00:00,47.53260040283203,47.54499816894531,47.53260040283203,47.54499816894531,6529
2026-09-28 18:15:00+00:00,47.54140090942383,47.55609893798828,47.525001525878906,47.525001525878906,14801
2026-09-28 18:16:00+00:00,47.529701232910156,47.529998779296875,47.52000045776367,47.529998779296875,5181
2026-09-28 18:17:00+00:00,47.53499984741211,47.53499984741211,47.494998931884766,47.494998931884766,10649
2026-09-28 18:18:00+00:00,47.49879837036133,47.510101318359375,47.49879837036133,47.5099983215332,6985
2026-09-28 18:19:00+00:00,47.5099983215332,47.5099983215332,47.494998931884766,47.500301361083984,16002
2026-09-28 18:20:00+00:00,47.50090026855469,47.52000045776367,47.494998931884766,47.52000045776367,7967
2026-09-28 18:21:00+00:00,47.510101318359375,47.51810073852539,47.5099983215332,47.51100158691406,8539
2026-09-28 18:22:00+00:00,47.52000045776367,47.54010009765625,47.52000045776367,47.54010009765625,6986
2026-09-28 18:23:00+00:00,47.54999923706055,47.55580139160156,47.529998779296875,47.529998779296875,15069
2026-09-28 18:24:00+00:00,47.525001525878906,47.540000915527344,47.52000045776367,47.529998779296875,8415
2026-09-28 18:25:00+00:00,47.540000915527344,47.560001373291016,47.525001525878906,47.525001525878906,11541
2026-09-28 18:26:00+00:00,47.52949905395508,47.540000915527344,47.525001525878906,47.540000915527344,22804
2026-09-28 18:27:00+00:00,47.54840087890625,47.560001373291016,47.54840087890625,47.54999923706055,9760
2026-09-28 18:28:00+00:00,47.54999923706055,47.54999923706055,47.52000045776367,47.52000045776367,15707
2026-09-28 18:29:00+00:00,47.525001525878906,47.525001525878906,47.52000045776367,47.52000045776367,9393
2026-09-28 18:30:00+00:00,47.52000045776367,47.52539825439453,47.494998931884766,47.51499938964844,142091
2026-09-28 18:31:00+00:00,47.51499938964844,47.51499938964844,47.47999954223633,47.4900016784668,12494
2026-09-28 18:32:00+00:00,47.4900016784668,47.4900016784668,47.435001373291016,47.447601318359375,32828
2026-09-28 18:33:00+00:00,47.439998626708984,47.466400146484375,47.439998626708984,47.45000076293945,20804
2026-09-28 18:34:00+00:00,47.45000076293945,47.48500061035156,47.45000076293945,47.48500061035156,5478
2026-09-28 18:35:00+00:00,47.47999954223633,47.485198974609375,47.46500015258789,47.48500061035156,25429
2026-09-28 18:36:00+00:00,47.48680114746094,47.48680114746094,47.474998474121094,47.47999954223633,26356
2026-09-28 18:37:00+00:00,47.4900016784668,47.494998931884766,47.47999954223633,47.47999954223633,7800
2026-09-28 18:38:00+00:00,47.480098724365234,47.494998931884766,47.470001220703125,47.470001220703125,19029
2026-09-28 18:39:00+00:00,47.46500015258789,47.46500015258789,47.435001373291016,47.439998626708984,51450
2026-09-28 18:40:00+00:00,47.45000076293945,47.459999084472656,47.45000076293945,47.459999084472656,26007
2026-09-28 18:41:00+00:00,47.470001220703125,47.47999954223633,47.45000076293945,47.475101470947266,69730
2026-09-28 18:42:00+00:00,47.470001220703125,47.48500061035156,47.45000076293945,47.45000076293945,35356
2026-09-28 18:43:00+00:00,47.45500183105469,47.470001220703125,47.44499969482422,47.452598571777344,121450
2026-09-28 18:44:00+00:00,47.45500183105469,47.4900016784668,47.45500183105469,47.47959899902344,10089
2026-09-28 18:45:00+00:00,47.47999954223633,47.47999954223633,47.44990158081055,47.44990158081055,29808
2026-09-28 18:46:00+00:00,47.459999084472656,47.462398529052734,47.45009994506836,47.459999084472656,15181
2026-09-28 18:47:00+00:00,47.45500183105469,47.47999954223633,47.43000030517578,47.47999954223633,132747
2026-09-28 18:48:00+00:00,47.47999954223633,47.529998779296875,47.474998474121094,47.525001525878906,183346
2026-09-28 18:49:00+00:00,47.494998931884766,47.5,47.47999954223633,47.4900016784668,46685
2026-09-28 18:50:00+00:00,47.48649978637695,47.5099983215332,47.48500061035156,47.496299743652344,15247
2026-09-28 18:51:00+00:00,47.494998931884766,47.5,47.494998931884766,47.5,9681
2026-09-28 18:52:00+00:00,47.5,47.53499984741211,47.5,47.53499984741211,38095
2026-09-28 18:53:00+00:00,47.540000915527344,47.57500076293945,47.540000915527344,47.560001373291016,55258
2026-09-28 18:54:00+00:00,47.560001373291016,47.57500076293945,47.54999923706055,47.564998626708984,20426
2026-09-28 18:55:00+00:00,47.560001373291016,47.57500076293945,47.55500030517578,47.560001373291016,28581
2026-09-28 18:56:00+00:00,47.5536994934082,47.56999969482422,47.55009841918945,47.55500030517578,55159
2026-09-28 18:57:00+00:00,47.560001373291016,47.56990051269531,47.560001373291016,47.56949996948242,10405
2026-09-28 18:58:00+00:00,47.564998626708984,47.56999969482422,47.560001373291016,47.56999969482422,12624
2026-09-28 18:59:00+00:00,47.56999969482422,47.58000183105469,47.56999969482422,47.56999969482422,43528
2026-09-28 19:00:00+00:00,47.57979965209961,47.57979965209961,47.53499984741211,47.540000915527344,67446
2026-09-28 19:01:00+00:00,47.54499816894531,47.54949951171875,47.503299713134766,47.52000045776367,19337
2026-09-28 19:02:00+00:00,47.5099983215332,47.5099983215332,47.48500061035156,47.48500061035156,47492
2026-09-28 19:03:00+00:00,47.48500061035156,47.49700164794922,47.474998474121094,47.47999954223633,54065
2026-09-28 19:04:00+00:00,47.47140121459961,47.474998474121094,47.45000076293945,47.45000076293945,34545
2026-09-28 19:05:00+00:00,47.439998626708984,47.45000076293945,47.43000030517578,47.45000076293945,25712
2026-09-28 19:06:00+00:00,47.45000076293945,47.45000076293945,47.404998779296875,47.404998779296875,65503
2026-09-28 19:07:00+00:00,47.400001525878906,47.41999816894531,47.380001068115234,47.38999938964844,55744
2026-09-28 19:08:00+00:00,47.3838996887207,47.40999984741211,47.38010025024414,47.400001525878906,76909
2026-09-28 19:09:00+00:00,47.38999938964844,47.38999938964844,47.36000061035156,47.3650016784668,17807
2026-09-28 19:10:00+00:00,47.36000061035156,47.380001068115234,47.35499954223633,47.36000061035156,52969
2026-09-28 19:11:00+00:00,47.369998931884766,47.380001068115234,47.35200119018555,47.36000061035156,20302
2026-09-28 19:12:00+00:00,47.3650016784668,47.385101318359375,47.35499954223633,47.38100051879883,43399
2026-09-28 19:13:00+00:00,47.38130187988281,47.41999816894531,47.38130187988281,47.40999984741211,94380
2026-09-28 19:14:00+00:00,47.400001525878906,47.400001525878906,47.38010025024414,47.39759826660156,12333
2026-09-28 19:15:00+00:00,47.38999938964844,47.38999938964844,47.3650016784668,47.380001068115234,21512
2026-09-28 19:16:00+00:00,47.38999938964844,47.406700134277344,47.369998931884766,47.369998931884766,47499
2026-09-28 19:17:00+00:00,47.3650016784668,47.400001525878906,47.3650016784668,47.39500045776367,93958
2026-09-28 19:18:00+00:00,47.39569854736328,47.40999984741211,47.375,47.400001525878906,75831
2026-09-28 19:19:00+00:00,47.38999938964844,47.40999984741211,47.375,47.404998779296875,84236
2026-09-28 19:20:00+00:00,47.40999984741211,47.40999984741211,47.3849983215332,47.3849983215332,18285
2026-09-28 19:21:00+00:00,47.375,47.38999938964844,47.369998931884766,47.380001068115234,57034
2026-09-28 19:22:00+00:00,47.375,47.38349914550781,47.36750030517578,47.375,5726
2026-09-28 19:23:00+00:00,47.375,47.375,47.36009979248047,47.369998931884766,15175
2026-09-28 19:24:00+00:00,47.3650016784668,47.380001068115234,47.36009979248047,47.375,24334
2026-09-28 19:25:00+00:00,47.369998931884766,47.375,47.35499954223633,47.355098724365234,33885
2026-09-28 19:26:00+00:00,47.35499954223633,47.380001068115234,47.350101470947266,47.366600036621094,66195
2026-09-28 19:27:00+00:00,47.3650016784668,47.380001068115234,47.3650016784668,47.36989974975586,8340
2026-09-28 19:28:00+00:00,47.369998931884766,47.375,47.36000061035156,47.36009979248047,20084
2026-09-28 19:29:00+00:00,47.36000061035156,47.36000061035156,47.34000015258789,47.345298767089844,18151
2026-09-28 19:30:00+00:00,47.34510040283203,47.36000061035156,47.330101013183594,47.334999084472656,136732
2026-09-28 19:31:00+00:00,47.334999084472656,47.35499954223633,47.31999969482422,47.34000015258789,36302
2026-09-28 19:32:00+00:00,47.34000015258789,47.35499954223633,47.29999923706055,47.327598571777344,45516
2026-09-28 19:33:00+00:00,47.33000183105469,47.33000183105469,47.26499938964844,47.27000045776367,52824
2026-09-28 19:34:00+00:00,47.27000045776367,47.29499816894531,47.25,47.279998779296875,72525
2026-09-28 19:35:00+00:00,47.27159881591797,47.27159881591797,47.25,47.2599983215332,33801
2026-09-28 19:36:00+00:00,47.255001068115234,47.255001068115234,47.221500396728516,47.22999954223633,40668
2026-09-28 19:37:00+00:00,47.239898681640625,47.239898681640625,47.16999816894531,47.16999816894531,139502
2026-09-28 19:38:00+00:00,47.16999816894531,47.16999816894531,47.10499954223633,47.11000061035156,92527
2026-09-28 19:39:00+00:00,47.10499954223633,47.12200164794922,47.07500076293945,47.095001220703125,347567
2026-09-28 19:40:00+00:00,47.09199905395508,47.09199905395508,47.025001525878906,47.025001525878906,80992
2026-09-28 19:41:00+00:00,47.029998779296875,47.095001220703125,47.02989959716797,47.095001220703125,100496
2026-09-28 19:42:00+00:00,47.09000015258789,47.1150016784668,47.07379913330078,47.1150016784668,30614
2026-09-28 19:43:00+00:00,47.1150016784668,47.150001525878906,47.1150016784668,47.12350082397461,93866
2026-09-28 19:44:00+00:00,47.12200164794922,47.15999984741211,47.1150016784668,47.14500045776367,72505
2026-09-28 19:45:00+00:00,47.14500045776367,47.18949890136719,47.140098571777344,47.18949890136719,98545
2026-09-28 19:46:00+00:00,47.189998626708984,47.189998626708984,47.15999984741211,47.16999816894531,84494
2026-09-28 19:47:00+00:00,47.16910171508789,47.179901123046875,47.150001525878906,47.15999984741211,68299
2026-09-28 19:48:00+00:00,47.150001525878906,47.1599006652832,47.125,47.130001068115234,117730
2026-09-28 19:49:00+00:00,47.137298583984375,47.14500045776367,47.125,47.1349983215332,38543
2026-09-28 19:50:00+00:00,47.13999938964844,47.16999816894531,47.130001068115234,47.154998779296875,40414
2026-09-28 19:51:00+00:00,47.15999984741211,47.20000076293945,47.14500045776367,47.198699951171875,48368
2026-09-28 19:52:00+00:00,47.19499969482422,47.20000076293945,47.185001373291016,47.19499969482422,79731
2026-09-28 19:53:00+00:00,47.19499969482422,47.209999084472656,47.189998626708984,47.20000076293945,46376
2026-09-28 19:54:00+00:00,47.20989990234375,47.209999084472656,47.17499923706055,47.179901123046875,48273
2026-09-28 19:55:00+00:00,47.189998626708984,47.21500015258789,47.185001373291016,47.185001373291016,65578
2026-09-28 19:56:00+00:00,47.185001373291016,47.209999084472656,47.18000030517578,47.20930099487305,67534
2026-09-28 19:57:00+00:00,47.20500183105469,47.21500015258789,47.190101623535156,47.20000076293945,99671
2026-09-28 19:58:00+00:00,47.20000076293945,47.22999954223633,47.20000076293945,47.22999954223633,120157
2026-09-28 19:59:00+00:00,47.22800064086914,47.22999954223633,47.20000076293945,47.20500183105469,423611
2026-09-29 13:30:00+00:00,47.7400016784668,47.75,47.65999984741211,47.697601318359375,3740647
2026-09-29 13:31:00+00:00,47.69499969482422,47.72869873046875,47.64500045776367,47.65999984741211,117530
2026-09-29 13:32:00+00:00,47.68989944458008,47.70000076293945,47.625,47.625,69571
2026-09-29 13:33:00+00:00,47.61009979248047,47.630001068115234,47.57080078125,47.571800231933594,116602
2026-09-29 13:34:00+00:00,47.57500076293945,47.625,47.54999923706055,47.625,130031
2026-09-29 13:35:00+00:00,47.61009979248047,47.6349983215332,47.54499816894531,47.559898376464844,81908
2026-09-29 13:36:00+00:00,47.560001373291016,47.62009811401367,47.560001373291016,47.60499954223633,32060
2026-09-29 13:37:00+00:00,47.61000061035156,47.67499923706055,47.61000061035156,47.6349983215332,67056
2026-09-29 13:38:00+00:00,47.6349983215332,47.65999984741211,47.6150016784668,47.65999984741211,57060
2026-09-29 13:39:00+00:00,47.66999816894531,47.70000076293945,47.660099029541016,47.67499923706055,118786
2026-09-29 13:40:00+00:00,47.685001373291016,47.685001373291016,47.6349983215332,47.6349983215332,42523
2026-09-29 13:41:00+00:00,47.63999938964844,47.67499923706055,47.63999938964844,47.665000915527344,78999
2026-09-29 13:42:00+00:00,47.665000915527344,47.70000076293945,47.65999984741211,47.67060089111328,60370
2026-09-29 13:43:00+00:00,47.66999816894531,47.744998931884766,47.64350128173828,47.650001525878906,208027
2026-09-29 13:44:00+00:00,47.650001525878906,47.66999816894531,47.63999938964844,47.654998779296875,56301
2026-09-29 13:45:00+00:00,47.65999984741211,47.685001373291016,47.632598876953125,47.64500045776367,48918
2026-09-29 13:46:00+00:00,47.63999938964844,47.67499923706055,47.599998474121094,47.599998474121094,81797
2026-09-29 13:47:00+00:00,47.59000015258789,47.650001525878906,47.584999084472656,47.6150016784668,106433
2026-09-29 13:48:00+00:00,47.619998931884766,47.630001068115234,47.584999084472656,47.595001220703125,30962
2026-09-29 13:49:00+00:00,47.595001220703125,47.654998779296875,47.595001220703125,47.654998779296875,51710
2026-09-29 13:50:00+00:00,47.66999816894531,47.685001373291016,47.630001068115234,47.67499923706055,48057
2026-09-29 13:51:00+00:00,47.665000915527344,47.689998626708984,47.65999984741211,47.67770004272461,21483
2026-09-29 13:52:00+00:00,47.67499923706055,47.7400016784668,47.67499923706055,47.7400016784668,146055
2026-09-29 13:53:00+00:00,47.73500061035156,47.779998779296875,47.73500061035156,47.7599983215332,104717
2026-09-29 13:54:00+00:00,47.76499938964844,47.79499816894531,47.7599983215332,47.78499984741211,105506
2026-09-29 13:55:00+00:00,47.78499984741211,47.814998626708984,47.779998779296875,47.80500030517578,112020
2026-09-29 13:56:00+00:00,47.810001373291016,47.83000183105469,47.76499938964844,47.76499938964844,98994
2026-09-29 13:57:00+00:00,47.76499938964844,47.77000045776367,47.720001220703125,47.73590087890625,68983
2026-09-29 13:58:00+00:00,47.72990036010742,47.72990036010742,47.689998626708984,47.689998626708984,34961
2026-09-29 13:59:00+00:00,47.685001373291016,47.687599182128906,47.665000915527344,47.679901123046875,54846
2026-09-29 14:00:00+00:00,47.665000915527344,47.71989822387695,47.665000915527344,47.689998626708984,47556
2026-09-29 14:01:00+00:00,47.689998626708984,47.71500015258789,47.600101470947266,47.600101470947266,39006
2026-09-29 14:02:00+00:00,47.599998474121094,47.599998474121094,47.52000045776367,47.54499816894531,122219
2026-09-29 14:03:00+00:00,47.55500030517578,47.59000015258789,47.52399826049805,47.584999084472656,70735
2026-09-29 14:04:00+00:00,47.584999084472656,47.584999084472656,47.53499984741211,47.54999923706055,51714
2026-09-29 14:05:00+00:00,47.54999923706055,47.560001373291016,47.529998779296875,47.54010009765625,31199
2026-09-29 14:06:00+00:00,47.53559875488281,47.53559875488281,47.47999954223633,47.494998931884766,55011
2026-09-29 14:07:00+00:00,47.5,47.529998779296875,47.4900016784668,47.5099983215332,53730
2026-09-29 14:08:00+00:00,47.5099983215332,47.560001373291016,47.5099983215332,47.525001525878906,32716
2026-09-29 14:09:00+00:00,47.52000045776367,47.52000045776367,47.47999954223633,47.48500061035156,33931
2026-09-29 14:10:00+00:00,47.48500061035156,47.525001525878906,47.47010040283203,47.525001525878906,46256
2026-09-29 14:11:00+00:00,47.525001525878906,47.53990173339844,47.4900016784668,47.499900817871094,41326
2026-09-29 14:12:00+00:00,47.494998931884766,47.5,47.46500015258789,47.49100112915039,93895
2026-09-29 14:13:00+00:00,47.499900817871094,47.535099029541016,47.49359893798828,47.505001068115234,22870
2026-09-29 14:14:00+00:00,47.525001525878906,47.52989959716797,47.5,47.5,117721
2026-09-29 14:15:00+00:00,47.505001068115234,47.505001068115234,47.47990036010742,47.48500061035156,42657
2026-09-29 14:16:00+00:00,47.47999954223633,47.48500061035156,47.45500183105469,47.46989822387695,95572
2026-09-29 14:17:00+00:00,47.470001220703125,47.525001525878906,47.470001220703125,47.494998931884766,21093
2026-09-29 14:18:00+00:00,47.5,47.540000915527344,47.49729919433594,47.540000915527344,18149
2026-09-29 14:19:00+00:00,47.53960037231445,47.57500076293945,47.53960037231445,47.57500076293945,22694
2026-09-29 14:20:00+00:00,47.57500076293945,47.58169937133789,47.494998931884766,47.5,100539
2026-09-29 14:21:00+00:00,47.47999954223633,47.5098991394043,47.459999084472656,47.5098991394043,46556
2026-09-29 14:22:00+00:00,47.5099983215332,47.529998779296875,47.48500061035156,47.529998779296875,29255
2026-09-29 14:23:00+00:00,47.53269958496094,47.53269958496094,47.47999954223633,47.500099182128906,37556
2026-09-29 14:24:00+00:00,47.5,47.5093994140625,47.46009826660156,47.494998931884766,18722
2026-09-29 14:25:00+00:00,47.4900016784668,47.55500030517578,47.48270034790039,47.552398681640625,39021
2026-09-29 14:26:00+00:00,47.55500030517578,47.58000183105469,47.55009841918945,47.570098876953125,18690
2026-09-29 14:27:00+00:00,47.584999084472656,47.59000015258789,47.57619857788086,47.584999084472656,19865
2026-09-29 14:28:00+00:00,47.59000015258789,47.595001220703125,47.54499816894531,47.54499816894531,15544
2026-09-29 14:29:00+00:00,47.535099029541016,47.535099029541016,47.505001068115234,47.505001068115234,18787
2026-09-29 14:30:00+00:00,47.49209976196289,47.52000045776367,47.48500061035156,47.505001068115234,12476
2026-09-29 14:31:00+00:00,47.505001068115234,47.55860137939453,47.505001068115234,47.53499984741211,17801
2026-09-29 14:32:00+00:00,47.53499984741211,47.55580139160156,47.5099983215332,47.52050018310547,22189
2026-09-29 14:33:00+00:00,47.528900146484375,47.529998779296875,47.49980163574219,47.51499938964844,22420
2026-09-29 14:34:00+00:00,47.52000045776367,47.52000045776367,47.4900016784668,47.5,32364
2026-09-29 14:35:00+00:00,47.4900016784668,47.494998931884766,47.442501068115234,47.47200012207031,63511
2026-09-29 14:36:00+00:00,47.474998474121094,47.474998474121094,47.42499923706055,47.42499923706055,56619
2026-09-29 14:37:00+00:00,47.41999816894531,47.45000076293945,47.38999938964844,47.43000030517578,70573
2026-09-29 14:38:00+00:00,47.439998626708984,47.47999954223633,47.439998626708984,47.474998474121094,44765
2026-09-29 14:39:00+00:00,47.470001220703125,47.48569869995117,47.45500183105469,47.48569869995117,29332
2026-09-29 14:40:00+00:00,47.48500061035156,47.529998779296875,47.48310089111328,47.5,113180
2026-09-29 14:41:00+00:00,47.50090026855469,47.540000915527344,47.5,47.505001068115234,354571
2026-09-29 14:42:00+00:00,47.505001068115234,47.54999923706055,47.5,47.529998779296875,121678
2026-09-29 14:43:00+00:00,47.525001525878906,47.529998779296875,47.47999954223633,47.47999954223633,21818
2026-09-29 14:44:00+00:00,47.47999954223633,47.47999954223633,47.45000076293945,47.47999954223633,44220
2026-09-29 14:45:00+00:00,47.4900016784668,47.53499984741211,47.48500061035156,47.53499984741211,32668
2026-09-29 14:46:00+00:00,47.525001525878906,47.54999923706055,47.51499938964844,47.52730178833008,31347
2026-09-29 14:47:00+00:00,47.51900100708008,47.51900100708008,47.474998474121094,47.474998474121094,30247
2026-09-29 14:48:00+00:00,47.47999954223633,47.5099983215332,47.47999954223633,47.47999954223633,33054
2026-09-29 14:49:00+00:00,47.47999954223633,47.48630142211914,47.41389846801758,47.41999816894531,64765
2026-09-29 14:50:00+00:00,47.404998779296875,47.41999816894531,47.349998474121094,47.380001068115234,121115
2026-09-29 14:51:00+00:00,47.380001068115234,47.46989822387695,47.380001068115234,47.46500015258789,96104
2026-09-29 14:52:00+00:00,47.46500015258789,47.470001220703125,47.42499923706055,47.42499923706055,26452
2026-09-29 14:53:00+00:00,47.4296989440918,47.439998626708984,47.415000915527344,47.428001403808594,29338
2026-09-29 14:54:00+00:00,47.42509841918945,47.439998626708984,47.41999816894531,47.435001373291016,41295
2026-09-29 14:55:00+00:00,47.439998626708984,47.474998474121094,47.439998626708984,47.459999084472656,39761
2026-09-29 14:56:00+00:00,47.45000076293945,47.46900177001953,47.447898864746094,47.46900177001953,114770
2026-09-29 14:57:00+00:00,47.46440124511719,47.46730041503906,47.435001373291016,47.45500183105469,138398
2026-09-29 14:58:00+00:00,47.45500183105469,47.45500183105469,47.43000030517578,47.43000030517578,24322
2026-09-29 14:59:00+00:00,47.439998626708984,47.439998626708984,47.3849983215332,47.400001525878906,29577
2026-09-29 15:00:00+00:00,47.38999938964844,47.39500045776367,47.3400993347168,47.349998474121094,33171
2026-09-29 15:01:00+00:00,47.349998474121094,47.349998474121094,47.31999969482422,47.349998474121094,44951
2026-09-29 15:02:00+00:00,47.35499954223633,47.375,47.34000015258789,47.345001220703125,67757
2026-09-29 15:03:00+00:00,47.33000183105469,47.35499954223633,47.32500076293945,47.34000015258789,37894
2026-09-29 15:04:00+00:00,47.33000183105469,47.34000015258789,47.290000915527344,47.29499816894531,31116
2026-09-29 15:05:00+00:00,47.29880142211914,47.314998626708984,47.22999954223633,47.24620056152344,162565
2026-09-29 15:06:00+00:00,47.23749923706055,47.310001373291016,47.22999954223633,47.29999923706055,76108
2026-09-29 15:07:00+00:00,47.29499816894531,47.29499816894531,47.25,47.266700744628906,73887
2026-09-29 15:08:00+00:00,47.2599983215332,47.279998779296875,47.2400016784668,47.27000045776367,47790
2026-09-29 15:09:00+00:00,47.26499938964844,47.31999969482422,47.26499938964844,47.314998626708984,230363
2026-09-29 15:10:00+00:00,47.31990051269531,47.3400993347168,47.30500030517578,47.308998107910156,54128
2026-09-29 15:11:00+00:00,47.29999923706055,47.309898376464844,47.28499984741211,47.28499984741211,43767
2026-09-29 15:12:00+00:00,47.279998779296875,47.279998779296875,47.20000076293945,47.20000076293945,156970
2026-09-29 15:13:00+00:00,47.20000076293945,47.20000076293945,47.15999984741211,47.16999816894531,291166
2026-09-29 15:14:00+00:00,47.18000030517578,47.21500015258789,47.15999984741211,47.209999084472656,90749
2026-09-29 15:15:00+00:00,47.19499969482422,47.242698669433594,47.19499969482422,47.2400016784668,66198
2026-09-29 15:16:00+00:00,47.244998931884766,47.25,47.228599548339844,47.228599548339844,327442
2026-09-29 15:17:00+00:00,47.22999954223633,47.2400016784668,47.17499923706055,47.17499923706055,87854
2026-09-29 15:18:00+00:00,47.18000030517578,47.189998626708984,47.125,47.1349983215332,73910
2026-09-29 15:19:00+00:00,47.125,47.150001525878906,47.119998931884766,47.130001068115234,79634
2026-09-29 15:20:00+00:00,47.119998931884766,47.150001525878906,47.099998474121094,47.12009811401367,62828
2026-09-29 15:21:00+00:00,47.10499954223633,47.1349983215332,47.084999084472656,47.13010025024414,70636
2026-09-29 15:22:00+00:00,47.130001068115234,47.13999938964844,47.099998474121094,47.105098724365234,27630
2026-09-29 15:23:00+00:00,47.099998474121094,47.10820007324219,47.05500030517578,47.05830001831055,135161
2026-09-29 15:24:00+00:00,47.04999923706055,47.04999923706055,46.974998474121094,46.98500061035156,300793
2026-09-29 15:25:00+00:00,46.97999954223633,46.995201110839844,46.95000076293945,46.970001220703125,146570
2026-09-29 15:26:00+00:00,46.970001220703125,47.0,46.95500183105469,46.96500015258789,102920
2026-09-29 15:27:00+00:00,46.95000076293945,46.959999084472656,46.92020034790039,46.935001373291016,60719
2026-09-29 15:28:00+00:00,46.91999816894531,46.974998474121094,46.904998779296875,46.96670150756836,92289
2026-09-29 15:29:00+00:00,46.95500183105469,46.97570037841797,46.95000076293945,46.96070098876953,163480
2026-09-29 15:30:00+00:00,46.959800720214844,47.0099983215332,46.94499969482422,46.97990036010742,99598
2026-09-29 15:31:00+00:00,46.978599548339844,46.9901008605957,46.94499969482422,46.970001220703125,60857
2026-09-29 15:32:00+00:00,46.99300003051758,47.04999923706055,46.99300003051758,47.04999923706055,40887
2026-09-29 15:33:00+00:00,47.05780029296875,47.07500076293945,47.03499984741211,47.04499816894531,67207
2026-09-29 15:34:00+00:00,47.05500030517578,47.084999084472656,47.051700592041016,47.05500030517578,103973
2026-09-29 15:35:00+00:00,47.04999923706055,47.079898834228516,47.04010009765625,47.065101623535156,24685
2026-09-29 15:36:00+00:00,47.06999969482422,47.084999084472656,47.060001373291016,47.060001373291016,52989
2026-09-29 15:37:00+00:00,47.06999969482422,47.08810043334961,47.064998626708984,47.07500076293945,12967
2026-09-29 15:38:00+00:00,47.07500076293945,47.075401306152344,47.05500030517578,47.073001861572266,29949
2026-09-29 15:39:00+00:00,47.07500076293945,47.08729934692383,47.068199157714844,47.084999084472656,15071
2026-09-29 15:40:00+00:00,47.0802001953125,47.095001220703125,47.079898834228516,47.095001220703125,18838
2026-09-29 15:41:00+00:00,47.099998474121094,47.099998474121094,47.059898376464844,47.060001373291016,38488
2026-09-29 15:42:00+00:00,47.04999923706055,47.07500076293945,47.04069900512695,47.064998626708984,20354
2026-09-29 15:43:00+00:00,47.04800033569336,47.05699920654297,47.0369987487793,47.04499816894531,28967
2026-09-29 15:44:00+00:00,47.040000915527344,47.064998626708984,47.029998779296875,47.060001373291016,38947
2026-09-29 15:45:00+00:00,47.08000183105469,47.0968017578125,47.07500076293945,47.07500076293945,23601
2026-09-29 15:46:00+00:00,47.07500076293945,47.07870101928711,47.02320098876953,47.02320098876953,15307
2026-09-29 15:47:00+00:00,47.02009963989258,47.119998931884766,47.005001068115234,47.11000061035156,259173
2026-09-29 15:48:00+00:00,47.09000015258789,47.14030075073242,47.08000183105469,47.140098571777344,88151
2026-09-29 15:49:00+00:00,47.133201599121094,47.14500045776367,47.10499954223633,47.10499954223633,35653
2026-09-29 15:50:00+00:00,47.11000061035156,47.1150016784668,47.04999923706055,47.060001373291016,58791
2026-09-29 15:51:00+00:00,47.03499984741211,47.04499816894531,47.029998779296875,47.04010009765625,27369
2026-09-29 15:52:00+00:00,47.03820037841797,47.040000915527344,46.974998474121094,46.98500061035156,167094
2026-09-29 15:53:00+00:00,46.9900016784668,47.0,46.939998626708984,46.959999084472656,162904
2026-09-29 15:54:00+00:00,46.935001373291016,46.959999084472656,46.915000915527344,46.95989990234375,50762
2026-09-29 15:55:00+00:00,46.959999084472656,47.0,46.95009994506836,46.96500015258789,23902
2026-09-29 15:56:00+00:00,46.970001220703125,47.0,46.970001220703125,47.0,23605
2026-09-29 15:57:00+00:00,47.0,47.019901275634766,46.96989822387695,46.96989822387695,59618
2026-09-29 15:58:00+00:00,46.95500183105469,46.974998474121094,46.939998626708984,46.94499969482422,24323
2026-09-29 15:59:00+00:00,46.95000076293945,47.0,46.95000076293945,47.0,27108
2026-09-29 16:00:00+00:00,47.01499938964844,47.040000915527344,47.0,47.029998779296875,66299
2026-09-29 16:01:00+00:00,47.029998779296875,47.05500030517578,47.02000045776367,47.05500030517578,31710
2026-09-29 16:02:00+00:00,47.04999923706055,47.060001373291016,47.02669906616211,47.040000915527344,23428
2026-09-29 16:03:00+00:00,47.04999923706055,47.05500030517578,47.0099983215332,47.01499938964844,206137
2026-09-29 16:04:00+00:00,47.018798828125,47.018798828125,46.994998931884766,46.994998931884766,14215
2026-09-29 16:05:00+00:00,46.9900016784668,47.025001525878906,46.98500061035156,47.024200439453125,66959
2026-09-29 16:06:00+00:00,47.01499938964844,47.01499938964844,46.98830032348633,46.9900016784668,185374
2026-09-29 16:07:00+00:00,46.98500061035156,46.9900016784668,46.94499969482422,46.98500061035156,184021
2026-09-29 16:08:00+00:00,46.97999954223633,46.98759841918945,46.96500015258789,46.96500015258789,103653
2026-09-29 16:09:00+00:00,46.959999084472656,46.96630096435547,46.939998626708984,46.959999084472656,271260
2026-09-29 16:10:00+00:00,46.97999954223633,47.01499938964844,46.97999954223633,46.9995002746582,45326
2026-09-29 16:11:00+00:00,47.0,47.005001068115234,46.97999954223633,47.0,38453
2026-09-29 16:12:00+00:00,46.9900016784668,47.0,46.96500015258789,46.96500015258789,22867
2026-09-29 16:13:00+00:00,46.970001220703125,46.987300872802734,46.96500015258789,46.970001220703125,31029
2026-09-29 16:14:00+00:00,46.96500015258789,46.98500061035156,46.93000030517578,46.97999954223633,60675
2026-09-29 16:15:00+00:00,46.97999954223633,46.9900016784668,46.9635009765625,46.974998474121094,23861
2026-09-29 16:16:00+00:00,46.97999954223633,47.025001525878906,46.96549987792969,47.025001525878906,30795
2026-09-29 16:17:00+00:00,47.029998779296875,47.05270004272461,47.02000045776367,47.025699615478516,54698
2026-09-29 16:18:00+00:00,47.02000045776367,47.03499984741211,47.005001068115234,47.029998779296875,12918
2026-09-29 16:19:00+00:00,47.029998779296875,47.029998779296875,47.0099983215332,47.01499938964844,38356
2026-09-29 16:20:00+00:00,47.02000045776367,47.05500030517578,47.02000045776367,47.04999923706055,19211
2026-09-29 16:21:00+00:00,47.04869842529297,47.079898834228516,47.04869842529297,47.05500030517578,18883
2026-09-29 16:22:00+00:00,47.04999923706055,47.084999084472656,47.04499816894531,47.06999969482422,16942
2026-09-29 16:23:00+00:00,47.07500076293945,47.07500076293945,47.04499816894531,47.06999969482422,16181
2026-09-29 16:24:00+00:00,47.07500076293945,47.0900993347168,47.07500076293945,47.07500076293945,34939
2026-09-29 16:25:00+00:00,47.07500076293945,47.099998474121094,47.06999969482422,47.089900970458984,12071
2026-09-29 16:26:00+00:00,47.095001220703125,47.119998931884766,47.09000015258789,47.1150016784668,17479
2026-09-29 16:27:00+00:00,47.125,47.125,47.11000061035156,47.1150016784668,16457
2026-09-29 16:28:00+00:00,47.125,47.14500045776367,47.119998931884766,47.119998931884766,36144
2026-09-29 16:29:00+00:00,47.11000061035156,47.130001068115234,47.11000061035156,47.119998931884766,14950
2026-09-29 16:30:00+00:00,47.1150016784668,47.1150016784668,47.060001373291016,47.060001373291016,29721
2026-09-29 16:31:00+00:00,47.04999923706055,47.07500076293945,47.04389953613281,47.057701110839844,13361
2026-09-29 16:32:00+00:00,47.064998626708984,47.09000015258789,47.04999923706055,47.04999923706055,13377
2026-09-29 16:33:00+00:00,47.060001373291016,47.08000183105469,47.05229949951172,47.07500076293945,22570
2026-09-29 16:34:00+00:00,47.08000183105469,47.09000015258789,47.06999969482422,47.09000015258789,4623
2026-09-29 16:35:00+00:00,47.095001220703125,47.119998931884766,47.095001220703125,47.09989929199219,48323
2026-09-29 16:36:00+00:00,47.095001220703125,47.11000061035156,47.095001220703125,47.11000061035156,14730
2026-09-29 16:37:00+00:00,47.11000061035156,47.119998931884766,47.09989929199219,47.1150016784668,32888
2026-09-29 16:38:00+00:00,47.11050033569336,47.125,47.10499954223633,47.11759948730469,22542
2026-09-29 16:39:00+00:00,47.1150016784668,47.1150016784668,47.070098876953125,47.07500076293945,22803
2026-09-29 16:40:00+00:00,47.06999969482422,47.06999969482422,47.040000915527344,47.040000915527344,45226
2026-09-29 16:41:00+00:00,47.04999923706055,47.05500030517578,47.02050018310547,47.02050018310547,6862
2026-09-29 16:42:00+00:00,47.0099983215332,47.040000915527344,47.005001068115234,47.01850128173828,27423
2026-09-29 16:43:00+00:00,47.0099983215332,47.02510070800781,46.97999954223633,47.00270080566406,71261
2026-09-29 16:44:00+00:00,46.99729919433594,47.007301330566406,46.97999954223633,46.9901008605957,28498
2026-09-29 16:45:00+00:00,46.97999954223633,47.000099182128906,46.939998626708984,46.939998626708984,99043
2026-09-29 16:46:00+00:00,46.94499969482422,46.99639892578125,46.932498931884766,46.99639892578125,62214
2026-09-29 16:47:00+00:00,47.0098991394043,47.019901275634766,46.97999954223633,46.97999954223633,24192
2026-09-29 16:48:00+00:00,46.97999954223633,46.9900016784668,46.95500183105469,46.9900016784668,28521
2026-09-29 16:49:00+00:00,46.98659896850586,46.994998931884766,46.95000076293945,46.974998474121094,46255
2026-09-29 16:50:00+00:00,46.970001220703125,47.0,46.970001220703125,46.994998931884766,45057
2026-09-29 16:51:00+00:00,46.9900016784668,47.010101318359375,46.9900016784668,46.9900016784668,55718
2026-09-29 16:52:00+00:00,46.96989822387695,46.994998931884766,46.96989822387695,46.9900016784668,33566
2026-09-29 16:53:00+00:00,46.97999954223633,46.97999954223633,46.939998626708984,46.939998626708984,38543
2026-09-29 16:54:00+00:00,46.939998626708984,46.94499969482422,46.92499923706055,46.92499923706055,22653
2026-09-29 16:55:00+00:00,46.93000030517578,46.935001373291016,46.92499923706055,46.93000030517578,8222
2026-09-29 16:56:00+00:00,46.91999816894531,46.92499923706055,46.900001525878906,46.915000915527344,131576
2026-09-29 16:57:00+00:00,46.935001373291016,46.974998474121094,46.935001373291016,46.970001220703125,75670
2026-09-29 16:58:00+00:00,46.97010040283203,47.005001068115234,46.97010040283203,46.994998931884766,51854
2026-09-29 16:59:00+00:00,46.994998931884766,47.02000045776367,46.994998931884766,47.005001068115234,9246
2026-09-29 17:00:00+00:00,47.0,47.0099983215332,46.98500061035156,46.98500061035156,14272
2026-09-29 17:01:00+00:00,46.97999954223633,46.992000579833984,46.974998474121094,46.9900016784668,15154
2026-09-29 17:02:00+00:00,46.9900016784668,46.994998931884766,46.97999954223633,46.98759841918945,11958
2026-09-29 17:03:00+00:00,46.97999954223633,47.01689910888672,46.97999954223633,47.01689910888672,14718
2026-09-29 17:04:00+00:00,47.02190017700195,47.029998779296875,47.02190017700195,47.029998779296875,9214
2026-09-29 17:05:00+00:00,47.02000045776367,47.05500030517578,47.01210021972656,47.05500030517578,15604
2026-09-29 17:06:00+00:00,47.06999969482422,47.07500076293945,47.060001373291016,47.06010055541992,12800
2026-09-29 17:07:00+00:00,47.064998626708984,47.06999969482422,47.04999923706055,47.04999923706055,29832
2026-09-29 17:08:00+00:00,47.060001373291016,47.065101623535156,47.060001373291016,47.065101623535156,3996
2026-09-29 17:09:00+00:00,47.065101623535156,47.080101013183594,47.064998626708984,47.064998626708984,9241
2026-09-29 17:10:00+00:00,47.060001373291016,47.060001373291016,47.04999923706055,47.060001373291016,69770
2026-09-29 17:11:00+00:00,47.060001373291016,47.084999084472656,47.04999923706055,47.060001373291016,96955
2026-09-29 17:12:00+00:00,47.04999923706055,47.04999923706055,47.02000045776367,47.040000915527344,25557
2026-09-29 17:13:00+00:00,47.040000915527344,47.05500030517578,47.040000915527344,47.04499816894531,3114
2026-09-29 17:14:00+00:00,47.04999923706055,47.07500076293945,47.04499816894531,47.07310104370117,17303
2026-09-29 17:15:00+00:00,47.06999969482422,47.06999969482422,47.04999923706055,47.05500030517578,16419
2026-09-29 17:16:00+00:00,47.05500030517578,47.05500030517578,47.005001068115234,47.005001068115234,8157
2026-09-29 17:17:00+00:00,47.029998779296875,47.029998779296875,47.0099983215332,47.025001525878906,4520
2026-09-29 17:18:00+00:00,47.029998779296875,47.04499816894531,47.02000045776367,47.029998779296875,28548
2026-09-29 17:19:00+00:00,47.025001525878906,47.04999923706055,47.025001525878906,47.04999923706055,11686
2026-09-29 17:20:00+00:00,47.04999923706055,47.05500030517578,47.040000915527344,47.040000915527344,21055
2026-09-29 17:21:00+00:00,47.029998779296875,47.029998779296875,46.994998931884766,46.994998931884766,16742
2026-09-29 17:22:00+00:00,46.996498107910156,47.0098991394043,46.9900016784668,47.005001068115234,7874
2026-09-29 17:23:00+00:00,47.005001068115234,47.040000915527344,47.005001068115234,47.03499984741211,11284
2026-09-29 17:24:00+00:00,47.03020095825195,47.04999923706055,47.029998779296875,47.0359001159668,13599
2026-09-29 17:25:00+00:00,47.04499816894531,47.04999923706055,47.03499984741211,47.03499984741211,18921
2026-09-29 17:26:00+00:00,47.04499816894531,47.04499816894531,47.03499984741211,47.03499984741211,5990
2026-09-29 17:27:00+00:00,47.04499816894531,47.05500030517578,47.029998779296875,47.04999923706055,20713
2026-09-29 17:28:00+00:00,47.05030059814453,47.060001373291016,47.040000915527344,47.040000915527344,6703
2026-09-29 17:29:00+00:00,47.029998779296875,47.07500076293945,47.029998779296875,47.07500076293945,3640
2026-09-29 17:30:00+00:00,47.08000183105469,47.095001220703125,47.08000183105469,47.09000015258789,19656
2026-09-29 17:31:00+00:00,47.099300384521484,47.10499954223633,47.08000183105469,47.095001220703125,27786
2026-09-29 17:32:00+00:00,47.095001220703125,47.105098724365234,47.064998626708984,47.0900993347168,22350
2026-09-29 17:33:00+00:00,47.09000015258789,47.099998474121094,47.08000183105469,47.08000183105469,20709
2026-09-29 17:34:00+00:00,47.07500076293945,47.09989929199219,47.07389831542969,47.07500076293945,15305
2026-09-29 17:35:00+00:00,47.06999969482422,47.08000183105469,47.03379821777344,47.03379821777344,15860
2026-09-29 17:36:00+00:00,47.04499816894531,47.065101623535156,47.04249954223633,47.05009841918945,8318
2026-09-29 17:37:00+00:00,47.04499816894531,47.055599212646484,47.04010009765625,47.04499816894531,7793
2026-09-29 17:38:00+00:00,47.04999923706055,47.04999923706055,47.029998779296875,47.029998779296875,13180
2026-09-29 17:39:00+00:00,47.02989959716797,47.040000915527344,47.02000045776367,47.02000045776367,24874
2026-09-29 17:40:00+00:00,47.040000915527344,47.04999923706055,47.040000915527344,47.04999923706055,7723
2026-09-29 17:41:00+00:00,47.05500030517578,47.079898834228516,47.05500030517578,47.06999969482422,7243
2026-09-29 17:42:00+00:00,47.06010055541992,47.064998626708984,47.04999923706055,47.04999923706055,28336
2026-09-29 17:43:00+00:00,47.05500030517578,47.05500030517578,47.034400939941406,47.040000915527344,18106
2026-09-29 17:44:00+00:00,47.04999923706055,47.05699920654297,47.040000915527344,47.040000915527344,17106
2026-09-29 17:45:00+00:00,47.0443000793457,47.064998626708984,47.0443000793457,47.059200286865234,29842
2026-09-29 17:46:00+00:00,47.040000915527344,47.064998626708984,47.02009963989258,47.025001525878906,28639
2026-09-29 17:47:00+00:00,47.010101318359375,47.025001525878906,47.005001068115234,47.02000045776367,18441
2026-09-29 17:48:00+00:00,47.02000045776367,47.03499984741211,47.005001068115234,47.025001525878906,14822
2026-09-29 17:49:00+00:00,47.02000045776367,47.035499572753906,47.005001068115234,47.005001068115234,18025
2026-09-29 17:50:00+00:00,47.005001068115234,47.0099983215332,46.9833984375,46.9900016784668,25212
2026-09-29 17:51:00+00:00,46.98500061035156,46.9922981262207,46.959999084472656,46.99129867553711,16168
2026-09-29 17:52:00+00:00,46.994998931884766,47.0088005065918,46.99330139160156,47.005001068115234,17816
2026-09-29 17:53:00+00:00,47.0098991394043,47.0098991394043,46.96500015258789,46.974998474121094,23226
2026-09-29 17:54:00+00:00,46.98500061035156,46.99800109863281,46.98500061035156,46.98500061035156,4504
2026-09-29 17:55:00+00:00,46.98759841918945,46.994998931884766,46.97010040283203,46.97990036010742,13719
2026-09-29 17:56:00+00:00,46.992698669433594,46.992698669433594,46.96500015258789,46.96500015258789,30585
2026-09-29 17:57:00+00:00,46.974998474121094,46.98500061035156,46.959999084472656,46.970001220703125,9326
2026-09-29 17:58:00+00:00,46.96500015258789,46.970001220703125,46.95000076293945,46.970001220703125,18574
2026-09-29 17:59:00+00:00,46.98529815673828,47.02000045776367,46.98529815673828,47.01499938964844,14263
2026-09-29 18:00:00+00:00,47.01499938964844,47.130001068115234,47.01499938964844,47.130001068115234,240716
2026-09-29 18:01:00+00:00,47.130001068115234,47.150001525878906,47.099998474121094,47.10499954223633,114967
2026-09-29 18:02:00+00:00,47.125,47.13999938964844,47.1150016784668,47.130001068115234,33943
2026-09-29 18:03:00+00:00,47.119998931884766,47.125,47.09000015258789,47.1083984375,28139
2026-09-29 18:04:00+00:00,47.10499954223633,47.155799865722656,47.10499954223633,47.154998779296875,38581
2026-09-29 18:05:00+00:00,47.14500045776367,47.17789840698242,47.12879943847656,47.165000915527344,40483
2026-09-29 18:06:00+00:00,47.16999816894531,47.209999084472656,47.16999816894531,47.20500183105469,95474
2026-09-29 18:07:00+00:00,47.20500183105469,47.220001220703125,47.16999816894531,47.17499923706055,90738
2026-09-29 18:08:00+00:00,47.17499923706055,47.189998626708984,47.15999984741211,47.16999816894531,37921
2026-09-29 18:09:00+00:00,47.185001373291016,47.18989944458008,47.13999938964844,47.13999938964844,37956
2026-09-29 18:10:00+00:00,47.14500045776367,47.16510009765625,47.119998931884766,47.13999938964844,77951
2026-09-29 18:11:00+00:00,47.15999984741211,47.165000915527344,47.150001525878906,47.15999984741211,7740
2026-09-29 18:12:00+00:00,47.15999984741211,47.189998626708984,47.154998779296875,47.189998626708984,6838
2026-09-29 18:13:00+00:00,47.189998626708984,47.220001220703125,47.185001373291016,47.21500015258789,47567
2026-09-29 18:14:00+00:00,47.21500015258789,47.22760009765625,47.21009826660156,47.220001220703125,59949
2026-09-29 18:15:00+00:00,47.22100067138672,47.25,47.21989822387695,47.246498107910156,59538
2026-09-29 18:16:00+00:00,47.244998931884766,47.27000045776367,47.244998931884766,47.255001068115234,66728
2026-09-29 18:17:00+00:00,47.2599983215332,47.2599983215332,47.209999084472656,47.224998474121094,45563
2026-09-29 18:18:00+00:00,47.220001220703125,47.224998474121094,47.20000076293945,47.224998474121094,24076
2026-09-29 18:19:00+00:00,47.22010040283203,47.224998474121094,47.21500015258789,47.220001220703125,4987
2026-09-29 18:20:00+00:00,47.224998474121094,47.2400016784668,47.209999084472656,47.2400016784668,772032
2026-09-29 18:21:00+00:00,47.244998931884766,47.255699157714844,47.22999954223633,47.255001068115234,33872
2026-09-29 18:22:00+00:00,47.255001068115234,47.279998779296875,47.2400016784668,47.279998779296875,15579
2026-09-29 18:23:00+00:00,47.279998779296875,47.279998779296875,47.26499938964844,47.27360153198242,86503
2026-09-29 18:24:00+00:00,47.275001525878906,47.27870178222656,47.2599983215332,47.26499938964844,30222
2026-09-29 18:25:00+00:00,47.2599983215332,47.27009963989258,47.25,47.250099182128906,24426
2026-09-29 18:26:00+00:00,47.25,47.2598991394043,47.22999954223633,47.22999954223633,8932
2026-09-29 18:27:00+00:00,47.224998474121094,47.244998931884766,47.224998474121094,47.23500061035156,25016
2026-09-29 18:28:00+00:00,47.2400016784668,47.255001068115234,47.2400016784668,47.255001068115234,10889
2026-09-29 18:29:00+00:00,47.244998931884766,47.244998931884766,47.229000091552734,47.229000091552734,15592
2026-09-29 18:30:00+00:00,47.220001220703125,47.275001525878906,47.21500015258789,47.25389862060547,210247
2026-09-29 18:31:00+00:00,47.26499938964844,47.26499938964844,47.22010040283203,47.26409912109375,15996
2026-09-29 18:32:00+00:00,47.26539993286133,47.28499984741211,47.26499938964844,47.28499984741211,19820
2026-09-29 18:33:00+00:00,47.29499816894531,47.29999923706055,47.28499984741211,47.28499984741211,11383
2026-09-29 18:34:00+00:00,47.28499984741211,47.30500030517578,47.28499984741211,47.30500030517578,12020
2026-09-29 18:35:00+00:00,47.29999923706055,47.29999923706055,47.275001525878906,47.285400390625,22583
2026-09-29 18:36:00+00:00,47.28990173339844,47.30500030517578,47.275001525878906,47.29999923706055,40189
2026-09-29 18:37:00+00:00,47.3026008605957,47.30500030517578,47.28499984741211,47.290000915527344,30658
2026-09-29 18:38:00+00:00,47.290000915527344,47.314998626708984,47.290000915527344,47.30500030517578,43659
2026-09-29 18:39:00+00:00,47.29999923706055,47.330299377441406,47.29999923706055,47.310001373291016,23689
2026-09-29 18:40:00+00:00,47.30550003051758,47.34510040283203,47.30500030517578,47.34000015258789,36564
2026-09-29 18:41:00+00:00,47.345001220703125,47.367000579833984,47.34000015258789,47.367000579833984,16290
2026-09-29 18:42:00+00:00,47.369998931884766,47.3849983215332,47.3650016784668,47.37009811401367,29976
2026-09-29 18:43:00+00:00,47.369998931884766,47.375,47.36000061035156,47.3650016784668,22869
2026-09-29 18:44:00+00:00,47.3650016784668,47.3650016784668,47.34000015258789,47.34000015258789,83833
2026-09-29 18:45:00+00:00,47.334999084472656,47.36000061035156,47.33000183105469,47.349998474121094,66549
2026-09-29 18:46:00+00:00,47.349998474121094,47.35710144042969,47.34049987792969,47.345001220703125,15419
2026-09-29 18:47:00+00:00,47.34000015258789,47.34000015258789,47.31999969482422,47.32500076293945,22544
2026-09-29 18:48:00+00:00,47.32500076293945,47.349998474121094,47.31999969482422,47.349998474121094,16792
2026-09-29 18:49:00+00:00,47.349998474121094,47.349998474121094,47.334999084472656,47.345001220703125,22233
2026-09-29 18:50:00+00:00,47.349998474121094,47.349998474121094,47.32500076293945,47.33489990234375,36399
2026-09-29 18:51:00+00:00,47.34049987792969,47.3650016784668,47.34000015258789,47.3650016784668,14049
2026-09-29 18:52:00+00:00,47.3650016784668,47.3650016784668,47.35430145263672,47.3650016784668,13206
2026-09-29 18:53:00+00:00,47.36000061035156,47.375,47.34130096435547,47.35340118408203,32660
2026-09-29 18:54:00+00:00,47.349998474121094,47.35499954223633,47.341800689697266,47.345001220703125,13721
2026-09-29 18:55:00+00:00,47.34000015258789,47.345001220703125,47.334999084472656,47.33599853515625,8570
2026-09-29 18:56:00+00:00,47.33869934082031,47.345001220703125,47.334999084472656,47.334999084472656,10626
2026-09-29 18:57:00+00:00,47.334999084472656,47.34000015258789,47.31999969482422,47.31999969482422,8784
2026-09-29 18:58:00+00:00,47.32500076293945,47.345001220703125,47.31999969482422,47.34000015258789,37575
2026-09-29 18:59:00+00:00,47.345001220703125,47.36000061035156,47.34000015258789,47.345001220703125,26273
2026-09-29 19:00:00+00:00,47.345001220703125,47.349998474121094,47.334999084472656,47.345001220703125,17758
2026-09-29 19:01:00+00:00,47.345001220703125,47.345001220703125,47.32500076293945,47.334999084472656,16907
2026-09-29 19:02:00+00:00,47.334999084472656,47.36000061035156,47.33000183105469,47.35499954223633,30044
2026-09-29 19:03:00+00:00,47.35499954223633,47.3650016784668,47.344600677490234,47.345001220703125,15506
2026-09-29 19:04:00+00:00,47.345001220703125,47.36000061035156,47.332000732421875,47.35499954223633,8816
2026-09-29 19:05:00+00:00,47.35499954223633,47.35499954223633,47.345001220703125,47.35499954223633,18033
2026-09-29 19:06:00+00:00,47.35499954223633,47.377601623535156,47.35499954223633,47.369998931884766,40740
2026-09-29 19:07:00+00:00,47.369998931884766,47.3849983215332,47.3650016784668,47.375,8987
2026-09-29 19:08:00+00:00,47.372100830078125,47.380001068115234,47.3650016784668,47.3650016784668,54190
2026-09-29 19:09:00+00:00,47.3650016784668,47.3651008605957,47.36000061035156,47.36000061035156,10302
2026-09-29 19:10:00+00:00,47.359901428222656,47.36370086669922,47.35020065307617,47.36370086669922,35065
2026-09-29 19:11:00+00:00,47.3650016784668,47.3650016784668,47.34000015258789,47.34000015258789,37473
2026-09-29 19:12:00+00:00,47.349998474121094,47.349998474121094,47.31999969482422,47.33000183105469,72810
2026-09-29 19:13:00+00:00,47.32979965209961,47.33039855957031,47.32500076293945,47.32500076293945,4411
2026-09-29 19:14:00+00:00,47.32500076293945,47.334999084472656,47.310001373291016,47.31999969482422,34555
2026-09-29 19:15:00+00:00,47.31999969482422,47.334999084472656,47.310001373291016,47.310298919677734,57313
2026-09-29 19:16:00+00:00,47.314998626708984,47.33000183105469,47.301998138427734,47.31999969482422,94268
2026-09-29 19:17:00+00:00,47.310001373291016,47.34000015258789,47.30500030517578,47.334999084472656,36877
2026-09-29 19:18:00+00:00,47.334999084472656,47.369998931884766,47.334999084472656,47.36000061035156,138546
2026-09-29 19:19:00+00:00,47.349998474121094,47.355098724365234,47.334999084472656,47.350101470947266,27687
2026-09-29 19:20:00+00:00,47.349998474121094,47.349998474121094,47.33140182495117,47.33140182495117,27776
2026-09-29 19:21:00+00:00,47.34000015258789,47.34000015258789,47.33000183105469,47.334999084472656,15530
2026-09-29 19:22:00+00:00,47.33000183105469,47.334999084472656,47.31999969482422,47.334999084472656,29624
2026-09-29 19:23:00+00:00,47.334999084472656,47.34000015258789,47.330101013183594,47.334999084472656,34807
2026-09-29 19:24:00+00:00,47.34000015258789,47.34000015258789,47.31999969482422,47.330101013183594,36254
2026-09-29 19:25:00+00:00,47.332401275634766,47.34510040283203,47.332401275634766,47.34000015258789,27003
2026-09-29 19:26:00+00:00,47.339900970458984,47.339900970458984,47.314998626708984,47.32500076293945,14537
2026-09-29 19:27:00+00:00,47.31999969482422,47.31999969482422,47.302398681640625,47.314998626708984,16715
2026-09-29 19:28:00+00:00,47.31999969482422,47.31999969482422,47.290000915527344,47.290000915527344,34474
2026-09-29 19:29:00+00:00,47.290000915527344,47.29499816894531,47.290000915527344,47.29010009765625,3664
2026-09-29 19:30:00+00:00,47.29999923706055,47.29999923706055,47.275001525878906,47.29499816894531,28088
2026-09-29 19:31:00+00:00,47.29499816894531,47.314998626708984,47.29499816894531,47.30799865722656,29055
2026-09-29 19:32:00+00:00,47.30500030517578,47.339298248291016,47.30500030517578,47.335899353027344,35116
2026-09-29 19:33:00+00:00,47.334999084472656,47.339900970458984,47.32229995727539,47.33000183105469,30795
2026-09-29 19:34:00+00:00,47.33000183105469,47.33000183105469,47.314998626708984,47.314998626708984,30516
2026-09-29 19:35:00+00:00,47.31769943237305,47.31999969482422,47.29999923706055,47.29999923706055,47941
2026-09-29 19:36:00+00:00,47.290000915527344,47.310001373291016,47.290000915527344,47.295799255371094,74520
2026-09-29 19:37:00+00:00,47.29240036010742,47.310001373291016,47.29240036010742,47.29499816894531,26447
2026-09-29 19:38:00+00:00,47.29499816894531,47.30619812011719,47.29499816894531,47.29499816894531,25981
2026-09-29 19:39:00+00:00,47.29499816894531,47.29970169067383,47.290000915527344,47.29499816894531,34598
2026-09-29 19:40:00+00:00,47.290000915527344,47.29499816894531,47.255001068115234,47.255001068115234,97524
2026-09-29 19:41:00+00:00,47.26499938964844,47.269901275634766,47.262901306152344,47.26499938964844,8341
2026-09-29 19:42:00+00:00,47.27000045776367,47.27000045776367,47.25360107421875,47.26499938964844,52460
2026-09-29 19:43:00+00:00,47.26499938964844,47.275001525878906,47.2599983215332,47.2599983215332,35313
2026-09-29 19:44:00+00:00,47.26499938964844,47.26499938964844,47.224998474121094,47.22990036010742,33207
2026-09-29 19:45:00+00:00,47.229000091552734,47.23590087890625,47.220001220703125,47.220001220703125,31348
2026-09-29 19:46:00+00:00,47.22200012207031,47.2599983215332,47.20500183105469,47.2599983215332,156070
2026-09-29 19:47:00+00:00,47.2599983215332,47.349998474121094,47.2400016784668,47.34000015258789,332958
2026-09-29 19:48:00+00:00,47.34000015258789,47.349998474121094,47.275001525878906,47.29499816894531,197376
2026-09-29 19:49:00+00:00,47.29499816894531,47.34000015258789,47.28499984741211,47.314998626708984,234674
2026-09-29 19:50:00+00:00,47.310001373291016,47.32500076293945,47.290000915527344,47.30500030517578,197043
2026-09-29 19:51:00+00:00,47.310001373291016,47.349998474121094,47.309898376464844,47.349998474121094,159032
2026-09-29 19:52:00+00:00,47.349998474121094,47.3650016784668,47.324798583984375,47.34000015258789,183640
2026-09-29 19:53:00+00:00,47.334999084472656,47.334999084472656,47.29999923706055,47.32500076293945,111283
2026-09-29 19:54:00+00:00,47.32500076293945,47.33000183105469,47.29999923706055,47.30500030517578,81091
2026-09-29 19:55:00+00:00,47.310001373291016,47.31999969482422,47.290000915527344,47.31999969482422,79122
2026-09-29 19:56:00+00:00,47.334999084472656,47.334999084472656,47.310001373291016,47.314998626708984,59005
2026-09-29 19:57:00+00:00,47.314998626708984,47.33000183105469,47.314998626708984,47.33000183105469,50691
2026-09-29 19:58:00+00:00,47.32500076293945,47.349998474121094,47.31999969482422,47.32500076293945,221145
2026-09-29 19:59:00+00:00,47.31999969482422,47.34000015258789,47.31050109863281,47.32500076293945,374403
2026-09-30 13:30:00+00:00,48.237998962402344,48.33000183105469,48.20000076293945,48.33000183105469,7447590
2026-09-30 13:31:00+00:00,48.33000183105469,48.439998626708984,48.320499420166016,48.43009948730469,271765
2026-09-30 13:32:00+00:00,48.439998626708984,48.456298828125,48.33000183105469,48.345001220703125,315402
2026-09-30 13:33:00+00:00,48.34000015258789,48.34000015258789,48.27000045776367,48.27989959716797,215386
2026-09-30 13:34:00+00:00,48.279998779296875,48.314998626708984,48.244998931884766,48.255001068115234,109013
2026-09-30 13:35:00+00:00,48.25,48.25,47.981998443603516,48.025001525878906,425895
2026-09-30 13:36:00+00:00,48.005001068115234,48.029998779296875,47.90129852294922,47.98899841308594,254649
2026-09-30 13:37:00+00:00,47.9900016784668,48.0098991394043,47.869998931884766,47.92499923706055,182845
2026-09-30 13:38:00+00:00,47.91999816894531,47.91999816894531,47.720001220703125,47.790000915527344,360622
2026-09-30 13:39:00+00:00,47.779998779296875,47.79999923706055,47.66999816894531,47.689998626708984,185495
2026-09-30 13:40:00+00:00,47.689998626708984,47.77899932861328,47.560001373291016,47.58769989013672,280017
2026-09-30 13:41:00+00:00,47.584999084472656,47.70000076293945,47.57780075073242,47.685001373291016,318504
2026-09-30 13:42:00+00:00,47.685001373291016,47.875,47.685001373291016,47.859901428222656,218134
2026-09-30 13:43:00+00:00,47.849998474121094,47.88999938964844,47.79999923706055,47.79999923706055,160730
2026-09-30 13:44:00+00:00,47.79999923706055,47.849998474121094,47.77000045776367,47.84000015258789,176026
2026-09-30 13:45:00+00:00,47.84000015258789,47.875,47.7599983215332,47.77989959716797,163138
2026-09-30 13:46:00+00:00,47.779998779296875,47.900001525878906,47.77000045776367,47.899898529052734,619955
2026-09-30 13:47:00+00:00,47.89500045776367,47.95000076293945,47.864498138427734,47.92499923706055,233921
2026-09-30 13:48:00+00:00,47.92499923706055,47.939998626708984,47.84000015258789,47.845001220703125,204509
2026-09-30 13:49:00+00:00,47.84000015258789,47.94710159301758,47.814998626708984,47.904998779296875,192294
2026-09-30 13:50:00+00:00,47.8849983215332,47.92499923706055,47.85499954223633,47.8849983215332,188277
2026-09-30 13:51:00+00:00,47.8849983215332,47.974998474121094,47.880001068115234,47.94499969482422,207285
2026-09-30 13:52:00+00:00,47.94499969482422,47.94499969482422,47.875,47.875,156180
2026-09-30 13:53:00+00:00,47.880001068115234,47.9385986328125,47.84000015258789,47.935001373291016,164600
2026-09-30 13:54:00+00:00,47.935001373291016,47.939998626708984,47.8650016784668,47.880001068115234,139129
2026-09-30 13:55:00+00:00,47.880001068115234,47.939998626708984,47.8650016784668,47.875,117917
2026-09-30 13:56:00+00:00,47.869998931884766,47.89509963989258,47.83000183105469,47.849998474121094,67316
2026-09-30 13:57:00+00:00,47.85089874267578,47.880001068115234,47.80120086669922,47.83000183105469,29254
2026-09-30 13:58:00+00:00,47.83000183105469,47.84000015258789,47.80500030517578,47.84000015258789,42244
2026-09-30 13:59:00+00:00,47.849998474121094,47.91999816894531,47.84000015258789,47.91999816894531,114390
2026-09-30 14:00:00+00:00,47.91310119628906,47.915000915527344,47.80500030517578,47.80500030517578,75917
2026-09-30 14:01:00+00:00,47.80500030517578,47.8650016784668,47.7400016784668,47.7400016784668,85065
2026-09-30 14:02:00+00:00,47.72999954223633,47.790000915527344,47.70000076293945,47.76499938964844,98565
2026-09-30 14:03:00+00:00,47.77000045776367,47.79999923706055,47.75429916381836,47.79999923706055,44674
2026-09-30 14:04:00+00:00,47.79999923706055,47.89500045776367,47.79999923706055,47.86000061035156,99541
2026-09-30 14:05:00+00:00,47.849998474121094,47.869998931884766,47.82500076293945,47.869998931884766,106483
2026-09-30 14:06:00+00:00,47.875,47.904998779296875,47.845001220703125,47.849998474121094,47409
2026-09-30 14:07:00+00:00,47.84000015258789,47.84000015258789,47.72999954223633,47.72999954223633,74069
2026-09-30 14:08:00+00:00,47.73500061035156,47.755001068115234,47.689998626708984,47.75,60518
2026-09-30 14:09:00+00:00,47.755001068115234,47.77000045776367,47.709999084472656,47.7599983215332,40050
2026-09-30 14:10:00+00:00,47.755001068115234,47.76499938964844,47.68000030517578,47.70500183105469,64808
2026-09-30 14:11:00+00:00,47.70500183105469,47.70500183105469,47.600101470947266,47.670101165771484,148604
2026-09-30 14:12:00+00:00,47.67499923706055,47.78010177612305,47.66999816894531,47.75,96433
2026-09-30 14:13:00+00:00,47.7599983215332,47.83879852294922,47.72999954223633,47.7400016784668,201802
2026-09-30 14:14:00+00:00,47.72999954223633,47.75,47.724998474121094,47.73500061035156,207922
2026-09-30 14:15:00+00:00,47.72949981689453,47.72999954223633,47.66999816894531,47.689998626708984,67497
2026-09-30 14:16:00+00:00,47.69499969482422,47.69499969482422,47.619998931884766,47.650001525878906,83321
2026-09-30 14:17:00+00:00,47.654998779296875,47.67679977416992,47.58000183105469,47.59270095825195,124843
2026-09-30 14:18:00+00:00,47.595001220703125,47.6150016784668,47.525001525878906,47.56999969482422,267400
2026-09-30 14:19:00+00:00,47.564998626708984,47.599998474121094,47.540000915527344,47.599998474121094,63013
2026-09-30 14:20:00+00:00,47.587100982666016,47.619998931884766,47.55500030517578,47.619998931884766,77020
2026-09-30 14:21:00+00:00,47.6150016784668,47.63990020751953,47.58000183105469,47.58000183105469,46489
2026-09-30 14:22:00+00:00,47.564998626708984,47.58000183105469,47.439998626708984,47.439998626708984,242171
2026-09-30 14:23:00+00:00,47.439998626708984,47.459999084472656,47.34000015258789,47.459999084472656,247164
2026-09-30 14:24:00+00:00,47.45500183105469,47.470001220703125,47.41999816894531,47.470001220703125,107750
2026-09-30 14:25:00+00:00,47.470001220703125,47.51499938964844,47.470001220703125,47.51499938964844,49811
2026-09-30 14:26:00+00:00,47.51499938964844,47.53499984741211,47.47999954223633,47.5,60712
2026-09-30 14:27:00+00:00,47.5,47.5,47.369998931884766,47.399898529052734,57556
2026-09-30 14:28:00+00:00,47.38999938964844,47.415000915527344,47.34130096435547,47.36119842529297,167368
2026-09-30 14:29:00+00:00,47.35409927368164,47.400001525878906,47.32500076293945,47.400001525878906,178325
2026-09-30 14:30:00+00:00,47.38999938964844,47.435001373291016,47.36000061035156,47.419898986816406,98577
2026-09-30 14:31:00+00:00,47.40999984741211,47.435001373291016,47.375,47.380001068115234,71814
2026-09-30 14:32:00+00:00,47.380001068115234,47.380001068115234,47.185001373291016,47.220001220703125,212812
2026-09-30 14:33:00+00:00,47.20000076293945,47.28499984741211,47.16999816894531,47.28499984741211,212598
2026-09-30 14:34:00+00:00,47.279998779296875,47.290000915527344,47.20009994506836,47.21009826660156,112442
2026-09-30 14:35:00+00:00,47.209999084472656,47.244998931884766,47.17499923706055,47.21760177612305,86007
2026-09-30 14:36:00+00:00,47.22010040283203,47.279998779296875,47.209999084472656,47.209999084472656,55762
2026-09-30 14:37:00+00:00,47.21500015258789,47.343101501464844,47.21500015258789,47.33000183105469,102007
2026-09-30 14:38:00+00:00,47.33000183105469,47.380001068115234,47.310001373291016,47.380001068115234,199491
2026-09-30 14:39:00+00:00,47.369998931884766,47.37009811401367,47.310001373291016,47.310001373291016,75825
2026-09-30 14:40:00+00:00,47.310001373291016,47.31999969482422,47.22999954223633,47.29999923706055,182356
2026-09-30 14:41:00+00:00,47.29499816894531,47.33000183105469,47.244998931884766,47.33000183105469,59059
2026-09-30 14:42:00+00:00,47.33000183105469,47.380001068115234,47.31999969482422,47.355098724365234,86776
2026-09-30 14:43:00+00:00,47.36000061035156,47.38999938964844,47.290000915527344,47.310001373291016,134865
2026-09-30 14:44:00+00:00,47.29999923706055,47.310001373291016,47.2599983215332,47.279998779296875,126398
2026-09-30 14:45:00+00:00,47.27000045776367,47.329898834228516,47.26499938964844,47.30500030517578,60070
2026-09-30 14:46:00+00:00,47.29999923706055,47.32500076293945,47.279998779296875,47.32500076293945,55812
2026-09-30 14:47:00+00:00,47.327701568603516,47.380001068115234,47.29999923706055,47.375,108817
2026-09-30 14:48:00+00:00,47.375,47.41999816894531,47.3650016784668,47.369998931884766,67181
2026-09-30 14:49:00+00:00,47.37990188598633,47.380001068115234,47.33000183105469,47.375,34202
2026-09-30 14:50:00+00:00,47.380001068115234,47.400001525878906,47.349998474121094,47.380001068115234,42936
2026-09-30 14:51:00+00:00,47.3849983215332,47.40999984741211,47.36000061035156,47.380001068115234,69966
2026-09-30 14:52:00+00:00,47.375,47.459999084472656,47.375,47.42509841918945,91554
2026-09-30 14:53:00+00:00,47.41109848022461,47.459999084472656,47.40999984741211,47.40999984741211,63117
2026-09-30 14:54:00+00:00,47.43000030517578,47.470001220703125,47.39950180053711,47.45500183105469,208367
2026-09-30 14:55:00+00:00,47.45000076293945,47.5099983215332,47.45000076293945,47.500099182128906,101861
2026-09-30 14:56:00+00:00,47.5,47.5099983215332,47.459999084472656,47.459999084472656,196415
2026-09-30 14:57:00+00:00,47.459999084472656,47.47999954223633,47.45500183105469,47.45500183105469,14153
2026-09-30 14:58:00+00:00,47.451499938964844,47.459999084472656,47.41239929199219,47.41999816894531,23306
2026-09-30 14:59:00+00:00,47.43000030517578,47.43000030517578,47.404998779296875,47.404998779296875,17975
2026-09-30 15:00:00+00:00,47.400001525878906,47.43000030517578,47.380001068115234,47.43000030517578,83310
2026-09-30 15:01:00+00:00,47.4359016418457,47.4359016418457,47.36000061035156,47.435001373291016,72724
2026-09-30 15:02:00+00:00,47.43000030517578,47.43000030517578,47.380001068115234,47.380001068115234,44665
2026-09-30 15:03:00+00:00,47.380001068115234,47.47999954223633,47.380001068115234,47.47999954223633,64674
2026-09-30 15:04:00+00:00,47.47010040283203,47.47010040283203,47.435001373291016,47.459999084472656,33555
2026-09-30 15:05:00+00:00,47.459999084472656,47.4900016784668,47.45500183105469,47.46500015258789,33848
2026-09-30 15:06:00+00:00,47.46500015258789,47.470001220703125,47.43000030517578,47.470001220703125,55270
2026-09-30 15:07:00+00:00,47.47999954223633,47.47999954223633,47.45500183105469,47.46500015258789,16486
2026-09-30 15:08:00+00:00,47.459999084472656,47.46500015258789,47.439998626708984,47.459999084472656,99753
2026-09-30 15:09:00+00:00,47.45009994506836,47.4900016784668,47.45000076293945,47.47999954223633,52657
2026-09-30 15:10:00+00:00,47.47999954223633,47.510101318359375,47.474998474121094,47.489898681640625,37530
2026-09-30 15:11:00+00:00,47.4900016784668,47.529998779296875,47.47999954223633,47.48059844970703,46856
2026-09-30 15:12:00+00:00,47.4900016784668,47.498199462890625,47.435001373291016,47.470001220703125,122008
2026-09-30 15:13:00+00:00,47.4900016784668,47.51499938964844,47.4900016784668,47.494998931884766,27866
2026-09-30 15:14:00+00:00,47.47999954223633,47.52000045776367,47.47999954223633,47.492698669433594,47131
2026-09-30 15:15:00+00:00,47.4900016784668,47.510101318359375,47.47010040283203,47.505001068115234,48399
2026-09-30 15:16:00+00:00,47.5098991394043,47.540000915527344,47.4900016784668,47.53499984741211,28619
2026-09-30 15:17:00+00:00,47.529998779296875,47.529998779296875,47.45000076293945,47.45000076293945,16112
2026-09-30 15:18:00+00:00,47.44820022583008,47.45000076293945,47.38999938964844,47.38999938964844,49762
2026-09-30 15:19:00+00:00,47.400001525878906,47.42499923706055,47.375,47.415000915527344,121193
2026-09-30 15:20:00+00:00,47.40999984741211,47.45000076293945,47.39500045776367,47.45000076293945,15882
2026-09-30 15:21:00+00:00,47.46799850463867,47.474998474121094,47.44499969482422,47.474998474121094,12005
2026-09-30 15:22:00+00:00,47.474998474121094,47.51499938964844,47.470001220703125,47.470001220703125,14759
2026-09-30 15:23:00+00:00,47.45000076293945,47.46590042114258,47.42499923706055,47.43000030517578,26028
2026-09-30 15:24:00+00:00,47.43000030517578,47.43000030517578,47.36009979248047,47.36009979248047,44632
2026-09-30 15:25:00+00:00,47.359901428222656,47.369998931884766,47.345001220703125,47.345001220703125,42805
2026-09-30 15:26:00+00:00,47.345001220703125,47.379600524902344,47.33000183105469,47.3650016784668,32904
2026-09-30 15:27:00+00:00,47.36000061035156,47.380001068115234,47.33000183105469,47.380001068115234,71693
2026-09-30 15:28:00+00:00,47.375,47.42499923706055,47.369998931884766,47.41999816894531,75843
2026-09-30 15:29:00+00:00,47.415000915527344,47.45289993286133,47.415000915527344,47.45289993286133,48857
2026-09-30 15:30:00+00:00,47.459999084472656,47.51499938964844,47.45500183105469,47.51499938964844,23144
2026-09-30 15:31:00+00:00,47.51499938964844,47.650001525878906,47.51499938964844,47.650001525878906,125854
2026-09-30 15:32:00+00:00,47.650001525878906,47.68000030517578,47.595001220703125,47.61000061035156,167361
2026-09-30 15:33:00+00:00,47.60900115966797,47.619998931884766,47.56999969482422,47.59239959716797,56612
2026-09-30 15:34:00+00:00,47.5900993347168,47.60499954223633,47.56999969482422,47.584999084472656,80901
2026-09-30 15:35:00+00:00,47.584999084472656,47.60499954223633,47.58000183105469,47.58000183105469,53741
2026-09-30 15:36:00+00:00,47.58000183105469,47.59000015258789,47.56760025024414,47.570098876953125,31076
2026-09-30 15:37:00+00:00,47.56999969482422,47.6349983215332,47.54499816894531,47.6349983215332,72202
2026-09-30 15:38:00+00:00,47.63999938964844,47.65570068359375,47.6150016784668,47.619998931884766,226378
2026-09-30 15:39:00+00:00,47.619998931884766,47.65999984741211,47.6150016784668,47.650001525878906,0
2026-09-30 15:40:00+00:00,47.65999984741211,47.685001373291016,47.625,47.635101318359375,17895
2026-09-30 15:41:00+00:00,47.6349983215332,47.649898529052734,47.60499954223633,47.61000061035156,18131
2026-09-30 15:42:00+00:00,47.6150016784668,47.650001525878906,47.6150016784668,47.63999938964844,57483
2026-09-30 15:43:00+00:00,47.63010025024414,47.6349983215332,47.595001220703125,47.61000061035156,38473
2026-09-30 15:44:00+00:00,47.59000015258789,47.595001220703125,47.56999969482422,47.58000183105469,34635
2026-09-30 15:45:00+00:00,47.569698333740234,47.61000061035156,47.569698333740234,47.595001220703125,22576
2026-09-30 15:46:00+00:00,47.595001220703125,47.625,47.59000015258789,47.625,8247
2026-09-30 15:47:00+00:00,47.625,47.64500045776367,47.619998931884766,47.64500045776367,41628
2026-09-30 15:48:00+00:00,47.650001525878906,47.685001373291016,47.64739990234375,47.685001373291016,19217
2026-09-30 15:49:00+00:00,47.685001373291016,47.685001373291016,47.65999984741211,47.67499923706055,81448
2026-09-30 15:50:00+00:00,47.68000030517578,47.685001373291016,47.660099029541016,47.660099029541016,14305
2026-09-30 15:51:00+00:00,47.66999816894531,47.68000030517578,47.65010070800781,47.65999984741211,27661
2026-09-30 15:52:00+00:00,47.65999984741211,47.66510009765625,47.64500045776367,47.65010070800781,15338
2026-09-30 15:53:00+00:00,47.65999984741211,47.665000915527344,47.64500045776367,47.665000915527344,10546
2026-09-30 15:54:00+00:00,47.66999816894531,47.679901123046875,47.63999938964844,47.63999938964844,18977
2026-09-30 15:55:00+00:00,47.63639831542969,47.63639831542969,47.58000183105469,47.584999084472656,34406
2026-09-30 15:56:00+00:00,47.597599029541016,47.6150016784668,47.595001220703125,47.61000061035156,13119
2026-09-30 15:57:00+00:00,47.609901428222656,47.619998931884766,47.584999084472656,47.59510040283203,17923
2026-09-30 15:58:00+00:00,47.597900390625,47.60749816894531,47.590301513671875,47.60490036010742,17328
2026-09-30 15:59:00+00:00,47.609500885009766,47.609901428222656,47.59000015258789,47.60490036010742,40972
2026-09-30 16:00:00+00:00,47.61000061035156,47.6150016784668,47.59280014038086,47.599998474121094,23907
2026-09-30 16:01:00+00:00,47.6150016784668,47.619998931884766,47.5900993347168,47.6150016784668,21451
2026-09-30 16:02:00+00:00,47.61949920654297,47.67499923706055,47.61949920654297,47.665000915527344,27160
2026-09-30 16:03:00+00:00,47.66999816894531,47.689998626708984,47.65999984741211,47.689998626708984,31267
2026-09-30 16:04:00+00:00,47.689998626708984,47.69990158081055,47.67499923706055,47.691200256347656,33730
2026-09-30 16:05:00+00:00,47.6963996887207,47.720001220703125,47.66999816894531,47.71500015258789,37327
2026-09-30 16:06:00+00:00,47.71500015258789,47.72999954223633,47.71500015258789,47.72999954223633,23510
2026-09-30 16:07:00+00:00,47.72999954223633,47.72999954223633,47.70719909667969,47.71500015258789,46510
2026-09-30 16:08:00+00:00,47.70500183105469,47.709999084472656,47.70000076293945,47.709999084472656,10981
2026-09-30 16:09:00+00:00,47.720001220703125,47.744998931884766,47.720001220703125,47.744998931884766,23383
2026-09-30 16:10:00+00:00,47.744998931884766,47.75,47.70500183105469,47.71009826660156,71504
2026-09-30 16:11:00+00:00,47.71500015258789,47.72489929199219,47.690101623535156,47.720001220703125,26855
2026-09-30 16:12:00+00:00,47.720001220703125,47.72639846801758,47.68000030517578,47.68000030517578,27313
2026-09-30 16:13:00+00:00,47.689998626708984,47.725799560546875,47.685001373291016,47.720001220703125,6012
2026-09-30 16:14:00+00:00,47.720001220703125,47.735801696777344,47.720001220703125,47.73500061035156,5966
2026-09-30 16:15:00+00:00,47.73500061035156,47.75,47.70009994506836,47.720001220703125,21141
2026-09-30 16:16:00+00:00,47.72999954223633,47.73500061035156,47.71849822998047,47.72999954223633,11955
2026-09-30 16:17:00+00:00,47.72999954223633,47.72999954223633,47.709999084472656,47.709999084472656,11611
2026-09-30 16:18:00+00:00,47.70000076293945,47.73500061035156,47.70000076293945,47.73500061035156,14433
2026-09-30 16:19:00+00:00,47.755001068115234,47.76499938964844,47.750099182128906,47.7598991394043,9035
2026-09-30 16:20:00+00:00,47.75,47.77000045776367,47.73500061035156,47.76499938964844,28498
2026-09-30 16:21:00+00:00,47.76100158691406,47.779998779296875,47.7599983215332,47.76499938964844,55057
2026-09-30 16:22:00+00:00,47.77000045776367,47.79999923706055,47.77000045776367,47.779998779296875,35081
2026-09-30 16:23:00+00:00,47.77870178222656,47.79499816894531,47.77870178222656,47.79499816894531,14023
2026-09-30 16:24:00+00:00,47.79840087890625,47.810001373291016,47.78010177612305,47.78499984741211,50703
2026-09-30 16:25:00+00:00,47.78499984741211,47.79499816894531,47.78499984741211,47.79499816894531,14191
2026-09-30 16:26:00+00:00,47.79990005493164,47.79990005493164,47.75,47.7588005065918,12275
2026-09-30 16:27:00+00:00,47.7599983215332,47.7599983215332,47.72999954223633,47.7400016784668,38054
2026-09-30 16:28:00+00:00,47.73500061035156,47.7598991394043,47.730098724365234,47.7401008605957,22650
2026-09-30 16:29:00+00:00,47.73500061035156,47.73500061035156,47.689998626708984,47.690101623535156,65708
2026-09-30 16:30:00+00:00,47.70000076293945,47.70989990234375,47.670101165771484,47.677101135253906,20497
2026-09-30 16:31:00+00:00,47.67150115966797,47.70000076293945,47.67150115966797,47.685001373291016,9457
2026-09-30 16:32:00+00:00,47.68000030517578,47.70000076293945,47.67770004272461,47.689998626708984,12847
2026-09-30 16:33:00+00:00,47.689998626708984,47.720001220703125,47.689998626708984,47.70500183105469,45133
2026-09-30 16:34:00+00:00,47.709999084472656,47.73500061035156,47.70500183105469,47.720001220703125,30274
2026-09-30 16:35:00+00:00,47.709999084472656,47.709999084472656,47.68000030517578,47.68989944458008,17387
2026-09-30 16:36:00+00:00,47.66999816894531,47.66999816894531,47.6349983215332,47.636600494384766,59122
2026-09-30 16:37:00+00:00,47.6349983215332,47.685001373291016,47.6349983215332,47.65999984741211,53039
2026-09-30 16:38:00+00:00,47.656898498535156,47.689998626708984,47.656898498535156,47.685001373291016,17380
2026-09-30 16:39:00+00:00,47.689998626708984,47.69499969482422,47.672000885009766,47.689998626708984,15896
2026-09-30 16:40:00+00:00,47.689998626708984,47.69499969482422,47.66999816894531,47.685001373291016,21504
2026-09-30 16:41:00+00:00,47.690101623535156,47.70500183105469,47.68000030517578,47.68000030517578,12311
2026-09-30 16:42:00+00:00,47.68000030517578,47.69499969482422,47.68000030517578,47.69499969482422,5344
2026-09-30 16:43:00+00:00,47.69499969482422,47.72990036010742,47.69499969482422,47.724998474121094,13904
2026-09-30 16:44:00+00:00,47.720001220703125,47.73500061035156,47.720001220703125,47.72010040283203,60035
2026-09-30 16:45:00+00:00,47.724998474121094,47.73500061035156,47.71120071411133,47.720001220703125,19985
2026-09-30 16:46:00+00:00,47.72999954223633,47.760101318359375,47.720001220703125,47.755001068115234,23723
2026-09-30 16:47:00+00:00,47.7599983215332,47.798301696777344,47.7599983215332,47.779998779296875,32209
2026-09-30 16:48:00+00:00,47.77000045776367,47.77000045776367,47.720001220703125,47.73830032348633,11658
2026-09-30 16:49:00+00:00,47.73500061035156,47.7400016784668,47.726200103759766,47.72999954223633,14019
2026-09-30 16:50:00+00:00,47.7400016784668,47.7598991394043,47.73500061035156,47.7400016784668,11543
2026-09-30 16:51:00+00:00,47.7400016784668,47.749698638916016,47.720001220703125,47.72010040283203,9500
2026-09-30 16:52:00+00:00,47.720001220703125,47.74850082397461,47.720001220703125,47.73500061035156,12992
2026-09-30 16:53:00+00:00,47.72999954223633,47.72999954223633,47.720001220703125,47.72999954223633,7682
2026-09-30 16:54:00+00:00,47.72999954223633,47.72999954223633,47.72249984741211,47.72249984741211,7229
2026-09-30 16:55:00+00:00,47.724998474121094,47.739898681640625,47.70009994506836,47.70009994506836,16919
2026-09-30 16:56:00+00:00,47.726898193359375,47.726898193359375,47.70000076293945,47.70500183105469,4341
2026-09-30 16:57:00+00:00,47.70100021362305,47.720001220703125,47.689998626708984,47.71860122680664,28768
2026-09-30 16:58:00+00:00,47.720001220703125,47.73500061035156,47.70000076293945,47.71989822387695,14965
2026-09-30 16:59:00+00:00,47.71500015258789,47.731201171875,47.71500015258789,47.731201171875,3903
2026-09-30 17:00:00+00:00,47.724998474121094,47.724998474121094,47.70000076293945,47.709999084472656,45359
2026-09-30 17:01:00+00:00,47.70909881591797,47.71770095825195,47.70000076293945,47.70500183105469,17714
2026-09-30 17:02:00+00:00,47.70500183105469,47.720001220703125,47.70000076293945,47.70500183105469,53713
2026-09-30 17:03:00+00:00,47.685001373291016,47.709999084472656,47.68000030517578,47.709999084472656,5888
2026-09-30 17:04:00+00:00,47.709999084472656,47.724998474121094,47.68000030517578,47.68000030517578,10294
2026-09-30 17:05:00+00:00,47.68000030517578,47.724998474121094,47.68000030517578,47.70000076293945,15349
2026-09-30 17:06:00+00:00,47.69499969482422,47.71099853515625,47.69499969482422,47.70009994506836,12914
2026-09-30 17:07:00+00:00,47.724998474121094,47.72999954223633,47.710899353027344,47.71500015258789,8573
2026-09-30 17:08:00+00:00,47.72949981689453,47.775001525878906,47.72949981689453,47.755001068115234,36603
2026-09-30 17:09:00+00:00,47.7599983215332,47.76499938964844,47.69499969482422,47.70949935913086,55488
2026-09-30 17:10:00+00:00,47.709999084472656,47.72890090942383,47.709999084472656,47.720001220703125,20764
2026-09-30 17:11:00+00:00,47.72999954223633,47.72999954223633,47.68000030517578,47.689998626708984,29176
2026-09-30 17:12:00+00:00,47.689998626708984,47.70500183105469,47.689998626708984,47.689998626708984,13773
2026-09-30 17:13:00+00:00,47.68009948730469,47.709999084472656,47.68000030517578,47.689998626708984,20629
2026-09-30 17:14:00+00:00,47.689998626708984,47.720001220703125,47.689998626708984,47.69499969482422,10040
2026-09-30 17:15:00+00:00,47.689998626708984,47.689998626708984,47.61009979248047,47.619998931884766,78967
2026-09-30 17:16:00+00:00,47.6150016784668,47.630001068115234,47.600101470947266,47.61140060424805,65724
2026-09-30 17:17:00+00:00,47.619998931884766,47.625,47.599998474121094,47.619998931884766,72477
2026-09-30 17:18:00+00:00,47.619998931884766,47.665000915527344,47.619998931884766,47.65999984741211,53693
2026-09-30 17:19:00+00:00,47.65999984741211,47.65999984741211,47.60029983520508,47.60029983520508,13381
2026-09-30 17:20:00+00:00,47.60240173339844,47.6150016784668,47.58000183105469,47.59000015258789,83250
2026-09-30 17:21:00+00:00,47.595001220703125,47.63999938964844,47.59000015258789,47.625,43871
2026-09-30 17:22:00+00:00,47.619998931884766,47.630001068115234,47.58000183105469,47.58000183105469,36369
2026-09-30 17:23:00+00:00,47.57500076293945,47.584999084472656,47.560001373291016,47.58000183105469,34393
2026-09-30 17:24:00+00:00,47.57500076293945,47.595001220703125,47.57500076293945,47.59450149536133,11636
2026-09-30 17:25:00+00:00,47.59510040283203,47.59510040283203,47.564998626708984,47.56809997558594,151719
2026-09-30 17:26:00+00:00,47.564998626708984,47.564998626708984,47.5099983215332,47.5099983215332,164514
2026-09-30 17:27:00+00:00,47.52000045776367,47.595001220703125,47.52000045776367,47.595001220703125,33025
2026-09-30 17:28:00+00:00,47.5900993347168,47.61000061035156,47.58000183105469,47.605499267578125,36490
2026-09-30 17:29:00+00:00,47.61000061035156,47.65999984741211,47.61000061035156,47.654998779296875,124677
2026-09-30 17:30:00+00:00,47.650001525878906,47.650001525878906,47.60499954223633,47.60499954223633,22362
2026-09-30 17:31:00+00:00,47.61000061035156,47.61859893798828,47.56809997558594,47.58539962768555,37284
2026-09-30 17:32:00+00:00,47.58000183105469,47.59000015258789,47.564998626708984,47.56990051269531,40382
2026-09-30 17:33:00+00:00,47.560001373291016,47.579898834228516,47.55500030517578,47.560001373291016,23254
2026-09-30 17:34:00+00:00,47.560001373291016,47.56990051269531,47.53499984741211,47.53499984741211,65962
2026-09-30 17:35:00+00:00,47.53499984741211,47.54499816894531,47.527400970458984,47.529998779296875,15562
2026-09-30 17:36:00+00:00,47.529998779296875,47.54999923706055,47.529998779296875,47.53499984741211,32934
2026-09-30 17:37:00+00:00,47.53499984741211,47.53499984741211,47.470001220703125,47.474998474121094,67553
2026-09-30 17:38:00+00:00,47.474998474121094,47.53499984741211,47.474998474121094,47.53499984741211,26801
2026-09-30 17:39:00+00:00,47.53499984741211,47.54990005493164,47.51499938964844,47.52000045776367,13366
2026-09-30 17:40:00+00:00,47.505001068115234,47.525001525878906,47.505001068115234,47.525001525878906,9787
2026-09-30 17:41:00+00:00,47.52000045776367,47.529998779296875,47.52000045776367,47.529998779296875,11797
2026-09-30 17:42:00+00:00,47.529998779296875,47.53499984741211,47.52000045776367,47.53499984741211,19947
2026-09-30 17:43:00+00:00,47.540000915527344,47.54999923706055,47.5343017578125,47.5343017578125,15586
2026-09-30 17:44:00+00:00,47.5359001159668,47.53950119018555,47.5099983215332,47.51459884643555,28710
2026-09-30 17:45:00+00:00,47.5,47.52000045776367,47.494998931884766,47.52000045776367,13203
2026-09-30 17:46:00+00:00,47.52000045776367,47.54999923706055,47.52000045776367,47.54499816894531,22034
2026-09-30 17:47:00+00:00,47.54999923706055,47.61000061035156,47.540000915527344,47.560001373291016,37767
2026-09-30 17:48:00+00:00,47.54499816894531,47.57500076293945,47.5443000793457,47.57500076293945,11364
2026-09-30 17:49:00+00:00,47.57500076293945,47.57500076293945,47.55500030517578,47.57500076293945,16361
2026-09-30 17:50:00+00:00,47.57500076293945,47.59989929199219,47.57500076293945,47.58000183105469,36748
2026-09-30 17:51:00+00:00,47.58000183105469,47.584999084472656,47.56999969482422,47.58000183105469,9419
2026-09-30 17:52:00+00:00,47.564998626708984,47.564998626708984,47.54499816894531,47.54499816894531,5014
2026-09-30 17:53:00+00:00,47.53499984741211,47.540000915527344,47.52870178222656,47.529998779296875,7394
2026-09-30 17:54:00+00:00,47.53499984741211,47.540000915527344,47.529998779296875,47.529998779296875,12058
2026-09-30 17:55:00+00:00,47.525001525878906,47.529998779296875,47.5099983215332,47.529998779296875,22940
2026-09-30 17:56:00+00:00,47.53499984741211,47.540000915527344,47.52000045776367,47.52000045776367,21892
2026-09-30 17:57:00+00:00,47.52899932861328,47.53499984741211,47.51499938964844,47.518798828125,5056
2026-09-30 17:58:00+00:00,47.51499938964844,47.53990173339844,47.51499938964844,47.53990173339844,10040
2026-09-30 17:59:00+00:00,47.540000915527344,47.54999923706055,47.53499984741211,47.53499984741211,24888
2026-09-30 18:00:00+00:00,47.529998779296875,47.56999969482422,47.529998779296875,47.55009841918945,39771
2026-09-30 18:01:00+00:00,47.54499816894531,47.54499816894531,47.505001068115234,47.505001068115234,16765
2026-09-30 18:02:00+00:00,47.51499938964844,47.52000045776367,47.5,47.5,20681
2026-09-30 18:03:00+00:00,47.5,47.525001525878906,47.5,47.5099983215332,8806
2026-09-30 18:04:00+00:00,47.5,47.542301177978516,47.49359893798828,47.540000915527344,16980
2026-09-30 18:05:00+00:00,47.529998779296875,47.529998779296875,47.52000045776367,47.52000045776367,24898
2026-09-30 18:06:00+00:00,47.494998931884766,47.5,47.47999954223633,47.494998931884766,14294
2026-09-30 18:07:00+00:00,47.5,47.525001525878906,47.4900016784668,47.525001525878906,16473
2026-09-30 18:08:00+00:00,47.52000045776367,47.525001525878906,47.5,47.52000045776367,8661
2026-09-30 18:09:00+00:00,47.53499984741211,47.567501068115234,47.52000045776367,47.560001373291016,23987
2026-09-30 18:10:00+00:00,47.54999923706055,47.55609893798828,47.53499984741211,47.53499984741211,7431
2026-09-30 18:11:00+00:00,47.53499984741211,47.56010055541992,47.53499984741211,47.56010055541992,14276
2026-09-30 18:12:00+00:00,47.54999923706055,47.564998626708984,47.54499816894531,47.560001373291016,14123
2026-09-30 18:13:00+00:00,47.55500030517578,47.55500030517578,47.540000915527344,47.54010009765625,5977
2026-09-30 18:14:00+00:00,47.54499816894531,47.560001373291016,47.525001525878906,47.525001525878906,36655
2026-09-30 18:15:00+00:00,47.525001525878906,47.54499816894531,47.5181999206543,47.525001525878906,26992
2026-09-30 18:16:00+00:00,47.53990173339844,47.540000915527344,47.512298583984375,47.512298583984375,35283
2026-09-30 18:17:00+00:00,47.51129913330078,47.52009963989258,47.505001068115234,47.505001068115234,37187
2026-09-30 18:18:00+00:00,47.5,47.525901794433594,47.48500061035156,47.525901794433594,16440
2026-09-30 18:19:00+00:00,47.52000045776367,47.525001525878906,47.5,47.5099983215332,9413
2026-09-30 18:20:00+00:00,47.525001525878906,47.525001525878906,47.5099983215332,47.52000045776367,45909
2026-09-30 18:21:00+00:00,47.5099983215332,47.5099983215332,47.47999954223633,47.498600006103516,21425
2026-09-30 18:22:00+00:00,47.494998931884766,47.500099182128906,47.49100112915039,47.494998931884766,5171
2026-09-30 18:23:00+00:00,47.485801696777344,47.485801696777344,47.470001220703125,47.470001220703125,5457
2026-09-30 18:24:00+00:00,47.46500015258789,47.48500061035156,47.46500015258789,47.470001220703125,11423
2026-09-30 18:25:00+00:00,47.459999084472656,47.459999084472656,47.44499969482422,47.45500183105469,11054
2026-09-30 18:26:00+00:00,47.45500183105469,47.47999954223633,47.45500183105469,47.46500015258789,22996
2026-09-30 18:27:00+00:00,47.459999084472656,47.474998474121094,47.459999084472656,47.459999084472656,3905
2026-09-30 18:28:00+00:00,47.470001220703125,47.47999954223633,47.459999084472656,47.46500015258789,6580
2026-09-30 18:29:00+00:00,47.459999084472656,47.4900016784668,47.45500183105469,47.47999954223633,62815
2026-09-30 18:30:00+00:00,47.47999954223633,47.49610137939453,47.459999084472656,47.49610137939453,34581
2026-09-30 18:31:00+00:00,47.4900016784668,47.5,47.45000076293945,47.45000076293945,31604
2026-09-30 18:32:00+00:00,47.45989990234375,47.46500015258789,47.45000076293945,47.45500183105469,22644
2026-09-30 18:33:00+00:00,47.45500183105469,47.46500015258789,47.43000030517578,47.45000076293945,53155
2026-09-30 18:34:00+00:00,47.44499969482422,47.45500183105469,47.43000030517578,47.45500183105469,592693
2026-09-30 18:35:00+00:00,47.45000076293945,47.45500183105469,47.43000030517578,47.43000030517578,38320
2026-09-30 18:36:00+00:00,47.439998626708984,47.439998626708984,47.41999816894531,47.42499923706055,31661
2026-09-30 18:37:00+00:00,47.42509841918945,47.43000030517578,47.41999816894531,47.429901123046875,42515
2026-09-30 18:38:00+00:00,47.43000030517578,47.43949890136719,47.42499923706055,47.435001373291016,5172
2026-09-30 18:39:00+00:00,47.43989944458008,47.43989944458008,47.43000030517578,47.43000030517578,22566
2026-09-30 18:40:00+00:00,47.435001373291016,47.45500183105469,47.42499923706055,47.45000076293945,66037
2026-09-30 18:41:00+00:00,47.44499969482422,47.445899963378906,47.43000030517578,47.435001373291016,23663
2026-09-30 18:42:00+00:00,47.43000030517578,47.44499969482422,47.43000030517578,47.44499969482422,9704
2026-09-30 18:43:00+00:00,47.44499969482422,47.459999084472656,47.439998626708984,47.45500183105469,11842
2026-09-30 18:44:00+00:00,47.46500015258789,47.46500015258789,47.439998626708984,47.44499969482422,7411
2026-09-30 18:45:00+00:00,47.44499969482422,47.45000076293945,47.429901123046875,47.435001373291016,11113
2026-09-30 18:46:00+00:00,47.43000030517578,47.44499969482422,47.43000030517578,47.43000030517578,47907
2026-09-30 18:47:00+00:00,47.42499923706055,47.435001373291016,47.42499923706055,47.42499923706055,6432
2026-09-30 18:48:00+00:00,47.42499923706055,47.42499923706055,47.404998779296875,47.40999984741211,11186
2026-09-30 18:49:00+00:00,47.40999984741211,47.439998626708984,47.40999984741211,47.439998626708984,45414
2026-09-30 18:50:00+00:00,47.459999084472656,47.494998931884766,47.459999084472656,47.47669982910156,23653
2026-09-30 18:51:00+00:00,47.47909927368164,47.48500061035156,47.470001220703125,47.47999954223633,15621
2026-09-30 18:52:00+00:00,47.47050094604492,47.494998931884766,47.470001220703125,47.494998931884766,29107
2026-09-30 18:53:00+00:00,47.4900016784668,47.5098991394043,47.459999084472656,47.468101501464844,13306
2026-09-30 18:54:00+00:00,47.46500015258789,47.4900016784668,47.460201263427734,47.489898681640625,7187
2026-09-30 18:55:00+00:00,47.48500061035156,47.4900016784668,47.474998474121094,47.4900016784668,3843
2026-09-30 18:56:00+00:00,47.4900016784668,47.5,47.48500061035156,47.5,6475
2026-09-30 18:57:00+00:00,47.5,47.5098991394043,47.488800048828125,47.5,6557
2026-09-30 18:58:00+00:00,47.499900817871094,47.51679992675781,47.494998931884766,47.51499938964844,7080
2026-09-30 18:59:00+00:00,47.5099983215332,47.51499938964844,47.4900016784668,47.494998931884766,11460
2026-09-30 19:00:00+00:00,47.5,47.505001068115234,47.46500015258789,47.46500015258789,19881
2026-09-30 19:01:00+00:00,47.459999084472656,47.47999954223633,47.45989990234375,47.459999084472656,29028
2026-09-30 19:02:00+00:00,47.45500183105469,47.486900329589844,47.452301025390625,47.48500061035156,20121
2026-09-30 19:03:00+00:00,47.48500061035156,47.4900016784668,47.470001220703125,47.47890090942383,28875
2026-09-30 19:04:00+00:00,47.47999954223633,47.4900016784668,47.470001220703125,47.47999954223633,25136
2026-09-30 19:05:00+00:00,47.47999954223633,47.49760055541992,47.45989990234375,47.459999084472656,51903
2026-09-30 19:06:00+00:00,47.46500015258789,47.46500015258789,47.45000076293945,47.45500183105469,31055
2026-09-30 19:07:00+00:00,47.4547004699707,47.470001220703125,47.45009994506836,47.46950149536133,26013
2026-09-30 19:08:00+00:00,47.46500015258789,47.46500015258789,47.435001373291016,47.4379997253418,36693
2026-09-30 19:09:00+00:00,47.435001373291016,47.435001373291016,47.41999816894531,47.42509841918945,26639
2026-09-30 19:10:00+00:00,47.42499923706055,47.42499923706055,47.404998779296875,47.40999984741211,6297
2026-09-30 19:11:00+00:00,47.404998779296875,47.404998779296875,47.38999938964844,47.399898529052734,20988
2026-09-30 19:12:00+00:00,47.39500045776367,47.400001525878906,47.3650016784668,47.39500045776367,20297
2026-09-30 19:13:00+00:00,47.38999938964844,47.399898529052734,47.380001068115234,47.39500045776367,29026
2026-09-30 19:14:00+00:00,47.39500045776367,47.404998779296875,47.38990020751953,47.38999938964844,30882
2026-09-30 19:15:00+00:00,47.3849983215332,47.3849983215332,47.36009979248047,47.3650016784668,10763
2026-09-30 19:16:00+00:00,47.3650016784668,47.369998931884766,47.35499954223633,47.36000061035156,24618
2026-09-30 19:17:00+00:00,47.35499954223633,47.35499954223633,47.30350112915039,47.32500076293945,66355
2026-09-30 19:18:00+00:00,47.31999969482422,47.355899810791016,47.314998626708984,47.35499954223633,58191
2026-09-30 19:19:00+00:00,47.35499954223633,47.38999938964844,47.35260009765625,47.38999938964844,34422
2026-09-30 19:20:00+00:00,47.3849983215332,47.385101318359375,47.3650016784668,47.375,29354
2026-09-30 19:21:00+00:00,47.380001068115234,47.404998779296875,47.380001068115234,47.380001068115234,34921
2026-09-30 19:22:00+00:00,47.375,47.380001068115234,47.3650016784668,47.37969970703125,26510
2026-09-30 19:23:00+00:00,47.375,47.375,47.349998474121094,47.350101470947266,17914
2026-09-30 19:24:00+00:00,47.35499954223633,47.36989974975586,47.349998474121094,47.350101470947266,22575
2026-09-30 19:25:00+00:00,47.351200103759766,47.3849983215332,47.351200103759766,47.3849983215332,37510
2026-09-30 19:26:00+00:00,47.3849983215332,47.40999984741211,47.375,47.37990188598633,94079
2026-09-30 19:27:00+00:00,47.375,47.39500045776367,47.37009811401367,47.38990020751953,52326
2026-09-30 19:28:00+00:00,47.400001525878906,47.41999816894531,47.39500045776367,47.40010070800781,89699
2026-09-30 19:29:00+00:00,47.40999984741211,47.41999816894531,47.38010025024414,47.3849983215332,30848
2026-09-30 19:30:00+00:00,47.3849983215332,47.421199798583984,47.3849983215332,47.421199798583984,110828
2026-09-30 19:31:00+00:00,47.43000030517578,47.44499969482422,47.415000915527344,47.435001373291016,94621
2026-09-30 19:32:00+00:00,47.439998626708984,47.45000076293945,47.42499923706055,47.440101623535156,40922
2026-09-30 19:33:00+00:00,47.44499969482422,47.470001220703125,47.44499969482422,47.46009826660156,83900
2026-09-30 19:34:00+00:00,47.459999084472656,47.470001220703125,47.439998626708984,47.44499969482422,99159
2026-09-30 19:35:00+00:00,47.45000076293945,47.470001220703125,47.45000076293945,47.459999084472656,43900
2026-09-30 19:36:00+00:00,47.45500183105469,47.46500015258789,47.45009994506836,47.45500183105469,34809
2026-09-30 19:37:00+00:00,47.45500183105469,47.494998931884766,47.45500183105469,47.494998931884766,397768
2026-09-30 19:38:00+00:00,47.494998931884766,47.518001556396484,47.4900016784668,47.51499938964844,83409
2026-09-30 19:39:00+00:00,47.51499938964844,47.51499938964844,47.48500061035156,47.494998931884766,192737
2026-09-30 19:40:00+00:00,47.4900016784668,47.5,47.459999084472656,47.459999084472656,137625
2026-09-30 19:41:00+00:00,47.45500183105469,47.48500061035156,47.45100021362305,47.459999084472656,45175
2026-09-30 19:42:00+00:00,47.45800018310547,47.474998474121094,47.44499969482422,47.44499969482422,71914
2026-09-30 19:43:00+00:00,47.44499969482422,47.459999084472656,47.43000030517578,47.44499969482422,31882
2026-09-30 19:44:00+00:00,47.44499969482422,47.44990158081055,47.435001373291016,47.439998626708984,70577
2026-09-30 19:45:00+00:00,47.439998626708984,47.44499969482422,47.43000030517578,47.43989944458008,37845
2026-09-30 19:46:00+00:00,47.435001373291016,47.44499969482422,47.43429946899414,47.44499969482422,192497
2026-09-30 19:47:00+00:00,47.44499969482422,47.459999084472656,47.380001068115234,47.39500045776367,241192
2026-09-30 19:48:00+00:00,47.400001525878906,47.42850112915039,47.369998931884766,47.369998931884766,344009
2026-09-30 19:49:00+00:00,47.369998931884766,47.38999938964844,47.363800048828125,47.380001068115234,97645
2026-09-30 19:50:00+00:00,47.380001068115234,47.39500045776367,47.340999603271484,47.345001220703125,364313
2026-09-30 19:51:00+00:00,47.345001220703125,47.345001220703125,47.28099822998047,47.29999923706055,252138
2026-09-30 19:52:00+00:00,47.29949951171875,47.314998626708984,47.279998779296875,47.29499816894531,122654
2026-09-30 19:53:00+00:00,47.290000915527344,47.32500076293945,47.26219940185547,47.26499938964844,155114
2026-09-30 19:54:00+00:00,47.26169967651367,47.29999923706055,47.260101318359375,47.275001525878906,308972
2026-09-30 19:55:00+00:00,47.27000045776367,47.33000183105469,47.25,47.32500076293945,129548
2026-09-30 19:56:00+00:00,47.33000183105469,47.334999084472656,47.30099868774414,47.314998626708984,195533
2026-09-30 19:57:00+00:00,47.314998626708984,47.31999969482422,47.29499816894531,47.309898376464844,165570
2026-09-30 19:58:00+00:00,47.30500030517578,47.33000183105469,47.30009841918945,47.32500076293945,230507
2026-09-30 19:59:00+00:00,47.32500076293945,47.34000015258789,47.31019973754883,47.33000183105469,726052
2026-10-01 13:30:00+00:00,47.237998962402344,47.27000045776367,47.220001220703125,47.25,3363747
2026-10-01 13:31:00+00:00,47.25,47.290000915527344,47.23500061035156,47.2599983215332,121526
2026-10-01 13:32:00+00:00,47.26129913330078,47.30500030517578,47.22999954223633,47.30120086669922,121083
2026-10-01 13:33:00+00:00,47.29999923706055,47.39500045776367,47.29999923706055,47.3849983215332,126611
2026-10-01 13:34:00+00:00,47.40999984741211,47.43000030517578,47.34000015258789,47.369998931884766,173573
2026-10-01 13:35:00+00:00,47.380001068115234,47.42499923706055,47.374000549316406,47.40999984741211,97589
2026-10-01 13:36:00+00:00,47.40999984741211,47.415000915527344,47.369998931884766,47.389198303222656,108382
2026-10-01 13:37:00+00:00,47.37009811401367,47.48500061035156,47.349998474121094,47.48500061035156,144536
2026-10-01 13:38:00+00:00,47.48500061035156,47.529998779296875,47.45000076293945,47.505001068115234,120186
2026-10-01 13:39:00+00:00,47.5099983215332,47.54499816894531,47.439998626708984,47.44499969482422,168708
2026-10-01 13:40:00+00:00,47.439998626708984,47.494998931884766,47.41999816894531,47.41999816894531,115116
2026-10-01 13:41:00+00:00,47.40999984741211,47.52000045776367,47.40999984741211,47.474998474121094,75667
2026-10-01 13:42:00+00:00,47.47140121459961,47.48649978637695,47.43000030517578,47.45000076293945,48710
2026-10-01 13:43:00+00:00,47.459999084472656,47.5099983215332,47.45000076293945,47.470001220703125,50595
2026-10-01 13:44:00+00:00,47.46500015258789,47.52989959716797,47.46500015258789,47.520599365234375,61050
2026-10-01 13:45:00+00:00,47.53499984741211,47.584999084472656,47.5099983215332,47.52000045776367,156569
2026-10-01 13:46:00+00:00,47.52000045776367,47.54999923706055,47.4900016784668,47.529998779296875,76488
2026-10-01 13:47:00+00:00,47.52000045776367,47.560001373291016,47.474998474121094,47.54999923706055,84475
2026-10-01 13:48:00+00:00,47.540000915527344,47.540000915527344,47.480098724365234,47.494998931884766,127244
2026-10-01 13:49:00+00:00,47.494998931884766,47.5,47.36000061035156,47.36000061035156,100961
2026-10-01 13:50:00+00:00,47.35499954223633,47.439998626708984,47.35499954223633,47.415000915527344,56868
2026-10-01 13:51:00+00:00,47.404998779296875,47.439998626708984,47.404998779296875,47.420101165771484,44152
2026-10-01 13:52:00+00:00,47.404998779296875,47.4900016784668,47.404998779296875,47.47999954223633,29230
2026-10-01 13:53:00+00:00,47.47999954223633,47.47999954223633,47.45500183105469,47.470001220703125,48334
2026-10-01 13:54:00+00:00,47.48500061035156,47.52000045776367,47.470001220703125,47.51129913330078,57513
2026-10-01 13:55:00+00:00,47.52000045776367,47.54499816894531,47.461299896240234,47.47999954223633,82697
2026-10-01 13:56:00+00:00,47.474998474121094,47.47990036010742,47.43410110473633,47.45050048828125,31147
2026-10-01 13:57:00+00:00,47.459999084472656,47.49769973754883,47.459999084472656,47.476600646972656,23906
2026-10-01 13:58:00+00:00,47.47999954223633,47.51499938964844,47.470001220703125,47.505001068115234,57521
2026-10-01 13:59:00+00:00,47.5099983215332,47.53889846801758,47.49769973754883,47.52000045776367,27020
2026-10-01 14:00:00+00:00,47.52000045776367,47.53499984741211,47.41059875488281,47.41059875488281,89414
2026-10-01 14:01:00+00:00,47.40999984741211,47.40999984741211,47.36199951171875,47.3843994140625,72774
2026-10-01 14:02:00+00:00,47.39860153198242,47.410099029541016,47.32500076293945,47.38999938964844,84228
2026-10-01 14:03:00+00:00,47.38999938964844,47.46500015258789,47.38999938964844,47.39500045776367,72346
2026-10-01 14:04:00+00:00,47.42499923706055,47.43000030517578,47.345001220703125,47.349998474121094,35173
2026-10-01 14:05:00+00:00,47.349998474121094,47.37070083618164,47.28499984741211,47.359901428222656,78899
2026-10-01 14:06:00+00:00,47.380001068115234,47.41999816894531,47.35499954223633,47.39509963989258,37991
2026-10-01 14:07:00+00:00,47.415000915527344,47.47999954223633,47.415000915527344,47.46500015258789,31606
2026-10-01 14:08:00+00:00,47.459999084472656,47.54999923706055,47.459999084472656,47.498600006103516,151960
2026-10-01 14:09:00+00:00,47.494998931884766,47.58000183105469,47.47999954223633,47.58000183105469,54762
2026-10-01 14:10:00+00:00,47.58000183105469,47.584999084472656,47.525001525878906,47.529998779296875,76442
2026-10-01 14:11:00+00:00,47.53559875488281,47.53559875488281,47.455101013183594,47.46500015258789,23173
2026-10-01 14:12:00+00:00,47.46900177001953,47.489898681640625,47.435001373291016,47.439998626708984,48485
2026-10-01 14:13:00+00:00,47.43000030517578,47.467899322509766,47.404998779296875,47.43000030517578,71145
2026-10-01 14:14:00+00:00,47.41999816894531,47.43000030517578,47.369998931884766,47.43000030517578,68510
2026-10-01 14:15:00+00:00,47.439998626708984,47.47999954223633,47.43000030517578,47.46500015258789,41276
2026-10-01 14:16:00+00:00,47.459999084472656,47.5099983215332,47.439998626708984,47.47999954223633,23102
2026-10-01 14:17:00+00:00,47.47999954223633,47.58000183105469,47.46500015258789,47.564998626708984,34992
2026-10-01 14:18:00+00:00,47.58000183105469,47.58000183105469,47.53499984741211,47.540000915527344,19594
2026-10-01 14:19:00+00:00,47.54499816894531,47.581298828125,47.48189926147461,47.54499816894531,42236
2026-10-01 14:20:00+00:00,47.540000915527344,47.55500030517578,47.5099983215332,47.525001525878906,55907
2026-10-01 14:21:00+00:00,47.52000045776367,47.570098876953125,47.494998931884766,47.5,64216
2026-10-01 14:22:00+00:00,47.5,47.540000915527344,47.45500183105469,47.45500183105469,57324
2026-10-01 14:23:00+00:00,47.45289993286133,47.51070022583008,47.45000076293945,47.5099983215332,16039
2026-10-01 14:24:00+00:00,47.51139831542969,47.56999969482422,47.5099983215332,47.56999969482422,50957
2026-10-01 14:25:00+00:00,47.56999969482422,47.60499954223633,47.56010055541992,47.56999969482422,102371
2026-10-01 14:26:00+00:00,47.56869888305664,47.65999984741211,47.544898986816406,47.65999984741211,62705
2026-10-01 14:27:00+00:00,47.65999984741211,47.689998626708984,47.63990020751953,47.65999984741211,121292
2026-10-01 14:28:00+00:00,47.65340042114258,47.65340042114258,47.58000183105469,47.6150016784668,136974
2026-10-01 14:29:00+00:00,47.625,47.650001525878906,47.6150016784668,47.619998931884766,49286
2026-10-01 14:30:00+00:00,47.6150016784668,47.660099029541016,47.61000061035156,47.650001525878906,81293
2026-10-01 14:31:00+00:00,47.63999938964844,47.67499923706055,47.580101013183594,47.595001220703125,107794
2026-10-01 14:32:00+00:00,47.595001220703125,47.665000915527344,47.595001220703125,47.630001068115234,41190
2026-10-01 14:33:00+00:00,47.630001068115234,47.685001373291016,47.625,47.62950134277344,40249
2026-10-01 14:34:00+00:00,47.61000061035156,47.67499923706055,47.584999084472656,47.66999816894531,61250
2026-10-01 14:35:00+00:00,47.66999816894531,47.689998626708984,47.65999984741211,47.68000030517578,50756
2026-10-01 14:36:00+00:00,47.689998626708984,47.7400016784668,47.66999816894531,47.720001220703125,119975
2026-10-01 14:37:00+00:00,47.726200103759766,47.755001068115234,47.70000076293945,47.70000076293945,75989
2026-10-01 14:38:00+00:00,47.689998626708984,47.70000076293945,47.65010070800781,47.67900085449219,49026
2026-10-01 14:39:00+00:00,47.685001373291016,47.691200256347656,47.654998779296875,47.654998779296875,41288
2026-10-01 14:40:00+00:00,47.65999984741211,47.66999816894531,47.600101470947266,47.60499954223633,102923
2026-10-01 14:41:00+00:00,47.599998474121094,47.61000061035156,47.54999923706055,47.56999969482422,88382
2026-10-01 14:42:00+00:00,47.56999969482422,47.599998474121094,47.560001373291016,47.56999969482422,87087
2026-10-01 14:43:00+00:00,47.560001373291016,47.59239959716797,47.560001373291016,47.584999084472656,31652
2026-10-01 14:44:00+00:00,47.58000183105469,47.58000183105469,47.540000915527344,47.55500030517578,53428
2026-10-01 14:45:00+00:00,47.560001373291016,47.59000015258789,47.55500030517578,47.59000015258789,81630
2026-10-01 14:46:00+00:00,47.595001220703125,47.599998474121094,47.51499938964844,47.529998779296875,81681
2026-10-01 14:47:00+00:00,47.529998779296875,47.53499984741211,47.4807014465332,47.4807014465332,49371
2026-10-01 14:48:00+00:00,47.48500061035156,47.48500061035156,47.439998626708984,47.44499969482422,37289
2026-10-01 14:49:00+00:00,47.44499969482422,47.505001068115234,47.41999816894531,47.5,59354
2026-10-01 14:50:00+00:00,47.5,47.51499938964844,47.43000030517578,47.474998474121094,17581
2026-10-01 14:51:00+00:00,47.474998474121094,47.4900016784668,47.439998626708984,47.439998626708984,48949
2026-10-01 14:52:00+00:00,47.439998626708984,47.439998626708984,47.402000427246094,47.415000915527344,67255
2026-10-01 14:53:00+00:00,47.40999984741211,47.47999954223633,47.40999984741211,47.46989822387695,117232
2026-10-01 14:54:00+00:00,47.470001220703125,47.5099983215332,47.470001220703125,47.494998931884766,65748
2026-10-01 14:55:00+00:00,47.499900817871094,47.52989959716797,47.47999954223633,47.505001068115234,42000
2026-10-01 14:56:00+00:00,47.505001068115234,47.525001525878906,47.4901008605957,47.52000045776367,18094
2026-10-01 14:57:00+00:00,47.51499938964844,47.53499984741211,47.5005989074707,47.529998779296875,56646
2026-10-01 14:58:00+00:00,47.54499816894531,47.60499954223633,47.52000045776367,47.52000045776367,106458
2026-10-01 14:59:00+00:00,47.525001525878906,47.58000183105469,47.52000045776367,47.57500076293945,21514
2026-10-01 15:00:00+00:00,47.56999969482422,47.605098724365234,47.55500030517578,47.564998626708984,33545
2026-10-01 15:01:00+00:00,47.579898834228516,47.58000183105469,47.540000915527344,47.54759979248047,38076
2026-10-01 15:02:00+00:00,47.54759979248047,47.584999084472656,47.54759979248047,47.54999923706055,26318
2026-10-01 15:03:00+00:00,47.560001373291016,47.61000061035156,47.560001373291016,47.61000061035156,21175
2026-10-01 15:04:00+00:00,47.61000061035156,47.689998626708984,47.61000061035156,47.630001068115234,128751
2026-10-01 15:05:00+00:00,47.638999938964844,47.72999954223633,47.638999938964844,47.649898529052734,133016
2026-10-01 15:06:00+00:00,47.64899826049805,47.64899826049805,47.58000183105469,47.584999084472656,82846
2026-10-01 15:07:00+00:00,47.5890007019043,47.6150016784668,47.564998626708984,47.56999969482422,38868
2026-10-01 15:08:00+00:00,47.56999969482422,47.56999969482422,47.540000915527344,47.55009841918945,40812
2026-10-01 15:09:00+00:00,47.558998107910156,47.56549835205078,47.474998474121094,47.474998474121094,65358
2026-10-01 15:10:00+00:00,47.47999954223633,47.52000045776367,47.45000076293945,47.52000045776367,64558
2026-10-01 15:11:00+00:00,47.52899932861328,47.54999923706055,47.499000549316406,47.53499984741211,42979
2026-10-01 15:12:00+00:00,47.529998779296875,47.529998779296875,47.5,47.505001068115234,47660
2026-10-01 15:13:00+00:00,47.5099983215332,47.558998107910156,47.5099983215332,47.54999923706055,91694
2026-10-01 15:14:00+00:00,47.558998107910156,47.61000061035156,47.558998107910156,47.60329818725586,55080
2026-10-01 15:15:00+00:00,47.60900115966797,47.61989974975586,47.584999084472656,47.599998474121094,19753
2026-10-01 15:16:00+00:00,47.60499954223633,47.621498107910156,47.584999084472656,47.621498107910156,51433
2026-10-01 15:17:00+00:00,47.630001068115234,47.65999984741211,47.6150016784668,47.65999984741211,89496
2026-10-01 15:18:00+00:00,47.66999816894531,47.689998626708984,47.650001525878906,47.650001525878906,61233
2026-10-01 15:19:00+00:00,47.65999984741211,47.69900131225586,47.65999984741211,47.685001373291016,67600
2026-10-01 15:20:00+00:00,47.689998626708984,47.70000076293945,47.67499923706055,47.69499969482422,172397
2026-10-01 15:21:00+00:00,47.69499969482422,47.70000076293945,47.68000030517578,47.685001373291016,57160
2026-10-01 15:22:00+00:00,47.689998626708984,47.689998626708984,47.650001525878906,47.665000915527344,104332
2026-10-01 15:23:00+00:00,47.66999816894531,47.68000030517578,47.650001525878906,47.650001525878906,24658
2026-10-01 15:24:00+00:00,47.650001525878906,47.66999816894531,47.6349983215332,47.63999938964844,39482
2026-10-01 15:25:00+00:00,47.63999938964844,47.654998779296875,47.625999450683594,47.630001068115234,68937
2026-10-01 15:26:00+00:00,47.630001068115234,47.64500045776367,47.61009979248047,47.63999938964844,43693
2026-10-01 15:27:00+00:00,47.650001525878906,47.659000396728516,47.64500045776367,47.650001525878906,18781
2026-10-01 15:28:00+00:00,47.650001525878906,47.654998779296875,47.619998931884766,47.630001068115234,33445
2026-10-01 15:29:00+00:00,47.619998931884766,47.630001068115234,47.600101470947266,47.600101470947266,16913
2026-10-01 15:30:00+00:00,47.5989990234375,47.5989990234375,47.54499816894531,47.54499816894531,20175
2026-10-01 15:31:00+00:00,47.53499984741211,47.540000915527344,47.45000076293945,47.46500015258789,68570
2026-10-01 15:32:00+00:00,47.45000076293945,47.525001525878906,47.45000076293945,47.51499938964844,13404
2026-10-01 15:33:00+00:00,47.5,47.53499984741211,47.48500061035156,47.505001068115234,44301
2026-10-01 15:34:00+00:00,47.4900016784668,47.4900016784668,47.439998626708984,47.474998474121094,28820
2026-10-01 15:35:00+00:00,47.45500183105469,47.470001220703125,47.45500183105469,47.470001220703125,23475
2026-10-01 15:36:00+00:00,47.459999084472656,47.47999954223633,47.45000076293945,47.46500015258789,152987
2026-10-01 15:37:00+00:00,47.46989822387695,47.48500061035156,47.44499969482422,47.47999954223633,16453
2026-10-01 15:38:00+00:00,47.47999954223633,47.52000045776367,47.47999954223633,47.510101318359375,22455
2026-10-01 15:39:00+00:00,47.51499938964844,47.54999923706055,47.510101318359375,47.510101318359375,14934
2026-10-01 15:40:00+00:00,47.514198303222656,47.529998779296875,47.5099983215332,47.5099983215332,10698
2026-10-01 15:41:00+00:00,47.51499938964844,47.525001525878906,47.48500061035156,47.48500061035156,21650
2026-10-01 15:42:00+00:00,47.480098724365234,47.505001068115234,47.480098724365234,47.48500061035156,31449
2026-10-01 15:43:00+00:00,47.5,47.5,47.45000076293945,47.45000076293945,59017
2026-10-01 15:44:00+00:00,47.44499969482422,47.470001220703125,47.435001373291016,47.470001220703125,35089
2026-10-01 15:45:00+00:00,47.4724006652832,47.52000045776367,47.470001220703125,47.52000045776367,33153
2026-10-01 15:46:00+00:00,47.505001068115234,47.540000915527344,47.5,47.5,43619
2026-10-01 15:47:00+00:00,47.5,47.584999084472656,47.498600006103516,47.584999084472656,41152
2026-10-01 15:48:00+00:00,47.59000015258789,47.685001373291016,47.59000015258789,47.685001373291016,185969
2026-10-01 15:49:00+00:00,47.689998626708984,47.724998474121094,47.650001525878906,47.68000030517578,122455
2026-10-01 15:50:00+00:00,47.68000030517578,47.705299377441406,47.63999938964844,47.63999938964844,52052
2026-10-01 15:51:00+00:00,47.63999938964844,47.66999816894531,47.619998931884766,47.63999938964844,43887
2026-10-01 15:52:00+00:00,47.6349983215332,47.64929962158203,47.6072998046875,47.61000061035156,26472
2026-10-01 15:53:00+00:00,47.619998931884766,47.630001068115234,47.590301513671875,47.599998474121094,30883
2026-10-01 15:54:00+00:00,47.599998474121094,47.630001068115234,47.599998474121094,47.6150016784668,18713
2026-10-01 15:55:00+00:00,47.61000061035156,47.625,47.599998474121094,47.619998931884766,19843
2026-10-01 15:56:00+00:00,47.61000061035156,47.66999816894531,47.59230041503906,47.619998931884766,255408
2026-10-01 15:57:00+00:00,47.619998931884766,47.665000915527344,47.61009979248047,47.63999938964844,42758
2026-10-01 15:58:00+00:00,47.64500045776367,47.64500045776367,47.595001220703125,47.595001220703125,19932
2026-10-01 15:59:00+00:00,47.59510040283203,47.650001525878906,47.59510040283203,47.64500045776367,7368
2026-10-01 16:00:00+00:00,47.64500045776367,47.665000915527344,47.619998931884766,47.655601501464844,41344
2026-10-01 16:01:00+00:00,47.630001068115234,47.654998779296875,47.630001068115234,47.654998779296875,31443
2026-10-01 16:02:00+00:00,47.65950012207031,47.68989944458008,47.654998779296875,47.685001373291016,19408
2026-10-01 16:03:00+00:00,47.68000030517578,47.69499969482422,47.68000030517578,47.690101623535156,19367
2026-10-01 16:04:00+00:00,47.70000076293945,47.70000076293945,47.65999984741211,47.67580032348633,13898
2026-10-01 16:05:00+00:00,47.685001373291016,47.685001373291016,47.665000915527344,47.66999816894531,26675
2026-10-01 16:06:00+00:00,47.685001373291016,47.720001220703125,47.68000030517578,47.71500015258789,35620
2026-10-01 16:07:00+00:00,47.720001220703125,47.72999954223633,47.685001373291016,47.689998626708984,32740
2026-10-01 16:08:00+00:00,47.681400299072266,47.720001220703125,47.6713981628418,47.68000030517578,54191
2026-10-01 16:09:00+00:00,47.660099029541016,47.66999816894531,47.63010025024414,47.63999938964844,32242
2026-10-01 16:10:00+00:00,47.650001525878906,47.685001373291016,47.650001525878906,47.654998779296875,28386
2026-10-01 16:11:00+00:00,47.63850021362305,47.63850021362305,47.62229919433594,47.62229919433594,18488
2026-10-01 16:12:00+00:00,47.630001068115234,47.70500183105469,47.625,47.70500183105469,62003
2026-10-01 16:13:00+00:00,47.706298828125,47.724998474121094,47.68000030517578,47.68000030517578,63342
2026-10-01 16:14:00+00:00,47.68000030517578,47.72010040283203,47.66999816894531,47.72010040283203,30229
2026-10-01 16:15:00+00:00,47.73759841918945,47.790000915527344,47.72010040283203,47.7599983215332,112013
2026-10-01 16:16:00+00:00,47.7504997253418,47.76499938964844,47.73500061035156,47.73500061035156,40183
2026-10-01 16:17:00+00:00,47.7400016784668,47.769901275634766,47.720001220703125,47.75,19065
2026-10-01 16:18:00+00:00,47.75979995727539,47.75979995727539,47.71500015258789,47.72999954223633,35075
2026-10-01 16:19:00+00:00,47.720001220703125,47.77000045776367,47.71500015258789,47.74150085449219,33761
2026-10-01 16:20:00+00:00,47.75,47.75,47.720001220703125,47.74509811401367,6905
2026-10-01 16:21:00+00:00,47.744998931884766,47.749900817871094,47.72010040283203,47.724998474121094,22009
2026-10-01 16:22:00+00:00,47.724998474121094,47.7598991394043,47.724998474121094,47.7400016784668,207900
2026-10-01 16:23:00+00:00,47.73500061035156,47.7400016784668,47.69900131225586,47.72999954223633,62466
2026-10-01 16:24:00+00:00,47.72999954223633,47.77000045776367,47.724998474121094,47.744998931884766,151892
2026-10-01 16:25:00+00:00,47.744998931884766,47.76499938964844,47.73500061035156,47.76499938964844,82969
2026-10-01 16:26:00+00:00,47.76499938964844,47.77000045776367,47.73500061035156,47.73500061035156,123232
2026-10-01 16:27:00+00:00,47.724998474121094,47.724998474121094,47.70000076293945,47.70500183105469,28726
2026-10-01 16:28:00+00:00,47.70500183105469,47.70500183105469,47.68009948730469,47.689998626708984,20072
2026-10-01 16:29:00+00:00,47.689998626708984,47.720001220703125,47.689998626708984,47.720001220703125,14309
2026-10-01 16:30:00+00:00,47.720001220703125,47.7599983215332,47.71500015258789,47.73500061035156,46980
2026-10-01 16:31:00+00:00,47.744998931884766,47.775001525878906,47.744998931884766,47.775001525878906,53586
2026-10-01 16:32:00+00:00,47.778099060058594,47.79999923706055,47.775001525878906,47.79499816894531,35050
2026-10-01 16:33:00+00:00,47.79499816894531,47.84000015258789,47.79499816894531,47.834999084472656,147567
2026-10-01 16:34:00+00:00,47.834999084472656,47.849998474121094,47.814998626708984,47.834999084472656,118558
2026-10-01 16:35:00+00:00,47.834999084472656,47.91999816894531,47.83140182495117,47.915000915527344,122898
2026-10-01 16:36:00+00:00,47.917598724365234,47.917598724365234,47.845001220703125,47.845001220703125,103542
2026-10-01 16:37:00+00:00,47.834999084472656,47.84000015258789,47.73500061035156,47.745601654052734,59671
2026-10-01 16:38:00+00:00,47.7400016784668,47.7400016784668,47.67499923706055,47.689998626708984,71051
2026-10-01 16:39:00+00:00,47.689998626708984,47.712501525878906,47.665000915527344,47.66999816894531,38618
2026-10-01 16:40:00+00:00,47.68000030517578,47.720001220703125,47.66999816894531,47.66999816894531,32116
2026-10-01 16:41:00+00:00,47.66999816894531,47.70989990234375,47.66999816894531,47.679901123046875,20688
2026-10-01 16:42:00+00:00,47.67499923706055,47.689998626708984,47.65999984741211,47.689998626708984,26515
2026-10-01 16:43:00+00:00,47.689998626708984,47.749900817871094,47.689998626708984,47.73500061035156,53277
2026-10-01 16:44:00+00:00,47.7400016784668,47.75,47.72999954223633,47.744998931884766,33720
2026-10-01 16:45:00+00:00,47.75,47.7952995300293,47.75,47.778099060058594,70983
2026-10-01 16:46:00+00:00,47.77000045776367,47.77000045776367,47.7484016418457,47.76499938964844,24868
2026-10-01 16:47:00+00:00,47.76499938964844,47.76499938964844,47.744998931884766,47.7598991394043,28708
2026-10-01 16:48:00+00:00,47.7599983215332,47.77989959716797,47.709999084472656,47.709999084472656,44378
2026-10-01 16:49:00+00:00,47.709999084472656,47.724998474121094,47.689998626708984,47.70500183105469,34808
2026-10-01 16:50:00+00:00,47.685001373291016,47.70000076293945,47.665000915527344,47.67499923706055,39312
2026-10-01 16:51:00+00:00,47.66999816894531,47.67499923706055,47.650001525878906,47.66400146484375,17595
2026-10-01 16:52:00+00:00,47.65999984741211,47.685001373291016,47.63999938964844,47.685001373291016,10789
2026-10-01 16:53:00+00:00,47.689998626708984,47.69580078125,47.665000915527344,47.67499923706055,36982
2026-10-01 16:54:00+00:00,47.665000915527344,47.66510009765625,47.654998779296875,47.654998779296875,19497
2026-10-01 16:55:00+00:00,47.6599006652832,47.65999984741211,47.650001525878906,47.650001525878906,15887
2026-10-01 16:56:00+00:00,47.62369918823242,47.630001068115234,47.58330154418945,47.595001220703125,80139
2026-10-01 16:57:00+00:00,47.599998474121094,47.625301361083984,47.599998474121094,47.625,37825
2026-10-01 16:58:00+00:00,47.619998931884766,47.654998779296875,47.619998931884766,47.63610076904297,66342
2026-10-01 16:59:00+00:00,47.63999938964844,47.66999816894531,47.63999938964844,47.66450119018555,48340
2026-10-01 17:00:00+00:00,47.665000915527344,47.67829895019531,47.65439987182617,47.67829895019531,42974
2026-10-01 17:01:00+00:00,47.679901123046875,47.70000076293945,47.665000915527344,47.70000076293945,93599
2026-10-01 17:02:00+00:00,47.705101013183594,47.810001373291016,47.70500183105469,47.7781982421875,131713
2026-10-01 17:03:00+00:00,47.78499984741211,47.81999969482422,47.78499984741211,47.814998626708984,130785
2026-10-01 17:04:00+00:00,47.81869888305664,47.834999084472656,47.790000915527344,47.80500030517578,150096
2026-10-01 17:05:00+00:00,47.810001373291016,47.81589889526367,47.779998779296875,47.80500030517578,72410
2026-10-01 17:06:00+00:00,47.810001373291016,47.84000015258789,47.810001373291016,47.82500076293945,79846
2026-10-01 17:07:00+00:00,47.820098876953125,47.82500076293945,47.779998779296875,47.78499984741211,116917
2026-10-01 17:08:00+00:00,47.78499984741211,47.79999923706055,47.7599983215332,47.779998779296875,36818
2026-10-01 17:09:00+00:00,47.769901275634766,47.775001525878906,47.760101318359375,47.77000045776367,12437
2026-10-01 17:10:00+00:00,47.779998779296875,47.79499816894531,47.77000045776367,47.790000915527344,17889
2026-10-01 17:11:00+00:00,47.775001525878906,47.810001373291016,47.775001525878906,47.810001373291016,9540
2026-10-01 17:12:00+00:00,47.814998626708984,47.814998626708984,47.7599983215332,47.79999923706055,66043
2026-10-01 17:13:00+00:00,47.78499984741211,47.80500030517578,47.78499984741211,47.80009841918945,15156
2026-10-01 17:14:00+00:00,47.810001373291016,47.814998626708984,47.79499816894531,47.79999923706055,26380
2026-10-01 17:15:00+00:00,47.79999923706055,47.84000015258789,47.79999923706055,47.83000183105469,19300
2026-10-01 17:16:00+00:00,47.83000183105469,47.869998931884766,47.81999969482422,47.869998931884766,29802
2026-10-01 17:17:00+00:00,47.869998931884766,47.974998474121094,47.869998931884766,47.95000076293945,176073
2026-10-01 17:18:00+00:00,47.959999084472656,47.959999084472656,47.900001525878906,47.90999984741211,60223
2026-10-01 17:19:00+00:00,47.915000915527344,47.98500061035156,47.90999984741211,47.98500061035156,128078
2026-10-01 17:20:00+00:00,47.97999954223633,48.01620101928711,47.970001220703125,47.9900016784668,165375
2026-10-01 17:21:00+00:00,47.9900016784668,48.0099983215332,47.96500015258789,48.0,36902
2026-10-01 17:22:00+00:00,48.005001068115234,48.02000045776367,47.974998474121094,47.994998931884766,110832
2026-10-01 17:23:00+00:00,47.98500061035156,47.989898681640625,47.95000076293945,47.96500015258789,54002
2026-10-01 17:24:00+00:00,47.9650993347168,48.0,47.939998626708984,47.994998931884766,69420
2026-10-01 17:25:00+00:00,47.994998931884766,48.00899887084961,47.97610092163086,48.0,99806
2026-10-01 17:26:00+00:00,48.0099983215332,48.040000915527344,47.994998931884766,47.999900817871094,97968
2026-10-01 17:27:00+00:00,47.994998931884766,48.03499984741211,47.98500061035156,48.03499984741211,49969
2026-10-01 17:28:00+00:00,48.029998779296875,48.095001220703125,48.0099983215332,48.08000183105469,522381
2026-10-01 17:29:00+00:00,48.08000183105469,48.084999084472656,48.04999923706055,48.084999084472656,111122
2026-10-01 17:30:00+00:00,48.084999084472656,48.154998779296875,48.07500076293945,48.130001068115234,544780
2026-10-01 17:31:00+00:00,48.11000061035156,48.125,48.060001373291016,48.099998474121094,89116
2026-10-01 17:32:00+00:00,48.099998474121094,48.099998474121094,48.029998779296875,48.05500030517578,40390
2026-10-01 17:33:00+00:00,48.060001373291016,48.06990051269531,48.029998779296875,48.04999923706055,53713
2026-10-01 17:34:00+00:00,48.05009841918945,48.051998138427734,48.0098991394043,48.01499938964844,62244
2026-10-01 17:35:00+00:00,48.01499938964844,48.04499816894531,48.01499938964844,48.02000045776367,55231
2026-10-01 17:36:00+00:00,48.005001068115234,48.05699920654297,48.005001068115234,48.04999923706055,16256
2026-10-01 17:37:00+00:00,48.04999923706055,48.095001220703125,48.029998779296875,48.095001220703125,23406
2026-10-01 17:38:00+00:00,48.099998474121094,48.1349983215332,48.08000183105469,48.1349983215332,52532
2026-10-01 17:39:00+00:00,48.1349983215332,48.14500045776367,48.099998474121094,48.109901428222656,35726
2026-10-01 17:40:00+00:00,48.11000061035156,48.14569854736328,48.10499954223633,48.125,31189
2026-10-01 17:41:00+00:00,48.119998931884766,48.154998779296875,48.119998931884766,48.154998779296875,50628
2026-10-01 17:42:00+00:00,48.154998779296875,48.1599006652832,48.119998931884766,48.125,51041
2026-10-01 17:43:00+00:00,48.125,48.149898529052734,48.119998931884766,48.130001068115234,67948
2026-10-01 17:44:00+00:00,48.130001068115234,48.16999816894531,48.125,48.165000915527344,83343
2026-10-01 17:45:00+00:00,48.16999816894531,48.16999816894531,48.13999938964844,48.150001525878906,65223
2026-10-01 17:46:00+00:00,48.150001525878906,48.18000030517578,48.1349983215332,48.179901123046875,89870
2026-10-01 17:47:00+00:00,48.170101165771484,48.17499923706055,48.14500045776367,48.150001525878906,92225
2026-10-01 17:48:00+00:00,48.150001525878906,48.15999984741211,48.130001068115234,48.13999938964844,63891
2026-10-01 17:49:00+00:00,48.149898529052734,48.154998779296875,48.125,48.1349983215332,46050
2026-10-01 17:50:00+00:00,48.12969970703125,48.13999938964844,48.12009811401367,48.125,62432
2026-10-01 17:51:00+00:00,48.12990188598633,48.150001525878906,48.12919998168945,48.14500045776367,55409
2026-10-01 17:52:00+00:00,48.14500045776367,48.150001525878906,48.140098571777344,48.150001525878906,17135
2026-10-01 17:53:00+00:00,48.14739990234375,48.15999984741211,48.1349983215332,48.150001525878906,75421
2026-10-01 17:54:00+00:00,48.14500045776367,48.14500045776367,48.029998779296875,48.03990173339844,99974
2026-10-01 17:55:00+00:00,48.040000915527344,48.07500076293945,48.040000915527344,48.07500076293945,49704
2026-10-01 17:56:00+00:00,48.06999969482422,48.09000015258789,48.040000915527344,48.060001373291016,30863
2026-10-01 17:57:00+00:00,48.05500030517578,48.05500030517578,48.0,48.04349899291992,51018
2026-10-01 17:58:00+00:00,48.03499984741211,48.04499816894531,48.01499938964844,48.023399353027344,60643
2026-10-01 17:59:00+00:00,48.025001525878906,48.08000183105469,48.02289962768555,48.06999969482422,57784
2026-10-01 18:00:00+00:00,48.07120132446289,48.07500076293945,48.0,48.01499938964844,56328
2026-10-01 18:01:00+00:00,48.0099983215332,48.029998779296875,47.994998931884766,48.029998779296875,122098
2026-10-01 18:02:00+00:00,48.040000915527344,48.040000915527344,47.9901008605957,48.0,53258
2026-10-01 18:03:00+00:00,48.0,48.005001068115234,47.95500183105469,47.95500183105469,55680
2026-10-01 18:04:00+00:00,47.959999084472656,47.974998474121094,47.94499969482422,47.959999084472656,23834
2026-10-01 18:05:00+00:00,47.96500015258789,47.96500015258789,47.939998626708984,47.96500015258789,34057
2026-10-01 18:06:00+00:00,47.959999084472656,47.96500015258789,47.935001373291016,47.94499969482422,31727
2026-10-01 18:07:00+00:00,47.95000076293945,47.99129867553711,47.935001373291016,47.9900016784668,25341
2026-10-01 18:08:00+00:00,47.994998931884766,48.02000045776367,47.97999954223633,47.994998931884766,111279
2026-10-01 18:09:00+00:00,47.9900016784668,48.05739974975586,47.9900016784668,48.05569839477539,73621
2026-10-01 18:10:00+00:00,48.04999923706055,48.08000183105469,48.03499984741211,48.04010009765625,130211
2026-10-01 18:11:00+00:00,48.04999923706055,48.095001220703125,48.04499816894531,48.09000015258789,52487
2026-10-01 18:12:00+00:00,48.0880012512207,48.10499954223633,48.084999084472656,48.10499954223633,51089
2026-10-01 18:13:00+00:00,48.1067008972168,48.125,48.064998626708984,48.095001220703125,76107
2026-10-01 18:14:00+00:00,48.095001220703125,48.097599029541016,48.05500030517578,48.05500030517578,33404
2026-10-01 18:15:00+00:00,48.060001373291016,48.06999969482422,48.040000915527344,48.040000915527344,16226
2026-10-01 18:16:00+00:00,48.03499984741211,48.040000915527344,48.01499938964844,48.02000045776367,33701
2026-10-01 18:17:00+00:00,48.040000915527344,48.060001373291016,48.03499984741211,48.03499984741211,21609
2026-10-01 18:18:00+00:00,48.03010177612305,48.06850051879883,48.03010177612305,48.05500030517578,27962
2026-10-01 18:19:00+00:00,48.04999923706055,48.04999923706055,48.0099983215332,48.019901275634766,37970
2026-10-01 18:20:00+00:00,48.02000045776367,48.025001525878906,48.0099983215332,48.02000045776367,23195
2026-10-01 18:21:00+00:00,48.025001525878906,48.04499816894531,48.025001525878906,48.025001525878906,8294
2026-10-01 18:22:00+00:00,48.025001525878906,48.029998779296875,48.005001068115234,48.02690124511719,86719
2026-10-01 18:23:00+00:00,48.025001525878906,48.09000015258789,48.02000045776367,48.09000015258789,85146
2026-10-01 18:24:00+00:00,48.09000015258789,48.099998474121094,48.060001373291016,48.060001373291016,76686
2026-10-01 18:25:00+00:00,48.04999923706055,48.06990051269531,48.040000915527344,48.06990051269531,33286
2026-10-01 18:26:00+00:00,48.064998626708984,48.064998626708984,48.03499984741211,48.04679870605469,39550
2026-10-01 18:27:00+00:00,48.0432014465332,48.060001373291016,48.025001525878906,48.025001525878906,24815
2026-10-01 18:28:00+00:00,48.025001525878906,48.040000915527344,48.01499938964844,48.02000045776367,276208
2026-10-01 18:29:00+00:00,48.025001525878906,48.029998779296875,48.005001068115234,48.005001068115234,38913
2026-10-01 18:30:00+00:00,48.00619888305664,48.029998779296875,47.994998931884766,48.029998779296875,24972
2026-10-01 18:31:00+00:00,48.025001525878906,48.04499816894531,48.010101318359375,48.029998779296875,28092
2026-10-01 18:32:00+00:00,48.02000045776367,48.05500030517578,48.02000045776367,48.04999923706055,20200
2026-10-01 18:33:00+00:00,48.04499816894531,48.04560089111328,48.029998779296875,48.04560089111328,13967
2026-10-01 18:34:00+00:00,48.04999923706055,48.10530090332031,48.04499816894531,48.09989929199219,69222
2026-10-01 18:35:00+00:00,48.095001220703125,48.154998779296875,48.08409881591797,48.154998779296875,184544
2026-10-01 18:36:00+00:00,48.150001525878906,48.150001525878906,48.119998931884766,48.136600494384766,61021
2026-10-01 18:37:00+00:00,48.130001068115234,48.177101135253906,48.11000061035156,48.177101135253906,36312
2026-10-01 18:38:00+00:00,48.1786994934082,48.279998779296875,48.17499923706055,48.26499938964844,177159
2026-10-01 18:39:00+00:00,48.2577018737793,48.279998779296875,48.220001220703125,48.22560119628906,172985
2026-10-01 18:40:00+00:00,48.22669982910156,48.22669982910156,48.125,48.125,201299
2026-10-01 18:41:00+00:00,48.125,48.15999984741211,48.119998931884766,48.14500045776367,104343
2026-10-01 18:42:00+00:00,48.150001525878906,48.17499923706055,48.11000061035156,48.11009979248047,107438
2026-10-01 18:43:00+00:00,48.1150016784668,48.1150016784668,48.064998626708984,48.06999969482422,78662
2026-10-01 18:44:00+00:00,48.08000183105469,48.105098724365234,48.07229995727539,48.10499954223633,53520
2026-10-01 18:45:00+00:00,48.099998474121094,48.10499954223633,48.084999084472656,48.099998474121094,9563
2026-10-01 18:46:00+00:00,48.095001220703125,48.10499954223633,48.080101013183594,48.095001220703125,30570
2026-10-01 18:47:00+00:00,48.08000183105469,48.08000183105469,48.040000915527344,48.04999923706055,37666
2026-10-01 18:48:00+00:00,48.040000915527344,48.040000915527344,47.97999954223633,47.994998931884766,136817
2026-10-01 18:49:00+00:00,47.98500061035156,47.994998931884766,47.96009826660156,47.974998474121094,112939
2026-10-01 18:50:00+00:00,47.970001220703125,47.974998474121094,47.959999084472656,47.974998474121094,21977
2026-10-01 18:51:00+00:00,47.97529983520508,47.97529983520508,47.95009994506836,47.96500015258789,23940
2026-10-01 18:52:00+00:00,47.9724006652832,47.97380065917969,47.931400299072266,47.940101623535156,40881
2026-10-01 18:53:00+00:00,47.95000076293945,47.999900817871094,47.94499969482422,47.999900817871094,437286
2026-10-01 18:54:00+00:00,47.999900817871094,48.0,47.98500061035156,48.0,58237
2026-10-01 18:55:00+00:00,48.0,48.0099983215332,47.9900016784668,48.005001068115234,90000
2026-10-01 18:56:00+00:00,48.005001068115234,48.019901275634766,48.0,48.007598876953125,35909
2026-10-01 18:57:00+00:00,48.0099983215332,48.027198791503906,48.0,48.027198791503906,26399
2026-10-01 18:58:00+00:00,48.02180099487305,48.025001525878906,48.012901306152344,48.025001525878906,33497
2026-10-01 18:59:00+00:00,48.025001525878906,48.029998779296875,48.0099983215332,48.01499938964844,54626
2026-10-01 19:00:00+00:00,48.01499938964844,48.02510070800781,48.005001068115234,48.02000045776367,46582
2026-10-01 19:01:00+00:00,48.025001525878906,48.025001525878906,47.97999954223633,47.97999954223633,75969
2026-10-01 19:02:00+00:00,47.97999954223633,47.98500061035156,47.97010040283203,47.98500061035156,13791
2026-10-01 19:03:00+00:00,47.98500061035156,47.994998931884766,47.959999084472656,47.9900016784668,29642
2026-10-01 19:04:00+00:00,48.0,48.02000045776367,48.0,48.01499938964844,11441
2026-10-01 19:05:00+00:00,48.0099983215332,48.01499938964844,48.005001068115234,48.0099983215332,14545
2026-10-01 19:06:00+00:00,48.0099983215332,48.02000045776367,47.994998931884766,48.0099983215332,93504
2026-10-01 19:07:00+00:00,48.0099983215332,48.040000915527344,48.0099983215332,48.025001525878906,8199
2026-10-01 19:08:00+00:00,48.01499938964844,48.04990005493164,48.0099983215332,48.04499816894531,13971
2026-10-01 19:09:00+00:00,48.04990005493164,48.05500030517578,48.04990005493164,48.05500030517578,5372
2026-10-01 19:10:00+00:00,48.060001373291016,48.06999969482422,48.05500030517578,48.05500030517578,16666
2026-10-01 19:11:00+00:00,48.05500030517578,48.05500030517578,48.0099983215332,48.01499938964844,27693
2026-10-01 19:12:00+00:00,48.019901275634766,48.02000045776367,47.9901008605957,48.005001068115234,41798
2026-10-01 19:13:00+00:00,48.005001068115234,48.02000045776367,48.000099182128906,48.02000045776367,11638
2026-10-01 19:14:00+00:00,48.02539825439453,48.02539825439453,48.0,48.005001068115234,25529
2026-10-01 19:15:00+00:00,48.0099983215332,48.029998779296875,48.005001068115234,48.029998779296875,27128
2026-10-01 19:16:00+00:00,48.02510070800781,48.02510070800781,48.0099983215332,48.01499938964844,13468
2026-10-01 19:17:00+00:00,48.02000045776367,48.029998779296875,48.0,48.0,31672
2026-10-01 19:18:00+00:00,47.98500061035156,48.0,47.98500061035156,48.0,18416
2026-10-01 19:19:00+00:00,47.99980163574219,48.01499938964844,47.99980163574219,48.005001068115234,7247
2026-10-01 19:20:00+00:00,48.0,48.0,47.970001220703125,47.97990036010742,176878
2026-10-01 19:21:00+00:00,47.970001220703125,47.98500061035156,47.95500183105469,47.977699279785156,17742
2026-10-01 19:22:00+00:00,47.96500015258789,47.96500015258789,47.91999816894531,47.92879867553711,70523
2026-10-01 19:23:00+00:00,47.91999816894531,47.92499923706055,47.90010070800781,47.904998779296875,146436
2026-10-01 19:24:00+00:00,47.904998779296875,47.91999816894531,47.88999938964844,47.904998779296875,352972
2026-10-01 19:25:00+00:00,47.90999984741211,47.95000076293945,47.9099006652832,47.939998626708984,47220
2026-10-01 19:26:00+00:00,47.939998626708984,47.95500183105469,47.935001373291016,47.939998626708984,10946
2026-10-01 19:27:00+00:00,47.935001373291016,47.935001373291016,47.900001525878906,47.900001525878906,10774
2026-10-01 19:28:00+00:00,47.900001525878906,47.92499923706055,47.900001525878906,47.91999816894531,43458
2026-10-01 19:29:00+00:00,47.915000915527344,47.91999816894531,47.893699645996094,47.900001525878906,20206
2026-10-01 19:30:00+00:00,47.900001525878906,47.93000030517578,47.88999938964844,47.92499923706055,255591
2026-10-01 19:31:00+00:00,47.93000030517578,47.97999954223633,47.93000030517578,47.96500015258789,99003
2026-10-01 19:32:00+00:00,47.96500015258789,47.9900016784668,47.96500015258789,47.9900016784668,76151
2026-10-01 19:33:00+00:00,47.9900016784668,48.0,47.97999954223633,47.97999954223633,98262
2026-10-01 19:34:00+00:00,47.98500061035156,47.994998931884766,47.95500183105469,47.974998474121094,89011
2026-10-01 19:35:00+00:00,47.97999954223633,47.97999954223633,47.95000076293945,47.96500015258789,84544
2026-10-01 19:36:00+00:00,47.96989822387695,47.970001220703125,47.915000915527344,47.915000915527344,129560
2026-10-01 19:37:00+00:00,47.91999816894531,47.92499923706055,47.90330123901367,47.914798736572266,18327
2026-10-01 19:38:00+00:00,47.915000915527344,47.92499923706055,47.90999984741211,47.91379928588867,26683
2026-10-01 19:39:00+00:00,47.91619873046875,47.93000030517578,47.915000915527344,47.92499923706055,11622
2026-10-01 19:40:00+00:00,47.91999816894531,47.9359016418457,47.90999984741211,47.935001373291016,14491
2026-10-01 19:41:00+00:00,47.939998626708984,47.96500015258789,47.939998626708984,47.939998626708984,37928
2026-10-01 19:42:00+00:00,47.94499969482422,47.94499969482422,47.92499923706055,47.93000030517578,15968
2026-10-01 19:43:00+00:00,47.929901123046875,47.935001373291016,47.915000915527344,47.935001373291016,17923
2026-10-01 19:44:00+00:00,47.93000030517578,47.93989944458008,47.915000915527344,47.92499923706055,47470
2026-10-01 19:45:00+00:00,47.91999816894531,47.93000030517578,47.91130065917969,47.9213981628418,31448
2026-10-01 19:46:00+00:00,47.920101165771484,47.939998626708984,47.910099029541016,47.939998626708984,27788
2026-10-01 19:47:00+00:00,47.935001373291016,47.935001373291016,47.915000915527344,47.91999816894531,35403
2026-10-01 19:48:00+00:00,47.915000915527344,47.91999816894531,47.8849983215332,47.8849983215332,88265
2026-10-01 19:49:00+00:00,47.88999938964844,47.90999984741211,47.880001068115234,47.893001556396484,76037
2026-10-01 19:50:00+00:00,47.900001525878906,47.939998626708984,47.900001525878906,47.939998626708984,111368
2026-10-01 19:51:00+00:00,47.935001373291016,47.959999084472656,47.935001373291016,47.95000076293945,55516
2026-10-01 19:52:00+00:00,47.94029998779297,47.959999084472656,47.93000030517578,47.95000076293945,63935
2026-10-01 19:53:00+00:00,47.95000076293945,47.95000076293945,47.93000030517578,47.94499969482422,88690
2026-10-01 19:54:00+00:00,47.94499969482422,47.95500183105469,47.915000915527344,47.93000030517578,74158
2026-10-01 19:55:00+00:00,47.90999984741211,47.91999816894531,47.880001068115234,47.89500045776367,113735
2026-10-01 19:56:00+00:00,47.89500045776367,47.91999816894531,47.89500045776367,47.91389846801758,154867
2026-10-01 19:57:00+00:00,47.91529846191406,47.935298919677734,47.915000915527344,47.92499923706055,76606
2026-10-01 19:58:00+00:00,47.92499923706055,47.95500183105469,47.91999816894531,47.95500183105469,206135
2026-10-01 19:59:00+00:00,47.95000076293945,47.959999084472656,47.93000030517578,47.935001373291016,441972
2026-10-02 13:30:00+00:00,49.040000915527344,49.09000015258789,49.02009963989258,49.09000015258789,7102615
2026-10-02 13:31:00+00:00,49.095001220703125,49.16999816894531,49.070098876953125,49.16999816894531,248764
2026-10-02 13:32:00+00:00,49.165000915527344,49.218299865722656,49.165000915527344,49.185001373291016,357477
2026-10-02 13:33:00+00:00,49.18989944458008,49.21500015258789,49.16999816894531,49.18989944458008,254249
2026-10-02 13:34:00+00:00,49.189998626708984,49.25,49.165000915527344,49.22999954223633,505774
2026-10-02 13:35:00+00:00,49.23500061035156,49.33000183105469,49.23500061035156,49.27299880981445,542396
2026-10-02 13:36:00+00:00,49.275001525878906,49.349998474121094,49.26499938964844,49.345001220703125,358215
2026-10-02 13:37:00+00:00,49.34000015258789,49.38999938964844,49.314998626708984,49.314998626708984,434718
2026-10-02 13:38:00+00:00,49.31779861450195,49.38999938964844,49.25,49.28499984741211,540700
2026-10-02 13:39:00+00:00,49.28499984741211,49.369998931884766,49.27320098876953,49.34000015258789,223780
2026-10-02 13:40:00+00:00,49.347599029541016,49.3650016784668,49.314998626708984,49.32500076293945,282383
2026-10-02 13:41:00+00:00,49.32500076293945,49.32500076293945,49.2400016784668,49.26499938964844,292606
2026-10-02 13:42:00+00:00,49.2599983215332,49.26499938964844,49.19499969482422,49.206298828125,239693
2026-10-02 13:43:00+00:00,49.20000076293945,49.279998779296875,49.189998626708984,49.224998474121094,216446
2026-10-02 13:44:00+00:00,49.220001220703125,49.2599983215332,49.20000076293945,49.230098724365234,177204
2026-10-02 13:45:00+00:00,49.2400016784668,49.28499984741211,49.23500061035156,49.278499603271484,99904
2026-10-02 13:46:00+00:00,49.275001525878906,49.29999923706055,49.224998474121094,49.25600051879883,265584
2026-10-02 13:47:00+00:00,49.255001068115234,49.27989959716797,49.23500061035156,49.2599983215332,95173
2026-10-02 13:48:00+00:00,49.25749969482422,49.25749969482422,49.119998931884766,49.20000076293945,489244
2026-10-02 13:49:00+00:00,49.20000076293945,49.255001068115234,49.20000076293945,49.20500183105469,183642
2026-10-02 13:50:00+00:00,49.21500015258789,49.21500015258789,49.099998474121094,49.130001068115234,284165
2026-10-02 13:51:00+00:00,49.12730026245117,49.130001068115234,49.064998626708984,49.08000183105469,206967
2026-10-02 13:52:00+00:00,49.07500076293945,49.13999938964844,49.06999969482422,49.130001068115234,184350
2026-10-02 13:53:00+00:00,49.1349983215332,49.17539978027344,49.1150016784668,49.17499923706055,85882
2026-10-02 13:54:00+00:00,49.17499923706055,49.188499450683594,49.09000015258789,49.099998474121094,223963
2026-10-02 13:55:00+00:00,49.09000015258789,49.119998931884766,49.055999755859375,49.1150016784668,141522
2026-10-02 13:56:00+00:00,49.119998931884766,49.14500045776367,49.060001373291016,49.064998626708984,95837
2026-10-02 13:57:00+00:00,49.04999923706055,49.08000183105469,48.970001220703125,49.040000915527344,284064
2026-10-02 13:58:00+00:00,49.03499984741211,49.08000183105469,49.0,49.07500076293945,115745
2026-10-02 13:59:00+00:00,49.06999969482422,49.089698791503906,49.025001525878906,49.029998779296875,175911
2026-10-02 14:00:00+00:00,49.029998779296875,49.04499816894531,48.9900016784668,49.04499816894531,358455
2026-10-02 14:01:00+00:00,49.029998779296875,49.069801330566406,48.97999954223633,49.069801330566406,156582
2026-10-02 14:02:00+00:00,49.06990051269531,49.130001068115234,49.05500030517578,49.10150146484375,129162
2026-10-02 14:03:00+00:00,49.10969924926758,49.150001525878906,49.084999084472656,49.1150016784668,154521
2026-10-02 14:04:00+00:00,49.11600112915039,49.19499969482422,49.11000061035156,49.189998626708984,205528
2026-10-02 14:05:00+00:00,49.189998626708984,49.20790100097656,49.13999938964844,49.13999938964844,141205
2026-10-02 14:06:00+00:00,49.13999938964844,49.150001525878906,49.06999969482422,49.07500076293945,136333
2026-10-02 14:07:00+00:00,49.07500076293945,49.08000183105469,48.994998931884766,49.0,107154
2026-10-02 14:08:00+00:00,48.9900016784668,49.02949905395508,48.970001220703125,49.02949905395508,116718
2026-10-02 14:09:00+00:00,49.029998779296875,49.07500076293945,49.02000045776367,49.02000045776367,70988
2026-10-02 14:10:00+00:00,49.01499938964844,49.029998779296875,48.939998626708984,48.95000076293945,179901
2026-10-02 14:11:00+00:00,48.95500183105469,48.970001220703125,48.880001068115234,48.90129852294922,177914
2026-10-02 14:12:00+00:00,48.900001525878906,48.96500015258789,48.89500045776367,48.935001373291016,74919
2026-10-02 14:13:00+00:00,48.935001373291016,48.959999084472656,48.93000030517578,48.94499969482422,51116
2026-10-02 14:14:00+00:00,48.939998626708984,48.959999084472656,48.900001525878906,48.900001525878906,64853
2026-10-02 14:15:00+00:00,48.90330123901367,48.90999984741211,48.849998474121094,48.8650016784668,111987
2026-10-02 14:16:00+00:00,48.86159896850586,48.900001525878906,48.834999084472656,48.88999938964844,168793
2026-10-02 14:17:00+00:00,48.890098571777344,48.939998626708984,48.88999938964844,48.93989944458008,50719
2026-10-02 14:18:00+00:00,48.95500183105469,49.04560089111328,48.95500183105469,48.977500915527344,246127
2026-10-02 14:19:00+00:00,48.974998474121094,49.040000915527344,48.974998474121094,49.025001525878906,121142
2026-10-02 14:20:00+00:00,49.026100158691406,49.04499816894531,48.99789810180664,49.03499984741211,90328
2026-10-02 14:21:00+00:00,49.03499984741211,49.099998474121094,49.02000045776367,49.084999084472656,97744
2026-10-02 14:22:00+00:00,49.08000183105469,49.08000183105469,49.0,49.04499816894531,105956
2026-10-02 14:23:00+00:00,49.040000915527344,49.04499816894531,49.0,49.03010177612305,128029
2026-10-02 14:24:00+00:00,49.029998779296875,49.060001373291016,49.0099983215332,49.0099983215332,85998
2026-10-02 14:25:00+00:00,49.005001068115234,49.01499938964844,48.93000030517578,48.93009948730469,88807
2026-10-02 14:26:00+00:00,48.93000030517578,48.93000030517578,48.88999938964844,48.904998779296875,77647
2026-10-02 14:27:00+00:00,48.880001068115234,48.915000915527344,48.80509948730469,48.80509948730469,70126
2026-10-02 14:28:00+00:00,48.810001373291016,48.84000015258789,48.79499816894531,48.827598571777344,88145
2026-10-02 14:29:00+00:00,48.829898834228516,48.829898834228516,48.744998931884766,48.75,134548
2026-10-02 14:30:00+00:00,48.74509811401367,48.755001068115234,48.70389938354492,48.7400016784668,152156
2026-10-02 14:31:00+00:00,48.7400016784668,48.779998779296875,48.724998474121094,48.7400016784668,91519
2026-10-02 14:32:00+00:00,48.744998931884766,48.79499816894531,48.70000076293945,48.755001068115234,228403
2026-10-02 14:33:00+00:00,48.7599983215332,48.76499938964844,48.68000030517578,48.720001220703125,205859
2026-10-02 14:34:00+00:00,48.724998474121094,48.724998474121094,48.529998779296875,48.59130096435547,523389
2026-10-02 14:35:00+00:00,48.59000015258789,48.689998626708984,48.584999084472656,48.6786003112793,200940
2026-10-02 14:36:00+00:00,48.66999816894531,48.69499969482422,48.630001068115234,48.689998626708984,118836
2026-10-02 14:37:00+00:00,48.689998626708984,48.689998626708984,48.57500076293945,48.584999084472656,106811
2026-10-02 14:38:00+00:00,48.59000015258789,48.685001373291016,48.584999084472656,48.665000915527344,94022
2026-10-02 14:39:00+00:00,48.66999816894531,48.708499908447266,48.665000915527344,48.70000076293945,59220
2026-10-02 14:40:00+00:00,48.70500183105469,48.70500183105469,48.66999816894531,48.70000076293945,67567
2026-10-02 14:41:00+00:00,48.689998626708984,48.717498779296875,48.65999984741211,48.71009826660156,41687
2026-10-02 14:42:00+00:00,48.709999084472656,48.73849868774414,48.70000076293945,48.70989990234375,66398
2026-10-02 14:43:00+00:00,48.70000076293945,48.71760177612305,48.685001373291016,48.70000076293945,79427
2026-10-02 14:44:00+00:00,48.689998626708984,48.69499969482422,48.6349983215332,48.66999816894531,75709
2026-10-02 14:45:00+00:00,48.66999816894531,48.685001373291016,48.625,48.630001068115234,716202
2026-10-02 14:46:00+00:00,48.63999938964844,48.68149948120117,48.63999938964844,48.67499923706055,54039
2026-10-02 14:47:00+00:00,48.66999816894531,48.72999954223633,48.665000915527344,48.720001220703125,35235
2026-10-02 14:48:00+00:00,48.720001220703125,48.739898681640625,48.70500183105469,48.73500061035156,46933
2026-10-02 14:49:00+00:00,48.72999954223633,48.72999954223633,48.685001373291016,48.689998626708984,31622
2026-10-02 14:50:00+00:00,48.69499969482422,48.69499969482422,48.64500045776367,48.65999984741211,80389
2026-10-02 14:51:00+00:00,48.650001525878906,48.65019989013672,48.61000061035156,48.619998931884766,63006
2026-10-02 14:52:00+00:00,48.619998931884766,48.619998931884766,48.529998779296875,48.589900970458984,93614
2026-10-02 14:53:00+00:00,48.59000015258789,48.61000061035156,48.54499816894531,48.54999923706055,47981
2026-10-02 14:54:00+00:00,48.55500030517578,48.559898376464844,48.415000915527344,48.415000915527344,437486
2026-10-02 14:55:00+00:00,48.417701721191406,48.47999954223633,48.3400993347168,48.47999954223633,270046
2026-10-02 14:56:00+00:00,48.470001220703125,48.51499938964844,48.41999816894531,48.51499938964844,159948
2026-10-02 14:57:00+00:00,48.5099983215332,48.540000915527344,48.505001068115234,48.53499984741211,63437
2026-10-02 14:58:00+00:00,48.529998779296875,48.540000915527344,48.505001068115234,48.505001068115234,100524
2026-10-02 14:59:00+00:00,48.5099983215332,48.529998779296875,48.4900016784668,48.52000045776367,124925
2026-10-02 15:00:00+00:00,48.525001525878906,48.5614013671875,48.51499938964844,48.51499938964844,88982
2026-10-02 15:01:00+00:00,48.51599884033203,48.529998779296875,48.494998931884766,48.52389907836914,50143
2026-10-02 15:02:00+00:00,48.52000045776367,48.53499984741211,48.459999084472656,48.470001220703125,81255
2026-10-02 15:03:00+00:00,48.46500015258789,48.4900016784668,48.435001373291016,48.459999084472656,80280
2026-10-02 15:04:00+00:00,48.46500015258789,48.47949981689453,48.43009948730469,48.45000076293945,42823
2026-10-02 15:05:00+00:00,48.45000076293945,48.459999084472656,48.369998931884766,48.380001068115234,143014
2026-10-02 15:06:00+00:00,48.369998931884766,48.400001525878906,48.36009979248047,48.400001525878906,175633
2026-10-02 15:07:00+00:00,48.400001525878906,48.40999984741211,48.314998626708984,48.320098876953125,312602
2026-10-02 15:08:00+00:00,48.33000183105469,48.42499923706055,48.310001373291016,48.41999816894531,191306
2026-10-02 15:09:00+00:00,48.415000915527344,48.45000076293945,48.3849983215332,48.43830108642578,203166
2026-10-02 15:10:00+00:00,48.43009948730469,48.47999954223633,48.41999816894531,48.46500015258789,151281
2026-10-02 15:11:00+00:00,48.459999084472656,48.48500061035156,48.41999816894531,48.44499969482422,64934
2026-10-02 15:12:00+00:00,48.45500183105469,48.470001220703125,48.400001525878906,48.40999984741211,88693
2026-10-02 15:13:00+00:00,48.40999984741211,48.459999084472656,48.39500045776367,48.459999084472656,44734
2026-10-02 15:14:00+00:00,48.46500015258789,48.4900016784668,48.46500015258789,48.4900016784668,26829
2026-10-02 15:15:00+00:00,48.48500061035156,48.525001525878906,48.439998626708984,48.439998626708984,93471
2026-10-02 15:16:00+00:00,48.435001373291016,48.439998626708984,48.3849983215332,48.3849983215332,99050
2026-10-02 15:17:00+00:00,48.3849983215332,48.4364013671875,48.3849983215332,48.41999816894531,62777
2026-10-02 15:18:00+00:00,48.43000030517578,48.476200103759766,48.43000030517578,48.474998474121094,43940
2026-10-02 15:19:00+00:00,48.470001220703125,48.48720169067383,48.43000030517578,48.435001373291016,127201
2026-10-02 15:20:00+00:00,48.43000030517578,48.459999084472656,48.415000915527344,48.42499923706055,71456
2026-10-02 15:21:00+00:00,48.41999816894531,48.45500183105469,48.41999816894531,48.43000030517578,48485
2026-10-02 15:22:00+00:00,48.431800842285156,48.45000076293945,48.404998779296875,48.4099006652832,29122
2026-10-02 15:23:00+00:00,48.40290069580078,48.4197998046875,48.38999938964844,48.39500045776367,68379
2026-10-02 15:24:00+00:00,48.404998779296875,48.404998779296875,48.310001373291016,48.33000183105469,76314
2026-10-02 15:25:00+00:00,48.334999084472656,48.34000015258789,48.279998779296875,48.32500076293945,144251
2026-10-02 15:26:00+00:00,48.32500076293945,48.400001525878906,48.31999969482422,48.400001525878906,179301
2026-10-02 15:27:00+00:00,48.40999984741211,48.44499969482422,48.40999984741211,48.42499923706055,30275
2026-10-02 15:28:00+00:00,48.43000030517578,48.44499969482422,48.42499923706055,48.42499923706055,49756
2026-10-02 15:29:00+00:00,48.40999984741211,48.429901123046875,48.37200164794922,48.400001525878906,44440
2026-10-02 15:30:00+00:00,48.38999938964844,48.439998626708984,48.38999938964844,48.39500045776367,136453
2026-10-02 15:31:00+00:00,48.39500045776367,48.43000030517578,48.3849983215332,48.400001525878906,39340
2026-10-02 15:32:00+00:00,48.39500045776367,48.40999984741211,48.35580062866211,48.3849983215332,51227
2026-10-02 15:33:00+00:00,48.3849983215332,48.429100036621094,48.3650016784668,48.415000915527344,35363
2026-10-02 15:34:00+00:00,48.40999984741211,48.41999816894531,48.35499954223633,48.3650016784668,48011
2026-10-02 15:35:00+00:00,48.3650016784668,48.43000030517578,48.349998474121094,48.404998779296875,75639
2026-10-02 15:36:00+00:00,48.40999984741211,48.40999984741211,48.375,48.39500045776367,70409
2026-10-02 15:37:00+00:00,48.400001525878906,48.41999816894531,48.349998474121094,48.36000061035156,47237
2026-10-02 15:38:00+00:00,48.35499954223633,48.380001068115234,48.334999084472656,48.375,42836
2026-10-02 15:39:00+00:00,48.369998931884766,48.375,48.34159851074219,48.369998931884766,58875
2026-10-02 15:40:00+00:00,48.35580062866211,48.359901428222656,48.31999969482422,48.330101013183594,49472
2026-10-02 15:41:00+00:00,48.320098876953125,48.33000183105469,48.29499816894531,48.33000183105469,36214
2026-10-02 15:42:00+00:00,48.329898834228516,48.375,48.310001373291016,48.375,29126
2026-10-02 15:43:00+00:00,48.375,48.380001068115234,48.30500030517578,48.30500030517578,20801
2026-10-02 15:44:00+00:00,48.310001373291016,48.32780075073242,48.29010009765625,48.316200256347656,51889
2026-10-02 15:45:00+00:00,48.314998626708984,48.33000183105469,48.29309844970703,48.29999923706055,63158
2026-10-02 15:46:00+00:00,48.303001403808594,48.314998626708984,48.275001525878906,48.30500030517578,47170
2026-10-02 15:47:00+00:00,48.30009841918945,48.334999084472656,48.30009841918945,48.31999969482422,28964
2026-10-02 15:48:00+00:00,48.33000183105469,48.387699127197266,48.32500076293945,48.36000061035156,61221
2026-10-02 15:49:00+00:00,48.345001220703125,48.349998474121094,48.31999969482422,48.34000015258789,42447
2026-10-02 15:50:00+00:00,48.349998474121094,48.375,48.319698333740234,48.33000183105469,20823
2026-10-02 15:51:00+00:00,48.330101013183594,48.380001068115234,48.33000183105469,48.35499954223633,32751
2026-10-02 15:52:00+00:00,48.35499954223633,48.35499954223633,48.29010009765625,48.300899505615234,56195
2026-10-02 15:53:00+00:00,48.30759811401367,48.33000183105469,48.28499984741211,48.28499984741211,51205
2026-10-02 15:54:00+00:00,48.28499984741211,48.31919860839844,48.25,48.260101318359375,79972
2026-10-02 15:55:00+00:00,48.2599983215332,48.2599983215332,48.209999084472656,48.24330139160156,80101
2026-10-02 15:56:00+00:00,48.244998931884766,48.29010009765625,48.244998931884766,48.279998779296875,95436
2026-10-02 15:57:00+00:00,48.279998779296875,48.29999923706055,48.275001525878906,48.279998779296875,40374
2026-10-02 15:58:00+00:00,48.28499984741211,48.29999923706055,48.279998779296875,48.290000915527344,46680
2026-10-02 15:59:00+00:00,48.28620147705078,48.314998626708984,48.279998779296875,48.314998626708984,39685
2026-10-02 16:00:00+00:00,48.314998626708984,48.34410095214844,48.29999923706055,48.31999969482422,39271
2026-10-02 16:01:00+00:00,48.334999084472656,48.400001525878906,48.33000183105469,48.39500045776367,156698
2026-10-02 16:02:00+00:00,48.400001525878906,48.419898986816406,48.375,48.377498626708984,148555
2026-10-02 16:03:00+00:00,48.39550018310547,48.39550018310547,48.350101470947266,48.36840057373047,48078
2026-10-02 16:04:00+00:00,48.36000061035156,48.404998779296875,48.349998474121094,48.404998779296875,118638
2026-10-02 16:05:00+00:00,48.40999984741211,48.41019821166992,48.349998474121094,48.349998474121094,33585
2026-10-02 16:06:00+00:00,48.35100173950195,48.37009811401367,48.29499816894531,48.30500030517578,149206
2026-10-02 16:07:00+00:00,48.314998626708984,48.33000183105469,48.26499938964844,48.27000045776367,131041
2026-10-02 16:08:00+00:00,48.2599983215332,48.310001373291016,48.244998931884766,48.29499816894531,149717
2026-10-02 16:09:00+00:00,48.290000915527344,48.29990005493164,48.2599983215332,48.279998779296875,76827
2026-10-02 16:10:00+00:00,48.28120040893555,48.29999923706055,48.224998474121094,48.2400016784668,141025
2026-10-02 16:11:00+00:00,48.22999954223633,48.25120162963867,48.19499969482422,48.20000076293945,154543
2026-10-02 16:12:00+00:00,48.20000076293945,48.22999954223633,48.189998626708984,48.20000076293945,131413
2026-10-02 16:13:00+00:00,48.19150161743164,48.27000045776367,48.189998626708984,48.220001220703125,140596
2026-10-02 16:14:00+00:00,48.220001220703125,48.2599983215332,48.211299896240234,48.244998931884766,109721
2026-10-02 16:15:00+00:00,48.2400016784668,48.27009963989258,48.22010040283203,48.27000045776367,100004
2026-10-02 16:16:00+00:00,48.26139831542969,48.290000915527344,48.244998931884766,48.28499984741211,76768
2026-10-02 16:17:00+00:00,48.29499816894531,48.310001373291016,48.275001525878906,48.29499816894531,91903
2026-10-02 16:18:00+00:00,48.290000915527344,48.329898834228516,48.290000915527344,48.29499816894531,39522
2026-10-02 16:19:00+00:00,48.29999923706055,48.31999969482422,48.29309844970703,48.30500030517578,56771
2026-10-02 16:20:00+00:00,48.30500030517578,48.307701110839844,48.279998779296875,48.30500030517578,43606
2026-10-02 16:21:00+00:00,48.30009841918945,48.310001373291016,48.27000045776367,48.29499816894531,62756
2026-10-02 16:22:00+00:00,48.29899978637695,48.30500030517578,48.244998931884766,48.27000045776367,43993
2026-10-02 16:23:00+00:00,48.2599983215332,48.2599983215332,48.21500015258789,48.220001220703125,70611
2026-10-02 16:24:00+00:00,48.224998474121094,48.2400016784668,48.189998626708984,48.209999084472656,42420
2026-10-02 16:25:00+00:00,48.220001220703125,48.244998931884766,48.207698822021484,48.207698822021484,29894
2026-10-02 16:26:00+00:00,48.20500183105469,48.23500061035156,48.20500183105469,48.220001220703125,18817
2026-10-02 16:27:00+00:00,48.21500015258789,48.26499938964844,48.201900482177734,48.25,24524
2026-10-02 16:28:00+00:00,48.244998931884766,48.255001068115234,48.23500061035156,48.25,24685
2026-10-02 16:29:00+00:00,48.244998931884766,48.244998931884766,48.211299896240234,48.224998474121094,30850
2026-10-02 16:30:00+00:00,48.22850036621094,48.2599983215332,48.224998474121094,48.2599983215332,21993
2026-10-02 16:31:00+00:00,48.255001068115234,48.255001068115234,48.209999084472656,48.209999084472656,12747
2026-10-02 16:32:00+00:00,48.220001220703125,48.220001220703125,48.20500183105469,48.220001220703125,17325
2026-10-02 16:33:00+00:00,48.230098724365234,48.2400016784668,48.220001220703125,48.22999954223633,25080
2026-10-02 16:34:00+00:00,48.2400016784668,48.2599983215332,48.22999954223633,48.22999954223633,30271
2026-10-02 16:35:00+00:00,48.2400016784668,48.25,48.22010040283203,48.22999954223633,26402
2026-10-02 16:36:00+00:00,48.22999954223633,48.231998443603516,48.213401794433594,48.220001220703125,39155
2026-10-02 16:37:00+00:00,48.224998474121094,48.224998474121094,48.19499969482422,48.19499969482422,26210
2026-10-02 16:38:00+00:00,48.19499969482422,48.21500015258789,48.18280029296875,48.189998626708984,55958
2026-10-02 16:39:00+00:00,48.20000076293945,48.20000076293945,48.17499923706055,48.185001373291016,28617
2026-10-02 16:40:00+00:00,48.185001373291016,48.20000076293945,48.18000030517578,48.186798095703125,23181
2026-10-02 16:41:00+00:00,48.185001373291016,48.189998626708984,48.14500045776367,48.14500045776367,41877
2026-10-02 16:42:00+00:00,48.13999938964844,48.15999984741211,48.119998931884766,48.15999984741211,40500
2026-10-02 16:43:00+00:00,48.165000915527344,48.201698303222656,48.165000915527344,48.189998626708984,29230
2026-10-02 16:44:00+00:00,48.19499969482422,48.23500061035156,48.19499969482422,48.23500061035156,72728
2026-10-02 16:45:00+00:00,48.22359848022461,48.27000045776367,48.22359848022461,48.27000045776367,30090
2026-10-02 16:46:00+00:00,48.275001525878906,48.29010009765625,48.25,48.25,23273
2026-10-02 16:47:00+00:00,48.255001068115234,48.27000045776367,48.2401008605957,48.255001068115234,22929
2026-10-02 16:48:00+00:00,48.2599983215332,48.275001525878906,48.25,48.255001068115234,32191
2026-10-02 16:49:00+00:00,48.255001068115234,48.28990173339844,48.255001068115234,48.275001525878906,8166
2026-10-02 16:50:00+00:00,48.26580047607422,48.27000045776367,48.255001068115234,48.27000045776367,51634
2026-10-02 16:51:00+00:00,48.27009963989258,48.29990005493164,48.209999084472656,48.224998474121094,188358
2026-10-02 16:52:00+00:00,48.224998474121094,48.23500061035156,48.20500183105469,48.20500183105469,65367
2026-10-02 16:53:00+00:00,48.20500183105469,48.23500061035156,48.20000076293945,48.209999084472656,71952
2026-10-02 16:54:00+00:00,48.20500183105469,48.220001220703125,48.20000076293945,48.209999084472656,109909
2026-10-02 16:55:00+00:00,48.209999084472656,48.2400016784668,48.20000076293945,48.20500183105469,69548
2026-10-02 16:56:00+00:00,48.20000076293945,48.20560073852539,48.15999984741211,48.189998626708984,153845
2026-10-02 16:57:00+00:00,48.20000076293945,48.244998931884766,48.20000076293945,48.22010040283203,20816
2026-10-02 16:58:00+00:00,48.224998474121094,48.2400016784668,48.220001220703125,48.220298767089844,10555
2026-10-02 16:59:00+00:00,48.224998474121094,48.224998474121094,48.189998626708984,48.21500015258789,33088
2026-10-02 17:00:00+00:00,48.21500015258789,48.22999954223633,48.20500183105469,48.22999954223633,13188
2026-10-02 17:01:00+00:00,48.224998474121094,48.275001525878906,48.224998474121094,48.27000045776367,19844
2026-10-02 17:02:00+00:00,48.2599983215332,48.27000045776367,48.255001068115234,48.255001068115234,8817
2026-10-02 17:03:00+00:00,48.250099182128906,48.2588005065918,48.2400016784668,48.244998931884766,34933
2026-10-02 17:04:00+00:00,48.240501403808594,48.244998931884766,48.224998474121094,48.224998474121094,15362
2026-10-02 17:05:00+00:00,48.224998474121094,48.249900817871094,48.220001220703125,48.2400016784668,22693
2026-10-02 17:06:00+00:00,48.244998931884766,48.249900817871094,48.185001373291016,48.189998626708984,633015
2026-10-02 17:07:00+00:00,48.189998626708984,48.20000076293945,48.17499923706055,48.18000030517578,26939
2026-10-02 17:08:00+00:00,48.18989944458008,48.209999084472656,48.18000030517578,48.18000030517578,81133
2026-10-02 17:09:00+00:00,48.17509841918945,48.18920135498047,48.17499923706055,48.185001373291016,9988
2026-10-02 17:10:00+00:00,48.185001373291016,48.185001373291016,48.16999816894531,48.17210006713867,11028
2026-10-02 17:11:00+00:00,48.16999816894531,48.16999816894531,48.13999938964844,48.15999984741211,41305
2026-10-02 17:12:00+00:00,48.15019989013672,48.17639923095703,48.14469909667969,48.165000915527344,19656
2026-10-02 17:13:00+00:00,48.16999816894531,48.16999816894531,48.130001068115234,48.1349983215332,22542
2026-10-02 17:14:00+00:00,48.13999938964844,48.14500045776367,48.064998626708984,48.08000183105469,91544
2026-10-02 17:15:00+00:00,48.07500076293945,48.089900970458984,47.97949981689453,47.97949981689453,127664
2026-10-02 17:16:00+00:00,47.97999954223633,48.05500030517578,47.970001220703125,48.04999923706055,70544
2026-10-02 17:17:00+00:00,48.04999923706055,48.065799713134766,48.01499938964844,48.025001525878906,170959
2026-10-02 17:18:00+00:00,48.029998779296875,48.064998626708984,48.025001525878906,48.05009841918945,36233
2026-10-02 17:19:00+00:00,48.05500030517578,48.099998474121094,48.05500030517578,48.095001220703125,44387
2026-10-02 17:20:00+00:00,48.095001220703125,48.099998474121094,48.04999923706055,48.08000183105469,58162
2026-10-02 17:21:00+00:00,48.07500076293945,48.07500076293945,48.040000915527344,48.06999969482422,27087
2026-10-02 17:22:00+00:00,48.08000183105469,48.11000061035156,48.08000183105469,48.09000015258789,35081
2026-10-02 17:23:00+00:00,48.08000183105469,48.08000183105469,48.03499984741211,48.03499984741211,29249
2026-10-02 17:24:00+00:00,48.03499984741211,48.04499816894531,47.93000030517578,47.974998474121094,229831
2026-10-02 17:25:00+00:00,47.970001220703125,47.970001220703125,47.90999984741211,47.95500183105469,176330
2026-10-02 17:26:00+00:00,47.95140075683594,47.970001220703125,47.92499923706055,47.94499969482422,119133
2026-10-02 17:27:00+00:00,47.95000076293945,47.95000076293945,47.915000915527344,47.935001373291016,31704
2026-10-02 17:28:00+00:00,47.939998626708984,47.95500183105469,47.931400299072266,47.93159866333008,55409
2026-10-02 17:29:00+00:00,47.935001373291016,47.935001373291016,47.90999984741211,47.90999984741211,56955
2026-10-02 17:30:00+00:00,47.900001525878906,47.95000076293945,47.8849983215332,47.939998626708984,117585
2026-10-02 17:31:00+00:00,47.935001373291016,47.98500061035156,47.93050003051758,47.94499969482422,56684
2026-10-02 17:32:00+00:00,47.95000076293945,47.9900016784668,47.935001373291016,47.9900016784668,38832
2026-10-02 17:33:00+00:00,47.9900016784668,47.9900016784668,47.970001220703125,47.9900016784668,42287
2026-10-02 17:34:00+00:00,47.98500061035156,47.994998931884766,47.97999954223633,47.98500061035156,19068
2026-10-02 17:35:00+00:00,47.97999954223633,47.97999954223633,47.94499969482422,47.96500015258789,36720
2026-10-02 17:36:00+00:00,47.95500183105469,47.96820068359375,47.935001373291016,47.939998626708984,26691
2026-10-02 17:37:00+00:00,47.94499969482422,47.95500183105469,47.939998626708984,47.939998626708984,17128
2026-10-02 17:38:00+00:00,47.935001373291016,47.94499969482422,47.914798736572266,47.920101165771484,26210
2026-10-02 17:39:00+00:00,47.91999816894531,47.92499923706055,47.849998474121094,47.869998931884766,38623
2026-10-02 17:40:00+00:00,47.869998931884766,47.904998779296875,47.8650016784668,47.904998779296875,55463
2026-10-02 17:41:00+00:00,47.902000427246094,47.90620040893555,47.8849983215332,47.89500045776367,29069
2026-10-02 17:42:00+00:00,47.900001525878906,47.900001525878906,47.85499954223633,47.85499954223633,48615
2026-10-02 17:43:00+00:00,47.85139846801758,47.880001068115234,47.84000015258789,47.880001068115234,21443
2026-10-02 17:44:00+00:00,47.8849983215332,47.90999984741211,47.8849983215332,47.890098571777344,34543
2026-10-02 17:45:00+00:00,47.89500045776367,47.91830062866211,47.875,47.88610076904297,32212
2026-10-02 17:46:00+00:00,47.8849983215332,47.900001525878906,47.875,47.900001525878906,32117
2026-10-02 17:47:00+00:00,47.904998779296875,47.9197998046875,47.900001525878906,47.915000915527344,1314302
2026-10-02 17:48:00+00:00,47.915000915527344,47.94499969482422,47.90999984741211,47.939998626708984,36119
2026-10-02 17:49:00+00:00,47.935001373291016,47.97990036010742,47.935001373291016,47.97990036010742,54262
2026-10-02 17:50:00+00:00,47.974998474121094,48.0099983215332,47.939998626708984,47.974998474121094,110339
2026-10-02 17:51:00+00:00,47.97990036010742,48.0099983215332,47.96500015258789,48.0099983215332,21066
2026-10-02 17:52:00+00:00,48.005001068115234,48.01499938964844,47.98500061035156,48.005001068115234,20561
2026-10-02 17:53:00+00:00,48.005001068115234,48.02000045776367,47.98500061035156,47.994998931884766,99326
2026-10-02 17:54:00+00:00,47.99769973754883,47.99769973754883,47.97999954223633,47.994998931884766,533206
2026-10-02 17:55:00+00:00,47.9901008605957,47.994998931884766,47.98500061035156,47.98500061035156,507325
2026-10-02 17:56:00+00:00,47.994998931884766,48.005001068115234,47.98500061035156,47.99660110473633,637264
2026-10-02 17:57:00+00:00,47.999900817871094,48.01499938964844,47.9900016784668,47.9900016784668,22480
2026-10-02 17:58:00+00:00,47.9900016784668,48.005699157714844,47.97999954223633,48.005699157714844,28052
2026-10-02 17:59:00+00:00,48.005001068115234,48.029998779296875,48.005001068115234,48.0099983215332,25441
2026-10-02 18:00:00+00:00,47.994998931884766,48.064998626708984,47.994998931884766,48.04999923706055,102514
2026-10-02 18:01:00+00:00,48.04999923706055,48.05670166015625,48.01499938964844,48.029998779296875,20225
2026-10-02 18:02:00+00:00,48.03559875488281,48.04999923706055,48.025001525878906,48.04899978637695,40561
2026-10-02 18:03:00+00:00,48.04999923706055,48.05500030517578,48.03499984741211,48.03609848022461,23090
2026-10-02 18:04:00+00:00,48.03499984741211,48.05730056762695,48.025001525878906,48.04999923706055,21297
2026-10-02 18:05:00+00:00,48.05139923095703,48.05139923095703,48.025001525878906,48.03499984741211,49957
2026-10-02 18:06:00+00:00,48.025001525878906,48.040000915527344,48.0099983215332,48.040000915527344,116832
2026-10-02 18:07:00+00:00,48.04499816894531,48.05009841918945,48.025001525878906,48.040000915527344,17455
2026-10-02 18:08:00+00:00,48.04499816894531,48.04999923706055,48.02000045776367,48.04999923706055,35282
2026-10-02 18:09:00+00:00,48.04499816894531,48.04499816894531,48.02000045776367,48.025001525878906,44923
2026-10-02 18:10:00+00:00,48.0099983215332,48.025001525878906,48.0099983215332,48.01499938964844,11392
2026-10-02 18:11:00+00:00,48.02000045776367,48.03620147705078,48.010101318359375,48.03499984741211,19213
2026-10-02 18:12:00+00:00,48.03499984741211,48.040000915527344,48.02000045776367,48.025001525878906,26838
2026-10-02 18:13:00+00:00,48.02000045776367,48.04999923706055,48.01499938964844,48.040000915527344,14641
2026-10-02 18:14:00+00:00,48.04499816894531,48.064998626708984,48.040000915527344,48.060001373291016,70595
2026-10-02 18:15:00+00:00,48.060001373291016,48.060001373291016,48.03499984741211,48.03499984741211,26625
2026-10-02 18:16:00+00:00,48.029998779296875,48.040000915527344,47.939998626708984,47.95000076293945,27760
2026-10-02 18:17:00+00:00,47.94200134277344,47.957801818847656,47.91999816894531,47.95000076293945,34995
2026-10-02 18:18:00+00:00,47.95000076293945,47.97520065307617,47.93000030517578,47.9369010925293,28648
2026-10-02 18:19:00+00:00,47.935001373291016,47.94499969482422,47.92499923706055,47.94499969482422,18848
2026-10-02 18:20:00+00:00,47.939998626708984,47.95759963989258,47.91999816894531,47.922401428222656,45586
2026-10-02 18:21:00+00:00,47.91999816894531,47.939998626708984,47.91999816894531,47.92499923706055,14344
2026-10-02 18:22:00+00:00,47.91999816894531,47.929901123046875,47.904998779296875,47.90999984741211,33369
2026-10-02 18:23:00+00:00,47.90010070800781,47.90999984741211,47.88399887084961,47.890098571777344,28739
2026-10-02 18:24:00+00:00,47.88010025024414,47.900001525878906,47.869998931884766,47.900001525878906,23210
2026-10-02 18:25:00+00:00,47.904998779296875,47.915000915527344,47.880001068115234,47.89500045776367,50414
2026-10-02 18:26:00+00:00,47.88999938964844,47.900001525878906,47.88999938964844,47.890098571777344,29098
2026-10-02 18:27:00+00:00,47.88999938964844,47.88999938964844,47.875,47.880001068115234,38279
2026-10-02 18:28:00+00:00,47.8849983215332,47.91999816894531,47.8849983215332,47.904998779296875,38944
2026-10-02 18:29:00+00:00,47.900001525878906,47.91999816894531,47.900001525878906,47.910099029541016,60101
2026-10-02 18:30:00+00:00,47.91999816894531,47.91999816894531,47.8650016784668,47.8650016784668,25769
2026-10-02 18:31:00+00:00,47.8650016784668,47.87839889526367,47.86000061035156,47.8650016784668,43469
2026-10-02 18:32:00+00:00,47.8650016784668,47.89500045776367,47.849998474121094,47.880001068115234,22354
2026-10-02 18:33:00+00:00,47.880001068115234,47.880001068115234,47.844398498535156,47.845001220703125,66845
2026-10-02 18:34:00+00:00,47.845001220703125,47.8650016784668,47.84000015258789,47.845001220703125,46515
2026-10-02 18:35:00+00:00,47.84989929199219,47.84989929199219,47.77000045776367,47.80500030517578,199506
2026-10-02 18:36:00+00:00,47.79999923706055,47.834999084472656,47.78499984741211,47.83470153808594,57369
2026-10-02 18:37:00+00:00,47.84000015258789,47.85499954223633,47.814300537109375,47.814998626708984,81909
2026-10-02 18:38:00+00:00,47.810001373291016,47.81990051269531,47.76499938964844,47.76499938964844,44516
2026-10-02 18:39:00+00:00,47.76499938964844,47.77000045776367,47.595001220703125,47.62990188598633,252537
2026-10-02 18:40:00+00:00,47.599998474121094,47.689998626708984,47.529998779296875,47.66999816894531,543657
2026-10-02 18:41:00+00:00,47.66999816894531,47.66999816894531,47.55350112915039,47.58000183105469,84761
2026-10-02 18:42:00+00:00,47.55500030517578,47.6349983215332,47.500099182128906,47.619998931884766,468778
2026-10-02 18:43:00+00:00,47.625,47.66999816894531,47.51499938964844,47.51499938964844,189334
2026-10-02 18:44:00+00:00,47.5099983215332,47.584999084472656,47.4900016784668,47.57500076293945,143580
2026-10-02 18:45:00+00:00,47.584999084472656,47.5880012512207,47.54499816894531,47.57500076293945,64585
2026-10-02 18:46:00+00:00,47.58000183105469,47.593299865722656,47.53499984741211,47.580101013183594,103162
2026-10-02 18:47:00+00:00,47.580101013183594,47.595001220703125,47.47999954223633,47.5,75661
2026-10-02 18:48:00+00:00,47.5,47.54999923706055,47.494998931884766,47.540000915527344,52535
2026-10-02 18:49:00+00:00,47.53499984741211,47.58000183105469,47.53499984741211,47.54499816894531,59233
2026-10-02 18:50:00+00:00,47.55500030517578,47.57500076293945,47.54999923706055,47.55009841918945,74088
2026-10-02 18:51:00+00:00,47.560001373291016,47.64500045776367,47.54999923706055,47.63999938964844,120669
2026-10-02 18:52:00+00:00,47.6349983215332,47.70000076293945,47.630001068115234,47.685001373291016,267668
2026-10-02 18:53:00+00:00,47.685001373291016,47.685001373291016,47.619998931884766,47.656898498535156,34879
2026-10-02 18:54:00+00:00,47.63999938964844,47.669898986816406,47.63999938964844,47.665000915527344,51316
2026-10-02 18:55:00+00:00,47.66999816894531,47.66999816894531,47.63010025024414,47.654998779296875,26898
2026-10-02 18:56:00+00:00,47.650001525878906,47.650001525878906,47.6349983215332,47.650001525878906,28914
2026-10-02 18:57:00+00:00,47.649898529052734,47.71500015258789,47.63999938964844,47.685001373291016,58900
2026-10-02 18:58:00+00:00,47.685001373291016,47.720001220703125,47.685001373291016,47.70000076293945,30647
2026-10-02 18:59:00+00:00,47.709999084472656,47.709999084472656,47.685001373291016,47.689998626708984,26602
2026-10-02 19:00:00+00:00,47.689998626708984,47.71500015258789,47.685001373291016,47.70009994506836,48433
2026-10-02 19:01:00+00:00,47.720001220703125,47.720001220703125,47.71500015258789,47.71500015258789,28084
2026-10-02 19:02:00+00:00,47.71500015258789,47.720001220703125,47.67499923706055,47.686500549316406,34955
2026-10-02 19:03:00+00:00,47.68000030517578,47.689998626708984,47.650001525878906,47.678199768066406,28941
2026-10-02 19:04:00+00:00,47.67499923706055,47.70500183105469,47.67499923706055,47.68000030517578,47389
2026-10-02 19:05:00+00:00,47.68000030517578,47.70000076293945,47.670101165771484,47.68000030517578,70420
2026-10-02 19:06:00+00:00,47.67499923706055,47.6875,47.65079879760742,47.654998779296875,51646
2026-10-02 19:07:00+00:00,47.65999984741211,47.66999816894531,47.619998931884766,47.64950180053711,57948
2026-10-02 19:08:00+00:00,47.64500045776367,47.650001525878906,47.619998931884766,47.6349983215332,102721
2026-10-02 19:09:00+00:00,47.63990020751953,47.63990020751953,47.599998474121094,47.61000061035156,41462
2026-10-02 19:10:00+00:00,47.6150016784668,47.630001068115234,47.60499954223633,47.61000061035156,53431
2026-10-02 19:11:00+00:00,47.61000061035156,47.625,47.595001220703125,47.60499954223633,50865
2026-10-02 19:12:00+00:00,47.60499954223633,47.6077995300293,47.584999084472656,47.589900970458984,87123
2026-10-02 19:13:00+00:00,47.59000015258789,47.63999938964844,47.58000183105469,47.63999938964844,53365
2026-10-02 19:14:00+00:00,47.6349983215332,47.6349983215332,47.599998474121094,47.6150016784668,29620
2026-10-02 19:15:00+00:00,47.619998931884766,47.63999938964844,47.580101013183594,47.595001220703125,33349
2026-10-02 19:16:00+00:00,47.59000015258789,47.59000015258789,47.525001525878906,47.55500030517578,101589
2026-10-02 19:17:00+00:00,47.55500030517578,47.58000183105469,47.53499984741211,47.54999923706055,97096
2026-10-02 19:18:00+00:00,47.55550003051758,47.5974006652832,47.53499984741211,47.595001220703125,24255
2026-10-02 19:19:00+00:00,47.59659957885742,47.599998474121094,47.564998626708984,47.564998626708984,32559
2026-10-02 19:20:00+00:00,47.56990051269531,47.56999969482422,47.53499984741211,47.53499984741211,77143
2026-10-02 19:21:00+00:00,47.53499984741211,47.560001373291016,47.525001525878906,47.54999923706055,51768
2026-10-02 19:22:00+00:00,47.54999923706055,47.584999084472656,47.54499816894531,47.58000183105469,56945
2026-10-02 19:23:00+00:00,47.57500076293945,47.584999084472656,47.540000915527344,47.55500030517578,131004
2026-10-02 19:24:00+00:00,47.560001373291016,47.64500045776367,47.55500030517578,47.630001068115234,63769
2026-10-02 19:25:00+00:00,47.630001068115234,47.649898529052734,47.60499954223633,47.61000061035156,24680
2026-10-02 19:26:00+00:00,47.60499954223633,47.6349983215332,47.60499954223633,47.60499954223633,23808
2026-10-02 19:27:00+00:00,47.599998474121094,47.63990020751953,47.595001220703125,47.625,94322
2026-10-02 19:28:00+00:00,47.619998931884766,47.649898529052734,47.619998931884766,47.64500045776367,24928
2026-10-02 19:29:00+00:00,47.63999938964844,47.650001525878906,47.60499954223633,47.61940002441406,96445
2026-10-02 19:30:00+00:00,47.6150016784668,47.650001525878906,47.61009979248047,47.636600494384766,61374
2026-10-02 19:31:00+00:00,47.630001068115234,47.64979934692383,47.625,47.63859939575195,37614
2026-10-02 19:32:00+00:00,47.63850021362305,47.63850021362305,47.599998474121094,47.61240005493164,47785
2026-10-02 19:33:00+00:00,47.61000061035156,47.61000061035156,47.59000015258789,47.60499954223633,71738
2026-10-02 19:34:00+00:00,47.6150016784668,47.6349983215332,47.59000015258789,47.6349983215332,112750
2026-10-02 19:35:00+00:00,47.6349983215332,47.65999984741211,47.6349983215332,47.64500045776367,100598
2026-10-02 19:36:00+00:00,47.654998779296875,47.68000030517578,47.654998779296875,47.665000915527344,83297
2026-10-02 19:37:00+00:00,47.665000915527344,47.68000030517578,47.654998779296875,47.665000915527344,142729
2026-10-02 19:38:00+00:00,47.665000915527344,47.67839813232422,47.665000915527344,47.665000915527344,22053
2026-10-02 19:39:00+00:00,47.66669845581055,47.68000030517578,47.665000915527344,47.66999816894531,45362
2026-10-02 19:40:00+00:00,47.67499923706055,47.685001373291016,47.665000915527344,47.67499923706055,61461
2026-10-02 19:41:00+00:00,47.67499923706055,47.689998626708984,47.672000885009766,47.689998626708984,41742
2026-10-02 19:42:00+00:00,47.68389892578125,47.689998626708984,47.625,47.6349983215332,100579
2026-10-02 19:43:00+00:00,47.63999938964844,47.64780044555664,47.6348991394043,47.63999938964844,29975
2026-10-02 19:44:00+00:00,47.63999938964844,47.650001525878906,47.630001068115234,47.650001525878906,52003
2026-10-02 19:45:00+00:00,47.65999984741211,47.68000030517578,47.64500045776367,47.654998779296875,52283
2026-10-02 19:46:00+00:00,47.65010070800781,47.685001373291016,47.650001525878906,47.685001373291016,78395
2026-10-02 19:47:00+00:00,47.685001373291016,47.689998626708984,47.653099060058594,47.654998779296875,66992
2026-10-02 19:48:00+00:00,47.654998779296875,47.654998779296875,47.63759994506836,47.64500045776367,43306
2026-10-02 19:49:00+00:00,47.64500045776367,47.67499923706055,47.64500045776367,47.67499923706055,96726
2026-10-02 19:50:00+00:00,47.67499923706055,47.68000030517578,47.65999984741211,47.67499923706055,163676
2026-10-02 19:51:00+00:00,47.68000030517578,47.69660186767578,47.67499923706055,47.689998626708984,128892
2026-10-02 19:52:00+00:00,47.685001373291016,47.689998626708984,47.65999984741211,47.685001373291016,75811
2026-10-02 19:53:00+00:00,47.685001373291016,47.689998626708984,47.650001525878906,47.650001525878906,147473
2026-10-02 19:54:00+00:00,47.65999984741211,47.66999816894531,47.65140151977539,47.665000915527344,121649
2026-10-02 19:55:00+00:00,47.66999816894531,47.709999084472656,47.66999816894531,47.689998626708984,133271
2026-10-02 19:56:00+00:00,47.69499969482422,47.70000076293945,47.68000030517578,47.685001373291016,95483
2026-10-02 19:57:00+00:00,47.68259811401367,47.70000076293945,47.66999816894531,47.69499969482422,150903
2026-10-02 19:58:00+00:00,47.70000076293945,47.7400016784668,47.70000076293945,47.72999954223633,226854
2026-10-02 19:59:00+00:00,47.724998474121094,47.73500061035156,47.70000076293945,47.71989822387695,403654
