ts,open,high,low,close,volume
2026-09-10 13:30:00+00:00,707.5650024414062,708.3800048828125,707.3400268554688,708.3209228515625,2873367
2026-09-10 13:31:00+00:00,708.2999877929688,708.4299926757812,707.8699951171875,708.1199951171875,344573
2026-09-10 13:32:00+00:00,708.1500244140625,708.25,707.1099853515625,707.2550048828125,275840
2026-09-10 13:33:00+00:00,707.25,707.9199829101562,706.85498046875,707.9199829101562,218433
2026-09-10 13:34:00+00:00,707.9030151367188,708.3200073242188,707.5900268554688,707.7750244140625,161078
2026-09-10 13:35:00+00:00,707.780029296875,708.614990234375,707.5800170898438,708.1649780273438,207069
2026-09-10 13:36:00+00:00,708.1162109375,708.72998046875,708.0700073242188,708.469970703125,172273
2026-09-10 13:37:00+00:00,708.47998046875,708.72998046875,707.9974975585938,708.2828979492188,149422
2026-09-10 13:38:00+00:00,708.280029296875,708.9199829101562,708.1099853515625,708.8499755859375,146066
2026-09-10 13:39:00+00:00,708.8099975585938,709.9000244140625,708.7705078125,709.7210083007812,216131
2026-09-10 13:40:00+00:00,709.7462768554688,710.27001953125,709.5599975585938,709.9199829101562,175307
2026-09-10 13:41:00+00:00,709.9099731445312,710.1099853515625,709.0900268554688,709.2249755859375,191122
2026-09-10 13:42:00+00:00,709.2567749023438,709.5899047851562,708.9801025390625,709.3400268554688,130498
2026-09-10 13:43:00+00:00,709.3300170898438,709.719482421875,709.1599731445312,709.364990234375,92034
2026-09-10 13:44:00+00:00,709.344970703125,709.5504760742188,708.6699829101562,708.77001953125,115956
2026-09-10 13:45:00+00:00,708.8200073242188,709.469970703125,708.62548828125,709.4000244140625,142534
2026-09-10 13:46:00+00:00,709.4299926757812,709.9000244140625,709.1237182617188,709.880126953125,97450
2026-09-10 13:47:00+00:00,709.8599853515625,709.9400024414062,709.510009765625,709.6900024414062,98214
2026-09-10 13:48:00+00:00,709.6699829101562,709.6950073242188,708.8800048828125,709.1719970703125,149102
2026-09-10 13:49:00+00:00,709.1099853515625,710.3599853515625,708.969970703125,709.8887939453125,271789
2026-09-10 13:50:00+00:00,709.9099731445312,709.9500122070312,708.7000122070312,708.9349975585938,136173
2026-09-10 13:51:00+00:00,708.9400024414062,708.969970703125,708.1400146484375,708.1500244140625,149196
2026-09-10 13:52:00+00:00,708.27001953125,708.47998046875,708.0150146484375,708.377197265625,122308
2026-09-10 13:53:00+00:00,708.3200073242188,708.4500122070312,707.9500122070312,708.2899780273438,79661
2026-09-10 13:54:00+00:00,708.2550048828125,708.6799926757812,707.9307250976562,707.9500122070312,66936
2026-09-10 13:55:00+00:00,707.9550170898438,708.2163696289062,707.760498046875,708.0349731445312,78958
2026-09-10 13:56:00+00:00,708.02001953125,708.2349853515625,707.5800170898438,708.1317138671875,76404
2026-09-10 13:57:00+00:00,708.2000122070312,708.4071044921875,707.844970703125,708.1099853515625,64497
2026-09-10 13:58:00+00:00,708.0900268554688,708.2000122070312,707.72998046875,707.7606201171875,46973
2026-09-10 13:59:00+00:00,707.760009765625,708.0079956054688,707.719970703125,707.8300170898438,51860
2026-09-10 14:00:00+00:00,707.760009765625,708.5999755859375,707.760009765625,708.2999877929688,93866
2026-09-10 14:01:00+00:00,708.2550048828125,709.0700073242188,708.22998046875,709.02001953125,84412
2026-09-10 14:02:00+00:00,709.0250244140625,709.5050048828125,708.9550170898438,709.375,90974
2026-09-10 14:03:00+00:00,709.3800048828125,709.7150268554688,709.1826782226562,709.6199951171875,84879
2026-09-10 14:04:00+00:00,709.6199951171875,709.6199951171875,708.9600219726562,708.97998046875,93061
2026-09-10 14:05:00+00:00,708.9849853515625,709.2000122070312,708.664306640625,708.72998046875,86539
2026-09-10 14:06:00+00:00,708.72998046875,708.9650268554688,708.6400146484375,708.7999877929688,55985
2026-09-10 14:07:00+00:00,708.760009765625,709.119873046875,708.2449951171875,708.2449951171875,75008
2026-09-10 14:08:00+00:00,708.2744750976562,708.469970703125,708.0399780273438,708.38623046875,81395
2026-09-10 14:09:00+00:00,708.3800048828125,708.739990234375,708.219970703125,708.6900024414062,56455
2026-09-10 14:10:00+00:00,708.7379760742188,709.0999755859375,708.530029296875,708.7949829101562,57992
2026-09-10 14:11:00+00:00,708.739990234375,709.0391235351562,708.3400268554688,708.8800048828125,112399
2026-09-10 14:12:00+00:00,708.9400024414062,709.1599731445312,708.8599853515625,709.0700073242188,70875
2026-09-10 14:13:00+00:00,709.1649780273438,709.510009765625,709.1649780273438,709.4400024414062,142692
2026-09-10 14:14:00+00:00,709.4500122070312,709.47998046875,708.6929931640625,708.7899780273438,53201
2026-09-10 14:15:00+00:00,708.77001953125,708.9500122070312,708.4000854492188,708.6400146484375,63123
2026-09-10 14:16:00+00:00,708.6400146484375,708.6400146484375,708.239990234375,708.489990234375,48120
2026-09-10 14:17:00+00:00,708.4299926757812,708.4400024414062,708.1099853515625,708.280029296875,84753
2026-09-10 14:18:00+00:00,708.2650146484375,708.77001953125,708.2650146484375,708.719970703125,153942
2026-09-10 14:19:00+00:00,708.6849975585938,709.2899780273438,708.6099853515625,709.2150268554688,83857
2026-09-10 14:20:00+00:00,709.22998046875,709.739990234375,709.1199951171875,709.5999755859375,76031
2026-09-10 14:21:00+00:00,709.5750122070312,709.760009765625,709.260986328125,709.7440185546875,58515
2026-09-10 14:22:00+00:00,709.780029296875,710.1099853515625,709.4849243164062,710.0700073242188,83299
2026-09-10 14:23:00+00:00,710.0499877929688,710.0599975585938,709.6900024414062,709.8300170898438,57136
2026-09-10 14:24:00+00:00,709.8900146484375,711.780029296875,709.7401123046875,710.989990234375,359921
2026-09-10 14:25:00+00:00,710.989990234375,711.585205078125,710.9600219726562,711.1801147460938,167482
2026-09-10 14:26:00+00:00,711.1900024414062,711.3200073242188,710.4000244140625,710.4099731445312,157362
2026-09-10 14:27:00+00:00,710.3800048828125,710.6098022460938,710.1699829101562,710.25,118484
2026-09-10 14:28:00+00:00,710.2449951171875,710.7849731445312,710.2349853515625,710.5999755859375,106311
2026-09-10 14:29:00+00:00,710.6300048828125,710.6550903320312,710.1699829101562,710.4099731445312,89145
2026-09-10 14:30:00+00:00,710.4099731445312,710.9500122070312,710.385009765625,710.8099975585938,117013
2026-09-10 14:31:00+00:00,710.8300170898438,711.25,710.760009765625,711.1099853515625,68644
2026-09-10 14:32:00+00:00,711.0700073242188,711.1005249023438,710.719970703125,710.9199829101562,78097
2026-09-10 14:33:00+00:00,710.9000244140625,710.9749755859375,710.510009765625,710.6400146484375,48046
2026-09-10 14:34:00+00:00,710.6199951171875,711.094970703125,710.6199951171875,710.7050170898438,70886
2026-09-10 14:35:00+00:00,710.7100219726562,711.5399780273438,710.7100219726562,711.4199829101562,102454
2026-09-10 14:36:00+00:00,711.4500122070312,711.8300170898438,711.3099975585938,711.77001953125,68593
2026-09-10 14:37:00+00:00,711.74658203125,712.0,711.6599731445312,711.9600219726562,58518
2026-09-10 14:38:00+00:00,711.9149780273438,712.0599975585938,711.7999877929688,711.969970703125,120701
2026-09-10 14:39:00+00:00,711.9600219726562,712.0499877929688,711.6799926757812,711.7249755859375,94267
2026-09-10 14:40:00+00:00,711.72998046875,711.9199829101562,711.4099731445312,711.6400146484375,88352
2026-09-10 14:41:00+00:00,711.6400146484375,711.8200073242188,711.52001953125,711.5900268554688,45443
2026-09-10 14:42:00+00:00,711.5499877929688,711.7000122070312,711.2299194335938,711.2462768554688,51626
2026-09-10 14:43:00+00:00,711.22998046875,711.3699951171875,710.969970703125,711.010009765625,55574
2026-09-10 14:44:00+00:00,711.030029296875,711.1599731445312,710.8099975585938,711.1400146484375,93265
2026-09-10 14:45:00+00:00,711.0999755859375,711.1849975585938,710.8599853515625,710.9484252929688,43847
2026-09-10 14:46:00+00:00,710.9500122070312,711.47998046875,710.947998046875,711.3699951171875,44143
2026-09-10 14:47:00+00:00,711.3699951171875,711.3795776367188,710.5999755859375,710.6199951171875,60729
2026-09-10 14:48:00+00:00,710.6099853515625,711.0399780273438,710.5599975585938,711.010009765625,47036
2026-09-10 14:49:00+00:00,710.969970703125,711.0399780273438,710.7899780273438,710.9299926757812,40548
2026-09-10 14:50:00+00:00,710.91162109375,710.91162109375,710.5,710.510009765625,46206
2026-09-10 14:51:00+00:00,710.510009765625,711.0900268554688,710.510009765625,711.0900268554688,66409
2026-09-10 14:52:00+00:00,711.1199951171875,711.280029296875,710.8900146484375,711.0399780273438,45458
2026-09-10 14:53:00+00:00,711.0900268554688,711.3499755859375,710.9201049804688,711.1900024414062,70508
2026-09-10 14:54:00+00:00,711.1801147460938,711.3400268554688,711.130126953125,711.3350219726562,39562
2026-09-10 14:55:00+00:00,711.4199829101562,711.4349975585938,711.02001953125,711.02001953125,30288
2026-09-10 14:56:00+00:00,711.02001953125,711.469970703125,710.97998046875,711.4149780273438,59878
2026-09-10 14:57:00+00:00,711.3900146484375,711.7974853515625,711.2468872070312,711.72998046875,47110
2026-09-10 14:58:00+00:00,711.760009765625,711.77001953125,711.5050048828125,711.6099853515625,25889
2026-09-10 14:59:00+00:00,711.6300048828125,711.8049926757812,711.5399780273438,711.7999877929688,39370
2026-09-10 15:00:00+00:00,711.77001953125,711.8300170898438,711.3200073242188,711.52001953125,52537
2026-09-10 15:01:00+00:00,711.489990234375,711.489990234375,710.9600219726562,711.0499877929688,50330
2026-09-10 15:02:00+00:00,711.010009765625,711.030029296875,710.6099853515625,710.739990234375,74230
2026-09-10 15:03:00+00:00,710.72998046875,711.010009765625,710.6599731445312,710.97998046875,420989
2026-09-10 15:04:00+00:00,711.0,711.260009765625,710.9000244140625,710.91748046875,116368
2026-09-10 15:05:00+00:00,710.9299926757812,711.5700073242188,710.9299926757812,711.4600219726562,42990
2026-09-10 15:06:00+00:00,711.43798828125,711.4949951171875,711.260009765625,711.4299926757812,31545
2026-09-10 15:07:00+00:00,711.4099731445312,711.5499877929688,711.280029296875,711.4400024414062,23938
2026-09-10 15:08:00+00:00,711.4299926757812,711.5,711.3400268554688,711.4400024414062,153623
2026-09-10 15:09:00+00:00,711.3499755859375,711.3900146484375,710.802978515625,710.8800048828125,58811
2026-09-10 15:10:00+00:00,710.875,711.6599731445312,710.85498046875,711.6099853515625,52258
2026-09-10 15:11:00+00:00,711.5900268554688,711.5900268554688,711.2899780273438,711.3800048828125,45087
2026-09-10 15:12:00+00:00,711.3900146484375,711.719970703125,711.3900146484375,711.4650268554688,43517
2026-09-10 15:13:00+00:00,711.4749755859375,711.5800170898438,711.155029296875,711.4600219726562,56478
2026-09-10 15:14:00+00:00,711.4500122070312,711.4500122070312,711.1699829101562,711.3599853515625,28387
2026-09-10 15:15:00+00:00,711.3300170898438,711.4500122070312,710.9000244140625,711.02001953125,60801
2026-09-10 15:16:00+00:00,711.030029296875,711.1199951171875,710.9100952148438,711.02001953125,143822
2026-09-10 15:17:00+00:00,710.989990234375,711.1701049804688,710.8200073242188,711.0599975585938,32748
2026-09-10 15:18:00+00:00,711.0499267578125,711.0499267578125,710.52001953125,710.5900268554688,37811
2026-09-10 15:19:00+00:00,710.5399780273438,710.8800048828125,710.4600219726562,710.8049926757812,36579
2026-09-10 15:20:00+00:00,710.8200073242188,711.02001953125,710.510009765625,710.5499267578125,37424
2026-09-10 15:21:00+00:00,710.510009765625,710.530029296875,710.2100219726562,710.4500122070312,59460
2026-09-10 15:22:00+00:00,710.4199829101562,710.780029296875,710.375,710.780029296875,37191
2026-09-10 15:23:00+00:00,710.72998046875,710.9299926757812,710.5999755859375,710.6300048828125,146599
2026-09-10 15:24:00+00:00,710.6500244140625,711.0999755859375,710.6500244140625,711.030029296875,39458
2026-09-10 15:25:00+00:00,711.030029296875,711.1951293945312,710.8400268554688,711.1597290039062,52612
2026-09-10 15:26:00+00:00,711.1199951171875,711.1300048828125,710.8800048828125,711.0499877929688,36846
2026-09-10 15:27:00+00:00,711.02001953125,711.530029296875,710.989990234375,711.47998046875,60399
2026-09-10 15:28:00+00:00,711.4304809570312,711.5999755859375,711.3599853515625,711.3800048828125,49450
2026-09-10 15:29:00+00:00,711.3900146484375,711.3900146484375,711.1199951171875,711.1300048828125,49899
2026-09-10 15:30:00+00:00,711.1300048828125,711.2899780273438,710.9600219726562,711.0499877929688,73738
2026-09-10 15:31:00+00:00,711.02001953125,711.1950073242188,710.9199829101562,710.9500122070312,32101
2026-09-10 15:32:00+00:00,711.0,711.0700073242188,710.6799926757812,710.9400024414062,70270
2026-09-10 15:33:00+00:00,710.9500122070312,711.3884887695312,710.9000244140625,711.27001953125,44588
2026-09-10 15:34:00+00:00,711.260009765625,711.4249877929688,711.1900024414062,711.2899780273438,25334
2026-09-10 15:35:00+00:00,711.27001953125,711.39990234375,711.1799926757812,711.35009765625,124901
2026-09-10 15:36:00+00:00,711.3800048828125,711.7000122070312,711.3800048828125,711.5850219726562,33381
2026-09-10 15:37:00+00:00,711.5499877929688,711.97998046875,711.5499877929688,711.8800048828125,21753
2026-09-10 15:38:00+00:00,711.8699951171875,711.905029296875,711.302001953125,711.302001953125,64034
2026-09-10 15:39:00+00:00,711.3049926757812,711.3049926757812,710.9400024414062,711.239990234375,55393
2026-09-10 15:40:00+00:00,711.2100219726562,711.27001953125,710.9500122070312,711.02001953125,31059
2026-09-10 15:41:00+00:00,711.030029296875,711.4450073242188,711.010009765625,711.3400268554688,36678
2026-09-10 15:42:00+00:00,711.4000244140625,711.4099731445312,711.1199951171875,711.3049926757812,25544
2026-09-10 15:43:00+00:00,711.2999877929688,711.4600219726562,711.0700073242188,711.4600219726562,30443
2026-09-10 15:44:00+00:00,711.47998046875,711.5750122070312,711.3900146484375,711.510009765625,31759
2026-09-10 15:45:00+00:00,711.5399780273438,711.6300048828125,711.2299194335938,711.2349853515625,48105
2026-09-10 15:46:00+00:00,711.2249755859375,711.239990234375,710.864990234375,710.9600219726562,36218
2026-09-10 15:47:00+00:00,710.9400024414062,710.9400024414062,710.6099853515625,710.7100219726562,58572
2026-09-10 15:48:00+00:00,710.7100219726562,710.9400024414062,710.6900024414062,710.760009765625,31573
2026-09-10 15:49:00+00:00,710.760009765625,711.1500244140625,710.75,711.0050048828125,31864
2026-09-10 15:50:00+00:00,710.9500122070312,710.9600219726562,710.6400146484375,710.6400146484375,70149
2026-09-10 15:51:00+00:00,710.6799926757812,710.844970703125,710.60498046875,710.6599731445312,66511
2026-09-10 15:52:00+00:00,710.6599731445312,711.2100219726562,710.6599731445312,710.8900146484375,46524
2026-09-10 15:53:00+00:00,710.9000244140625,710.9299926757812,710.4600830078125,710.510009765625,45852
2026-09-10 15:54:00+00:00,710.530029296875,710.6199951171875,710.385009765625,710.385009765625,175597
2026-09-10 15:55:00+00:00,710.385009765625,710.39501953125,710.0999755859375,710.2899780273438,93238
2026-09-10 15:56:00+00:00,710.2899780273438,710.2999877929688,709.9199829101562,710.010009765625,80110
2026-09-10 15:57:00+00:00,710.0,710.1199951171875,709.9299926757812,710.0798950195312,62036
2026-09-10 15:58:00+00:00,710.0969848632812,710.4600219726562,710.0,710.4500122070312,52830
2026-09-10 15:59:00+00:00,710.4199829101562,710.5551147460938,710.3416137695312,710.39501953125,43614
2026-09-10 16:00:00+00:00,710.3800048828125,710.89501953125,710.3300170898438,710.8499755859375,165616
2026-09-10 16:01:00+00:00,710.8800048828125,711.0,710.6300048828125,710.6599731445312,63933
2026-09-10 16:02:00+00:00,710.6400756835938,710.77001953125,710.5499877929688,710.5499877929688,43938
2026-09-10 16:03:00+00:00,710.510009765625,710.580078125,710.2000122070312,710.3400268554688,43153
2026-09-10 16:04:00+00:00,710.3200073242188,710.5499877929688,710.302978515625,710.3499755859375,58930
2026-09-10 16:05:00+00:00,710.3350219726562,710.5399780273438,710.3300170898438,710.5200805664062,25083
2026-09-10 16:06:00+00:00,710.4500122070312,710.530029296875,710.3099975585938,710.3099975585938,23858
2026-09-10 16:07:00+00:00,710.3099975585938,710.3699951171875,709.860107421875,709.9000854492188,145610
2026-09-10 16:08:00+00:00,709.9199829101562,710.0499877929688,709.7899780273438,709.9144897460938,150336
2026-09-10 16:09:00+00:00,709.8800048828125,709.989990234375,709.7999877929688,709.8250122070312,28777
2026-09-10 16:10:00+00:00,709.8280029296875,709.9786987304688,709.706298828125,709.75,45381
2026-09-10 16:11:00+00:00,709.7000122070312,709.7100219726562,709.4400024414062,709.5999755859375,77175
2026-09-10 16:12:00+00:00,709.5999755859375,709.780029296875,709.5399780273438,709.6699829101562,36926
2026-09-10 16:13:00+00:00,709.6950073242188,710.02001953125,709.6500244140625,709.921875,37601
2026-09-10 16:14:00+00:00,709.9000244140625,710.0999755859375,709.77001953125,709.77001953125,31086
2026-09-10 16:15:00+00:00,709.8099975585938,710.2000122070312,709.72998046875,710.1900024414062,19271
2026-09-10 16:16:00+00:00,710.1749877929688,710.27001953125,709.7305297851562,709.8162231445312,219260
2026-09-10 16:17:00+00:00,709.8200073242188,709.8699951171875,709.5399780273438,709.6400146484375,52978
2026-09-10 16:18:00+00:00,709.6300048828125,709.7100219726562,709.52001953125,709.5625,37992
2026-09-10 16:19:00+00:00,709.5499877929688,709.8316040039062,709.5499877929688,709.64599609375,35690
2026-09-10 16:20:00+00:00,709.6500244140625,710.02001953125,709.6500244140625,709.8900146484375,22113
2026-09-10 16:21:00+00:00,709.8400268554688,709.9099731445312,709.6405029296875,709.6599731445312,21284
2026-09-10 16:22:00+00:00,709.7490234375,709.8900146484375,709.739990234375,709.8599853515625,24206
2026-09-10 16:23:00+00:00,709.7849731445312,709.8200073242188,709.7000122070312,709.8200073242188,20031
2026-09-10 16:24:00+00:00,709.8049926757812,709.8400268554688,709.6900024414062,709.7515869140625,18273
2026-09-10 16:25:00+00:00,709.760009765625,709.8300170898438,709.530029296875,709.5750122070312,43228
2026-09-10 16:26:00+00:00,709.5599975585938,709.5999755859375,709.4337158203125,709.4500122070312,30373
2026-09-10 16:27:00+00:00,709.4400024414062,709.510009765625,709.33251953125,709.3837890625,38838
2026-09-10 16:28:00+00:00,709.3499755859375,709.52001953125,709.3400268554688,709.4349975585938,33143
2026-09-10 16:29:00+00:00,709.4299926757812,709.69677734375,709.4299926757812,709.6400146484375,55667
2026-09-10 16:30:00+00:00,709.635009765625,709.9500122070312,709.635009765625,709.8250122070312,50761
2026-09-10 16:31:00+00:00,709.7899780273438,709.9500122070312,709.739990234375,709.7999877929688,23293
2026-09-10 16:32:00+00:00,709.8250122070312,710.0999755859375,709.6599731445312,709.9199829101562,52281
2026-09-10 16:33:00+00:00,709.9600219726562,710.010009765625,709.8400268554688,709.9199829101562,22893
2026-09-10 16:34:00+00:00,709.9000244140625,709.9000244140625,708.97998046875,709.0800170898438,250727
2026-09-10 16:35:00+00:00,709.0399780273438,709.1400146484375,708.6300048828125,708.9299926757812,70230
2026-09-10 16:36:00+00:00,709.0,709.3800048828125,709.0,709.3300170898438,37763
2026-09-10 16:37:00+00:00,709.3350219726562,709.5399780273438,709.2750244140625,709.4550170898438,25324
2026-09-10 16:38:00+00:00,709.4349975585938,709.6099853515625,709.3400268554688,709.4000244140625,19284
2026-09-10 16:39:00+00:00,709.4199829101562,709.5693969726562,709.3900146484375,709.5050048828125,27358
2026-09-10 16:40:00+00:00,709.5162963867188,709.8300170898438,709.510009765625,709.8300170898438,19235
2026-09-10 16:41:00+00:00,709.760009765625,709.989990234375,709.6500244140625,709.97998046875,32641
2026-09-10 16:42:00+00:00,710.0,710.073486328125,709.8699951171875,709.989990234375,16970
2026-09-10 16:43:00+00:00,709.9949951171875,710.2000122070312,709.905029296875,710.1599731445312,37875
2026-09-10 16:44:00+00:00,710.1599731445312,710.5700073242188,710.10009765625,710.4249877929688,49695
2026-09-10 16:45:00+00:00,710.423095703125,710.8394775390625,710.4000244140625,710.6895751953125,50974
2026-09-10 16:46:00+00:00,710.6900024414062,711.2100219726562,710.64501953125,711.0700073242188,71165
2026-09-10 16:47:00+00:00,711.1300048828125,711.1300048828125,710.7999877929688,710.8233032226562,60278
2026-09-10 16:48:00+00:00,710.8201293945312,710.8699951171875,710.7000122070312,710.739990234375,61064
2026-09-10 16:49:00+00:00,710.72998046875,710.75,710.364990234375,710.4600219726562,96420
2026-09-10 16:50:00+00:00,710.4450073242188,710.6199951171875,710.4450073242188,710.489990234375,26864
2026-09-10 16:51:00+00:00,710.52001953125,710.6500244140625,710.4400024414062,710.4400024414062,16252
2026-09-10 16:52:00+00:00,710.4500122070312,710.8099975585938,710.380126953125,710.72998046875,31220
2026-09-10 16:53:00+00:00,710.7449951171875,710.9600219726562,710.7000122070312,710.9400024414062,77511
2026-09-10 16:54:00+00:00,710.9401245117188,711.0800170898438,710.9299926757812,711.0609741210938,49554
2026-09-10 16:55:00+00:00,711.0700073242188,711.25,710.9299926757812,711.1849975585938,57805
2026-09-10 16:56:00+00:00,711.1849975585938,711.1849975585938,711.0700073242188,711.1300048828125,38104
2026-09-10 16:57:00+00:00,711.1300048828125,711.1599731445312,710.9099731445312,710.9738159179688,30079
2026-09-10 16:58:00+00:00,710.969970703125,711.159912109375,710.9600219726562,711.0800170898438,16168
2026-09-10 16:59:00+00:00,711.110107421875,711.1364135742188,710.8400268554688,711.030029296875,23688
2026-09-10 17:00:00+00:00,711.0078735351562,711.0557861328125,710.780029296875,710.969970703125,37574
2026-09-10 17:01:00+00:00,711.02001953125,711.0562133789062,710.9500122070312,711.0,17210
2026-09-10 17:02:00+00:00,710.97998046875,711.8099975585938,710.9796142578125,711.0700073242188,222546
2026-09-10 17:03:00+00:00,711.0700073242188,711.0709838867188,710.5499877929688,710.5499877929688,77226
2026-09-10 17:04:00+00:00,710.5599975585938,710.8800048828125,710.5499877929688,710.8800048828125,40258
2026-09-10 17:05:00+00:00,710.8800048828125,711.1099853515625,710.8400268554688,710.9766845703125,22583
2026-09-10 17:06:00+00:00,710.9500122070312,711.010009765625,710.6900024414062,710.9349975585938,52844
2026-09-10 17:07:00+00:00,710.9099731445312,711.069091796875,710.880126953125,711.02001953125,14869
2026-09-10 17:08:00+00:00,711.0,711.1099853515625,710.8699951171875,710.9099731445312,16014
2026-09-10 17:09:00+00:00,710.8900146484375,711.0169067382812,710.8599853515625,710.9099731445312,11866
2026-09-10 17:10:00+00:00,710.8911743164062,711.3900146484375,710.8911743164062,711.3400268554688,52989
2026-09-10 17:11:00+00:00,711.344970703125,711.344970703125,711.1799926757812,711.239990234375,20559
2026-09-10 17:12:00+00:00,711.2473754882812,711.3400268554688,711.2000122070312,711.25,24911
2026-09-10 17:13:00+00:00,711.2650146484375,711.2650146484375,710.9749755859375,710.989990234375,24440
2026-09-10 17:14:00+00:00,711.010009765625,711.0648803710938,710.8200073242188,710.8200073242188,14929
2026-09-10 17:15:00+00:00,710.8400268554688,710.9400024414062,710.77001953125,710.8599853515625,21821
2026-09-10 17:16:00+00:00,710.8900146484375,711.0,710.8900146484375,710.97998046875,10894
2026-09-10 17:17:00+00:00,710.9650268554688,710.969970703125,710.780029296875,710.89990234375,21542
2026-09-10 17:18:00+00:00,710.9000854492188,710.9500122070312,710.7125244140625,710.8250122070312,19133
2026-09-10 17:19:00+00:00,710.7647705078125,710.8051147460938,710.655029296875,710.8049926757812,16431
2026-09-10 17:20:00+00:00,710.8099975585938,710.8099975585938,710.6400146484375,710.7799072265625,31831
2026-09-10 17:21:00+00:00,710.7650146484375,710.7650146484375,710.5900268554688,710.614990234375,12013
2026-09-10 17:22:00+00:00,710.6099853515625,710.7498779296875,710.5900268554688,710.6649780273438,10457
2026-09-10 17:23:00+00:00,710.6699829101562,710.6699829101562,710.469970703125,710.4849853515625,19110
2026-09-10 17:24:00+00:00,710.489990234375,710.5449829101562,710.4299926757812,710.5,19443
2026-09-10 17:25:00+00:00,710.52001953125,710.5250244140625,710.239990234375,710.2999877929688,54606
2026-09-10 17:26:00+00:00,710.2899780273438,710.4500122070312,710.260009765625,710.4500122070312,27036
2026-09-10 17:27:00+00:00,710.469970703125,710.47998046875,710.3049926757812,710.4000244140625,20636
2026-09-10 17:28:00+00:00,710.3900146484375,710.5086059570312,710.2999877929688,710.47998046875,21606
2026-09-10 17:29:00+00:00,710.4500122070312,710.5499877929688,710.4000244140625,710.489990234375,14592
2026-09-10 17:30:00+00:00,710.468017578125,710.469970703125,710.2000122070312,710.2650146484375,25264
2026-09-10 17:31:00+00:00,710.2999267578125,710.469970703125,710.260009765625,710.3900146484375,26846
2026-09-10 17:32:00+00:00,710.4299926757812,710.5875244140625,710.2899780273438,710.3300170898438,66287
2026-09-10 17:33:00+00:00,710.3099975585938,710.3400268554688,710.2000122070312,710.239990234375,25083
2026-09-10 17:34:00+00:00,710.2999877929688,710.52001953125,710.27001953125,710.3099975585938,26130
2026-09-10 17:35:00+00:00,710.3200073242188,710.5899047851562,710.2899780273438,710.5650024414062,23030
2026-09-10 17:36:00+00:00,710.5499877929688,710.5700073242188,710.280029296875,710.280029296875,56414
2026-09-10 17:37:00+00:00,710.280029296875,710.3300170898438,709.989990234375,709.989990234375,59243
2026-09-10 17:38:00+00:00,709.9849853515625,710.0399169921875,709.9199829101562,709.968505859375,35055
2026-09-10 17:39:00+00:00,709.9409790039062,709.969970703125,709.6950073242188,709.72998046875,54951
2026-09-10 17:40:00+00:00,709.7000732421875,709.7849731445312,709.6699829101562,709.7349853515625,22476
2026-09-10 17:41:00+00:00,709.75,709.990478515625,709.75,709.989990234375,46184
2026-09-10 17:42:00+00:00,709.989990234375,710.0,709.9299926757812,710.0,23101
2026-09-10 17:43:00+00:00,710.0599975585938,710.2330932617188,710.0599975585938,710.2000732421875,21715
2026-09-10 17:44:00+00:00,710.2000122070312,710.3099975585938,710.1699829101562,710.2899780273438,20639
2026-09-10 17:45:00+00:00,710.2999877929688,710.3499755859375,710.1099853515625,710.1599731445312,19967
2026-09-10 17:46:00+00:00,710.1599731445312,710.1900024414062,709.9400024414062,709.969970703125,16106
2026-09-10 17:47:00+00:00,710.02001953125,710.139892578125,709.9600219726562,709.9600219726562,40173
2026-09-10 17:48:00+00:00,709.9500122070312,710.1199951171875,709.9299926757812,709.9400024414062,613503
2026-09-10 17:49:00+00:00,709.9450073242188,710.0449829101562,709.9299926757812,709.969970703125,18576
2026-09-10 17:50:00+00:00,709.9849853515625,710.0900268554688,709.9600219726562,710.0800170898438,19959
2026-09-10 17:51:00+00:00,710.0750122070312,710.2000122070312,710.0599975585938,710.1898803710938,44032
2026-09-10 17:52:00+00:00,710.2050170898438,710.3099975585938,710.0800170898438,710.0800170898438,17377
2026-09-10 17:53:00+00:00,710.1199951171875,710.1199951171875,709.7999877929688,710.0650024414062,42092
2026-09-10 17:54:00+00:00,710.030029296875,710.0999755859375,710.02001953125,710.0875244140625,11861
2026-09-10 17:55:00+00:00,710.0700073242188,710.1400146484375,709.8300170898438,709.8599853515625,21896
2026-09-10 17:56:00+00:00,709.8499755859375,709.9600219726562,709.8400268554688,709.9400024414062,19800
2026-09-10 17:57:00+00:00,709.9199829101562,710.2000122070312,709.8900146484375,709.9099731445312,16522
2026-09-10 17:58:00+00:00,709.9249267578125,710.0399780273438,709.8800048828125,710.0,18250
2026-09-10 17:59:00+00:00,710.0,710.0399780273438,709.880615234375,709.8994750976562,11249
2026-09-10 18:00:00+00:00,709.8800048828125,710.2000122070312,709.8099975585938,710.1699829101562,76970
2026-09-10 18:01:00+00:00,710.2100219726562,710.22998046875,709.6599731445312,709.6749877929688,26771
2026-09-10 18:02:00+00:00,709.6599731445312,709.72998046875,709.489990234375,709.5770263671875,40741
2026-09-10 18:03:00+00:00,709.5499877929688,709.5650024414062,709.3300170898438,709.4400024414062,47534
2026-09-10 18:04:00+00:00,709.4401245117188,709.5999755859375,709.4299926757812,709.469970703125,19743
2026-09-10 18:05:00+00:00,709.4500122070312,709.4868774414062,709.219970703125,709.3599853515625,50828
2026-09-10 18:06:00+00:00,709.3499755859375,709.5800170898438,709.3499755859375,709.530029296875,38643
2026-09-10 18:07:00+00:00,709.510009765625,709.7100219726562,709.510009765625,709.6099853515625,25757
2026-09-10 18:08:00+00:00,709.6400146484375,709.6699829101562,709.52001953125,709.52001953125,17623
2026-09-10 18:09:00+00:00,709.4600219726562,709.4600219726562,709.1199951171875,709.2100219726562,23905
2026-09-10 18:10:00+00:00,709.2100219726562,709.2100219726562,708.969970703125,709.125,52900
2026-09-10 18:11:00+00:00,709.155029296875,709.2750244140625,709.14501953125,709.22998046875,22858
2026-09-10 18:12:00+00:00,709.1799926757812,709.2750244140625,709.0900268554688,709.2750244140625,27353
2026-09-10 18:13:00+00:00,709.27001953125,709.375,709.220703125,709.3250122070312,33448
2026-09-10 18:14:00+00:00,709.3200073242188,709.4500122070312,709.2349853515625,709.2349853515625,28515
2026-09-10 18:15:00+00:00,709.2449951171875,709.2449951171875,709.0,709.14501953125,32302
2026-09-10 18:16:00+00:00,709.14501953125,709.2949829101562,708.97998046875,709.010009765625,43339
2026-09-10 18:17:00+00:00,709.030029296875,709.1199951171875,708.989990234375,709.0700073242188,64737
2026-09-10 18:18:00+00:00,709.0900268554688,709.1300048828125,708.989990234375,709.0900268554688,65629
2026-09-10 18:19:00+00:00,709.0999755859375,709.2999877929688,709.0900268554688,709.280029296875,31375
2026-09-10 18:20:00+00:00,709.2750244140625,709.6400146484375,709.2750244140625,709.5599975585938,46273
2026-09-10 18:21:00+00:00,709.5599975585938,709.6199951171875,709.4849853515625,709.5050048828125,33023
2026-09-10 18:22:00+00:00,709.489990234375,709.7050170898438,709.489990234375,709.6699829101562,25199
2026-09-10 18:23:00+00:00,709.6599731445312,709.6600952148438,709.4500122070312,709.5499877929688,31910
2026-09-10 18:24:00+00:00,709.5399780273438,709.5599975585938,709.4099731445312,709.419921875,28225
2026-09-10 18:25:00+00:00,709.4149780273438,709.52001953125,709.2449951171875,709.2449951171875,29711
2026-09-10 18:26:00+00:00,709.25,709.3200073242188,709.0800170898438,709.0989990234375,46184
2026-09-10 18:27:00+00:00,709.0999755859375,709.1699829101562,709.0900268554688,709.1199951171875,35621
2026-09-10 18:28:00+00:00,709.1199951171875,709.4099731445312,709.1199951171875,709.3499755859375,34243
2026-09-10 18:29:00+00:00,709.3200073242188,709.3200073242188,709.1699829101562,709.2098999023438,18217
2026-09-10 18:30:00+00:00,709.1699829101562,709.1699829101562,709.02001953125,709.1199951171875,47637
2026-09-10 18:31:00+00:00,709.0999755859375,709.2000122070312,709.0850219726562,709.1799926757812,22935
2026-09-10 18:32:00+00:00,709.2100219726562,709.2100219726562,709.0499877929688,709.1099853515625,17153
2026-09-10 18:33:00+00:00,709.0900268554688,709.1400146484375,708.9600219726562,709.02001953125,31511
2026-09-10 18:34:00+00:00,709.0,709.3599853515625,708.9213256835938,709.340087890625,65685
2026-09-10 18:35:00+00:00,709.3400268554688,709.4199829101562,709.1699829101562,709.4199829101562,40813
2026-09-10 18:36:00+00:00,709.3900146484375,709.4699096679688,709.3300170898438,709.4393920898438,40851
2026-09-10 18:37:00+00:00,709.3800048828125,709.4099731445312,709.2899780273438,709.3099975585938,52670
2026-09-10 18:38:00+00:00,709.35498046875,709.4998779296875,709.2550048828125,709.47998046875,18442
2026-09-10 18:39:00+00:00,709.469970703125,709.6199951171875,709.3900146484375,709.60498046875,57352
2026-09-10 18:40:00+00:00,709.6099853515625,709.614990234375,709.489990234375,709.5269165039062,25871
2026-09-10 18:41:00+00:00,709.530029296875,709.5800170898438,709.4249877929688,709.47998046875,24730
2026-09-10 18:42:00+00:00,709.469970703125,709.530029296875,709.4500122070312,709.4500122070312,20702
2026-09-10 18:43:00+00:00,709.4312744140625,709.5900268554688,709.385009765625,709.4901123046875,27569
2026-09-10 18:44:00+00:00,709.5151977539062,709.6099853515625,709.5151977539062,709.5499877929688,15518
2026-09-10 18:45:00+00:00,709.5399780273438,709.5800170898438,709.364990234375,709.4000244140625,34164
2026-09-10 18:46:00+00:00,709.4299926757812,709.5349731445312,709.3200073242188,709.3800048828125,53282
2026-09-10 18:47:00+00:00,709.3889770507812,709.3889770507812,709.3099975585938,709.3250732421875,9610
2026-09-10 18:48:00+00:00,709.3300170898438,709.3350830078125,709.0100708007812,709.1749877929688,37918
2026-09-10 18:49:00+00:00,709.1699829101562,709.8291015625,709.1599731445312,709.4600219726562,58818
2026-09-10 18:50:00+00:00,709.4000244140625,709.530029296875,709.1400146484375,709.530029296875,64012
2026-09-10 18:51:00+00:00,709.510009765625,710.1799926757812,709.4550170898438,709.9199829101562,87297
2026-09-10 18:52:00+00:00,709.9299926757812,710.1799926757812,709.8200073242188,710.0999755859375,412544
2026-09-10 18:53:00+00:00,710.0900268554688,710.1599731445312,709.8699951171875,710.02001953125,33744
2026-09-10 18:54:00+00:00,709.989990234375,710.0650024414062,709.72998046875,709.77001953125,24874
2026-09-10 18:55:00+00:00,709.77001953125,709.92626953125,709.72998046875,709.9240112304688,57267
2026-09-10 18:56:00+00:00,709.906005859375,709.96630859375,709.7899780273438,709.7899780273438,46089
2026-09-10 18:57:00+00:00,709.7745971679688,709.7899780273438,709.510009765625,709.614990234375,33759
2026-09-10 18:58:00+00:00,709.5999755859375,709.6300048828125,709.4199829101562,709.5499877929688,28801
2026-09-10 18:59:00+00:00,709.5250244140625,709.6500244140625,709.5250244140625,709.5750122070312,18145
2026-09-10 19:00:00+00:00,709.5700073242188,709.606201171875,709.3599853515625,709.4349975585938,56156
2026-09-10 19:01:00+00:00,709.4500122070312,709.530029296875,709.2100219726562,709.2100219726562,56982
2026-09-10 19:02:00+00:00,709.2100219726562,709.3099975585938,709.1500244140625,709.177001953125,97574
2026-09-10 19:03:00+00:00,709.1500244140625,709.3099975585938,709.0499877929688,709.2791137695312,36588
2026-09-10 19:04:00+00:00,709.27001953125,709.2999877929688,709.030029296875,709.0325927734375,31693
2026-09-10 19:05:00+00:00,709.0399780273438,709.1279907226562,709.02001953125,709.072509765625,28969
2026-09-10 19:06:00+00:00,709.0731201171875,709.1749267578125,708.9450073242188,709.0601196289062,60691
2026-09-10 19:07:00+00:00,709.0625,709.1900024414062,708.8200073242188,708.844970703125,59242
2026-09-10 19:08:00+00:00,708.8499755859375,709.0,708.7899780273438,708.8049926757812,30288
2026-09-10 19:09:00+00:00,708.8150024414062,709.4010009765625,708.7999877929688,709.3699951171875,86347
2026-09-10 19:10:00+00:00,709.344970703125,709.4298706054688,709.0800170898438,709.125,41636
2026-09-10 19:11:00+00:00,709.1099853515625,709.159912109375,708.7999877929688,708.875,42917
2026-09-10 19:12:00+00:00,708.8599853515625,709.1300048828125,708.8599853515625,709.0599975585938,29521
2026-09-10 19:13:00+00:00,709.0499877929688,709.1900024414062,709.0499877929688,709.0947875976562,34415
2026-09-10 19:14:00+00:00,709.0700073242188,709.1799926757812,709.0399780273438,709.1386108398438,24882
2026-09-10 19:15:00+00:00,709.135009765625,709.3250122070312,709.0700073242188,709.1300048828125,26364
2026-09-10 19:16:00+00:00,709.0999755859375,709.139892578125,708.9949951171875,709.0,29724
2026-09-10 19:17:00+00:00,709.0,709.1300048828125,708.780029296875,708.8099975585938,35293
2026-09-10 19:18:00+00:00,708.8049926757812,708.8599853515625,708.6699829101562,708.7899780273438,39145
2026-09-10 19:19:00+00:00,708.7949829101562,708.8400268554688,708.7050170898438,708.8400268554688,43742
2026-09-10 19:20:00+00:00,708.8200073242188,708.97998046875,708.739990234375,708.7849731445312,38382
2026-09-10 19:21:00+00:00,708.7999877929688,708.8599853515625,708.739990234375,708.8400268554688,29928
2026-09-10 19:22:00+00:00,708.8599853515625,708.9500122070312,708.8499755859375,708.905029296875,51775
2026-09-10 19:23:00+00:00,708.9099731445312,708.9299926757812,708.7199096679688,708.719970703125,28191
2026-09-10 19:24:00+00:00,708.7050170898438,709.1300048828125,708.7000122070312,709.0900268554688,63097
2026-09-10 19:25:00+00:00,709.0850219726562,709.22998046875,709.02001953125,709.0349731445312,38717
2026-09-10 19:26:00+00:00,709.02001953125,709.1381225585938,709.02001953125,709.0499877929688,44011
2026-09-10 19:27:00+00:00,709.0599975585938,709.2249755859375,709.0499877929688,709.2098999023438,35816
2026-09-10 19:28:00+00:00,709.1799926757812,709.27001953125,709.0750122070312,709.2349853515625,63523
2026-09-10 19:29:00+00:00,709.2000122070312,709.27001953125,709.14501953125,709.1799926757812,33621
2026-09-10 19:30:00+00:00,709.1599731445312,709.2249755859375,708.969970703125,708.969970703125,92527
2026-09-10 19:31:00+00:00,708.9400024414062,709.1099853515625,708.8300170898438,709.0700073242188,56890
2026-09-10 19:32:00+00:00,709.0599975585938,709.1500244140625,709.010009765625,709.0549926757812,176972
2026-09-10 19:33:00+00:00,709.0499877929688,709.2000122070312,709.010009765625,709.14501953125,45868
2026-09-10 19:34:00+00:00,709.1599731445312,709.3499755859375,709.1599731445312,709.2825927734375,57763
2026-09-10 19:35:00+00:00,709.27001953125,709.2899780273438,708.97998046875,708.97998046875,119787
2026-09-10 19:36:00+00:00,708.9835815429688,709.1699829101562,708.97998046875,709.0900268554688,38169
2026-09-10 19:37:00+00:00,709.1099853515625,709.1199951171875,708.8300170898438,708.9400024414062,49385
2026-09-10 19:38:00+00:00,708.9400024414062,709.2100219726562,708.8800048828125,709.1799926757812,67198
2026-09-10 19:39:00+00:00,709.169921875,709.3099975585938,709.1099853515625,709.1599731445312,57617
2026-09-10 19:40:00+00:00,709.1749877929688,709.3400268554688,709.1400146484375,709.1699829101562,34478
2026-09-10 19:41:00+00:00,709.1900024414062,709.260009765625,709.0900268554688,709.1900024414062,31474
2026-09-10 19:42:00+00:00,709.1799926757812,709.3099975585938,709.1799926757812,709.3099975585938,44673
2026-09-10 19:43:00+00:00,709.3300170898438,709.4299926757812,709.25,709.39501953125,62902
2026-09-10 19:44:00+00:00,709.4099731445312,709.4099731445312,709.0999755859375,709.135009765625,78313
2026-09-10 19:45:00+00:00,709.135009765625,709.3499755859375,709.0999755859375,709.3300170898438,82086
2026-09-10 19:46:00+00:00,709.3200073242188,709.3400268554688,709.0,709.0,65212
2026-09-10 19:47:00+00:00,709.0015869140625,709.1699829101562,708.8900146484375,709.0599975585938,133082
2026-09-10 19:48:00+00:00,709.0599975585938,709.0999755859375,708.8900146484375,708.9500122070312,61318
2026-09-10 19:49:00+00:00,708.9500122070312,709.219970703125,708.9400024414062,709.1799926757812,46008
2026-09-10 19:50:00+00:00,709.1699829101562,709.3900146484375,708.8200073242188,708.8300170898438,119450
2026-09-10 19:51:00+00:00,708.8300170898438,708.8499755859375,708.5850219726562,708.72998046875,130521
2026-09-10 19:52:00+00:00,708.7000122070312,708.719970703125,708.4199829101562,708.4400024414062,156636
2026-09-10 19:53:00+00:00,708.4400024414062,708.6400146484375,708.280029296875,708.6099853515625,154433
2026-09-10 19:54:00+00:00,708.6300048828125,708.6900024414062,708.3400268554688,708.6099853515625,199456
2026-09-10 19:55:00+00:00,708.5800170898438,708.8499755859375,708.52001953125,708.6599731445312,151122
2026-09-10 19:56:00+00:00,708.6599731445312,708.7050170898438,708.4600830078125,708.5399780273438,116695
2026-09-10 19:57:00+00:00,708.5599975585938,708.6950073242188,708.4249877929688,708.625,171352
2026-09-10 19:58:00+00:00,708.6199951171875,708.7100219726562,708.5349731445312,708.635009765625,190615
2026-09-10 19:59:00+00:00,708.6400146484375,708.77001953125,708.3499755859375,708.6599731445312,501478
2026-09-11 13:30:00+00:00,715.4400024414062,715.4400024414062,714.1801147460938,714.6599731445312,2867712
2026-09-11 13:31:00+00:00,714.6900024414062,714.6900024414062,713.9299926757812,714.3399047851562,171260
2026-09-11 13:32:00+00:00,714.27099609375,714.9368286132812,714.0999755859375,714.4600219726562,161174
2026-09-11 13:33:00+00:00,714.4600219726562,715.5700073242188,714.4000244140625,715.3699951171875,197629
2026-09-11 13:34:00+00:00,715.3400268554688,715.8400268554688,715.1300048828125,715.7036743164062,130132
2026-09-11 13:35:00+00:00,715.6799926757812,715.969970703125,715.22119140625,715.340087890625,142217
2026-09-11 13:36:00+00:00,715.360107421875,715.4199829101562,714.5999755859375,714.60498046875,216133
2026-09-11 13:37:00+00:00,714.5700073242188,715.6099853515625,714.5700073242188,715.360595703125,142175
2026-09-11 13:38:00+00:00,715.3699951171875,715.5399780273438,715.02001953125,715.4550170898438,113310
2026-09-11 13:39:00+00:00,715.4600219726562,715.5,715.0,715.0999755859375,94554
2026-09-11 13:40:00+00:00,715.2537841796875,715.5800170898438,714.0902709960938,714.9398803710938,190489
2026-09-11 13:41:00+00:00,715.0549926757812,716.1799926757812,715.030029296875,715.719970703125,209175
2026-09-11 13:42:00+00:00,715.6900024414062,715.719970703125,715.3499755859375,715.469970703125,105287
2026-09-11 13:43:00+00:00,715.4600219726562,715.6900024414062,715.0900268554688,715.4299926757812,74998
2026-09-11 13:44:00+00:00,715.4000244140625,716.0,715.239990234375,716.0,85577
2026-09-11 13:45:00+00:00,715.9849853515625,716.2000122070312,715.1799926757812,716.2000122070312,122215
2026-09-11 13:46:00+00:00,716.1699829101562,716.9310302734375,715.739990234375,716.2100219726562,279367
2026-09-11 13:47:00+00:00,716.1599731445312,716.22998046875,715.8400268554688,716.0700073242188,81863
2026-09-11 13:48:00+00:00,716.010009765625,716.2100219726562,715.4199829101562,715.4655151367188,106284
2026-09-11 13:49:00+00:00,715.47998046875,716.2399291992188,715.469970703125,716.0150146484375,85462
2026-09-11 13:50:00+00:00,716.0599975585938,716.2949829101562,715.7999877929688,715.87841796875,91679
2026-09-11 13:51:00+00:00,715.8900146484375,715.8900146484375,715.3519897460938,715.6300048828125,62661
2026-09-11 13:52:00+00:00,715.6799926757812,715.719970703125,714.760009765625,715.125,105060
2026-09-11 13:53:00+00:00,715.080078125,715.4400024414062,714.9199829101562,715.4400024414062,70231
2026-09-11 13:54:00+00:00,715.4199829101562,715.8300170898438,715.2999877929688,715.8300170898438,72720
2026-09-11 13:55:00+00:00,715.8200073242188,716.0,715.5700073242188,715.9700927734375,51222
2026-09-11 13:56:00+00:00,715.97998046875,716.2000122070312,715.9099731445312,716.0700073242188,57942
2026-09-11 13:57:00+00:00,716.0599975585938,716.2000122070312,715.7890014648438,716.1400146484375,48830
2026-09-11 13:58:00+00:00,716.1500244140625,716.5,716.0900268554688,716.4600219726562,59078
2026-09-11 13:59:00+00:00,716.5,717.0399780273438,716.4199829101562,716.864990234375,102063
2026-09-11 14:00:00+00:00,716.9299926757812,716.9299926757812,716.2100830078125,716.4550170898438,175187
2026-09-11 14:01:00+00:00,716.4400024414062,716.8699951171875,715.9500122070312,715.97998046875,61301
2026-09-11 14:02:00+00:00,715.97998046875,716.1099243164062,715.7449951171875,716.1091918945312,53243
2026-09-11 14:03:00+00:00,716.0850219726562,716.1380004882812,715.4099731445312,715.4849853515625,82372
2026-09-11 14:04:00+00:00,715.530029296875,715.6199951171875,714.9151000976562,715.0,74673
2026-09-11 14:05:00+00:00,714.97998046875,715.3748168945312,714.9400024414062,714.9500122070312,55350
2026-09-11 14:06:00+00:00,714.9299926757812,715.0999755859375,714.47998046875,714.5599975585938,67395
2026-09-11 14:07:00+00:00,714.6300048828125,714.75,714.4099731445312,714.6599731445312,66773
2026-09-11 14:08:00+00:00,714.72998046875,714.989990234375,714.4901123046875,714.6099853515625,68250
2026-09-11 14:09:00+00:00,714.5499877929688,715.0499877929688,714.4199829101562,715.0499877929688,63176
2026-09-11 14:10:00+00:00,715.0599975585938,715.760009765625,714.9000244140625,715.4099731445312,124884
2026-09-11 14:11:00+00:00,715.4299926757812,715.47998046875,714.8104858398438,715.3300170898438,76325
2026-09-11 14:12:00+00:00,715.3499755859375,715.3541870117188,714.7050170898438,715.0399780273438,84748
2026-09-11 14:13:00+00:00,715.0850219726562,715.3499755859375,714.8099975585938,715.1099853515625,67159
2026-09-11 14:14:00+00:00,715.1099853515625,715.3200073242188,714.8699951171875,715.0700073242188,88982
2026-09-11 14:15:00+00:00,715.1099853515625,715.3599853515625,715.0399780273438,715.1400146484375,60188
2026-09-11 14:16:00+00:00,715.1400146484375,715.3300170898438,714.7550048828125,714.8300170898438,63734
2026-09-11 14:17:00+00:00,714.760009765625,714.8599853515625,714.5700073242188,714.7999877929688,203918
2026-09-11 14:18:00+00:00,714.75,715.6099853515625,714.5850219726562,715.5900268554688,41565
2026-09-11 14:19:00+00:00,715.5604858398438,716.169921875,715.5,716.1199951171875,98806
2026-09-11 14:20:00+00:00,716.1199951171875,716.5399780273438,715.989990234375,716.4598999023438,111125
2026-09-11 14:21:00+00:00,716.4349975585938,716.5399780273438,716.2100219726562,716.4500122070312,81574
2026-09-11 14:22:00+00:00,716.4500122070312,716.6699829101562,716.2050170898438,716.5900268554688,67072
2026-09-11 14:23:00+00:00,716.6099853515625,716.6099853515625,716.2999877929688,716.3699951171875,42958
2026-09-11 14:24:00+00:00,716.3699951171875,716.52001953125,716.1500854492188,716.2000122070312,40531
2026-09-11 14:25:00+00:00,716.2650146484375,716.489990234375,716.1900024414062,716.239990234375,35338
2026-09-11 14:26:00+00:00,716.2849731445312,716.6589965820312,716.1300048828125,716.52001953125,59049
2026-09-11 14:27:00+00:00,716.5100708007812,716.7899780273438,716.489990234375,716.530029296875,47973
2026-09-11 14:28:00+00:00,716.5499877929688,716.77001953125,716.5499877929688,716.7000122070312,63944
2026-09-11 14:29:00+00:00,716.719970703125,716.8300170898438,716.4600219726562,716.4600219726562,59812
2026-09-11 14:30:00+00:00,716.5,716.5499877929688,716.1099853515625,716.260009765625,70749
2026-09-11 14:31:00+00:00,716.2650146484375,716.4849853515625,715.5700073242188,715.5850219726562,67165
2026-09-11 14:32:00+00:00,715.5905151367188,715.8499755859375,715.510009765625,715.8300170898438,57124
2026-09-11 14:33:00+00:00,715.844970703125,715.9099731445312,715.47998046875,715.77001953125,140936
2026-09-11 14:34:00+00:00,715.7899780273438,715.8499755859375,715.4299926757812,715.5399780273438,69463
2026-09-11 14:35:00+00:00,715.4400024414062,715.5214233398438,715.1900024414062,715.3250122070312,166858
2026-09-11 14:36:00+00:00,715.3200073242188,715.3200073242188,715.0399780273438,715.1099853515625,89051
2026-09-11 14:37:00+00:00,715.0999755859375,715.3499755859375,715.0700073242188,715.239990234375,76183
2026-09-11 14:38:00+00:00,715.1799926757812,715.1900024414062,714.5,714.6500244140625,202364
2026-09-11 14:39:00+00:00,714.6900024414062,714.9600219726562,714.6500244140625,714.8900146484375,93401
2026-09-11 14:40:00+00:00,714.89501953125,715.4598999023438,714.89501953125,715.1300048828125,96744
2026-09-11 14:41:00+00:00,715.0963134765625,715.25,714.8499755859375,714.9520263671875,28100
2026-09-11 14:42:00+00:00,714.97998046875,715.1599731445312,714.7999877929688,714.8499755859375,23393
2026-09-11 14:43:00+00:00,714.844970703125,714.8900146484375,714.1400146484375,714.1599731445312,99490
2026-09-11 14:44:00+00:00,714.1500244140625,714.5700073242188,714.1099853515625,714.5599975585938,80612
2026-09-11 14:45:00+00:00,714.5599975585938,714.77001953125,714.4500122070312,714.7650146484375,39274
2026-09-11 14:46:00+00:00,714.7550048828125,714.7550048828125,714.0599975585938,714.1099853515625,58156
2026-09-11 14:47:00+00:00,714.0999755859375,714.25,713.70361328125,713.8200073242188,91538
2026-09-11 14:48:00+00:00,713.885009765625,715.0700073242188,713.6500244140625,714.4849853515625,423877
2026-09-11 14:49:00+00:00,714.440673828125,715.1898803710938,714.3699951171875,715.1699829101562,92144
2026-09-11 14:50:00+00:00,715.1699829101562,715.219970703125,714.6699829101562,714.8800048828125,110283
2026-09-11 14:51:00+00:00,714.8300170898438,715.0599975585938,714.6300048828125,714.8800048828125,46444
2026-09-11 14:52:00+00:00,714.844970703125,714.97998046875,714.6799926757812,714.6799926757812,61023
2026-09-11 14:53:00+00:00,714.6300048828125,714.7000122070312,714.4099731445312,714.5549926757812,27584
2026-09-11 14:54:00+00:00,714.5499877929688,714.635009765625,714.4600219726562,714.47998046875,25626
2026-09-11 14:55:00+00:00,714.489990234375,714.5,714.0,714.1500244140625,60838
2026-09-11 14:56:00+00:00,714.1699829101562,714.2849731445312,714.0,714.14501953125,38802
2026-09-11 14:57:00+00:00,714.1500244140625,714.5599975585938,714.0700073242188,714.5499877929688,34267
2026-09-11 14:58:00+00:00,714.52001953125,714.6500244140625,714.3200073242188,714.3250122070312,47266
2026-09-11 14:59:00+00:00,714.3200073242188,714.6494750976562,714.1900024414062,714.489990234375,41486
2026-09-11 15:00:00+00:00,714.4492797851562,714.9000244140625,714.27001953125,714.8699951171875,70921
2026-09-11 15:01:00+00:00,714.8685913085938,714.8685913085938,714.5399780273438,714.7525024414062,86074
2026-09-11 15:02:00+00:00,714.75,714.8200073242188,714.5700073242188,714.7880859375,22356
2026-09-11 15:03:00+00:00,714.8599853515625,715.0399780273438,714.60498046875,715.0399780273438,29854
2026-09-11 15:04:00+00:00,715.010009765625,715.280029296875,714.760009765625,715.2700805664062,42433
2026-09-11 15:05:00+00:00,715.2777099609375,715.6649780273438,715.219970703125,715.5999755859375,94643
2026-09-11 15:06:00+00:00,715.594970703125,715.97998046875,715.5938110351562,715.89501953125,116877
2026-09-11 15:07:00+00:00,715.89501953125,715.9249877929688,715.6300048828125,715.7999877929688,71314
2026-09-11 15:08:00+00:00,715.7899780273438,715.7899780273438,715.5986938476562,715.6300048828125,31122
2026-09-11 15:09:00+00:00,715.580078125,715.760009765625,715.47998046875,715.6900024414062,40898
2026-09-11 15:10:00+00:00,715.7050170898438,715.7999877929688,715.5650024414062,715.6900024414062,39363
2026-09-11 15:11:00+00:00,715.6599731445312,715.6599731445312,715.3499755859375,715.4537963867188,25647
2026-09-11 15:12:00+00:00,715.4400024414062,715.489990234375,715.2100219726562,715.219970703125,66836
2026-09-11 15:13:00+00:00,715.25,715.2899780273438,714.5999755859375,714.9099731445312,55644
2026-09-11 15:14:00+00:00,714.9749755859375,715.0800170898438,714.9000244140625,715.0800170898438,22510
2026-09-11 15:15:00+00:00,715.0800170898438,715.8599853515625,715.0800170898438,715.8499755859375,33884
2026-09-11 15:16:00+00:00,715.85498046875,716.2899780273438,715.760009765625,716.27001953125,55077
2026-09-11 15:17:00+00:00,716.2100219726562,716.260009765625,716.010009765625,716.1099853515625,131306
2026-09-11 15:18:00+00:00,716.1300048828125,716.2650146484375,716.02001953125,716.2000122070312,26116
2026-09-11 15:19:00+00:00,716.219970703125,716.2550048828125,716.0399780273438,716.1199951171875,47409
2026-09-11 15:20:00+00:00,716.1400146484375,716.2210083007812,716.0999755859375,716.155029296875,30122
2026-09-11 15:21:00+00:00,716.10498046875,716.3900146484375,716.0800170898438,716.2899780273438,45921
2026-09-11 15:22:00+00:00,716.2899780273438,716.4600219726562,716.1649780273438,716.3599853515625,23955
2026-09-11 15:23:00+00:00,716.3499755859375,716.4199829101562,716.1749877929688,716.2150268554688,23766
2026-09-11 15:24:00+00:00,716.22998046875,716.72998046875,716.2252807617188,716.6799926757812,35384
2026-09-11 15:25:00+00:00,716.6801147460938,716.7349853515625,716.5999755859375,716.64501953125,64265
2026-09-11 15:26:00+00:00,716.6649780273438,717.0999755859375,716.6649780273438,717.0900268554688,100567
2026-09-11 15:27:00+00:00,717.0800170898438,717.4249877929688,717.0800170898438,717.4199829101562,151888
2026-09-11 15:28:00+00:00,717.4500122070312,717.4500122070312,717.2001953125,717.27001953125,56768
2026-09-11 15:29:00+00:00,717.27001953125,717.3400268554688,717.2100219726562,717.2750244140625,91489
2026-09-11 15:30:00+00:00,717.27001953125,717.3699951171875,717.0900268554688,717.35498046875,31136
2026-09-11 15:31:00+00:00,717.3599853515625,717.4284057617188,717.22998046875,717.3200073242188,88259
2026-09-11 15:32:00+00:00,717.3101196289062,717.6199951171875,717.3099975585938,717.4500122070312,73834
2026-09-11 15:33:00+00:00,717.469970703125,717.510009765625,717.27001953125,717.2999877929688,36943
2026-09-11 15:34:00+00:00,717.3099975585938,717.3599853515625,717.22998046875,717.2899780273438,28314
2026-09-11 15:35:00+00:00,717.280029296875,717.3250122070312,716.9400024414062,716.969970703125,34611
2026-09-11 15:36:00+00:00,717.0800170898438,717.1749877929688,717.010009765625,717.0499877929688,24657
2026-09-11 15:37:00+00:00,717.0700073242188,717.1199951171875,716.8099975585938,716.8699951171875,29992
2026-09-11 15:38:00+00:00,716.860107421875,716.8900146484375,716.739990234375,716.8200073242188,24528
2026-09-11 15:39:00+00:00,716.8201293945312,717.2000122070312,716.8200073242188,717.0499877929688,32516
2026-09-11 15:40:00+00:00,717.0499877929688,717.125,716.830078125,716.97998046875,15115
2026-09-11 15:41:00+00:00,716.969970703125,717.0700073242188,716.8900146484375,716.969970703125,18965
2026-09-11 15:42:00+00:00,716.9473266601562,717.0250244140625,716.9249877929688,716.9249877929688,20788
2026-09-11 15:43:00+00:00,716.9486083984375,717.22998046875,716.9199829101562,717.1699829101562,29040
2026-09-11 15:44:00+00:00,717.153076171875,717.2100219726562,717.1099853515625,717.1099853515625,22056
2026-09-11 15:45:00+00:00,717.0999755859375,717.0999755859375,716.9299926757812,716.9508056640625,11407
2026-09-11 15:46:00+00:00,716.9199829101562,716.989990234375,716.75,716.97998046875,17048
2026-09-11 15:47:00+00:00,716.9949951171875,717.0336303710938,716.8400268554688,716.9000244140625,16047
2026-09-11 15:48:00+00:00,716.8699951171875,716.9199829101562,716.7000122070312,716.8150024414062,46702
2026-09-11 15:49:00+00:00,716.8200073242188,717.0599975585938,716.7999877929688,716.9000244140625,21702
2026-09-11 15:50:00+00:00,716.9099731445312,717.0490112304688,716.8200073242188,717.0490112304688,32463
2026-09-11 15:51:00+00:00,717.0050048828125,717.0349731445312,716.8394775390625,716.875,20109
2026-09-11 15:52:00+00:00,716.8699951171875,716.8699951171875,716.6900024414062,716.72998046875,16912
2026-09-11 15:53:00+00:00,716.7000122070312,716.7050170898438,716.3900146484375,716.3920288085938,57999
2026-09-11 15:54:00+00:00,716.4000244140625,716.4299926757812,716.2449951171875,716.3900146484375,29431
2026-09-11 15:55:00+00:00,716.3800048828125,716.4500122070312,716.2675170898438,716.2675170898438,77440
2026-09-11 15:56:00+00:00,716.2680053710938,716.4500122070312,716.219970703125,716.4019775390625,33304
2026-09-11 15:57:00+00:00,716.4400024414062,716.7000122070312,716.4349975585938,716.5,26013
2026-09-11 15:58:00+00:00,716.52001953125,716.6102294921875,716.3900146484375,716.6099853515625,54865
2026-09-11 15:59:00+00:00,716.5900268554688,716.6099853515625,716.4400024414062,716.4600219726562,20538
2026-09-11 16:00:00+00:00,716.4600219726562,716.739990234375,716.4500122070312,716.5750122070312,27195
2026-09-11 16:01:00+00:00,716.6300048828125,716.9600219726562,716.6300048828125,716.9199829101562,31305
2026-09-11 16:02:00+00:00,716.9099731445312,717.14501953125,716.8499755859375,717.14501953125,21793
2026-09-11 16:03:00+00:00,717.1199951171875,717.2000122070312,716.8455200195312,716.8455200195312,25314
2026-09-11 16:04:00+00:00,716.8400268554688,717.1849975585938,716.8400268554688,717.1849975585938,25826
2026-09-11 16:05:00+00:00,717.2100219726562,717.260009765625,717.1799926757812,717.2100219726562,23356
2026-09-11 16:06:00+00:00,717.22998046875,717.239990234375,717.0700073242188,717.1300048828125,16255
2026-09-11 16:07:00+00:00,717.0999755859375,717.1199951171875,716.8099975585938,716.8300170898438,27367
2026-09-11 16:08:00+00:00,716.7949829101562,716.8759765625,716.6699829101562,716.7849731445312,22532
2026-09-11 16:09:00+00:00,716.77001953125,716.9400024414062,716.75,716.9000244140625,10596
2026-09-11 16:10:00+00:00,716.8900146484375,716.969970703125,716.7000122070312,716.72998046875,17698
2026-09-11 16:11:00+00:00,716.7319946289062,716.8400268554688,716.72998046875,716.77001953125,9154
2026-09-11 16:12:00+00:00,716.780029296875,716.780029296875,716.5900268554688,716.5900268554688,17605
2026-09-11 16:13:00+00:00,716.6400146484375,716.6400146484375,716.3413696289062,716.3413696289062,35487
2026-09-11 16:14:00+00:00,716.3400268554688,716.4299926757812,716.3200073242188,716.389892578125,15589
2026-09-11 16:15:00+00:00,716.3499755859375,716.4600219726562,716.25,716.3099975585938,24574
2026-09-11 16:16:00+00:00,716.280029296875,716.3400268554688,716.1099853515625,716.14501953125,38380
2026-09-11 16:17:00+00:00,716.1400146484375,716.3198852539062,716.1199951171875,716.1300048828125,33696
2026-09-11 16:18:00+00:00,716.1199951171875,716.260009765625,716.0599975585938,716.0750122070312,3596
2026-09-11 16:19:00+00:00,716.1400146484375,716.2899780273438,716.0800170898438,716.125,21883
2026-09-11 16:20:00+00:00,716.1699829101562,716.25,715.9500122070312,715.9505004882812,64216
2026-09-11 16:21:00+00:00,715.9500122070312,716.1199951171875,715.9500122070312,716.0023803710938,50845
2026-09-11 16:22:00+00:00,715.989990234375,716.0020141601562,715.7999877929688,715.8599853515625,34899
2026-09-11 16:23:00+00:00,715.8599853515625,715.9450073242188,715.77001953125,715.9099731445312,22213
2026-09-11 16:24:00+00:00,715.8499755859375,715.9199829101562,715.7899780273438,715.8599853515625,25782
2026-09-11 16:25:00+00:00,715.875,716.010009765625,715.7899780273438,715.8093872070312,39589
2026-09-11 16:26:00+00:00,715.8150024414062,715.9500122070312,715.760009765625,715.7899780273438,25739
2026-09-11 16:27:00+00:00,715.7899780273438,716.0900268554688,715.780029296875,715.9600219726562,34798
2026-09-11 16:28:00+00:00,715.9744262695312,716.0999755859375,715.9373168945312,716.0399169921875,33350
2026-09-11 16:29:00+00:00,716.0,716.0399780273438,715.1799926757812,715.25,221920
2026-09-11 16:30:00+00:00,715.2763061523438,715.6500244140625,715.1199951171875,715.625,107071
2026-09-11 16:31:00+00:00,715.6389770507812,715.6389770507812,715.405029296875,715.4462890625,29620
2026-09-11 16:32:00+00:00,715.4600219726562,715.739990234375,715.239990234375,715.6599731445312,73174
2026-09-11 16:33:00+00:00,715.6699829101562,716.1599731445312,715.6666870117188,716.1599731445312,47099
2026-09-11 16:34:00+00:00,716.1649780273438,716.219970703125,715.9600219726562,715.9600219726562,14777
2026-09-11 16:35:00+00:00,715.9099731445312,715.919921875,715.6701049804688,715.6890258789062,20338
2026-09-11 16:36:00+00:00,715.6799926757812,715.7100219726562,715.4849853515625,715.5050048828125,23854
2026-09-11 16:37:00+00:00,715.510009765625,715.6099853515625,715.510009765625,715.5999755859375,14947
2026-09-11 16:38:00+00:00,715.5900268554688,715.6500244140625,715.2850952148438,715.47998046875,21237
2026-09-11 16:39:00+00:00,715.4000244140625,715.5,715.1699829101562,715.1903076171875,15882
2026-09-11 16:40:00+00:00,715.1849975585938,715.5499877929688,715.0499877929688,715.5499877929688,24548
2026-09-11 16:41:00+00:00,715.5499877929688,715.594970703125,715.4450073242188,715.5549926757812,21937
2026-09-11 16:42:00+00:00,715.5850219726562,715.6400146484375,715.4500122070312,715.6287841796875,22006
2026-09-11 16:43:00+00:00,715.5900268554688,715.8400268554688,715.4901123046875,715.8400268554688,21535
2026-09-11 16:44:00+00:00,715.8298950195312,716.0399780273438,715.8134155273438,716.0,12923
2026-09-11 16:45:00+00:00,715.989990234375,715.9998779296875,715.8800048828125,715.9600219726562,13080
2026-09-11 16:46:00+00:00,715.9500122070312,716.0678100585938,715.8900146484375,715.8900146484375,10259
2026-09-11 16:47:00+00:00,715.8900146484375,715.9500122070312,715.8300170898438,715.9099731445312,8238
2026-09-11 16:48:00+00:00,715.905029296875,715.9500122070312,715.6300048828125,715.6799926757812,20188
2026-09-11 16:49:00+00:00,715.6500244140625,715.6799926757812,715.5700073242188,715.60498046875,9557
2026-09-11 16:50:00+00:00,715.5549926757812,715.9099731445312,715.5549926757812,715.7891235351562,11190
2026-09-11 16:51:00+00:00,715.780029296875,715.7899780273438,715.6599731445312,715.7348022460938,9578
2026-09-11 16:52:00+00:00,715.7550048828125,715.8295288085938,715.6950073242188,715.8004150390625,18802
2026-09-11 16:53:00+00:00,715.7899780273438,715.905029296875,715.7750244140625,715.8599853515625,12277
2026-09-11 16:54:00+00:00,715.8699951171875,715.9199829101562,715.8599853515625,715.9000244140625,14259
2026-09-11 16:55:00+00:00,715.9099731445312,716.1099853515625,715.9099731445312,715.9375,27081
2026-09-11 16:56:00+00:00,715.9500122070312,716.0709838867188,715.9149780273438,715.9249877929688,22453
2026-09-11 16:57:00+00:00,715.9299926757812,716.010009765625,715.8499755859375,715.9119873046875,10404
2026-09-11 16:58:00+00:00,715.9299926757812,716.1300048828125,715.9149780273438,716.1300048828125,112077
2026-09-11 16:59:00+00:00,716.0900268554688,716.1300048828125,716.0499877929688,716.0850219726562,13369
2026-09-11 17:00:00+00:00,716.1099853515625,716.3499755859375,716.1099853515625,716.1400146484375,31103
2026-09-11 17:01:00+00:00,716.2100219726562,716.260009765625,716.0999755859375,716.1099853515625,33112
2026-09-11 17:02:00+00:00,716.1699829101562,716.2650146484375,716.0999755859375,716.25,32021
2026-09-11 17:03:00+00:00,716.22998046875,716.3699951171875,716.1599731445312,716.3599853515625,31942
2026-09-11 17:04:00+00:00,716.364990234375,716.4099731445312,716.1900024414062,716.2000122070312,22072
2026-09-11 17:05:00+00:00,716.2006225585938,716.3400268554688,716.2006225585938,716.27099609375,13284
2026-09-11 17:06:00+00:00,716.2999877929688,716.4061889648438,716.260009765625,716.3099975585938,13154
2026-09-11 17:07:00+00:00,716.3099975585938,716.7899780273438,716.2999877929688,716.4340209960938,99662
2026-09-11 17:08:00+00:00,716.4099731445312,716.5399780273438,716.4099731445312,716.4349975585938,9115
2026-09-11 17:09:00+00:00,716.3900146484375,716.510009765625,716.3400268554688,716.489990234375,8878
2026-09-11 17:10:00+00:00,716.4949951171875,716.64501953125,716.2899780273438,716.3699951171875,30444
2026-09-11 17:11:00+00:00,716.35498046875,716.3900146484375,716.25,716.280029296875,25671
2026-09-11 17:12:00+00:00,716.3099975585938,716.47998046875,716.2899780273438,716.4249877929688,28007
2026-09-11 17:13:00+00:00,716.3499755859375,716.4000244140625,716.1699829101562,716.22998046875,24607
2026-09-11 17:14:00+00:00,716.2100219726562,716.25,716.0900268554688,716.110107421875,14589
2026-09-11 17:15:00+00:00,716.1400146484375,716.3198852539062,716.1400146484375,716.3198852539062,11996
2026-09-11 17:16:00+00:00,716.3300170898438,716.530029296875,716.260009765625,716.530029296875,25097
2026-09-11 17:17:00+00:00,716.5321044921875,716.6799926757812,716.4998779296875,716.6649780273438,32341
2026-09-11 17:18:00+00:00,716.6463012695312,716.6500244140625,716.5618896484375,716.5618896484375,29928
2026-09-11 17:19:00+00:00,716.5599975585938,716.739990234375,716.530029296875,716.625,18569
2026-09-11 17:20:00+00:00,716.6300048828125,716.77001953125,716.6199951171875,716.6798706054688,34595
2026-09-11 17:21:00+00:00,716.6900024414062,716.8150024414062,716.6201171875,716.6500244140625,26810
2026-09-11 17:22:00+00:00,716.6699829101562,716.77001953125,716.6500244140625,716.77001953125,13476
2026-09-11 17:23:00+00:00,716.760009765625,716.9400024414062,716.7550048828125,716.9400024414062,160488
2026-09-11 17:24:00+00:00,716.9149780273438,717.0449829101562,716.8800048828125,717.0399780273438,24982
2026-09-11 17:25:00+00:00,717.030029296875,717.1300048828125,716.964111328125,716.97998046875,29508
2026-09-11 17:26:00+00:00,716.97998046875,717.094970703125,716.9132080078125,717.05859375,25711
2026-09-11 17:27:00+00:00,717.0449829101562,717.06689453125,716.9400024414062,716.9400024414062,12095
2026-09-11 17:28:00+00:00,716.9199829101562,716.9500122070312,716.7700805664062,716.8099975585938,34273
2026-09-11 17:29:00+00:00,716.8150024414062,716.8300170898438,716.7650146484375,716.7650146484375,67896
2026-09-11 17:30:00+00:00,716.719970703125,716.9199829101562,716.7100219726562,716.864990234375,12865
2026-09-11 17:31:00+00:00,716.8800048828125,717.0299072265625,716.8699951171875,717.0299072265625,8317
2026-09-11 17:32:00+00:00,717.0700073242188,717.0900268554688,716.7821044921875,716.80517578125,8988
2026-09-11 17:33:00+00:00,716.8099975585938,716.9199829101562,716.760009765625,716.8300170898438,8706
2026-09-11 17:34:00+00:00,716.8265991210938,716.9199829101562,716.719970703125,716.75,30404
2026-09-11 17:35:00+00:00,716.780029296875,716.885009765625,716.739990234375,716.8099975585938,16776
2026-09-11 17:36:00+00:00,716.780029296875,716.8599853515625,716.77001953125,716.8499755859375,22660
2026-09-11 17:37:00+00:00,716.8400268554688,716.8997192382812,716.8200073242188,716.8400268554688,31607
2026-09-11 17:38:00+00:00,716.8599853515625,716.8599853515625,716.6500244140625,716.780029296875,22033
2026-09-11 17:39:00+00:00,716.780029296875,716.7899780273438,716.6500244140625,716.6900024414062,8935
2026-09-11 17:40:00+00:00,716.6801147460938,716.8900146484375,716.6599731445312,716.8599853515625,15613
2026-09-11 17:41:00+00:00,716.8399047851562,716.8399047851562,716.6400756835938,716.72998046875,18889
2026-09-11 17:42:00+00:00,716.7100219726562,716.830078125,716.6599731445312,716.7662963867188,15152
2026-09-11 17:43:00+00:00,716.760009765625,716.9400024414062,716.75,716.8726196289062,14438
2026-09-11 17:44:00+00:00,716.8599853515625,716.8698120117188,716.72998046875,716.760009765625,117939
2026-09-11 17:45:00+00:00,716.75,716.7999877929688,716.7100219726562,716.760009765625,18029
2026-09-11 17:46:00+00:00,716.760009765625,716.7999877929688,716.7000122070312,716.7750244140625,152805
2026-09-11 17:47:00+00:00,716.760009765625,716.780029296875,716.6699829101562,716.760009765625,16798
2026-09-11 17:48:00+00:00,716.75,716.7504272460938,716.5599975585938,716.6199951171875,65179
2026-09-11 17:49:00+00:00,716.6199951171875,716.8900146484375,716.6199951171875,716.8400268554688,20302
2026-09-11 17:50:00+00:00,716.8699951171875,716.8800048828125,716.7899780273438,716.7899780273438,122464
2026-09-11 17:51:00+00:00,716.780029296875,716.8499755859375,716.760009765625,716.8300170898438,27548
2026-09-11 17:52:00+00:00,716.8099975585938,716.8699951171875,716.77001953125,716.864990234375,14041
2026-09-11 17:53:00+00:00,716.8787231445312,716.8787231445312,716.7808227539062,716.8499755859375,12197
2026-09-11 17:54:00+00:00,716.8350219726562,716.8599853515625,716.7515258789062,716.7650146484375,6626
2026-09-11 17:55:00+00:00,716.7899780273438,716.8200073242188,716.72998046875,716.7824096679688,15074
2026-09-11 17:56:00+00:00,716.75,716.7550048828125,716.6599731445312,716.6801147460938,12167
2026-09-11 17:57:00+00:00,716.6599731445312,716.6900024414062,716.5599975585938,716.5599975585938,15514
2026-09-11 17:58:00+00:00,716.5549926757812,716.5750122070312,716.469970703125,716.489990234375,47469
2026-09-11 17:59:00+00:00,716.5,716.531005859375,716.4400024414062,716.510009765625,19332
2026-09-11 18:00:00+00:00,716.530029296875,716.6599731445312,716.4600219726562,716.510009765625,18762
2026-09-11 18:01:00+00:00,716.5399780273438,716.5827026367188,716.4600219726562,716.530029296875,17298
2026-09-11 18:02:00+00:00,716.5900268554688,716.7100219726562,716.5599975585938,716.5999755859375,25888
2026-09-11 18:03:00+00:00,716.5999755859375,716.6799926757812,716.5599975585938,716.6599731445312,16070
2026-09-11 18:04:00+00:00,716.6599731445312,716.6799926757812,716.5599975585938,716.5700073242188,11760
2026-09-11 18:05:00+00:00,716.5499877929688,716.5549926757812,716.3900146484375,716.3900146484375,169778
2026-09-11 18:06:00+00:00,716.4199829101562,716.489990234375,716.4000244140625,716.4500122070312,14737
2026-09-11 18:07:00+00:00,716.4600219726562,716.469970703125,716.4099731445312,716.4500122070312,20087
2026-09-11 18:08:00+00:00,716.4299926757812,716.4404907226562,716.3099975585938,716.3399047851562,29398
2026-09-11 18:09:00+00:00,716.3300170898438,716.4199829101562,716.3300170898438,716.3599853515625,11915
2026-09-11 18:10:00+00:00,716.385009765625,716.3900146484375,716.260009765625,716.3201293945312,125738
2026-09-11 18:11:00+00:00,716.3400268554688,716.3499755859375,716.219970703125,716.260009765625,28104
2026-09-11 18:12:00+00:00,716.2550048828125,716.3099975585938,716.22998046875,716.2501220703125,14134
2026-09-11 18:13:00+00:00,716.25,716.25,716.1798706054688,716.2150268554688,26818
2026-09-11 18:14:00+00:00,716.25,716.260009765625,716.1849975585938,716.2401123046875,37510
2026-09-11 18:15:00+00:00,716.27001953125,716.280029296875,716.0900268554688,716.1500244140625,41246
2026-09-11 18:16:00+00:00,716.1411743164062,716.2650146484375,716.1400146484375,716.1900024414062,19848
2026-09-11 18:17:00+00:00,716.209716796875,716.2999877929688,716.1799926757812,716.260009765625,23088
2026-09-11 18:18:00+00:00,716.260009765625,716.3599853515625,716.2210083007812,716.3150024414062,18400
2026-09-11 18:19:00+00:00,716.3298950195312,716.3699951171875,716.2100219726562,716.25,43861
2026-09-11 18:20:00+00:00,716.2589721679688,716.27001953125,715.719970703125,715.8900146484375,295812
2026-09-11 18:21:00+00:00,715.9000244140625,715.9400024414062,715.72998046875,715.880126953125,155704
2026-09-11 18:22:00+00:00,715.875,716.010009765625,715.8599853515625,715.989990234375,39448
2026-09-11 18:23:00+00:00,715.9500122070312,716.02001953125,715.8400268554688,715.864990234375,21085
2026-09-11 18:24:00+00:00,715.8599853515625,716.0,715.8499755859375,716.0,13658
2026-09-11 18:25:00+00:00,716.010009765625,716.1300048828125,715.989990234375,716.0,28772
2026-09-11 18:26:00+00:00,715.9915161132812,716.1500244140625,715.9500122070312,715.9500122070312,26939
2026-09-11 18:27:00+00:00,715.9500122070312,716.0700073242188,715.9149780273438,716.0499877929688,30261
2026-09-11 18:28:00+00:00,716.0549926757812,716.3599853515625,716.0549926757812,716.3389282226562,42398
2026-09-11 18:29:00+00:00,716.3300170898438,716.3599853515625,716.260009765625,716.2849731445312,13274
2026-09-11 18:30:00+00:00,716.280029296875,716.4600219726562,716.2100219726562,716.2100219726562,26344
2026-09-11 18:31:00+00:00,716.2000122070312,716.27001953125,716.094970703125,716.094970703125,28315
2026-09-11 18:32:00+00:00,716.0800170898438,716.280029296875,716.0399780273438,716.219970703125,15522
2026-09-11 18:33:00+00:00,716.239501953125,716.4099731445312,716.219970703125,716.4000244140625,6843
2026-09-11 18:34:00+00:00,716.4199829101562,716.6400146484375,716.4099731445312,716.5700073242188,110971
2026-09-11 18:35:00+00:00,716.6199951171875,716.6199951171875,716.47998046875,716.5399780273438,14553
2026-09-11 18:36:00+00:00,716.5394897460938,716.6699829101562,716.510009765625,716.6699829101562,23927
2026-09-11 18:37:00+00:00,716.6400146484375,716.6500244140625,716.3900146484375,716.4000244140625,18899
2026-09-11 18:38:00+00:00,716.3800048828125,716.409912109375,716.2999877929688,716.3300170898438,14102
2026-09-11 18:39:00+00:00,716.3782958984375,716.3900146484375,716.3300170898438,716.3900146484375,11656
2026-09-11 18:40:00+00:00,716.4000244140625,716.4450073242188,716.3800048828125,716.4400024414062,19801
2026-09-11 18:41:00+00:00,716.4600219726562,716.4600219726562,716.3800048828125,716.4299926757812,11964
2026-09-11 18:42:00+00:00,716.4199829101562,716.4299926757812,716.25,716.2630004882812,15433
2026-09-11 18:43:00+00:00,716.25,716.25,716.14501953125,716.1599731445312,32423
2026-09-11 18:44:00+00:00,716.1599731445312,716.219970703125,716.1099853515625,716.1799926757812,16519
2026-09-11 18:45:00+00:00,716.1900024414062,716.2100219726562,716.0401000976562,716.0499877929688,26083
2026-09-11 18:46:00+00:00,716.0399780273438,716.1099853515625,716.0,716.0800170898438,28381
2026-09-11 18:47:00+00:00,716.0800170898438,716.3400268554688,716.0578002929688,716.22998046875,23380
2026-09-11 18:48:00+00:00,716.22998046875,716.280029296875,715.969970703125,716.010009765625,37701
2026-09-11 18:49:00+00:00,716.0,716.0800170898438,716.0,716.030029296875,20852
2026-09-11 18:50:00+00:00,716.0,716.0800170898438,715.9730834960938,716.030029296875,16806
2026-09-11 18:51:00+00:00,716.0515747070312,716.0900268554688,716.02001953125,716.030029296875,13936
2026-09-11 18:52:00+00:00,716.0449829101562,716.0700073242188,715.9500122070312,715.97998046875,48914
2026-09-11 18:53:00+00:00,715.969970703125,716.02001953125,715.969970703125,716.0,14878
2026-09-11 18:54:00+00:00,716.0,716.0250244140625,715.9099731445312,715.9400024414062,16936
2026-09-11 18:55:00+00:00,715.9299926757812,716.0999755859375,715.9099731445312,716.0399780273438,25696
2026-09-11 18:56:00+00:00,716.0399780273438,716.1849975585938,716.02001953125,716.1599731445312,44401
2026-09-11 18:57:00+00:00,716.1599731445312,716.1799926757812,715.9600219726562,715.9600219726562,26764
2026-09-11 18:58:00+00:00,715.9674072265625,716.0700073242188,715.9199829101562,716.0599975585938,36652
2026-09-11 18:59:00+00:00,716.0599975585938,716.0700073242188,715.8800048828125,715.9401245117188,61716
2026-09-11 19:00:00+00:00,715.97998046875,716.0499877929688,715.9199829101562,716.010009765625,33867
2026-09-11 19:01:00+00:00,716.010009765625,716.030029296875,715.9404907226562,715.9500122070312,23603
2026-09-11 19:02:00+00:00,715.9299926757812,715.9299926757812,715.8200073242188,715.8900146484375,36153
2026-09-11 19:03:00+00:00,715.8599853515625,715.9099731445312,715.7899780273438,715.8400268554688,36181
2026-09-11 19:04:00+00:00,715.859375,715.9650268554688,715.7999877929688,715.8610229492188,28718
2026-09-11 19:05:00+00:00,715.8900146484375,715.9600219726562,715.844970703125,715.9149780273438,16427
2026-09-11 19:06:00+00:00,715.9299926757812,716.0,715.780029296875,715.780029296875,24400
2026-09-11 19:07:00+00:00,715.780029296875,715.7849731445312,715.6400146484375,715.7025146484375,42421
2026-09-11 19:08:00+00:00,715.6950073242188,715.760009765625,715.6199951171875,715.6796875,17237
2026-09-11 19:09:00+00:00,715.6799926757812,715.7401123046875,715.5601196289062,715.6199951171875,40113
2026-09-11 19:10:00+00:00,715.6060180664062,715.6199951171875,715.4500122070312,715.469970703125,36940
2026-09-11 19:11:00+00:00,715.4503784179688,715.5499877929688,715.3922729492188,715.5499877929688,23522
2026-09-11 19:12:00+00:00,715.5700073242188,715.5999145507812,715.5050048828125,715.5999145507812,12863
2026-09-11 19:13:00+00:00,715.5999755859375,715.6699829101562,715.5261840820312,715.5700073242188,12040
2026-09-11 19:14:00+00:00,715.5700073242188,715.6937255859375,715.510009765625,715.5999755859375,25289
2026-09-11 19:15:00+00:00,715.655029296875,715.719970703125,715.6099853515625,715.6300048828125,16399
2026-09-11 19:16:00+00:00,715.6090698242188,715.6699829101562,715.5700073242188,715.5800170898438,12096
2026-09-11 19:17:00+00:00,715.5999145507812,715.780029296875,715.5999145507812,715.739990234375,17684
2026-09-11 19:18:00+00:00,715.72998046875,715.8499755859375,715.7050170898438,715.8400268554688,28134
2026-09-11 19:19:00+00:00,715.8099975585938,715.8599853515625,715.6900024414062,715.6900024414062,24439
2026-09-11 19:20:00+00:00,715.7050170898438,715.783203125,715.672607421875,715.72998046875,8738
2026-09-11 19:21:00+00:00,715.719970703125,715.75,715.6300048828125,715.6909790039062,13275
2026-09-11 19:22:00+00:00,715.719970703125,715.760009765625,715.6400756835938,715.6478271484375,16719
2026-09-11 19:23:00+00:00,715.6500244140625,715.6900024414062,715.5700073242188,715.6900024414062,26976
2026-09-11 19:24:00+00:00,715.7050170898438,715.8300170898438,715.7050170898438,715.8200073242188,44523
2026-09-11 19:25:00+00:00,715.8099975585938,715.8250122070312,715.739990234375,715.75,6309
2026-09-11 19:26:00+00:00,715.77001953125,715.8800048828125,715.75,715.8300170898438,15721
2026-09-11 19:27:00+00:00,715.864990234375,715.864990234375,715.7000122070312,715.760009765625,24816
2026-09-11 19:28:00+00:00,715.739990234375,715.7949829101562,715.5999755859375,715.5999755859375,29132
2026-09-11 19:29:00+00:00,715.6099853515625,715.6300048828125,715.5399780273438,715.60498046875,28232
2026-09-11 19:30:00+00:00,715.5900268554688,715.6799926757812,715.5499877929688,715.6099853515625,17449
2026-09-11 19:31:00+00:00,715.594970703125,715.6649780273438,715.5599975585938,715.6400146484375,36565
2026-09-11 19:32:00+00:00,715.6500244140625,715.6699829101562,715.5700073242188,715.6199951171875,43100
2026-09-11 19:33:00+00:00,715.614990234375,715.6599731445312,715.5499877929688,715.6300048828125,30974
2026-09-11 19:34:00+00:00,715.6199951171875,715.7199096679688,715.6199951171875,715.7100219726562,23477
2026-09-11 19:35:00+00:00,715.7100219726562,715.739990234375,715.5700073242188,715.6400146484375,74958
2026-09-11 19:36:00+00:00,715.6400146484375,715.6799926757812,715.5700073242188,715.6699829101562,44041
2026-09-11 19:37:00+00:00,715.6599731445312,715.7100219726562,715.6400756835938,715.6799926757812,65122
2026-09-11 19:38:00+00:00,715.6799926757812,715.7100219726562,715.594970703125,715.6199951171875,52263
2026-09-11 19:39:00+00:00,715.6300048828125,715.6799926757812,715.60498046875,715.6699829101562,29919
2026-09-11 19:40:00+00:00,715.6699829101562,715.77001953125,715.6599731445312,715.739990234375,87432
2026-09-11 19:41:00+00:00,715.739990234375,715.7899780273438,715.7000122070312,715.739990234375,47893
2026-09-11 19:42:00+00:00,715.75,715.875,715.7100219726562,715.875,41833
2026-09-11 19:43:00+00:00,715.8800048828125,715.8900146484375,715.72998046875,715.739990234375,61577
2026-09-11 19:44:00+00:00,715.72998046875,715.8049926757812,715.7150268554688,715.7899780273438,67052
2026-09-11 19:45:00+00:00,715.7899780273438,715.9000244140625,715.77001953125,715.885009765625,70929
2026-09-11 19:46:00+00:00,715.885009765625,715.905029296875,715.6199951171875,715.6199951171875,76002
2026-09-11 19:47:00+00:00,715.6199951171875,715.7100219726562,715.5399780273438,715.655029296875,815553
2026-09-11 19:48:00+00:00,715.6500244140625,715.739990234375,715.5333862304688,715.5449829101562,672899
2026-09-11 19:49:00+00:00,715.530029296875,715.6400146484375,715.530029296875,715.5900268554688,47751
2026-09-11 19:50:00+00:00,715.5800170898438,715.5800170898438,715.1099853515625,715.3200073242188,159657
2026-09-11 19:51:00+00:00,715.3099975585938,715.3400268554688,715.1199951171875,715.1400146484375,74935
2026-09-11 19:52:00+00:00,715.1500244140625,715.3400268554688,715.1400146484375,715.2000122070312,74419
2026-09-11 19:53:00+00:00,715.2000122070312,715.5800170898438,715.1749877929688,715.280029296875,73484
2026-09-11 19:54:00+00:00,715.280029296875,715.6649780273438,715.280029296875,715.4749755859375,112057
2026-09-11 19:55:00+00:00,715.4500122070312,715.4500122070312,715.1400146484375,715.3499755859375,126980
2026-09-11 19:56:00+00:00,715.3400268554688,715.3499755859375,715.219970703125,715.3099975585938,92394
2026-09-11 19:57:00+00:00,715.3200073242188,715.4400024414062,715.3060302734375,715.3400268554688,98670
2026-09-11 19:58:00+00:00,715.3300170898438,715.3400268554688,715.0800170898438,715.0999755859375,267394
2026-09-11 19:59:00+00:00,715.0900268554688,715.239990234375,714.739990234375,714.8499755859375,515256
2026-09-14 13:30:00+00:00,703.2899780273438,703.6699829101562,702.7999877929688,702.8599853515625,2971332
2026-09-14 13:31:00+00:00,702.8699951171875,703.6076049804688,702.75,703.1599731445312,310411
2026-09-14 13:32:00+00:00,703.1599731445312,703.8599853515625,703.0900268554688,703.6300048828125,173160
2026-09-14 13:33:00+00:00,703.6400146484375,703.989990234375,703.2797241210938,703.3099975585938,315133
2026-09-14 13:34:00+00:00,703.2899780273438,703.6900024414062,703.0900268554688,703.3400268554688,244426
2026-09-14 13:35:00+00:00,703.3200073242188,703.6749877929688,702.9920043945312,703.125,221688
2026-09-14 13:36:00+00:00,703.125,703.2750244140625,702.8250122070312,702.8900146484375,226707
2026-09-14 13:37:00+00:00,702.8300170898438,703.1599731445312,702.77001953125,702.9600219726562,173278
2026-09-14 13:38:00+00:00,703.0250244140625,703.3499755859375,702.8400268554688,703.0438232421875,172035
2026-09-14 13:39:00+00:00,703.0599975585938,703.1500244140625,702.8499755859375,702.9598999023438,209218
2026-09-14 13:40:00+00:00,702.9600219726562,703.5449829101562,702.8300170898438,703.1400146484375,155679
2026-09-14 13:41:00+00:00,703.1900024414062,703.52001953125,702.9849853515625,703.4500122070312,132374
2026-09-14 13:42:00+00:00,703.47998046875,703.969970703125,703.4149780273438,703.8200073242188,130196
2026-09-14 13:43:00+00:00,703.8300170898438,704.2999877929688,703.6699829101562,704.202880859375,144307
2026-09-14 13:44:00+00:00,704.2000122070312,704.530029296875,704.1950073242188,704.4849853515625,138022
2026-09-14 13:45:00+00:00,704.489990234375,704.97998046875,704.47998046875,704.875,522531
2026-09-14 13:46:00+00:00,704.8616943359375,705.3800048828125,704.8616943359375,705.25,187044
2026-09-14 13:47:00+00:00,705.25,705.7100219726562,705.22998046875,705.6900024414062,180543
2026-09-14 13:48:00+00:00,705.7100219726562,706.1799926757812,705.6599731445312,706.1594848632812,257711
2026-09-14 13:49:00+00:00,706.1500244140625,706.739990234375,706.1500244140625,706.4412841796875,197784
2026-09-14 13:50:00+00:00,706.4400024414062,706.6500244140625,706.239990234375,706.39501953125,173120
2026-09-14 13:51:00+00:00,706.3599853515625,706.3800048828125,705.6849975585938,705.77001953125,186411
2026-09-14 13:52:00+00:00,705.7349853515625,706.27001953125,705.5999755859375,705.9105224609375,140916
2026-09-14 13:53:00+00:00,705.9199829101562,706.1300048828125,705.5999755859375,706.1099853515625,88643
2026-09-14 13:54:00+00:00,706.1099853515625,706.1500244140625,705.8150024414062,705.8150024414062,134928
2026-09-14 13:55:00+00:00,705.8099975585938,706.0900268554688,705.5999755859375,705.7000122070312,109272
2026-09-14 13:56:00+00:00,705.7100219726562,705.8071899414062,705.4600830078125,705.8071899414062,116393
2026-09-14 13:57:00+00:00,705.75,705.8200073242188,705.4199829101562,705.6701049804688,85533
2026-09-14 13:58:00+00:00,705.6749877929688,706.1099853515625,705.4299926757812,705.8499755859375,90133
2026-09-14 13:59:00+00:00,705.8800048828125,705.9299926757812,705.6500244140625,705.7849731445312,69137
2026-09-14 14:00:00+00:00,705.7401123046875,706.1370239257812,705.7000122070312,706.0900268554688,57575
2026-09-14 14:01:00+00:00,706.0700073242188,706.60498046875,706.0,706.5698852539062,112846
2026-09-14 14:02:00+00:00,706.6024169921875,706.6024169921875,705.8400268554688,705.8400268554688,116738
2026-09-14 14:03:00+00:00,705.8400268554688,706.2000122070312,705.8200073242188,706.0449829101562,55792
2026-09-14 14:04:00+00:00,706.0,706.291015625,705.9949951171875,706.2349853515625,59458
2026-09-14 14:05:00+00:00,706.2100219726562,706.4600219726562,706.1400146484375,706.3499755859375,27808
2026-09-14 14:06:00+00:00,706.3499755859375,707.18798828125,706.3499755859375,707.0399780273438,139996
2026-09-14 14:07:00+00:00,707.010009765625,707.2899780273438,706.9600830078125,707.2000122070312,122443
2026-09-14 14:08:00+00:00,707.2000122070312,707.47998046875,707.1704711914062,707.3400268554688,96041
2026-09-14 14:09:00+00:00,707.3300170898438,707.3499755859375,707.1699829101562,707.239990234375,82105
2026-09-14 14:10:00+00:00,707.2050170898438,707.7698974609375,707.2050170898438,707.4000244140625,163797
2026-09-14 14:11:00+00:00,707.3900146484375,707.760009765625,707.3699951171875,707.510009765625,158150
2026-09-14 14:12:00+00:00,707.489990234375,707.6699829101562,707.4000244140625,707.469970703125,115402
2026-09-14 14:13:00+00:00,707.4600219726562,707.52001953125,707.27001953125,707.4199829101562,90525
2026-09-14 14:14:00+00:00,707.4149780273438,707.6099853515625,707.3800048828125,707.4199829101562,78329
2026-09-14 14:15:00+00:00,707.4299926757812,707.6199951171875,707.3300170898438,707.3300170898438,133864
2026-09-14 14:16:00+00:00,707.3297119140625,707.3499755859375,706.8494873046875,706.9450073242188,170104
2026-09-14 14:17:00+00:00,706.9600219726562,707.0499877929688,706.6300048828125,706.6873779296875,52760
2026-09-14 14:18:00+00:00,706.6599731445312,706.8200073242188,706.4550170898438,706.5,85753
2026-09-14 14:19:00+00:00,706.4949951171875,706.72998046875,706.39501953125,706.719970703125,100260
2026-09-14 14:20:00+00:00,706.7100219726562,706.739990234375,706.4000244140625,706.5150146484375,86821
2026-09-14 14:21:00+00:00,706.489990234375,706.489990234375,705.760009765625,706.1008911132812,141920
2026-09-14 14:22:00+00:00,706.10498046875,706.1599731445312,705.8599853515625,706.0499877929688,73859
2026-09-14 14:23:00+00:00,706.0599975585938,706.1799926757812,705.9400024414062,706.1478881835938,47382
2026-09-14 14:24:00+00:00,706.1749877929688,706.1749877929688,705.77001953125,705.8099975585938,68713
2026-09-14 14:25:00+00:00,705.7698974609375,705.8499755859375,705.4500122070312,705.4500122070312,129317
2026-09-14 14:26:00+00:00,705.4500122070312,705.5399780273438,705.1099853515625,705.2899169921875,136765
2026-09-14 14:27:00+00:00,705.2791137695312,705.559814453125,705.22998046875,705.52001953125,110126
2026-09-14 14:28:00+00:00,705.52001953125,705.9099731445312,705.4700927734375,705.6699829101562,112374
2026-09-14 14:29:00+00:00,705.6400146484375,705.7949829101562,705.3699951171875,705.780029296875,59390
2026-09-14 14:30:00+00:00,705.7924194335938,705.9819946289062,705.52001953125,705.52001953125,68279
2026-09-14 14:31:00+00:00,705.510009765625,705.844970703125,705.3900146484375,705.7301025390625,69710
2026-09-14 14:32:00+00:00,705.719970703125,705.7550048828125,705.5399780273438,705.7449951171875,57287
2026-09-14 14:33:00+00:00,705.7449951171875,705.760009765625,705.510009765625,705.6649780273438,32612
2026-09-14 14:34:00+00:00,705.6799926757812,706.0999755859375,705.6799926757812,706.0549926757812,69865
2026-09-14 14:35:00+00:00,706.0250244140625,706.0250244140625,705.2249755859375,705.2650146484375,75346
2026-09-14 14:36:00+00:00,705.25,705.4099731445312,704.8699951171875,704.875,92053
2026-09-14 14:37:00+00:00,704.8800048828125,705.0399780273438,704.780029296875,705.0399780273438,70501
2026-09-14 14:38:00+00:00,705.0247192382812,705.0399780273438,704.6699829101562,704.8099975585938,51048
2026-09-14 14:39:00+00:00,704.8400268554688,704.9600219726562,704.6500244140625,704.9500122070312,41172
2026-09-14 14:40:00+00:00,704.9099731445312,704.97998046875,704.7301025390625,704.8400268554688,47277
2026-09-14 14:41:00+00:00,704.8201293945312,704.875,704.590087890625,704.75,51204
2026-09-14 14:42:00+00:00,704.7249755859375,705.2100219726562,704.719970703125,705.0700073242188,77801
2026-09-14 14:43:00+00:00,705.0900268554688,705.0900268554688,704.7000122070312,704.7899780273438,56238
2026-09-14 14:44:00+00:00,704.77001953125,705.4400024414062,704.7125244140625,705.4400024414062,80582
2026-09-14 14:45:00+00:00,705.4500122070312,705.97998046875,705.3400268554688,705.9500122070312,90228
2026-09-14 14:46:00+00:00,705.9500122070312,706.1099853515625,705.7899780273438,705.8599853515625,52370
2026-09-14 14:47:00+00:00,705.85498046875,705.8699951171875,705.4099731445312,705.6799926757812,58513
2026-09-14 14:48:00+00:00,705.7000122070312,705.969970703125,705.6599731445312,705.7899169921875,33771
2026-09-14 14:49:00+00:00,705.780029296875,705.8200073242188,705.5800170898438,705.7634887695312,29094
2026-09-14 14:50:00+00:00,705.8200073242188,705.8300170898438,705.1099853515625,705.260009765625,54164
2026-09-14 14:51:00+00:00,705.3079833984375,705.77001953125,705.2877807617188,705.6799926757812,23988
2026-09-14 14:52:00+00:00,705.6199951171875,705.6199951171875,705.080078125,705.155029296875,48306
2026-09-14 14:53:00+00:00,705.1599731445312,705.280029296875,705.0700073242188,705.0700073242188,26704
2026-09-14 14:54:00+00:00,705.0499877929688,705.239990234375,705.030029296875,705.1900024414062,72472
2026-09-14 14:55:00+00:00,705.2100219726562,705.2100219726562,704.9299926757812,705.1339721679688,49655
2026-09-14 14:56:00+00:00,705.1099853515625,705.2379150390625,704.9299926757812,705.2379150390625,22585
2026-09-14 14:57:00+00:00,705.2100219726562,705.5800170898438,705.1010131835938,705.5324096679688,30839
2026-09-14 14:58:00+00:00,705.530029296875,705.7999877929688,705.3839111328125,705.7999877929688,24858
2026-09-14 14:59:00+00:00,705.80322265625,705.9500122070312,705.6199951171875,705.9099731445312,41467
2026-09-14 15:00:00+00:00,705.905029296875,706.030029296875,705.7584838867188,705.97998046875,63918
2026-09-14 15:01:00+00:00,705.9801025390625,706.0,705.5900268554688,705.864990234375,82045
2026-09-14 15:02:00+00:00,705.8720703125,706.030029296875,705.6199951171875,705.6199951171875,49936
2026-09-14 15:03:00+00:00,705.610107421875,705.8162841796875,705.5,705.72998046875,28131
2026-09-14 15:04:00+00:00,705.7000122070312,705.7100219726562,705.27001953125,705.3300170898438,44640
2026-09-14 15:05:00+00:00,705.2999877929688,707.0399780273438,705.2999877929688,706.489990234375,316094
2026-09-14 15:06:00+00:00,706.4400024414062,707.5499877929688,706.4400024414062,706.9600219726562,196613
2026-09-14 15:07:00+00:00,706.9000244140625,706.9299926757812,706.4099731445312,706.5900268554688,93732
2026-09-14 15:08:00+00:00,706.6199951171875,706.6400146484375,706.2100219726562,706.5844116210938,53596
2026-09-14 15:09:00+00:00,706.5700073242188,706.8499755859375,706.4199829101562,706.5590209960938,50319
2026-09-14 15:10:00+00:00,706.614990234375,706.739990234375,706.4600830078125,706.6649780273438,38153
2026-09-14 15:11:00+00:00,706.6799926757812,706.7100219726562,706.2990112304688,706.3200073242188,45145
2026-09-14 15:12:00+00:00,706.3200073242188,706.4199829101562,706.1801147460938,706.3499755859375,22607
2026-09-14 15:13:00+00:00,706.3499755859375,706.5650024414062,706.3200073242188,706.489990234375,29993
2026-09-14 15:14:00+00:00,706.4910278320312,706.6199951171875,706.1500244140625,706.1599731445312,36507
2026-09-14 15:15:00+00:00,706.1599731445312,706.52392578125,706.0499877929688,706.4600219726562,39957
2026-09-14 15:16:00+00:00,706.4650268554688,706.719970703125,706.2949829101562,706.7199096679688,36974
2026-09-14 15:17:00+00:00,706.719970703125,707.0399780273438,706.7100219726562,706.8599853515625,56404
2026-09-14 15:18:00+00:00,706.8699951171875,706.9990234375,706.8300170898438,706.9299926757812,27632
2026-09-14 15:19:00+00:00,706.9149780273438,707.1199951171875,706.9000244140625,707.0,29321
2026-09-14 15:20:00+00:00,707.010009765625,707.1199951171875,706.8599853515625,706.9299926757812,69688
2026-09-14 15:21:00+00:00,706.9400024414062,707.1041870117188,706.8599853515625,706.9650268554688,117791
2026-09-14 15:22:00+00:00,706.9749755859375,707.1199951171875,706.7849731445312,706.7999877929688,32566
2026-09-14 15:23:00+00:00,706.75,707.1199951171875,706.75,707.0786743164062,39550
2026-09-14 15:24:00+00:00,707.1199951171875,707.4500122070312,707.1099853515625,707.375,48714
2026-09-14 15:25:00+00:00,707.3300170898438,707.4400024414062,707.1699829101562,707.2550048828125,47797
2026-09-14 15:26:00+00:00,707.25,707.5499877929688,707.1599731445312,707.5499877929688,56307
2026-09-14 15:27:00+00:00,707.5499877929688,707.760009765625,707.4829711914062,707.4829711914062,81515
2026-09-14 15:28:00+00:00,707.4749755859375,707.7030029296875,707.469970703125,707.610107421875,39942
2026-09-14 15:29:00+00:00,707.6599731445312,707.6799926757812,707.5062255859375,707.5499877929688,44810
2026-09-14 15:30:00+00:00,707.530029296875,707.7899780273438,707.5,707.7449951171875,48992
2026-09-14 15:31:00+00:00,707.739990234375,707.739990234375,707.3800048828125,707.489990234375,78559
2026-09-14 15:32:00+00:00,707.5198974609375,708.77001953125,707.4299926757812,708.6199951171875,296477
2026-09-14 15:33:00+00:00,708.614990234375,709.1500244140625,708.2100219726562,709.125,162592
2026-09-14 15:34:00+00:00,709.1500244140625,709.5900268554688,709.10498046875,709.576171875,168234
2026-09-14 15:35:00+00:00,709.4899291992188,709.5999755859375,709.219970703125,709.2550048828125,92212
2026-09-14 15:36:00+00:00,709.2449951171875,709.4099731445312,709.0599975585938,709.1699829101562,75594
2026-09-14 15:37:00+00:00,709.2000122070312,709.969970703125,709.2000122070312,709.9400024414062,103726
2026-09-14 15:38:00+00:00,709.9400024414062,709.9539794921875,709.6801147460938,709.8599853515625,77252
2026-09-14 15:39:00+00:00,709.8699951171875,709.8900146484375,709.6900024414062,709.8300170898438,71281
2026-09-14 15:40:00+00:00,709.8400268554688,710.489990234375,709.6599731445312,709.8800048828125,128136
2026-09-14 15:41:00+00:00,709.8800048828125,710.3800048828125,709.5599975585938,710.2150268554688,136678
2026-09-14 15:42:00+00:00,710.2100219726562,710.3699951171875,709.8499755859375,709.9099731445312,98567
2026-09-14 15:43:00+00:00,709.9398803710938,710.3790283203125,709.9299926757812,710.3499755859375,76856
2026-09-14 15:44:00+00:00,710.3300170898438,710.6466064453125,710.3099975585938,710.4349975585938,208222
2026-09-14 15:45:00+00:00,710.4600219726562,710.5,710.25,710.260009765625,118924
2026-09-14 15:46:00+00:00,710.25,710.260009765625,709.9500122070312,710.065673828125,235659
2026-09-14 15:47:00+00:00,710.0700073242188,710.1099853515625,709.7999877929688,709.9099731445312,66596
2026-09-14 15:48:00+00:00,709.9000854492188,710.11376953125,709.760009765625,710.0599975585938,76161
2026-09-14 15:49:00+00:00,710.0150146484375,710.0599975585938,709.77001953125,709.7849731445312,57534
2026-09-14 15:50:00+00:00,709.7949829101562,709.9099731445312,709.5599975585938,709.760009765625,87342
2026-09-14 15:51:00+00:00,709.75,709.8300170898438,709.6500244140625,709.8300170898438,45544
2026-09-14 15:52:00+00:00,709.8399047851562,710.1063232421875,709.8399047851562,709.9000244140625,88528
2026-09-14 15:53:00+00:00,709.8699951171875,710.0700073242188,709.7800903320312,710.010009765625,18686
2026-09-14 15:54:00+00:00,710.0150146484375,710.0700073242188,709.8200073242188,710.0009765625,47030
2026-09-14 15:55:00+00:00,710.02001953125,710.02001953125,709.8699951171875,709.905029296875,28784
2026-09-14 15:56:00+00:00,709.8800048828125,709.8983154296875,709.760009765625,709.8599853515625,41347
2026-09-14 15:57:00+00:00,709.8699951171875,710.010009765625,709.8250122070312,709.9199829101562,53776
2026-09-14 15:58:00+00:00,709.9500122070312,710.1300048828125,709.8699951171875,709.8900146484375,54573
2026-09-14 15:59:00+00:00,709.8800048828125,709.8800048828125,709.7100219726562,709.8375854492188,19685
2026-09-14 16:00:00+00:00,709.7899780273438,709.8848876953125,709.469970703125,709.47998046875,56407
2026-09-14 16:01:00+00:00,709.4989013671875,709.6199951171875,709.3900146484375,709.4000244140625,35218
2026-09-14 16:02:00+00:00,709.4249877929688,709.489990234375,709.260009765625,709.3203735351562,23972
2026-09-14 16:03:00+00:00,709.2899780273438,709.4400024414062,709.2200927734375,709.39501953125,69771
2026-09-14 16:04:00+00:00,709.3800048828125,709.4099731445312,709.0999755859375,709.0999755859375,47317
2026-09-14 16:05:00+00:00,709.030029296875,709.10498046875,708.9299926757812,709.0900268554688,71812
2026-09-14 16:06:00+00:00,709.0900268554688,709.3400268554688,709.0650024414062,709.0700073242188,109644
2026-09-14 16:07:00+00:00,709.051025390625,709.239990234375,708.969970703125,709.030029296875,114847
2026-09-14 16:08:00+00:00,709.0399780273438,709.0900268554688,708.8400268554688,709.030029296875,103232
2026-09-14 16:09:00+00:00,709.0,709.0899047851562,708.9199829101562,708.9949951171875,20048
2026-09-14 16:10:00+00:00,709.0,709.3599853515625,708.9600219726562,709.2100219726562,42117
2026-09-14 16:11:00+00:00,709.2000122070312,709.489990234375,709.1699829101562,709.4500122070312,20410
2026-09-14 16:12:00+00:00,709.4400024414062,709.5999145507812,709.3939819335938,709.4849853515625,28286
2026-09-14 16:13:00+00:00,709.5,709.510009765625,709.3599853515625,709.3800048828125,76013
2026-09-14 16:14:00+00:00,709.3900146484375,709.52001953125,709.3400268554688,709.489990234375,15139
2026-09-14 16:15:00+00:00,709.47998046875,710.555419921875,709.47998046875,710.4299926757812,138630
2026-09-14 16:16:00+00:00,710.4199829101562,710.6900024414062,710.4099731445312,710.5999755859375,41504
2026-09-14 16:17:00+00:00,710.5800170898438,710.9044189453125,710.489990234375,710.885009765625,64343
2026-09-14 16:18:00+00:00,710.8699951171875,711.0390014648438,710.75,710.8599853515625,68010
2026-09-14 16:19:00+00:00,710.8599853515625,710.9299926757812,710.7800903320312,710.8150024414062,35600
2026-09-14 16:20:00+00:00,710.8150024414062,710.8699951171875,710.5399780273438,710.6799926757812,48479
2026-09-14 16:21:00+00:00,710.6749877929688,710.6900024414062,710.4691772460938,710.5001220703125,78067
2026-09-14 16:22:00+00:00,710.52001953125,710.6807250976562,710.4299926757812,710.5499877929688,25303
2026-09-14 16:23:00+00:00,710.5537719726562,710.9600219726562,710.5,710.9600219726562,27418
2026-09-14 16:24:00+00:00,710.969970703125,711.1199951171875,710.8599853515625,710.89501953125,37431
2026-09-14 16:25:00+00:00,710.885009765625,710.9400024414062,710.4600219726562,710.510009765625,37305
2026-09-14 16:26:00+00:00,710.5050048828125,710.5050048828125,710.2423095703125,710.280029296875,20938
2026-09-14 16:27:00+00:00,710.260009765625,710.4400024414062,710.2100219726562,710.4400024414062,23915
2026-09-14 16:28:00+00:00,710.4299926757812,710.4299926757812,710.1799926757812,710.1799926757812,15807
2026-09-14 16:29:00+00:00,710.239990234375,710.3499755859375,710.1649780273438,710.2999877929688,23685
2026-09-14 16:30:00+00:00,710.1900024414062,710.298583984375,710.1505126953125,710.1599731445312,18536
2026-09-14 16:31:00+00:00,710.1500854492188,710.6199951171875,710.1199951171875,710.219970703125,131694
2026-09-14 16:32:00+00:00,710.2442016601562,710.530029296875,710.1500244140625,710.3300170898438,43855
2026-09-14 16:33:00+00:00,710.3099975585938,710.47998046875,710.3049926757812,710.375,16908
2026-09-14 16:34:00+00:00,710.360107421875,710.489990234375,710.2200927734375,710.239990234375,23560
2026-09-14 16:35:00+00:00,710.239990234375,710.2449951171875,710.0499877929688,710.1599731445312,25312
2026-09-14 16:36:00+00:00,710.1699829101562,710.280029296875,710.1500244140625,710.239990234375,15201
2026-09-14 16:37:00+00:00,710.2349853515625,710.549072265625,710.219970703125,710.375,20342
2026-09-14 16:38:00+00:00,710.3300170898438,710.530029296875,710.2999877929688,710.4299926757812,36576
2026-09-14 16:39:00+00:00,710.4329833984375,710.5,710.3400268554688,710.489990234375,22640
2026-09-14 16:40:00+00:00,710.4749755859375,710.489990234375,710.3350219726562,710.489990234375,22418
2026-09-14 16:41:00+00:00,710.489990234375,710.5499877929688,710.3699951171875,710.5499877929688,18040
2026-09-14 16:42:00+00:00,710.510009765625,710.6300048828125,710.4299926757812,710.6300048828125,28972
2026-09-14 16:43:00+00:00,710.5599975585938,710.8400268554688,710.5300903320312,710.7150268554688,132452
2026-09-14 16:44:00+00:00,710.7000122070312,710.9000244140625,710.625,710.9000244140625,37208
2026-09-14 16:45:00+00:00,710.9400024414062,710.9400024414062,710.6199951171875,710.72998046875,52819
2026-09-14 16:46:00+00:00,710.739990234375,710.77001953125,710.590087890625,710.6900024414062,33398
2026-09-14 16:47:00+00:00,710.6972045898438,711.5399780273438,710.6599731445312,711.3599853515625,161718
2026-09-14 16:48:00+00:00,711.3800048828125,712.2999877929688,711.3099975585938,712.155029296875,137964
2026-09-14 16:49:00+00:00,712.1199951171875,712.25,711.8599853515625,711.9650268554688,160958
2026-09-14 16:50:00+00:00,711.969970703125,712.0399780273438,711.7369995117188,711.8699951171875,45539
2026-09-14 16:51:00+00:00,711.8599853515625,712.1088256835938,711.8400268554688,712.10498046875,52734
2026-09-14 16:52:00+00:00,712.0449829101562,712.219970703125,711.9100952148438,712.1599731445312,86983
2026-09-14 16:53:00+00:00,712.159912109375,712.1749877929688,711.97998046875,711.97998046875,191362
2026-09-14 16:54:00+00:00,711.97998046875,712.02001953125,711.719970703125,711.760009765625,16801
2026-09-14 16:55:00+00:00,711.760009765625,711.9199829101562,711.719970703125,711.8699951171875,20597
2026-09-14 16:56:00+00:00,711.8599853515625,711.905029296875,711.697998046875,711.7249755859375,15525
2026-09-14 16:57:00+00:00,711.739990234375,711.7999877929688,711.5700073242188,711.5750122070312,22364
2026-09-14 16:58:00+00:00,711.5700073242188,711.6182250976562,711.4000244140625,711.444580078125,30920
2026-09-14 16:59:00+00:00,711.489990234375,711.8599853515625,711.489990234375,711.8599853515625,49210
2026-09-14 17:00:00+00:00,711.8599853515625,712.02001953125,711.72998046875,711.9550170898438,27948
2026-09-14 17:01:00+00:00,711.9199829101562,711.9400024414062,711.6599731445312,711.6900024414062,16590
2026-09-14 17:02:00+00:00,711.6799926757812,711.8900146484375,711.6300048828125,711.72998046875,14214
2026-09-14 17:03:00+00:00,711.760009765625,711.77001953125,711.489990234375,711.6099853515625,21169
2026-09-14 17:04:00+00:00,711.5999755859375,711.72998046875,711.5999755859375,711.6699829101562,26394
2026-09-14 17:05:00+00:00,711.6500244140625,711.7000122070312,711.5999755859375,711.6400146484375,15410
2026-09-14 17:06:00+00:00,711.6649780273438,711.7999267578125,711.6400146484375,711.75,32885
2026-09-14 17:07:00+00:00,711.6699829101562,711.6699829101562,711.5208740234375,711.5650024414062,19536
2026-09-14 17:08:00+00:00,711.5700073242188,711.5999755859375,711.3900146484375,711.5700073242188,30148
2026-09-14 17:09:00+00:00,711.5900268554688,711.739990234375,711.5,711.6699829101562,26389
2026-09-14 17:10:00+00:00,711.6900024414062,711.75,711.6199951171875,711.6400146484375,12355
2026-09-14 17:11:00+00:00,711.6605224609375,712.0,711.6500244140625,711.9199829101562,21725
2026-09-14 17:12:00+00:00,711.9299926757812,712.2861938476562,711.9299926757812,712.0599975585938,41153
2026-09-14 17:13:00+00:00,712.0800170898438,712.0999145507812,711.8200073242188,711.8200073242188,14859
2026-09-14 17:14:00+00:00,711.8099975585938,711.89501953125,711.72998046875,711.7550048828125,14778
2026-09-14 17:15:00+00:00,711.7550048828125,711.85009765625,711.7100219726562,711.8195190429688,15956
2026-09-14 17:16:00+00:00,711.8099975585938,711.8945922851562,711.75,711.8300170898438,10407
2026-09-14 17:17:00+00:00,711.8400268554688,711.9349975585938,711.6199951171875,711.6799926757812,21740
2026-09-14 17:18:00+00:00,711.6699829101562,711.7098999023438,711.3599853515625,711.5,29662
2026-09-14 17:19:00+00:00,711.489990234375,711.5999755859375,711.469970703125,711.5999145507812,25530
2026-09-14 17:20:00+00:00,711.6099853515625,711.969970703125,711.54052734375,711.9099731445312,93748
2026-09-14 17:21:00+00:00,711.8800048828125,711.8900146484375,711.6799926757812,711.6849975585938,9707
2026-09-14 17:22:00+00:00,711.719970703125,711.8699951171875,711.7100219726562,711.8699951171875,28781
2026-09-14 17:23:00+00:00,711.8400268554688,711.9799194335938,711.8093872070312,711.9149780273438,18464
2026-09-14 17:24:00+00:00,711.9199829101562,712.02001953125,711.8900146484375,711.9299926757812,23084
2026-09-14 17:25:00+00:00,711.969970703125,712.1500244140625,711.8499755859375,711.9000244140625,18458
2026-09-14 17:26:00+00:00,711.8989868164062,712.0399169921875,711.7999877929688,712.02001953125,220470
2026-09-14 17:27:00+00:00,712.010009765625,712.0433959960938,711.8599853515625,712.0433959960938,67702
2026-09-14 17:28:00+00:00,712.0250244140625,712.2000122070312,711.969970703125,712.1799926757812,15306
2026-09-14 17:29:00+00:00,712.1749877929688,712.3499755859375,712.0599975585938,712.3480224609375,26928
2026-09-14 17:30:00+00:00,712.3499755859375,712.4500122070312,712.1422119140625,712.4500122070312,63346
2026-09-14 17:31:00+00:00,712.4500122070312,712.47802734375,712.25,712.27001953125,159757
2026-09-14 17:32:00+00:00,712.2999877929688,712.5,712.2999877929688,712.385009765625,128262
2026-09-14 17:33:00+00:00,712.3699951171875,712.4000244140625,712.1099853515625,712.2550048828125,68363
2026-09-14 17:34:00+00:00,712.1950073242188,712.2849731445312,712.1599731445312,712.280029296875,23618
2026-09-14 17:35:00+00:00,712.3049926757812,712.3499755859375,712.1074829101562,712.135009765625,27021
2026-09-14 17:36:00+00:00,712.1599731445312,712.2000122070312,712.0900268554688,712.0900268554688,9230
2026-09-14 17:37:00+00:00,712.1199951171875,712.3049926757812,712.1199951171875,712.2910766601562,27497
2026-09-14 17:38:00+00:00,712.3099975585938,712.4299926757812,712.2584228515625,712.3499755859375,14912
2026-09-14 17:39:00+00:00,712.3350219726562,712.489990234375,712.3300170898438,712.4849853515625,17940
2026-09-14 17:40:00+00:00,712.4700927734375,712.5,712.3485107421875,712.4299926757812,48004
2026-09-14 17:41:00+00:00,712.4299926757812,712.47998046875,712.260009765625,712.260009765625,34512
2026-09-14 17:42:00+00:00,712.2506103515625,712.385009765625,712.219970703125,712.2949829101562,24914
2026-09-14 17:43:00+00:00,712.2949829101562,712.469970703125,712.260009765625,712.4600219726562,21149
2026-09-14 17:44:00+00:00,712.47998046875,712.5,712.3499755859375,712.3809814453125,24075
2026-09-14 17:45:00+00:00,712.4000244140625,712.5905151367188,712.3900146484375,712.47998046875,27646
2026-09-14 17:46:00+00:00,712.47998046875,712.5800170898438,712.4404907226562,712.510009765625,16209
2026-09-14 17:47:00+00:00,712.5,712.6099853515625,712.47998046875,712.5999755859375,16190
2026-09-14 17:48:00+00:00,712.5900268554688,712.7000122070312,712.5900268554688,712.6699829101562,23102
2026-09-14 17:49:00+00:00,712.6749877929688,712.6799926757812,712.5601806640625,712.614990234375,15986
2026-09-14 17:50:00+00:00,712.6300048828125,712.6699829101562,712.5399780273438,712.5399780273438,25218
2026-09-14 17:51:00+00:00,712.5599975585938,712.6599731445312,712.5499877929688,712.6397094726562,21920
2026-09-14 17:52:00+00:00,712.6300048828125,712.7899780273438,712.6104736328125,712.7590942382812,39382
2026-09-14 17:53:00+00:00,712.75,712.8400268554688,712.6500244140625,712.6799926757812,27902
2026-09-14 17:54:00+00:00,712.6900024414062,712.8200073242188,712.6599731445312,712.7349853515625,19735
2026-09-14 17:55:00+00:00,712.739990234375,712.875,712.6900024414062,712.8699951171875,20256
2026-09-14 17:56:00+00:00,712.8699951171875,712.9500122070312,712.8400268554688,712.8800048828125,41376
2026-09-14 17:57:00+00:00,712.8800048828125,712.8800048828125,712.6505126953125,712.7000122070312,53225
2026-09-14 17:58:00+00:00,712.7100219726562,712.72998046875,712.5499877929688,712.5900268554688,22248
2026-09-14 17:59:00+00:00,712.5999755859375,712.6099853515625,712.4000244140625,712.4130249023438,27173
2026-09-14 18:00:00+00:00,712.4550170898438,712.864990234375,712.4199829101562,712.510009765625,67264
2026-09-14 18:01:00+00:00,712.5,712.5499877929688,712.4000854492188,712.4149780273438,32730
2026-09-14 18:02:00+00:00,712.47998046875,712.594970703125,712.4400024414062,712.4400024414062,20785
2026-09-14 18:03:00+00:00,712.4400024414062,712.469970703125,712.2000122070312,712.22998046875,39369
2026-09-14 18:04:00+00:00,712.2100219726562,712.3350219726562,712.2100219726562,712.2949829101562,21425
2026-09-14 18:05:00+00:00,712.2849731445312,712.2899780273438,712.1021728515625,712.2550048828125,22538
2026-09-14 18:06:00+00:00,712.280029296875,712.4500122070312,712.260009765625,712.2994995117188,52106
2026-09-14 18:07:00+00:00,712.280029296875,712.4099731445312,712.2000122070312,712.4000244140625,23025
2026-09-14 18:08:00+00:00,712.3880004882812,712.5900268554688,712.3880004882812,712.52001953125,25089
2026-09-14 18:09:00+00:00,712.530029296875,712.5698852539062,712.4650268554688,712.510009765625,11888
2026-09-14 18:10:00+00:00,712.530029296875,712.530029296875,712.3699951171875,712.4749755859375,11387
2026-09-14 18:11:00+00:00,712.4600219726562,712.5,712.3699951171875,712.3709716796875,10747
2026-09-14 18:12:00+00:00,712.3699951171875,712.469970703125,712.3250122070312,712.3300170898438,12246
2026-09-14 18:13:00+00:00,712.340087890625,712.3599853515625,712.2310180664062,712.3200073242188,18028
2026-09-14 18:14:00+00:00,712.3200073242188,712.4600219726562,712.3200073242188,712.4349975585938,34876
2026-09-14 18:15:00+00:00,712.469970703125,712.6199951171875,712.4299926757812,712.5250244140625,19461
2026-09-14 18:16:00+00:00,712.52001953125,712.52001953125,712.3106079101562,712.3599853515625,14312
2026-09-14 18:17:00+00:00,712.3800048828125,712.3800048828125,712.1900024414062,712.2899780273438,54703
2026-09-14 18:18:00+00:00,712.2849731445312,712.2999877929688,712.1900024414062,712.2899780273438,31336
2026-09-14 18:19:00+00:00,712.2750244140625,712.3421020507812,712.2449951171875,712.2750244140625,13898
2026-09-14 18:20:00+00:00,712.2650146484375,712.2999877929688,712.1900024414062,712.1900024414062,32789
2026-09-14 18:21:00+00:00,712.2050170898438,712.260009765625,712.030029296875,712.041015625,28112
2026-09-14 18:22:00+00:00,712.0499877929688,712.0650024414062,711.9450073242188,711.9550170898438,34464
2026-09-14 18:23:00+00:00,711.9600219726562,712.010009765625,711.9299926757812,711.969482421875,28575
2026-09-14 18:24:00+00:00,711.989990234375,712.0888061523438,711.9199829101562,711.9199829101562,15113
2026-09-14 18:25:00+00:00,711.9099731445312,712.0,711.9099731445312,711.9650268554688,19310
2026-09-14 18:26:00+00:00,711.989990234375,712.0599975585938,711.9199829101562,712.0399780273438,25152
2026-09-14 18:27:00+00:00,712.010009765625,712.0579833984375,711.8599853515625,711.905029296875,51741
2026-09-14 18:28:00+00:00,711.8499755859375,711.9099731445312,711.81201171875,711.8800048828125,80619
2026-09-14 18:29:00+00:00,711.8699951171875,711.9498901367188,711.8599853515625,711.9099731445312,23427
2026-09-14 18:30:00+00:00,711.9500122070312,712.0399169921875,711.9000244140625,711.9949951171875,88750
2026-09-14 18:31:00+00:00,712.010009765625,712.02001953125,711.8499755859375,711.9000244140625,28835
2026-09-14 18:32:00+00:00,711.9000244140625,712.0399780273438,711.9000244140625,711.97998046875,24724
2026-09-14 18:33:00+00:00,711.989990234375,712.219970703125,711.989990234375,712.1799926757812,31725
2026-09-14 18:34:00+00:00,712.1699829101562,712.27001953125,712.1300048828125,712.130126953125,118777
2026-09-14 18:35:00+00:00,712.1300048828125,712.1599731445312,712.0449829101562,712.1500244140625,14945
2026-09-14 18:36:00+00:00,712.1500244140625,712.2849731445312,712.1500244140625,712.2150268554688,35336
2026-09-14 18:37:00+00:00,712.2000122070312,712.4099731445312,712.2000122070312,712.3350219726562,20933
2026-09-14 18:38:00+00:00,712.3400268554688,712.3900146484375,712.2949829101562,712.3049926757812,8953
2026-09-14 18:39:00+00:00,712.3099975585938,712.3197021484375,712.22998046875,712.2589721679688,9103
2026-09-14 18:40:00+00:00,712.2125244140625,712.3200073242188,712.1500244140625,712.3099975585938,9062
2026-09-14 18:41:00+00:00,712.3200073242188,712.3800048828125,712.2899780273438,712.3400268554688,17325
2026-09-14 18:42:00+00:00,712.3200073242188,712.3900146484375,712.2100219726562,712.3699951171875,12887
2026-09-14 18:43:00+00:00,712.3699951171875,712.4199829101562,712.280029296875,712.2899780273438,17333
2026-09-14 18:44:00+00:00,712.280029296875,712.2855224609375,712.1300048828125,712.1300048828125,125961
2026-09-14 18:45:00+00:00,712.1500244140625,712.2000122070312,712.1099853515625,712.1300048828125,18350
2026-09-14 18:46:00+00:00,712.1699829101562,712.1898803710938,711.7999877929688,711.875,118607
2026-09-14 18:47:00+00:00,711.8800048828125,712.0999755859375,711.844970703125,712.0447998046875,54434
2026-09-14 18:48:00+00:00,712.0800170898438,712.125,711.969970703125,712.1099853515625,21828
2026-09-14 18:49:00+00:00,712.0701293945312,712.22998046875,712.02001953125,712.1799926757812,17569
2026-09-14 18:50:00+00:00,712.1749877929688,712.25,712.0800170898438,712.0800170898438,24241
2026-09-14 18:51:00+00:00,712.1340942382812,712.1340942382812,711.989990234375,712.0399780273438,13638
2026-09-14 18:52:00+00:00,712.0549926757812,712.1900024414062,712.0499877929688,712.1599731445312,11627
2026-09-14 18:53:00+00:00,712.1699829101562,712.1699829101562,712.0599975585938,712.1199951171875,10782
2026-09-14 18:54:00+00:00,712.0916137695312,712.119873046875,711.97998046875,712.0399780273438,18768
2026-09-14 18:55:00+00:00,711.989990234375,712.0150146484375,711.8699951171875,711.989990234375,10287
2026-09-14 18:56:00+00:00,711.989990234375,712.0800170898438,711.9849853515625,712.0499877929688,20509
2026-09-14 18:57:00+00:00,712.0499877929688,712.0999755859375,711.9199829101562,711.9199829101562,18713
2026-09-14 18:58:00+00:00,711.9099731445312,711.9299926757812,711.7424926757812,711.8200073242188,32678
2026-09-14 18:59:00+00:00,711.8298950195312,711.8699951171875,711.8167724609375,711.8400268554688,15077
2026-09-14 19:00:00+00:00,711.8300170898438,711.8599853515625,711.5700073242188,711.6420288085938,26924
2026-09-14 19:01:00+00:00,711.6500244140625,711.6849975585938,711.5700073242188,711.6300048828125,41383
2026-09-14 19:02:00+00:00,711.6400146484375,711.7098999023438,711.5750122070312,711.5750122070312,15476
2026-09-14 19:03:00+00:00,711.5900268554688,711.7100219726562,711.5399780273438,711.6199951171875,33400
2026-09-14 19:04:00+00:00,711.6099853515625,711.8499755859375,711.4801025390625,711.6300048828125,83777
2026-09-14 19:05:00+00:00,711.614990234375,711.6699829101562,711.4400024414062,711.4600219726562,34115
2026-09-14 19:06:00+00:00,711.4400024414062,711.510009765625,711.3200073242188,711.3300170898438,78659
2026-09-14 19:07:00+00:00,711.3400268554688,711.4310302734375,711.25,711.25,24070
2026-09-14 19:08:00+00:00,711.25,711.2999877929688,711.135009765625,711.2899780273438,37959
2026-09-14 19:09:00+00:00,711.2949829101562,711.510009765625,711.2750244140625,711.3049926757812,20996
2026-09-14 19:10:00+00:00,711.3099975585938,711.3499755859375,711.239990234375,711.2999877929688,15394
2026-09-14 19:11:00+00:00,711.3099975585938,711.3150024414062,711.219970703125,711.2999877929688,19825
2026-09-14 19:12:00+00:00,711.29052734375,711.4349975585938,711.260009765625,711.2999877929688,16365
2026-09-14 19:13:00+00:00,711.280029296875,711.280029296875,711.1300048828125,711.1300048828125,36175
2026-09-14 19:14:00+00:00,711.1199951171875,711.2999877929688,711.1199951171875,711.22998046875,121725
2026-09-14 19:15:00+00:00,711.239990234375,711.239990234375,710.9990234375,711.030029296875,56190
2026-09-14 19:16:00+00:00,711.0200805664062,711.1199951171875,711.0200805664062,711.0800170898438,21394
2026-09-14 19:17:00+00:00,711.0999755859375,711.1199951171875,711.0349731445312,711.0850219726562,16200
2026-09-14 19:18:00+00:00,711.0900268554688,711.1400146484375,711.010009765625,711.030029296875,33322
2026-09-14 19:19:00+00:00,711.0399780273438,711.1599731445312,710.9500732421875,711.1599731445312,51995
2026-09-14 19:20:00+00:00,711.1500244140625,711.2100219726562,711.0399780273438,711.072021484375,28657
2026-09-14 19:21:00+00:00,711.0599975585938,711.0800170898438,710.9299926757812,710.9849853515625,138766
2026-09-14 19:22:00+00:00,710.9949951171875,711.0,710.85498046875,710.9146728515625,21771
2026-09-14 19:23:00+00:00,710.9100952148438,710.9400024414062,710.85498046875,710.9400024414062,42770
2026-09-14 19:24:00+00:00,710.9099731445312,711.0700073242188,710.9000244140625,711.0419921875,24838
2026-09-14 19:25:00+00:00,711.0650024414062,711.1500244140625,710.989990234375,710.9949951171875,29806
2026-09-14 19:26:00+00:00,710.9949951171875,711.125,710.990478515625,711.0700073242188,42972
2026-09-14 19:27:00+00:00,711.0800170898438,711.1500244140625,711.0599975585938,711.0599975585938,144094
2026-09-14 19:28:00+00:00,711.0800170898438,711.1799926757812,711.0449829101562,711.1500244140625,14706
2026-09-14 19:29:00+00:00,711.1400146484375,711.1699829101562,711.0349731445312,711.0349731445312,33314
2026-09-14 19:30:00+00:00,711.030029296875,711.1799926757812,711.0,711.02001953125,65361
2026-09-14 19:31:00+00:00,711.0399780273438,711.1596069335938,711.030029296875,711.0399780273438,29285
2026-09-14 19:32:00+00:00,711.0499877929688,711.1400146484375,711.02001953125,711.0399780273438,23377
2026-09-14 19:33:00+00:00,711.030029296875,711.0850219726562,710.969970703125,710.97998046875,140377
2026-09-14 19:34:00+00:00,710.9849853515625,711.0582275390625,710.969970703125,710.97998046875,28766
2026-09-14 19:35:00+00:00,711.0,711.0150146484375,710.7327880859375,710.7498779296875,47177
2026-09-14 19:36:00+00:00,710.7349853515625,710.8499755859375,710.7000122070312,710.72998046875,118277
2026-09-14 19:37:00+00:00,710.760009765625,710.8900146484375,710.7449951171875,710.8499145507812,38326
2026-09-14 19:38:00+00:00,710.8350219726562,710.8350219726562,710.739990234375,710.7449951171875,14426
2026-09-14 19:39:00+00:00,710.739990234375,710.77001953125,710.6799926757812,710.6900024414062,155015
2026-09-14 19:40:00+00:00,710.69873046875,710.9299926757812,710.6649780273438,710.9299926757812,60391
2026-09-14 19:41:00+00:00,710.9249877929688,710.9299926757812,710.8150024414062,710.8699951171875,146324
2026-09-14 19:42:00+00:00,710.8800048828125,710.905029296875,710.780029296875,710.7899780273438,39353
2026-09-14 19:43:00+00:00,710.7899780273438,710.8499755859375,710.739990234375,710.739990234375,153760
2026-09-14 19:44:00+00:00,710.75,710.8200073242188,710.7138061523438,710.780029296875,40774
2026-09-14 19:45:00+00:00,710.72998046875,710.9249877929688,710.72998046875,710.9249877929688,414306
2026-09-14 19:46:00+00:00,710.9299926757812,711.010009765625,710.8499755859375,710.864990234375,190239
2026-09-14 19:47:00+00:00,710.8599853515625,710.9600219726562,710.8099975585938,710.9000244140625,74411
2026-09-14 19:48:00+00:00,710.9149780273438,710.9299926757812,710.8200073242188,710.8599853515625,176818
2026-09-14 19:49:00+00:00,710.8800048828125,710.97998046875,710.7899780273438,710.9650268554688,64232
2026-09-14 19:50:00+00:00,710.9199829101562,711.0,710.4650268554688,710.4749755859375,268950
2026-09-14 19:51:00+00:00,710.47998046875,710.5,710.2999877929688,710.4099731445312,159424
2026-09-14 19:52:00+00:00,710.4099731445312,710.5700073242188,710.22998046875,710.311279296875,119712
2026-09-14 19:53:00+00:00,710.2999877929688,710.3200073242188,710.0700073242188,710.1799926757812,384340
2026-09-14 19:54:00+00:00,710.1749877929688,710.3499755859375,710.1400146484375,710.210205078125,388088
2026-09-14 19:55:00+00:00,710.2100219726562,710.2100219726562,709.4600219726562,709.5499877929688,758261
2026-09-14 19:56:00+00:00,709.5399780273438,709.780029296875,709.47998046875,709.6099853515625,592668
2026-09-14 19:57:00+00:00,709.614990234375,709.7100219726562,709.3900146484375,709.6599731445312,367500
2026-09-14 19:58:00+00:00,709.6500244140625,709.7550048828125,709.5250244140625,709.6300048828125,558760
2026-09-14 19:59:00+00:00,709.6300048828125,709.7050170898438,709.0900268554688,709.1599731445312,968915
2026-09-15 13:30:00+00:00,708.760009765625,708.8099975585938,708.2000122070312,708.5700073242188,1463809
2026-09-15 13:31:00+00:00,708.6199951171875,708.6199951171875,707.6400146484375,707.6900024414062,183103
2026-09-15 13:32:00+00:00,707.739990234375,708.135009765625,707.6300048828125,708.135009765625,65362
2026-09-15 13:33:00+00:00,708.1300048828125,708.6099853515625,707.950927734375,707.9600219726562,119452
2026-09-15 13:34:00+00:00,707.9550170898438,708.219970703125,707.5599975585938,707.8800048828125,94532
2026-09-15 13:35:00+00:00,707.885009765625,708.6300048828125,707.885009765625,708.52001953125,149531
2026-09-15 13:36:00+00:00,708.4949951171875,708.719970703125,708.3099975585938,708.5050048828125,144875
2026-09-15 13:37:00+00:00,708.5150146484375,708.72998046875,708.3800048828125,708.530029296875,72051
2026-09-15 13:38:00+00:00,708.5250244140625,709.0999755859375,708.3200073242188,709.0,119931
2026-09-15 13:39:00+00:00,708.97998046875,709.22802734375,708.780029296875,708.97998046875,82603
2026-09-15 13:40:00+00:00,708.97998046875,709.0700073242188,708.5599975585938,709.0,102444
2026-09-15 13:41:00+00:00,708.989990234375,709.1500244140625,708.5599975585938,708.780029296875,77156
2026-09-15 13:42:00+00:00,708.7949829101562,708.9500122070312,708.4500122070312,708.4949951171875,57392
2026-09-15 13:43:00+00:00,708.4749755859375,708.8499755859375,708.4000244140625,708.7999877929688,177237
2026-09-15 13:44:00+00:00,708.780029296875,709.22998046875,708.75,709.14501953125,152069
2026-09-15 13:45:00+00:00,709.1300048828125,709.5299072265625,708.989990234375,708.989990234375,209850
2026-09-15 13:46:00+00:00,708.989990234375,709.3099975585938,708.9849853515625,709.1801147460938,75843
2026-09-15 13:47:00+00:00,709.25,709.260009765625,708.8250122070312,708.969970703125,60256
2026-09-15 13:48:00+00:00,708.969970703125,709.181884765625,708.8800048828125,709.0700073242188,43825
2026-09-15 13:49:00+00:00,709.0999755859375,709.0999755859375,708.8300170898438,708.97998046875,47145
2026-09-15 13:50:00+00:00,708.9650268554688,709.0900268554688,708.6400146484375,708.6599731445312,71298
2026-09-15 13:51:00+00:00,708.6799926757812,708.8200073242188,708.52001953125,708.719970703125,78258
2026-09-15 13:52:00+00:00,708.7100219726562,708.9550170898438,708.4299926757812,708.8599853515625,68608
2026-09-15 13:53:00+00:00,708.8499755859375,709.1099243164062,708.6400146484375,709.1099243164062,52299
2026-09-15 13:54:00+00:00,709.1099853515625,709.1353759765625,708.802490234375,708.9849853515625,88604
2026-09-15 13:55:00+00:00,708.9849853515625,709.0250244140625,708.6900024414062,708.9749755859375,49354
2026-09-15 13:56:00+00:00,708.92138671875,709.010009765625,708.64501953125,708.780029296875,28261
2026-09-15 13:57:00+00:00,708.760009765625,709.0700073242188,708.739990234375,709.0,38970
2026-09-15 13:58:00+00:00,709.030029296875,709.1599731445312,709.0,709.1300048828125,44878
2026-09-15 13:59:00+00:00,709.1199951171875,709.1300048828125,708.802978515625,708.9500122070312,41788
2026-09-15 14:00:00+00:00,708.9500122070312,709.010009765625,708.7000122070312,708.8400268554688,79861
2026-09-15 14:01:00+00:00,708.8200073242188,708.8300170898438,708.5700073242188,708.780029296875,60002
2026-09-15 14:02:00+00:00,708.7650146484375,708.8499755859375,708.655029296875,708.6799926757812,17246
2026-09-15 14:03:00+00:00,708.72998046875,708.760009765625,708.2999877929688,708.3350219726562,148155
2026-09-15 14:04:00+00:00,708.3099975585938,708.5189819335938,708.1900024414062,708.1900024414062,149488
2026-09-15 14:05:00+00:00,708.1900024414062,708.3399047851562,708.0,708.030029296875,65663
2026-09-15 14:06:00+00:00,708.0449829101562,708.3400268554688,707.9199829101562,707.9299926757812,52266
2026-09-15 14:07:00+00:00,707.9000244140625,707.9299926757812,707.5999755859375,707.9000244140625,71174
2026-09-15 14:08:00+00:00,707.8900146484375,707.9500122070312,707.760009765625,707.8400268554688,50069
2026-09-15 14:09:00+00:00,707.8499755859375,707.9000244140625,707.6300048828125,707.7899780273438,41604
2026-09-15 14:10:00+00:00,707.7800903320312,707.7999877929688,707.3709716796875,707.4000244140625,61699
2026-09-15 14:11:00+00:00,707.4099731445312,707.4260864257812,707.0599975585938,707.2650146484375,97147
2026-09-15 14:12:00+00:00,707.27001953125,707.2949829101562,707.0499877929688,707.219970703125,88385
2026-09-15 14:13:00+00:00,707.2216796875,707.3350219726562,706.8599853515625,706.8599853515625,85684
2026-09-15 14:14:00+00:00,706.8499755859375,707.0999755859375,706.8200073242188,706.9249877929688,85578
2026-09-15 14:15:00+00:00,706.9299926757812,707.1400146484375,706.864990234375,707.0800170898438,61616
2026-09-15 14:16:00+00:00,707.0700073242188,707.3599853515625,706.9400024414062,707.127685546875,80882
2026-09-15 14:17:00+00:00,707.1400146484375,707.27001953125,706.9299926757812,707.27001953125,63136
2026-09-15 14:18:00+00:00,707.25,707.4299926757812,707.0750122070312,707.22998046875,57236
2026-09-15 14:19:00+00:00,707.22998046875,707.3699951171875,707.0999755859375,707.239990234375,56567
2026-09-15 14:20:00+00:00,707.2349853515625,707.3900146484375,707.1300048828125,707.260009765625,73577
2026-09-15 14:21:00+00:00,707.259521484375,707.280029296875,706.5399780273438,706.5399780273438,71377
2026-09-15 14:22:00+00:00,706.5700073242188,706.5800170898438,706.14501953125,706.2349853515625,78010
2026-09-15 14:23:00+00:00,706.22998046875,706.22998046875,705.9500122070312,706.02001953125,88296
2026-09-15 14:24:00+00:00,706.0,706.6749877929688,706.0,706.5399780273438,78997
2026-09-15 14:25:00+00:00,706.5700073242188,706.635009765625,706.3200073242188,706.4199829101562,77179
2026-09-15 14:26:00+00:00,706.4199829101562,706.489990234375,706.2916259765625,706.4600219726562,41817
2026-09-15 14:27:00+00:00,706.4000244140625,706.5900268554688,706.3150024414062,706.4299926757812,21788
2026-09-15 14:28:00+00:00,706.4400024414062,706.7999877929688,706.4099731445312,706.739990234375,29423
2026-09-15 14:29:00+00:00,706.75,706.75,706.530029296875,706.5549926757812,33402
2026-09-15 14:30:00+00:00,706.5499877929688,706.6651000976562,706.1699829101562,706.1699829101562,56458
2026-09-15 14:31:00+00:00,706.1599731445312,706.72998046875,706.090087890625,706.6900024414062,62530
2026-09-15 14:32:00+00:00,706.6900024414062,706.6900024414062,706.260009765625,706.3499755859375,119186
2026-09-15 14:33:00+00:00,706.35498046875,706.7100219726562,706.2100219726562,706.2999877929688,76315
2026-09-15 14:34:00+00:00,706.2750244140625,706.3099975585938,705.9600219726562,706.1099853515625,109813
2026-09-15 14:35:00+00:00,706.1300048828125,706.3400268554688,706.0850219726562,706.2100219726562,46116
2026-09-15 14:36:00+00:00,706.1799926757812,706.3300170898438,706.0499877929688,706.2586059570312,40259
2026-09-15 14:37:00+00:00,706.2949829101562,706.3400268554688,705.8599853515625,705.97998046875,84388
2026-09-15 14:38:00+00:00,705.9412231445312,705.9412231445312,705.5800170898438,705.6900024414062,73432
2026-09-15 14:39:00+00:00,705.739990234375,705.8499755859375,705.5800170898438,705.7000122070312,53811
2026-09-15 14:40:00+00:00,705.655029296875,705.655029296875,705.2999877929688,705.3499145507812,68100
2026-09-15 14:41:00+00:00,705.3499755859375,705.530029296875,705.340576171875,705.3800048828125,99011
2026-09-15 14:42:00+00:00,705.389892578125,705.6500244140625,705.3300170898438,705.52001953125,71895
2026-09-15 14:43:00+00:00,705.5250244140625,705.659912109375,705.364990234375,705.4000244140625,62239
2026-09-15 14:44:00+00:00,705.4099731445312,705.5900268554688,705.4099731445312,705.5850219726562,24689
2026-09-15 14:45:00+00:00,705.594970703125,705.72998046875,705.5399780273438,705.6599731445312,47041
2026-09-15 14:46:00+00:00,705.6699829101562,705.9199829101562,705.5700073242188,705.7849731445312,60671
2026-09-15 14:47:00+00:00,705.77001953125,705.8049926757812,705.5700073242188,705.7299194335938,45210
2026-09-15 14:48:00+00:00,705.719970703125,705.719970703125,705.344970703125,705.3599853515625,56901
2026-09-15 14:49:00+00:00,705.3800048828125,705.4000244140625,705.1300048828125,705.1300048828125,91356
2026-09-15 14:50:00+00:00,705.0999755859375,705.1010131835938,704.760986328125,704.8798828125,133059
2026-09-15 14:51:00+00:00,704.89501953125,705.1950073242188,704.1699829101562,704.2249755859375,190234
2026-09-15 14:52:00+00:00,704.2100219726562,704.4600219726562,704.135009765625,704.4099731445312,144696
2026-09-15 14:53:00+00:00,704.4099731445312,704.4099731445312,703.906005859375,704.14990234375,120963
2026-09-15 14:54:00+00:00,704.1500244140625,704.530029296875,704.1500244140625,704.4749755859375,96667
2026-09-15 14:55:00+00:00,704.4749755859375,704.510009765625,704.2100219726562,704.3900146484375,77146
2026-09-15 14:56:00+00:00,704.3599853515625,704.5250244140625,704.22998046875,704.5250244140625,63282
2026-09-15 14:57:00+00:00,704.5250244140625,704.8300170898438,704.4500122070312,704.8250122070312,73199
2026-09-15 14:58:00+00:00,704.8250122070312,704.9099731445312,704.4400024414062,704.8049926757812,73724
2026-09-15 14:59:00+00:00,704.8099975585938,704.844970703125,704.469970703125,704.47998046875,45760
2026-09-15 15:00:00+00:00,704.4749755859375,704.989990234375,704.4749755859375,704.8699951171875,73030
2026-09-15 15:01:00+00:00,704.8599853515625,705.1680297851562,704.6099853515625,705.1680297851562,73703
2026-09-15 15:02:00+00:00,705.1376953125,705.1500244140625,704.760009765625,704.844970703125,83999
2026-09-15 15:03:00+00:00,704.8599853515625,705.3900146484375,704.790771484375,705.389892578125,60110
2026-09-15 15:04:00+00:00,705.3599853515625,705.5399780273438,705.3099975585938,705.5399780273438,66454
2026-09-15 15:05:00+00:00,705.5399780273438,705.6599731445312,705.4199829101562,705.469970703125,54560
2026-09-15 15:06:00+00:00,705.44189453125,705.5198974609375,705.3800048828125,705.4450073242188,47916
2026-09-15 15:07:00+00:00,705.4400024414062,705.5900268554688,705.3599853515625,705.52001953125,48210
2026-09-15 15:08:00+00:00,705.5,705.5,705.3099975585938,705.360107421875,43754
2026-09-15 15:09:00+00:00,705.3900146484375,705.47998046875,705.1599731445312,705.2899780273438,25499
2026-09-15 15:10:00+00:00,705.2849731445312,705.4500122070312,705.0900268554688,705.1099853515625,39960
2026-09-15 15:11:00+00:00,705.1199951171875,705.1900024414062,704.9500122070312,705.1693725585938,54288
2026-09-15 15:12:00+00:00,705.1749877929688,705.3051147460938,704.97998046875,705.1901245117188,99491
2026-09-15 15:13:00+00:00,705.1849975585938,705.280029296875,704.969970703125,705.0,149883
2026-09-15 15:14:00+00:00,705.0050048828125,705.3599853515625,705.0050048828125,705.2750244140625,56788
2026-09-15 15:15:00+00:00,705.27001953125,705.39501953125,705.1699829101562,705.27001953125,36306
2026-09-15 15:16:00+00:00,705.260009765625,705.4600219726562,705.0999755859375,705.4249877929688,28727
2026-09-15 15:17:00+00:00,705.4249877929688,705.5800170898438,705.3800048828125,705.5549926757812,41959
2026-09-15 15:18:00+00:00,705.5549926757812,705.75,705.52001953125,705.7100219726562,57824
2026-09-15 15:19:00+00:00,705.75,705.760009765625,705.530029296875,705.5700073242188,37432
2026-09-15 15:20:00+00:00,705.5800170898438,705.5800170898438,705.3350219726562,705.3594970703125,53075
2026-09-15 15:21:00+00:00,705.3800048828125,705.3900146484375,705.135009765625,705.22998046875,31882
2026-09-15 15:22:00+00:00,705.260009765625,705.5499877929688,705.1900024414062,705.27001953125,32099
2026-09-15 15:23:00+00:00,705.280029296875,705.77001953125,705.280029296875,705.72021484375,39261
2026-09-15 15:24:00+00:00,705.7000122070312,705.7000122070312,705.5700073242188,705.5750122070312,25744
2026-09-15 15:25:00+00:00,705.5999755859375,705.6900024414062,705.5399780273438,705.6597900390625,19692
2026-09-15 15:26:00+00:00,705.669921875,705.7100219726562,705.4099731445312,705.5800170898438,53835
2026-09-15 15:27:00+00:00,705.60009765625,705.7999877929688,705.5599975585938,705.7999877929688,46236
2026-09-15 15:28:00+00:00,705.780029296875,705.8099975585938,705.5599975585938,705.6156005859375,21195
2026-09-15 15:29:00+00:00,705.6400146484375,705.6594848632812,705.4804077148438,705.6594848632812,23116
2026-09-15 15:30:00+00:00,705.6599731445312,705.7100219726562,705.4600219726562,705.489990234375,25211
2026-09-15 15:31:00+00:00,705.489990234375,705.530029296875,705.239990234375,705.2899780273438,21176
2026-09-15 15:32:00+00:00,705.27001953125,705.27001953125,704.9625244140625,705.1099853515625,71727
2026-09-15 15:33:00+00:00,705.0999755859375,705.3300170898438,705.0,705.0800170898438,48571
2026-09-15 15:34:00+00:00,705.0900268554688,705.4600219726562,705.0399780273438,705.4199829101562,64294
2026-09-15 15:35:00+00:00,705.4600219726562,705.52001953125,705.2550048828125,705.27001953125,20048
2026-09-15 15:36:00+00:00,705.2899780273438,705.6300048828125,705.2899780273438,705.594970703125,18208
2026-09-15 15:37:00+00:00,705.5607299804688,705.5607299804688,705.2000122070312,705.2633056640625,15604
2026-09-15 15:38:00+00:00,705.280029296875,705.4500122070312,705.2728271484375,705.4201049804688,23046
2026-09-15 15:39:00+00:00,705.4500122070312,705.4500122070312,705.2100219726562,705.2100219726562,22775
2026-09-15 15:40:00+00:00,705.1901245117188,705.5399169921875,705.1901245117188,705.5399169921875,24548
2026-09-15 15:41:00+00:00,705.5399169921875,705.6900024414062,705.4000244140625,705.6099853515625,71662
2026-09-15 15:42:00+00:00,705.6099853515625,705.6798706054688,705.5800170898438,705.6599731445312,23310
2026-09-15 15:43:00+00:00,705.6400146484375,705.8048095703125,705.530029296875,705.7949829101562,141923
2026-09-15 15:44:00+00:00,705.760009765625,705.7999877929688,705.5750122070312,705.5999755859375,70229
2026-09-15 15:45:00+00:00,705.5800170898438,705.6500244140625,705.4464721679688,705.530029296875,24761
2026-09-15 15:46:00+00:00,705.5300903320312,705.5700073242188,705.3200073242188,705.4500122070312,30125
2026-09-15 15:47:00+00:00,705.489990234375,705.4998779296875,705.25,705.2598876953125,15525
2026-09-15 15:48:00+00:00,705.2449951171875,705.3800048828125,705.239990234375,705.2949829101562,36190
2026-09-15 15:49:00+00:00,705.2949829101562,705.3099975585938,704.97998046875,705.0999755859375,41160
2026-09-15 15:50:00+00:00,705.0999755859375,705.8699951171875,705.0800170898438,705.5,200489
2026-09-15 15:51:00+00:00,705.5,705.510009765625,705.2849731445312,705.2849731445312,43127
2026-09-15 15:52:00+00:00,705.280029296875,705.5,705.280029296875,705.363525390625,12073
2026-09-15 15:53:00+00:00,705.3400268554688,705.489990234375,705.3400268554688,705.4099731445312,0
2026-09-15 15:54:00+00:00,705.4149780273438,705.4249877929688,705.260009765625,705.375,14491
2026-09-15 15:55:00+00:00,705.3900146484375,706.02001953125,705.2550048828125,705.9550170898438,73648
2026-09-15 15:56:00+00:00,705.9453125,705.9453125,705.4349975585938,705.5700073242188,27117
2026-09-15 15:57:00+00:00,705.5999755859375,705.6489868164062,705.5599975585938,705.60498046875,17063
2026-09-15 15:58:00+00:00,705.5800170898438,705.5900268554688,705.3400268554688,705.35498046875,32778
2026-09-15 15:59:00+00:00,705.3400268554688,705.5299072265625,705.3200073242188,705.3200073242188,39240
2026-09-15 16:00:00+00:00,705.3499755859375,705.47998046875,705.219970703125,705.3800048828125,31132
2026-09-15 16:01:00+00:00,705.4600219726562,705.6099853515625,705.4041137695312,705.5,63417
2026-09-15 16:02:00+00:00,705.4749755859375,705.5999755859375,705.4299926757812,705.5999755859375,21550
2026-09-15 16:03:00+00:00,705.5418701171875,705.5418701171875,705.3699951171875,705.4099731445312,23271
2026-09-15 16:04:00+00:00,705.4099731445312,705.52001953125,705.3499755859375,705.5120849609375,24819
2026-09-15 16:05:00+00:00,705.469970703125,705.5,705.2449951171875,705.3099975585938,21088
2026-09-15 16:06:00+00:00,705.3231201171875,705.4299926757812,705.2100219726562,705.2100219726562,16841
2026-09-15 16:07:00+00:00,705.2100219726562,705.2152099609375,704.9500122070312,705.0499877929688,42388
2026-09-15 16:08:00+00:00,705.0449829101562,705.0449829101562,704.8099975585938,704.8400268554688,38040
2026-09-15 16:09:00+00:00,704.847412109375,704.8972778320312,704.5709838867188,704.6699829101562,49450
2026-09-15 16:10:00+00:00,704.6500244140625,704.77001953125,704.6500244140625,704.6500244140625,18045
2026-09-15 16:11:00+00:00,704.655029296875,704.72998046875,704.4901123046875,704.6699829101562,36549
2026-09-15 16:12:00+00:00,704.657470703125,704.6900024414062,704.5700073242188,704.5900268554688,20703
2026-09-15 16:13:00+00:00,704.5800170898438,704.6500244140625,704.5,704.64501953125,41398
2026-09-15 16:14:00+00:00,704.6400146484375,704.6599731445312,704.5,704.530029296875,25639
2026-09-15 16:15:00+00:00,704.5349731445312,704.6998901367188,704.4600219726562,704.6599731445312,41297
2026-09-15 16:16:00+00:00,704.6505126953125,704.719970703125,704.64990234375,704.7100219726562,15529
2026-09-15 16:17:00+00:00,704.7150268554688,704.89501953125,704.7150268554688,704.89501953125,52409
2026-09-15 16:18:00+00:00,704.9000244140625,704.9749755859375,704.840087890625,704.9749755859375,24519
2026-09-15 16:19:00+00:00,704.97998046875,705.0999755859375,704.9299926757812,705.0900268554688,34612
2026-09-15 16:20:00+00:00,705.0700073242188,705.25,705.0700073242188,705.1400146484375,50826
2026-09-15 16:21:00+00:00,705.1799926757812,705.39501953125,705.1799926757812,705.3599853515625,37892
2026-09-15 16:22:00+00:00,705.3632202148438,705.5700073242188,705.3632202148438,705.5399780273438,40045
2026-09-15 16:23:00+00:00,705.5346069335938,705.9199829101562,705.5200805664062,705.8400268554688,94841
2026-09-15 16:24:00+00:00,705.8400268554688,705.9099731445312,705.75,705.7886962890625,50796
2026-09-15 16:25:00+00:00,705.780029296875,705.8200073242188,705.6165161132812,705.6400146484375,41324
2026-09-15 16:26:00+00:00,705.6500244140625,705.7249755859375,705.52099609375,705.5601196289062,39016
2026-09-15 16:27:00+00:00,705.5800170898438,705.7999877929688,705.5700073242188,705.7849731445312,25172
2026-09-15 16:28:00+00:00,705.780029296875,705.8804931640625,705.7100219726562,705.7991943359375,41354
2026-09-15 16:29:00+00:00,705.760009765625,705.760009765625,705.4500122070312,705.510009765625,21114
2026-09-15 16:30:00+00:00,705.5050048828125,705.5250244140625,705.1104125976562,705.1599731445312,73731
2026-09-15 16:31:00+00:00,705.1699829101562,705.4299926757812,705.1400146484375,705.4199829101562,29375
2026-09-15 16:32:00+00:00,705.4349975585938,705.6900024414062,705.3699951171875,705.6900024414062,39469
2026-09-15 16:33:00+00:00,705.6900024414062,705.75,705.594970703125,705.6400146484375,20253
2026-09-15 16:34:00+00:00,705.6500244140625,705.6799926757812,705.4509887695312,705.5900268554688,19748
2026-09-15 16:35:00+00:00,705.5999145507812,705.6199951171875,705.3900756835938,705.4949951171875,14015
2026-09-15 16:36:00+00:00,705.4600219726562,705.6102294921875,705.4299926757812,705.5499877929688,12468
2026-09-15 16:37:00+00:00,705.5700073242188,705.6099853515625,705.52001953125,705.530029296875,16223
2026-09-15 16:38:00+00:00,705.52001953125,705.5399780273438,705.4149780273438,705.4149780273438,9364
2026-09-15 16:39:00+00:00,705.4000244140625,705.4982299804688,705.330078125,705.4749755859375,15424
2026-09-15 16:40:00+00:00,705.4600219726562,705.510009765625,705.3499755859375,705.3699951171875,14298
2026-09-15 16:41:00+00:00,705.3499755859375,705.5399780273438,705.2890014648438,705.5150146484375,44960
2026-09-15 16:42:00+00:00,705.489990234375,705.5490112304688,705.4650268554688,705.469970703125,10324
2026-09-15 16:43:00+00:00,705.489990234375,705.52001953125,705.3300170898438,705.4099731445312,14154
2026-09-15 16:44:00+00:00,705.3800048828125,705.4299926757812,705.25,705.3900146484375,13456
2026-09-15 16:45:00+00:00,705.3900146484375,705.5399780273438,705.3350219726562,705.4500122070312,16433
2026-09-15 16:46:00+00:00,705.469970703125,705.510009765625,705.39501953125,705.4400024414062,35124
2026-09-15 16:47:00+00:00,705.4600219726562,705.469970703125,705.3049926757812,705.3400268554688,16488
2026-09-15 16:48:00+00:00,705.3300170898438,705.3499755859375,705.1400146484375,705.1400146484375,22818
2026-09-15 16:49:00+00:00,705.1300048828125,705.3344116210938,705.1204833984375,705.3344116210938,10333
2026-09-15 16:50:00+00:00,705.3099975585938,705.4093017578125,705.2899780273438,705.3499755859375,11029
2026-09-15 16:51:00+00:00,705.3400268554688,705.5,705.3400268554688,705.3699951171875,30160
2026-09-15 16:52:00+00:00,705.4099731445312,705.8489990234375,705.3800048828125,705.8099975585938,48290
2026-09-15 16:53:00+00:00,705.7999877929688,705.8800048828125,705.7899780273438,705.8726806640625,24276
2026-09-15 16:54:00+00:00,705.9000244140625,705.9600219726562,705.8599853515625,705.89501953125,31406
2026-09-15 16:55:00+00:00,705.9000244140625,706.0,705.8300170898438,705.8900146484375,24666
2026-09-15 16:56:00+00:00,705.8800048828125,705.9000854492188,705.5499877929688,705.5499877929688,32056
2026-09-15 16:57:00+00:00,705.52001953125,705.6195068359375,705.469970703125,705.47998046875,18864
2026-09-15 16:58:00+00:00,705.469970703125,705.489990234375,705.27001953125,705.3499755859375,27537
2026-09-15 16:59:00+00:00,705.3950805664062,705.4400024414062,705.280029296875,705.4400024414062,15198
2026-09-15 17:00:00+00:00,705.4400024414062,705.47998046875,705.3099975585938,705.3099975585938,15168
2026-09-15 17:01:00+00:00,705.3300170898438,705.510009765625,705.3300170898438,705.4998779296875,12818
2026-09-15 17:02:00+00:00,705.47998046875,705.52001953125,705.02197265625,705.02197265625,104182
2026-09-15 17:03:00+00:00,705.0399780273438,705.0700073242188,704.9099731445312,705.0040283203125,40674
2026-09-15 17:04:00+00:00,705.0,705.0599975585938,704.780029296875,704.780029296875,29488
2026-09-15 17:05:00+00:00,704.760009765625,704.7999877929688,704.6320190429688,704.7100219726562,44886
2026-09-15 17:06:00+00:00,704.7100219726562,704.9099731445312,704.6306762695312,704.8699951171875,68710
2026-09-15 17:07:00+00:00,704.8699951171875,705.1699829101562,704.8599853515625,705.0800170898438,59509
2026-09-15 17:08:00+00:00,705.030029296875,705.0650024414062,704.8900146484375,705.02001953125,40322
2026-09-15 17:09:00+00:00,705.02001953125,705.0599975585938,704.8800048828125,704.8800048828125,19982
2026-09-15 17:10:00+00:00,704.89501953125,705.1895141601562,704.8900146484375,705.1500244140625,29885
2026-09-15 17:11:00+00:00,705.1500244140625,705.25,705.1400146484375,705.1400146484375,29995
2026-09-15 17:12:00+00:00,705.14501953125,705.1500244140625,704.9000244140625,704.9199829101562,32628
2026-09-15 17:13:00+00:00,704.9099731445312,705.094970703125,704.9099731445312,705.0200805664062,37828
2026-09-15 17:14:00+00:00,705.0250244140625,705.0700073242188,704.7999877929688,704.8250122070312,69830
2026-09-15 17:15:00+00:00,704.8400268554688,704.8800048828125,704.8099975585938,704.85498046875,11167
2026-09-15 17:16:00+00:00,704.8400268554688,704.9349975585938,704.7620239257812,704.9210205078125,21841
2026-09-15 17:17:00+00:00,704.9299926757812,704.948486328125,704.8499755859375,704.8599853515625,36366
2026-09-15 17:18:00+00:00,704.8599853515625,704.90478515625,704.8300170898438,704.8499755859375,10420
2026-09-15 17:19:00+00:00,704.8400268554688,705.010009765625,704.8200073242188,705.0,14143
2026-09-15 17:20:00+00:00,705.0,705.1199951171875,704.969970703125,705.0900268554688,17912
2026-09-15 17:21:00+00:00,705.0700073242188,705.0800170898438,704.9000244140625,704.9199829101562,20642
2026-09-15 17:22:00+00:00,704.9149780273438,704.9251708984375,704.7249755859375,704.8200073242188,54766
2026-09-15 17:23:00+00:00,704.8099975585938,704.847900390625,704.7100219726562,704.8099975585938,13260
2026-09-15 17:24:00+00:00,704.7907104492188,704.7907104492188,704.5599975585938,704.57177734375,34529
2026-09-15 17:25:00+00:00,704.5700073242188,704.75,704.5499877929688,704.6749877929688,29978
2026-09-15 17:26:00+00:00,704.655029296875,704.8699951171875,704.655029296875,704.8300170898438,23557
2026-09-15 17:27:00+00:00,704.8099975585938,704.8699951171875,704.75,704.8099975585938,19261
2026-09-15 17:28:00+00:00,704.8099975585938,704.8499755859375,704.6500854492188,704.6849975585938,35047
2026-09-15 17:29:00+00:00,704.6849975585938,704.7999877929688,704.6401977539062,704.7999877929688,19383
2026-09-15 17:30:00+00:00,704.8099975585938,704.9299926757812,704.7249755859375,704.780029296875,51224
2026-09-15 17:31:00+00:00,704.7550048828125,704.969970703125,704.7449951171875,704.905029296875,41378
2026-09-15 17:32:00+00:00,704.9299926757812,705.0900268554688,704.9299926757812,705.0549926757812,11552
2026-09-15 17:33:00+00:00,705.0549926757812,705.1300048828125,704.9400024414062,705.0499877929688,45978
2026-09-15 17:34:00+00:00,705.0800170898438,705.1199951171875,704.9000244140625,704.9000244140625,146716
2026-09-15 17:35:00+00:00,704.9099731445312,705.0499267578125,704.8099975585938,704.9299926757812,21950
2026-09-15 17:36:00+00:00,704.969970703125,704.969970703125,704.780029296875,704.864990234375,26096
2026-09-15 17:37:00+00:00,704.8200073242188,704.9199829101562,704.719970703125,704.9199829101562,28780
2026-09-15 17:38:00+00:00,704.8800048828125,704.8900146484375,704.760009765625,704.8300170898438,7080
2026-09-15 17:39:00+00:00,704.8200073242188,704.8200073242188,704.72998046875,704.7899780273438,10967
2026-09-15 17:40:00+00:00,704.7899780273438,704.9500122070312,704.739990234375,704.9299926757812,15400
2026-09-15 17:41:00+00:00,704.8800048828125,704.9199829101562,704.72998046875,704.72998046875,39558
2026-09-15 17:42:00+00:00,704.739990234375,704.77001953125,704.5700073242188,704.6199951171875,24281
2026-09-15 17:43:00+00:00,704.6199951171875,704.780029296875,704.530029296875,704.77001953125,35421
2026-09-15 17:44:00+00:00,704.780029296875,704.8975219726562,704.780029296875,704.8499755859375,28136
2026-09-15 17:45:00+00:00,704.8250122070312,704.9199829101562,704.8250122070312,704.9000244140625,15534
2026-09-15 17:46:00+00:00,704.9000244140625,704.9600219726562,704.6799926757812,704.7100219726562,89805
2026-09-15 17:47:00+00:00,704.7100219726562,704.7650146484375,704.6799926757812,704.6900024414062,19967
2026-09-15 17:48:00+00:00,704.7100219726562,704.7249755859375,704.5999755859375,704.6699829101562,28193
2026-09-15 17:49:00+00:00,704.6699829101562,704.7000122070312,704.6199951171875,704.6699829101562,21344
2026-09-15 17:50:00+00:00,704.6599731445312,704.719970703125,704.625,704.6950073242188,23093
2026-09-15 17:51:00+00:00,704.7100219726562,704.8400268554688,704.6300048828125,704.719970703125,36170
2026-09-15 17:52:00+00:00,704.7100219726562,704.8400268554688,704.6699829101562,704.8400268554688,21926
2026-09-15 17:53:00+00:00,704.8200073242188,704.9484252929688,704.75,704.9484252929688,165705
2026-09-15 17:54:00+00:00,704.9349975585938,705.030029296875,704.8400268554688,705.0197143554688,40556
2026-09-15 17:55:00+00:00,705.0,705.0599975585938,704.8900146484375,705.0449829101562,34517
2026-09-15 17:56:00+00:00,705.0499877929688,705.198486328125,705.030029296875,705.198486328125,39301
2026-09-15 17:57:00+00:00,705.1699829101562,705.1799926757812,705.0999755859375,705.135009765625,15823
2026-09-15 17:58:00+00:00,705.1300048828125,705.1300048828125,705.0,705.0499877929688,126095
2026-09-15 17:59:00+00:00,705.0549926757812,705.10009765625,704.9600219726562,705.0,29059
2026-09-15 18:00:00+00:00,705.0,705.1400146484375,704.8200073242188,704.8900146484375,43005
2026-09-15 18:01:00+00:00,704.875,705.0750122070312,704.8718872070312,705.0750122070312,13251
2026-09-15 18:02:00+00:00,705.0499877929688,705.2249755859375,705.0399780273438,705.19189453125,20827
2026-09-15 18:03:00+00:00,705.2100219726562,705.25,705.1199951171875,705.1900024414062,20789
2026-09-15 18:04:00+00:00,705.1900024414062,705.239990234375,705.1500244140625,705.2349853515625,131274
2026-09-15 18:05:00+00:00,705.2249755859375,705.2349853515625,705.1099853515625,705.1699829101562,32064
2026-09-15 18:06:00+00:00,705.1699829101562,705.35498046875,705.1699829101562,705.2999877929688,149939
2026-09-15 18:07:00+00:00,705.2999877929688,705.3699951171875,705.25,705.3599853515625,31621
2026-09-15 18:08:00+00:00,705.3350219726562,705.3699951171875,705.27001953125,705.2899780273438,21375
2026-09-15 18:09:00+00:00,705.280029296875,705.3800048828125,705.280029296875,705.3800048828125,43475
2026-09-15 18:10:00+00:00,705.385009765625,705.4199829101562,705.2600708007812,705.2600708007812,55328
2026-09-15 18:11:00+00:00,705.260009765625,705.52001953125,705.260009765625,705.4605102539062,44053
2026-09-15 18:12:00+00:00,705.4600219726562,705.5399780273438,705.4450073242188,705.4949951171875,171249
2026-09-15 18:13:00+00:00,705.4949951171875,705.5700073242188,705.4500122070312,705.489990234375,47583
2026-09-15 18:14:00+00:00,705.5,705.54150390625,705.3499755859375,705.3800048828125,153807
2026-09-15 18:15:00+00:00,705.4099731445312,705.4600219726562,705.22998046875,705.2301025390625,39278
2026-09-15 18:16:00+00:00,705.22998046875,705.22998046875,705.02001953125,705.0499877929688,39399
2026-09-15 18:17:00+00:00,705.0549926757812,705.1500244140625,704.9849853515625,705.1099853515625,42643
2026-09-15 18:18:00+00:00,705.1300048828125,705.1599731445312,705.0700073242188,705.0700073242188,9990
2026-09-15 18:19:00+00:00,705.0750122070312,705.1199951171875,705.0399780273438,705.0850219726562,11798
2026-09-15 18:20:00+00:00,705.0800170898438,705.1699829101562,705.0650024414062,705.1002807617188,16419
2026-09-15 18:21:00+00:00,705.114990234375,705.209228515625,705.0999755859375,705.1900024414062,14975
2026-09-15 18:22:00+00:00,705.1900024414062,705.219970703125,705.1500244140625,705.2000122070312,15676
2026-09-15 18:23:00+00:00,705.2000122070312,705.2000122070312,705.0800170898438,705.10498046875,16781
2026-09-15 18:24:00+00:00,705.1099853515625,705.169921875,705.0900268554688,705.169921875,127675
2026-09-15 18:25:00+00:00,705.1799926757812,705.2249755859375,705.1199951171875,705.2249755859375,20704
2026-09-15 18:26:00+00:00,705.219970703125,705.219970703125,705.0800170898438,705.1849975585938,43899
2026-09-15 18:27:00+00:00,705.135009765625,705.155029296875,705.0700073242188,705.1099853515625,30235
2026-09-15 18:28:00+00:00,705.0900268554688,705.3699951171875,705.0900268554688,705.3699951171875,38627
2026-09-15 18:29:00+00:00,705.3900146484375,705.4000244140625,705.3300170898438,705.39501953125,27403
2026-09-15 18:30:00+00:00,705.398681640625,705.398681640625,705.1300048828125,705.15869140625,43971
2026-09-15 18:31:00+00:00,705.1500854492188,705.155029296875,705.0264282226562,705.125,25324
2026-09-15 18:32:00+00:00,705.1099853515625,705.1389770507812,704.9100952148438,704.9199829101562,30426
2026-09-15 18:33:00+00:00,704.9000244140625,704.9500122070312,704.8599853515625,704.89501953125,39743
2026-09-15 18:34:00+00:00,704.885009765625,704.9099731445312,704.8200073242188,704.8699951171875,22234
2026-09-15 18:35:00+00:00,704.8775024414062,704.96240234375,704.875,704.9299926757812,24735
2026-09-15 18:36:00+00:00,704.9299926757812,704.9349975585938,704.7750244140625,704.8699951171875,126825
2026-09-15 18:37:00+00:00,704.8400268554688,704.8599853515625,704.7000122070312,704.8350219726562,45774
2026-09-15 18:38:00+00:00,704.8300170898438,704.9199829101562,704.7999877929688,704.8900146484375,28006
2026-09-15 18:39:00+00:00,704.8900146484375,704.9099731445312,704.8200073242188,704.8699951171875,18630
2026-09-15 18:40:00+00:00,704.875,704.875,704.6500244140625,704.6699829101562,30293
2026-09-15 18:41:00+00:00,704.6699829101562,705.1300048828125,704.6599731445312,704.969970703125,90228
2026-09-15 18:42:00+00:00,704.969970703125,705.010009765625,704.7249755859375,704.7449951171875,63225
2026-09-15 18:43:00+00:00,704.7449951171875,704.780029296875,704.6699829101562,704.676025390625,18309
2026-09-15 18:44:00+00:00,704.6699829101562,704.760009765625,704.6699829101562,704.6799926757812,27928
2026-09-15 18:45:00+00:00,704.6849975585938,704.72998046875,704.5850219726562,704.6199951171875,32234
2026-09-15 18:46:00+00:00,704.62451171875,704.6599731445312,704.530029296875,704.530029296875,44515
2026-09-15 18:47:00+00:00,704.52001953125,704.59130859375,704.47998046875,704.4949951171875,22312
2026-09-15 18:48:00+00:00,704.4949951171875,704.510009765625,704.364990234375,704.39501953125,105399
2026-09-15 18:49:00+00:00,704.3970947265625,704.4000244140625,704.1906127929688,704.3400268554688,67651
2026-09-15 18:50:00+00:00,704.3300170898438,704.47998046875,704.3300170898438,704.4099731445312,89931
2026-09-15 18:51:00+00:00,704.3900146484375,704.3900146484375,704.27001953125,704.2700805664062,43749
2026-09-15 18:52:00+00:00,704.3101196289062,704.39501953125,704.3099975585938,704.3499755859375,46175
2026-09-15 18:53:00+00:00,704.3599853515625,704.5,704.3300170898438,704.4400024414062,47605
2026-09-15 18:54:00+00:00,704.4251098632812,704.530029296875,704.4202270507812,704.5,29385
2026-09-15 18:55:00+00:00,704.5,704.5750122070312,704.4409790039062,704.5150146484375,24544
2026-09-15 18:56:00+00:00,704.52001953125,704.5599975585938,704.4600219726562,704.5100708007812,13656
2026-09-15 18:57:00+00:00,704.530029296875,704.6099853515625,704.489990234375,704.489990234375,35596
2026-09-15 18:58:00+00:00,704.489990234375,704.6099853515625,704.4500122070312,704.594970703125,17928
2026-09-15 18:59:00+00:00,704.6099853515625,704.7550048828125,704.5900268554688,704.7304077148438,27633
2026-09-15 19:00:00+00:00,704.72998046875,704.8699951171875,704.6599731445312,704.8499755859375,81802
2026-09-15 19:01:00+00:00,704.8405151367188,704.8800048828125,704.6199951171875,704.6199951171875,18561
2026-09-15 19:02:00+00:00,704.6400146484375,704.7249755859375,704.5,704.6701049804688,40869
2026-09-15 19:03:00+00:00,704.6699829101562,704.7199096679688,704.6400146484375,704.6799926757812,23681
2026-09-15 19:04:00+00:00,704.6998901367188,704.8300170898438,704.6500244140625,704.6799926757812,51880
2026-09-15 19:05:00+00:00,704.6799926757812,704.739990234375,704.614990234375,704.6599731445312,35806
2026-09-15 19:06:00+00:00,704.6199951171875,704.669921875,704.5999755859375,704.6300048828125,13830
2026-09-15 19:07:00+00:00,704.6300048828125,704.6799926757812,704.5399780273438,704.6799926757812,47580
2026-09-15 19:08:00+00:00,704.6900024414062,704.780029296875,704.6500244140625,704.72998046875,34489
2026-09-15 19:09:00+00:00,704.7349853515625,704.7700805664062,704.6500244140625,704.719970703125,22827
2026-09-15 19:10:00+00:00,704.719970703125,704.780029296875,704.655029296875,704.72998046875,30236
2026-09-15 19:11:00+00:00,704.719970703125,704.7550048828125,704.640380859375,704.6749877929688,21244
2026-09-15 19:12:00+00:00,704.6500244140625,704.6599731445312,704.47998046875,704.510009765625,140099
2026-09-15 19:13:00+00:00,704.5150146484375,704.5150146484375,704.4000244140625,704.4299926757812,143352
2026-09-15 19:14:00+00:00,704.4249877929688,704.52001953125,704.4149780273438,704.4561157226562,31500
2026-09-15 19:15:00+00:00,704.4450073242188,704.4600219726562,704.3200073242188,704.3699951171875,39778
2026-09-15 19:16:00+00:00,704.3400268554688,704.4199829101562,704.2899780273438,704.3599853515625,30663
2026-09-15 19:17:00+00:00,704.3599853515625,704.3699951171875,704.2750244140625,704.3400268554688,18653
2026-09-15 19:18:00+00:00,704.3400268554688,704.4400024414062,704.3201293945312,704.4149780273438,16735
2026-09-15 19:19:00+00:00,704.4249877929688,704.530029296875,704.4249877929688,704.469970703125,244973
2026-09-15 19:20:00+00:00,704.4600219726562,704.47998046875,704.344970703125,704.3499755859375,21440
2026-09-15 19:21:00+00:00,704.3400268554688,704.364990234375,704.2999877929688,704.3350219726562,16604
2026-09-15 19:22:00+00:00,704.3300170898438,704.4099731445312,704.2999877929688,704.3900146484375,41759
2026-09-15 19:23:00+00:00,704.3800048828125,704.4299926757812,704.3400268554688,704.3599853515625,40879
2026-09-15 19:24:00+00:00,704.3599853515625,704.419921875,704.2890014648438,704.3300170898438,139917
2026-09-15 19:25:00+00:00,704.3350219726562,704.3350219726562,704.22998046875,704.2650146484375,50054
2026-09-15 19:26:00+00:00,704.2650146484375,704.385009765625,704.2431030273438,704.3800048828125,21975
2026-09-15 19:27:00+00:00,704.3800048828125,704.510009765625,704.3800048828125,704.4949951171875,29995
2026-09-15 19:28:00+00:00,704.4990234375,704.4990234375,704.3900146484375,704.4099731445312,128483
2026-09-15 19:29:00+00:00,704.4000244140625,704.4099731445312,704.3400268554688,704.3599853515625,33576
2026-09-15 19:30:00+00:00,704.3599853515625,704.3800048828125,704.260009765625,704.27001953125,47043
2026-09-15 19:31:00+00:00,704.25,704.3200073242188,704.25,704.27001953125,34526
2026-09-15 19:32:00+00:00,704.2750244140625,704.4277954101562,704.239990234375,704.3900146484375,62758
2026-09-15 19:33:00+00:00,704.3900146484375,704.4249877929688,704.2999877929688,704.3350219726562,30198
2026-09-15 19:34:00+00:00,704.3300170898438,704.3599243164062,704.2249755859375,704.239990234375,27979
2026-09-15 19:35:00+00:00,704.22998046875,704.22998046875,704.0,704.030029296875,79440
2026-09-15 19:36:00+00:00,704.0399780273438,704.159912109375,704.030029296875,704.1099853515625,68955
2026-09-15 19:37:00+00:00,704.1196899414062,704.1199951171875,703.9000244140625,704.0,89521
2026-09-15 19:38:00+00:00,704.0,704.0650024414062,703.9299926757812,703.9600219726562,42240
2026-09-15 19:39:00+00:00,703.9650268554688,703.9650268554688,703.7999877929688,703.909912109375,173439
2026-09-15 19:40:00+00:00,703.9000244140625,703.989990234375,703.8200073242188,703.9749755859375,106070
2026-09-15 19:41:00+00:00,703.9749755859375,704.0700073242188,703.9620971679688,704.0001220703125,59280
2026-09-15 19:42:00+00:00,704.010009765625,704.0499877929688,703.9600219726562,703.97998046875,89378
2026-09-15 19:43:00+00:00,703.9600219726562,704.1500244140625,703.85498046875,704.0549926757812,91991
2026-09-15 19:44:00+00:00,704.0599975585938,704.1599731445312,704.0599975585938,704.0850219726562,31562
2026-09-15 19:45:00+00:00,704.0800170898438,704.1599731445312,704.0,704.010009765625,99608
2026-09-15 19:46:00+00:00,704.0399780273438,704.1300048828125,703.9749755859375,704.0800170898438,150690
2026-09-15 19:47:00+00:00,704.0499877929688,704.2000122070312,704.030029296875,704.031005859375,68725
2026-09-15 19:48:00+00:00,704.030029296875,704.0599975585938,703.94580078125,703.9500122070312,32433
2026-09-15 19:49:00+00:00,703.9600219726562,704.22998046875,703.9550170898438,704.1950073242188,43005
2026-09-15 19:50:00+00:00,704.1699829101562,704.1900024414062,703.8400268554688,703.844970703125,211883
2026-09-15 19:51:00+00:00,703.8400268554688,703.9400024414062,703.8270874023438,703.842529296875,85197
2026-09-15 19:52:00+00:00,703.8499755859375,703.8599853515625,703.635009765625,703.739990234375,221933
2026-09-15 19:53:00+00:00,703.72998046875,703.969970703125,703.6799926757812,703.9149780273438,120912
2026-09-15 19:54:00+00:00,703.9299926757812,704.3400268554688,703.9099731445312,704.3400268554688,125095
2026-09-15 19:55:00+00:00,704.3099975585938,704.3599853515625,704.0800170898438,704.1300048828125,282354
2026-09-15 19:56:00+00:00,704.1199951171875,704.219970703125,704.094970703125,704.1500244140625,199102
2026-09-15 19:57:00+00:00,704.1400146484375,704.27001953125,704.1099853515625,704.2415771484375,153064
2026-09-15 19:58:00+00:00,704.239990234375,704.3300170898438,704.1599731445312,704.3250122070312,335410
2026-09-15 19:59:00+00:00,704.3250122070312,704.64501953125,704.27001953125,704.5900268554688,1019340
2026-09-16 13:30:00+00:00,708.0599975585938,708.7899780273438,707.885009765625,708.6599731445312,1502279
2026-09-16 13:31:00+00:00,708.6599731445312,708.7000122070312,708.010009765625,708.3800048828125,146920
2026-09-16 13:32:00+00:00,708.2805786132812,708.3499755859375,707.9600219726562,708.010009765625,143204
2026-09-16 13:33:00+00:00,707.989990234375,708.25,707.9199829101562,708.02001953125,139500
2026-09-16 13:34:00+00:00,708.0499877929688,708.4600219726562,707.969970703125,708.4500122070312,137496
2026-09-16 13:35:00+00:00,708.3800048828125,708.5819702148438,708.2338256835938,708.239990234375,120979
2026-09-16 13:36:00+00:00,708.2000122070312,708.2150268554688,707.6500244140625,708.072021484375,137790
2026-09-16 13:37:00+00:00,708.0800170898438,708.2849731445312,707.9400024414062,708.1859741210938,137578
2026-09-16 13:38:00+00:00,708.2000732421875,708.4000244140625,708.1900024414062,708.25,98328
2026-09-16 13:39:00+00:00,708.219970703125,708.22998046875,707.8400268554688,708.1199951171875,187215
2026-09-16 13:40:00+00:00,708.1099853515625,708.4099731445312,708.02001953125,708.3699951171875,138396
2026-09-16 13:41:00+00:00,708.3599853515625,708.7651977539062,708.2949829101562,708.5,71476
2026-09-16 13:42:00+00:00,708.5499877929688,708.760009765625,708.489990234375,708.6900024414062,46000
2026-09-16 13:43:00+00:00,708.7100219726562,708.8099975585938,708.5200805664062,708.5936279296875,41353
2026-09-16 13:44:00+00:00,708.5850219726562,708.6500244140625,708.3900146484375,708.3900146484375,42728
2026-09-16 13:45:00+00:00,708.4000244140625,709.1199951171875,708.3499755859375,709.0900268554688,258194
2026-09-16 13:46:00+00:00,709.1099853515625,709.6298828125,709.0349731445312,709.3900146484375,143197
2026-09-16 13:47:00+00:00,709.3900146484375,709.4500122070312,709.1699829101562,709.4199829101562,102557
2026-09-16 13:48:00+00:00,709.4199829101562,709.4251098632812,709.1901245117188,709.3099975585938,51703
2026-09-16 13:49:00+00:00,709.260009765625,709.8200073242188,709.2100219726562,709.77001953125,104651
2026-09-16 13:50:00+00:00,709.77001953125,710.1400146484375,709.7000122070312,709.9000244140625,90508
2026-09-16 13:51:00+00:00,709.9000244140625,710.0700073242188,709.6199951171875,709.9600219726562,80579
2026-09-16 13:52:00+00:00,709.9400024414062,710.0,709.7901000976562,709.822021484375,62170
2026-09-16 13:53:00+00:00,709.9099731445312,710.0499267578125,709.5900268554688,710.0499267578125,64976
2026-09-16 13:54:00+00:00,710.0,710.010009765625,709.6500244140625,709.7949829101562,116902
2026-09-16 13:55:00+00:00,709.8099975585938,710.1799926757812,709.7000122070312,709.9650268554688,114089
2026-09-16 13:56:00+00:00,709.97998046875,709.97998046875,709.7999877929688,709.919921875,44009
2026-09-16 13:57:00+00:00,709.9199829101562,709.9998779296875,709.8099975585938,709.8400268554688,44477
2026-09-16 13:58:00+00:00,709.8699951171875,709.9400024414062,709.6500244140625,709.864990234375,43263
2026-09-16 13:59:00+00:00,709.8699951171875,710.25,709.8200073242188,710.2100219726562,57802
2026-09-16 14:00:00+00:00,710.219970703125,710.27001953125,710.0599975585938,710.1199951171875,70210
2026-09-16 14:01:00+00:00,710.1300048828125,710.1300048828125,709.7249755859375,709.7650146484375,56054
2026-09-16 14:02:00+00:00,709.739990234375,709.739990234375,709.219970703125,709.219970703125,64951
2026-09-16 14:03:00+00:00,709.219970703125,709.2949829101562,709.0700073242188,709.1900024414062,44316
2026-09-16 14:04:00+00:00,709.1849975585938,709.239990234375,709.0399780273438,709.1400146484375,40296
2026-09-16 14:05:00+00:00,709.1500244140625,709.3499755859375,709.1099853515625,709.1400146484375,45256
2026-09-16 14:06:00+00:00,709.1500244140625,709.3200073242188,708.9099731445312,709.2681274414062,69666
2026-09-16 14:07:00+00:00,709.27001953125,709.5599975585938,709.2000122070312,709.5499877929688,39165
2026-09-16 14:08:00+00:00,709.530029296875,709.8300170898438,709.4299926757812,709.8099975585938,34852
2026-09-16 14:09:00+00:00,709.7899780273438,709.9199829101562,709.573974609375,709.6099243164062,63914
2026-09-16 14:10:00+00:00,709.594970703125,709.760009765625,709.594970703125,709.7564086914062,42350
2026-09-16 14:11:00+00:00,709.7550048828125,709.7550048828125,709.260009765625,709.3599853515625,46557
2026-09-16 14:12:00+00:00,709.35498046875,709.35498046875,708.97998046875,709.0050048828125,39543
2026-09-16 14:13:00+00:00,709.0,709.1099853515625,708.75,709.1099853515625,47798
2026-09-16 14:14:00+00:00,709.1099853515625,709.5623779296875,709.0399780273438,709.52001953125,46855
2026-09-16 14:15:00+00:00,709.489990234375,709.6900024414062,709.3699951171875,709.6199951171875,44072
2026-09-16 14:16:00+00:00,709.6400146484375,709.8092041015625,709.5399780273438,709.7050170898438,43070
2026-09-16 14:17:00+00:00,709.7349853515625,709.8599853515625,709.5700073242188,709.8287963867188,37086
2026-09-16 14:18:00+00:00,709.7999877929688,710.0399780273438,709.780029296875,710.0399780273438,53603
2026-09-16 14:19:00+00:00,710.030029296875,710.139892578125,709.876220703125,709.969970703125,26123
2026-09-16 14:20:00+00:00,709.9400024414062,710.0900268554688,709.8900146484375,709.8900146484375,31659
2026-09-16 14:21:00+00:00,709.8900146484375,710.0335083007812,709.875,709.9403076171875,30610
2026-09-16 14:22:00+00:00,709.9099731445312,709.9550170898438,709.6798706054688,709.739990234375,28195
2026-09-16 14:23:00+00:00,709.780029296875,709.97998046875,709.6500244140625,709.9600219726562,34108
2026-09-16 14:24:00+00:00,709.952880859375,710.0,709.8057861328125,709.8099975585938,23168
2026-09-16 14:25:00+00:00,709.8300170898438,709.8699951171875,709.6099853515625,709.719970703125,25673
2026-09-16 14:26:00+00:00,709.719970703125,709.7661743164062,709.6500244140625,709.6749877929688,14663
2026-09-16 14:27:00+00:00,709.6749877929688,709.75,709.405029296875,709.47998046875,37729
2026-09-16 14:28:00+00:00,709.4650268554688,709.6121215820312,709.39501953125,709.4500122070312,28684
2026-09-16 14:29:00+00:00,709.4500122070312,709.7999877929688,709.4500122070312,709.580078125,26705
2026-09-16 14:30:00+00:00,709.5650024414062,709.6699829101562,709.4299926757812,709.6569213867188,32353
2026-09-16 14:31:00+00:00,709.6400146484375,709.6699829101562,709.3699951171875,709.489990234375,42328
2026-09-16 14:32:00+00:00,709.4987182617188,709.5,709.2249755859375,709.3400268554688,57257
2026-09-16 14:33:00+00:00,709.3538208007812,709.7197265625,709.3099975585938,709.5599975585938,34318
2026-09-16 14:34:00+00:00,709.5700073242188,709.6199951171875,709.2899780273438,709.4299926757812,32605
2026-09-16 14:35:00+00:00,709.4099731445312,709.489990234375,709.280029296875,709.2899780273438,37024
2026-09-16 14:36:00+00:00,709.3099975585938,709.405029296875,709.0399780273438,709.0800170898438,56026
2026-09-16 14:37:00+00:00,709.0750122070312,709.3499755859375,708.9500122070312,709.3400268554688,46241
2026-09-16 14:38:00+00:00,709.3599853515625,709.489990234375,709.25,709.489990234375,23372
2026-09-16 14:39:00+00:00,709.489990234375,709.489990234375,709.2009887695312,709.239990234375,28017
2026-09-16 14:40:00+00:00,709.2009887695312,709.5700073242188,709.2009887695312,709.5499877929688,39103
2026-09-16 14:41:00+00:00,709.5599975585938,709.6591186523438,709.3604125976562,709.4199829101562,38438
2026-09-16 14:42:00+00:00,709.4146728515625,709.5999755859375,709.2849731445312,709.5,86125
2026-09-16 14:43:00+00:00,709.47998046875,709.7562866210938,709.4000244140625,709.739990234375,37022
2026-09-16 14:44:00+00:00,709.719970703125,709.8900146484375,709.6400146484375,709.8900146484375,40824
2026-09-16 14:45:00+00:00,709.8895874023438,710.0800170898438,709.8499755859375,709.9299926757812,88236
2026-09-16 14:46:00+00:00,709.9249877929688,710.0700073242188,709.8900146484375,709.989990234375,69205
2026-09-16 14:47:00+00:00,709.989990234375,710.0050048828125,709.72998046875,709.7999877929688,44434
2026-09-16 14:48:00+00:00,709.8200073242188,709.8400268554688,709.6900024414062,709.739990234375,92008
2026-09-16 14:49:00+00:00,709.719970703125,709.75,709.5399780273438,709.6900024414062,96500
2026-09-16 14:50:00+00:00,709.6900024414062,709.8499145507812,709.5700073242188,709.5700073242188,32458
2026-09-16 14:51:00+00:00,709.5900268554688,709.6900024414062,709.52001953125,709.5549926757812,21357
2026-09-16 14:52:00+00:00,709.5599975585938,709.8820190429688,709.5599975585938,709.875,21932
2026-09-16 14:53:00+00:00,709.8699951171875,710.0349731445312,709.8699951171875,709.9299926757812,25169
2026-09-16 14:54:00+00:00,709.9299926757812,709.9349975585938,709.8399047851562,709.8399047851562,41019
2026-09-16 14:55:00+00:00,709.8499755859375,709.9400024414062,709.780029296875,709.7899780273438,55172
2026-09-16 14:56:00+00:00,709.7999877929688,709.9600219726562,709.760009765625,709.9600219726562,20166
2026-09-16 14:57:00+00:00,709.9400024414062,710.0889892578125,709.875,710.0700073242188,17745
2026-09-16 14:58:00+00:00,710.06689453125,710.2000122070312,710.010009765625,710.1599731445312,30253
2026-09-16 14:59:00+00:00,710.1799926757812,710.72998046875,710.1799926757812,710.6578979492188,75935
2026-09-16 15:00:00+00:00,710.719970703125,711.02001953125,710.7191162109375,710.97998046875,99539
2026-09-16 15:01:00+00:00,710.9500122070312,711.030029296875,710.8300170898438,710.8800048828125,57013
2026-09-16 15:02:00+00:00,710.875,710.8800048828125,710.3519897460938,710.3599853515625,85292
2026-09-16 15:03:00+00:00,710.3499755859375,710.7100219726562,710.3499755859375,710.7000122070312,21027
2026-09-16 15:04:00+00:00,710.6998901367188,710.7899780273438,710.6300048828125,710.75,31952
2026-09-16 15:05:00+00:00,710.739990234375,710.77001953125,710.5499877929688,710.7457275390625,26930
2026-09-16 15:06:00+00:00,710.739990234375,710.7999877929688,710.52001953125,710.798583984375,25679
2026-09-16 15:07:00+00:00,710.7559204101562,711.3200073242188,710.7000122070312,711.0900268554688,113727
2026-09-16 15:08:00+00:00,711.0549926757812,711.4099731445312,710.9500122070312,711.405029296875,103706
2026-09-16 15:09:00+00:00,711.3900146484375,711.5499877929688,711.2908935546875,711.4199829101562,248499
2026-09-16 15:10:00+00:00,711.4099731445312,711.5,711.2899780273438,711.3049926757812,52153
2026-09-16 15:11:00+00:00,711.3198852539062,711.489990234375,711.0750122070312,711.114990234375,81608
2026-09-16 15:12:00+00:00,711.0999755859375,711.1599731445312,710.9199829101562,711.135009765625,23273
2026-09-16 15:13:00+00:00,711.1199951171875,711.2199096679688,711.030029296875,711.2199096679688,35229
2026-09-16 15:14:00+00:00,711.2100219726562,711.2999877929688,711.1400146484375,711.280029296875,33839
2026-09-16 15:15:00+00:00,711.3109741210938,711.3109741210938,710.9099731445312,710.9600219726562,45062
2026-09-16 15:16:00+00:00,710.9500122070312,710.9600219726562,710.6900024414062,710.6900024414062,35802
2026-09-16 15:17:00+00:00,710.7100219726562,710.7999877929688,710.6199951171875,710.6900024414062,38944
2026-09-16 15:18:00+00:00,710.7100219726562,710.72998046875,710.6199951171875,710.6900024414062,23091
2026-09-16 15:19:00+00:00,710.7000122070312,710.9299926757812,710.6799926757812,710.9099731445312,23339
2026-09-16 15:20:00+00:00,710.9000244140625,710.9000244140625,710.7899780273438,710.8399047851562,19191
2026-09-16 15:21:00+00:00,710.844970703125,710.8699951171875,710.719970703125,710.8400268554688,22745
2026-09-16 15:22:00+00:00,710.8400268554688,710.9199829101562,710.8300170898438,710.8900146484375,29175
2026-09-16 15:23:00+00:00,710.9299926757812,710.989990234375,710.880126953125,710.8900146484375,34142
2026-09-16 15:24:00+00:00,710.9000244140625,711.1400146484375,710.8900146484375,711.1080932617188,29558
2026-09-16 15:25:00+00:00,711.080078125,711.2999877929688,710.9456176757812,711.2999877929688,28346
2026-09-16 15:26:00+00:00,711.3099975585938,711.3099975585938,711.1021728515625,711.1199951171875,94956
2026-09-16 15:27:00+00:00,711.1300048828125,711.1599731445312,711.0441284179688,711.1300048828125,25348
2026-09-16 15:28:00+00:00,711.1400146484375,711.1782836914062,710.8300170898438,710.8306274414062,70862
2026-09-16 15:29:00+00:00,710.8499755859375,710.8900146484375,710.7620239257812,710.8699951171875,18985
2026-09-16 15:30:00+00:00,710.9000244140625,710.9600219726562,710.610107421875,710.6300048828125,28671
2026-09-16 15:31:00+00:00,710.6400146484375,710.6900024414062,710.52001953125,710.5750122070312,29224
2026-09-16 15:32:00+00:00,710.5477905273438,710.5477905273438,710.4000244140625,710.4000244140625,25865
2026-09-16 15:33:00+00:00,710.4149780273438,710.4400024414062,710.3599853515625,710.3699951171875,28742
2026-09-16 15:34:00+00:00,710.39501953125,710.5499877929688,710.2999877929688,710.4600219726562,60669
2026-09-16 15:35:00+00:00,710.489990234375,710.5739135742188,710.385009765625,710.510009765625,57470
2026-09-16 15:36:00+00:00,710.530029296875,710.6199951171875,710.4400024414062,710.5750122070312,40432
2026-09-16 15:37:00+00:00,710.5349731445312,710.6099853515625,710.3300170898438,710.4249877929688,49473
2026-09-16 15:38:00+00:00,710.4099731445312,710.6199951171875,710.385009765625,710.5800170898438,26234
2026-09-16 15:39:00+00:00,710.65771484375,710.8300170898438,710.52001953125,710.5599975585938,28190
2026-09-16 15:40:00+00:00,710.5698852539062,710.73681640625,710.5698852539062,710.7000732421875,23749
2026-09-16 15:41:00+00:00,710.7000122070312,710.7000122070312,710.47998046875,710.47998046875,40023
2026-09-16 15:42:00+00:00,710.5,710.6099853515625,710.344970703125,710.6099853515625,27298
2026-09-16 15:43:00+00:00,710.5900268554688,710.6300048828125,710.5040283203125,710.5402221679688,17828
2026-09-16 15:44:00+00:00,710.5399780273438,710.7000122070312,710.5399780273438,710.5999755859375,16150
2026-09-16 15:45:00+00:00,710.5900268554688,710.639892578125,710.5,710.5665283203125,19496
2026-09-16 15:46:00+00:00,710.5599975585938,710.6300048828125,710.4404296875,710.50048828125,19436
2026-09-16 15:47:00+00:00,710.52001953125,711.8499755859375,710.4998779296875,711.4450073242188,208819
2026-09-16 15:48:00+00:00,711.3800048828125,711.5700073242188,711.27001953125,711.5700073242188,103216
2026-09-16 15:49:00+00:00,711.5399780273438,711.5700073242188,711.219970703125,711.3400268554688,47824
2026-09-16 15:50:00+00:00,711.3800048828125,711.4500122070312,711.1599731445312,711.2962036132812,49029
2026-09-16 15:51:00+00:00,711.27001953125,711.27001953125,711.0504760742188,711.1099853515625,25334
2026-09-16 15:52:00+00:00,711.114990234375,711.2100219726562,710.9901123046875,711.1798706054688,48124
2026-09-16 15:53:00+00:00,711.2000122070312,711.2675170898438,710.9705200195312,711.0399780273438,20265
2026-09-16 15:54:00+00:00,711.0449829101562,711.1199951171875,710.9500732421875,711.030029296875,11100
2026-09-16 15:55:00+00:00,710.9650268554688,711.0789184570312,710.8200073242188,711.0759887695312,19975
2026-09-16 15:56:00+00:00,711.0399780273438,711.0499877929688,710.8519287109375,711.0128173828125,14022
2026-09-16 15:57:00+00:00,710.97998046875,711.02880859375,710.7999877929688,710.9299926757812,20398
2026-09-16 15:58:00+00:00,710.9299926757812,711.0299072265625,710.9199829101562,710.969970703125,14111
2026-09-16 15:59:00+00:00,710.969970703125,710.989990234375,710.630126953125,710.630126953125,19000
2026-09-16 16:00:00+00:00,710.6699829101562,710.72998046875,710.5639038085938,710.635009765625,47702
2026-09-16 16:01:00+00:00,710.635009765625,710.635009765625,710.3800048828125,710.4016723632812,18751
2026-09-16 16:02:00+00:00,710.4201049804688,710.47998046875,710.3200073242188,710.4080200195312,22188
2026-09-16 16:03:00+00:00,710.4099731445312,710.4199829101562,710.2000122070312,710.260009765625,26403
2026-09-16 16:04:00+00:00,710.25,710.25,710.1300048828125,710.1500244140625,25718
2026-09-16 16:05:00+00:00,710.1300048828125,710.2949829101562,710.0999755859375,710.25,25262
2026-09-16 16:06:00+00:00,710.260009765625,710.3699951171875,710.239990234375,710.280029296875,14946
2026-09-16 16:07:00+00:00,710.25,710.3099975585938,710.1715087890625,710.1715087890625,22420
2026-09-16 16:08:00+00:00,710.1699829101562,710.280029296875,710.1597900390625,710.260009765625,22716
2026-09-16 16:09:00+00:00,710.260009765625,710.4400024414062,710.260009765625,710.330078125,21588
2026-09-16 16:10:00+00:00,710.3400268554688,710.3800048828125,710.280029296875,710.3250122070312,12128
2026-09-16 16:11:00+00:00,710.3049926757812,710.3049926757812,710.1599731445312,710.1799926757812,26525
2026-09-16 16:12:00+00:00,710.1900024414062,710.2100219726562,710.010009765625,710.0599975585938,38382
2026-09-16 16:13:00+00:00,710.0599975585938,710.3179931640625,710.0499877929688,710.315185546875,20642
2026-09-16 16:14:00+00:00,710.239990234375,710.3098754882812,710.2340087890625,710.3098754882812,10278
2026-09-16 16:15:00+00:00,710.3300170898438,710.489990234375,710.2899780273438,710.47998046875,33643
2026-09-16 16:16:00+00:00,710.489990234375,710.5,710.3399047851562,710.4000244140625,18578
2026-09-16 16:17:00+00:00,710.3699951171875,710.5700073242188,710.3699951171875,710.5590209960938,11814
2026-09-16 16:18:00+00:00,710.5599975585938,710.5994873046875,710.431884765625,710.431884765625,16275
2026-09-16 16:19:00+00:00,710.469970703125,710.5025024414062,710.4099731445312,710.489990234375,14151
2026-09-16 16:20:00+00:00,710.47998046875,710.47998046875,710.2783813476562,710.3800048828125,16905
2026-09-16 16:21:00+00:00,710.35498046875,710.3599853515625,710.1400146484375,710.146484375,12303
2026-09-16 16:22:00+00:00,710.1400146484375,710.1561889648438,709.9299926757812,710.0800170898438,39282
2026-09-16 16:23:00+00:00,710.0800170898438,710.1599731445312,710.0399169921875,710.0819702148438,15228
2026-09-16 16:24:00+00:00,710.0700073242188,710.0999755859375,709.989990234375,709.9949951171875,30247
2026-09-16 16:25:00+00:00,710.0,710.0900268554688,709.9660034179688,710.0900268554688,14044
2026-09-16 16:26:00+00:00,710.0499877929688,710.1754150390625,710.0499877929688,710.1754150390625,18193
2026-09-16 16:27:00+00:00,710.1793823242188,710.1799926757812,710.0700073242188,710.0900268554688,13114
2026-09-16 16:28:00+00:00,710.0800170898438,710.1893920898438,710.010009765625,710.1633911132812,13442
2026-09-16 16:29:00+00:00,710.1510009765625,710.3800048828125,710.1500244140625,710.3499755859375,33222
2026-09-16 16:30:00+00:00,710.3400268554688,710.4099731445312,710.2899780273438,710.3170776367188,14157
2026-09-16 16:31:00+00:00,710.326904296875,710.3900146484375,710.1300048828125,710.1400146484375,17778
2026-09-16 16:32:00+00:00,710.1400146484375,710.1749877929688,709.9600219726562,710.0,52739
2026-09-16 16:33:00+00:00,710.0,710.0650024414062,709.8800048828125,709.880126953125,35777
2026-09-16 16:34:00+00:00,709.8950805664062,709.969970703125,709.8699951171875,709.8807983398438,31675
2026-09-16 16:35:00+00:00,709.8800048828125,710.0700073242188,709.8800048828125,710.0,10976
2026-09-16 16:36:00+00:00,709.97998046875,710.06201171875,709.97998046875,710.0399780273438,75307
2026-09-16 16:37:00+00:00,710.010009765625,710.0900268554688,709.9299926757812,709.97998046875,20469
2026-09-16 16:38:00+00:00,709.97998046875,710.0399780273438,709.9600830078125,710.0399780273438,9435
2026-09-16 16:39:00+00:00,710.02001953125,710.0700073242188,709.9199829101562,710.02001953125,15278
2026-09-16 16:40:00+00:00,710.0180053710938,710.0700073242188,709.9500122070312,710.0662231445312,20117
2026-09-16 16:41:00+00:00,710.0499877929688,710.0499877929688,709.9600219726562,710.0050048828125,34330
2026-09-16 16:42:00+00:00,710.0,710.030029296875,709.9400024414062,710.0,25019
2026-09-16 16:43:00+00:00,710.0,710.028076171875,709.9400024414062,710.0180053710938,15543
2026-09-16 16:44:00+00:00,710.0150146484375,710.1500244140625,710.0,710.0,21010
2026-09-16 16:45:00+00:00,710.010009765625,710.239990234375,710.010009765625,710.2349853515625,20859
2026-09-16 16:46:00+00:00,710.219970703125,710.4199829101562,710.2000122070312,710.4199829101562,20158
2026-09-16 16:47:00+00:00,710.4099731445312,710.5,710.3800048828125,710.469970703125,12955
2026-09-16 16:48:00+00:00,710.47998046875,710.52001953125,710.4199829101562,710.469970703125,16291
2026-09-16 16:49:00+00:00,710.469970703125,710.5050048828125,710.3900146484375,710.3900146484375,18590
2026-09-16 16:50:00+00:00,710.3599853515625,710.4199829101562,710.0900268554688,710.0900268554688,25716
2026-09-16 16:51:00+00:00,710.0800170898438,710.18017578125,710.030029296875,710.030029296875,17888
2026-09-16 16:52:00+00:00,710.0599975585938,710.0800170898438,709.9099731445312,710.0599975585938,27093
2026-09-16 16:53:00+00:00,710.0499877929688,710.05517578125,709.9650268554688,710.02001953125,12242
2026-09-16 16:54:00+00:00,710.0280151367188,710.093994140625,710.010009765625,710.093994140625,9772
2026-09-16 16:55:00+00:00,710.0919799804688,710.2100219726562,710.0900268554688,710.185791015625,10341
2026-09-16 16:56:00+00:00,710.1699829101562,710.2100219726562,710.0900268554688,710.0900268554688,9664
2026-09-16 16:57:00+00:00,710.1099853515625,710.1599731445312,710.0349731445312,710.0900268554688,7864
2026-09-16 16:58:00+00:00,710.0999755859375,710.1300048828125,710.0599975585938,710.1300048828125,12398
2026-09-16 16:59:00+00:00,710.1199951171875,710.1199951171875,709.9600219726562,709.9650268554688,20603
2026-09-16 17:00:00+00:00,709.97998046875,709.97998046875,709.5599975585938,709.5806884765625,40709
2026-09-16 17:01:00+00:00,709.5900268554688,709.6199951171875,709.502197265625,709.5399780273438,36450
2026-09-16 17:02:00+00:00,709.5133056640625,709.5789794921875,709.4400024414062,709.5,30645
2026-09-16 17:03:00+00:00,709.530029296875,709.5399780273438,709.280029296875,709.3442993164062,50345
2026-09-16 17:04:00+00:00,709.3499755859375,709.49951171875,709.3400268554688,709.4635009765625,16593
2026-09-16 17:05:00+00:00,709.4749755859375,709.530029296875,709.3900146484375,709.39599609375,18431
2026-09-16 17:06:00+00:00,709.3900756835938,709.52001953125,709.3900756835938,709.4248046875,13617
2026-09-16 17:07:00+00:00,709.4500122070312,709.530029296875,709.4099731445312,709.489990234375,14868
2026-09-16 17:08:00+00:00,709.47998046875,709.5399780273438,709.4550170898438,709.510986328125,26169
2026-09-16 17:09:00+00:00,709.4910278320312,709.5700073242188,709.469970703125,709.5700073242188,13280
2026-09-16 17:10:00+00:00,709.5700073242188,709.6400146484375,709.510009765625,709.5399780273438,13965
2026-09-16 17:11:00+00:00,709.5499877929688,709.5999755859375,709.4199829101562,709.4199829101562,25581
2026-09-16 17:12:00+00:00,709.4199829101562,709.489990234375,709.4000244140625,709.4400024414062,11413
2026-09-16 17:13:00+00:00,709.4699096679688,709.5698852539062,709.4699096679688,709.5499267578125,7702
2026-09-16 17:14:00+00:00,709.5399780273438,709.8200073242188,709.5399780273438,709.75,16715
2026-09-16 17:15:00+00:00,709.7550048828125,709.780029296875,709.6900024414062,709.7249755859375,17682
2026-09-16 17:16:00+00:00,709.719970703125,709.8200073242188,709.6950073242188,709.8200073242188,19593
2026-09-16 17:17:00+00:00,709.8599853515625,709.8599853515625,709.7000122070312,709.72998046875,19995
2026-09-16 17:18:00+00:00,709.6799926757812,709.7999877929688,709.6699829101562,709.6900024414062,8345
2026-09-16 17:19:00+00:00,709.6901245117188,709.7194213867188,709.5800170898438,709.6199951171875,10327
2026-09-16 17:20:00+00:00,709.6300048828125,709.7301025390625,709.6300048828125,709.6909790039062,25931
2026-09-16 17:21:00+00:00,709.6986083984375,709.8099975585938,709.6900024414062,709.7349853515625,7351
2026-09-16 17:22:00+00:00,709.75,709.7650146484375,709.5650024414062,709.5800170898438,10517
2026-09-16 17:23:00+00:00,709.5650024414062,709.5650024414062,709.4199829101562,709.4349975585938,23728
2026-09-16 17:24:00+00:00,709.4299926757812,709.4500122070312,709.3800048828125,709.4500122070312,8028
2026-09-16 17:25:00+00:00,709.4600219726562,709.6599731445312,709.4600219726562,709.6500244140625,11590
2026-09-16 17:26:00+00:00,709.6099853515625,709.6400146484375,709.510009765625,709.6199951171875,13088
2026-09-16 17:27:00+00:00,709.6199951171875,709.6749877929688,709.5800170898438,709.647216796875,15312
2026-09-16 17:28:00+00:00,709.6400146484375,709.6400146484375,709.5449829101562,709.5499877929688,9790
2026-09-16 17:29:00+00:00,709.5499877929688,709.7100219726562,709.5499877929688,709.6849975585938,29050
2026-09-16 17:30:00+00:00,709.7000122070312,709.8300170898438,709.6699829101562,709.6699829101562,19112
2026-09-16 17:31:00+00:00,709.6699829101562,709.6799926757812,709.47998046875,709.52001953125,10371
2026-09-16 17:32:00+00:00,709.5499877929688,709.5698852539062,709.47998046875,709.510009765625,20411
2026-09-16 17:33:00+00:00,709.52001953125,709.5853881835938,709.47998046875,709.5,28182
2026-09-16 17:34:00+00:00,709.469970703125,709.5999755859375,709.469970703125,709.5601196289062,12742
2026-09-16 17:35:00+00:00,709.5800170898438,709.580078125,709.510009765625,709.5700073242188,9913
2026-09-16 17:36:00+00:00,709.6099853515625,709.6500244140625,709.530029296875,709.5900268554688,18671
2026-09-16 17:37:00+00:00,709.5999755859375,709.6199951171875,709.530029296875,709.5499877929688,54651
2026-09-16 17:38:00+00:00,709.530029296875,709.5499877929688,709.4199829101562,709.4600219726562,65625
2026-09-16 17:39:00+00:00,709.4600830078125,709.47998046875,709.3099975585938,709.3099975585938,17737
2026-09-16 17:40:00+00:00,709.2999877929688,709.3099975585938,709.0599975585938,709.0850219726562,43807
2026-09-16 17:41:00+00:00,709.0800170898438,709.0999755859375,709.0,709.0800170898438,54650
2026-09-16 17:42:00+00:00,709.0599975585938,709.0800170898438,708.9400024414062,709.0,62637
2026-09-16 17:43:00+00:00,709.0,709.0750122070312,708.8200073242188,708.8200073242188,71054
2026-09-16 17:44:00+00:00,708.8200073242188,708.9000244140625,708.77197265625,708.8790283203125,63069
2026-09-16 17:45:00+00:00,708.8900146484375,709.0999755859375,708.8800048828125,709.0800170898438,36181
2026-09-16 17:46:00+00:00,709.0900268554688,709.2849731445312,709.0900268554688,709.2849731445312,30711
2026-09-16 17:47:00+00:00,709.27001953125,709.3699951171875,709.260009765625,709.3093872070312,25379
2026-09-16 17:48:00+00:00,709.3150024414062,709.3400268554688,709.1199951171875,709.1400146484375,17749
2026-09-16 17:49:00+00:00,709.1500244140625,709.1900024414062,709.0654907226562,709.0900268554688,22194
2026-09-16 17:50:00+00:00,709.1199951171875,709.1199951171875,708.9600219726562,709.0700073242188,16710
2026-09-16 17:51:00+00:00,709.0750122070312,709.1699829101562,709.0399780273438,709.135009765625,44948
2026-09-16 17:52:00+00:00,709.1400146484375,709.27001953125,709.0701293945312,709.27001953125,44803
2026-09-16 17:53:00+00:00,709.260009765625,709.47802734375,709.25,709.47802734375,30388
2026-09-16 17:54:00+00:00,709.489990234375,709.530029296875,709.3580932617188,709.4199829101562,31427
2026-09-16 17:55:00+00:00,709.4099731445312,709.5,709.3709716796875,709.4400024414062,38183
2026-09-16 17:56:00+00:00,709.469970703125,709.8099975585938,709.4199829101562,709.7999877929688,92665
2026-09-16 17:57:00+00:00,709.780029296875,709.8099975585938,709.6699829101562,709.780029296875,114763
2026-09-16 17:58:00+00:00,709.77001953125,710.169921875,709.739990234375,710.1199951171875,69512
2026-09-16 17:59:00+00:00,710.1002197265625,710.2100219726562,709.8499755859375,710.1900024414062,53189
2026-09-16 18:00:00+00:00,710.2100219726562,711.0700073242188,709.4400024414062,709.6900024414062,374444
2026-09-16 18:01:00+00:00,709.6799926757812,709.780029296875,708.6599731445312,708.7899780273438,210577
2026-09-16 18:02:00+00:00,708.8800048828125,709.9594116210938,708.5999755859375,709.9349975585938,162618
2026-09-16 18:03:00+00:00,709.9000244140625,710.3900146484375,709.7999877929688,709.9827270507812,128539
2026-09-16 18:04:00+00:00,709.9299926757812,711.0999755859375,709.719970703125,710.9199829101562,245669
2026-09-16 18:05:00+00:00,710.9400024414062,711.489990234375,710.8599853515625,711.2899780273438,194722
2026-09-16 18:06:00+00:00,711.2750244140625,711.3800048828125,710.5795288085938,710.6599731445312,119344
2026-09-16 18:07:00+00:00,710.7849731445312,711.14501953125,710.5999755859375,711.0800170898438,105251
2026-09-16 18:08:00+00:00,711.030029296875,711.6500244140625,711.0,711.0150146484375,107608
2026-09-16 18:09:00+00:00,711.0,711.106201171875,710.7100219726562,710.7698974609375,126047
2026-09-16 18:10:00+00:00,710.75,710.9500122070312,710.1599731445312,710.3599853515625,98305
2026-09-16 18:11:00+00:00,710.3400268554688,710.5,710.0599975585938,710.1900024414062,70337
2026-09-16 18:12:00+00:00,710.1500244140625,710.260009765625,709.8604736328125,709.9476928710938,57117
2026-09-16 18:13:00+00:00,709.969970703125,710.3200073242188,709.6900024414062,710.1799926757812,121975
2026-09-16 18:14:00+00:00,710.2100219726562,710.4498901367188,709.719970703125,709.8900146484375,32944
2026-09-16 18:15:00+00:00,709.885009765625,710.0399780273438,709.6099853515625,709.6099853515625,28994
2026-09-16 18:16:00+00:00,709.625,709.9000244140625,709.5499877929688,709.8099975585938,29710
2026-09-16 18:17:00+00:00,709.8300170898438,709.97607421875,709.7100219726562,709.9299926757812,33338
2026-09-16 18:18:00+00:00,709.8900146484375,710.1400146484375,709.60009765625,709.625,92986
2026-09-16 18:19:00+00:00,709.6400146484375,710.2899780273438,709.5599975585938,709.9199829101562,123269
2026-09-16 18:20:00+00:00,709.8400268554688,709.9299926757812,709.4500122070312,709.6900024414062,85420
2026-09-16 18:21:00+00:00,709.719970703125,710.1400146484375,709.7100219726562,709.875,48367
2026-09-16 18:22:00+00:00,709.8400268554688,710.22998046875,709.8099975585938,709.8300170898438,33759
2026-09-16 18:23:00+00:00,709.8599853515625,710.0250244140625,709.6599731445312,709.97998046875,51062
2026-09-16 18:24:00+00:00,709.989990234375,710.0399780273438,709.5999755859375,709.6099853515625,39721
2026-09-16 18:25:00+00:00,709.6500244140625,709.75,709.2999877929688,709.3900146484375,44915
2026-09-16 18:26:00+00:00,709.3594970703125,709.5399780273438,709.2103881835938,709.3200073242188,48346
2026-09-16 18:27:00+00:00,709.2999877929688,709.4000244140625,708.5700073242188,708.75,116607
2026-09-16 18:28:00+00:00,708.6630249023438,709.010009765625,708.4500122070312,708.989990234375,85944
2026-09-16 18:29:00+00:00,708.93017578125,709.7498779296875,708.93017578125,709.6651000976562,81875
2026-09-16 18:30:00+00:00,709.5878295898438,709.9199829101562,709.2109985351562,709.3300170898438,75475
2026-09-16 18:31:00+00:00,709.3049926757812,709.3049926757812,708.489990234375,708.7949829101562,59247
2026-09-16 18:32:00+00:00,708.739990234375,708.8499755859375,707.6699829101562,708.0399780273438,198877
2026-09-16 18:33:00+00:00,707.9400024414062,708.5,707.5900268554688,707.905029296875,185660
2026-09-16 18:34:00+00:00,707.9450073242188,708.219970703125,707.52001953125,707.6400146484375,100397
2026-09-16 18:35:00+00:00,707.6199951171875,707.655029296875,706.6900024414062,706.9299926757812,175539
2026-09-16 18:36:00+00:00,706.9249877929688,707.0999755859375,705.89501953125,705.9500122070312,223486
2026-09-16 18:37:00+00:00,706.0,706.5800170898438,705.9600219726562,706.469970703125,181616
2026-09-16 18:38:00+00:00,706.4949951171875,707.7899780273438,706.4949951171875,707.4600219726562,171282
2026-09-16 18:39:00+00:00,707.4998779296875,708.3300170898438,707.4349975585938,708.0800170898438,120967
2026-09-16 18:40:00+00:00,707.9949951171875,708.75,707.9299926757812,708.719970703125,114242
2026-09-16 18:41:00+00:00,708.719970703125,709.4500122070312,708.3800048828125,709.3800048828125,160337
2026-09-16 18:42:00+00:00,709.388916015625,710.4000244140625,709.3699951171875,710.3989868164062,155709
2026-09-16 18:43:00+00:00,710.4000244140625,710.6199951171875,710.030029296875,710.2999877929688,129353
2026-09-16 18:44:00+00:00,710.3200073242188,710.35009765625,709.22998046875,709.3099975585938,168387
2026-09-16 18:45:00+00:00,709.2899780273438,710.0700073242188,709.0399780273438,709.6500244140625,110460
2026-09-16 18:46:00+00:00,709.530029296875,709.5900268554688,708.9000244140625,708.9000244140625,159591
2026-09-16 18:47:00+00:00,708.9000244140625,709.22998046875,708.3400268554688,708.4000244140625,132763
2026-09-16 18:48:00+00:00,708.4002075195312,708.4796142578125,708.030029296875,708.0300903320312,87362
2026-09-16 18:49:00+00:00,708.0499877929688,708.22998046875,707.76611328125,707.9199829101562,69248
2026-09-16 18:50:00+00:00,707.8800048828125,708.2249755859375,707.3300170898438,707.35498046875,108126
2026-09-16 18:51:00+00:00,707.3599853515625,707.72998046875,706.8900146484375,707.72998046875,114884
2026-09-16 18:52:00+00:00,707.72998046875,707.72998046875,706.4500122070312,706.8400268554688,133321
2026-09-16 18:53:00+00:00,706.8599853515625,707.22998046875,706.0399780273438,706.0700073242188,125223
2026-09-16 18:54:00+00:00,706.0900268554688,706.27001953125,705.7249755859375,705.77001953125,156097
2026-09-16 18:55:00+00:00,705.8300170898438,706.47998046875,705.6300048828125,705.7899780273438,149506
2026-09-16 18:56:00+00:00,705.72998046875,705.72998046875,704.97998046875,704.97998046875,247281
2026-09-16 18:57:00+00:00,704.9400024414062,704.9400024414062,704.02001953125,704.5200805664062,217530
2026-09-16 18:58:00+00:00,704.5599975585938,705.0499877929688,704.3599853515625,704.8582763671875,180486
2026-09-16 18:59:00+00:00,704.8900146484375,705.3200073242188,704.1799926757812,704.280029296875,191677
2026-09-16 19:00:00+00:00,704.3099975585938,705.6500244140625,704.0750122070312,705.52001953125,310230
2026-09-16 19:01:00+00:00,705.52001953125,705.760009765625,704.8699951171875,704.9000244140625,220212
2026-09-16 19:02:00+00:00,704.9500122070312,705.2899780273438,704.6699829101562,704.9409790039062,127670
2026-09-16 19:03:00+00:00,705.0,705.8699951171875,704.8099975585938,705.6799926757812,131017
2026-09-16 19:04:00+00:00,705.6950073242188,706.02001953125,705.1400756835938,705.3800048828125,200217
2026-09-16 19:05:00+00:00,705.2999877929688,705.3300170898438,704.25,705.030029296875,185607
2026-09-16 19:06:00+00:00,705.02001953125,705.3800048828125,704.8499755859375,704.969970703125,119448
2026-09-16 19:07:00+00:00,704.9149780273438,704.9149780273438,704.1099853515625,704.52001953125,100260
2026-09-16 19:08:00+00:00,704.5900268554688,704.6998901367188,703.52001953125,703.760009765625,241372
2026-09-16 19:09:00+00:00,703.8099975585938,703.844970703125,703.239990234375,703.6663818359375,151217
2026-09-16 19:10:00+00:00,703.6599731445312,703.8300170898438,702.760009765625,702.8099975585938,196923
2026-09-16 19:11:00+00:00,702.8099975585938,702.984619140625,702.1099853515625,702.260009765625,235086
2026-09-16 19:12:00+00:00,702.260009765625,702.4998779296875,701.8900146484375,702.0499877929688,273297
2026-09-16 19:13:00+00:00,702.0399780273438,702.280029296875,701.489990234375,701.625,262082
2026-09-16 19:14:00+00:00,701.6300048828125,702.3900146484375,701.3499755859375,701.909912109375,291694
2026-09-16 19:15:00+00:00,701.85498046875,702.6699829101562,701.7899780273438,701.9600219726562,225142
2026-09-16 19:16:00+00:00,701.969970703125,701.969970703125,701.3499755859375,701.9400024414062,205591
2026-09-16 19:17:00+00:00,701.9000244140625,702.1199951171875,701.5750122070312,701.6865844726562,158790
2026-09-16 19:18:00+00:00,701.6900024414062,701.9699096679688,701.469970703125,701.489990234375,160609
2026-09-16 19:19:00+00:00,701.4901123046875,701.6400146484375,700.7662963867188,701.3300170898438,191786
2026-09-16 19:20:00+00:00,701.3599853515625,701.8400268554688,701.0399780273438,701.0399780273438,178438
2026-09-16 19:21:00+00:00,701.1500244140625,701.2100219726562,700.8499755859375,701.2100219726562,139717
2026-09-16 19:22:00+00:00,701.22998046875,701.5499877929688,700.6799926757812,700.8099975585938,158831
2026-09-16 19:23:00+00:00,700.8200073242188,701.3699951171875,700.77001953125,701.0,166484
2026-09-16 19:24:00+00:00,701.030029296875,701.4600219726562,700.8400268554688,701.369384765625,123282
2026-09-16 19:25:00+00:00,701.4299926757812,701.6900024414062,700.3099975585938,700.3099975585938,185569
2026-09-16 19:26:00+00:00,700.27001953125,700.4000244140625,700.0800170898438,700.22998046875,184578
2026-09-16 19:27:00+00:00,700.2399291992188,700.9099731445312,700.0,700.8150024414062,176923
2026-09-16 19:28:00+00:00,700.780029296875,701.0999755859375,700.3616943359375,700.5399780273438,153410
2026-09-16 19:29:00+00:00,700.5794067382812,701.9863891601562,700.5700073242188,701.8900146484375,142764
2026-09-16 19:30:00+00:00,701.875,702.239990234375,701.655029296875,702.2100219726562,160385
2026-09-16 19:31:00+00:00,702.1649780273438,702.489990234375,702.0599975585938,702.2650146484375,199423
2026-09-16 19:32:00+00:00,702.280029296875,702.9600219726562,702.1849975585938,702.77001953125,212106
2026-09-16 19:33:00+00:00,702.7598876953125,703.0399780273438,702.3200073242188,702.85009765625,201220
2026-09-16 19:34:00+00:00,702.8699951171875,703.4500122070312,702.72998046875,703.4249877929688,164325
2026-09-16 19:35:00+00:00,703.4000244140625,703.52001953125,702.8900146484375,703.2000122070312,374008
2026-09-16 19:36:00+00:00,703.1599731445312,703.1900024414062,702.172607421875,702.3300170898438,212024
2026-09-16 19:37:00+00:00,702.3400268554688,703.02001953125,702.1599731445312,703.02001953125,129409
2026-09-16 19:38:00+00:00,703.0150146484375,703.1199951171875,702.6849975585938,702.739990234375,132532
2026-09-16 19:39:00+00:00,702.780029296875,703.4000244140625,702.780029296875,703.280029296875,99665
2026-09-16 19:40:00+00:00,703.2763061523438,703.3400268554688,702.989990234375,703.0900268554688,375797
2026-09-16 19:41:00+00:00,703.1300048828125,703.6799926757812,702.659912109375,702.659912109375,238001
2026-09-16 19:42:00+00:00,702.6099853515625,702.8800048828125,702.3200073242188,702.719970703125,93667
2026-09-16 19:43:00+00:00,702.7100219726562,703.1099853515625,702.6799926757812,703.030029296875,124530
2026-09-16 19:44:00+00:00,702.989990234375,703.260009765625,702.7150268554688,702.860107421875,159975
2026-09-16 19:45:00+00:00,702.8800048828125,703.8400268554688,702.8599853515625,703.8350219726562,126468
2026-09-16 19:46:00+00:00,703.8099975585938,704.0900268554688,703.6400146484375,703.75,148133
2026-09-16 19:47:00+00:00,703.760009765625,704.1099853515625,703.68701171875,704.0800170898438,88461
2026-09-16 19:48:00+00:00,704.0850219726562,704.3400268554688,703.9000244140625,704.2000122070312,83380
2026-09-16 19:49:00+00:00,704.2000122070312,704.3099975585938,704.0,704.0900268554688,116639
2026-09-16 19:50:00+00:00,704.0900268554688,704.6400146484375,704.0,704.5549926757812,224119
2026-09-16 19:51:00+00:00,704.5399780273438,704.77001953125,704.0800170898438,704.1400146484375,191110
2026-09-16 19:52:00+00:00,704.0919799804688,704.369384765625,703.9000244140625,704.344970703125,107124
2026-09-16 19:53:00+00:00,704.3499755859375,704.4199829101562,703.9635009765625,704.0800170898438,114677
2026-09-16 19:54:00+00:00,704.0900268554688,704.6400146484375,703.8699951171875,704.4000244140625,143317
2026-09-16 19:55:00+00:00,704.4000244140625,704.4400024414062,703.9199829101562,704.3499755859375,196132
2026-09-16 19:56:00+00:00,704.3599243164062,704.5499877929688,704.1799926757812,704.5499877929688,143890
2026-09-16 19:57:00+00:00,704.5499877929688,704.5999755859375,704.1199951171875,704.260009765625,195754
2026-09-16 19:58:00+00:00,704.27001953125,704.3300170898438,704.0900268554688,704.3150024414062,274671
2026-09-16 19:59:00+00:00,704.3200073242188,705.030029296875,704.1400146484375,704.75,924365
2026-09-17 13:30:00+00:00,716.0499877929688,716.3699951171875,715.4600219726562,715.9400024414062,2400810
2026-09-17 13:31:00+00:00,715.9099731445312,716.0599975585938,714.8499755859375,714.8699951171875,266314
2026-09-17 13:32:00+00:00,714.8699951171875,715.1300048828125,714.6400146484375,714.8800048828125,191342
2026-09-17 13:33:00+00:00,714.9000244140625,714.9600219726562,714.3099975585938,714.5,144062
2026-09-17 13:34:00+00:00,714.5,714.6199951171875,714.0599975585938,714.1099853515625,224796
2026-09-17 13:35:00+00:00,714.1099853515625,714.5,714.1099853515625,714.3900146484375,204863
2026-09-17 13:36:00+00:00,714.4400024414062,714.719970703125,713.969970703125,714.2849731445312,257452
2026-09-17 13:37:00+00:00,714.3099975585938,714.3250122070312,713.77001953125,713.77001953125,136074
2026-09-17 13:38:00+00:00,713.7750244140625,713.835205078125,713.3200073242188,713.5175170898438,121879
2026-09-17 13:39:00+00:00,713.52001953125,713.72900390625,713.4199829101562,713.6699829101562,139722
2026-09-17 13:40:00+00:00,713.6799926757812,713.989990234375,713.510009765625,713.9375,137599
2026-09-17 13:41:00+00:00,713.9299926757812,714.1799926757812,713.5900268554688,713.6699829101562,167753
2026-09-17 13:42:00+00:00,713.6699829101562,714.25,713.5150146484375,714.25,99227
2026-09-17 13:43:00+00:00,714.27001953125,714.3798828125,713.760009765625,713.9578247070312,145828
2026-09-17 13:44:00+00:00,713.989990234375,714.3150024414062,713.8800048828125,714.2100219726562,83608
2026-09-17 13:45:00+00:00,714.22998046875,714.780029296875,713.9199829101562,713.9199829101562,175592
2026-09-17 13:46:00+00:00,713.9099731445312,714.5,713.7999877929688,714.469970703125,99016
2026-09-17 13:47:00+00:00,714.4600219726562,714.8499755859375,714.3200073242188,714.6500244140625,127523
2026-09-17 13:48:00+00:00,714.6699829101562,714.6900024414062,714.25,714.3300170898438,94208
2026-09-17 13:49:00+00:00,714.3900146484375,714.74951171875,714.0344848632812,714.739990234375,135196
2026-09-17 13:50:00+00:00,714.760009765625,714.97998046875,714.614990234375,714.9099731445312,150546
2026-09-17 13:51:00+00:00,714.9400024414062,714.9600219726562,714.280029296875,714.7899780273438,76045
2026-09-17 13:52:00+00:00,714.7899780273438,714.9500122070312,714.6900024414062,714.9400024414062,122564
2026-09-17 13:53:00+00:00,714.9199829101562,715.0,714.739990234375,714.9400024414062,101246
2026-09-17 13:54:00+00:00,714.9400024414062,715.4949951171875,714.9400024414062,715.0399780273438,132620
2026-09-17 13:55:00+00:00,715.030029296875,715.22998046875,714.8099975585938,714.9500122070312,117121
2026-09-17 13:56:00+00:00,714.9500122070312,715.0599975585938,714.75,714.9199829101562,60307
2026-09-17 13:57:00+00:00,714.9500122070312,715.0499877929688,714.760009765625,714.9500122070312,49987
2026-09-17 13:58:00+00:00,714.97998046875,715.1452026367188,714.8699951171875,714.9600219726562,59333
2026-09-17 13:59:00+00:00,714.989990234375,715.3800048828125,714.9500122070312,715.3699951171875,66826
2026-09-17 14:00:00+00:00,715.4099731445312,715.4099731445312,714.7899780273438,714.8300170898438,92972
2026-09-17 14:01:00+00:00,714.8300170898438,714.9600219726562,714.4299926757812,714.9000244140625,121913
2026-09-17 14:02:00+00:00,714.8800048828125,714.9949951171875,714.530029296875,714.760009765625,74727
2026-09-17 14:03:00+00:00,714.739990234375,714.9349975585938,714.4500122070312,714.9295043945312,64903
2026-09-17 14:04:00+00:00,714.9299926757812,715.0599975585938,714.6820068359375,714.9708862304688,55670
2026-09-17 14:05:00+00:00,715.0399780273438,715.0800170898438,714.7999877929688,714.9299926757812,48952
2026-09-17 14:06:00+00:00,715.02001953125,715.1849975585938,714.885009765625,714.9100952148438,37538
2026-09-17 14:07:00+00:00,714.9005126953125,714.9005126953125,714.1599731445312,714.25,94133
2026-09-17 14:08:00+00:00,714.2700805664062,714.8392944335938,714.27001953125,714.760009765625,40868
2026-09-17 14:09:00+00:00,714.760009765625,714.885009765625,714.530029296875,714.607177734375,41738
2026-09-17 14:10:00+00:00,714.614990234375,715.0499877929688,714.5800170898438,714.7750244140625,62655
2026-09-17 14:11:00+00:00,714.77001953125,714.7899780273438,714.344970703125,714.6900024414062,71427
2026-09-17 14:12:00+00:00,714.6300048828125,715.1599731445312,714.5999755859375,715.0700073242188,82630
2026-09-17 14:13:00+00:00,715.0750122070312,715.6179809570312,715.0,715.5999755859375,84742
2026-09-17 14:14:00+00:00,715.6300048828125,716.02001953125,715.60498046875,715.8499755859375,133322
2026-09-17 14:15:00+00:00,715.8499755859375,715.9450073242188,715.6699829101562,715.7000122070312,224633
2026-09-17 14:16:00+00:00,715.7294921875,715.969970703125,715.7294921875,715.9299926757812,71482
2026-09-17 14:17:00+00:00,715.9099731445312,716.0999145507812,715.8099975585938,715.8499755859375,73070
2026-09-17 14:18:00+00:00,715.8499755859375,716.030029296875,715.739990234375,715.8300170898438,73597
2026-09-17 14:19:00+00:00,715.8499755859375,715.8900146484375,715.5650024414062,715.8800048828125,49717
2026-09-17 14:20:00+00:00,715.8740234375,715.8900146484375,715.4605102539062,715.592529296875,47468
2026-09-17 14:21:00+00:00,715.5850219726562,715.8099975585938,715.5599975585938,715.760009765625,36788
2026-09-17 14:22:00+00:00,715.77001953125,715.9199829101562,715.7050170898438,715.739990234375,47614
2026-09-17 14:23:00+00:00,715.7349853515625,716.1494750976562,715.7349853515625,716.1204833984375,66358
2026-09-17 14:24:00+00:00,716.0999755859375,716.219970703125,715.9400024414062,716.1400146484375,81704
2026-09-17 14:25:00+00:00,716.1599731445312,716.219970703125,715.9500122070312,716.0700073242188,53042
2026-09-17 14:26:00+00:00,716.0999755859375,716.2999877929688,716.030029296875,716.2999877929688,77921
2026-09-17 14:27:00+00:00,716.280029296875,716.530029296875,716.1699829101562,716.5150146484375,67271
2026-09-17 14:28:00+00:00,716.52001953125,716.6099853515625,716.1749877929688,716.219970703125,77199
2026-09-17 14:29:00+00:00,716.2100219726562,716.239990234375,715.9450073242188,715.9600219726562,85413
2026-09-17 14:30:00+00:00,715.97998046875,716.2449951171875,715.9000244140625,716.2000122070312,65915
2026-09-17 14:31:00+00:00,716.2000122070312,716.3200073242188,715.969970703125,716.0399780273438,329182
2026-09-17 14:32:00+00:00,716.0499877929688,716.219970703125,715.9559936523438,716.219970703125,64691
2026-09-17 14:33:00+00:00,716.219970703125,716.4199829101562,716.2000122070312,716.260009765625,47363
2026-09-17 14:34:00+00:00,716.25,716.5900268554688,716.2000122070312,716.4909057617188,71808
2026-09-17 14:35:00+00:00,716.510009765625,716.5549926757812,716.219970703125,716.4359741210938,153535
2026-09-17 14:36:00+00:00,716.4500122070312,716.523193359375,716.2899780273438,716.4199829101562,35012
2026-09-17 14:37:00+00:00,716.4400024414062,716.6456298828125,716.4000244140625,716.62060546875,41130
2026-09-17 14:38:00+00:00,716.6300048828125,716.6950073242188,716.4600219726562,716.5700073242188,62492
2026-09-17 14:39:00+00:00,716.5700073242188,716.6799926757812,716.22998046875,716.25,50165
2026-09-17 14:40:00+00:00,716.27001953125,716.6425170898438,716.1799926757812,716.5999145507812,35771
2026-09-17 14:41:00+00:00,716.5999755859375,716.739990234375,716.4000244140625,716.6900024414062,54024
2026-09-17 14:42:00+00:00,716.719970703125,716.7999877929688,716.5999755859375,716.6295776367188,44201
2026-09-17 14:43:00+00:00,716.5999755859375,716.6400146484375,716.3400268554688,716.364990234375,41531
2026-09-17 14:44:00+00:00,716.3699951171875,716.4000244140625,716.0001220703125,716.0399780273438,89749
2026-09-17 14:45:00+00:00,716.0499877929688,716.1199951171875,715.8099975585938,715.8629760742188,70786
2026-09-17 14:46:00+00:00,715.8499755859375,715.9650268554688,715.5399780273438,715.63623046875,51552
2026-09-17 14:47:00+00:00,715.6699829101562,715.7000122070312,715.2100219726562,715.3200073242188,58572
2026-09-17 14:48:00+00:00,715.2905883789062,715.5999755859375,715.2905883789062,715.4500122070312,43460
2026-09-17 14:49:00+00:00,715.4600219726562,715.5999755859375,715.3099975585938,715.5050048828125,52641
2026-09-17 14:50:00+00:00,715.5,715.5800170898438,715.3200073242188,715.3200073242188,261159
2026-09-17 14:51:00+00:00,715.3800048828125,715.6099853515625,715.3800048828125,715.5599975585938,154121
2026-09-17 14:52:00+00:00,715.5599975585938,715.5900268554688,715.4099731445312,715.469970703125,55720
2026-09-17 14:53:00+00:00,715.469970703125,715.5549926757812,715.280029296875,715.3200073242188,109997
2026-09-17 14:54:00+00:00,715.2899780273438,715.29638671875,714.9500122070312,715.0999755859375,185421
2026-09-17 14:55:00+00:00,715.0800170898438,715.2999877929688,714.969970703125,715.0900268554688,78719
2026-09-17 14:56:00+00:00,715.0800170898438,715.3350219726562,714.9199829101562,715.2999877929688,59341
2026-09-17 14:57:00+00:00,715.2999877929688,715.530029296875,715.2999877929688,715.3800048828125,63893
2026-09-17 14:58:00+00:00,715.3800048828125,715.5700073242188,715.2000122070312,715.2650146484375,144228
2026-09-17 14:59:00+00:00,715.219970703125,715.3161010742188,715.0800170898438,715.1749877929688,33345
2026-09-17 15:00:00+00:00,715.22998046875,715.3499755859375,714.9000244140625,715.1900024414062,37264
2026-09-17 15:01:00+00:00,715.1599731445312,715.3099975585938,714.989990234375,715.1599731445312,38963
2026-09-17 15:02:00+00:00,715.0999755859375,715.2396850585938,714.9749755859375,715.1900024414062,181698
2026-09-17 15:03:00+00:00,715.2100219726562,715.39501953125,715.1500244140625,715.1998901367188,29172
2026-09-17 15:04:00+00:00,715.2000122070312,715.22998046875,715.030029296875,715.0599975585938,529853
2026-09-17 15:05:00+00:00,715.0700073242188,715.1099853515625,714.7700805664062,714.7700805664062,103472
2026-09-17 15:06:00+00:00,714.75,714.9199829101562,714.5800170898438,714.8900146484375,54574
2026-09-17 15:07:00+00:00,714.8709716796875,715.135009765625,714.7000122070312,715.1099853515625,41075
2026-09-17 15:08:00+00:00,715.1599731445312,715.3862915039062,715.0399780273438,715.3862915039062,31980
2026-09-17 15:09:00+00:00,715.3800048828125,715.47998046875,715.2150268554688,715.2849731445312,26359
2026-09-17 15:10:00+00:00,715.2874755859375,715.2874755859375,715.0399780273438,715.1699829101562,23897
2026-09-17 15:11:00+00:00,715.114990234375,715.3699951171875,715.0999755859375,715.3499755859375,34629
2026-09-17 15:12:00+00:00,715.3400268554688,715.3599853515625,715.0499877929688,715.0700073242188,16457
2026-09-17 15:13:00+00:00,715.0800170898438,715.3400268554688,715.02001953125,715.3099975585938,32107
2026-09-17 15:14:00+00:00,715.305908203125,715.3599853515625,715.1799926757812,715.2899780273438,10302
2026-09-17 15:15:00+00:00,715.2999877929688,715.2999877929688,715.030029296875,715.119873046875,18304
2026-09-17 15:16:00+00:00,715.1400146484375,715.52001953125,715.114990234375,715.5150146484375,30167
2026-09-17 15:17:00+00:00,715.52001953125,715.52001953125,715.2901000976562,715.4979858398438,15769
2026-09-17 15:18:00+00:00,715.4600219726562,715.625,715.4149780273438,715.6099243164062,33335
2026-09-17 15:19:00+00:00,715.5999755859375,715.6099853515625,715.4299926757812,715.5399780273438,25054
2026-09-17 15:20:00+00:00,715.5700073242188,715.5700073242188,715.3499755859375,715.4400024414062,47479
2026-09-17 15:21:00+00:00,715.4000244140625,715.47998046875,715.22998046875,715.3599853515625,38246
2026-09-17 15:22:00+00:00,715.3499755859375,715.5,715.22998046875,715.4600219726562,45804
2026-09-17 15:23:00+00:00,715.47998046875,715.489990234375,715.375,715.3900146484375,38630
2026-09-17 15:24:00+00:00,715.3900146484375,715.5399780273438,715.27001953125,715.5349731445312,48472
2026-09-17 15:25:00+00:00,715.530029296875,715.9849853515625,715.530029296875,715.9849853515625,40798
2026-09-17 15:26:00+00:00,715.989990234375,716.02001953125,715.8200073242188,715.8350219726562,62840
2026-09-17 15:27:00+00:00,715.7999877929688,715.97998046875,715.73291015625,715.8250122070312,25554
2026-09-17 15:28:00+00:00,715.8400268554688,715.9199829101562,715.6849975585938,715.8900146484375,39289
2026-09-17 15:29:00+00:00,715.9005737304688,716.030029296875,715.8311157226562,715.8599853515625,99180
2026-09-17 15:30:00+00:00,715.8599853515625,715.9500122070312,715.7600708007812,715.8599853515625,28258
2026-09-17 15:31:00+00:00,715.8599853515625,715.9199829101562,715.8099975585938,715.9199829101562,17722
2026-09-17 15:32:00+00:00,715.905029296875,715.905029296875,715.72998046875,715.760009765625,22913
2026-09-17 15:33:00+00:00,715.75,715.8300170898438,715.7150268554688,715.7750244140625,24256
2026-09-17 15:34:00+00:00,715.7750244140625,715.9000244140625,715.6900024414062,715.8499145507812,24440
2026-09-17 15:35:00+00:00,715.8599853515625,716.02001953125,715.7999877929688,715.8250122070312,54952
2026-09-17 15:36:00+00:00,715.8599853515625,716.0700073242188,715.8499755859375,716.0700073242188,31781
2026-09-17 15:37:00+00:00,716.0750122070312,716.1599731445312,715.9949951171875,716.0800170898438,23787
2026-09-17 15:38:00+00:00,716.0449829101562,716.0900268554688,715.9600219726562,716.0449829101562,72852
2026-09-17 15:39:00+00:00,716.0700073242188,716.1699829101562,716.0700073242188,716.1699829101562,17698
2026-09-17 15:40:00+00:00,716.1799926757812,716.3800048828125,716.1400146484375,716.3800048828125,59303
2026-09-17 15:41:00+00:00,716.375,716.5795288085938,716.280029296875,716.489990234375,42701
2026-09-17 15:42:00+00:00,716.489990234375,716.5698852539062,716.3724975585938,716.5599975585938,61788
2026-09-17 15:43:00+00:00,716.5549926757812,716.6500244140625,716.510009765625,716.510009765625,32154
2026-09-17 15:44:00+00:00,716.5,716.6099853515625,716.4400024414062,716.530029296875,37175
2026-09-17 15:45:00+00:00,716.52001953125,716.5900268554688,716.4400024414062,716.489990234375,71484
2026-09-17 15:46:00+00:00,716.489990234375,716.70751953125,716.4199829101562,716.6849975585938,47237
2026-09-17 15:47:00+00:00,716.6749877929688,716.6749877929688,716.5200805664062,716.5599975585938,26280
2026-09-17 15:48:00+00:00,716.5499877929688,716.6798706054688,716.5435791015625,716.6199951171875,21936
2026-09-17 15:49:00+00:00,716.5999755859375,716.7117919921875,716.489990234375,716.6300048828125,47405
2026-09-17 15:50:00+00:00,716.7000122070312,716.739990234375,716.4199829101562,716.5499877929688,37008
2026-09-17 15:51:00+00:00,716.5739135742188,716.5999755859375,716.5098876953125,716.5499877929688,19387
2026-09-17 15:52:00+00:00,716.5499877929688,716.739990234375,716.5230102539062,716.7100219726562,30200
2026-09-17 15:53:00+00:00,716.7100219726562,716.7100219726562,716.4299926757812,716.5050048828125,55003
2026-09-17 15:54:00+00:00,716.5,716.60498046875,716.489990234375,716.5599975585938,43466
2026-09-17 15:55:00+00:00,716.5599975585938,716.6099853515625,716.52001953125,716.530029296875,29038
2026-09-17 15:56:00+00:00,716.5349731445312,716.5399780273438,716.27001953125,716.4000244140625,149913
2026-09-17 15:57:00+00:00,716.405029296875,716.4299926757812,716.3101196289062,716.3499755859375,25087
2026-09-17 15:58:00+00:00,716.3499755859375,716.5700073242188,716.3250122070312,716.5697021484375,25816
2026-09-17 15:59:00+00:00,716.5549926757812,716.6900024414062,716.47998046875,716.6699829101562,17890
2026-09-17 16:00:00+00:00,716.7100219726562,716.7429809570312,716.510009765625,716.72998046875,28137
2026-09-17 16:01:00+00:00,716.7349853515625,716.760009765625,716.5,716.5650024414062,34227
2026-09-17 16:02:00+00:00,716.5650024414062,716.614990234375,716.47998046875,716.530029296875,19896
2026-09-17 16:03:00+00:00,716.530029296875,716.5900268554688,716.4600219726562,716.5250244140625,18047
2026-09-17 16:04:00+00:00,716.530029296875,716.5900268554688,716.3300170898438,716.3394775390625,18114
2026-09-17 16:05:00+00:00,716.3350219726562,716.3599853515625,716.1030883789062,716.1300048828125,30880
2026-09-17 16:06:00+00:00,716.131591796875,716.2000122070312,716.0750122070312,716.1099853515625,29416
2026-09-17 16:07:00+00:00,716.11572265625,716.2750244140625,716.1099243164062,716.2750244140625,18761
2026-09-17 16:08:00+00:00,716.2750244140625,716.3300170898438,716.1699829101562,716.22998046875,24134
2026-09-17 16:09:00+00:00,716.22998046875,716.6799926757812,716.2249755859375,716.6400146484375,31056
2026-09-17 16:10:00+00:00,716.6599731445312,716.7100219726562,716.5806274414062,716.6104736328125,26712
2026-09-17 16:11:00+00:00,716.6099853515625,716.6300048828125,716.5150146484375,716.5900268554688,19380
2026-09-17 16:12:00+00:00,716.5800170898438,716.6300048828125,716.510009765625,716.5900268554688,20379
2026-09-17 16:13:00+00:00,716.5800170898438,716.5800170898438,716.4500732421875,716.489990234375,23374
2026-09-17 16:14:00+00:00,716.4849853515625,716.6599731445312,716.4500732421875,716.6300048828125,28990
2026-09-17 16:15:00+00:00,716.64501953125,716.6799926757812,716.4600219726562,716.5999755859375,146900
2026-09-17 16:16:00+00:00,716.5894775390625,716.6500244140625,716.5203247070312,716.5599975585938,22194
2026-09-17 16:17:00+00:00,716.5650024414062,716.694091796875,716.5650024414062,716.6583251953125,23042
2026-09-17 16:18:00+00:00,716.65380859375,716.6699829101562,716.5700073242188,716.6500244140625,20969
2026-09-17 16:19:00+00:00,716.6505126953125,716.6505126953125,716.530029296875,716.5800170898438,24879
2026-09-17 16:20:00+00:00,716.6099853515625,716.6099853515625,716.4000244140625,716.469970703125,89020
2026-09-17 16:21:00+00:00,716.4849853515625,716.5999755859375,716.4849853515625,716.5900268554688,24235
2026-09-17 16:22:00+00:00,716.594970703125,716.7000122070312,716.5850219726562,716.6300048828125,46143
2026-09-17 16:23:00+00:00,716.6500244140625,716.780029296875,716.5900268554688,716.7401123046875,29871
2026-09-17 16:24:00+00:00,716.7401123046875,716.9385986328125,716.739990234375,716.8150024414062,60616
2026-09-17 16:25:00+00:00,716.8099975585938,716.89501953125,716.780029296875,716.8200073242188,51949
2026-09-17 16:26:00+00:00,716.8099975585938,716.8499755859375,716.739990234375,716.8300170898438,76719
2026-09-17 16:27:00+00:00,716.8399047851562,716.8699951171875,716.7999877929688,716.8499755859375,35263
2026-09-17 16:28:00+00:00,716.8699951171875,716.9000244140625,716.77001953125,716.77001953125,32848
2026-09-17 16:29:00+00:00,716.7600708007812,716.8400268554688,716.6900024414062,716.8150024414062,35581
2026-09-17 16:30:00+00:00,716.8099975585938,716.8839111328125,716.7501220703125,716.8200073242188,26041
2026-09-17 16:31:00+00:00,716.8200073242188,716.8200073242188,716.530029296875,716.5399780273438,48846
2026-09-17 16:32:00+00:00,716.530029296875,716.6199951171875,716.2457275390625,716.2650146484375,75660
2026-09-17 16:33:00+00:00,716.25,716.2999877929688,716.114990234375,716.1400146484375,110514
2026-09-17 16:34:00+00:00,716.14501953125,716.280029296875,716.10498046875,716.2760009765625,51601
2026-09-17 16:35:00+00:00,716.2899780273438,716.3250122070312,716.239990234375,716.310302734375,25372
2026-09-17 16:36:00+00:00,716.3099975585938,716.4600219726562,716.219970703125,716.4400024414062,37667
2026-09-17 16:37:00+00:00,716.4500122070312,716.488525390625,716.3298950195312,716.4349975585938,229042
2026-09-17 16:38:00+00:00,716.4400024414062,716.5,716.3499755859375,716.5,18819
2026-09-17 16:39:00+00:00,716.4821166992188,716.489990234375,716.3411254882812,716.4099731445312,23877
2026-09-17 16:40:00+00:00,716.405029296875,716.5399780273438,716.2800903320312,716.5150146484375,22564
2026-09-17 16:41:00+00:00,716.510009765625,716.5899047851562,716.469970703125,716.5200805664062,19789
2026-09-17 16:42:00+00:00,716.5449829101562,716.6500244140625,716.52001953125,716.6500244140625,31065
2026-09-17 16:43:00+00:00,716.6400146484375,716.760009765625,716.5599975585938,716.739990234375,24902
2026-09-17 16:44:00+00:00,716.739990234375,716.7901000976562,716.6699829101562,716.7901000976562,53705
2026-09-17 16:45:00+00:00,716.7951049804688,716.8353271484375,716.719970703125,716.7550048828125,47183
2026-09-17 16:46:00+00:00,716.7550048828125,716.760009765625,716.6599731445312,716.75,23348
2026-09-17 16:47:00+00:00,716.75,716.8499755859375,716.72998046875,716.8099975585938,29819
2026-09-17 16:48:00+00:00,716.8200073242188,716.8599853515625,716.719970703125,716.719970703125,0
2026-09-17 16:49:00+00:00,716.72998046875,716.7999877929688,716.6500854492188,716.7150268554688,14739
2026-09-17 16:50:00+00:00,716.7100219726562,716.72998046875,716.6599731445312,716.6599731445312,31505
2026-09-17 16:51:00+00:00,716.6699829101562,716.760009765625,716.6649780273438,716.7000122070312,20200
2026-09-17 16:52:00+00:00,716.6900024414062,716.8200073242188,716.6900024414062,716.7999877929688,16236
2026-09-17 16:53:00+00:00,716.7800903320312,716.8400268554688,716.739990234375,716.7999877929688,24765
2026-09-17 16:54:00+00:00,716.7999877929688,716.8200073242188,716.7050170898438,716.7100219726562,20675
2026-09-17 16:55:00+00:00,716.7000122070312,716.739990234375,716.0900268554688,716.1799926757812,193835
2026-09-17 16:56:00+00:00,716.1799926757812,716.2999877929688,716.0900268554688,716.219970703125,66442
2026-09-17 16:57:00+00:00,716.2000122070312,716.219970703125,715.7999877929688,716.14501953125,75553
2026-09-17 16:58:00+00:00,716.1300048828125,716.489990234375,716.1300048828125,716.4332885742188,54816
2026-09-17 16:59:00+00:00,716.4299926757812,716.7100219726562,716.4199829101562,716.6973876953125,35038
2026-09-17 17:00:00+00:00,716.6799926757812,717.0700073242188,716.64501953125,717.0150146484375,89318
2026-09-17 17:01:00+00:00,717.010009765625,717.0399780273438,716.8900146484375,717.0399169921875,51885
2026-09-17 17:02:00+00:00,717.0654296875,717.0654296875,716.8101196289062,716.8300170898438,136544
2026-09-17 17:03:00+00:00,716.8189697265625,716.8284912109375,716.6514892578125,716.75,26821
2026-09-17 17:04:00+00:00,716.81201171875,716.97998046875,716.7949829101562,716.9794921875,30883
2026-09-17 17:05:00+00:00,716.989990234375,717.030029296875,716.9000244140625,716.97998046875,29121
2026-09-17 17:06:00+00:00,716.9619750976562,717.1599731445312,716.9400024414062,717.0900268554688,52189
2026-09-17 17:07:00+00:00,717.0900268554688,717.1599731445312,717.0499877929688,717.1199951171875,45736
2026-09-17 17:08:00+00:00,717.135009765625,717.139892578125,716.8400268554688,716.85498046875,31635
2026-09-17 17:09:00+00:00,716.864990234375,716.8900146484375,716.7899780273438,716.7999877929688,24233
2026-09-17 17:10:00+00:00,716.8400268554688,716.8400268554688,716.614990234375,716.6849975585938,33072
2026-09-17 17:11:00+00:00,716.6701049804688,716.8099975585938,716.6701049804688,716.7000122070312,34174
2026-09-17 17:12:00+00:00,716.680908203125,716.7050170898438,716.530029296875,716.530029296875,66664
2026-09-17 17:13:00+00:00,716.5349731445312,716.6950073242188,716.5349731445312,716.5599975585938,19640
2026-09-17 17:14:00+00:00,716.5499877929688,716.6599731445312,716.4299926757812,716.4500122070312,24597
2026-09-17 17:15:00+00:00,716.4857788085938,716.5800170898438,716.4450073242188,716.5349731445312,16812
2026-09-17 17:16:00+00:00,716.530029296875,716.578125,716.4949951171875,716.5700073242188,20676
2026-09-17 17:17:00+00:00,716.5599975585938,716.6400146484375,716.510009765625,716.6199951171875,29779
2026-09-17 17:18:00+00:00,716.5999755859375,716.6199951171875,716.52001953125,716.5449829101562,25392
2026-09-17 17:19:00+00:00,716.5599975585938,716.719970703125,716.5399780273438,716.6199951171875,29688
2026-09-17 17:20:00+00:00,716.5900268554688,716.719970703125,716.4716186523438,716.4716186523438,30816
2026-09-17 17:21:00+00:00,716.4600219726562,716.4600219726562,716.260009765625,716.260009765625,28324
2026-09-17 17:22:00+00:00,716.27001953125,716.4500122070312,716.27001953125,716.4199829101562,18544
2026-09-17 17:23:00+00:00,716.4600219726562,716.5274047851562,716.3499755859375,716.3599853515625,20880
2026-09-17 17:24:00+00:00,716.4099731445312,716.52001953125,716.239990234375,716.26123046875,35579
2026-09-17 17:25:00+00:00,716.2899780273438,716.4099731445312,716.2899780273438,716.4000244140625,26775
2026-09-17 17:26:00+00:00,716.3900146484375,716.3900146484375,716.2200927734375,716.3200073242188,20348
2026-09-17 17:27:00+00:00,716.3150024414062,716.52001953125,716.3150024414062,716.4578247070312,17882
2026-09-17 17:28:00+00:00,716.4650268554688,716.4749755859375,716.280029296875,716.2999877929688,16103
2026-09-17 17:29:00+00:00,716.2999877929688,716.3400268554688,716.2449951171875,716.3200073242188,17435
2026-09-17 17:30:00+00:00,716.3400268554688,716.3800048828125,716.1119995117188,716.1599731445312,22515
2026-09-17 17:31:00+00:00,716.14501953125,716.2471923828125,716.1199951171875,716.2150268554688,27676
2026-09-17 17:32:00+00:00,716.1900024414062,716.3499755859375,716.1799926757812,716.3200073242188,30813
2026-09-17 17:33:00+00:00,716.3300170898438,716.4099731445312,716.3099975585938,716.3599853515625,16944
2026-09-17 17:34:00+00:00,716.3599853515625,716.489990234375,716.3499755859375,716.47998046875,40795
2026-09-17 17:35:00+00:00,716.469970703125,716.5800170898438,716.4199829101562,716.510009765625,56381
2026-09-17 17:36:00+00:00,716.510009765625,716.510009765625,716.3350219726562,716.4400024414062,43136
2026-09-17 17:37:00+00:00,716.4400024414062,716.510009765625,716.27001953125,716.2849731445312,46709
2026-09-17 17:38:00+00:00,716.2899780273438,716.3900146484375,716.2750244140625,716.3300170898438,89520
2026-09-17 17:39:00+00:00,716.3300170898438,716.3499755859375,716.260009765625,716.27001953125,49504
2026-09-17 17:40:00+00:00,716.2999877929688,716.4249877929688,716.2999877929688,716.3400268554688,26162
2026-09-17 17:41:00+00:00,716.4199829101562,716.5599975585938,716.4199829101562,716.5250244140625,28091
2026-09-17 17:42:00+00:00,716.5,716.6099853515625,716.4600219726562,716.5750122070312,41983
2026-09-17 17:43:00+00:00,716.5750122070312,716.5800170898438,716.530029296875,716.5399780273438,24676
2026-09-17 17:44:00+00:00,716.5349731445312,716.5900268554688,716.52001953125,716.5900268554688,48476
2026-09-17 17:45:00+00:00,716.5700073242188,716.5999755859375,716.5399780273438,716.5800170898438,24523
2026-09-17 17:46:00+00:00,716.5700073242188,716.719970703125,716.5599975585938,716.7000122070312,36396
2026-09-17 17:47:00+00:00,716.7050170898438,716.760009765625,716.6500244140625,716.6699829101562,34677
2026-09-17 17:48:00+00:00,716.6599731445312,716.6699829101562,716.6099853515625,716.6199951171875,19417
2026-09-17 17:49:00+00:00,716.6099853515625,716.6594848632812,716.5900268554688,716.6199951171875,21200
2026-09-17 17:50:00+00:00,716.5999755859375,716.6099853515625,716.3900146484375,716.3900146484375,31314
2026-09-17 17:51:00+00:00,716.3901977539062,716.510009765625,716.3779296875,716.5,39574
2026-09-17 17:52:00+00:00,716.5,716.510009765625,716.3699951171875,716.39501953125,16055
2026-09-17 17:53:00+00:00,716.39501953125,716.4600219726562,716.3499755859375,716.4299926757812,23511
2026-09-17 17:54:00+00:00,716.4099731445312,716.4600219726562,716.405029296875,716.4400024414062,19876
2026-09-17 17:55:00+00:00,716.4500122070312,716.5,716.4199829101562,716.4400024414062,31176
2026-09-17 17:56:00+00:00,716.438720703125,716.4799194335938,716.4099731445312,716.4500122070312,21473
2026-09-17 17:57:00+00:00,716.4600219726562,716.5900268554688,716.4600219726562,716.5200805664062,49255
2026-09-17 17:58:00+00:00,716.530029296875,716.6699829101562,716.5250244140625,716.6300048828125,32159
2026-09-17 17:59:00+00:00,716.625,716.719970703125,716.5800170898438,716.6799926757812,44798
2026-09-17 18:00:00+00:00,716.7000122070312,716.7000122070312,716.5700073242188,716.5900268554688,43770
2026-09-17 18:01:00+00:00,716.5999755859375,716.6199951171875,716.530029296875,716.6199951171875,20104
2026-09-17 18:02:00+00:00,716.614990234375,716.6657104492188,716.510009765625,716.52001953125,21489
2026-09-17 18:03:00+00:00,716.5189208984375,716.72998046875,716.489990234375,716.7200927734375,25453
2026-09-17 18:04:00+00:00,716.7249755859375,716.75,716.6599731445312,716.6900024414062,27962
2026-09-17 18:05:00+00:00,716.6900024414062,716.8250122070312,716.6801147460938,716.7349853515625,142705
2026-09-17 18:06:00+00:00,716.7349853515625,716.7700805664062,716.5700073242188,716.5900268554688,42951
2026-09-17 18:07:00+00:00,716.6099853515625,716.6300048828125,716.4199829101562,716.4500122070312,252480
2026-09-17 18:08:00+00:00,716.4450073242188,716.4600219726562,716.3599853515625,716.4099731445312,24869
2026-09-17 18:09:00+00:00,716.39501953125,716.4299926757812,716.2750244140625,716.3200073242188,36158
2026-09-17 18:10:00+00:00,716.375,716.3800048828125,716.280029296875,716.3699951171875,130743
2026-09-17 18:11:00+00:00,716.3400268554688,716.4600219726562,716.2949829101562,716.3200073242188,32853
2026-09-17 18:12:00+00:00,716.3300170898438,716.4600219726562,716.3300170898438,716.4299926757812,27414
2026-09-17 18:13:00+00:00,716.4500122070312,716.489990234375,716.3300170898438,716.4199829101562,145569
2026-09-17 18:14:00+00:00,716.4249877929688,716.489990234375,716.405029296875,716.4149780273438,38284
2026-09-17 18:15:00+00:00,716.4099731445312,716.5800170898438,716.4099731445312,716.5800170898438,127590
2026-09-17 18:16:00+00:00,716.5599975585938,716.6495971679688,716.4400024414062,716.4400024414062,43473
2026-09-17 18:17:00+00:00,716.4199829101562,716.4400024414062,716.3099975585938,716.3099975585938,36064
2026-09-17 18:18:00+00:00,716.3099975585938,716.3400268554688,716.1950073242188,716.3300170898438,60885
2026-09-17 18:19:00+00:00,716.3499755859375,716.5499877929688,716.3499755859375,716.5499877929688,24845
2026-09-17 18:20:00+00:00,716.5501098632812,716.6126708984375,716.489990234375,716.5,29044
2026-09-17 18:21:00+00:00,716.510009765625,716.52001953125,716.3800048828125,716.4000244140625,159512
2026-09-17 18:22:00+00:00,716.4000244140625,716.4500122070312,716.3200073242188,716.4299926757812,29362
2026-09-17 18:23:00+00:00,716.4299926757812,716.4349975585938,716.3701171875,716.4149780273438,36794
2026-09-17 18:24:00+00:00,716.4149780273438,716.4285278320312,716.25,716.2899780273438,25804
2026-09-17 18:25:00+00:00,716.2849731445312,716.4000244140625,716.280029296875,716.3204956054688,24692
2026-09-17 18:26:00+00:00,716.3200073242188,716.4000244140625,716.3200073242188,716.39501953125,27445
2026-09-17 18:27:00+00:00,716.3900146484375,716.4299926757812,716.3699951171875,716.385009765625,1219531
2026-09-17 18:28:00+00:00,716.3900146484375,716.4199829101562,716.3200073242188,716.4000244140625,23289
2026-09-17 18:29:00+00:00,716.4199829101562,716.4199829101562,716.3250122070312,716.3300170898438,232961
2026-09-17 18:30:00+00:00,716.3599853515625,716.5,716.3599853515625,716.4099731445312,148127
2026-09-17 18:31:00+00:00,716.4149780273438,716.4500122070312,716.3200073242188,716.3200073242188,132232
2026-09-17 18:32:00+00:00,716.3400268554688,716.4199829101562,716.280029296875,716.2999877929688,165187
2026-09-17 18:33:00+00:00,716.2999877929688,716.3499755859375,716.27001953125,716.2899780273438,33495
2026-09-17 18:34:00+00:00,716.280029296875,716.2949829101562,716.2000122070312,716.219970703125,268848
2026-09-17 18:35:00+00:00,716.219970703125,716.2550048828125,716.1500244140625,716.1849975585938,182860
2026-09-17 18:36:00+00:00,716.1799926757812,716.2000122070312,715.9299926757812,715.9299926757812,87655
2026-09-17 18:37:00+00:00,715.9400024414062,716.0800170898438,715.9400024414062,716.0499877929688,68967
2026-09-17 18:38:00+00:00,716.0499877929688,716.0549926757812,715.969970703125,715.98388671875,29773
2026-09-17 18:39:00+00:00,715.97998046875,716.030029296875,715.9301147460938,715.9500122070312,45094
2026-09-17 18:40:00+00:00,715.9500122070312,716.0250244140625,715.8599853515625,716.02001953125,122572
2026-09-17 18:41:00+00:00,716.030029296875,716.0999755859375,715.989990234375,716.030029296875,31537
2026-09-17 18:42:00+00:00,716.010009765625,716.0399780273438,715.9249877929688,716.0050048828125,40177
2026-09-17 18:43:00+00:00,716.0050048828125,716.0549926757812,715.9849853515625,716.010009765625,26424
2026-09-17 18:44:00+00:00,716.0,716.1400146484375,715.989990234375,716.1099243164062,40000
2026-09-17 18:45:00+00:00,716.1300048828125,716.239990234375,716.0800170898438,716.1900024414062,37227
2026-09-17 18:46:00+00:00,716.1900024414062,716.2050170898438,716.135009765625,716.1400146484375,16901
2026-09-17 18:47:00+00:00,716.1599731445312,716.1900024414062,716.1300048828125,716.1599731445312,22593
2026-09-17 18:48:00+00:00,716.1900024414062,716.2899780273438,716.1749877929688,716.2899780273438,45509
2026-09-17 18:49:00+00:00,716.3099975585938,716.3699951171875,716.22998046875,716.239990234375,28416
2026-09-17 18:50:00+00:00,716.22998046875,716.2899780273438,716.22998046875,716.2899780273438,33458
2026-09-17 18:51:00+00:00,716.2999877929688,716.3499755859375,716.27001953125,716.3400268554688,27151
2026-09-17 18:52:00+00:00,716.3350219726562,716.3400268554688,716.1500244140625,716.1699829101562,40410
2026-09-17 18:53:00+00:00,716.1500244140625,716.219970703125,716.1199951171875,716.1699829101562,38710
2026-09-17 18:54:00+00:00,716.1799926757812,716.239990234375,716.1300048828125,716.219970703125,29315
2026-09-17 18:55:00+00:00,716.219970703125,716.3154907226562,716.1704711914062,716.1799926757812,33067
2026-09-17 18:56:00+00:00,716.1799926757812,716.1799926757812,716.0999755859375,716.1599731445312,32262
2026-09-17 18:57:00+00:00,716.1599731445312,716.280029296875,716.1599731445312,716.260009765625,40005
2026-09-17 18:58:00+00:00,716.2650146484375,716.2899780273438,716.1959838867188,716.2449951171875,133515
2026-09-17 18:59:00+00:00,716.239990234375,716.280029296875,716.2000122070312,716.239990234375,20981
2026-09-17 19:00:00+00:00,716.2999877929688,716.510009765625,716.2249755859375,716.5,153360
2026-09-17 19:01:00+00:00,716.489990234375,716.5,716.3900146484375,716.4349975585938,29810
2026-09-17 19:02:00+00:00,716.4400024414062,716.4400024414062,716.3499755859375,716.4400024414062,129668
2026-09-17 19:03:00+00:00,716.4500122070312,716.5,716.4099731445312,716.469970703125,32061
2026-09-17 19:04:00+00:00,716.4749755859375,716.606201171875,716.4749755859375,716.5750122070312,58697
2026-09-17 19:05:00+00:00,716.5798950195312,716.8300170898438,716.5750122070312,716.8099975585938,56389
2026-09-17 19:06:00+00:00,716.8099975585938,716.9500122070312,716.7449951171875,716.9299926757812,76314
2026-09-17 19:07:00+00:00,716.9199829101562,716.9199829101562,716.780029296875,716.8599853515625,49470
2026-09-17 19:08:00+00:00,716.8599853515625,716.8800048828125,716.780029296875,716.7849731445312,53720
2026-09-17 19:09:00+00:00,716.7899780273438,716.7899780273438,716.5706176757812,716.6649780273438,211508
2026-09-17 19:10:00+00:00,716.6699829101562,716.719970703125,716.6300048828125,716.6649780273438,37383
2026-09-17 19:11:00+00:00,716.6749877929688,716.6901245117188,716.5750122070312,716.6400146484375,33616
2026-09-17 19:12:00+00:00,716.6400146484375,716.6810302734375,716.581298828125,716.6799926757812,32790
2026-09-17 19:13:00+00:00,716.6500244140625,716.8099975585938,716.6500244140625,716.7999877929688,40638
2026-09-17 19:14:00+00:00,716.8150024414062,716.8400268554688,716.6900024414062,716.7000122070312,347353
2026-09-17 19:15:00+00:00,716.7100219726562,716.760009765625,716.6950073242188,716.7349853515625,66444
2026-09-17 19:16:00+00:00,716.719970703125,716.739990234375,716.6245727539062,716.7000122070312,37548
2026-09-17 19:17:00+00:00,716.7000122070312,716.72998046875,716.6699829101562,716.719970703125,140690
2026-09-17 19:18:00+00:00,716.719970703125,716.8499755859375,716.7100219726562,716.8250122070312,55643
2026-09-17 19:19:00+00:00,716.8099975585938,716.8599853515625,716.780029296875,716.7999877929688,46277
2026-09-17 19:20:00+00:00,716.8099975585938,716.8599853515625,716.7899780273438,716.8300170898438,146215
2026-09-17 19:21:00+00:00,716.8350219726562,716.85498046875,716.760009765625,716.7899780273438,44610
2026-09-17 19:22:00+00:00,716.7849731445312,716.7899780273438,716.719970703125,716.7349853515625,36829
2026-09-17 19:23:00+00:00,716.739990234375,716.760009765625,716.6599731445312,716.7150268554688,84134
2026-09-17 19:24:00+00:00,716.719970703125,716.719970703125,716.580078125,716.594970703125,270579
2026-09-17 19:25:00+00:00,716.5999755859375,716.669677734375,716.5399780273438,716.6500244140625,84966
2026-09-17 19:26:00+00:00,716.6849975585938,716.6900024414062,716.52001953125,716.5250244140625,58752
2026-09-17 19:27:00+00:00,716.5250244140625,716.5549926757812,716.4400024414062,716.5150146484375,76947
2026-09-17 19:28:00+00:00,716.530029296875,716.5989990234375,716.4965209960938,716.5700073242188,155386
2026-09-17 19:29:00+00:00,716.5700073242188,716.5800170898438,716.5050048828125,716.530029296875,54907
2026-09-17 19:30:00+00:00,716.5250244140625,716.875,716.5050048828125,716.875,148579
2026-09-17 19:31:00+00:00,716.8599853515625,717.0499877929688,716.8499755859375,716.989990234375,72112
2026-09-17 19:32:00+00:00,716.9949951171875,717.0349731445312,716.9299926757812,717.030029296875,178538
2026-09-17 19:33:00+00:00,717.0150146484375,717.02001953125,716.9400024414062,716.97998046875,61546
2026-09-17 19:34:00+00:00,716.989990234375,717.030029296875,716.9149780273438,717.010009765625,57454
2026-09-17 19:35:00+00:00,717.0250244140625,717.1099853515625,717.02001953125,717.0800170898438,53775
2026-09-17 19:36:00+00:00,717.0800170898438,717.1900024414062,717.0800170898438,717.114990234375,173356
2026-09-17 19:37:00+00:00,717.1099853515625,717.2000122070312,717.0900268554688,717.1799926757812,201463
2026-09-17 19:38:00+00:00,717.1699829101562,717.2100219726562,717.0999755859375,717.14501953125,55218
2026-09-17 19:39:00+00:00,717.1599731445312,717.1694946289062,717.0999755859375,717.155029296875,62251
2026-09-17 19:40:00+00:00,717.155029296875,717.1849975585938,717.0700073242188,717.0900268554688,124784
2026-09-17 19:41:00+00:00,717.0900268554688,717.1500244140625,717.0,717.02001953125,159995
2026-09-17 19:42:00+00:00,717.0250244140625,717.0499267578125,716.9099731445312,717.030029296875,199672
2026-09-17 19:43:00+00:00,717.030029296875,717.1599731445312,717.02001953125,717.1458740234375,87938
2026-09-17 19:44:00+00:00,717.1400146484375,717.3400268554688,717.1400146484375,717.2899780273438,80151
2026-09-17 19:45:00+00:00,717.2899780273438,717.3400268554688,717.140625,717.2050170898438,487472
2026-09-17 19:46:00+00:00,717.2050170898438,717.2550048828125,716.989990234375,717.0,319375
2026-09-17 19:47:00+00:00,717.02001953125,717.0750122070312,716.9749755859375,717.0599975585938,75261
2026-09-17 19:48:00+00:00,717.0499877929688,717.094970703125,717.0,717.0850219726562,73893
2026-09-17 19:49:00+00:00,717.0850219726562,717.1199951171875,717.02001953125,717.0599975585938,123549
2026-09-17 19:50:00+00:00,717.0700073242188,717.4299926757812,717.0700073242188,717.4000244140625,303521
2026-09-17 19:51:00+00:00,717.405029296875,717.739990234375,717.385009765625,717.739990234375,213410
2026-09-17 19:52:00+00:00,717.739990234375,717.75,717.5750122070312,717.719970703125,262909
2026-09-17 19:53:00+00:00,717.719970703125,717.9849853515625,717.6649780273438,717.9149780273438,181929
2026-09-17 19:54:00+00:00,717.9099731445312,718.0401000976562,717.4500122070312,717.468994140625,286917
2026-09-17 19:55:00+00:00,717.3300170898438,717.6099853515625,717.3300170898438,717.4600219726562,261255
2026-09-17 19:56:00+00:00,717.4600219726562,717.5700073242188,717.4199829101562,717.5700073242188,286193
2026-09-17 19:57:00+00:00,717.5800170898438,717.6199951171875,717.4099731445312,717.4299926757812,212676
2026-09-17 19:58:00+00:00,717.4349975585938,717.4500122070312,717.1699829101562,717.22998046875,606592
2026-09-17 19:59:00+00:00,717.22998046875,717.22998046875,716.5999755859375,716.8699951171875,1153718
2026-09-18 13:30:00+00:00,718.8400268554688,719.27001953125,718.5,718.7999877929688,2493796
2026-09-18 13:31:00+00:00,718.8099975585938,719.469970703125,718.760009765625,719.469970703125,267149
2026-09-18 13:32:00+00:00,719.4600219726562,719.4600219726562,718.7000122070312,718.75,217814
2026-09-18 13:33:00+00:00,718.780029296875,719.0,718.52001953125,718.7999877929688,100416
2026-09-18 13:34:00+00:00,718.8400268554688,719.0,718.5900268554688,718.7349853515625,102314
2026-09-18 13:35:00+00:00,718.72998046875,718.8900146484375,718.4500122070312,718.8200073242188,256869
2026-09-18 13:36:00+00:00,718.8300170898438,719.344970703125,718.719970703125,719.2423706054688,184024
2026-09-18 13:37:00+00:00,719.2550048828125,719.3699951171875,719.0,719.3699951171875,181817
2026-09-18 13:38:00+00:00,719.3800048828125,719.3800048828125,719.0700073242188,719.1599731445312,132912
2026-09-18 13:39:00+00:00,719.1849975585938,719.4099731445312,719.1599731445312,719.3400268554688,162169
2026-09-18 13:40:00+00:00,719.3400268554688,719.530029296875,719.1099853515625,719.1699829101562,166111
2026-09-18 13:41:00+00:00,719.1600952148438,719.5399780273438,719.0399780273438,719.4299926757812,161888
2026-09-18 13:42:00+00:00,719.4349975585938,719.4349975585938,719.1801147460938,719.219970703125,65256
2026-09-18 13:43:00+00:00,719.1950073242188,719.2498779296875,718.530029296875,718.5921020507812,123583
2026-09-18 13:44:00+00:00,718.594970703125,718.875,718.52001953125,718.8699951171875,122248
2026-09-18 13:45:00+00:00,718.875,719.3200073242188,718.75,719.280029296875,302499
2026-09-18 13:46:00+00:00,719.2514038085938,719.3499755859375,719.0999755859375,719.0999755859375,90246
2026-09-18 13:47:00+00:00,719.0999755859375,719.1099853515625,718.6699829101562,718.7000122070312,67209
2026-09-18 13:48:00+00:00,718.7150268554688,718.77001953125,718.4000244140625,718.4199829101562,126335
2026-09-18 13:49:00+00:00,718.4251098632812,718.6099853515625,718.280029296875,718.3699951171875,187993
2026-09-18 13:50:00+00:00,718.3599853515625,718.3599853515625,718.1099853515625,718.280029296875,123152
2026-09-18 13:51:00+00:00,718.27001953125,718.3499755859375,718.030029296875,718.3499755859375,80955
2026-09-18 13:52:00+00:00,718.3300170898438,718.5700073242188,718.2050170898438,718.5659790039062,60615
2026-09-18 13:53:00+00:00,718.5750122070312,718.5999755859375,718.2000122070312,718.260009765625,62549
2026-09-18 13:54:00+00:00,718.3140258789062,718.4237060546875,717.9600219726562,718.0399780273438,99707
2026-09-18 13:55:00+00:00,718.0350952148438,718.1900024414062,717.75,718.094970703125,108224
2026-09-18 13:56:00+00:00,718.0999755859375,718.1900024414062,717.89501953125,717.9500122070312,119713
2026-09-18 13:57:00+00:00,717.9600219726562,718.0499877929688,717.72998046875,717.8900146484375,67250
2026-09-18 13:58:00+00:00,717.9401245117188,718.1599731445312,717.8200073242188,717.8400268554688,66687
2026-09-18 13:59:00+00:00,717.8200073242188,717.969970703125,717.6400146484375,717.9298706054688,76698
2026-09-18 14:00:00+00:00,717.9099731445312,718.0800170898438,717.6400146484375,717.8699951171875,199048
2026-09-18 14:01:00+00:00,717.885009765625,718.0499877929688,717.2949829101562,717.2999877929688,134348
2026-09-18 14:02:00+00:00,717.2999877929688,717.3200073242188,716.8200073242188,716.8385009765625,154306
2026-09-18 14:03:00+00:00,716.8300170898438,716.9494018554688,716.719970703125,716.75,114631
2026-09-18 14:04:00+00:00,716.760009765625,716.9099731445312,716.6199951171875,716.6799926757812,97328
2026-09-18 14:05:00+00:00,716.7050170898438,716.989990234375,716.4099731445312,716.969970703125,112013
2026-09-18 14:06:00+00:00,716.9650268554688,717.2000122070312,716.89501953125,717.0175170898438,216556
2026-09-18 14:07:00+00:00,717.0399780273438,717.0399780273438,716.4500122070312,716.5150146484375,109920
2026-09-18 14:08:00+00:00,716.5350952148438,716.6599731445312,716.4000244140625,716.5999755859375,78784
2026-09-18 14:09:00+00:00,716.6199951171875,717.02001953125,716.4749755859375,717.02001953125,100430
2026-09-18 14:10:00+00:00,717.0150146484375,717.3599853515625,716.969970703125,717.35498046875,124694
2026-09-18 14:11:00+00:00,717.3599853515625,717.3900146484375,717.1375732421875,717.3800048828125,121436
2026-09-18 14:12:00+00:00,717.364990234375,717.375,716.969970703125,717.0700073242188,103514
2026-09-18 14:13:00+00:00,717.1099853515625,717.1699829101562,716.6300048828125,716.7750244140625,180716
2026-09-18 14:14:00+00:00,716.7750244140625,716.8400268554688,716.4605102539062,716.4801025390625,93400
2026-09-18 14:15:00+00:00,716.489990234375,716.6699829101562,716.4000244140625,716.4299926757812,479714
2026-09-18 14:16:00+00:00,716.4299926757812,716.4600219726562,715.8967895507812,715.9600219726562,134535
2026-09-18 14:17:00+00:00,715.9600219726562,716.3900146484375,715.89501953125,716.3499755859375,103123
2026-09-18 14:18:00+00:00,716.3400268554688,716.5900268554688,716.3099975585938,716.5678100585938,65030
2026-09-18 14:19:00+00:00,716.5800170898438,716.6400146484375,716.4299926757812,716.6367797851562,50280
2026-09-18 14:20:00+00:00,716.6300048828125,716.72998046875,716.4400024414062,716.510009765625,75253
2026-09-18 14:21:00+00:00,716.5499877929688,716.760986328125,716.4500122070312,716.6599731445312,44863
2026-09-18 14:22:00+00:00,716.6749877929688,717.1599731445312,716.6599731445312,717.1099853515625,79947
2026-09-18 14:23:00+00:00,717.1099853515625,717.1099853515625,716.8200073242188,717.10498046875,49956
2026-09-18 14:24:00+00:00,717.10498046875,717.10498046875,716.760009765625,716.7750244140625,53365
2026-09-18 14:25:00+00:00,716.780029296875,716.9400024414062,716.6400146484375,716.760009765625,55789
2026-09-18 14:26:00+00:00,716.739990234375,716.8800048828125,716.6400146484375,716.6599731445312,46774
2026-09-18 14:27:00+00:00,716.6599731445312,716.9794921875,716.6099853515625,716.9794921875,50695
2026-09-18 14:28:00+00:00,716.9199829101562,717.0999755859375,716.8400268554688,716.8499755859375,91916
2026-09-18 14:29:00+00:00,716.8499755859375,716.8809814453125,716.7000122070312,716.7000122070312,58239
2026-09-18 14:30:00+00:00,716.7050170898438,716.9199829101562,716.6300048828125,716.7249755859375,74790
2026-09-18 14:31:00+00:00,716.7000122070312,716.77001953125,716.4400024414062,716.47998046875,38302
2026-09-18 14:32:00+00:00,716.489990234375,716.6199951171875,716.4299926757812,716.5,59139
2026-09-18 14:33:00+00:00,716.5050048828125,716.6099853515625,716.331787109375,716.5700073242188,56248
2026-09-18 14:34:00+00:00,716.5800170898438,716.6699829101562,716.4400024414062,716.6594848632812,44549
2026-09-18 14:35:00+00:00,716.6599731445312,716.7598266601562,716.5399780273438,716.6199951171875,34871
2026-09-18 14:36:00+00:00,716.6099853515625,716.6099853515625,716.301025390625,716.3800048828125,77378
2026-09-18 14:37:00+00:00,716.3800048828125,716.7297973632812,716.3482055664062,716.6400146484375,32001
2026-09-18 14:38:00+00:00,716.6284790039062,716.7999877929688,716.5999755859375,716.7999877929688,31238
2026-09-18 14:39:00+00:00,716.7999877929688,717.2534790039062,716.72998046875,716.8499755859375,103562
2026-09-18 14:40:00+00:00,716.844970703125,716.8699951171875,716.739990234375,716.8300170898438,36636
2026-09-18 14:41:00+00:00,716.8300170898438,716.8626098632812,716.5999755859375,716.6799926757812,59844
2026-09-18 14:42:00+00:00,716.6900024414062,716.739990234375,716.1300048828125,716.2993774414062,67087
2026-09-18 14:43:00+00:00,716.3200073242188,716.3300170898438,716.1500244140625,716.3250122070312,53957
2026-09-18 14:44:00+00:00,716.2849731445312,716.4000244140625,716.2100219726562,716.3800048828125,52207
2026-09-18 14:45:00+00:00,716.3800048828125,716.3909912109375,716.2200927734375,716.3350219726562,67189
2026-09-18 14:46:00+00:00,716.3200073242188,716.719970703125,716.3200073242188,716.6500244140625,57529
2026-09-18 14:47:00+00:00,716.6099853515625,716.8699951171875,716.5900268554688,716.719970703125,42312
2026-09-18 14:48:00+00:00,716.7100219726562,716.7999877929688,716.6300048828125,716.7899780273438,34678
2026-09-18 14:49:00+00:00,716.7849731445312,717.0700073242188,716.7849731445312,717.0399780273438,47080
2026-09-18 14:50:00+00:00,717.031005859375,717.2100219726562,716.8942260742188,717.2100219726562,174909
2026-09-18 14:51:00+00:00,717.219970703125,717.4299926757812,717.14501953125,717.3699951171875,84797
2026-09-18 14:52:00+00:00,717.3499755859375,717.6500244140625,717.3499755859375,717.5001220703125,213921
2026-09-18 14:53:00+00:00,717.510009765625,717.5828247070312,717.4400024414062,717.5499877929688,502152
2026-09-18 14:54:00+00:00,717.5499877929688,717.5900268554688,717.4000244140625,717.5499877929688,79741
2026-09-18 14:55:00+00:00,717.5599975585938,717.6199951171875,717.3394775390625,717.3499755859375,58411
2026-09-18 14:56:00+00:00,717.3599853515625,717.4500122070312,717.2999877929688,717.3800048828125,95026
2026-09-18 14:57:00+00:00,717.3900146484375,717.3900146484375,717.2608032226562,717.3099975585938,64535
2026-09-18 14:58:00+00:00,717.3099975585938,717.3900146484375,717.1760864257812,717.260009765625,61013
2026-09-18 14:59:00+00:00,717.260009765625,717.4400024414062,717.2550048828125,717.4299926757812,49519
2026-09-18 15:00:00+00:00,717.4299926757812,717.5800170898438,717.3200073242188,717.3800048828125,73019
2026-09-18 15:01:00+00:00,717.3900146484375,717.4199829101562,717.155029296875,717.1699829101562,62392
2026-09-18 15:02:00+00:00,717.1605224609375,717.1605224609375,716.9400024414062,717.1199951171875,51083
2026-09-18 15:03:00+00:00,717.114990234375,717.3699951171875,717.0399780273438,717.3499755859375,109340
2026-09-18 15:04:00+00:00,717.3599853515625,717.4083862304688,717.2249755859375,717.280029296875,36586
2026-09-18 15:05:00+00:00,717.27001953125,717.5599975585938,717.1900024414062,717.5599975585938,55395
2026-09-18 15:06:00+00:00,717.5800170898438,717.72998046875,717.385009765625,717.5800170898438,43574
2026-09-18 15:07:00+00:00,717.5850219726562,717.6900024414062,717.5399780273438,717.6099853515625,43186
2026-09-18 15:08:00+00:00,717.6199951171875,717.6199951171875,717.4199829101562,717.5499877929688,52663
2026-09-18 15:09:00+00:00,717.5700073242188,717.5700073242188,717.2050170898438,717.2100219726562,153104
2026-09-18 15:10:00+00:00,717.219970703125,717.3099975585938,717.1599731445312,717.280029296875,50043
2026-09-18 15:11:00+00:00,717.2999877929688,717.2999877929688,716.8900146484375,716.9099731445312,64355
2026-09-18 15:12:00+00:00,716.9099731445312,716.9600219726562,716.8150024414062,716.8400268554688,83819
2026-09-18 15:13:00+00:00,716.8400268554688,716.9749755859375,716.64501953125,716.9199829101562,66494
2026-09-18 15:14:00+00:00,716.9099731445312,716.9299926757812,716.6900024414062,716.739990234375,38249
2026-09-18 15:15:00+00:00,716.75,716.8699951171875,716.6649780273438,716.7999877929688,37596
2026-09-18 15:16:00+00:00,716.7949829101562,716.8800048828125,716.6199951171875,716.6799926757812,2929114
2026-09-18 15:17:00+00:00,716.6599731445312,716.8800048828125,716.6199951171875,716.6599731445312,98721
2026-09-18 15:18:00+00:00,716.6699829101562,716.75,716.5549926757812,716.6500244140625,99552
2026-09-18 15:19:00+00:00,716.6099853515625,716.8699951171875,716.6099853515625,716.7999877929688,27873
2026-09-18 15:20:00+00:00,716.7999877929688,716.9600219726562,716.719970703125,716.9401245117188,383993
2026-09-18 15:21:00+00:00,716.9500122070312,716.97998046875,716.7999877929688,716.8099975585938,26866
2026-09-18 15:22:00+00:00,716.8099975585938,716.905029296875,716.6849975585938,716.7899780273438,32300
2026-09-18 15:23:00+00:00,716.7899780273438,717.0599975585938,716.7706298828125,716.9949951171875,28243
2026-09-18 15:24:00+00:00,716.9949951171875,717.0900268554688,716.9400024414062,716.989990234375,18838
2026-09-18 15:25:00+00:00,716.97998046875,717.2000122070312,716.97998046875,717.1599731445312,44850
2026-09-18 15:26:00+00:00,717.1699829101562,717.3599853515625,717.1500244140625,717.280029296875,31402
2026-09-18 15:27:00+00:00,717.280029296875,717.2849731445312,717.1500244140625,717.2000122070312,29648
2026-09-18 15:28:00+00:00,717.2000122070312,717.3200073242188,717.1649780273438,717.260009765625,41295
2026-09-18 15:29:00+00:00,717.260009765625,717.3099975585938,717.0999755859375,717.25,30643
2026-09-18 15:30:00+00:00,717.239990234375,717.3800048828125,716.719970703125,716.9400024414062,111921
2026-09-18 15:31:00+00:00,716.9400024414062,716.969970703125,716.77001953125,716.8599853515625,52565
2026-09-18 15:32:00+00:00,716.8300170898438,716.9400024414062,716.7100219726562,716.9400024414062,33777
2026-09-18 15:33:00+00:00,716.969970703125,717.02001953125,716.773681640625,716.8699951171875,47430
2026-09-18 15:34:00+00:00,716.8499755859375,716.9099731445312,716.739990234375,716.9000244140625,126685
2026-09-18 15:35:00+00:00,716.8900146484375,716.9849853515625,716.8410034179688,716.97998046875,28372
2026-09-18 15:36:00+00:00,716.969970703125,717.0900268554688,716.8499755859375,717.010009765625,45440
2026-09-18 15:37:00+00:00,716.989990234375,717.030029296875,716.8900146484375,716.9149780273438,65831
2026-09-18 15:38:00+00:00,716.9099731445312,716.9199829101562,716.7100219726562,716.739990234375,51503
2026-09-18 15:39:00+00:00,716.739990234375,716.7600708007812,716.5499877929688,716.6300048828125,76067
2026-09-18 15:40:00+00:00,716.6300048828125,716.6300048828125,716.4000244140625,716.4000244140625,64412
2026-09-18 15:41:00+00:00,716.38037109375,716.5888061523438,716.3400268554688,716.5250244140625,48708
2026-09-18 15:42:00+00:00,716.52099609375,716.6099853515625,716.4400024414062,716.6099853515625,41557
2026-09-18 15:43:00+00:00,716.5900268554688,716.6900024414062,716.5800170898438,716.6300048828125,19701
2026-09-18 15:44:00+00:00,716.6400146484375,716.6500244140625,716.5,716.6099853515625,25416
2026-09-18 15:45:00+00:00,716.6300048828125,716.6900024414062,716.3300170898438,716.3400268554688,26943
2026-09-18 15:46:00+00:00,716.3400268554688,716.5499877929688,716.3400268554688,716.4910278320312,36684
2026-09-18 15:47:00+00:00,716.489990234375,716.5499877929688,716.4500122070312,716.5449829101562,22277
2026-09-18 15:48:00+00:00,716.5449829101562,716.6900024414062,716.52001953125,716.6500244140625,18957
2026-09-18 15:49:00+00:00,716.64501953125,716.6500244140625,716.5130004882812,716.5399780273438,25832
2026-09-18 15:50:00+00:00,716.5399780273438,716.77001953125,716.4898071289062,716.77001953125,25371
2026-09-18 15:51:00+00:00,716.7899780273438,716.7999877929688,716.590087890625,716.590087890625,62917
2026-09-18 15:52:00+00:00,716.6099243164062,716.6300048828125,716.4400024414062,716.6300048828125,32594
2026-09-18 15:53:00+00:00,716.6199951171875,716.6500244140625,716.3200073242188,716.3300170898438,37654
2026-09-18 15:54:00+00:00,716.3250122070312,716.4000244140625,716.260009765625,716.3150024414062,277274
2026-09-18 15:55:00+00:00,716.3200073242188,716.4089965820312,716.280029296875,716.3350219726562,46581
2026-09-18 15:56:00+00:00,716.3300170898438,716.5399780273438,716.3300170898438,716.4849853515625,51182
2026-09-18 15:57:00+00:00,716.489990234375,716.5449829101562,716.3250122070312,716.3255004882812,57280
2026-09-18 15:58:00+00:00,716.3599853515625,716.3599853515625,716.1900024414062,716.2000122070312,64996
2026-09-18 15:59:00+00:00,716.1909790039062,716.2999877929688,716.1500244140625,716.2899780273438,41292
2026-09-18 16:00:00+00:00,716.2750244140625,716.3099975585938,716.0501098632812,716.1690063476562,34684
2026-09-18 16:01:00+00:00,716.155029296875,716.219970703125,716.0989990234375,716.1699829101562,49833
2026-09-18 16:02:00+00:00,716.1699829101562,716.280029296875,716.0999755859375,716.25,24774
2026-09-18 16:03:00+00:00,716.2498779296875,716.3200073242188,716.1500244140625,716.219970703125,44456
2026-09-18 16:04:00+00:00,716.2100219726562,716.25,716.1400146484375,716.2100830078125,259775
2026-09-18 16:05:00+00:00,716.22998046875,716.3400268554688,716.219970703125,716.3400268554688,44904
2026-09-18 16:06:00+00:00,716.3350219726562,716.4400024414062,716.3300170898438,716.4299926757812,32578
2026-09-18 16:07:00+00:00,716.4299926757812,716.6099853515625,716.4199829101562,716.6099853515625,384677
2026-09-18 16:08:00+00:00,716.6199951171875,716.6300048828125,716.3099975585938,716.3099975585938,49149
2026-09-18 16:09:00+00:00,716.344970703125,716.4299926757812,716.3400268554688,716.4099731445312,17862
2026-09-18 16:10:00+00:00,716.405029296875,716.458984375,716.3599853515625,716.4199829101562,40667
2026-09-18 16:11:00+00:00,716.405029296875,716.4409790039062,716.3200073242188,716.3599853515625,272843
2026-09-18 16:12:00+00:00,716.3709716796875,716.530029296875,716.3709716796875,716.510009765625,16521
2026-09-18 16:13:00+00:00,716.52001953125,716.52001953125,716.3200073242188,716.3250122070312,126220
2026-09-18 16:14:00+00:00,716.3206176757812,716.4000244140625,716.2899780273438,716.2949829101562,39567
2026-09-18 16:15:00+00:00,716.2750244140625,716.3300170898438,716.2301025390625,716.2349853515625,38617
2026-09-18 16:16:00+00:00,716.2349853515625,716.3499755859375,716.1799926757812,716.25,35555
2026-09-18 16:17:00+00:00,716.260009765625,716.4099731445312,716.260009765625,716.3099975585938,33190
2026-09-18 16:18:00+00:00,716.3400268554688,716.60498046875,716.3400268554688,716.489990234375,65646
2026-09-18 16:19:00+00:00,716.4849853515625,716.5650024414062,716.47998046875,716.5549926757812,30359
2026-09-18 16:20:00+00:00,716.5700073242188,716.60498046875,716.4000244140625,716.4500122070312,24925
2026-09-18 16:21:00+00:00,716.4603271484375,716.530029296875,716.3699951171875,716.4600219726562,23443
2026-09-18 16:22:00+00:00,716.4400024414062,716.4500122070312,716.2999877929688,716.3209838867188,160722
2026-09-18 16:23:00+00:00,716.3400268554688,716.3400268554688,715.5,715.5499877929688,125323
2026-09-18 16:24:00+00:00,715.5399780273438,715.5399780273438,715.3400268554688,715.4099731445312,74728
2026-09-18 16:25:00+00:00,715.4149780273438,715.4149780273438,715.0800170898438,715.3599853515625,83663
2026-09-18 16:26:00+00:00,715.4000244140625,715.5,715.3099975585938,715.3599853515625,258587
2026-09-18 16:27:00+00:00,715.3499755859375,715.7000122070312,715.3499755859375,715.6900024414062,75802
2026-09-18 16:28:00+00:00,715.7000122070312,716.0700073242188,715.6099853515625,715.8300170898438,116638
2026-09-18 16:29:00+00:00,715.8400268554688,716.1619262695312,715.7901000976562,716.0650024414062,44500
2026-09-18 16:30:00+00:00,716.0700073242188,716.3400268554688,715.8699951171875,716.2899780273438,73567
2026-09-18 16:31:00+00:00,716.280029296875,716.2899780273438,715.969970703125,716.010009765625,82261
2026-09-18 16:32:00+00:00,716.010009765625,716.1400146484375,715.9400024414062,716.0599975585938,44568
2026-09-18 16:33:00+00:00,716.1099853515625,716.4600219726562,716.0399780273438,716.405029296875,50694
2026-09-18 16:34:00+00:00,716.4099731445312,716.5599975585938,716.344970703125,716.3800048828125,54214
2026-09-18 16:35:00+00:00,716.385009765625,716.5,716.3300170898438,716.4299926757812,41252
2026-09-18 16:36:00+00:00,716.4349975585938,716.47998046875,716.260009765625,716.280029296875,36855
2026-09-18 16:37:00+00:00,716.3099975585938,716.3400268554688,716.1849975585938,716.2000122070312,37525
2026-09-18 16:38:00+00:00,716.239990234375,716.280029296875,716.0150146484375,716.1199951171875,42457
2026-09-18 16:39:00+00:00,716.1218872070312,716.344970703125,716.0900268554688,716.2406005859375,20673
2026-09-18 16:40:00+00:00,716.2650146484375,716.3099975585938,716.219970703125,716.239990234375,14461
2026-09-18 16:41:00+00:00,716.239990234375,716.3300170898438,716.1201171875,716.1409912109375,61119
2026-09-18 16:42:00+00:00,716.1430053710938,716.4600219726562,716.1209106445312,716.4299926757812,124103
2026-09-18 16:43:00+00:00,716.4400024414062,716.469970703125,716.3200073242188,716.3900146484375,26019
2026-09-18 16:44:00+00:00,716.3900146484375,716.5800170898438,716.3800048828125,716.4849853515625,45782
2026-09-18 16:45:00+00:00,716.4600219726562,716.52001953125,716.3900756835938,716.47998046875,44131
2026-09-18 16:46:00+00:00,716.489990234375,716.5399780273438,716.2899780273438,716.2999877929688,20222
2026-09-18 16:47:00+00:00,716.3049926757812,716.4349975585938,716.1199951171875,716.3699951171875,32265
2026-09-18 16:48:00+00:00,716.3699951171875,716.3699951171875,716.2100219726562,716.219970703125,18918
2026-09-18 16:49:00+00:00,716.2100219726562,716.4299926757812,716.2100219726562,716.4299926757812,19750
2026-09-18 16:50:00+00:00,716.409912109375,716.52001953125,716.409912109375,716.4498901367188,29539
2026-09-18 16:51:00+00:00,716.4400024414062,716.6199951171875,716.4149780273438,716.5800170898438,29361
2026-09-18 16:52:00+00:00,716.5800170898438,716.7095947265625,716.5700073242188,716.6403198242188,71017
2026-09-18 16:53:00+00:00,716.6500244140625,716.77001953125,716.6500244140625,716.719970703125,28832
2026-09-18 16:54:00+00:00,716.719970703125,716.780029296875,716.6729736328125,716.7208862304688,26424
2026-09-18 16:55:00+00:00,716.75,716.7999877929688,716.6712036132812,716.791015625,11433
2026-09-18 16:56:00+00:00,716.780029296875,716.7999877929688,716.64501953125,716.7100219726562,15382
2026-09-18 16:57:00+00:00,716.7100219726562,716.7750244140625,716.6900024414062,716.760009765625,15150
2026-09-18 16:58:00+00:00,716.75,716.8699951171875,716.6300048828125,716.6699829101562,47885
2026-09-18 16:59:00+00:00,716.6500244140625,716.739990234375,716.5900268554688,716.739990234375,20624
2026-09-18 17:00:00+00:00,716.7449951171875,716.7449951171875,716.5499877929688,716.6500244140625,38572
2026-09-18 17:01:00+00:00,716.6699829101562,716.77001953125,716.6400146484375,716.6900024414062,29321
2026-09-18 17:02:00+00:00,716.7000122070312,716.7899780273438,716.6900024414062,716.719970703125,48845
2026-09-18 17:03:00+00:00,716.72998046875,716.8699951171875,716.719970703125,716.8599853515625,19448
2026-09-18 17:04:00+00:00,716.8699951171875,716.8701171875,716.780029296875,716.8300170898438,18201
2026-09-18 17:05:00+00:00,716.7999877929688,716.97998046875,716.7999877929688,716.9600219726562,50800
2026-09-18 17:06:00+00:00,716.968017578125,717.0499877929688,716.90380859375,716.9299926757812,23755
2026-09-18 17:07:00+00:00,716.9099731445312,717.010009765625,716.9005126953125,717.0009765625,24744
2026-09-18 17:08:00+00:00,717.0,717.0800170898438,716.9500122070312,716.9550170898438,28490
2026-09-18 17:09:00+00:00,716.9500122070312,716.9949951171875,716.8699951171875,716.9099731445312,29108
2026-09-18 17:10:00+00:00,716.9500122070312,716.9609985351562,716.77001953125,716.780029296875,776597
2026-09-18 17:11:00+00:00,716.7650146484375,716.8200073242188,716.72998046875,716.8200073242188,29829
2026-09-18 17:12:00+00:00,716.8099975585938,716.8250122070312,716.6849975585938,716.7750244140625,36090
2026-09-18 17:13:00+00:00,716.7799072265625,717.0050048828125,716.7799072265625,716.989990234375,27057
2026-09-18 17:14:00+00:00,717.0,717.0499877929688,717.0,717.030029296875,26933
2026-09-18 17:15:00+00:00,717.0399780273438,717.219970703125,717.0150146484375,717.2100219726562,44766
2026-09-18 17:16:00+00:00,717.2100219726562,717.2100219726562,717.02001953125,717.0900268554688,36070
2026-09-18 17:17:00+00:00,717.0900268554688,717.219970703125,717.0599975585938,717.219970703125,142101
2026-09-18 17:18:00+00:00,717.2026977539062,717.219970703125,717.0599975585938,717.0800170898438,27169
2026-09-18 17:19:00+00:00,717.0689697265625,717.1599731445312,717.0399780273438,717.0900268554688,23496
2026-09-18 17:20:00+00:00,717.1699829101562,717.1849975585938,717.0449829101562,717.0499877929688,47274
2026-09-18 17:21:00+00:00,717.0599975585938,717.1099853515625,717.0549926757812,717.0750122070312,30157
2026-09-18 17:22:00+00:00,717.0750122070312,717.1599731445312,717.0,717.1599731445312,28631
2026-09-18 17:23:00+00:00,717.1599731445312,717.1799926757812,717.1199951171875,717.1799926757812,62327
2026-09-18 17:24:00+00:00,717.1699829101562,717.2100219726562,717.1500244140625,717.2000122070312,128247
2026-09-18 17:25:00+00:00,717.1900024414062,717.280029296875,717.1799926757812,717.25,40785
2026-09-18 17:26:00+00:00,717.260009765625,717.2899780273438,717.1799926757812,717.2650146484375,33054
2026-09-18 17:27:00+00:00,717.2650146484375,717.2899780273438,717.219970703125,717.260009765625,39267
2026-09-18 17:28:00+00:00,717.25,717.2750244140625,717.1300048828125,717.130126953125,24457
2026-09-18 17:29:00+00:00,717.1300048828125,717.1599731445312,717.0499877929688,717.0700073242188,31587
2026-09-18 17:30:00+00:00,717.0599975585938,717.0650024414062,716.8510131835938,716.9099731445312,64951
2026-09-18 17:31:00+00:00,716.9149780273438,716.9600219726562,716.8800048828125,716.9600219726562,39330
2026-09-18 17:32:00+00:00,716.9299926757812,717.0,716.9257202148438,716.97998046875,22844
2026-09-18 17:33:00+00:00,716.97998046875,716.97998046875,716.85498046875,716.9000244140625,23907
2026-09-18 17:34:00+00:00,716.905029296875,717.0700073242188,716.9002075195312,717.0599975585938,50520
2026-09-18 17:35:00+00:00,717.0499877929688,717.25,717.0499877929688,717.22998046875,37145
2026-09-18 17:36:00+00:00,717.219970703125,717.3800048828125,717.219970703125,717.3150024414062,38906
2026-09-18 17:37:00+00:00,717.3200073242188,717.4000244140625,717.2750244140625,717.2799072265625,30867
2026-09-18 17:38:00+00:00,717.2899780273438,717.3400268554688,717.2401123046875,717.3150024414062,22938
2026-09-18 17:39:00+00:00,717.3200073242188,717.4099731445312,717.3200073242188,717.405029296875,28591
2026-09-18 17:40:00+00:00,717.4061279296875,717.4299926757812,717.3502807617188,717.4299926757812,43163
2026-09-18 17:41:00+00:00,717.4099731445312,717.4500122070312,717.3499755859375,717.4199829101562,26507
2026-09-18 17:42:00+00:00,717.4099731445312,717.4299926757812,717.340087890625,717.3699951171875,26406
2026-09-18 17:43:00+00:00,717.3699951171875,717.4249877929688,717.3699951171875,717.4000244140625,24934
2026-09-18 17:44:00+00:00,717.4000244140625,717.5599975585938,717.4000244140625,717.5499877929688,49613
2026-09-18 17:45:00+00:00,717.5499877929688,717.5700073242188,717.510009765625,717.530029296875,53078
2026-09-18 17:46:00+00:00,717.52880859375,717.5800170898438,717.5,717.5599975585938,34928
2026-09-18 17:47:00+00:00,717.5499877929688,717.6300048828125,717.5499877929688,717.5709838867188,30773
2026-09-18 17:48:00+00:00,717.5700073242188,717.6099853515625,717.4600219726562,717.47998046875,47039
2026-09-18 17:49:00+00:00,717.469970703125,717.510009765625,717.4600219726562,717.5050048828125,34893
2026-09-18 17:50:00+00:00,717.4949951171875,717.530029296875,717.4349975585938,717.52001953125,53580
2026-09-18 17:51:00+00:00,717.52001953125,717.6300048828125,717.52001953125,717.5999755859375,36557
2026-09-18 17:52:00+00:00,717.594970703125,717.6400146484375,717.5750122070312,717.6400146484375,28695
2026-09-18 17:53:00+00:00,717.625,717.6300048828125,717.530029296875,717.5449829101562,27194
2026-09-18 17:54:00+00:00,717.5549926757812,717.60498046875,717.5399780273438,717.5499877929688,21368
2026-09-18 17:55:00+00:00,717.5599975585938,717.6099853515625,717.5050048828125,717.594970703125,37823
2026-09-18 17:56:00+00:00,717.594970703125,717.635009765625,717.5800170898438,717.6300048828125,29806
2026-09-18 17:57:00+00:00,717.625,717.6699829101562,717.5999755859375,717.60009765625,34671
2026-09-18 17:58:00+00:00,717.5900268554688,717.6199951171875,717.5399780273438,717.5999755859375,15313
2026-09-18 17:59:00+00:00,717.594970703125,717.6500244140625,717.5900268554688,717.5900268554688,15862
2026-09-18 18:00:00+00:00,717.5900268554688,717.625,717.4400024414062,717.4401245117188,29155
2026-09-18 18:01:00+00:00,717.4450073242188,717.7000122070312,717.4400024414062,717.5800170898438,37941
2026-09-18 18:02:00+00:00,717.5999755859375,717.619873046875,717.5401000976562,717.5549926757812,24935
2026-09-18 18:03:00+00:00,717.5549926757812,717.5599975585938,717.5150146484375,717.5549926757812,23775
2026-09-18 18:04:00+00:00,717.5800170898438,717.6099853515625,717.530029296875,717.5650024414062,29424
2026-09-18 18:05:00+00:00,717.5549926757812,717.5800170898438,717.5250244140625,717.5701293945312,34261
2026-09-18 18:06:00+00:00,717.5900268554688,717.5900268554688,717.4550170898438,717.4550170898438,25602
2026-09-18 18:07:00+00:00,717.4500122070312,717.489990234375,717.4000244140625,717.489990234375,53657
2026-09-18 18:08:00+00:00,717.5399780273438,717.5499877929688,717.4609985351562,717.4609985351562,22056
2026-09-18 18:09:00+00:00,717.4650268554688,717.469970703125,717.4010009765625,717.4400024414062,22601
2026-09-18 18:10:00+00:00,717.4500122070312,717.47998046875,717.4000244140625,717.469970703125,36854
2026-09-18 18:11:00+00:00,717.4600219726562,717.4600219726562,717.2849731445312,717.375,32120
2026-09-18 18:12:00+00:00,717.3699951171875,717.3699951171875,717.2109985351562,717.3250122070312,339882
2026-09-18 18:13:00+00:00,717.3250122070312,717.3900146484375,717.2750244140625,717.3900146484375,28303
2026-09-18 18:14:00+00:00,717.3599853515625,717.364990234375,717.2899780273438,717.3497924804688,127509
2026-09-18 18:15:00+00:00,717.3400268554688,717.4149780273438,717.3300170898438,717.39501953125,75969
2026-09-18 18:16:00+00:00,717.39501953125,717.5499877929688,717.39501953125,717.5150146484375,27961
2026-09-18 18:17:00+00:00,717.5150146484375,717.530029296875,717.4000244140625,717.4099731445312,228758
2026-09-18 18:18:00+00:00,717.4199829101562,717.52001953125,717.4199829101562,717.4949951171875,55195
2026-09-18 18:19:00+00:00,717.4949951171875,717.5999755859375,717.4802856445312,717.5999755859375,29901
2026-09-18 18:20:00+00:00,717.5925903320312,717.739990234375,717.5925903320312,717.7100219726562,39454
2026-09-18 18:21:00+00:00,717.72998046875,717.8900146484375,717.719970703125,717.8599853515625,66972
2026-09-18 18:22:00+00:00,717.8400268554688,718.1099853515625,717.8101196289062,718.051025390625,85794
2026-09-18 18:23:00+00:00,718.07958984375,718.1599731445312,717.9099731445312,717.9432983398438,249483
2026-09-18 18:24:00+00:00,717.969970703125,717.969970703125,717.8499755859375,717.8800048828125,39196
2026-09-18 18:25:00+00:00,717.8900146484375,717.9299926757812,717.7999877929688,717.8499755859375,26869
2026-09-18 18:26:00+00:00,717.8400268554688,717.9000244140625,717.780029296875,717.780029296875,18753
2026-09-18 18:27:00+00:00,717.7800903320312,718.0,717.7750244140625,717.9000244140625,27138
2026-09-18 18:28:00+00:00,717.8699951171875,717.8809814453125,717.75,717.8300170898438,20457
2026-09-18 18:29:00+00:00,717.8400268554688,717.9705810546875,717.8300170898438,717.9500122070312,32256
2026-09-18 18:30:00+00:00,717.9799194335938,717.989990234375,717.8499755859375,717.9099731445312,20956
2026-09-18 18:31:00+00:00,717.8800048828125,717.9199829101562,717.8599853515625,717.9000244140625,50377
2026-09-18 18:32:00+00:00,717.8900146484375,717.9254150390625,717.8800048828125,717.9000244140625,20758
2026-09-18 18:33:00+00:00,717.9000244140625,717.9500122070312,717.8358764648438,717.9299926757812,18204
2026-09-18 18:34:00+00:00,717.9400024414062,718.0700073242188,717.8900756835938,718.0700073242188,53487
2026-09-18 18:35:00+00:00,718.0687255859375,718.0900268554688,717.97998046875,718.0900268554688,27102
2026-09-18 18:36:00+00:00,718.0700073242188,718.0900268554688,717.9400024414062,717.9600219726562,14544
2026-09-18 18:37:00+00:00,717.97998046875,717.97998046875,717.8599853515625,717.9500122070312,16579
2026-09-18 18:38:00+00:00,717.9417724609375,717.9417724609375,717.8049926757812,717.8400268554688,17962
2026-09-18 18:39:00+00:00,717.8300170898438,717.97998046875,717.8300170898438,717.9650268554688,20902
2026-09-18 18:40:00+00:00,717.9600219726562,717.9600219726562,717.8800048828125,717.9299926757812,35453
2026-09-18 18:41:00+00:00,717.9299926757812,718.0,717.9199829101562,717.9600219726562,52737
2026-09-18 18:42:00+00:00,717.969970703125,718.0499877929688,717.969970703125,718.0150146484375,27964
2026-09-18 18:43:00+00:00,718.0189819335938,718.1599731445312,718.0150146484375,718.1300048828125,26403
2026-09-18 18:44:00+00:00,718.1201171875,718.2109985351562,718.1116943359375,718.2041015625,25279
2026-09-18 18:45:00+00:00,718.2000122070312,718.4500122070312,718.1950073242188,718.4390258789062,79773
2026-09-18 18:46:00+00:00,718.4299926757812,718.9000244140625,718.364990234375,718.7999877929688,221846
2026-09-18 18:47:00+00:00,718.8099975585938,718.989990234375,718.77001953125,718.9099731445312,109933
2026-09-18 18:48:00+00:00,718.9000244140625,719.0,718.8400268554688,718.9299926757812,45663
2026-09-18 18:49:00+00:00,718.9199829101562,718.9400024414062,718.8599853515625,718.9000244140625,104064
2026-09-18 18:50:00+00:00,718.8809814453125,719.010009765625,718.8723754882812,718.9299926757812,271925
2026-09-18 18:51:00+00:00,718.9349975585938,719.0499877929688,718.9299926757812,718.9899291992188,61933
2026-09-18 18:52:00+00:00,718.982177734375,719.1500244140625,718.9730224609375,719.1099853515625,80436
2026-09-18 18:53:00+00:00,719.1199951171875,719.5800170898438,719.0999755859375,719.4500122070312,328380
2026-09-18 18:54:00+00:00,719.4600219726562,719.5999755859375,719.2999877929688,719.2999877929688,156835
2026-09-18 18:55:00+00:00,719.2999877929688,719.3250122070312,719.1199951171875,719.2802734375,60749
2026-09-18 18:56:00+00:00,719.280029296875,719.3200073242188,719.1500244140625,719.1599731445312,51769
2026-09-18 18:57:00+00:00,719.1649780273438,719.3200073242188,719.125,719.27001953125,73681
2026-09-18 18:58:00+00:00,719.280029296875,719.3099975585938,719.1699829101562,719.2100219726562,58259
2026-09-18 18:59:00+00:00,719.2000122070312,719.2249755859375,719.0499877929688,719.1300048828125,48261
2026-09-18 19:00:00+00:00,719.1900024414062,719.344970703125,719.1373901367188,719.280029296875,21181
2026-09-18 19:01:00+00:00,719.27001953125,719.3099975585938,719.1199951171875,719.1849975585938,30696
2026-09-18 19:02:00+00:00,719.2100219726562,719.228515625,719.1699829101562,719.2100219726562,48111
2026-09-18 19:03:00+00:00,719.219970703125,719.3400268554688,719.1505737304688,719.3250122070312,53459
2026-09-18 19:04:00+00:00,719.3378295898438,719.5477294921875,719.3099975585938,719.47998046875,64686
2026-09-18 19:05:00+00:00,719.47998046875,719.5,719.4199829101562,719.489990234375,135139
2026-09-18 19:06:00+00:00,719.5,719.6400146484375,719.3699951171875,719.3900146484375,85024
2026-09-18 19:07:00+00:00,719.3699951171875,719.3699951171875,719.1699829101562,719.1950073242188,467579
2026-09-18 19:08:00+00:00,719.2000122070312,719.3200073242188,719.1199951171875,719.1300048828125,36860
2026-09-18 19:09:00+00:00,719.1300048828125,719.2999877929688,719.1300048828125,719.2993774414062,851614
2026-09-18 19:10:00+00:00,719.2999877929688,719.3300170898438,719.22998046875,719.239990234375,28408
2026-09-18 19:11:00+00:00,719.22998046875,719.3699951171875,719.22998046875,719.3300170898438,41771
2026-09-18 19:12:00+00:00,719.3499755859375,719.4550170898438,719.260009765625,719.4550170898438,39346
2026-09-18 19:13:00+00:00,719.4500122070312,719.4500122070312,719.2000122070312,719.2249755859375,47582
2026-09-18 19:14:00+00:00,719.2100219726562,719.2899780273438,719.119873046875,719.239990234375,109661
2026-09-18 19:15:00+00:00,719.2349853515625,719.27001953125,719.1599731445312,719.2349853515625,163124
2026-09-18 19:16:00+00:00,719.2349853515625,719.2899780273438,719.1900024414062,719.25,64622
2026-09-18 19:17:00+00:00,719.2410278320312,719.3099975585938,719.2000122070312,719.2899780273438,140373
2026-09-18 19:18:00+00:00,719.3001098632812,719.3599853515625,719.280029296875,719.2999877929688,60579
2026-09-18 19:19:00+00:00,719.3099975585938,719.3300170898438,719.2000122070312,719.2999877929688,540409
2026-09-18 19:20:00+00:00,719.2999267578125,719.3200073242188,719.1699829101562,719.2999877929688,43016
2026-09-18 19:21:00+00:00,719.280029296875,719.469970703125,719.280029296875,719.3499755859375,60825
2026-09-18 19:22:00+00:00,719.3690185546875,719.3800048828125,719.3049926757812,719.3400268554688,173268
2026-09-18 19:23:00+00:00,719.3300170898438,719.4099731445312,719.3300170898438,719.3798828125,63689
2026-09-18 19:24:00+00:00,719.375,719.4299926757812,719.280029296875,719.3499755859375,96063
2026-09-18 19:25:00+00:00,719.3499755859375,719.3900146484375,719.2100219726562,719.22998046875,42421
2026-09-18 19:26:00+00:00,719.22998046875,719.27001953125,719.1599731445312,719.2249755859375,72108
2026-09-18 19:27:00+00:00,719.22998046875,719.3099975585938,719.219970703125,719.2849731445312,63259
2026-09-18 19:28:00+00:00,719.2849731445312,719.3099975585938,719.2100219726562,719.2899780273438,44292
2026-09-18 19:29:00+00:00,719.2800903320312,719.2999877929688,719.0750122070312,719.1199951171875,55293
2026-09-18 19:30:00+00:00,719.1199951171875,719.1699829101562,718.9400024414062,719.030029296875,90384
2026-09-18 19:31:00+00:00,719.030029296875,719.0800170898438,718.9400024414062,718.9400024414062,54594
2026-09-18 19:32:00+00:00,718.9500122070312,719.0349731445312,718.9400024414062,718.969970703125,68920
2026-09-18 19:33:00+00:00,718.969970703125,719.0050048828125,718.9299926757812,718.989990234375,74363
2026-09-18 19:34:00+00:00,718.989990234375,719.0,718.9299926757812,718.969970703125,74676
2026-09-18 19:35:00+00:00,718.969970703125,719.0599975585938,718.9349975585938,718.9600219726562,46756
2026-09-18 19:36:00+00:00,718.969970703125,719.1173706054688,718.9600219726562,719.0850219726562,101561
2026-09-18 19:37:00+00:00,719.0900268554688,719.3099975585938,719.0700073242188,719.280029296875,76055
2026-09-18 19:38:00+00:00,719.280029296875,719.3699951171875,719.27001953125,719.3200073242188,90956
2026-09-18 19:39:00+00:00,719.3400268554688,719.3699951171875,719.260009765625,719.280029296875,40519
2026-09-18 19:40:00+00:00,719.3049926757812,719.3499755859375,719.22998046875,719.3300170898438,38925
2026-09-18 19:41:00+00:00,719.30712890625,719.4199829101562,719.280029296875,719.385009765625,190089
2026-09-18 19:42:00+00:00,719.4000244140625,719.4749755859375,719.3400268554688,719.3499755859375,136563
2026-09-18 19:43:00+00:00,719.3734741210938,719.5399780273438,719.3734741210938,719.5,43491
2026-09-18 19:44:00+00:00,719.5050048828125,719.5999755859375,719.4949951171875,719.5900268554688,73890
2026-09-18 19:45:00+00:00,719.5900268554688,719.719970703125,719.5549926757812,719.64501953125,165322
2026-09-18 19:46:00+00:00,719.655029296875,719.719970703125,719.60498046875,719.6900024414062,132769
2026-09-18 19:47:00+00:00,719.6900024414062,719.9400024414062,719.6849975585938,719.8300170898438,84584
2026-09-18 19:48:00+00:00,719.8300170898438,719.9099731445312,719.8200073242188,719.8900146484375,151786
2026-09-18 19:49:00+00:00,719.8800048828125,720.0900268554688,719.8800048828125,720.0599975585938,168156
2026-09-18 19:50:00+00:00,720.0900268554688,720.440185546875,719.969970703125,720.1500244140625,268219
2026-09-18 19:51:00+00:00,720.1691284179688,720.219970703125,719.8699951171875,719.9000244140625,151492
2026-09-18 19:52:00+00:00,719.9293823242188,720.0499877929688,719.844970703125,719.969970703125,189251
2026-09-18 19:53:00+00:00,719.9650268554688,720.0989990234375,719.9400024414062,720.0399780273438,302276
2026-09-18 19:54:00+00:00,720.0549926757812,720.2349853515625,719.9500122070312,720.2349853515625,227584
2026-09-18 19:55:00+00:00,720.2396850585938,721.4299926757812,720.22998046875,720.969970703125,577702
2026-09-18 19:56:00+00:00,720.969970703125,721.0994262695312,720.9349975585938,721.0349731445312,494718
2026-09-18 19:57:00+00:00,721.0349731445312,721.7249755859375,721.030029296875,721.719970703125,543727
2026-09-18 19:58:00+00:00,721.7100219726562,721.7100219726562,721.2000122070312,721.2849731445312,658582
2026-09-18 19:59:00+00:00,721.280029296875,721.4500122070312,721.1099853515625,721.3599853515625,2252861
2026-09-21 13:30:00+00:00,727.9500122070312,728.8400268554688,727.9500122070312,728.6799926757812,1754278
2026-09-21 13:31:00+00:00,728.6799926757812,728.739990234375,728.0800170898438,728.7293090820312,376877
2026-09-21 13:32:00+00:00,728.75,728.8400268554688,728.3099975585938,728.3300170898438,293569
2026-09-21 13:33:00+00:00,728.3200073242188,728.3599853515625,727.8200073242188,728.0,207928
2026-09-21 13:34:00+00:00,728.010009765625,728.655029296875,727.989990234375,728.655029296875,123203
2026-09-21 13:35:00+00:00,728.6599731445312,728.8200073242188,728.3049926757812,728.7899780273438,268352
2026-09-21 13:36:00+00:00,728.7899780273438,728.9412841796875,728.489990234375,728.9412841796875,221201
2026-09-21 13:37:00+00:00,728.9299926757812,729.719970703125,728.85498046875,729.64501953125,337703
2026-09-21 13:38:00+00:00,729.6400146484375,729.6900024414062,729.4400024414062,729.655029296875,273848
2026-09-21 13:39:00+00:00,729.6500244140625,729.9199829101562,729.5499877929688,729.8049926757812,310053
2026-09-21 13:40:00+00:00,729.8099975585938,730.0800170898438,729.7899780273438,730.010009765625,280370
2026-09-21 13:41:00+00:00,730.0,730.135009765625,729.9099731445312,730.010009765625,225103
2026-09-21 13:42:00+00:00,730.0050048828125,730.1900024414062,729.97998046875,730.1799926757812,214132
2026-09-21 13:43:00+00:00,730.1749877929688,730.5050048828125,730.1199951171875,730.3900146484375,180418
2026-09-21 13:44:00+00:00,730.3900146484375,730.7849731445312,730.3599853515625,730.780029296875,277404
2026-09-21 13:45:00+00:00,730.77001953125,731.4199829101562,730.77001953125,731.4099731445312,217347
2026-09-21 13:46:00+00:00,731.4099731445312,731.47998046875,731.25,731.3900146484375,171881
2026-09-21 13:47:00+00:00,731.39501953125,731.4000244140625,731.1799926757812,731.2000122070312,178243
2026-09-21 13:48:00+00:00,731.2100219726562,731.5,731.2050170898438,731.3699951171875,128063
2026-09-21 13:49:00+00:00,731.3699951171875,731.3800048828125,731.1500244140625,731.219970703125,87290
2026-09-21 13:50:00+00:00,731.219970703125,731.260009765625,731.0700073242188,731.1900024414062,83110
2026-09-21 13:51:00+00:00,731.1799926757812,731.5999755859375,731.1799926757812,731.5250244140625,190076
2026-09-21 13:52:00+00:00,731.530029296875,732.080078125,731.52001953125,732.0,254298
2026-09-21 13:53:00+00:00,731.9949951171875,732.1699829101562,731.989990234375,732.1699829101562,106620
2026-09-21 13:54:00+00:00,732.1900024414062,732.3900146484375,732.0900268554688,732.385009765625,131257
2026-09-21 13:55:00+00:00,732.3807983398438,732.3807983398438,732.0900268554688,732.25,132357
2026-09-21 13:56:00+00:00,732.25,732.3499755859375,732.0900268554688,732.11572265625,146114
2026-09-21 13:57:00+00:00,732.1400146484375,732.5750122070312,732.0800170898438,732.5700073242188,105953
2026-09-21 13:58:00+00:00,732.5999755859375,732.6699829101562,732.3300170898438,732.4000244140625,113264
2026-09-21 13:59:00+00:00,732.4000244140625,732.60498046875,732.280029296875,732.5701293945312,93660
2026-09-21 14:00:00+00:00,732.5599975585938,732.77001953125,732.4500122070312,732.6199951171875,309494
2026-09-21 14:01:00+00:00,732.5900268554688,733.0700073242188,732.5700073242188,732.889892578125,228090
2026-09-21 14:02:00+00:00,732.8800048828125,732.8900146484375,732.5494995117188,732.7650146484375,71772
2026-09-21 14:03:00+00:00,732.75,732.75,732.4500122070312,732.489990234375,108324
2026-09-21 14:04:00+00:00,732.510009765625,732.6749877929688,732.489990234375,732.5900268554688,121993
2026-09-21 14:05:00+00:00,732.594970703125,732.6099853515625,732.1400146484375,732.39990234375,109635
2026-09-21 14:06:00+00:00,732.3826904296875,732.3900146484375,732.2100219726562,732.2150268554688,89013
2026-09-21 14:07:00+00:00,732.2100219726562,732.3400268554688,732.0900268554688,732.239990234375,121660
2026-09-21 14:08:00+00:00,732.239990234375,732.5399780273438,732.2100830078125,732.530029296875,112587
2026-09-21 14:09:00+00:00,732.5399780273438,732.5750122070312,732.2949829101562,732.3800048828125,70660
2026-09-21 14:10:00+00:00,732.3499755859375,732.7899780273438,732.3499755859375,732.6500244140625,90983
2026-09-21 14:11:00+00:00,732.6500244140625,732.7996215820312,732.5750122070312,732.7650146484375,68455
2026-09-21 14:12:00+00:00,732.760009765625,732.9400024414062,732.7000122070312,732.9099731445312,93945
2026-09-21 14:13:00+00:00,732.9199829101562,733.1900024414062,732.8800048828125,733.135009765625,113093
2026-09-21 14:14:00+00:00,733.1386108398438,733.1599731445312,732.9304809570312,732.9901123046875,80833
2026-09-21 14:15:00+00:00,733.0499877929688,733.4000244140625,733.0499877929688,733.3994750976562,79701
2026-09-21 14:16:00+00:00,733.385009765625,733.7999877929688,733.3599853515625,733.72998046875,95098
2026-09-21 14:17:00+00:00,733.7498779296875,733.760009765625,733.5700073242188,733.6300048828125,74388
2026-09-21 14:18:00+00:00,733.6500244140625,733.8099975585938,733.6199951171875,733.739990234375,127958
2026-09-21 14:19:00+00:00,733.780029296875,733.780029296875,733.6199951171875,733.760009765625,97031
2026-09-21 14:20:00+00:00,733.75,733.7899780273438,733.510009765625,733.5206909179688,64527
2026-09-21 14:21:00+00:00,733.489990234375,734.2000122070312,733.47998046875,734.1950073242188,118320
2026-09-21 14:22:00+00:00,734.1799926757812,734.4797973632812,734.1500244140625,734.4500122070312,105574
2026-09-21 14:23:00+00:00,734.4400024414062,734.5800170898438,734.3225708007812,734.5800170898438,80022
2026-09-21 14:24:00+00:00,734.5894165039062,734.6599731445312,734.5,734.5700073242188,248234
2026-09-21 14:25:00+00:00,734.5900268554688,734.5900268554688,734.4000244140625,734.5399780273438,194898
2026-09-21 14:26:00+00:00,734.5499877929688,734.7349853515625,734.489990234375,734.6900024414062,74829
2026-09-21 14:27:00+00:00,734.6799926757812,734.8699951171875,734.6500244140625,734.8350219726562,101709
2026-09-21 14:28:00+00:00,734.8300170898438,735.0,734.8300170898438,734.9249877929688,112874
2026-09-21 14:29:00+00:00,734.9299926757812,734.989990234375,734.8499755859375,734.969970703125,69395
2026-09-21 14:30:00+00:00,734.9749755859375,735.1500244140625,734.8099975585938,735.1199951171875,92256
2026-09-21 14:31:00+00:00,735.1099853515625,735.1699829101562,734.8800048828125,735.0501098632812,98962
2026-09-21 14:32:00+00:00,735.02001953125,735.2449951171875,735.010009765625,735.1900024414062,238780
2026-09-21 14:33:00+00:00,735.1699829101562,735.27001953125,735.0850219726562,735.2050170898438,1458082
2026-09-21 14:34:00+00:00,735.2000122070312,735.22998046875,735.030029296875,735.1199951171875,108790
2026-09-21 14:35:00+00:00,735.1099853515625,735.280029296875,735.1099853515625,735.280029296875,65729
2026-09-21 14:36:00+00:00,735.27001953125,735.6690063476562,735.239990234375,735.6599731445312,121668
2026-09-21 14:37:00+00:00,735.6599731445312,735.861083984375,735.635009765625,735.6599731445312,101546
2026-09-21 14:38:00+00:00,735.6400146484375,735.6900024414062,735.2999877929688,735.3370971679688,134504
2026-09-21 14:39:00+00:00,735.3259887695312,735.4000244140625,735.1304931640625,735.22998046875,160956
2026-09-21 14:40:00+00:00,735.2899780273438,735.2899780273438,735.0700073242188,735.1500244140625,90039
2026-09-21 14:41:00+00:00,735.1522216796875,735.5,734.969970703125,735.0499877929688,135879
2026-09-21 14:42:00+00:00,735.0599975585938,735.0599975585938,734.780029296875,734.780029296875,113231
2026-09-21 14:43:00+00:00,734.8101196289062,734.844970703125,734.5599975585938,734.7000122070312,142933
2026-09-21 14:44:00+00:00,734.759521484375,734.9600219726562,734.65478515625,734.9349975585938,108600
2026-09-21 14:45:00+00:00,734.9299926757812,734.9299926757812,734.6199951171875,734.6900024414062,287592
2026-09-21 14:46:00+00:00,734.7000122070312,735.0999755859375,734.7000122070312,734.9500122070312,97952
2026-09-21 14:47:00+00:00,734.97998046875,735.239990234375,734.9149780273438,735.1300048828125,87394
2026-09-21 14:48:00+00:00,735.114990234375,735.25,735.0499877929688,735.2399291992188,53752
2026-09-21 14:49:00+00:00,735.2098999023438,735.22998046875,734.969970703125,734.969970703125,68515
2026-09-21 14:50:00+00:00,734.9600219726562,735.0355834960938,734.6699829101562,734.719970703125,60698
2026-09-21 14:51:00+00:00,734.739990234375,735.0120239257812,734.7100219726562,734.9450073242188,61241
2026-09-21 14:52:00+00:00,734.9439086914062,735.0599975585938,734.8170166015625,734.9400024414062,48449
2026-09-21 14:53:00+00:00,734.9299926757812,735.0,734.6599731445312,734.6699829101562,52373
2026-09-21 14:54:00+00:00,734.6599731445312,735.1900024414062,734.6500244140625,735.1668701171875,57514
2026-09-21 14:55:00+00:00,735.1500244140625,735.1900024414062,735.0650024414062,735.0900268554688,41242
2026-09-21 14:56:00+00:00,735.1199951171875,735.5300903320312,734.9949951171875,735.530029296875,75958
2026-09-21 14:57:00+00:00,735.5471801757812,735.6099853515625,735.4400024414062,735.52001953125,52107
2026-09-21 14:58:00+00:00,735.489990234375,735.8699951171875,735.4500122070312,735.739990234375,83582
2026-09-21 14:59:00+00:00,735.72998046875,735.72998046875,735.5549926757812,735.719970703125,63514
2026-09-21 15:00:00+00:00,735.72998046875,735.9550170898438,735.6900024414062,735.8599853515625,136656
2026-09-21 15:01:00+00:00,735.844970703125,735.9299926757812,735.77001953125,735.864990234375,74011
2026-09-21 15:02:00+00:00,735.864990234375,735.9400024414062,735.780029296875,735.9013061523438,108839
2026-09-21 15:03:00+00:00,735.8900146484375,736.135009765625,735.8742065429688,736.135009765625,126456
2026-09-21 15:04:00+00:00,736.1400146484375,736.3499755859375,736.1099853515625,736.3300170898438,143021
2026-09-21 15:05:00+00:00,736.3298950195312,736.3499755859375,736.1500244140625,736.1600952148438,52421
2026-09-21 15:06:00+00:00,736.1799926757812,736.1799926757812,736.0399780273438,736.0599975585938,42087
2026-09-21 15:07:00+00:00,736.0800170898438,736.2550048828125,736.0800170898438,736.1900024414062,33714
2026-09-21 15:08:00+00:00,736.219970703125,736.260009765625,736.1099853515625,736.22998046875,44939
2026-09-21 15:09:00+00:00,736.22998046875,736.3800048828125,736.2050170898438,736.3200073242188,121868
2026-09-21 15:10:00+00:00,736.3375244140625,736.3400268554688,736.1699829101562,736.1799926757812,45610
2026-09-21 15:11:00+00:00,736.1799926757812,736.2249755859375,736.114990234375,736.1900024414062,30049
2026-09-21 15:12:00+00:00,736.1900024414062,736.4199829101562,736.1500244140625,736.4000244140625,57532
2026-09-21 15:13:00+00:00,736.4099731445312,736.4299926757812,736.22900390625,736.260009765625,40269
2026-09-21 15:14:00+00:00,736.2650146484375,736.3200073242188,736.1799926757812,736.3200073242188,28906
2026-09-21 15:15:00+00:00,736.3300170898438,736.469970703125,736.3300170898438,736.4199829101562,43505
2026-09-21 15:16:00+00:00,736.4099731445312,736.4500122070312,736.27001953125,736.3300170898438,63752
2026-09-21 15:17:00+00:00,736.3200073242188,736.3699951171875,736.2053833007812,736.3699951171875,36807
2026-09-21 15:18:00+00:00,736.3900146484375,736.47998046875,736.3599853515625,736.4398803710938,45095
2026-09-21 15:19:00+00:00,736.4000244140625,736.5700073242188,736.3800048828125,736.5360107421875,58195
2026-09-21 15:20:00+00:00,736.5399780273438,736.5499877929688,736.3250122070312,736.3250122070312,36304
2026-09-21 15:21:00+00:00,736.3699951171875,736.469970703125,736.3499755859375,736.4199829101562,111260
2026-09-21 15:22:00+00:00,736.4099731445312,736.4149780273438,736.219970703125,736.2899780273438,31778
2026-09-21 15:23:00+00:00,736.3300170898438,736.3400268554688,736.2000122070312,736.2899780273438,28913
2026-09-21 15:24:00+00:00,736.280029296875,736.3331298828125,736.239990234375,736.2849731445312,56214
2026-09-21 15:25:00+00:00,736.280029296875,736.4400024414062,736.2100219726562,736.3526000976562,39062
2026-09-21 15:26:00+00:00,736.3499755859375,736.4500122070312,736.3099975585938,736.3800048828125,55709
2026-09-21 15:27:00+00:00,736.3900146484375,736.5999755859375,736.3800048828125,736.47998046875,49352
2026-09-21 15:28:00+00:00,736.47998046875,736.5900268554688,736.4000244140625,736.4000244140625,72887
2026-09-21 15:29:00+00:00,736.4000244140625,736.5900268554688,736.3900146484375,736.5700073242188,52202
2026-09-21 15:30:00+00:00,736.5850219726562,736.7949829101562,736.5599975585938,736.780029296875,62547
2026-09-21 15:31:00+00:00,736.7700805664062,736.7899780273438,736.655029296875,736.7598876953125,50526
2026-09-21 15:32:00+00:00,736.75,736.760009765625,736.6599731445312,736.6900024414062,41617
2026-09-21 15:33:00+00:00,736.6801147460938,736.7305297851562,736.6201171875,736.6699829101562,27854
2026-09-21 15:34:00+00:00,736.6500244140625,736.7100219726562,736.4299926757812,736.510009765625,47671
2026-09-21 15:35:00+00:00,736.530029296875,736.5900268554688,736.4500122070312,736.4801025390625,41288
2026-09-21 15:36:00+00:00,736.5050048828125,736.8400268554688,736.47998046875,736.7249755859375,43958
2026-09-21 15:37:00+00:00,736.7349853515625,736.8400268554688,736.7100219726562,736.8400268554688,36497
2026-09-21 15:38:00+00:00,736.8300170898438,736.9000244140625,736.7802734375,736.8699951171875,33054
2026-09-21 15:39:00+00:00,736.87548828125,737.2000122070312,736.8699951171875,737.1099853515625,251097
2026-09-21 15:40:00+00:00,737.1199951171875,737.1699829101562,736.969970703125,737.0,68859
2026-09-21 15:41:00+00:00,737.0,737.0999755859375,736.9105834960938,737.0999755859375,32937
2026-09-21 15:42:00+00:00,737.0900268554688,737.1024169921875,736.9650268554688,737.0700073242188,35100
2026-09-21 15:43:00+00:00,737.0750122070312,737.2000122070312,737.0700073242188,737.1610107421875,62801
2026-09-21 15:44:00+00:00,737.1500244140625,737.2698974609375,737.1300048828125,737.22998046875,58102
2026-09-21 15:45:00+00:00,737.2899780273438,737.4949951171875,737.2899780273438,737.4100952148438,78704
2026-09-21 15:46:00+00:00,737.4199829101562,737.530029296875,737.4199829101562,737.4949951171875,52712
2026-09-21 15:47:00+00:00,737.4949951171875,737.6900024414062,737.4600219726562,737.6799926757812,78994
2026-09-21 15:48:00+00:00,737.6500244140625,737.6500244140625,737.5499877929688,737.590087890625,44456
2026-09-21 15:49:00+00:00,737.5599975585938,737.5980834960938,737.4749755859375,737.5,84917
2026-09-21 15:50:00+00:00,737.5,737.8599853515625,737.27001953125,737.4199829101562,156996
2026-09-21 15:51:00+00:00,737.4349975585938,737.4550170898438,737.280029296875,737.2999877929688,85077
2026-09-21 15:52:00+00:00,737.2949829101562,737.469970703125,737.2899780273438,737.3800048828125,56932
2026-09-21 15:53:00+00:00,737.3900146484375,737.469970703125,737.3699951171875,737.4199829101562,49708
2026-09-21 15:54:00+00:00,737.4249877929688,737.4475708007812,737.2100219726562,737.22998046875,265505
2026-09-21 15:55:00+00:00,737.2249755859375,737.2949829101562,737.1599731445312,737.27001953125,101116
2026-09-21 15:56:00+00:00,737.2849731445312,737.3300170898438,737.1900024414062,737.2050170898438,56888
2026-09-21 15:57:00+00:00,737.2000122070312,737.2150268554688,736.9400024414062,737.0499877929688,68400
2026-09-21 15:58:00+00:00,737.030029296875,737.1099853515625,736.9400024414062,737.0900268554688,57533
2026-09-21 15:59:00+00:00,737.1199951171875,737.1599731445312,736.9600219726562,737.1400756835938,36491
2026-09-21 16:00:00+00:00,737.14599609375,737.14599609375,736.9401245117188,737.0599975585938,35074
2026-09-21 16:01:00+00:00,737.0599975585938,737.0999755859375,737.010009765625,737.094970703125,47073
2026-09-21 16:02:00+00:00,737.0900268554688,737.4400024414062,737.0900268554688,737.4099731445312,39805
2026-09-21 16:03:00+00:00,737.4011840820312,737.5250244140625,737.4011840820312,737.52001953125,116490
2026-09-21 16:04:00+00:00,737.510009765625,737.6599731445312,737.5050048828125,737.614990234375,78072
2026-09-21 16:05:00+00:00,737.614990234375,737.7000122070312,737.5399780273438,737.5700073242188,47126
2026-09-21 16:06:00+00:00,737.5750122070312,737.6400146484375,737.47998046875,737.47998046875,88172
2026-09-21 16:07:00+00:00,737.47998046875,738.0399780273438,737.3699951171875,737.8049926757812,192409
2026-09-21 16:08:00+00:00,737.7899780273438,737.8900146484375,737.7550048828125,737.8599853515625,115751
2026-09-21 16:09:00+00:00,737.8800048828125,738.1799926757812,737.8599853515625,738.1500244140625,66832
2026-09-21 16:10:00+00:00,738.1599731445312,738.2800903320312,738.0800170898438,738.280029296875,42143
2026-09-21 16:11:00+00:00,738.280029296875,738.3599853515625,738.2349853515625,738.27001953125,36489
2026-09-21 16:12:00+00:00,738.239990234375,738.25,738.0349731445312,738.1591796875,49608
2026-09-21 16:13:00+00:00,738.1400146484375,738.3400268554688,738.1099853515625,738.1099853515625,84223
2026-09-21 16:14:00+00:00,738.0800170898438,738.1749877929688,738.030029296875,738.1599731445312,30998
2026-09-21 16:15:00+00:00,738.22998046875,738.34228515625,738.22998046875,738.3099975585938,38360
2026-09-21 16:16:00+00:00,738.2899780273438,738.3900146484375,738.25,738.3099975585938,201584
2026-09-21 16:17:00+00:00,738.3099975585938,738.39501953125,738.1400146484375,738.1599731445312,111307
2026-09-21 16:18:00+00:00,738.1500244140625,738.239990234375,738.0399780273438,738.1300048828125,114187
2026-09-21 16:19:00+00:00,738.1199951171875,738.2899780273438,738.1099853515625,738.2650146484375,40110
2026-09-21 16:20:00+00:00,738.25,738.489990234375,738.2349853515625,738.260009765625,68620
2026-09-21 16:21:00+00:00,738.27001953125,738.4000244140625,738.1500244140625,738.4000244140625,45792
2026-09-21 16:22:00+00:00,738.3900146484375,738.5700073242188,738.3800048828125,738.52001953125,45125
2026-09-21 16:23:00+00:00,738.5150146484375,738.5800170898438,738.4500122070312,738.5499877929688,53228
2026-09-21 16:24:00+00:00,738.5800170898438,738.6400146484375,738.489990234375,738.6088256835938,62796
2026-09-21 16:25:00+00:00,738.573974609375,738.6500244140625,738.5599975585938,738.6300048828125,56817
2026-09-21 16:26:00+00:00,738.6500244140625,738.760009765625,738.5349731445312,738.7000732421875,73189
2026-09-21 16:27:00+00:00,738.7183227539062,738.9600219726562,738.7150268554688,738.9465942382812,57196
2026-09-21 16:28:00+00:00,738.9600219726562,739.0,738.8900146484375,738.9349975585938,155089
2026-09-21 16:29:00+00:00,738.9500122070312,738.9500122070312,738.739990234375,738.7750244140625,39630
2026-09-21 16:30:00+00:00,738.7659912109375,738.9500122070312,738.7449951171875,738.9299926757812,48562
2026-09-21 16:31:00+00:00,738.9400024414062,739.1199951171875,738.9099731445312,739.0900268554688,64336
2026-09-21 16:32:00+00:00,739.094970703125,739.2899780273438,739.0499877929688,739.2349853515625,63986
2026-09-21 16:33:00+00:00,739.239990234375,739.3900146484375,739.2100219726562,739.2849731445312,81401
2026-09-21 16:34:00+00:00,739.27001953125,739.2999877929688,739.1300048828125,739.239990234375,59813
2026-09-21 16:35:00+00:00,739.239990234375,739.2999877929688,739.1699829101562,739.1950073242188,76986
2026-09-21 16:36:00+00:00,739.1950073242188,739.260009765625,739.0900268554688,739.1500244140625,406406
2026-09-21 16:37:00+00:00,739.1300048828125,739.1798706054688,738.8800048828125,738.9000244140625,81047
2026-09-21 16:38:00+00:00,738.9094848632812,738.9094848632812,738.6900024414062,738.75,72088
2026-09-21 16:39:00+00:00,738.739990234375,738.75,738.47998046875,738.5250244140625,74799
2026-09-21 16:40:00+00:00,738.5349731445312,738.780029296875,738.510009765625,738.780029296875,63539
2026-09-21 16:41:00+00:00,738.780029296875,738.833984375,738.5800170898438,738.77001953125,56557
2026-09-21 16:42:00+00:00,738.7550048828125,738.9000244140625,738.75,738.8099975585938,29576
2026-09-21 16:43:00+00:00,738.8150024414062,738.9299926757812,738.7916259765625,738.7999877929688,32400
2026-09-21 16:44:00+00:00,738.7999877929688,738.8200073242188,738.5900268554688,738.5999755859375,50694
2026-09-21 16:45:00+00:00,738.6199951171875,738.8300170898438,738.60400390625,738.7199096679688,34916
2026-09-21 16:46:00+00:00,738.72998046875,738.8499755859375,738.6599731445312,738.7899780273438,111829
2026-09-21 16:47:00+00:00,738.77001953125,738.8099975585938,738.6799926757812,738.7999877929688,36070
2026-09-21 16:48:00+00:00,738.7899780273438,738.8499755859375,738.6400146484375,738.7863159179688,40966
2026-09-21 16:49:00+00:00,738.780029296875,738.7999877929688,738.7100219726562,738.7899780273438,25001
2026-09-21 16:50:00+00:00,738.8200073242188,738.8895263671875,738.77001953125,738.8099975585938,19333
2026-09-21 16:51:00+00:00,738.7899780273438,738.7899780273438,738.6300048828125,738.6900024414062,42575
2026-09-21 16:52:00+00:00,738.6400146484375,738.7000122070312,738.5,738.6300048828125,34772
2026-09-21 16:53:00+00:00,738.6199951171875,738.6300048828125,738.5399780273438,738.5399780273438,74941
2026-09-21 16:54:00+00:00,738.5800170898438,738.719970703125,738.5700073242188,738.6900024414062,30455
2026-09-21 16:55:00+00:00,738.7000122070312,738.8198852539062,738.6801147460938,738.7949829101562,26015
2026-09-21 16:56:00+00:00,738.7899780273438,738.8092041015625,738.5999755859375,738.6079711914062,31178
2026-09-21 16:57:00+00:00,738.6380004882812,738.7899780273438,738.635009765625,738.7899780273438,15522
2026-09-21 16:58:00+00:00,738.77001953125,738.7899780273438,738.6900024414062,738.739990234375,26813
2026-09-21 16:59:00+00:00,738.739990234375,738.8499755859375,738.7100219726562,738.8350219726562,0
2026-09-21 17:00:00+00:00,738.8400268554688,738.9299926757812,738.8200073242188,738.9296264648438,40419
2026-09-21 17:01:00+00:00,738.9000854492188,739.010009765625,738.8800048828125,738.9099731445312,207350
2026-09-21 17:02:00+00:00,738.94287109375,738.9500122070312,738.8400268554688,738.860107421875,45736
2026-09-21 17:03:00+00:00,738.8599853515625,738.969970703125,738.8499755859375,738.9249877929688,44338
2026-09-21 17:04:00+00:00,738.9199829101562,739.0,738.8300170898438,738.9550170898438,52472
2026-09-21 17:05:00+00:00,738.969970703125,739.1500244140625,738.969970703125,739.1199951171875,33090
2026-09-21 17:06:00+00:00,739.1099853515625,739.1500244140625,739.030029296875,739.0399780273438,24824
2026-09-21 17:07:00+00:00,739.0599975585938,739.0599975585938,738.8900146484375,738.8900146484375,72247
2026-09-21 17:08:00+00:00,738.875,738.8800048828125,738.719970703125,738.7880249023438,38562
2026-09-21 17:09:00+00:00,738.7899780273438,738.8400268554688,738.75,738.8355712890625,30869
2026-09-21 17:10:00+00:00,738.8400268554688,738.85498046875,738.72998046875,738.780029296875,32197
2026-09-21 17:11:00+00:00,738.77001953125,738.8499755859375,738.739990234375,738.839111328125,29807
2026-09-21 17:12:00+00:00,738.8400268554688,739.0,738.8250122070312,738.989990234375,52038
2026-09-21 17:13:00+00:00,739.0,739.0599975585938,738.97998046875,739.0,20031
2026-09-21 17:14:00+00:00,739.0,739.1300048828125,738.9650268554688,739.0300903320312,32383
2026-09-21 17:15:00+00:00,739.0349731445312,739.0999755859375,738.969970703125,738.9949951171875,30002
2026-09-21 17:16:00+00:00,739.010009765625,739.02001953125,738.9000244140625,738.9299926757812,31195
2026-09-21 17:17:00+00:00,738.9000244140625,738.9290161132812,738.8200073242188,738.8599853515625,46621
2026-09-21 17:18:00+00:00,738.8599853515625,739.02001953125,738.8499755859375,738.989990234375,57776
2026-09-21 17:19:00+00:00,739.010009765625,739.0599975585938,738.969970703125,739.010009765625,16806
2026-09-21 17:20:00+00:00,739.02001953125,739.0999755859375,739.0050048828125,739.0750122070312,36762
2026-09-21 17:21:00+00:00,739.07080078125,739.0900268554688,738.989990234375,739.02001953125,26969
2026-09-21 17:22:00+00:00,739.0001220703125,739.0299072265625,738.7905883789062,738.8181762695312,24614
2026-09-21 17:23:00+00:00,738.8300170898438,738.8699951171875,738.60498046875,738.6199951171875,47264
2026-09-21 17:24:00+00:00,738.6431884765625,738.6500244140625,738.510009765625,738.5399780273438,45496
2026-09-21 17:25:00+00:00,738.5900268554688,738.6599731445312,738.5399780273438,738.5999755859375,35485
2026-09-21 17:26:00+00:00,738.5999755859375,738.6900024414062,738.530029296875,738.530029296875,30836
2026-09-21 17:27:00+00:00,738.5250244140625,738.7100219726562,738.4299926757812,738.7000122070312,27087
2026-09-21 17:28:00+00:00,738.698974609375,738.8400268554688,738.6099853515625,738.8400268554688,32068
2026-09-21 17:29:00+00:00,738.8441162109375,739.0250244140625,738.8300170898438,738.969970703125,97730
2026-09-21 17:30:00+00:00,738.97998046875,739.0974731445312,738.9199829101562,739.0974731445312,44326
2026-09-21 17:31:00+00:00,739.0900268554688,739.1699829101562,738.760009765625,738.9000244140625,66075
2026-09-21 17:32:00+00:00,738.9000244140625,738.9000244140625,738.75,738.8300170898438,32602
2026-09-21 17:33:00+00:00,738.8599853515625,738.8900146484375,738.719970703125,738.75,34617
2026-09-21 17:34:00+00:00,738.77001953125,738.77001953125,738.6400146484375,738.6773071289062,23489
2026-09-21 17:35:00+00:00,738.7000122070312,738.7999877929688,738.5994873046875,738.7349853515625,34450
2026-09-21 17:36:00+00:00,738.77001953125,738.8300170898438,738.739990234375,738.7899780273438,31236
2026-09-21 17:37:00+00:00,738.7899780273438,738.9000244140625,738.6400146484375,738.7000122070312,72161
2026-09-21 17:38:00+00:00,738.7100219726562,738.8499755859375,738.7100219726562,738.8200073242188,12836
2026-09-21 17:39:00+00:00,738.8150024414062,738.89501953125,738.77001953125,738.8300170898438,24982
2026-09-21 17:40:00+00:00,738.8400268554688,738.919921875,738.77001953125,738.8699951171875,19437
2026-09-21 17:41:00+00:00,738.8800048828125,739.02001953125,738.8800048828125,738.9500122070312,91162
2026-09-21 17:42:00+00:00,738.9550170898438,739.25,738.9550170898438,739.22998046875,48811
2026-09-21 17:43:00+00:00,739.2100219726562,739.3300170898438,739.1500244140625,739.3001098632812,433742
2026-09-21 17:44:00+00:00,739.3300170898438,739.6699829101562,739.3300170898438,739.6099853515625,124444
2026-09-21 17:45:00+00:00,739.6300048828125,739.8099975585938,739.6099853515625,739.77001953125,51546
2026-09-21 17:46:00+00:00,739.7650146484375,739.8599243164062,739.739990234375,739.7501220703125,52780
2026-09-21 17:47:00+00:00,739.75,739.7700805664062,739.52197265625,739.5399780273438,48392
2026-09-21 17:48:00+00:00,739.530517578125,739.5900268554688,739.5,739.5,56215
2026-09-21 17:49:00+00:00,739.489990234375,739.6900024414062,739.4600219726562,739.5689697265625,49079
2026-09-21 17:50:00+00:00,739.5700073242188,739.6500244140625,739.5449829101562,739.5599975585938,15232
2026-09-21 17:51:00+00:00,739.5599975585938,739.6500244140625,739.5599975585938,739.6300048828125,13593
2026-09-21 17:52:00+00:00,739.6400146484375,739.719970703125,739.6300048828125,739.7000732421875,785561
2026-09-21 17:53:00+00:00,739.705078125,739.7514038085938,739.6599731445312,739.719970703125,28015
2026-09-21 17:54:00+00:00,739.739990234375,739.7899780273438,739.714111328125,739.72998046875,89377
2026-09-21 17:55:00+00:00,739.72998046875,739.72998046875,739.5800170898438,739.6400146484375,30313
2026-09-21 17:56:00+00:00,739.6500244140625,739.7100219726562,739.5349731445312,739.5399780273438,21479
2026-09-21 17:57:00+00:00,739.5300903320312,739.5999755859375,739.5050048828125,739.5599975585938,35455
2026-09-21 17:58:00+00:00,739.5700073242188,739.7000122070312,739.5499877929688,739.635009765625,141369
2026-09-21 17:59:00+00:00,739.625,739.625,739.5300903320312,739.5607299804688,174475
2026-09-21 18:00:00+00:00,739.5900268554688,739.6500244140625,739.5650024414062,739.6099853515625,93655
2026-09-21 18:01:00+00:00,739.6099853515625,739.7000122070312,739.6099853515625,739.663330078125,30203
2026-09-21 18:02:00+00:00,739.6799926757812,739.7999877929688,739.6799926757812,739.7999877929688,38543
2026-09-21 18:03:00+00:00,739.780029296875,739.8400268554688,739.6900024414062,739.72998046875,35271
2026-09-21 18:04:00+00:00,739.7750244140625,739.8499755859375,739.7000122070312,739.8399047851562,40895
2026-09-21 18:05:00+00:00,739.8800048828125,739.9500122070312,739.8499755859375,739.9249877929688,35256
2026-09-21 18:06:00+00:00,739.9199829101562,739.9500122070312,739.8599853515625,739.9500122070312,126784
2026-09-21 18:07:00+00:00,739.9400024414062,739.97998046875,739.9099731445312,739.9600219726562,33908
2026-09-21 18:08:00+00:00,739.9598999023438,740.0,739.844970703125,739.9400024414062,68398
2026-09-21 18:09:00+00:00,739.9199829101562,739.9349975585938,739.77001953125,739.844970703125,107828
2026-09-21 18:10:00+00:00,739.8499755859375,739.9500122070312,739.8400268554688,739.8499755859375,65744
2026-09-21 18:11:00+00:00,739.8599853515625,739.9415893554688,739.7600708007812,739.9349975585938,25998
2026-09-21 18:12:00+00:00,739.9400024414062,739.9400024414062,739.85498046875,739.8599853515625,36296
2026-09-21 18:13:00+00:00,739.8699951171875,739.97998046875,739.8699951171875,739.9650268554688,50443
2026-09-21 18:14:00+00:00,739.9600219726562,740.1300048828125,739.9600219726562,740.0,78792
2026-09-21 18:15:00+00:00,740.0,740.1799926757812,739.9887084960938,740.177490234375,78072
2026-09-21 18:16:00+00:00,740.1699829101562,740.2064819335938,740.0552978515625,740.0800170898438,67944
2026-09-21 18:17:00+00:00,740.0599975585938,740.1599731445312,740.0399780273438,740.1300048828125,29469
2026-09-21 18:18:00+00:00,740.1300048828125,740.3200073242188,740.1300048828125,740.25,62394
2026-09-21 18:19:00+00:00,740.239990234375,740.2572021484375,740.10498046875,740.2000122070312,37435
2026-09-21 18:20:00+00:00,740.1900024414062,740.27001953125,740.1900024414062,740.27001953125,35211
2026-09-21 18:21:00+00:00,740.260009765625,740.375,740.2000122070312,740.3099975585938,35700
2026-09-21 18:22:00+00:00,740.3300170898438,740.5999755859375,740.3200073242188,740.580078125,50663
2026-09-21 18:23:00+00:00,740.5999755859375,740.6199951171875,740.5296020507812,740.6002807617188,40780
2026-09-21 18:24:00+00:00,740.5900268554688,740.6099853515625,740.5499877929688,740.5900268554688,24514
2026-09-21 18:25:00+00:00,740.5900268554688,740.6199951171875,740.489990234375,740.5900268554688,35592
2026-09-21 18:26:00+00:00,740.5850219726562,740.5850219726562,740.4299926757812,740.469970703125,142754
2026-09-21 18:27:00+00:00,740.4896850585938,740.5800170898438,740.47998046875,740.5499877929688,28471
2026-09-21 18:28:00+00:00,740.5662841796875,740.6900024414062,740.5401000976562,740.614990234375,54422
2026-09-21 18:29:00+00:00,740.5999755859375,740.6400146484375,740.52001953125,740.5549926757812,131870
2026-09-21 18:30:00+00:00,740.5599975585938,740.5800170898438,740.47998046875,740.52001953125,64782
2026-09-21 18:31:00+00:00,740.52001953125,740.5900268554688,740.3300170898438,740.3400268554688,85127
2026-09-21 18:32:00+00:00,740.3400268554688,740.375,740.1599731445312,740.219970703125,371490
2026-09-21 18:33:00+00:00,740.219970703125,740.3699951171875,740.1799926757812,740.2899780273438,42631
2026-09-21 18:34:00+00:00,740.2999877929688,740.3049926757812,740.1900024414062,740.2899780273438,38386
2026-09-21 18:35:00+00:00,740.3099975585938,740.4099731445312,740.2036743164062,740.2999877929688,28665
2026-09-21 18:36:00+00:00,740.2999877929688,740.4600219726562,740.25,740.4398803710938,33666
2026-09-21 18:37:00+00:00,740.46240234375,740.5499877929688,740.4400024414062,740.5449829101562,29657
2026-09-21 18:38:00+00:00,740.5499877929688,740.6900024414062,740.5499877929688,740.625,56099
2026-09-21 18:39:00+00:00,740.6400146484375,740.780029296875,740.6400146484375,740.780029296875,40371
2026-09-21 18:40:00+00:00,740.780029296875,740.8099975585938,740.6500244140625,740.7100219726562,41983
2026-09-21 18:41:00+00:00,740.7100219726562,740.7899780273438,740.6599731445312,740.7650146484375,21130
2026-09-21 18:42:00+00:00,740.77001953125,740.889892578125,740.7698974609375,740.7999877929688,32520
2026-09-21 18:43:00+00:00,740.7899780273438,740.8599853515625,740.739990234375,740.844970703125,26788
2026-09-21 18:44:00+00:00,740.8400268554688,740.8599853515625,740.7999877929688,740.8286743164062,34338
2026-09-21 18:45:00+00:00,740.8699951171875,741.02001953125,740.8499755859375,740.8499755859375,161622
2026-09-21 18:46:00+00:00,740.8380126953125,740.8499755859375,740.75,740.8049926757812,44967
2026-09-21 18:47:00+00:00,740.8049926757812,740.989990234375,740.8049926757812,740.9600219726562,241669
2026-09-21 18:48:00+00:00,740.9600219726562,741.0399780273438,740.9299926757812,741.010009765625,27452
2026-09-21 18:49:00+00:00,741.030029296875,741.0399780273438,740.9299926757812,740.989990234375,29573
2026-09-21 18:50:00+00:00,741.0,741.2899780273438,741.0,741.1799926757812,82694
2026-09-21 18:51:00+00:00,741.1950073242188,741.2999877929688,741.1950073242188,741.2899780273438,46446
2026-09-21 18:52:00+00:00,741.2899780273438,741.2999877929688,741.2000122070312,741.2000122070312,75460
2026-09-21 18:53:00+00:00,741.1901245117188,741.52001953125,741.1900024414062,741.5172119140625,70773
2026-09-21 18:54:00+00:00,741.510009765625,741.5800170898438,741.451171875,741.4600219726562,530591
2026-09-21 18:55:00+00:00,741.469970703125,741.52001953125,741.3703002929688,741.426025390625,47736
2026-09-21 18:56:00+00:00,741.4149780273438,741.4588012695312,741.3300170898438,741.4299926757812,27061
2026-09-21 18:57:00+00:00,741.4199829101562,741.469970703125,741.3300170898438,741.3599853515625,43078
2026-09-21 18:58:00+00:00,741.3619995117188,741.4039916992188,741.2100219726562,741.22998046875,73922
2026-09-21 18:59:00+00:00,741.22998046875,741.3900146484375,741.1801147460938,741.3400268554688,53441
2026-09-21 19:00:00+00:00,741.3599853515625,741.5700073242188,741.3099975585938,741.33251953125,94144
2026-09-21 19:01:00+00:00,741.3200073242188,741.4000244140625,741.2899780273438,741.3900146484375,20588
2026-09-21 19:02:00+00:00,741.3900146484375,741.4799194335938,741.3099975585938,741.3800048828125,347317
2026-09-21 19:03:00+00:00,741.3275756835938,741.340087890625,741.260009765625,741.27001953125,74829
2026-09-21 19:04:00+00:00,741.280029296875,741.3300170898438,741.1500244140625,741.1500244140625,83765
2026-09-21 19:05:00+00:00,741.1199951171875,741.1600952148438,741.02001953125,741.02001953125,68613
2026-09-21 19:06:00+00:00,741.0150146484375,741.2750244140625,741.0,741.2750244140625,72251
2026-09-21 19:07:00+00:00,741.2899780273438,741.3331909179688,741.22998046875,741.3200073242188,25787
2026-09-21 19:08:00+00:00,741.3200073242188,741.4099731445312,741.3101196289062,741.3300170898438,179345
2026-09-21 19:09:00+00:00,741.3350219726562,741.4400024414062,741.3300170898438,741.3900756835938,34512
2026-09-21 19:10:00+00:00,741.4000244140625,741.4000244140625,741.1599731445312,741.22998046875,70244
2026-09-21 19:11:00+00:00,741.2349853515625,741.4299926757812,741.219970703125,741.4000244140625,36677
2026-09-21 19:12:00+00:00,741.4298706054688,741.5499877929688,741.4000244140625,741.530029296875,50310
2026-09-21 19:13:00+00:00,741.5399169921875,741.6099853515625,741.5050048828125,741.5900268554688,64700
2026-09-21 19:14:00+00:00,741.5999755859375,741.7100219726562,741.530029296875,741.7100219726562,53712
2026-09-21 19:15:00+00:00,741.7000122070312,741.7100219726562,741.5499877929688,741.6799926757812,74229
2026-09-21 19:16:00+00:00,741.6699829101562,741.7498779296875,741.6199951171875,741.7498779296875,35464
2026-09-21 19:17:00+00:00,741.7449951171875,741.7999877929688,741.7200927734375,741.77001953125,53372
2026-09-21 19:18:00+00:00,741.760009765625,741.8200073242188,741.7249755859375,741.7249755859375,43020
2026-09-21 19:19:00+00:00,741.72998046875,741.8400268554688,741.7100219726562,741.7999267578125,37403
2026-09-21 19:20:00+00:00,741.8099975585938,741.8200073242188,741.7000122070312,741.72998046875,75637
2026-09-21 19:21:00+00:00,741.719970703125,741.7977294921875,741.5750122070312,741.780029296875,757571
2026-09-21 19:22:00+00:00,741.7899780273438,741.8713989257812,741.7692260742188,741.8599853515625,63230
2026-09-21 19:23:00+00:00,741.8599853515625,741.97998046875,741.7899780273438,741.8098754882812,49237
2026-09-21 19:24:00+00:00,741.7899780273438,741.8049926757812,741.719970703125,741.739990234375,146026
2026-09-21 19:25:00+00:00,741.739990234375,741.8049926757812,741.6300048828125,741.655029296875,43589
2026-09-21 19:26:00+00:00,741.6599731445312,741.7999877929688,741.6300048828125,741.7999877929688,76613
2026-09-21 19:27:00+00:00,741.7999267578125,741.8699951171875,741.7999267578125,741.8300170898438,39640
2026-09-21 19:28:00+00:00,741.8200073242188,741.969970703125,741.780029296875,741.8300170898438,66843
2026-09-21 19:29:00+00:00,741.8699951171875,741.8892822265625,741.739990234375,741.75,43155
2026-09-21 19:30:00+00:00,741.760009765625,741.9199829101562,741.7000122070312,741.9099731445312,119697
2026-09-21 19:31:00+00:00,741.9099731445312,742.0,741.8142700195312,741.97998046875,62361
2026-09-21 19:32:00+00:00,741.9749755859375,742.239990234375,741.9749755859375,742.1898803710938,111304
2026-09-21 19:33:00+00:00,742.1699829101562,742.4500122070312,742.1649780273438,742.4249877929688,123339
2026-09-21 19:34:00+00:00,742.4199829101562,742.6199951171875,742.4000244140625,742.5750122070312,90693
2026-09-21 19:35:00+00:00,742.5850219726562,742.6199951171875,742.5020141601562,742.5449829101562,139839
2026-09-21 19:36:00+00:00,742.5300903320312,742.64501953125,742.510009765625,742.6400146484375,91993
2026-09-21 19:37:00+00:00,742.6500244140625,742.9000244140625,742.6199951171875,742.8900146484375,114316
2026-09-21 19:38:00+00:00,742.9000244140625,743.219970703125,742.9000244140625,743.1799926757812,215015
2026-09-21 19:39:00+00:00,743.1799926757812,743.2000122070312,743.02001953125,743.030029296875,332483
2026-09-21 19:40:00+00:00,743.0349731445312,743.1099853515625,742.7000122070312,742.72998046875,135113
2026-09-21 19:41:00+00:00,742.7213745117188,742.8200073242188,742.5499877929688,742.5700073242188,125072
2026-09-21 19:42:00+00:00,742.5850219726562,742.625,742.39501953125,742.4149780273438,132637
2026-09-21 19:43:00+00:00,742.4199829101562,742.6400146484375,742.3699951171875,742.5700073242188,151752
2026-09-21 19:44:00+00:00,742.5599975585938,742.6300048828125,742.5250244140625,742.5549926757812,128445
2026-09-21 19:45:00+00:00,742.5399780273438,742.6300048828125,742.3300170898438,742.5800170898438,163376
2026-09-21 19:46:00+00:00,742.5700073242188,742.6199951171875,742.3499755859375,742.4000244140625,185673
2026-09-21 19:47:00+00:00,742.4099731445312,742.5800170898438,742.3900756835938,742.4400024414062,112209
2026-09-21 19:48:00+00:00,742.436279296875,742.52001953125,742.3099975585938,742.3800048828125,111324
2026-09-21 19:49:00+00:00,742.4000244140625,742.4099731445312,742.25,742.3300170898438,122150
2026-09-21 19:50:00+00:00,742.3300170898438,742.3300170898438,741.4299926757812,741.77001953125,312500
2026-09-21 19:51:00+00:00,741.7075805664062,741.9500122070312,741.655029296875,741.8200073242188,246052
2026-09-21 19:52:00+00:00,741.8900146484375,742.2050170898438,741.8599853515625,742.0300903320312,173779
2026-09-21 19:53:00+00:00,742.0650024414062,742.0850219726562,741.8200073242188,741.8400268554688,181279
2026-09-21 19:54:00+00:00,741.8400268554688,741.9600219726562,741.5700073242188,741.5900268554688,263704
2026-09-21 19:55:00+00:00,741.5700073242188,741.9199829101562,741.47998046875,741.8049926757812,252280
2026-09-21 19:56:00+00:00,741.7999877929688,741.8200073242188,741.6199951171875,741.6500244140625,336907
2026-09-21 19:57:00+00:00,741.6599731445312,741.8400268554688,741.5900268554688,741.7000122070312,245679
2026-09-21 19:58:00+00:00,741.6900024414062,741.75,741.5399780273438,741.6099853515625,403150
2026-09-21 19:59:00+00:00,741.6199951171875,741.7100219726562,741.25,741.4500122070312,1168886
2026-09-22 13:30:00+00:00,741.0050048828125,742.2000122070312,741.0,742.2000122070312,1719487
2026-09-22 13:31:00+00:00,742.1500244140625,742.969970703125,741.97998046875,742.8699951171875,179847
2026-09-22 13:32:00+00:00,742.8895874023438,743.4197998046875,742.760009765625,743.3049926757812,134732
2026-09-22 13:33:00+00:00,743.2999877929688,743.4400024414062,743.0549926757812,743.1699829101562,125562
2026-09-22 13:34:00+00:00,743.1799926757812,743.4500122070312,742.9199829101562,743.4500122070312,121216
2026-09-22 13:35:00+00:00,743.4500122070312,743.9400024414062,743.4400024414062,743.8599853515625,107166
2026-09-22 13:36:00+00:00,743.8200073242188,744.1445922851562,743.72998046875,744.0875244140625,135747
2026-09-22 13:37:00+00:00,744.0963134765625,744.144287109375,743.8800048828125,743.9349975585938,93019
2026-09-22 13:38:00+00:00,743.9400024414062,744.1500244140625,743.8074951171875,743.9199829101562,143059
2026-09-22 13:39:00+00:00,743.9400024414062,744.239990234375,743.7999877929688,744.1099853515625,149880
2026-09-22 13:40:00+00:00,744.1300048828125,744.2999877929688,743.97998046875,744.1500244140625,180809
2026-09-22 13:41:00+00:00,744.1500244140625,744.5599975585938,744.0999755859375,744.219970703125,116893
2026-09-22 13:42:00+00:00,744.2100219726562,744.8099975585938,744.1199951171875,744.72998046875,140944
2026-09-22 13:43:00+00:00,744.7150268554688,744.9400024414062,744.6500244140625,744.880126953125,101737
2026-09-22 13:44:00+00:00,744.905029296875,744.905029296875,744.3599853515625,744.3599853515625,62498
2026-09-22 13:45:00+00:00,744.4099731445312,744.6190185546875,743.9299926757812,744.4500122070312,184676
2026-09-22 13:46:00+00:00,744.4500122070312,744.7299194335938,744.1099853515625,744.1328735351562,125877
2026-09-22 13:47:00+00:00,744.1400146484375,744.4000244140625,744.0599975585938,744.27001953125,89485
2026-09-22 13:48:00+00:00,744.2949829101562,744.9000244140625,744.1300048828125,744.780029296875,184579
2026-09-22 13:49:00+00:00,744.8599853515625,744.8800048828125,744.280029296875,744.4650268554688,97570
2026-09-22 13:50:00+00:00,744.4500122070312,745.260009765625,744.4500122070312,745.2399291992188,132715
2026-09-22 13:51:00+00:00,745.239990234375,745.280029296875,744.8800048828125,745.0999755859375,112149
2026-09-22 13:52:00+00:00,745.0850219726562,745.219482421875,744.8699951171875,745.0499877929688,90882
2026-09-22 13:53:00+00:00,745.0499877929688,745.2999877929688,745.0,745.1900024414062,57799
2026-09-22 13:54:00+00:00,745.2000122070312,745.3699951171875,745.0523071289062,745.3151245117188,65263
2026-09-22 13:55:00+00:00,745.2999877929688,745.3599853515625,744.72998046875,744.8300170898438,109126
2026-09-22 13:56:00+00:00,744.8300170898438,744.8699951171875,744.2899780273438,744.4400024414062,92969
2026-09-22 13:57:00+00:00,744.4400024414062,744.9299926757812,744.4000244140625,744.8400268554688,158747
2026-09-22 13:58:00+00:00,744.8699951171875,745.1199951171875,744.8350219726562,745.010009765625,52508
2026-09-22 13:59:00+00:00,745.030029296875,745.0402221679688,744.6799926757812,745.0349731445312,53791
2026-09-22 14:00:00+00:00,745.030029296875,745.2100219726562,744.8099975585938,744.8099975585938,78452
2026-09-22 14:01:00+00:00,744.8099975585938,745.0399780273438,744.6802978515625,744.9299926757812,81720
2026-09-22 14:02:00+00:00,744.9500122070312,745.0499877929688,744.5911865234375,744.8699951171875,94377
2026-09-22 14:03:00+00:00,744.864990234375,744.9199829101562,744.6500244140625,744.75,45638
2026-09-22 14:04:00+00:00,744.72998046875,745.0900268554688,744.5449829101562,744.9550170898438,62494
2026-09-22 14:05:00+00:00,744.969970703125,745.0679931640625,744.8900146484375,744.9000244140625,64728
2026-09-22 14:06:00+00:00,744.9299926757812,744.9600219726562,744.510986328125,744.6599731445312,51947
2026-09-22 14:07:00+00:00,744.6795043945312,745.0250244140625,744.6795043945312,744.9099731445312,58738
2026-09-22 14:08:00+00:00,744.8900146484375,744.9600219726562,744.6799926757812,744.8099975585938,45407
2026-09-22 14:09:00+00:00,744.780029296875,744.780029296875,744.6176147460938,744.6690063476562,63964
2026-09-22 14:10:00+00:00,744.6599731445312,745.219970703125,744.6300048828125,745.2000122070312,117576
2026-09-22 14:11:00+00:00,745.2000122070312,745.6699829101562,745.1500244140625,745.6300048828125,124124
2026-09-22 14:12:00+00:00,745.6500244140625,745.8800048828125,745.6300048828125,745.8699951171875,129636
2026-09-22 14:13:00+00:00,745.875,746.2999877929688,745.6699829101562,745.72998046875,195532
2026-09-22 14:14:00+00:00,745.760009765625,745.8588256835938,745.4400024414062,745.75,102201
2026-09-22 14:15:00+00:00,745.760009765625,746.0402221679688,745.5599975585938,746.030029296875,63347
2026-09-22 14:16:00+00:00,746.0599975585938,746.1300048828125,745.7525024414062,745.8499755859375,78356
2026-09-22 14:17:00+00:00,745.8300170898438,745.8300170898438,745.614990234375,745.75,85058
2026-09-22 14:18:00+00:00,745.739990234375,745.75,745.2100219726562,745.3900146484375,115656
2026-09-22 14:19:00+00:00,745.3900146484375,745.5700073242188,745.3099975585938,745.469970703125,55252
2026-09-22 14:20:00+00:00,745.489990234375,745.75,745.340087890625,745.5900268554688,83829
2026-09-22 14:21:00+00:00,745.5999755859375,745.6079711914062,745.1199951171875,745.4400024414062,55544
2026-09-22 14:22:00+00:00,745.4199829101562,745.7000122070312,745.4099731445312,745.6500244140625,41613
2026-09-22 14:23:00+00:00,745.7000122070312,745.7098999023438,745.4310302734375,745.5499877929688,38029
2026-09-22 14:24:00+00:00,745.4849853515625,745.5285034179688,745.2100219726562,745.5285034179688,43561
2026-09-22 14:25:00+00:00,745.5,745.530029296875,745.27001953125,745.4349975585938,32373
2026-09-22 14:26:00+00:00,745.4249877929688,745.75,745.3800048828125,745.7000122070312,58179
2026-09-22 14:27:00+00:00,745.7100219726562,745.8298950195312,745.6400756835938,745.6799926757812,53610
2026-09-22 14:28:00+00:00,745.6900024414062,745.8198852539062,745.6400146484375,745.8198852539062,36713
2026-09-22 14:29:00+00:00,745.7899780273438,745.8419799804688,745.6749877929688,745.760009765625,61841
2026-09-22 14:30:00+00:00,745.7799072265625,745.8499755859375,745.6099853515625,745.6199951171875,41401
2026-09-22 14:31:00+00:00,745.6400146484375,746.1392822265625,745.6199951171875,746.0999755859375,73928
2026-09-22 14:32:00+00:00,746.0900268554688,746.3699951171875,746.0850219726562,746.2750244140625,105509
2026-09-22 14:33:00+00:00,746.27001953125,746.5999755859375,746.22998046875,746.469970703125,130235
2026-09-22 14:34:00+00:00,746.47998046875,746.5634765625,746.3099975585938,746.39990234375,111120
2026-09-22 14:35:00+00:00,746.3800048828125,746.3800048828125,745.4500122070312,745.5684814453125,137771
2026-09-22 14:36:00+00:00,745.5850219726562,745.719970703125,745.489990234375,745.6799926757812,49413
2026-09-22 14:37:00+00:00,745.6900024414062,746.0250244140625,745.5501098632812,746.0,39869
2026-09-22 14:38:00+00:00,745.9600219726562,745.9749755859375,745.2999877929688,745.4500122070312,63019
2026-09-22 14:39:00+00:00,745.4450073242188,746.5,745.1900024414062,745.3699951171875,160100
2026-09-22 14:40:00+00:00,745.3900146484375,745.469970703125,745.0806274414062,745.2999877929688,95389
2026-09-22 14:41:00+00:00,745.3200073242188,745.3200073242188,744.4199829101562,744.5050048828125,128991
2026-09-22 14:42:00+00:00,744.52001953125,744.6099853515625,744.2308959960938,744.3499755859375,170683
2026-09-22 14:43:00+00:00,744.3599853515625,744.72998046875,744.239990234375,744.6900024414062,83368
2026-09-22 14:44:00+00:00,744.70751953125,744.9199829101562,744.6099853515625,744.6300048828125,68675
2026-09-22 14:45:00+00:00,744.6199951171875,744.77001953125,744.4500122070312,744.4500122070312,82547
2026-09-22 14:46:00+00:00,744.4337768554688,744.5449829101562,744.1400146484375,744.1849975585938,83359
2026-09-22 14:47:00+00:00,744.1950073242188,744.7100219726562,744.0499877929688,744.6400146484375,139172
2026-09-22 14:48:00+00:00,744.6475219726562,745.0800170898438,744.47998046875,745.0800170898438,61067
2026-09-22 14:49:00+00:00,745.0599975585938,745.3099975585938,745.0,745.3099975585938,180710
2026-09-22 14:50:00+00:00,745.2750244140625,745.6099853515625,745.2200927734375,745.35498046875,57110
2026-09-22 14:51:00+00:00,745.364990234375,745.3900146484375,744.9000244140625,744.97998046875,48178
2026-09-22 14:52:00+00:00,744.9749755859375,745.1400146484375,744.8200073242188,745.0999755859375,37002
2026-09-22 14:53:00+00:00,745.1298828125,745.2899780273438,745.0399780273438,745.0499877929688,22071
2026-09-22 14:54:00+00:00,745.0700073242188,745.3699951171875,744.9500122070312,745.3250122070312,52809
2026-09-22 14:55:00+00:00,745.3400268554688,745.4199829101562,745.0499877929688,745.2473754882812,34653
2026-09-22 14:56:00+00:00,745.27978515625,745.3099975585938,745.080078125,745.1641845703125,528693
2026-09-22 14:57:00+00:00,745.1400146484375,745.280029296875,744.9400024414062,744.9849853515625,25659
2026-09-22 14:58:00+00:00,744.97998046875,745.0499267578125,744.72998046875,744.77001953125,45477
2026-09-22 14:59:00+00:00,744.780029296875,744.9400024414062,744.739990234375,744.9400024414062,545059
2026-09-22 15:00:00+00:00,744.9500122070312,744.989990234375,744.6699829101562,744.77001953125,35591
2026-09-22 15:01:00+00:00,744.7550048828125,744.9400024414062,744.6199951171875,744.9302978515625,55115
2026-09-22 15:02:00+00:00,744.9199829101562,744.9625854492188,744.7000122070312,744.9199829101562,37794
2026-09-22 15:03:00+00:00,744.8499755859375,744.9299926757812,744.6599731445312,744.7349853515625,21202
2026-09-22 15:04:00+00:00,744.780029296875,744.8298950195312,744.4099731445312,744.6400146484375,144544
2026-09-22 15:05:00+00:00,744.6019897460938,744.780029296875,744.52001953125,744.760009765625,138546
2026-09-22 15:06:00+00:00,744.780029296875,744.969970703125,744.655029296875,744.6900024414062,44139
2026-09-22 15:07:00+00:00,744.6699829101562,745.0999755859375,744.5700073242188,744.8099975585938,360904
2026-09-22 15:08:00+00:00,744.780029296875,744.8599853515625,744.7150268554688,744.8099975585938,237057
2026-09-22 15:09:00+00:00,744.8099975585938,744.9299926757812,744.5499877929688,744.614990234375,343053
2026-09-22 15:10:00+00:00,744.6195068359375,744.899169921875,744.6195068359375,744.8099975585938,349347
2026-09-22 15:11:00+00:00,744.7899780273438,744.9299926757812,744.7100219726562,744.760009765625,22980
2026-09-22 15:12:00+00:00,744.780029296875,744.8099975585938,744.580078125,744.739990234375,23404
2026-09-22 15:13:00+00:00,744.6900024414062,744.7100219726562,744.4650268554688,744.6286010742188,23823
2026-09-22 15:14:00+00:00,744.6099853515625,745.2849731445312,744.6099853515625,745.1749877929688,114670
2026-09-22 15:15:00+00:00,745.1701049804688,745.2100219726562,744.9600219726562,744.9600219726562,33694
2026-09-22 15:16:00+00:00,744.9600219726562,745.2673950195312,744.8599853515625,745.2673950195312,96716
2026-09-22 15:17:00+00:00,745.260009765625,745.27001953125,745.0700073242188,745.1500244140625,96202
2026-09-22 15:18:00+00:00,745.1300048828125,745.1599731445312,744.8699951171875,744.8900756835938,69637
2026-09-22 15:19:00+00:00,744.97998046875,745.43701171875,744.97998046875,745.4315795898438,31402
2026-09-22 15:20:00+00:00,745.3699951171875,745.4000244140625,745.02001953125,745.030029296875,24775
2026-09-22 15:21:00+00:00,745.0499877929688,745.3499755859375,745.0499877929688,745.2650146484375,31308
2026-09-22 15:22:00+00:00,745.280029296875,745.3099975585938,745.14501953125,745.1699829101562,30786
2026-09-22 15:23:00+00:00,745.1199951171875,745.1500244140625,744.989990234375,745.10498046875,20696
2026-09-22 15:24:00+00:00,745.1300048828125,745.1781005859375,745.02001953125,745.0549926757812,19647
2026-09-22 15:25:00+00:00,745.0599975585938,745.3499755859375,745.030029296875,745.27001953125,34091
2026-09-22 15:26:00+00:00,745.2310180664062,745.260009765625,745.1500244140625,745.2000122070312,24133
2026-09-22 15:27:00+00:00,745.1799926757812,745.239990234375,745.0999755859375,745.2000122070312,33074
2026-09-22 15:28:00+00:00,745.1799926757812,745.1849975585938,744.7800903320312,744.8009033203125,39208
2026-09-22 15:29:00+00:00,744.8400268554688,745.0700073242188,744.8350219726562,745.0,22204
2026-09-22 15:30:00+00:00,744.9536743164062,744.9536743164062,744.7000122070312,744.8150024414062,41136
2026-09-22 15:31:00+00:00,744.77001953125,745.0,744.75,744.8599853515625,277858
2026-09-22 15:32:00+00:00,744.87939453125,745.0050048828125,744.8200073242188,744.8599853515625,55929
2026-09-22 15:33:00+00:00,744.8699951171875,745.030029296875,744.760009765625,744.8499755859375,57574
2026-09-22 15:34:00+00:00,744.8499755859375,745.0999755859375,744.8400268554688,744.8800048828125,50142
2026-09-22 15:35:00+00:00,744.8900146484375,744.919921875,744.75,744.75,40910
2026-09-22 15:36:00+00:00,744.7424926757812,744.8300170898438,744.6300048828125,744.7000122070312,73252
2026-09-22 15:37:00+00:00,744.6599731445312,744.6699829101562,744.4199829101562,744.5501098632812,72849
2026-09-22 15:38:00+00:00,744.530029296875,744.5499877929688,744.2000122070312,744.27001953125,106687
2026-09-22 15:39:00+00:00,744.219970703125,744.3400268554688,744.1799926757812,744.239990234375,31369
2026-09-22 15:40:00+00:00,744.2100219726562,744.3311767578125,744.090087890625,744.3250122070312,60882
2026-09-22 15:41:00+00:00,744.3369750976562,744.3900146484375,743.989990234375,744.1649780273438,42572
2026-09-22 15:42:00+00:00,744.1900024414062,744.3599853515625,744.1300048828125,744.3400268554688,35806
2026-09-22 15:43:00+00:00,744.3201293945312,744.4299926757812,744.219970703125,744.219970703125,35208
2026-09-22 15:44:00+00:00,744.27001953125,744.3900146484375,744.27001953125,744.2999877929688,53817
2026-09-22 15:45:00+00:00,744.3037109375,744.427490234375,744.260009765625,744.323974609375,26538
2026-09-22 15:46:00+00:00,744.3250122070312,744.4600219726562,744.260009765625,744.3900146484375,62302
2026-09-22 15:47:00+00:00,744.3800048828125,744.6199951171875,744.3800048828125,744.6099853515625,56051
2026-09-22 15:48:00+00:00,744.614990234375,744.6300048828125,744.510009765625,744.6199951171875,31932
2026-09-22 15:49:00+00:00,744.6400146484375,744.739990234375,744.489990234375,744.489990234375,90735
2026-09-22 15:50:00+00:00,744.469970703125,744.6300048828125,744.3200073242188,744.510009765625,66239
2026-09-22 15:51:00+00:00,744.510009765625,744.5700073242188,744.4249877929688,744.5,21207
2026-09-22 15:52:00+00:00,744.489990234375,744.5599975585938,744.3699951171875,744.3699951171875,14813
2026-09-22 15:53:00+00:00,744.4000244140625,744.5150146484375,744.3400268554688,744.4099731445312,79056
2026-09-22 15:54:00+00:00,744.3800048828125,744.469970703125,744.1699829101562,744.2005004882812,25597
2026-09-22 15:55:00+00:00,744.2050170898438,744.22998046875,744.030029296875,744.1950073242188,52031
2026-09-22 15:56:00+00:00,744.2100219726562,744.2100219726562,744.0800170898438,744.0800170898438,17379
2026-09-22 15:57:00+00:00,744.030029296875,744.1900024414062,744.010009765625,744.1900024414062,20246
2026-09-22 15:58:00+00:00,744.2100219726562,744.39990234375,744.2000122070312,744.3900146484375,25303
2026-09-22 15:59:00+00:00,744.3699951171875,744.5549926757812,744.3699951171875,744.5432739257812,30570
2026-09-22 16:00:00+00:00,744.5673828125,744.719970703125,744.52001953125,744.5499877929688,40770
2026-09-22 16:01:00+00:00,744.5499877929688,744.5700073242188,744.1849975585938,744.2999877929688,37318
2026-09-22 16:02:00+00:00,744.2899780273438,744.2899780273438,744.2100830078125,744.260009765625,12905
2026-09-22 16:03:00+00:00,744.260009765625,744.4393920898438,744.219970703125,744.4393920898438,24226
2026-09-22 16:04:00+00:00,744.4400024414062,744.5499877929688,744.4099731445312,744.509521484375,16485
2026-09-22 16:05:00+00:00,744.5,744.6099853515625,744.469970703125,744.5800170898438,23732
2026-09-22 16:06:00+00:00,744.5900268554688,744.719970703125,744.5,744.6699829101562,23345
2026-09-22 16:07:00+00:00,744.6600952148438,744.9400024414062,744.6600952148438,744.9199829101562,1180120
2026-09-22 16:08:00+00:00,744.9099731445312,745.0599975585938,744.9000244140625,744.989990234375,55486
2026-09-22 16:09:00+00:00,745.010009765625,745.1500244140625,744.8800048828125,744.9400024414062,159537
2026-09-22 16:10:00+00:00,744.9500122070312,745.114990234375,744.9500122070312,745.0,87469
2026-09-22 16:11:00+00:00,745.030029296875,745.030029296875,744.8900146484375,744.9749755859375,37254
2026-09-22 16:12:00+00:00,745.010009765625,745.0272827148438,744.8800048828125,744.8800048828125,11346
2026-09-22 16:13:00+00:00,744.8499755859375,744.9099731445312,744.760009765625,744.8599853515625,16022
2026-09-22 16:14:00+00:00,744.8599853515625,744.8900146484375,744.7864990234375,744.8900146484375,11296
2026-09-22 16:15:00+00:00,744.8699951171875,744.8792114257812,744.655029296875,744.6599731445312,18256
2026-09-22 16:16:00+00:00,744.7000122070312,744.7899780273438,744.6699829101562,744.7725219726562,16307
2026-09-22 16:17:00+00:00,744.760009765625,744.9199829101562,744.719970703125,744.8800048828125,29837
2026-09-22 16:18:00+00:00,744.9299926757812,744.9299926757812,744.5900268554688,744.6199951171875,20604
2026-09-22 16:19:00+00:00,744.6500244140625,744.6599731445312,744.5,744.5399780273438,20424
2026-09-22 16:20:00+00:00,744.5499877929688,744.698974609375,744.4099731445312,744.6851196289062,28631
2026-09-22 16:21:00+00:00,744.6599731445312,744.7999877929688,744.6256713867188,744.72998046875,35874
2026-09-22 16:22:00+00:00,744.72998046875,744.8200073242188,744.7100219726562,744.719970703125,22628
2026-09-22 16:23:00+00:00,744.72998046875,744.8900146484375,744.4099731445312,744.4400024414062,65062
2026-09-22 16:24:00+00:00,744.4600219726562,744.469970703125,744.22998046875,744.2901000976562,72945
2026-09-22 16:25:00+00:00,744.25,744.469970703125,744.1900024414062,744.4400024414062,154010
2026-09-22 16:26:00+00:00,744.4199829101562,744.469970703125,744.1599731445312,744.1599731445312,15873
2026-09-22 16:27:00+00:00,744.155029296875,744.3099975585938,744.1199951171875,744.2550048828125,38275
2026-09-22 16:28:00+00:00,744.2750244140625,744.2899780273438,744.14501953125,744.14501953125,18717
2026-09-22 16:29:00+00:00,744.1599731445312,744.1699829101562,744.0499877929688,744.0650024414062,77870
2026-09-22 16:30:00+00:00,744.0900268554688,744.2899780273438,744.0900268554688,744.260009765625,46007
2026-09-22 16:31:00+00:00,744.260009765625,744.4199829101562,744.2349853515625,744.3699951171875,35279
2026-09-22 16:32:00+00:00,744.3599853515625,744.5,744.219970703125,744.4099731445312,25780
2026-09-22 16:33:00+00:00,744.4099731445312,744.5999755859375,744.3800048828125,744.530029296875,20481
2026-09-22 16:34:00+00:00,744.5499267578125,744.739990234375,744.489990234375,744.72998046875,35036
2026-09-22 16:35:00+00:00,744.72998046875,744.72998046875,744.3900146484375,744.4500122070312,20885
2026-09-22 16:36:00+00:00,744.4500122070312,744.5853271484375,744.3668212890625,744.5300903320312,17907
2026-09-22 16:37:00+00:00,744.5599975585938,744.5599975585938,744.4000244140625,744.4199829101562,29078
2026-09-22 16:38:00+00:00,744.4025268554688,744.4299926757812,744.27099609375,744.4099731445312,16536
2026-09-22 16:39:00+00:00,744.4099731445312,744.47998046875,744.3300170898438,744.3699951171875,31563
2026-09-22 16:40:00+00:00,744.3800048828125,744.4099731445312,744.260009765625,744.3400268554688,18234
2026-09-22 16:41:00+00:00,744.3599853515625,744.3800048828125,744.22998046875,744.2899780273438,12351
2026-09-22 16:42:00+00:00,744.2999877929688,744.3200073242188,744.2100219726562,744.22998046875,13224
2026-09-22 16:43:00+00:00,744.25,744.4849853515625,744.239990234375,744.4849853515625,63887
2026-09-22 16:44:00+00:00,744.4777221679688,744.6699829101562,744.4777221679688,744.6522827148438,36781
2026-09-22 16:45:00+00:00,744.6400146484375,744.7100219726562,744.5599975585938,744.580078125,23469
2026-09-22 16:46:00+00:00,744.5700073242188,744.7899780273438,744.5599975585938,744.7698974609375,31444
2026-09-22 16:47:00+00:00,744.760009765625,744.8049926757812,744.6500244140625,744.6500244140625,20848
2026-09-22 16:48:00+00:00,744.6500244140625,745.4000244140625,744.6500244140625,745.0098876953125,139198
2026-09-22 16:49:00+00:00,745.010009765625,745.3400268554688,744.9600219726562,745.3150024414062,77754
2026-09-22 16:50:00+00:00,745.3099975585938,745.3499755859375,745.2100219726562,745.3499145507812,69020
2026-09-22 16:51:00+00:00,745.3499755859375,745.3662109375,745.2590942382812,745.3150024414062,53529
2026-09-22 16:52:00+00:00,745.3300170898438,745.3350219726562,745.219970703125,745.2750244140625,27455
2026-09-22 16:53:00+00:00,745.260009765625,745.3699951171875,745.25,745.3300170898438,24301
2026-09-22 16:54:00+00:00,745.3499755859375,745.3499755859375,745.1199951171875,745.2092895507812,17765
2026-09-22 16:55:00+00:00,745.2100219726562,745.3250732421875,745.1500244140625,745.2100219726562,21337
2026-09-22 16:56:00+00:00,745.2100219726562,745.3200073242188,745.1699829101562,745.239990234375,54836
2026-09-22 16:57:00+00:00,745.239990234375,745.2999877929688,745.1500244140625,745.2999877929688,35979
2026-09-22 16:58:00+00:00,745.2949829101562,745.3499145507812,745.2100219726562,745.3200073242188,18051
2026-09-22 16:59:00+00:00,745.3200073242188,745.3400268554688,745.280029296875,745.2849731445312,29198
2026-09-22 17:00:00+00:00,745.2899780273438,745.2999877929688,745.1799926757812,745.260009765625,40864
2026-09-22 17:01:00+00:00,745.2550048828125,745.3499755859375,745.25,745.3250122070312,44174
2026-09-22 17:02:00+00:00,745.3200073242188,745.3499755859375,745.1799926757812,745.25,39501
2026-09-22 17:03:00+00:00,745.239990234375,745.3400268554688,745.239990234375,745.25,18847
2026-09-22 17:04:00+00:00,745.27001953125,745.3300170898438,745.2349853515625,745.2349853515625,17652
2026-09-22 17:05:00+00:00,745.239990234375,745.3900146484375,745.22998046875,745.375,29496
2026-09-22 17:06:00+00:00,745.3900146484375,745.5999755859375,745.3900146484375,745.5700073242188,75968
2026-09-22 17:07:00+00:00,745.5399780273438,745.5999755859375,745.4299926757812,745.4749755859375,41499
2026-09-22 17:08:00+00:00,745.4600219726562,745.4650268554688,745.3099975585938,745.35498046875,32338
2026-09-22 17:09:00+00:00,745.3200073242188,745.3400268554688,745.1900024414062,745.3099975585938,47101
2026-09-22 17:10:00+00:00,745.3099975585938,745.4149780273438,745.280029296875,745.2899780273438,28439
2026-09-22 17:11:00+00:00,745.2849731445312,745.3400268554688,745.219970703125,745.2999267578125,17599
2026-09-22 17:12:00+00:00,745.280029296875,745.3099975585938,745.2100219726562,745.25,24042
2026-09-22 17:13:00+00:00,745.2550048828125,745.3200073242188,745.25,745.25,21796
2026-09-22 17:14:00+00:00,745.25,745.3499755859375,745.22998046875,745.3200073242188,13034
2026-09-22 17:15:00+00:00,745.3200073242188,745.3400268554688,745.1699829101562,745.3201293945312,21877
2026-09-22 17:16:00+00:00,745.3099975585938,745.3599853515625,745.2349853515625,745.2349853515625,24808
2026-09-22 17:17:00+00:00,745.2249755859375,745.3200073242188,745.1599731445312,745.27001953125,26465
2026-09-22 17:18:00+00:00,745.2899780273438,745.2899780273438,745.1900024414062,745.25,13823
2026-09-22 17:19:00+00:00,745.22998046875,745.2999877929688,745.201904296875,745.27001953125,17217
2026-09-22 17:20:00+00:00,745.260009765625,745.27001953125,745.0599975585938,745.1500244140625,31859
2026-09-22 17:21:00+00:00,745.1500854492188,745.1599731445312,745.0800170898438,745.1199951171875,40703
2026-09-22 17:22:00+00:00,745.0999755859375,745.1400146484375,745.02001953125,745.0900268554688,22610
2026-09-22 17:23:00+00:00,745.0999755859375,745.1199951171875,745.0399780273438,745.0999755859375,25466
2026-09-22 17:24:00+00:00,745.094970703125,745.1901245117188,745.0850219726562,745.1701049804688,25443
2026-09-22 17:25:00+00:00,745.1500244140625,745.22998046875,745.1099853515625,745.22998046875,32338
2026-09-22 17:26:00+00:00,745.2100219726562,745.3200073242188,745.1799926757812,745.3049926757812,30814
2026-09-22 17:27:00+00:00,745.3200073242188,745.489990234375,745.3200073242188,745.489990234375,46051
2026-09-22 17:28:00+00:00,745.4949951171875,745.5900268554688,745.4600219726562,745.5499877929688,40490
2026-09-22 17:29:00+00:00,745.5599975585938,745.6699829101562,745.54150390625,745.5900268554688,32078
2026-09-22 17:30:00+00:00,745.5900268554688,745.5900268554688,745.3599853515625,745.4149780273438,27296
2026-09-22 17:31:00+00:00,745.4199829101562,745.4301147460938,745.1799926757812,745.219970703125,29071
2026-09-22 17:32:00+00:00,745.219970703125,745.27001953125,745.1425170898438,745.1500244140625,13688
2026-09-22 17:33:00+00:00,745.1400146484375,745.1900024414062,745.0900268554688,745.125,19173
2026-09-22 17:34:00+00:00,745.1199951171875,745.1900024414062,745.0599975585938,745.1798706054688,18858
2026-09-22 17:35:00+00:00,745.1799926757812,745.2449951171875,745.1199951171875,745.239013671875,19870
2026-09-22 17:36:00+00:00,745.239990234375,745.25,745.010009765625,745.0700073242188,26202
2026-09-22 17:37:00+00:00,745.0599975585938,745.1099853515625,745.0399780273438,745.0800170898438,16741
2026-09-22 17:38:00+00:00,745.0549926757812,745.239990234375,745.0349731445312,745.1599731445312,19258
2026-09-22 17:39:00+00:00,745.114990234375,745.1199951171875,745.0399780273438,745.0399780273438,17484
2026-09-22 17:40:00+00:00,745.0399780273438,745.0399780273438,744.8300170898438,745.0,54072
2026-09-22 17:41:00+00:00,745.0050048828125,745.0900268554688,744.989990234375,745.02001953125,18174
2026-09-22 17:42:00+00:00,745.030029296875,745.25,745.030029296875,745.2249755859375,29660
2026-09-22 17:43:00+00:00,745.219970703125,745.3499755859375,745.1699829101562,745.3200073242188,25620
2026-09-22 17:44:00+00:00,745.3200073242188,745.4099731445312,745.3200073242188,745.3800048828125,29822
2026-09-22 17:45:00+00:00,745.3900146484375,745.510009765625,745.3619995117188,745.510009765625,192196
2026-09-22 17:46:00+00:00,745.52001953125,745.52001953125,745.3701171875,745.4199829101562,21337
2026-09-22 17:47:00+00:00,745.4099731445312,745.4155883789062,745.22998046875,745.2999877929688,73238
2026-09-22 17:48:00+00:00,745.3200073242188,745.3900146484375,745.3099975585938,745.3099975585938,20853
2026-09-22 17:49:00+00:00,745.3300170898438,745.3300170898438,745.261474609375,745.3200073242188,29179
2026-09-22 17:50:00+00:00,745.3099975585938,745.3690185546875,745.1799926757812,745.3099975585938,55041
2026-09-22 17:51:00+00:00,745.3300170898438,745.385009765625,745.2899780273438,745.385009765625,17493
2026-09-22 17:52:00+00:00,745.3699951171875,746.4400024414062,745.3499755859375,746.1400146484375,288152
2026-09-22 17:53:00+00:00,746.1599731445312,746.3200073242188,746.02001953125,746.0700073242188,265953
2026-09-22 17:54:00+00:00,746.0700073242188,746.4000244140625,746.0449829101562,746.1699829101562,92318
2026-09-22 17:55:00+00:00,746.1500244140625,746.2000122070312,746.02001953125,746.155029296875,66099
2026-09-22 17:56:00+00:00,746.1599731445312,746.219970703125,746.0198974609375,746.0399780273438,30827
2026-09-22 17:57:00+00:00,746.0700073242188,746.0700073242188,745.9000244140625,745.919921875,69547
2026-09-22 17:58:00+00:00,745.9124755859375,746.0800170898438,745.8900146484375,746.030029296875,46341
2026-09-22 17:59:00+00:00,746.02001953125,746.1701049804688,746.02001953125,746.1701049804688,28681
2026-09-22 18:00:00+00:00,746.18798828125,746.22998046875,745.6799926757812,745.6799926757812,54213
2026-09-22 18:01:00+00:00,745.6799926757812,745.760009765625,745.5449829101562,745.719970703125,51600
2026-09-22 18:02:00+00:00,745.719970703125,745.75,745.5800170898438,745.7105102539062,19152
2026-09-22 18:03:00+00:00,745.7100219726562,745.739990234375,745.6849975585938,745.6849975585938,27844
2026-09-22 18:04:00+00:00,745.6849975585938,745.8400268554688,745.6300048828125,745.7698974609375,152259
2026-09-22 18:05:00+00:00,745.780029296875,746.0750122070312,745.7301025390625,746.02001953125,68301
2026-09-22 18:06:00+00:00,746.02001953125,746.1400146484375,746.0001220703125,746.1099853515625,36155
2026-09-22 18:07:00+00:00,746.1099853515625,746.1099853515625,746.0,746.094970703125,19231
2026-09-22 18:08:00+00:00,746.0999755859375,746.1400146484375,746.0800170898438,746.1199951171875,45968
2026-09-22 18:09:00+00:00,746.1400146484375,746.280029296875,746.1199951171875,746.2650146484375,35361
2026-09-22 18:10:00+00:00,746.2650146484375,746.344970703125,746.1699829101562,746.260009765625,112459
2026-09-22 18:11:00+00:00,746.260009765625,746.3400268554688,746.219970703125,746.3049926757812,31493
2026-09-22 18:12:00+00:00,746.3099975585938,746.3699951171875,746.2849731445312,746.3099975585938,32661
2026-09-22 18:13:00+00:00,746.3049926757812,746.3049926757812,746.10498046875,746.2150268554688,40102
2026-09-22 18:14:00+00:00,746.22998046875,746.2999877929688,746.2100219726562,746.280029296875,41930
2026-09-22 18:15:00+00:00,746.3099975585938,746.409912109375,746.2999877929688,746.405029296875,51462
2026-09-22 18:16:00+00:00,746.4099731445312,746.4400024414062,746.2918701171875,746.4000244140625,54592
2026-09-22 18:17:00+00:00,746.405029296875,746.4500732421875,746.3900146484375,746.4500732421875,32493
2026-09-22 18:18:00+00:00,746.4550170898438,746.5823974609375,746.4500122070312,746.5499267578125,69034
2026-09-22 18:19:00+00:00,746.5449829101562,746.5700073242188,746.47998046875,746.4949951171875,55718
2026-09-22 18:20:00+00:00,746.4949951171875,746.6199951171875,746.4600219726562,746.5850219726562,105621
2026-09-22 18:21:00+00:00,746.5800170898438,746.6099853515625,746.510009765625,746.5650024414062,72579
2026-09-22 18:22:00+00:00,746.5900268554688,746.6699829101562,746.5850219726562,746.6699829101562,78290
2026-09-22 18:23:00+00:00,746.6599731445312,746.9400024414062,746.6099853515625,746.8599853515625,51362
2026-09-22 18:24:00+00:00,746.8699951171875,746.8900146484375,746.7949829101562,746.8250122070312,40415
2026-09-22 18:25:00+00:00,746.8200073242188,746.8699951171875,746.75,746.7899780273438,37787
2026-09-22 18:26:00+00:00,746.77001953125,746.8099975585938,746.6699829101562,746.7100219726562,47960
2026-09-22 18:27:00+00:00,746.6900024414062,746.719970703125,746.5999755859375,746.6400146484375,27836
2026-09-22 18:28:00+00:00,746.6300048828125,746.75,746.5800170898438,746.6649780273438,240934
2026-09-22 18:29:00+00:00,746.6599731445312,746.7000122070312,746.5599975585938,746.5798950195312,56751
2026-09-22 18:30:00+00:00,746.5800170898438,746.6099853515625,746.4400024414062,746.5700073242188,54923
2026-09-22 18:31:00+00:00,746.5750122070312,746.6900024414062,746.5399780273438,746.5549926757812,37694
2026-09-22 18:32:00+00:00,746.5499877929688,746.5599975585938,746.4000244140625,746.47998046875,47510
2026-09-22 18:33:00+00:00,746.489990234375,746.5,746.3200073242188,746.3499755859375,34296
2026-09-22 18:34:00+00:00,746.3400268554688,746.3699951171875,746.280029296875,746.2849731445312,25087
2026-09-22 18:35:00+00:00,746.3200073242188,746.361328125,746.1400146484375,746.1724853515625,317229
2026-09-22 18:36:00+00:00,746.1799926757812,746.25,745.989990234375,746.1900024414062,41779
2026-09-22 18:37:00+00:00,746.2109985351562,746.2449951171875,746.1599731445312,746.1900024414062,32377
2026-09-22 18:38:00+00:00,746.1799926757812,746.19970703125,746.030029296875,746.0599975585938,48168
2026-09-22 18:39:00+00:00,746.0650024414062,746.0900268554688,745.9400024414062,746.0599975585938,46803
2026-09-22 18:40:00+00:00,746.0590209960938,746.2050170898438,746.030029296875,746.1799926757812,33410
2026-09-22 18:41:00+00:00,746.1690063476562,746.2449951171875,745.9400024414062,746.1300048828125,81406
2026-09-22 18:42:00+00:00,746.1400146484375,746.3250122070312,746.1300048828125,746.2999877929688,33518
2026-09-22 18:43:00+00:00,746.2999877929688,746.5,746.2949829101562,746.47998046875,60424
2026-09-22 18:44:00+00:00,746.469970703125,746.5499877929688,746.4299926757812,746.4500122070312,74512
2026-09-22 18:45:00+00:00,746.4600219726562,746.530029296875,746.4199829101562,746.47998046875,21491
2026-09-22 18:46:00+00:00,746.4600219726562,746.4600219726562,746.2600708007812,746.280029296875,21455
2026-09-22 18:47:00+00:00,746.3099975585938,746.3720092773438,746.2899780273438,746.3300170898438,115285
2026-09-22 18:48:00+00:00,746.3389892578125,746.4000244140625,746.260009765625,746.385009765625,34289
2026-09-22 18:49:00+00:00,746.3699951171875,746.4249877929688,746.3400268554688,746.3400268554688,49274
2026-09-22 18:50:00+00:00,746.3400268554688,746.3800048828125,746.2000122070312,746.239990234375,124884
2026-09-22 18:51:00+00:00,746.2399291992188,746.4099731445312,746.2399291992188,746.4099731445312,37031
2026-09-22 18:52:00+00:00,746.4099731445312,746.4102172851562,746.3400268554688,746.3800048828125,25624
2026-09-22 18:53:00+00:00,746.3800048828125,746.4600219726562,746.3300170898438,746.3499755859375,37634
2026-09-22 18:54:00+00:00,746.35498046875,746.4400024414062,746.3499755859375,746.385009765625,29147
2026-09-22 18:55:00+00:00,746.3699951171875,746.3800048828125,746.27001953125,746.3599853515625,24773
2026-09-22 18:56:00+00:00,746.3699951171875,746.4099731445312,746.2100219726562,746.219970703125,26393
2026-09-22 18:57:00+00:00,746.1799926757812,746.1900024414062,746.0999755859375,746.0999755859375,33487
2026-09-22 18:58:00+00:00,746.1099853515625,746.1500244140625,746.043212890625,746.043212890625,41458
2026-09-22 18:59:00+00:00,746.0599975585938,746.1699829101562,746.0599975585938,746.1500244140625,60511
2026-09-22 19:00:00+00:00,746.1699829101562,746.3099975585938,746.1400146484375,746.280029296875,34999
2026-09-22 19:01:00+00:00,746.2999877929688,746.3800048828125,746.1799926757812,746.3499755859375,62108
2026-09-22 19:02:00+00:00,746.3499755859375,746.4000244140625,746.280029296875,746.3099975585938,47030
2026-09-22 19:03:00+00:00,746.3099975585938,746.3699951171875,746.2999877929688,746.3499755859375,163975
2026-09-22 19:04:00+00:00,746.35498046875,746.4735107421875,746.280029296875,746.4635009765625,42568
2026-09-22 19:05:00+00:00,746.4600219726562,746.4600219726562,746.375,746.4249877929688,43932
2026-09-22 19:06:00+00:00,746.4149780273438,746.5900268554688,746.4099731445312,746.5352783203125,47558
2026-09-22 19:07:00+00:00,746.5599975585938,746.5800170898438,746.4949951171875,746.5800170898438,27417
2026-09-22 19:08:00+00:00,746.5850219726562,746.6962280273438,746.5549926757812,746.6649780273438,34420
2026-09-22 19:09:00+00:00,746.655029296875,746.7100219726562,746.5601196289062,746.6599731445312,27794
2026-09-22 19:10:00+00:00,746.655029296875,746.7849731445312,746.655029296875,746.7449951171875,34989
2026-09-22 19:11:00+00:00,746.7449951171875,746.8300170898438,746.6950073242188,746.7901000976562,92864
2026-09-22 19:12:00+00:00,746.7899780273438,746.8200073242188,746.739990234375,746.77001953125,63330
2026-09-22 19:13:00+00:00,746.7899780273438,746.8499755859375,746.7518920898438,746.8150024414062,66825
2026-09-22 19:14:00+00:00,746.8150024414062,746.8298950195312,746.719970703125,746.7949829101562,186247
2026-09-22 19:15:00+00:00,746.8099975585938,746.89501953125,746.7899780273438,746.8150024414062,157447
2026-09-22 19:16:00+00:00,746.8350219726562,747.0399169921875,746.781982421875,747.010009765625,73457
2026-09-22 19:17:00+00:00,747.02001953125,747.02587890625,746.9500122070312,747.02001953125,32800
2026-09-22 19:18:00+00:00,747.030029296875,747.0999755859375,747.0,747.030029296875,19380
2026-09-22 19:19:00+00:00,747.0449829101562,747.0800170898438,746.9749755859375,747.02001953125,33121
2026-09-22 19:20:00+00:00,747.0150146484375,747.0150146484375,746.8200073242188,746.9099731445312,121339
2026-09-22 19:21:00+00:00,746.9005126953125,746.9176025390625,746.7550048828125,746.8099975585938,40060
2026-09-22 19:22:00+00:00,746.8099975585938,746.844970703125,746.710693359375,746.710693359375,27315
2026-09-22 19:23:00+00:00,746.719970703125,746.8099975585938,746.7050170898438,746.77001953125,23342
2026-09-22 19:24:00+00:00,746.760009765625,747.0,746.719970703125,746.8400268554688,70342
2026-09-22 19:25:00+00:00,746.844970703125,747.2545776367188,746.844970703125,747.1900024414062,86293
2026-09-22 19:26:00+00:00,747.1900024414062,747.3300170898438,747.1799926757812,747.2949829101562,234611
2026-09-22 19:27:00+00:00,747.3099975585938,747.3099975585938,747.1199951171875,747.125,403846
2026-09-22 19:28:00+00:00,747.125,747.27001953125,747.110107421875,747.1950073242188,23206
2026-09-22 19:29:00+00:00,747.1900024414062,747.260009765625,747.1624755859375,747.2050170898438,19256
2026-09-22 19:30:00+00:00,747.2061767578125,747.3099975585938,747.1500244140625,747.260009765625,58315
2026-09-22 19:31:00+00:00,747.2550048828125,747.489990234375,747.25,747.4199829101562,126921
2026-09-22 19:32:00+00:00,747.4199829101562,747.5599975585938,747.3699951171875,747.5499877929688,166623
2026-09-22 19:33:00+00:00,747.5584716796875,747.719970703125,747.52001953125,747.6849975585938,140187
2026-09-22 19:34:00+00:00,747.6799926757812,747.8599853515625,747.6199951171875,747.8200073242188,113786
2026-09-22 19:35:00+00:00,747.8099975585938,747.9000244140625,747.6799926757812,747.8099975585938,117115
2026-09-22 19:36:00+00:00,747.8150024414062,747.8200073242188,747.6199951171875,747.7550048828125,143677
2026-09-22 19:37:00+00:00,747.7550048828125,747.9000244140625,747.6900024414062,747.8300170898438,127473
2026-09-22 19:38:00+00:00,747.8350219726562,747.8499755859375,747.6699829101562,747.7109985351562,123844
2026-09-22 19:39:00+00:00,747.7100219726562,747.8499755859375,747.6199951171875,747.739990234375,80808
2026-09-22 19:40:00+00:00,747.7449951171875,747.77001953125,747.710693359375,747.7119750976562,122536
2026-09-22 19:41:00+00:00,747.719970703125,747.719970703125,747.4000244140625,747.405029296875,94562
2026-09-22 19:42:00+00:00,747.4000244140625,747.4099731445312,747.1699829101562,747.3250122070312,92948
2026-09-22 19:43:00+00:00,747.3250122070312,747.5,747.2899780273438,747.5,75525
2026-09-22 19:44:00+00:00,747.5,747.5800170898438,747.4600219726562,747.5499877929688,170125
2026-09-22 19:45:00+00:00,747.5499877929688,747.7249755859375,747.5499877929688,747.5700073242188,208088
2026-09-22 19:46:00+00:00,747.5700073242188,747.669921875,747.5599975585938,747.6201171875,109337
2026-09-22 19:47:00+00:00,747.635009765625,747.75,747.6300048828125,747.739990234375,90972
2026-09-22 19:48:00+00:00,747.739990234375,747.8099975585938,747.6950073242188,747.780029296875,78302
2026-09-22 19:49:00+00:00,747.77001953125,747.9299926757812,747.6920166015625,747.8900146484375,294226
2026-09-22 19:50:00+00:00,747.875,747.9299926757812,747.4500122070312,747.75,141974
2026-09-22 19:51:00+00:00,747.75,748.030029296875,747.7100219726562,748.030029296875,124740
2026-09-22 19:52:00+00:00,748.0399780273438,748.2899780273438,748.010009765625,748.2098999023438,143313
2026-09-22 19:53:00+00:00,748.2000122070312,748.3489990234375,747.9550170898438,747.9550170898438,151982
2026-09-22 19:54:00+00:00,747.9500122070312,748.030029296875,747.6500244140625,747.7000122070312,160977
2026-09-22 19:55:00+00:00,747.6799926757812,747.6900024414062,747.3099975585938,747.4199829101562,203817
2026-09-22 19:56:00+00:00,747.4099731445312,747.489990234375,747.3300170898438,747.4400024414062,190741
2026-09-22 19:57:00+00:00,747.4450073242188,747.5499877929688,747.3499755859375,747.4600830078125,285923
2026-09-22 19:58:00+00:00,747.4600219726562,747.5599975585938,747.1699829101562,747.1699829101562,241310
2026-09-22 19:59:00+00:00,747.1699829101562,747.5700073242188,747.0900268554688,747.4650268554688,597440
2026-09-23 13:30:00+00:00,746.989990234375,747.1199951171875,745.9199829101562,746.0,1314219
2026-09-23 13:31:00+00:00,746.0499877929688,746.1099853515625,745.4349975585938,745.4979858398438,122376
2026-09-23 13:32:00+00:00,745.3400268554688,745.5800170898438,745.10009765625,745.3699951171875,144185
2026-09-23 13:33:00+00:00,745.3599853515625,745.6362915039062,745.27001953125,745.6199951171875,82553
2026-09-23 13:34:00+00:00,745.6749877929688,745.739990234375,745.0850219726562,745.0850219726562,95725
2026-09-23 13:35:00+00:00,745.0900268554688,745.7999877929688,744.9600830078125,745.2399291992188,98067
2026-09-23 13:36:00+00:00,745.239990234375,745.3800048828125,744.97998046875,745.3499755859375,67462
2026-09-23 13:37:00+00:00,745.3300170898438,745.3599853515625,744.7999877929688,744.9600219726562,60430
2026-09-23 13:38:00+00:00,744.989990234375,745.0449829101562,744.4500122070312,744.4500122070312,109090
2026-09-23 13:39:00+00:00,744.4705810546875,744.969970703125,744.469970703125,744.7999877929688,115565
2026-09-23 13:40:00+00:00,744.773681640625,744.9550170898438,744.5787963867188,744.72998046875,181130
2026-09-23 13:41:00+00:00,744.7150268554688,744.969970703125,744.5562744140625,744.6799926757812,54703
2026-09-23 13:42:00+00:00,744.7080078125,744.919921875,744.530029296875,744.6749877929688,41861
2026-09-23 13:43:00+00:00,744.6799926757812,744.989990234375,744.6300048828125,744.7860107421875,49550
2026-09-23 13:44:00+00:00,744.8099975585938,744.989990234375,744.6909790039062,744.760009765625,30955
2026-09-23 13:45:00+00:00,744.6300048828125,744.9500122070312,744.4500122070312,744.4509887695312,92885
2026-09-23 13:46:00+00:00,744.4600219726562,744.4600219726562,743.8599853515625,743.9099731445312,163762
2026-09-23 13:47:00+00:00,743.885498046875,744.1900024414062,743.4600219726562,744.1300048828125,205037
2026-09-23 13:48:00+00:00,744.0800170898438,744.27001953125,743.8300170898438,743.9450073242188,55226
2026-09-23 13:49:00+00:00,743.9500122070312,743.9550170898438,743.7000122070312,743.9000244140625,294865
2026-09-23 13:50:00+00:00,743.9500122070312,744.1199951171875,743.6690063476562,743.7100219726562,102041
2026-09-23 13:51:00+00:00,743.739990234375,743.739990234375,743.3300170898438,743.405029296875,99154
2026-09-23 13:52:00+00:00,743.3800048828125,743.4199829101562,743.02001953125,743.2598266601562,88921
2026-09-23 13:53:00+00:00,743.2000122070312,743.9299926757812,743.14501953125,743.5850219726562,196218
2026-09-23 13:54:00+00:00,743.5900268554688,743.5900268554688,743.1306762695312,743.2100219726562,64346
2026-09-23 13:55:00+00:00,743.1799926757812,743.2999877929688,742.8300170898438,742.9500122070312,77812
2026-09-23 13:56:00+00:00,742.969970703125,743.1699829101562,742.8099975585938,742.9600219726562,102364
2026-09-23 13:57:00+00:00,742.9299926757812,743.2999877929688,742.9299926757812,743.2100219726562,58521
2026-09-23 13:58:00+00:00,743.2105102539062,743.510009765625,743.1799926757812,743.3300170898438,179272
2026-09-23 13:59:00+00:00,743.3099975585938,743.4188232421875,742.8800048828125,743.1199951171875,291318
2026-09-23 14:00:00+00:00,743.1099853515625,743.6898803710938,743.0599975585938,743.6199951171875,100229
2026-09-23 14:01:00+00:00,743.6223754882812,743.6900024414062,743.2800903320312,743.3201293945312,68715
2026-09-23 14:02:00+00:00,743.3099975585938,743.3499755859375,742.6400756835938,742.6500244140625,143891
2026-09-23 14:03:00+00:00,742.6500244140625,742.760009765625,742.52001953125,742.610107421875,70014
2026-09-23 14:04:00+00:00,742.635498046875,742.8400268554688,742.4600219726562,742.7550048828125,109924
2026-09-23 14:05:00+00:00,742.789794921875,742.9879760742188,742.4500122070312,742.4500122070312,90732
2026-09-23 14:06:00+00:00,742.4400024414062,742.5349731445312,742.20458984375,742.260009765625,81673
2026-09-23 14:07:00+00:00,742.25,742.280029296875,741.5900268554688,741.5900268554688,151173
2026-09-23 14:08:00+00:00,741.5850219726562,741.8198852539062,741.4829711914062,741.5,118283
2026-09-23 14:09:00+00:00,741.4849853515625,741.5999755859375,741.1699829101562,741.2100219726562,111121
2026-09-23 14:10:00+00:00,741.239990234375,741.3499755859375,740.5599975585938,740.780029296875,213776
2026-09-23 14:11:00+00:00,740.75,740.77001953125,740.030029296875,740.4600219726562,270011
2026-09-23 14:12:00+00:00,740.4500122070312,740.6799926757812,740.0750122070312,740.0750122070312,362836
2026-09-23 14:13:00+00:00,740.0900268554688,740.2100219726562,739.6699829101562,739.9805297851562,260464
2026-09-23 14:14:00+00:00,739.97998046875,740.239990234375,739.7899780273438,740.030029296875,138583
2026-09-23 14:15:00+00:00,740.0250244140625,740.530029296875,739.72998046875,740.510009765625,207137
2026-09-23 14:16:00+00:00,740.5198974609375,740.5499877929688,740.0,740.1950073242188,145847
2026-09-23 14:17:00+00:00,740.2100219726562,740.27001953125,739.298828125,739.405029296875,169822
2026-09-23 14:18:00+00:00,739.4219970703125,739.469970703125,739.0399780273438,739.2103271484375,128760
2026-09-23 14:19:00+00:00,739.2100219726562,739.3499755859375,738.8800048828125,738.9102172851562,149300
2026-09-23 14:20:00+00:00,738.9099731445312,739.5800170898438,738.655029296875,739.3900146484375,181783
2026-09-23 14:21:00+00:00,739.3300170898438,739.3900146484375,738.7349853515625,738.780029296875,129357
2026-09-23 14:22:00+00:00,738.780029296875,738.8200073242188,738.3200073242188,738.3800048828125,184796
2026-09-23 14:23:00+00:00,738.3699951171875,738.789794921875,738.239990234375,738.7000122070312,135274
2026-09-23 14:24:00+00:00,738.6925048828125,738.9500122070312,738.470703125,738.9199829101562,103488
2026-09-23 14:25:00+00:00,738.9299926757812,739.4199829101562,738.780029296875,738.9099731445312,176669
2026-09-23 14:26:00+00:00,738.8599853515625,739.010009765625,738.1909790039062,738.3499755859375,120489
2026-09-23 14:27:00+00:00,738.3599853515625,738.8900146484375,738.3499755859375,738.77001953125,98097
2026-09-23 14:28:00+00:00,738.780029296875,739.2349853515625,738.760009765625,739.1298828125,94744
2026-09-23 14:29:00+00:00,739.1300048828125,739.3800048828125,739.0,739.0900268554688,77261
2026-09-23 14:30:00+00:00,739.0800170898438,739.47998046875,739.0499877929688,739.1300048828125,92202
2026-09-23 14:31:00+00:00,739.1500244140625,739.25,738.5800170898438,739.010009765625,124408
2026-09-23 14:32:00+00:00,738.989990234375,739.719970703125,738.9299926757812,739.5250244140625,105017
2026-09-23 14:33:00+00:00,739.530029296875,739.9000244140625,739.469970703125,739.7487182617188,115855
2026-09-23 14:34:00+00:00,739.7449951171875,740.0999755859375,739.6500244140625,740.0499877929688,145502
2026-09-23 14:35:00+00:00,740.0449829101562,740.4749755859375,740.02001953125,740.3200073242188,116915
2026-09-23 14:36:00+00:00,740.3369750976562,740.3499755859375,740.0103759765625,740.1300048828125,124205
2026-09-23 14:37:00+00:00,740.1099853515625,740.4299926757812,739.77197265625,739.8800048828125,156217
2026-09-23 14:38:00+00:00,739.9000244140625,739.9249877929688,739.4000244140625,739.4349975585938,60861
2026-09-23 14:39:00+00:00,739.4500122070312,739.619873046875,739.260009765625,739.469970703125,45234
2026-09-23 14:40:00+00:00,739.510009765625,739.7899780273438,739.3599853515625,739.7899780273438,55783
2026-09-23 14:41:00+00:00,739.77001953125,739.94140625,739.5999145507812,739.635009765625,34040
2026-09-23 14:42:00+00:00,739.6699829101562,739.72998046875,739.4421997070312,739.5701293945312,40797
2026-09-23 14:43:00+00:00,739.5050048828125,739.760009765625,739.35009765625,739.7000122070312,25433
2026-09-23 14:44:00+00:00,739.7000122070312,740.0700073242188,739.6799926757812,740.0499877929688,52876
2026-09-23 14:45:00+00:00,740.030029296875,740.489990234375,740.030029296875,740.3151245117188,97240
2026-09-23 14:46:00+00:00,740.3200073242188,740.469482421875,740.0499877929688,740.3051147460938,66626
2026-09-23 14:47:00+00:00,740.3400268554688,740.4600219726562,740.1099853515625,740.125,42529
2026-09-23 14:48:00+00:00,740.1599731445312,740.4600219726562,740.1199951171875,740.25,46115
2026-09-23 14:49:00+00:00,740.260009765625,740.4500122070312,740.2150268554688,740.3400268554688,53768
2026-09-23 14:50:00+00:00,740.35009765625,740.489990234375,739.9500122070312,739.9675903320312,45693
2026-09-23 14:51:00+00:00,739.9749755859375,741.2100219726562,739.9000244140625,740.6939697265625,207379
2026-09-23 14:52:00+00:00,740.7000122070312,741.1099243164062,740.5599975585938,741.0999755859375,126322
2026-09-23 14:53:00+00:00,741.0999755859375,742.4299926757812,741.0999755859375,742.35498046875,292471
2026-09-23 14:54:00+00:00,742.3499755859375,742.5599975585938,741.97998046875,742.2999267578125,201889
2026-09-23 14:55:00+00:00,742.280029296875,742.5399780273438,741.5,742.2999877929688,205263
2026-09-23 14:56:00+00:00,742.2949829101562,742.39501953125,742.1799926757812,742.239990234375,55685
2026-09-23 14:57:00+00:00,742.2249755859375,742.530029296875,742.0,742.4207763671875,115578
2026-09-23 14:58:00+00:00,742.4201049804688,742.4299926757812,742.25,742.280029296875,43513
2026-09-23 14:59:00+00:00,742.2999877929688,742.5999755859375,742.2650146484375,742.5150146484375,78421
2026-09-23 15:00:00+00:00,742.5579833984375,742.5700073242188,742.0800170898438,742.2899780273438,78923
2026-09-23 15:01:00+00:00,742.3074951171875,742.635009765625,742.3074951171875,742.3800048828125,97363
2026-09-23 15:02:00+00:00,742.4650268554688,742.489990234375,742.0927124023438,742.1300048828125,39400
2026-09-23 15:03:00+00:00,742.2000122070312,742.2080078125,741.860107421875,742.0963134765625,101343
2026-09-23 15:04:00+00:00,742.0599975585938,742.10888671875,741.8499755859375,742.063720703125,41894
2026-09-23 15:05:00+00:00,742.0582275390625,742.1199951171875,741.8400268554688,741.8499755859375,56962
2026-09-23 15:06:00+00:00,741.89501953125,742.02001953125,741.7899780273438,741.8599853515625,34222
2026-09-23 15:07:00+00:00,741.9299926757812,742.239990234375,741.8900146484375,742.1300048828125,95657
2026-09-23 15:08:00+00:00,742.1300048828125,742.3400268554688,742.1199951171875,742.2949829101562,33954
2026-09-23 15:09:00+00:00,742.2694702148438,742.2899780273438,742.080078125,742.0900268554688,31860
2026-09-23 15:10:00+00:00,742.0800170898438,742.0999755859375,741.9000244140625,741.9700927734375,33065
2026-09-23 15:11:00+00:00,741.9500122070312,742.1199951171875,741.7000122070312,741.8099975585938,33322
2026-09-23 15:12:00+00:00,741.8099975585938,742.010009765625,741.6199951171875,742.010009765625,85065
2026-09-23 15:13:00+00:00,742.0,742.0,741.590087890625,741.7150268554688,44427
2026-09-23 15:14:00+00:00,741.75,741.8099975585938,741.64501953125,741.7150268554688,35989
2026-09-23 15:15:00+00:00,741.7150268554688,742.0050048828125,741.7150268554688,741.875,149741
2026-09-23 15:16:00+00:00,741.8699951171875,741.9550170898438,741.54052734375,741.655029296875,46232
2026-09-23 15:17:00+00:00,741.625,741.625,740.9600219726562,741.2249755859375,167822
2026-09-23 15:18:00+00:00,741.2349853515625,741.4249877929688,741.1799926757812,741.3226928710938,25817
2026-09-23 15:19:00+00:00,741.372802734375,741.77001953125,741.364990234375,741.6553955078125,33908
2026-09-23 15:20:00+00:00,741.6500244140625,741.7828979492188,741.5700073242188,741.648193359375,41699
2026-09-23 15:21:00+00:00,741.5999755859375,742.010009765625,741.5,741.9346923828125,90593
2026-09-23 15:22:00+00:00,742.02001953125,742.4005126953125,742.02001953125,742.3200073242188,78967
2026-09-23 15:23:00+00:00,742.3099975585938,742.3599853515625,742.094970703125,742.239990234375,30193
2026-09-23 15:24:00+00:00,742.260009765625,742.2901000976562,742.0700073242188,742.2000122070312,43927
2026-09-23 15:25:00+00:00,742.1699829101562,742.3298950195312,742.0800170898438,742.2999877929688,52935
2026-09-23 15:26:00+00:00,742.3200073242188,742.3900146484375,742.0499877929688,742.2249755859375,24518
2026-09-23 15:27:00+00:00,742.2136840820312,742.2136840820312,741.9600219726562,742.0700073242188,31126
2026-09-23 15:28:00+00:00,742.030029296875,742.030029296875,741.4801025390625,741.4801025390625,44590
2026-09-23 15:29:00+00:00,741.510009765625,741.52001953125,741.260009765625,741.3350219726562,56999
2026-09-23 15:30:00+00:00,741.3309936523438,741.3499145507812,741.1400146484375,741.280029296875,97608
2026-09-23 15:31:00+00:00,741.280029296875,741.510009765625,741.2100219726562,741.3900146484375,47141
2026-09-23 15:32:00+00:00,741.3900146484375,741.4849853515625,741.1900024414062,741.2000122070312,93087
2026-09-23 15:33:00+00:00,741.219970703125,741.4251098632812,741.1500244140625,741.3499755859375,96227
2026-09-23 15:34:00+00:00,741.3798828125,741.5599975585938,741.2899780273438,741.2899780273438,23394
2026-09-23 15:35:00+00:00,741.27001953125,741.4500122070312,741.0599975585938,741.3300170898438,98116
2026-09-23 15:36:00+00:00,741.3300170898438,741.4299926757812,741.0700073242188,741.090087890625,42346
2026-09-23 15:37:00+00:00,741.0900268554688,741.1599731445312,740.969970703125,741.155029296875,29566
2026-09-23 15:38:00+00:00,741.2050170898438,741.3599243164062,741.155029296875,741.260009765625,34823
2026-09-23 15:39:00+00:00,741.260009765625,741.4400024414062,741.0507202148438,741.1599731445312,45894
2026-09-23 15:40:00+00:00,741.1799926757812,741.1799926757812,741.02001953125,741.0800170898438,32570
2026-09-23 15:41:00+00:00,741.0900268554688,741.1599731445312,740.9099731445312,740.9520263671875,39888
2026-09-23 15:42:00+00:00,740.9600219726562,741.219970703125,740.9400024414062,741.2000122070312,40117
2026-09-23 15:43:00+00:00,741.239990234375,741.469970703125,741.1199951171875,741.4401245117188,42924
2026-09-23 15:44:00+00:00,741.469970703125,741.567626953125,741.3699951171875,741.530029296875,93130
2026-09-23 15:45:00+00:00,741.52001953125,741.6199951171875,741.4005126953125,741.4650268554688,44103
2026-09-23 15:46:00+00:00,741.5700073242188,741.5700073242188,741.347900390625,741.4299926757812,24085
2026-09-23 15:47:00+00:00,741.4354858398438,741.4354858398438,740.7899780273438,740.9172973632812,49377
2026-09-23 15:48:00+00:00,740.9219970703125,741.0399780273438,740.4600219726562,740.5599975585938,57630
2026-09-23 15:49:00+00:00,740.5697021484375,740.6300048828125,740.360107421875,740.5399780273438,58687
2026-09-23 15:50:00+00:00,740.5297241210938,740.6400146484375,740.4400024414062,740.5499877929688,25496
2026-09-23 15:51:00+00:00,740.5800170898438,740.5800170898438,740.1400146484375,740.2899780273438,55356
2026-09-23 15:52:00+00:00,740.280029296875,740.739990234375,740.25,740.4500122070312,50453
2026-09-23 15:53:00+00:00,740.3900146484375,740.530029296875,740.219970703125,740.510009765625,19384
2026-09-23 15:54:00+00:00,740.5599975585938,740.8400268554688,740.5250244140625,740.8400268554688,27700
2026-09-23 15:55:00+00:00,740.8699951171875,740.9299926757812,740.7435913085938,740.77001953125,32188
2026-09-23 15:56:00+00:00,740.7305297851562,740.7410278320312,740.469970703125,740.5599975585938,28855
2026-09-23 15:57:00+00:00,740.5499877929688,740.5900268554688,740.47998046875,740.5,23488
2026-09-23 15:58:00+00:00,740.5800170898438,740.7000122070312,740.5,740.5869750976562,51609
2026-09-23 15:59:00+00:00,740.6099853515625,740.7291259765625,740.530029296875,740.7100219726562,48880
2026-09-23 16:00:00+00:00,740.6799926757812,740.72998046875,740.4525146484375,740.469970703125,25239
2026-09-23 16:01:00+00:00,740.47998046875,740.510009765625,740.2899780273438,740.39501953125,23907
2026-09-23 16:02:00+00:00,740.3599853515625,740.4500122070312,740.3200073242188,740.3400268554688,17970
2026-09-23 16:03:00+00:00,740.3447875976562,740.4199829101562,740.2501220703125,740.4199829101562,27132
2026-09-23 16:04:00+00:00,740.4099731445312,740.6300048828125,740.3699951171875,740.5499267578125,23808
2026-09-23 16:05:00+00:00,740.510009765625,740.5449829101562,740.4099731445312,740.4299926757812,10943
2026-09-23 16:06:00+00:00,740.4450073242188,740.6199951171875,740.3300170898438,740.364990234375,29388
2026-09-23 16:07:00+00:00,740.3599853515625,740.6500244140625,740.3499755859375,740.5700073242188,31613
2026-09-23 16:08:00+00:00,740.6279907226562,740.7999877929688,740.6262817382812,740.7150268554688,108004
2026-09-23 16:09:00+00:00,740.719970703125,740.75,740.5651245117188,740.6699829101562,16946
2026-09-23 16:10:00+00:00,740.669921875,740.72998046875,740.5700073242188,740.6798706054688,22455
2026-09-23 16:11:00+00:00,740.6345825195312,740.6500244140625,740.52001953125,740.64501953125,19112
2026-09-23 16:12:00+00:00,740.6400146484375,740.7899780273438,740.5650024414062,740.6599731445312,35467
2026-09-23 16:13:00+00:00,740.6300048828125,740.6699829101562,740.5399780273438,740.6380004882812,9822
2026-09-23 16:14:00+00:00,740.625,740.6950073242188,740.5,740.655029296875,13950
2026-09-23 16:15:00+00:00,740.6500244140625,740.8900146484375,740.5599975585938,740.8499755859375,26906
2026-09-23 16:16:00+00:00,740.8200073242188,740.9099731445312,740.5900268554688,740.5900268554688,43401
2026-09-23 16:17:00+00:00,740.6099853515625,740.6400146484375,740.38037109375,740.510009765625,31521
2026-09-23 16:18:00+00:00,740.489990234375,740.530029296875,740.2999877929688,740.3997192382812,28817
2026-09-23 16:19:00+00:00,740.3900146484375,740.4979858398438,740.2100219726562,740.489990234375,49306
2026-09-23 16:20:00+00:00,740.4849853515625,740.489990234375,740.06201171875,740.2050170898438,32824
2026-09-23 16:21:00+00:00,740.1699829101562,740.1799926757812,740.0399780273438,740.0800170898438,38135
2026-09-23 16:22:00+00:00,740.0700073242188,740.25,739.9401245117188,740.2327880859375,46614
2026-09-23 16:23:00+00:00,740.22998046875,740.280029296875,740.0800170898438,740.110107421875,27461
2026-09-23 16:24:00+00:00,740.1649780273438,740.3300170898438,740.0499877929688,740.1300048828125,20105
2026-09-23 16:25:00+00:00,740.1998901367188,740.4400024414062,740.1998901367188,740.4349975585938,23497
2026-09-23 16:26:00+00:00,740.4199829101562,740.4219970703125,740.030029296875,740.080078125,43364
2026-09-23 16:27:00+00:00,740.0861206054688,740.2406005859375,740.0800170898438,740.1900024414062,35787
2026-09-23 16:28:00+00:00,740.2000122070312,740.2100219726562,740.0650024414062,740.1749877929688,33946
2026-09-23 16:29:00+00:00,740.1799926757812,740.25,740.1110229492188,740.1599731445312,14811
2026-09-23 16:30:00+00:00,740.1749877929688,740.5900268554688,740.1749877929688,740.5549926757812,61556
2026-09-23 16:31:00+00:00,740.5599975585938,740.6900024414062,740.4600219726562,740.6600952148438,41729
2026-09-23 16:32:00+00:00,740.6500244140625,740.7999877929688,740.618408203125,740.6950073242188,33335
2026-09-23 16:33:00+00:00,740.6849975585938,740.75,740.5499877929688,740.6583862304688,33170
2026-09-23 16:34:00+00:00,740.64501953125,740.64501953125,740.5,740.5850219726562,12647
2026-09-23 16:35:00+00:00,740.594970703125,740.753173828125,740.4805908203125,740.530029296875,23861
2026-09-23 16:36:00+00:00,740.5850219726562,740.6849975585938,740.5750122070312,740.6649780273438,12009
2026-09-23 16:37:00+00:00,740.6599731445312,740.6799926757812,740.3953247070312,740.4450073242188,38819
2026-09-23 16:38:00+00:00,740.4400024414062,740.5250244140625,740.3400268554688,740.3715209960938,14241
2026-09-23 16:39:00+00:00,740.3339233398438,740.3499755859375,740.1699829101562,740.3200073242188,25829
2026-09-23 16:40:00+00:00,740.239990234375,740.2880249023438,740.0,740.0,47008
2026-09-23 16:41:00+00:00,740.0,740.0,739.7899780273438,739.9000244140625,101281
2026-09-23 16:42:00+00:00,739.8699951171875,740.010009765625,739.77001953125,739.77099609375,32504
2026-09-23 16:43:00+00:00,739.77001953125,739.8099975585938,739.6950073242188,739.7349853515625,45200
2026-09-23 16:44:00+00:00,739.739990234375,739.739990234375,739.4600219726562,739.4896240234375,42444
2026-09-23 16:45:00+00:00,739.469970703125,739.7349853515625,739.2899780273438,739.5900268554688,83751
2026-09-23 16:46:00+00:00,739.5819702148438,739.8300170898438,739.530029296875,739.7750244140625,91357
2026-09-23 16:47:00+00:00,739.8200073242188,740.0499877929688,739.77001953125,739.77001953125,42302
2026-09-23 16:48:00+00:00,739.760009765625,739.760009765625,739.5800170898438,739.72998046875,26256
2026-09-23 16:49:00+00:00,739.739990234375,739.739990234375,739.3499755859375,739.4299926757812,38906
2026-09-23 16:50:00+00:00,739.4299926757812,739.4393920898438,739.030029296875,739.1199951171875,184568
2026-09-23 16:51:00+00:00,739.1199951171875,739.1300048828125,738.7999877929688,738.9500122070312,70647
2026-09-23 16:52:00+00:00,738.923828125,739.22998046875,738.911376953125,739.0999755859375,53599
2026-09-23 16:53:00+00:00,739.0900268554688,739.0999755859375,738.8701171875,738.9869995117188,39177
2026-09-23 16:54:00+00:00,738.969970703125,739.0900268554688,738.8610229492188,738.8699951171875,49405
2026-09-23 16:55:00+00:00,738.8599853515625,739.1699829101562,738.8250122070312,739.0700073242188,50538
2026-09-23 16:56:00+00:00,739.0549926757812,739.2100219726562,738.9600219726562,739.2100219726562,36476
2026-09-23 16:57:00+00:00,739.1799926757812,739.385009765625,738.9600219726562,738.9650268554688,72291
2026-09-23 16:58:00+00:00,738.989990234375,739.3200073242188,738.9299926757812,739.280029296875,58452
2026-09-23 16:59:00+00:00,739.260009765625,739.4400024414062,739.25,739.260009765625,51644
2026-09-23 17:00:00+00:00,739.27001953125,739.5599975585938,739.239990234375,739.5599975585938,77484
2026-09-23 17:01:00+00:00,739.4937744140625,739.7349853515625,739.469970703125,739.661376953125,59517
2026-09-23 17:02:00+00:00,739.6599731445312,739.6599731445312,738.5800170898438,738.635009765625,241750
2026-09-23 17:03:00+00:00,738.6199951171875,738.8699951171875,738.3300170898438,738.4099731445312,98340
2026-09-23 17:04:00+00:00,738.3510131835938,738.5900268554688,738.260009765625,738.530029296875,95184
2026-09-23 17:05:00+00:00,738.5599975585938,738.9199829101562,738.52001953125,738.739990234375,71757
2026-09-23 17:06:00+00:00,738.7349853515625,738.8400268554688,738.4005737304688,738.6199951171875,66973
2026-09-23 17:07:00+00:00,738.635009765625,738.760009765625,738.547607421875,738.5499877929688,58327
2026-09-23 17:08:00+00:00,738.5800170898438,738.7849731445312,738.530029296875,738.780029296875,36094
2026-09-23 17:09:00+00:00,738.760009765625,739.0750122070312,738.6799926757812,738.9600219726562,50365
2026-09-23 17:10:00+00:00,738.97998046875,739.0150146484375,738.6300048828125,738.7000122070312,60586
2026-09-23 17:11:00+00:00,738.7000732421875,738.9650268554688,738.4804077148438,738.4909057617188,196971
2026-09-23 17:12:00+00:00,738.4998779296875,738.6699829101562,738.4600219726562,738.6099853515625,69428
2026-09-23 17:13:00+00:00,738.5650024414062,738.72998046875,738.489990234375,738.72998046875,47833
2026-09-23 17:14:00+00:00,738.7100219726562,738.8499755859375,738.6099853515625,738.7999877929688,46061
2026-09-23 17:15:00+00:00,738.7138061523438,739.1699829101562,738.6799926757812,739.1265869140625,41937
2026-09-23 17:16:00+00:00,739.125,739.1788940429688,738.9500122070312,739.14501953125,47916
2026-09-23 17:17:00+00:00,739.1099853515625,739.4879760742188,739.0701293945312,739.405029296875,73925
2026-09-23 17:18:00+00:00,739.4000244140625,739.635009765625,739.3800048828125,739.6279907226562,29290
2026-09-23 17:19:00+00:00,739.6199951171875,740.1099853515625,739.5999755859375,740.0399780273438,69000
2026-09-23 17:20:00+00:00,740.0599975585938,740.0700073242188,739.801025390625,739.8900146484375,46577
2026-09-23 17:21:00+00:00,739.9000244140625,739.989990234375,739.6749877929688,739.6749877929688,29515
2026-09-23 17:22:00+00:00,739.7200927734375,740.0468139648438,739.6799926757812,739.9201049804688,48100
2026-09-23 17:23:00+00:00,739.9299926757812,739.97998046875,739.5900268554688,739.594970703125,66971
2026-09-23 17:24:00+00:00,739.6148071289062,739.6148071289062,739.0800170898438,739.0800170898438,219616
2026-09-23 17:25:00+00:00,739.0700073242188,739.2899780273438,738.97998046875,739.260009765625,47267
2026-09-23 17:26:00+00:00,739.2100219726562,739.27001953125,739.0399780273438,739.2698974609375,20500
2026-09-23 17:27:00+00:00,739.22998046875,739.22998046875,739.1099853515625,739.139892578125,16219
2026-09-23 17:28:00+00:00,739.1500244140625,739.2100219726562,739.0399780273438,739.114990234375,161186
2026-09-23 17:29:00+00:00,739.0850219726562,739.1300048828125,738.9500122070312,739.0499877929688,18454
2026-09-23 17:30:00+00:00,739.0399780273438,739.0399780273438,738.864990234375,739.0,49493
2026-09-23 17:31:00+00:00,738.9749755859375,739.27001953125,738.9000244140625,739.2550048828125,33961
2026-09-23 17:32:00+00:00,739.2449951171875,739.260009765625,738.9099731445312,739.260009765625,24581
2026-09-23 17:33:00+00:00,739.2550048828125,739.5499877929688,739.1699829101562,739.530029296875,49821
2026-09-23 17:34:00+00:00,739.5399780273438,739.5842895507812,739.4710083007812,739.5598754882812,26250
2026-09-23 17:35:00+00:00,739.5399780273438,739.5399780273438,739.2849731445312,739.3049926757812,29207
2026-09-23 17:36:00+00:00,739.2999877929688,739.4199829101562,739.2349853515625,739.4122924804688,26055
2026-09-23 17:37:00+00:00,739.405029296875,739.6099853515625,739.3900146484375,739.5700073242188,29054
2026-09-23 17:38:00+00:00,739.5700073242188,739.6500244140625,739.469970703125,739.5399780273438,21017
2026-09-23 17:39:00+00:00,739.5700073242188,739.5800170898438,739.3699951171875,739.4100952148438,17279
2026-09-23 17:40:00+00:00,739.427001953125,739.8099975585938,739.1749877929688,739.4099731445312,112491
2026-09-23 17:41:00+00:00,739.4400024414062,740.0,739.4199829101562,739.8499755859375,35987
2026-09-23 17:42:00+00:00,739.8099975585938,740.27001953125,739.7999877929688,740.2349853515625,62734
2026-09-23 17:43:00+00:00,740.2598876953125,740.8499145507812,740.2598876953125,740.780029296875,165480
2026-09-23 17:44:00+00:00,740.7999877929688,740.844970703125,740.60498046875,740.7000122070312,68139
2026-09-23 17:45:00+00:00,740.6599731445312,740.7899780273438,740.5,740.7550048828125,49733
2026-09-23 17:46:00+00:00,740.739990234375,741.0399780273438,740.72998046875,740.760009765625,60594
2026-09-23 17:47:00+00:00,740.7349853515625,740.8037109375,740.5900268554688,740.6400146484375,36845
2026-09-23 17:48:00+00:00,740.6400146484375,740.6599731445312,740.4249877929688,740.602783203125,44481
2026-09-23 17:49:00+00:00,740.5700073242188,740.77001953125,740.5700073242188,740.7249755859375,26059
2026-09-23 17:50:00+00:00,740.7000122070312,740.9099731445312,740.6749877929688,740.7899780273438,35532
2026-09-23 17:51:00+00:00,740.8099975585938,740.85498046875,740.6849975585938,740.7249755859375,47138
2026-09-23 17:52:00+00:00,740.7589721679688,740.8200073242188,740.655029296875,740.8099975585938,30589
2026-09-23 17:53:00+00:00,740.8099975585938,740.9406127929688,740.64501953125,740.7000122070312,527542
2026-09-23 17:54:00+00:00,740.6500244140625,740.9099731445312,740.5,740.75,31176
2026-09-23 17:55:00+00:00,740.8599853515625,740.8699951171875,740.7100219726562,740.72998046875,18325
2026-09-23 17:56:00+00:00,740.739990234375,740.8991088867188,740.7119140625,740.8328857421875,51877
2026-09-23 17:57:00+00:00,740.8350219726562,741.1599731445312,740.7550048828125,741.1199951171875,54004
2026-09-23 17:58:00+00:00,741.125,741.22998046875,741.1199951171875,741.1950073242188,61965
2026-09-23 17:59:00+00:00,741.2000122070312,741.3350219726562,741.1500244140625,741.280029296875,100947
2026-09-23 18:00:00+00:00,741.27001953125,741.2849731445312,741.0599975585938,741.1900024414062,90036
2026-09-23 18:01:00+00:00,741.1649780273438,741.1900024414062,740.9301147460938,741.02001953125,72233
2026-09-23 18:02:00+00:00,741.02001953125,741.030029296875,740.7999267578125,740.8298950195312,53676
2026-09-23 18:03:00+00:00,740.8300170898438,740.8300170898438,740.5300903320312,740.5800170898438,84453
2026-09-23 18:04:00+00:00,740.5599975585938,740.5601196289062,740.239990234375,740.2951049804688,70119
2026-09-23 18:05:00+00:00,740.2520141601562,740.480224609375,740.1962280273438,740.4749755859375,58050
2026-09-23 18:06:00+00:00,740.47998046875,740.719970703125,740.4598999023438,740.5850219726562,105563
2026-09-23 18:07:00+00:00,740.5800170898438,740.6300048828125,740.489990234375,740.60498046875,796097
2026-09-23 18:08:00+00:00,740.6099853515625,740.6900024414062,740.556884765625,740.6099853515625,54874
2026-09-23 18:09:00+00:00,740.6076049804688,740.6076049804688,740.4099731445312,740.52001953125,31546
2026-09-23 18:10:00+00:00,740.5180053710938,740.7000122070312,740.5,740.510009765625,66420
2026-09-23 18:11:00+00:00,740.47998046875,740.6400146484375,740.47998046875,740.5449829101562,83162
2026-09-23 18:12:00+00:00,740.5850219726562,740.5850219726562,740.4705200195312,740.5499267578125,58712
2026-09-23 18:13:00+00:00,740.5850219726562,740.6799926757812,740.5399780273438,740.614990234375,42807
2026-09-23 18:14:00+00:00,740.6300048828125,740.7000122070312,740.5700073242188,740.6900024414062,36084
2026-09-23 18:15:00+00:00,740.7000122070312,740.8300170898438,740.5999755859375,740.7999877929688,59495
2026-09-23 18:16:00+00:00,740.8250122070312,740.989990234375,740.739990234375,740.7849731445312,61392
2026-09-23 18:17:00+00:00,740.7899780273438,741.010009765625,740.7899780273438,741.010009765625,77385
2026-09-23 18:18:00+00:00,741.010009765625,741.239990234375,740.97998046875,741.2374267578125,50853
2026-09-23 18:19:00+00:00,741.239990234375,741.2550048828125,740.989990234375,741.0700073242188,54891
2026-09-23 18:20:00+00:00,741.030029296875,741.0900268554688,740.9500122070312,741.0,57915
2026-09-23 18:21:00+00:00,740.969970703125,741.010009765625,740.75,740.8250122070312,46307
2026-09-23 18:22:00+00:00,740.8250122070312,740.9099731445312,740.8200073242188,740.8798828125,37394
2026-09-23 18:23:00+00:00,740.864990234375,741.0200805664062,740.7449951171875,740.9749755859375,36105
2026-09-23 18:24:00+00:00,740.969970703125,741.0750122070312,740.9500122070312,741.0549926757812,34596
2026-09-23 18:25:00+00:00,741.0650024414062,741.1400146484375,740.9249877929688,740.9249877929688,34777
2026-09-23 18:26:00+00:00,740.9299926757812,741.0698852539062,740.9199829101562,740.9400024414062,31750
2026-09-23 18:27:00+00:00,740.9600219726562,741.1300048828125,740.9600219726562,740.989990234375,77434
2026-09-23 18:28:00+00:00,740.989990234375,741.02001953125,740.880126953125,740.9500122070312,30976
2026-09-23 18:29:00+00:00,740.969970703125,741.02001953125,740.844970703125,740.9365234375,20483
2026-09-23 18:30:00+00:00,740.9349975585938,740.969970703125,740.6719970703125,740.6719970703125,32737
2026-09-23 18:31:00+00:00,740.7000122070312,740.7349853515625,740.5800170898438,740.7000122070312,35105
2026-09-23 18:32:00+00:00,740.6749877929688,740.7449951171875,740.611572265625,740.739990234375,35336
2026-09-23 18:33:00+00:00,740.7449951171875,740.7750244140625,740.6749877929688,740.6950073242188,16247
2026-09-23 18:34:00+00:00,740.7000122070312,740.8200073242188,740.5700073242188,740.72998046875,19963
2026-09-23 18:35:00+00:00,740.760009765625,740.8800048828125,740.75,740.8200073242188,13816
2026-09-23 18:36:00+00:00,740.80126953125,740.85009765625,740.6799926757812,740.6799926757812,37937
2026-09-23 18:37:00+00:00,740.6599731445312,740.6599731445312,740.4425048828125,740.4500122070312,27944
2026-09-23 18:38:00+00:00,740.4349975585938,740.4500122070312,740.219970703125,740.3400268554688,53449
2026-09-23 18:39:00+00:00,740.3350219726562,740.4099731445312,740.260009765625,740.3400268554688,42269
2026-09-23 18:40:00+00:00,740.3300170898438,740.5573120117188,740.3300170898438,740.52001953125,27318
2026-09-23 18:41:00+00:00,740.489990234375,740.6199951171875,740.4099731445312,740.4500122070312,15314
2026-09-23 18:42:00+00:00,740.4500122070312,740.6500244140625,740.4500122070312,740.5999755859375,39230
2026-09-23 18:43:00+00:00,740.6749877929688,740.8150024414062,740.6699829101562,740.7449951171875,12615
2026-09-23 18:44:00+00:00,740.75,740.77001953125,740.6699829101562,740.6799926757812,15492
2026-09-23 18:45:00+00:00,740.719970703125,740.72998046875,740.6300048828125,740.6799926757812,9392
2026-09-23 18:46:00+00:00,740.6599731445312,740.7050170898438,740.5499877929688,740.6099243164062,11288
2026-09-23 18:47:00+00:00,740.5900268554688,740.739990234375,740.5900268554688,740.6400146484375,11195
2026-09-23 18:48:00+00:00,740.64990234375,740.9400024414062,740.6057739257812,740.9299926757812,18744
2026-09-23 18:49:00+00:00,740.9400024414062,741.0650024414062,740.9299926757812,741.0499877929688,71986
2026-09-23 18:50:00+00:00,741.0599975585938,741.1799926757812,740.9666137695312,740.97998046875,109604
2026-09-23 18:51:00+00:00,740.989990234375,741.02001953125,740.9199829101562,740.969970703125,13019
2026-09-23 18:52:00+00:00,740.969970703125,741.0,740.6701049804688,740.7249755859375,31394
2026-09-23 18:53:00+00:00,740.719970703125,740.8723754882812,740.6900024414062,740.8499755859375,19035
2026-09-23 18:54:00+00:00,740.8599853515625,740.8599853515625,740.7100219726562,740.719970703125,5552
2026-09-23 18:55:00+00:00,740.75,741.0499877929688,740.719970703125,741.0349731445312,26084
2026-09-23 18:56:00+00:00,741.0499877929688,741.0800170898438,741.010009765625,741.0599975585938,42674
2026-09-23 18:57:00+00:00,741.0549926757812,741.0800170898438,740.97998046875,741.0700073242188,20809
2026-09-23 18:58:00+00:00,741.0900268554688,741.1300048828125,741.0399780273438,741.0700073242188,10924
2026-09-23 18:59:00+00:00,741.1099853515625,741.1500244140625,741.0,741.02001953125,30291
2026-09-23 19:00:00+00:00,741.0449829101562,741.0700073242188,740.8200073242188,741.0399780273438,18793
2026-09-23 19:01:00+00:00,741.0599975585938,741.1663208007812,740.989990234375,741.010009765625,26649
2026-09-23 19:02:00+00:00,741.0,741.0650024414062,740.9099731445312,740.9594116210938,11213
2026-09-23 19:03:00+00:00,740.969970703125,740.9749755859375,740.5800170898438,740.5999755859375,20122
2026-09-23 19:04:00+00:00,740.5999755859375,740.7000122070312,740.5900268554688,740.6099243164062,15235
2026-09-23 19:05:00+00:00,740.6199951171875,740.7789916992188,740.5700073242188,740.73388671875,35185
2026-09-23 19:06:00+00:00,740.7150268554688,741.0599975585938,740.6799926757812,741.0487060546875,17504
2026-09-23 19:07:00+00:00,741.0700073242188,741.47998046875,741.0601196289062,741.3839111328125,47190
2026-09-23 19:08:00+00:00,741.3800048828125,741.5296020507812,741.3499755859375,741.469970703125,22829
2026-09-23 19:09:00+00:00,741.4603881835938,741.4899291992188,741.14501953125,741.25,35105
2026-09-23 19:10:00+00:00,741.222412109375,741.3300170898438,741.155029296875,741.1699829101562,138984
2026-09-23 19:11:00+00:00,741.1699829101562,741.2899780273438,741.1400146484375,741.2100219726562,30231
2026-09-23 19:12:00+00:00,741.25,741.25,740.9600219726562,740.9849853515625,37699
2026-09-23 19:13:00+00:00,740.9400024414062,741.0250244140625,740.8121948242188,741.0250244140625,25496
2026-09-23 19:14:00+00:00,741.0399169921875,741.0599975585938,740.969970703125,741.0250244140625,127148
2026-09-23 19:15:00+00:00,741.0549926757812,741.0999755859375,740.6799926757812,740.6950073242188,18869
2026-09-23 19:16:00+00:00,740.6900024414062,740.6950073242188,740.5250244140625,740.6099853515625,54737
2026-09-23 19:17:00+00:00,740.5999755859375,740.6801147460938,740.5599975585938,740.6799926757812,282721
2026-09-23 19:18:00+00:00,740.6799926757812,740.85498046875,740.6400756835938,740.8400268554688,43409
2026-09-23 19:19:00+00:00,740.8400268554688,740.9000244140625,740.739990234375,740.7630004882812,15215
2026-09-23 19:20:00+00:00,740.739990234375,740.7449951171875,740.5800170898438,740.6500244140625,12102
2026-09-23 19:21:00+00:00,740.6400146484375,740.6900024414062,740.530029296875,740.6649780273438,20843
2026-09-23 19:22:00+00:00,740.6654052734375,740.6699829101562,740.5900268554688,740.6099853515625,30042
2026-09-23 19:23:00+00:00,740.6500244140625,740.739990234375,740.6300048828125,740.6599731445312,31121
2026-09-23 19:24:00+00:00,740.6599731445312,740.7114868164062,740.5900268554688,740.7114868164062,15997
2026-09-23 19:25:00+00:00,740.719970703125,740.89990234375,740.6300048828125,740.6500244140625,32678
2026-09-23 19:26:00+00:00,740.6699829101562,740.7899780273438,740.6199951171875,740.6298217773438,35933
2026-09-23 19:27:00+00:00,740.6400146484375,740.8200073242188,740.6099853515625,740.739990234375,41173
2026-09-23 19:28:00+00:00,740.739990234375,740.8499755859375,740.719970703125,740.7550048828125,27145
2026-09-23 19:29:00+00:00,740.739990234375,740.8200073242188,740.6799926757812,740.780029296875,41292
2026-09-23 19:30:00+00:00,740.8099975585938,740.9570922851562,740.6690063476562,740.7999877929688,57813
2026-09-23 19:31:00+00:00,740.7999877929688,740.8800048828125,740.7150268554688,740.8115844726562,141368
2026-09-23 19:32:00+00:00,740.8150024414062,741.030029296875,740.7999877929688,741.010009765625,46529
2026-09-23 19:33:00+00:00,741.0349731445312,741.22998046875,741.0,741.1600952148438,49499
2026-09-23 19:34:00+00:00,741.1599731445312,741.3300170898438,741.1599731445312,741.2999877929688,130888
2026-09-23 19:35:00+00:00,741.260009765625,741.260009765625,741.0,741.1199951171875,57431
2026-09-23 19:36:00+00:00,741.10498046875,741.1900024414062,741.0800170898438,741.0999755859375,30191
2026-09-23 19:37:00+00:00,741.0800170898438,741.1199951171875,740.9600219726562,741.0700073242188,31300
2026-09-23 19:38:00+00:00,741.0700073242188,741.0700073242188,740.9099731445312,740.9099731445312,23270
2026-09-23 19:39:00+00:00,740.9099731445312,741.1278076171875,740.9000244140625,741.0800170898438,240366
2026-09-23 19:40:00+00:00,741.0880126953125,741.219970703125,741.0599975585938,741.0800170898438,31558
2026-09-23 19:41:00+00:00,741.0700073242188,741.0700073242188,740.8599853515625,740.8900146484375,41100
2026-09-23 19:42:00+00:00,740.8699951171875,740.8800048828125,740.4199829101562,740.4199829101562,60601
2026-09-23 19:43:00+00:00,740.4299926757812,740.4949951171875,740.219970703125,740.4949951171875,75574
2026-09-23 19:44:00+00:00,740.5,740.6694946289062,740.443115234375,740.6500244140625,306712
2026-09-23 19:45:00+00:00,740.6400146484375,740.75,740.5900268554688,740.739990234375,45222
2026-09-23 19:46:00+00:00,740.739990234375,740.7899780273438,740.5549926757812,740.72998046875,44018
2026-09-23 19:47:00+00:00,740.72998046875,741.0499267578125,740.7000122070312,741.0499267578125,104801
2026-09-23 19:48:00+00:00,741.02001953125,741.0499877929688,740.9000244140625,740.9949951171875,49162
2026-09-23 19:49:00+00:00,741.0,741.1300048828125,740.9400024414062,741.119873046875,51017
2026-09-23 19:50:00+00:00,741.1099853515625,741.1300048828125,740.1699829101562,740.37060546875,163607
2026-09-23 19:51:00+00:00,740.3800048828125,740.4924926757812,740.030029296875,740.0499877929688,142304
2026-09-23 19:52:00+00:00,740.0599975585938,740.11181640625,739.77001953125,739.875,111159
2026-09-23 19:53:00+00:00,739.9000244140625,740.2949829101562,739.8599853515625,740.2949829101562,146339
2026-09-23 19:54:00+00:00,740.2999877929688,740.405029296875,739.9400024414062,739.969970703125,301465
2026-09-23 19:55:00+00:00,739.969970703125,740.8400268554688,739.969970703125,740.5900268554688,139120
2026-09-23 19:56:00+00:00,740.5999755859375,740.6500244140625,740.3698120117188,740.5800170898438,95634
2026-09-23 19:57:00+00:00,740.594970703125,741.0,740.5599975585938,740.8250122070312,135608
2026-09-23 19:58:00+00:00,740.8150024414062,740.97998046875,740.739990234375,740.9000244140625,581599
2026-09-23 19:59:00+00:00,740.8900146484375,741.4000244140625,740.6199951171875,741.1699829101562,541812
2026-09-24 13:30:00+00:00,735.1599731445312,735.5599975585938,734.630126953125,735.0700073242188,2848515
2026-09-24 13:31:00+00:00,735.1300048828125,735.3200073242188,734.780029296875,735.3200073242188,239812
2026-09-24 13:32:00+00:00,735.4199829101562,735.8250122070312,734.9201049804688,734.9201049804688,113617
2026-09-24 13:33:00+00:00,734.9550170898438,735.5999755859375,734.8800048828125,735.4400024414062,103373
2026-09-24 13:34:00+00:00,735.4000244140625,736.02001953125,735.2899780273438,735.7899780273438,109595
2026-09-24 13:35:00+00:00,735.7899780273438,736.4000244140625,735.6799926757812,736.25,124608
2026-09-24 13:36:00+00:00,736.2899780273438,737.0399169921875,736.2899780273438,736.739990234375,103324
2026-09-24 13:37:00+00:00,736.77001953125,736.9041137695312,736.385009765625,736.89501953125,112415
2026-09-24 13:38:00+00:00,736.8900146484375,737.3800048828125,736.8499755859375,737.3673706054688,78599
2026-09-24 13:39:00+00:00,737.3400268554688,737.3400268554688,737.010009765625,737.1300048828125,103351
2026-09-24 13:40:00+00:00,737.114990234375,737.1400146484375,736.6718139648438,737.010009765625,140098
2026-09-24 13:41:00+00:00,737.010009765625,737.1400146484375,736.3250122070312,736.330078125,58949
2026-09-24 13:42:00+00:00,736.4099731445312,736.7949829101562,736.260009765625,736.3820190429688,86451
2026-09-24 13:43:00+00:00,736.3900146484375,736.6900024414062,736.3250122070312,736.6500244140625,110866
2026-09-24 13:44:00+00:00,736.6099853515625,736.8900146484375,736.5001831054688,736.8350219726562,133132
2026-09-24 13:45:00+00:00,736.8099975585938,737.1699829101562,736.510009765625,737.0800170898438,64444
2026-09-24 13:46:00+00:00,737.010009765625,737.4157104492188,736.9099731445312,737.3099975585938,95902
2026-09-24 13:47:00+00:00,737.2999877929688,737.77001953125,737.260009765625,737.6199951171875,94088
2026-09-24 13:48:00+00:00,737.5999755859375,737.6300048828125,736.8200073242188,736.8900146484375,222537
2026-09-24 13:49:00+00:00,736.8800048828125,736.89501953125,736.4199829101562,736.6500244140625,76009
2026-09-24 13:50:00+00:00,736.7000122070312,736.89501953125,736.4199829101562,736.6500244140625,89931
2026-09-24 13:51:00+00:00,736.614990234375,736.9500122070312,736.3331298828125,736.3599853515625,46929
2026-09-24 13:52:00+00:00,736.430419921875,736.875,736.3400268554688,736.6300048828125,43792
2026-09-24 13:53:00+00:00,736.6699829101562,736.6849975585938,736.2349853515625,736.260009765625,71609
2026-09-24 13:54:00+00:00,736.2100219726562,736.3200073242188,735.6699829101562,735.8989868164062,64363
2026-09-24 13:55:00+00:00,735.9199829101562,736.280029296875,735.8599853515625,735.9000244140625,41505
2026-09-24 13:56:00+00:00,735.7999877929688,736.030029296875,735.5800170898438,736.030029296875,51086
2026-09-24 13:57:00+00:00,735.9500122070312,736.2005004882812,735.9450073242188,735.969970703125,50227
2026-09-24 13:58:00+00:00,736.0599975585938,736.3900146484375,735.9299926757812,736.25,42418
2026-09-24 13:59:00+00:00,736.260009765625,736.7899780273438,736.2150268554688,736.72802734375,52391
2026-09-24 14:00:00+00:00,736.7072143554688,737.397705078125,736.52001953125,737.1400146484375,85658
2026-09-24 14:01:00+00:00,737.1599731445312,737.4400024414062,736.7999877929688,736.8184814453125,46196
2026-09-24 14:02:00+00:00,736.7901000976562,737.1091918945312,736.75,736.9600219726562,34546
2026-09-24 14:03:00+00:00,736.969970703125,737.2294921875,736.9201049804688,737.2294921875,39636
2026-09-24 14:04:00+00:00,737.219970703125,737.4650268554688,737.0999755859375,737.3699951171875,63767
2026-09-24 14:05:00+00:00,737.3800048828125,737.47998046875,737.2050170898438,737.3400268554688,40190
2026-09-24 14:06:00+00:00,737.3137817382812,737.3400268554688,737.0150146484375,737.1400146484375,43175
2026-09-24 14:07:00+00:00,737.1600952148438,737.5900268554688,737.0800170898438,737.5499877929688,48149
2026-09-24 14:08:00+00:00,737.5,737.5250244140625,737.1569213867188,737.280029296875,30438
2026-09-24 14:09:00+00:00,737.1900024414062,737.39501953125,737.1900024414062,737.2000122070312,29919
2026-09-24 14:10:00+00:00,737.2150268554688,737.2150268554688,736.75,737.0800170898438,46705
2026-09-24 14:11:00+00:00,737.0900268554688,737.0900268554688,736.5499877929688,736.5900268554688,63016
2026-09-24 14:12:00+00:00,736.552490234375,736.6400146484375,736.4199829101562,736.5050048828125,38482
2026-09-24 14:13:00+00:00,736.489990234375,736.8049926757812,736.469970703125,736.719970703125,31164
2026-09-24 14:14:00+00:00,736.7449951171875,736.9099731445312,736.719970703125,736.9099731445312,36458
2026-09-24 14:15:00+00:00,736.885009765625,737.0999755859375,736.510009765625,736.5900268554688,31272
2026-09-24 14:16:00+00:00,736.530029296875,736.780029296875,736.4400024414062,736.6799926757812,29065
2026-09-24 14:17:00+00:00,736.75,736.8499755859375,736.3499755859375,736.6174926757812,37690
2026-09-24 14:18:00+00:00,736.6400146484375,737.1699829101562,736.5999755859375,737.1099853515625,49799
2026-09-24 14:19:00+00:00,737.10009765625,737.239990234375,736.9500122070312,737.1300048828125,19803
2026-09-24 14:20:00+00:00,737.1199951171875,737.2750244140625,736.969970703125,737.2000122070312,45080
2026-09-24 14:21:00+00:00,737.1900024414062,737.3599853515625,737.0399780273438,737.0399780273438,23778
2026-09-24 14:22:00+00:00,737.0349731445312,737.22998046875,736.989990234375,737.097412109375,34639
2026-09-24 14:23:00+00:00,737.1300048828125,737.5900268554688,737.1300048828125,737.3900146484375,60030
2026-09-24 14:24:00+00:00,737.4099731445312,737.510009765625,737.1500244140625,737.27001953125,27229
2026-09-24 14:25:00+00:00,737.2501220703125,737.510009765625,737.1099853515625,737.4149780273438,33892
2026-09-24 14:26:00+00:00,737.469970703125,737.5700073242188,737.4299926757812,737.489990234375,23385
2026-09-24 14:27:00+00:00,737.6380004882812,738.0900268554688,737.4299926757812,738.0899047851562,64237
2026-09-24 14:28:00+00:00,738.0900268554688,738.0999145507812,737.8599853515625,737.9710083007812,57152
2026-09-24 14:29:00+00:00,737.9600830078125,738.0499877929688,737.6500244140625,737.8900146484375,52092
2026-09-24 14:30:00+00:00,737.8699951171875,737.8900146484375,737.2899780273438,737.3699951171875,87891
2026-09-24 14:31:00+00:00,737.3699951171875,737.5800170898438,737.3499755859375,737.4600219726562,48278
2026-09-24 14:32:00+00:00,737.469970703125,737.7697143554688,737.4050903320312,737.4299926757812,37221
2026-09-24 14:33:00+00:00,737.52001953125,737.8499755859375,737.3900146484375,737.6500854492188,34365
2026-09-24 14:34:00+00:00,737.6699829101562,737.9949951171875,737.6699829101562,737.97998046875,20607
2026-09-24 14:35:00+00:00,737.9400024414062,738.1599731445312,737.7000122070312,738.1099853515625,25924
2026-09-24 14:36:00+00:00,738.030029296875,738.030029296875,737.405029296875,737.5399780273438,35640
2026-09-24 14:37:00+00:00,737.5620727539062,737.7100219726562,737.4099731445312,737.4500122070312,23132
2026-09-24 14:38:00+00:00,737.5,737.6300048828125,737.3300170898438,737.3699951171875,23432
2026-09-24 14:39:00+00:00,737.3699951171875,737.5700073242188,737.1998901367188,737.4299926757812,38849
2026-09-24 14:40:00+00:00,737.4299926757812,737.5499877929688,737.3200073242188,737.3499755859375,65932
2026-09-24 14:41:00+00:00,737.3701782226562,737.39501953125,737.2000122070312,737.2000122070312,30787
2026-09-24 14:42:00+00:00,737.1912231445312,737.5999755859375,737.1900024414062,737.25,28394
2026-09-24 14:43:00+00:00,737.3099975585938,737.3099975585938,736.9299926757812,736.9600219726562,58351
2026-09-24 14:44:00+00:00,736.9400024414062,736.969970703125,736.6019897460938,736.7550048828125,41264
2026-09-24 14:45:00+00:00,736.75,736.8200073242188,736.5999755859375,736.7000122070312,53820
2026-09-24 14:46:00+00:00,736.6500244140625,736.8800048828125,736.530029296875,736.8800048828125,137454
2026-09-24 14:47:00+00:00,736.9000244140625,737.39990234375,736.853515625,737.3250122070312,33781
2026-09-24 14:48:00+00:00,737.3300170898438,737.3765869140625,737.0601196289062,737.0800170898438,15322
2026-09-24 14:49:00+00:00,737.0700073242188,737.1898193359375,736.9450073242188,737.0501098632812,15382
2026-09-24 14:50:00+00:00,737.030029296875,737.510009765625,736.97998046875,736.97998046875,48182
2026-09-24 14:51:00+00:00,736.989990234375,737.0800170898438,736.7949829101562,736.9199829101562,77331
2026-09-24 14:52:00+00:00,736.9199829101562,737.010009765625,736.5999755859375,736.6699829101562,32958
2026-09-24 14:53:00+00:00,736.5700073242188,736.6099853515625,736.219970703125,736.5512084960938,46822
2026-09-24 14:54:00+00:00,736.5900268554688,736.6099853515625,736.2985229492188,736.4000244140625,27288
2026-09-24 14:55:00+00:00,736.3800048828125,736.4000244140625,735.9219970703125,735.9299926757812,64946
2026-09-24 14:56:00+00:00,735.9299926757812,736.0700073242188,735.9000244140625,736.0599975585938,44658
2026-09-24 14:57:00+00:00,736.0700073242188,736.1099243164062,735.7849731445312,735.969970703125,30968
2026-09-24 14:58:00+00:00,735.9400024414062,735.969970703125,735.6610107421875,735.8099975585938,38516
2026-09-24 14:59:00+00:00,735.8699951171875,735.9199829101562,735.6400146484375,735.8499755859375,48377
2026-09-24 15:00:00+00:00,735.8499755859375,736.0800170898438,735.80029296875,735.9000244140625,47863
2026-09-24 15:01:00+00:00,735.9000244140625,736.0399780273438,735.8800048828125,735.9299926757812,43669
2026-09-24 15:02:00+00:00,735.97998046875,736.5,735.9349975585938,736.0499267578125,59100
2026-09-24 15:03:00+00:00,736.0599975585938,736.3200073242188,735.9099731445312,736.3200073242188,29256
2026-09-24 15:04:00+00:00,736.3900146484375,736.5700073242188,736.030029296875,736.0999755859375,44635
2026-09-24 15:05:00+00:00,736.0599975585938,736.2000122070312,735.826416015625,735.8699951171875,46794
2026-09-24 15:06:00+00:00,735.8699951171875,736.0798950195312,735.6199951171875,735.6489868164062,79695
2026-09-24 15:07:00+00:00,735.6400146484375,735.6400146484375,735.4000244140625,735.510009765625,48279
2026-09-24 15:08:00+00:00,735.52001953125,735.7399291992188,735.4650268554688,735.6799926757812,44472
2026-09-24 15:09:00+00:00,735.6300048828125,735.6300048828125,735.1801147460938,735.2100219726562,67463
2026-09-24 15:10:00+00:00,735.2100219726562,735.489990234375,735.2100219726562,735.4500122070312,53098
2026-09-24 15:11:00+00:00,735.4390258789062,735.5499877929688,735.3900146484375,735.5399780273438,47376
2026-09-24 15:12:00+00:00,735.5289916992188,735.7299194335938,735.27001953125,735.2999877929688,181225
2026-09-24 15:13:00+00:00,735.2899780273438,735.3499755859375,734.97998046875,735.1300048828125,52687
2026-09-24 15:14:00+00:00,735.1500244140625,735.27001953125,734.9500122070312,735.0900268554688,67932
2026-09-24 15:15:00+00:00,735.0700073242188,735.3699951171875,734.969970703125,735.2879028320312,57626
2026-09-24 15:16:00+00:00,735.3001098632812,735.9299926757812,735.22998046875,735.72998046875,82758
2026-09-24 15:17:00+00:00,735.7100219726562,735.9400024414062,735.5,735.75,62031
2026-09-24 15:18:00+00:00,735.7606201171875,735.7606201171875,735.2249755859375,735.385009765625,22321
2026-09-24 15:19:00+00:00,735.4000244140625,735.4199829101562,735.1599731445312,735.2698974609375,24564
2026-09-24 15:20:00+00:00,735.2550048828125,735.2999877929688,735.0750122070312,735.219970703125,35796
2026-09-24 15:21:00+00:00,735.22998046875,735.530029296875,735.2100219726562,735.5,34039
2026-09-24 15:22:00+00:00,735.4998779296875,735.60498046875,735.3599853515625,735.5900268554688,40351
2026-09-24 15:23:00+00:00,735.6079711914062,735.9299926757812,735.5399780273438,735.8599853515625,49756
2026-09-24 15:24:00+00:00,735.8720703125,736.2100219726562,735.8717041015625,736.1099853515625,39392
2026-09-24 15:25:00+00:00,736.1300048828125,736.1409912109375,735.52001953125,735.5800170898438,36024
2026-09-24 15:26:00+00:00,735.5850219726562,735.6384887695312,735.2899780273438,735.3399047851562,25381
2026-09-24 15:27:00+00:00,735.3400268554688,735.3604125976562,735.2000122070312,735.3099975585938,18021
2026-09-24 15:28:00+00:00,735.2999877929688,735.3400268554688,735.0599975585938,735.0800170898438,19478
2026-09-24 15:29:00+00:00,735.0700073242188,735.2100219726562,735.010009765625,735.1599731445312,18996
2026-09-24 15:30:00+00:00,735.1599731445312,735.260009765625,734.9349975585938,734.97998046875,29572
2026-09-24 15:31:00+00:00,735.0,735.1900024414062,734.969970703125,735.0499877929688,34288
2026-09-24 15:32:00+00:00,735.0499877929688,735.2999877929688,734.9000244140625,735.1599731445312,54406
2026-09-24 15:33:00+00:00,735.239990234375,735.3300170898438,735.1199951171875,735.2999877929688,414218
2026-09-24 15:34:00+00:00,735.2899780273438,735.4400024414062,735.2634887695312,735.3599853515625,42447
2026-09-24 15:35:00+00:00,735.3200073242188,735.6900024414062,735.3099975585938,735.5499877929688,72503
2026-09-24 15:36:00+00:00,735.5750122070312,735.8300170898438,735.5599975585938,735.635009765625,28052
2026-09-24 15:37:00+00:00,735.6599731445312,735.8099975585938,735.64501953125,735.7650756835938,21621
2026-09-24 15:38:00+00:00,735.7891235351562,735.8446044921875,735.5504150390625,735.5504150390625,22593
2026-09-24 15:39:00+00:00,735.5172119140625,735.5499877929688,735.1900024414062,735.4100952148438,21820
2026-09-24 15:40:00+00:00,735.4650268554688,735.530029296875,735.281005859375,735.2899780273438,15443
2026-09-24 15:41:00+00:00,735.27001953125,735.5,735.2698974609375,735.4000244140625,18630
2026-09-24 15:42:00+00:00,735.3699951171875,735.4000244140625,735.0499877929688,735.1900024414062,26816
2026-09-24 15:43:00+00:00,735.1699829101562,735.47998046875,735.155029296875,735.47998046875,102558
2026-09-24 15:44:00+00:00,735.469970703125,735.7501220703125,735.469970703125,735.720703125,44779
2026-09-24 15:45:00+00:00,735.719970703125,735.97998046875,735.7100219726562,735.885009765625,39756
2026-09-24 15:46:00+00:00,735.8300170898438,735.8300170898438,735.6799926757812,735.7899780273438,32370
2026-09-24 15:47:00+00:00,735.7219848632812,735.9000244140625,735.4548950195312,735.47998046875,20732
2026-09-24 15:48:00+00:00,735.474609375,735.5599975585938,735.1500244140625,735.159912109375,28400
2026-09-24 15:49:00+00:00,735.1500244140625,735.2941284179688,734.97998046875,735.2100219726562,52339
2026-09-24 15:50:00+00:00,735.2000122070312,735.9099731445312,735.1799926757812,735.9099731445312,45414
2026-09-24 15:51:00+00:00,735.9398803710938,736.0850219726562,735.8599853515625,736.02001953125,36122
2026-09-24 15:52:00+00:00,736.010009765625,736.2899780273438,736.010009765625,736.25,48056
2026-09-24 15:53:00+00:00,736.260009765625,736.4249877929688,736.1500244140625,736.1599731445312,131832
2026-09-24 15:54:00+00:00,736.1500244140625,736.405029296875,736.0999755859375,736.3510131835938,18331
2026-09-24 15:55:00+00:00,736.4000244140625,736.4199829101562,736.2109985351562,736.2109985351562,17318
2026-09-24 15:56:00+00:00,736.1984252929688,736.2100219726562,735.9199829101562,736.1199951171875,27125
2026-09-24 15:57:00+00:00,736.0999755859375,736.1500244140625,735.9199829101562,736.069091796875,19582
2026-09-24 15:58:00+00:00,736.0700073242188,736.260009765625,736.0700073242188,736.25,13173
2026-09-24 15:59:00+00:00,736.27001953125,736.280029296875,736.0900268554688,736.1099853515625,20067
2026-09-24 16:00:00+00:00,736.0800170898438,736.1500244140625,735.4400024414062,735.510009765625,30487
2026-09-24 16:01:00+00:00,735.4600219726562,735.739990234375,735.3800048828125,735.5800170898438,31323
2026-09-24 16:02:00+00:00,735.5800170898438,735.7271118164062,735.4600219726562,735.6500854492188,28572
2026-09-24 16:03:00+00:00,735.593994140625,735.5999755859375,735.4423217773438,735.5900268554688,15075
2026-09-24 16:04:00+00:00,735.5700073242188,735.77001953125,735.47998046875,735.739990234375,13710
2026-09-24 16:05:00+00:00,735.7423706054688,735.8099975585938,735.5798950195312,735.7899780273438,18922
2026-09-24 16:06:00+00:00,735.7999877929688,735.7999877929688,735.4199829101562,735.5750122070312,31108
2026-09-24 16:07:00+00:00,735.5599975585938,735.5900268554688,735.260009765625,735.3800048828125,98007
2026-09-24 16:08:00+00:00,735.3250122070312,735.405029296875,735.2501220703125,735.3800048828125,9920
2026-09-24 16:09:00+00:00,735.3699951171875,735.419921875,735.219970703125,735.3798828125,18696
2026-09-24 16:10:00+00:00,735.3699951171875,735.4949951171875,735.3499755859375,735.39501953125,17001
2026-09-24 16:11:00+00:00,735.239990234375,735.3099975585938,735.0,735.0449829101562,31759
2026-09-24 16:12:00+00:00,735.0599975585938,735.260009765625,735.0599975585938,735.0800170898438,18583
2026-09-24 16:13:00+00:00,735.0800170898438,735.3671264648438,735.0,735.35498046875,21372
2026-09-24 16:14:00+00:00,735.3400268554688,736.3099975585938,735.3400268554688,736.2899780273438,68662
2026-09-24 16:15:00+00:00,736.22998046875,737.969970703125,736.1799926757812,737.72998046875,280922
2026-09-24 16:16:00+00:00,737.780029296875,739.9099731445312,737.6610107421875,739.5800170898438,302581
2026-09-24 16:17:00+00:00,739.469970703125,740.1699829101562,739.1699829101562,739.9000244140625,221295
2026-09-24 16:18:00+00:00,739.89501953125,740.77001953125,739.4500122070312,739.489990234375,256434
2026-09-24 16:19:00+00:00,739.469970703125,739.8499755859375,738.77001953125,739.1799926757812,231268
2026-09-24 16:20:00+00:00,739.1599731445312,739.8300170898438,739.0700073242188,739.4349975585938,161916
2026-09-24 16:21:00+00:00,739.4099731445312,739.4600219726562,738.9400024414062,739.0399780273438,108803
2026-09-24 16:22:00+00:00,739.0499877929688,739.72998046875,739.0499877929688,739.6300048828125,76382
2026-09-24 16:23:00+00:00,739.635009765625,739.7603149414062,739.2000122070312,739.3300170898438,146430
2026-09-24 16:24:00+00:00,739.280029296875,739.510009765625,739.0701293945312,739.364990234375,45701
2026-09-24 16:25:00+00:00,739.43798828125,739.5800170898438,738.5399780273438,738.5750122070312,67004
2026-09-24 16:26:00+00:00,738.5800170898438,739.02001953125,738.52001953125,738.9199829101562,39290
2026-09-24 16:27:00+00:00,738.9099731445312,739.4329833984375,738.4600219726562,739.4199829101562,80039
2026-09-24 16:28:00+00:00,739.4000244140625,739.8494873046875,739.4000244140625,739.7000122070312,294463
2026-09-24 16:29:00+00:00,739.7050170898438,739.72998046875,739.4550170898438,739.530029296875,59674
2026-09-24 16:30:00+00:00,739.5399780273438,739.6400146484375,739.3200073242188,739.5137939453125,26650
2026-09-24 16:31:00+00:00,739.5897827148438,739.6599731445312,739.0,739.0,45393
2026-09-24 16:32:00+00:00,739.010009765625,739.0499877929688,738.719970703125,738.9199829101562,108411
2026-09-24 16:33:00+00:00,738.9600219726562,739.2999877929688,738.9000244140625,739.2919921875,31413
2026-09-24 16:34:00+00:00,739.198486328125,739.2899780273438,738.9909057617188,739.2730712890625,27401
2026-09-24 16:35:00+00:00,739.2750244140625,739.739990234375,739.1599731445312,739.6702880859375,33410
2026-09-24 16:36:00+00:00,739.7050170898438,740.4199829101562,739.7050170898438,740.4199829101562,60486
2026-09-24 16:37:00+00:00,740.4400024414062,740.7691040039062,740.4357299804688,740.47998046875,114974
2026-09-24 16:38:00+00:00,740.469970703125,740.6099853515625,740.3900146484375,740.47998046875,37818
2026-09-24 16:39:00+00:00,740.5399780273438,740.72998046875,740.4500122070312,740.72998046875,37328
2026-09-24 16:40:00+00:00,740.739990234375,741.4940185546875,740.5700073242188,741.47998046875,96345
2026-09-24 16:41:00+00:00,741.47998046875,741.9000244140625,741.469970703125,741.9000244140625,126329
2026-09-24 16:42:00+00:00,741.9249877929688,742.3662109375,741.9249877929688,742.2949829101562,170629
2026-09-24 16:43:00+00:00,742.2999877929688,742.3400268554688,741.6500244140625,741.75,91179
2026-09-24 16:44:00+00:00,741.719970703125,741.8200073242188,740.7000122070312,740.72998046875,115156
2026-09-24 16:45:00+00:00,740.75,740.8300170898438,740.2360229492188,740.52001953125,112316
2026-09-24 16:46:00+00:00,740.47998046875,740.8499755859375,740.4299926757812,740.7150268554688,73371
2026-09-24 16:47:00+00:00,740.75,740.8200073242188,740.4500122070312,740.6199951171875,42029
2026-09-24 16:48:00+00:00,740.7520751953125,741.5349731445312,740.7520751953125,741.489990234375,48652
2026-09-24 16:49:00+00:00,741.469970703125,741.8400268554688,741.2999877929688,741.6849975585938,37785
2026-09-24 16:50:00+00:00,741.77001953125,741.8400268554688,741.4500732421875,741.6298828125,77161
2026-09-24 16:51:00+00:00,741.5850219726562,742.1400146484375,741.5623779296875,741.8690185546875,54345
2026-09-24 16:52:00+00:00,741.864990234375,741.9180908203125,741.1199951171875,741.1533813476562,48722
2026-09-24 16:53:00+00:00,741.2849731445312,741.2999877929688,740.8400268554688,740.9500122070312,36801
2026-09-24 16:54:00+00:00,740.9600219726562,741.3400268554688,740.8900146484375,741.1248779296875,49334
2026-09-24 16:55:00+00:00,741.1300048828125,741.47998046875,741.0750122070312,741.2750244140625,23839
2026-09-24 16:56:00+00:00,741.27001953125,742.0050048828125,741.219970703125,742.0,36393
2026-09-24 16:57:00+00:00,742.0,742.4080200195312,741.9600219726562,741.9600219726562,127941
2026-09-24 16:58:00+00:00,741.968017578125,742.159912109375,741.9299926757812,742.0125122070312,32292
2026-09-24 16:59:00+00:00,742.0399780273438,742.0399780273438,741.8099975585938,741.8599853515625,52610
2026-09-24 17:00:00+00:00,741.8599853515625,741.8599853515625,741.2380981445312,741.3499755859375,64111
2026-09-24 17:01:00+00:00,741.3499755859375,741.8900146484375,741.2999877929688,741.6699829101562,41481
2026-09-24 17:02:00+00:00,741.75,741.75,741.0700073242188,741.7100219726562,39370
2026-09-24 17:03:00+00:00,741.7940063476562,742.469970703125,741.760009765625,742.1900024414062,141096
2026-09-24 17:04:00+00:00,742.1900024414062,742.239990234375,741.719970703125,742.2000122070312,117296
2026-09-24 17:05:00+00:00,742.25,742.6500244140625,742.0900268554688,742.1514892578125,94981
2026-09-24 17:06:00+00:00,742.1599731445312,742.3599853515625,742.010009765625,742.1099853515625,48457
2026-09-24 17:07:00+00:00,742.0599975585938,742.3150024414062,741.9500122070312,741.9500122070312,54267
2026-09-24 17:08:00+00:00,741.8800048828125,742.1300048828125,741.7899780273438,742.0999755859375,35690
2026-09-24 17:09:00+00:00,742.1300048828125,742.1300048828125,741.8200073242188,741.8200073242188,17847
2026-09-24 17:10:00+00:00,741.7999877929688,741.8001098632812,741.1699829101562,741.3699951171875,81951
2026-09-24 17:11:00+00:00,741.3900146484375,741.4400024414062,741.1300048828125,741.2750244140625,43306
2026-09-24 17:12:00+00:00,741.29052734375,741.3900756835938,741.1400146484375,741.260009765625,37634
2026-09-24 17:13:00+00:00,741.1900024414062,741.5800170898438,741.010009765625,741.5800170898438,52890
2026-09-24 17:14:00+00:00,741.5700073242188,741.8995971679688,741.5399780273438,741.7899780273438,111937
2026-09-24 17:15:00+00:00,741.8400268554688,741.8400268554688,741.280029296875,741.3497924804688,16634
2026-09-24 17:16:00+00:00,741.3419799804688,741.5549926757812,741.27001953125,741.2849731445312,46671
2026-09-24 17:17:00+00:00,741.44091796875,741.5079956054688,741.1900024414062,741.1900024414062,17748
2026-09-24 17:18:00+00:00,741.1900024414062,741.7000122070312,741.1900024414062,741.5999755859375,221892
2026-09-24 17:19:00+00:00,741.5800170898438,741.5800170898438,740.719970703125,740.739990234375,65052
2026-09-24 17:20:00+00:00,740.719970703125,740.7686767578125,740.4201049804688,740.7238159179688,50732
2026-09-24 17:21:00+00:00,740.7650146484375,740.9099731445312,740.594970703125,740.7050170898438,49661
2026-09-24 17:22:00+00:00,740.739990234375,741.0599975585938,740.6699829101562,740.89501953125,37391
2026-09-24 17:23:00+00:00,740.8800048828125,741.010009765625,740.6900024414062,740.7899780273438,29707
2026-09-24 17:24:00+00:00,740.8200073242188,741.030029296875,740.414794921875,740.47998046875,23308
2026-09-24 17:25:00+00:00,740.47998046875,740.5499877929688,740.1300048828125,740.1392822265625,17354
2026-09-24 17:26:00+00:00,740.1525268554688,740.260009765625,739.6199951171875,739.7849731445312,75455
2026-09-24 17:27:00+00:00,739.72998046875,740.02001953125,739.7249755859375,739.9732055664062,28169
2026-09-24 17:28:00+00:00,739.9902954101562,740.4603271484375,739.989990234375,740.4600219726562,24487
2026-09-24 17:29:00+00:00,740.3892211914062,740.5599975585938,740.3892211914062,740.4600219726562,31026
2026-09-24 17:30:00+00:00,740.47998046875,740.9000244140625,740.4099731445312,740.8300170898438,59950
2026-09-24 17:31:00+00:00,740.8499755859375,741.0800170898438,740.719970703125,740.8900146484375,36894
2026-09-24 17:32:00+00:00,740.868408203125,740.9400024414062,740.5999755859375,740.760009765625,15075
2026-09-24 17:33:00+00:00,740.7100219726562,740.7127075195312,740.4199829101562,740.489990234375,25646
2026-09-24 17:34:00+00:00,740.52001953125,740.5299072265625,740.0349731445312,740.0399780273438,20303
2026-09-24 17:35:00+00:00,740.0599975585938,740.260009765625,739.969970703125,740.030029296875,39871
2026-09-24 17:36:00+00:00,740.010009765625,740.25,739.97998046875,740.0800170898438,47189
2026-09-24 17:37:00+00:00,740.0328979492188,740.1796264648438,739.8237915039062,739.8936767578125,24811
2026-09-24 17:38:00+00:00,739.8350219726562,739.9199829101562,739.5700073242188,739.7449951171875,23624
2026-09-24 17:39:00+00:00,739.7899780273438,740.1099853515625,739.7899780273438,739.9000854492188,18051
2026-09-24 17:40:00+00:00,739.9099731445312,740.1790161132812,739.9099731445312,740.010009765625,18627
2026-09-24 17:41:00+00:00,740.0401000976562,740.0700073242188,739.719970703125,739.8350219726562,31928
2026-09-24 17:42:00+00:00,739.9400024414062,740.1500244140625,739.7899780273438,739.8049926757812,14514
2026-09-24 17:43:00+00:00,739.8099975585938,739.8099975585938,738.97998046875,739.1599731445312,54413
2026-09-24 17:44:00+00:00,739.1300048828125,739.27001953125,738.9500122070312,738.969970703125,37017
2026-09-24 17:45:00+00:00,738.9500122070312,739.1799926757812,738.81201171875,739.1300048828125,56868
2026-09-24 17:46:00+00:00,739.1010131835938,739.469970703125,739.0900268554688,739.340087890625,23898
2026-09-24 17:47:00+00:00,739.4503784179688,739.719970703125,739.3049926757812,739.7000122070312,27450
2026-09-24 17:48:00+00:00,739.719970703125,739.7526245117188,739.4099731445312,739.489990234375,35446
2026-09-24 17:49:00+00:00,739.489990234375,739.7999877929688,739.489990234375,739.6199951171875,25567
2026-09-24 17:50:00+00:00,739.6500244140625,739.75,739.489990234375,739.5800170898438,10061
2026-09-24 17:51:00+00:00,739.5700073242188,739.6900024414062,739.4099731445312,739.4099731445312,72315
2026-09-24 17:52:00+00:00,739.4849853515625,739.6500244140625,739.22998046875,739.3200073242188,21906
2026-09-24 17:53:00+00:00,739.3499755859375,739.4500122070312,739.1400146484375,739.1500244140625,45109
2026-09-24 17:54:00+00:00,739.1699829101562,739.260009765625,738.9299926757812,739.1702270507812,29101
2026-09-24 17:55:00+00:00,739.1799926757812,739.310302734375,739.0,739.0,8109
2026-09-24 17:56:00+00:00,738.97998046875,739.6998901367188,738.9500122070312,739.5634765625,35352
2026-09-24 17:57:00+00:00,739.510009765625,739.510009765625,739.27001953125,739.4000854492188,12098
2026-09-24 17:58:00+00:00,739.4176025390625,739.4500122070312,739.1849975585938,739.4299926757812,15016
2026-09-24 17:59:00+00:00,739.4199829101562,739.739990234375,739.3858032226562,739.530029296875,31744
2026-09-24 18:00:00+00:00,739.5689697265625,739.5689697265625,739.260009765625,739.2780151367188,41809
2026-09-24 18:01:00+00:00,739.2899780273438,739.3099975585938,738.5250244140625,738.7487182617188,70785
2026-09-24 18:02:00+00:00,738.77001953125,738.77001953125,738.3499755859375,738.4099731445312,37165
2026-09-24 18:03:00+00:00,738.4000244140625,738.4000244140625,737.77001953125,738.0264892578125,66017
2026-09-24 18:04:00+00:00,738.030029296875,738.219970703125,737.760009765625,737.8283081054688,44867
2026-09-24 18:05:00+00:00,737.8499755859375,738.1834106445312,737.8300170898438,738.1110229492188,37386
2026-09-24 18:06:00+00:00,738.0800170898438,738.7000122070312,737.9299926757812,738.5411987304688,60893
2026-09-24 18:07:00+00:00,738.47998046875,738.8370971679688,738.3699951171875,738.6099853515625,43187
2026-09-24 18:08:00+00:00,738.72998046875,739.3499755859375,738.72998046875,739.0900268554688,59445
2026-09-24 18:09:00+00:00,739.1300048828125,739.3499755859375,739.0900268554688,739.168701171875,31580
2026-09-24 18:10:00+00:00,739.197509765625,739.4000244140625,739.1300048828125,739.1799926757812,24524
2026-09-24 18:11:00+00:00,739.2449951171875,739.6848754882812,739.2449951171875,739.4199829101562,54789
2026-09-24 18:12:00+00:00,739.4299926757812,739.47998046875,739.1699829101562,739.1699829101562,17806
2026-09-24 18:13:00+00:00,739.1300048828125,739.2899780273438,739.0499877929688,739.2283935546875,79633
2026-09-24 18:14:00+00:00,739.1799926757812,739.510009765625,739.1799926757812,739.4600219726562,14888
2026-09-24 18:15:00+00:00,739.469970703125,739.6599731445312,739.3599853515625,739.5900268554688,26779
2026-09-24 18:16:00+00:00,739.5700073242188,740.0499877929688,739.5700073242188,739.8900146484375,63203
2026-09-24 18:17:00+00:00,739.9600219726562,740.09912109375,739.8599853515625,740.080078125,30371
2026-09-24 18:18:00+00:00,740.0999755859375,740.2899780273438,739.8200073242188,739.885009765625,54855
2026-09-24 18:19:00+00:00,739.8300170898438,739.969970703125,739.75,739.969970703125,12787
2026-09-24 18:20:00+00:00,739.97998046875,740.030029296875,739.4500122070312,739.519775390625,29130
2026-09-24 18:21:00+00:00,739.52001953125,739.7899780273438,739.52001953125,739.77001953125,12712
2026-09-24 18:22:00+00:00,739.7899780273438,739.8800048828125,739.72998046875,739.72998046875,15659
2026-09-24 18:23:00+00:00,739.8200073242188,740.1400146484375,739.77001953125,740.0900268554688,11495
2026-09-24 18:24:00+00:00,740.0100708007812,740.0700073242188,739.9600219726562,740.0399780273438,12049
2026-09-24 18:25:00+00:00,740.010009765625,740.7000122070312,739.97998046875,740.2999877929688,117036
2026-09-24 18:26:00+00:00,740.3900756835938,740.8499755859375,740.3900756835938,740.64697265625,46360
2026-09-24 18:27:00+00:00,740.6500244140625,740.6817016601562,740.5,740.52001953125,20773
2026-09-24 18:28:00+00:00,740.530029296875,740.72998046875,740.469970703125,740.5900268554688,31174
2026-09-24 18:29:00+00:00,740.60498046875,740.6900024414062,740.489990234375,740.5650024414062,13869
2026-09-24 18:30:00+00:00,740.5850219726562,740.6799926757812,740.510009765625,740.510009765625,33701
2026-09-24 18:31:00+00:00,740.5650024414062,740.5999755859375,740.1400146484375,740.4000244140625,26740
2026-09-24 18:32:00+00:00,740.3400268554688,740.375,740.030029296875,740.1599731445312,21858
2026-09-24 18:33:00+00:00,740.2349853515625,740.3499755859375,740.2050170898438,740.2100219726562,11686
2026-09-24 18:34:00+00:00,740.25,740.3350219726562,740.02001953125,740.030029296875,21027
2026-09-24 18:35:00+00:00,740.010009765625,740.0399780273438,739.7000122070312,739.7620239257812,64096
2026-09-24 18:36:00+00:00,739.7620239257812,740.0599975585938,739.72998046875,739.9500122070312,36557
2026-09-24 18:37:00+00:00,739.905029296875,740.1199951171875,739.8800048828125,740.0,23756
2026-09-24 18:38:00+00:00,740.0250244140625,741.02001953125,739.9794921875,740.97998046875,141374
2026-09-24 18:39:00+00:00,741.0050048828125,741.5999755859375,740.719970703125,740.8400268554688,154293
2026-09-24 18:40:00+00:00,740.8499755859375,740.8499755859375,740.3400268554688,740.4650268554688,27305
2026-09-24 18:41:00+00:00,740.4600830078125,740.6099853515625,740.37451171875,740.52001953125,33116
2026-09-24 18:42:00+00:00,740.5499877929688,740.6799926757812,740.260009765625,740.4199829101562,29829
2026-09-24 18:43:00+00:00,740.3599853515625,740.3900146484375,740.1967163085938,740.3599853515625,35313
2026-09-24 18:44:00+00:00,740.4337158203125,740.5800170898438,740.35498046875,740.4500122070312,64541
2026-09-24 18:45:00+00:00,740.5,740.8099975585938,740.5,740.6708984375,13348
2026-09-24 18:46:00+00:00,740.6810302734375,740.780029296875,740.6199951171875,740.719970703125,20489
2026-09-24 18:47:00+00:00,740.719970703125,740.7999877929688,740.6199951171875,740.6599731445312,23694
2026-09-24 18:48:00+00:00,740.6649780273438,740.8200073242188,740.6099853515625,740.7700805664062,14033
2026-09-24 18:49:00+00:00,740.739990234375,740.7999877929688,740.6099853515625,740.72998046875,31669
2026-09-24 18:50:00+00:00,740.7224731445312,741.2462768554688,740.6599731445312,741.0850219726562,38379
2026-09-24 18:51:00+00:00,741.1099853515625,741.1099853515625,740.7999877929688,740.989990234375,37951
2026-09-24 18:52:00+00:00,741.010009765625,741.4600219726562,741.010009765625,741.326171875,49423
2026-09-24 18:53:00+00:00,741.27001953125,741.2750244140625,741.1500244140625,741.2150268554688,14932
2026-09-24 18:54:00+00:00,741.190673828125,741.239990234375,741.1199951171875,741.1599731445312,39020
2026-09-24 18:55:00+00:00,741.2080078125,741.469970703125,741.1900024414062,741.4102172851562,26305
2026-09-24 18:56:00+00:00,741.427490234375,741.6900024414062,741.4099731445312,741.659912109375,22198
2026-09-24 18:57:00+00:00,741.6400146484375,741.8099975585938,741.6400146484375,741.7672119140625,16824
2026-09-24 18:58:00+00:00,741.72998046875,741.8099975585938,741.5650024414062,741.739990234375,33357
2026-09-24 18:59:00+00:00,741.7100219726562,741.75,741.4520874023438,741.5250244140625,25440
2026-09-24 19:00:00+00:00,741.469970703125,741.602294921875,741.239990234375,741.4400024414062,123877
2026-09-24 19:01:00+00:00,741.39501953125,741.4400024414062,740.8300170898438,741.01220703125,85025
2026-09-24 19:02:00+00:00,741.010009765625,741.0700073242188,740.5814208984375,740.6400146484375,46846
2026-09-24 19:03:00+00:00,740.635009765625,740.6500244140625,740.2899780273438,740.3099975585938,30010
2026-09-24 19:04:00+00:00,740.3250122070312,740.4415893554688,740.260009765625,740.4415893554688,26255
2026-09-24 19:05:00+00:00,740.4299926757812,740.6199951171875,740.4299926757812,740.6099853515625,18228
2026-09-24 19:06:00+00:00,740.6405029296875,740.7230834960938,740.5159912109375,740.5700073242188,20419
2026-09-24 19:07:00+00:00,740.56201171875,740.7296142578125,740.380126953125,740.6500244140625,19544
2026-09-24 19:08:00+00:00,740.6699829101562,740.75,740.5671997070312,740.5999755859375,10826
2026-09-24 19:09:00+00:00,740.5700073242188,740.6199951171875,740.4299926757812,740.5650024414062,44267
2026-09-24 19:10:00+00:00,740.5599975585938,740.6799926757812,740.2650146484375,740.2849731445312,13000
2026-09-24 19:11:00+00:00,740.280029296875,740.389892578125,740.219970703125,740.3515014648438,52490
2026-09-24 19:12:00+00:00,740.3200073242188,740.4400024414062,740.2650146484375,740.4100952148438,20422
2026-09-24 19:13:00+00:00,740.4199829101562,740.6500244140625,740.3900146484375,740.4849853515625,13724
2026-09-24 19:14:00+00:00,740.5399780273438,740.5399780273438,740.260009765625,740.280029296875,33782
2026-09-24 19:15:00+00:00,740.2600708007812,740.6099853515625,740.2600708007812,740.5499877929688,21477
2026-09-24 19:16:00+00:00,740.5700073242188,740.9400024414062,740.5399780273438,740.8905029296875,18479
2026-09-24 19:17:00+00:00,740.9400024414062,741.0700073242188,740.8599853515625,740.9622192382812,35191
2026-09-24 19:18:00+00:00,740.9722900390625,741.260009765625,740.969970703125,741.1199951171875,35544
2026-09-24 19:19:00+00:00,741.1699829101562,741.1900024414062,740.9199829101562,741.0999755859375,49845
2026-09-24 19:20:00+00:00,741.1300048828125,741.2050170898438,740.9801025390625,741.010009765625,14178
2026-09-24 19:21:00+00:00,741.02001953125,741.0974731445312,740.8400268554688,741.094970703125,14039
2026-09-24 19:22:00+00:00,741.0700073242188,741.169921875,741.02001953125,741.0701293945312,29677
2026-09-24 19:23:00+00:00,741.0449829101562,741.0850219726562,740.930419921875,741.0850219726562,17642
2026-09-24 19:24:00+00:00,741.0700073242188,741.2999267578125,741.0501098632812,741.239990234375,47687
2026-09-24 19:25:00+00:00,741.260009765625,741.3779907226562,741.239990234375,741.239990234375,19337
2026-09-24 19:26:00+00:00,741.22998046875,741.3300170898438,741.1500244140625,741.2999877929688,46445
2026-09-24 19:27:00+00:00,741.2849731445312,741.2999877929688,741.1699829101562,741.1699829101562,11166
2026-09-24 19:28:00+00:00,741.1300048828125,741.2098999023438,741.0399780273438,741.1019897460938,14583
2026-09-24 19:29:00+00:00,741.0598754882812,741.0700073242188,740.7420043945312,740.8400268554688,27448
2026-09-24 19:30:00+00:00,740.85498046875,741.0009765625,740.7901000976562,740.9450073242188,21340
2026-09-24 19:31:00+00:00,740.9600219726562,741.1749877929688,740.9299926757812,741.1699829101562,30609
2026-09-24 19:32:00+00:00,741.1799926757812,741.1799926757812,740.7800903320312,740.8399047851562,47046
2026-09-24 19:33:00+00:00,740.8400268554688,741.0,740.8300170898438,741.0,35634
2026-09-24 19:34:00+00:00,741.0,741.25,740.969970703125,741.2310180664062,15291
2026-09-24 19:35:00+00:00,741.2550048828125,741.280029296875,740.9299926757812,741.02001953125,14890
2026-09-24 19:36:00+00:00,741.030029296875,741.2000122070312,741.030029296875,741.1500244140625,53432
2026-09-24 19:37:00+00:00,741.090087890625,741.090087890625,740.8250122070312,740.885009765625,26674
2026-09-24 19:38:00+00:00,740.9099731445312,741.0040283203125,740.8250122070312,740.9500122070312,14081
2026-09-24 19:39:00+00:00,740.969970703125,741.1699829101562,740.9600219726562,741.1699829101562,55813
2026-09-24 19:40:00+00:00,741.1699829101562,741.3200073242188,741.02001953125,741.030029296875,1069600
2026-09-24 19:41:00+00:00,740.989990234375,741.159912109375,740.989990234375,741.1400146484375,27591
2026-09-24 19:42:00+00:00,741.1500244140625,741.1500244140625,740.9425048828125,740.9425048828125,19575
2026-09-24 19:43:00+00:00,740.97900390625,741.0800170898438,740.8900146484375,741.02001953125,35648
2026-09-24 19:44:00+00:00,741.010009765625,741.0999755859375,740.8709716796875,740.9400024414062,26463
2026-09-24 19:45:00+00:00,740.9299926757812,741.0800170898438,740.8400268554688,740.9400024414062,29740
2026-09-24 19:46:00+00:00,740.989990234375,741.0700073242188,740.9099731445312,741.0399780273438,45317
2026-09-24 19:47:00+00:00,741.0499877929688,741.162109375,741.0349731445312,741.0349731445312,23499
2026-09-24 19:48:00+00:00,741.0449829101562,741.0499877929688,740.8809204101562,740.9500122070312,537051
2026-09-24 19:49:00+00:00,740.9299926757812,741.0,740.81982421875,740.8499755859375,126942
2026-09-24 19:50:00+00:00,740.8499755859375,741.4500122070312,740.8400268554688,741.1199951171875,417820
2026-09-24 19:51:00+00:00,741.0599975585938,741.6300048828125,741.030029296875,741.5449829101562,119434
2026-09-24 19:52:00+00:00,741.5499877929688,741.7000122070312,741.4949951171875,741.635009765625,72213
2026-09-24 19:53:00+00:00,741.6500244140625,741.8599853515625,741.6300048828125,741.7000122070312,81071
2026-09-24 19:54:00+00:00,741.6900024414062,741.719970703125,741.5,741.5650024414062,180525
2026-09-24 19:55:00+00:00,741.5800170898438,741.5800170898438,741.22998046875,741.510009765625,111176
2026-09-24 19:56:00+00:00,741.5150146484375,741.6500244140625,741.2999877929688,741.3599853515625,89053
2026-09-24 19:57:00+00:00,741.3800048828125,741.4019775390625,741.239990234375,741.35498046875,108235
2026-09-24 19:58:00+00:00,741.35498046875,741.5,741.3319702148438,741.344970703125,342968
2026-09-24 19:59:00+00:00,741.3400268554688,741.510009765625,741.0599975585938,741.0599975585938,671512
2026-09-25 13:30:00+00:00,742.8400268554688,742.8400268554688,741.7000122070312,742.489990234375,1647322
2026-09-25 13:31:00+00:00,742.5499877929688,742.8099975585938,741.9400024414062,742.0549926757812,268227
2026-09-25 13:32:00+00:00,742.0700073242188,742.5399780273438,741.6599731445312,742.5050048828125,179768
2026-09-25 13:33:00+00:00,742.510009765625,742.9000244140625,742.25,742.89501953125,199268
2026-09-25 13:34:00+00:00,742.9000244140625,743.6799926757812,742.8300170898438,743.614990234375,207539
2026-09-25 13:35:00+00:00,743.594970703125,744.0999755859375,743.5599975585938,743.8699951171875,115339
2026-09-25 13:36:00+00:00,743.8099975585938,743.97998046875,743.5900268554688,743.7100219726562,118884
2026-09-25 13:37:00+00:00,743.739990234375,743.97998046875,743.6099853515625,743.8300170898438,76900
2026-09-25 13:38:00+00:00,743.7449951171875,744.280029296875,743.719970703125,743.9600219726562,182731
2026-09-25 13:39:00+00:00,744.0599975585938,744.1400146484375,743.4500122070312,744.09912109375,82084
2026-09-25 13:40:00+00:00,744.0900268554688,744.280029296875,743.875,744.280029296875,95734
2026-09-25 13:41:00+00:00,744.280029296875,744.5750122070312,744.2249755859375,744.4249877929688,84178
2026-09-25 13:42:00+00:00,744.385009765625,744.385009765625,743.8300170898438,744.3800048828125,64079
2026-09-25 13:43:00+00:00,744.3380126953125,744.3499755859375,743.7849731445312,743.9550170898438,67246
2026-09-25 13:44:00+00:00,743.9500122070312,744.2680053710938,743.6599731445312,744.2650146484375,75231
2026-09-25 13:45:00+00:00,744.2750244140625,744.5499877929688,743.8358764648438,743.8499755859375,154394
2026-09-25 13:46:00+00:00,743.8599853515625,744.25,743.6500244140625,744.1400146484375,111170
2026-09-25 13:47:00+00:00,744.1199951171875,744.5150146484375,743.9199829101562,744.4000244140625,64969
2026-09-25 13:48:00+00:00,744.4299926757812,744.530029296875,743.5650024414062,743.719970703125,185912
2026-09-25 13:49:00+00:00,743.75,744.3099975585938,743.75,744.1909790039062,83398
2026-09-25 13:50:00+00:00,744.219970703125,744.3900146484375,744.0399780273438,744.2850952148438,52043
2026-09-25 13:51:00+00:00,744.2849731445312,744.4600219726562,744.1199951171875,744.1220703125,37325
2026-09-25 13:52:00+00:00,744.1397705078125,744.7498779296875,744.135009765625,744.6749877929688,62206
2026-09-25 13:53:00+00:00,744.64501953125,744.9299926757812,744.469970703125,744.8699951171875,55396
2026-09-25 13:54:00+00:00,744.875,745.3099975585938,744.8001098632812,745.0601196289062,131850
2026-09-25 13:55:00+00:00,745.0599975585938,745.4199829101562,745.0599975585938,745.2849731445312,124210
2026-09-25 13:56:00+00:00,745.2899780273438,745.3200073242188,744.8309936523438,745.010009765625,80066
2026-09-25 13:57:00+00:00,745.0050048828125,745.0050048828125,744.3800048828125,744.5535278320312,51416
2026-09-25 13:58:00+00:00,744.489990234375,744.7999877929688,744.4199829101562,744.5499877929688,62782
2026-09-25 13:59:00+00:00,744.60498046875,744.7899780273438,744.2899780273438,744.72998046875,39372
2026-09-25 14:00:00+00:00,744.760009765625,744.8900146484375,743.9741821289062,744.030029296875,87488
2026-09-25 14:01:00+00:00,744.0650024414062,744.0750122070312,743.4500122070312,743.4500122070312,105408
2026-09-25 14:02:00+00:00,743.4600219726562,743.6500244140625,742.9600219726562,743.3800048828125,124344
2026-09-25 14:03:00+00:00,743.3499755859375,743.3800048828125,742.8200073242188,743.3699951171875,83954
2026-09-25 14:04:00+00:00,743.3499755859375,743.3599853515625,742.3800048828125,742.5,161696
2026-09-25 14:05:00+00:00,742.489990234375,742.489990234375,741.3599853515625,741.3800048828125,171473
2026-09-25 14:06:00+00:00,741.3800048828125,742.02001953125,741.2899780273438,741.989990234375,155433
2026-09-25 14:07:00+00:00,741.969970703125,742.5700073242188,741.9600219726562,742.2000732421875,149617
2026-09-25 14:08:00+00:00,742.219970703125,742.6400146484375,741.9600219726562,742.6400146484375,91625
2026-09-25 14:09:00+00:00,742.6199951171875,742.7999877929688,742.27001953125,742.5999755859375,76222
2026-09-25 14:10:00+00:00,742.5999755859375,742.9500122070312,742.3499755859375,742.3499755859375,76555
2026-09-25 14:11:00+00:00,742.3499755859375,742.8499755859375,742.0308837890625,742.6699829101562,70138
2026-09-25 14:12:00+00:00,742.7100219726562,742.7100219726562,742.2100219726562,742.2550048828125,43682
2026-09-25 14:13:00+00:00,742.2349853515625,742.3150024414062,741.6199951171875,741.75,177293
2026-09-25 14:14:00+00:00,741.75,741.8099975585938,740.8109741210938,740.989990234375,185906
2026-09-25 14:15:00+00:00,741.0,741.1500244140625,739.8499755859375,740.9199829101562,193490
2026-09-25 14:16:00+00:00,740.8900146484375,741.280029296875,740.239990234375,740.3300170898438,124194
2026-09-25 14:17:00+00:00,740.3599853515625,740.4500122070312,739.7100219726562,740.0236206054688,192548
2026-09-25 14:18:00+00:00,740.010009765625,740.6900024414062,739.989990234375,740.2119750976562,92915
2026-09-25 14:19:00+00:00,740.1799926757812,740.7100219726562,739.6400146484375,740.5349731445312,70355
2026-09-25 14:20:00+00:00,740.489990234375,741.0499877929688,740.260009765625,740.9600219726562,123325
2026-09-25 14:21:00+00:00,741.0,741.219970703125,740.489990234375,740.7100219726562,113062
2026-09-25 14:22:00+00:00,740.6599731445312,741.0999755859375,740.5999755859375,740.9299926757812,110376
2026-09-25 14:23:00+00:00,740.989990234375,741.3599853515625,740.8900146484375,740.9705200195312,113582
2026-09-25 14:24:00+00:00,741.02001953125,741.47998046875,740.9500122070312,741.2999877929688,67942
2026-09-25 14:25:00+00:00,741.3400268554688,741.5999755859375,740.989990234375,741.5999755859375,70989
2026-09-25 14:26:00+00:00,741.62939453125,741.9000244140625,741.4099731445312,741.489990234375,48497
2026-09-25 14:27:00+00:00,741.5,741.5800170898438,741.239990234375,741.280029296875,36014
2026-09-25 14:28:00+00:00,741.27001953125,741.3198852539062,740.6900024414062,741.1199951171875,57509
2026-09-25 14:29:00+00:00,741.0999755859375,741.469970703125,740.6699829101562,740.77001953125,46040
2026-09-25 14:30:00+00:00,740.780029296875,741.0999755859375,740.489990234375,740.719970703125,67331
2026-09-25 14:31:00+00:00,740.8699951171875,741.1900024414062,740.7150268554688,741.1600952148438,67123
2026-09-25 14:32:00+00:00,741.219970703125,741.5399780273438,741.1500244140625,741.405029296875,66427
2026-09-25 14:33:00+00:00,741.4349975585938,741.780029296875,741.3400268554688,741.510009765625,60379
2026-09-25 14:34:00+00:00,741.510009765625,742.0,741.4500122070312,741.7249755859375,394239
2026-09-25 14:35:00+00:00,741.7349853515625,742.0894775390625,741.5,741.8900146484375,146983
2026-09-25 14:36:00+00:00,741.8323974609375,741.9749755859375,741.6099853515625,741.760009765625,37094
2026-09-25 14:37:00+00:00,741.7100219726562,742.010009765625,741.6300048828125,741.9099731445312,158980
2026-09-25 14:38:00+00:00,741.9600219726562,742.4981079101562,741.9199829101562,742.0549926757812,157467
2026-09-25 14:39:00+00:00,742.0599975585938,742.25,742.0418701171875,742.2150268554688,26470
2026-09-25 14:40:00+00:00,742.239990234375,742.3099975585938,741.6699829101562,741.7150268554688,37210
2026-09-25 14:41:00+00:00,741.6962280273438,741.989990234375,741.1900024414062,741.22998046875,55571
2026-09-25 14:42:00+00:00,741.2550048828125,741.5405883789062,741.0499877929688,741.4000244140625,63005
2026-09-25 14:43:00+00:00,741.4099731445312,741.4500122070312,741.0,741.0999755859375,28227
2026-09-25 14:44:00+00:00,741.0900268554688,741.510009765625,740.9552001953125,741.510009765625,37199
2026-09-25 14:45:00+00:00,741.5800170898438,741.5999755859375,741.0499877929688,741.530029296875,38756
2026-09-25 14:46:00+00:00,741.530029296875,742.0999755859375,741.2000732421875,741.6599731445312,139543
2026-09-25 14:47:00+00:00,741.6699829101562,741.9199829101562,741.4600219726562,741.7550048828125,48572
2026-09-25 14:48:00+00:00,741.7427978515625,741.8300170898438,741.4100952148438,741.4815063476562,36593
2026-09-25 14:49:00+00:00,741.489990234375,742.3300170898438,741.4600219726562,742.2000122070312,46428
2026-09-25 14:50:00+00:00,742.155029296875,742.2100219726562,741.77001953125,742.0499877929688,49515
2026-09-25 14:51:00+00:00,742.0800170898438,742.2100219726562,741.4199829101562,741.4324951171875,48139
2026-09-25 14:52:00+00:00,741.4500732421875,741.5499877929688,741.25,741.3699951171875,30089
2026-09-25 14:53:00+00:00,741.3900146484375,741.8599853515625,741.3599853515625,741.6500244140625,40337
2026-09-25 14:54:00+00:00,741.7750854492188,742.1300048828125,741.719970703125,742.0800170898438,88878
2026-09-25 14:55:00+00:00,742.02001953125,742.5828247070312,742.02001953125,742.5601196289062,60678
2026-09-25 14:56:00+00:00,742.5499877929688,742.8499755859375,742.489990234375,742.489990234375,91651
2026-09-25 14:57:00+00:00,742.510009765625,742.8400268554688,742.5,742.7249755859375,24396
2026-09-25 14:58:00+00:00,742.6900024414062,742.9500122070312,742.47998046875,742.9428100585938,37291
2026-09-25 14:59:00+00:00,742.9400024414062,743.0800170898438,742.8499755859375,742.96142578125,40029
2026-09-25 15:00:00+00:00,742.9299926757812,742.97998046875,742.75,742.8699951171875,38939
2026-09-25 15:01:00+00:00,742.8900146484375,743.3900146484375,742.84912109375,743.2650146484375,103258
2026-09-25 15:02:00+00:00,743.2440185546875,743.5900268554688,743.22998046875,743.4949951171875,167036
2026-09-25 15:03:00+00:00,743.47998046875,743.780029296875,743.47998046875,743.5700073242188,173082
2026-09-25 15:04:00+00:00,743.5650024414062,743.97998046875,743.530029296875,743.7050170898438,68216
2026-09-25 15:05:00+00:00,743.7100219726562,744.0499877929688,743.6900024414062,743.8400268554688,180392
2026-09-25 15:06:00+00:00,743.8499755859375,744.05810546875,743.8200073242188,743.8505249023438,171337
2026-09-25 15:07:00+00:00,743.8699951171875,743.989990234375,743.77001953125,743.8200073242188,30477
2026-09-25 15:08:00+00:00,743.8499755859375,743.8699951171875,743.6599731445312,743.7899780273438,45690
2026-09-25 15:09:00+00:00,743.780029296875,743.8499755859375,743.47998046875,743.52001953125,65772
2026-09-25 15:10:00+00:00,743.489990234375,743.5650024414062,743.0,743.1777954101562,64218
2026-09-25 15:11:00+00:00,743.1799926757812,743.2100219726562,742.530029296875,742.68017578125,75605
2026-09-25 15:12:00+00:00,742.6900024414062,742.9193115234375,742.5999755859375,742.7349853515625,47378
2026-09-25 15:13:00+00:00,742.7449951171875,742.9400024414062,742.6699829101562,742.8400268554688,32969
2026-09-25 15:14:00+00:00,742.8099975585938,743.0,742.75,742.8800048828125,27041
2026-09-25 15:15:00+00:00,742.9199829101562,743.0050048828125,742.7902221679688,742.9550170898438,19997
2026-09-25 15:16:00+00:00,742.969970703125,743.280029296875,742.9199829101562,743.260009765625,25499
2026-09-25 15:17:00+00:00,743.25,743.3049926757812,743.0599975585938,743.0811157226562,23485
2026-09-25 15:18:00+00:00,743.02001953125,743.219970703125,742.97998046875,743.0576171875,23660
2026-09-25 15:19:00+00:00,743.030029296875,743.030029296875,742.469970703125,742.6600952148438,25981
2026-09-25 15:20:00+00:00,742.6699829101562,742.969970703125,742.4199829101562,742.9498901367188,123117
2026-09-25 15:21:00+00:00,742.9793090820312,743.4500122070312,742.72998046875,742.9600219726562,70379
2026-09-25 15:22:00+00:00,742.969970703125,743.1099853515625,742.8599853515625,743.010009765625,270809
2026-09-25 15:23:00+00:00,743.0,743.239990234375,742.9500122070312,742.9500122070312,85064
2026-09-25 15:24:00+00:00,742.9998779296875,743.0250244140625,742.6099853515625,742.6849975585938,32973
2026-09-25 15:25:00+00:00,742.7091064453125,742.8499755859375,742.5827026367188,742.6900024414062,0
2026-09-25 15:26:00+00:00,742.5750122070312,742.9199829101562,742.510009765625,742.9199829101562,22054
2026-09-25 15:27:00+00:00,742.9249877929688,743.0,742.6900024414062,742.7100219726562,27384
2026-09-25 15:28:00+00:00,742.72998046875,742.780029296875,742.5700073242188,742.7100219726562,12095
2026-09-25 15:29:00+00:00,742.7150268554688,743.0399780273438,742.6900024414062,742.6900024414062,315024
2026-09-25 15:30:00+00:00,742.7109985351562,743.5599975585938,742.6900024414062,743.260009765625,132857
2026-09-25 15:31:00+00:00,743.22998046875,743.6699829101562,743.1400146484375,743.6699829101562,30354
2026-09-25 15:32:00+00:00,743.6500244140625,743.8200073242188,743.5399780273438,743.6900024414062,40223
2026-09-25 15:33:00+00:00,743.6699829101562,743.719970703125,743.4299926757812,743.52001953125,28380
2026-09-25 15:34:00+00:00,743.5399780273438,743.5999755859375,742.7550048828125,742.780029296875,127805
2026-09-25 15:35:00+00:00,742.760009765625,742.9199829101562,742.3400268554688,742.594970703125,49328
2026-09-25 15:36:00+00:00,742.530029296875,742.5700073242188,742.0050048828125,742.0700073242188,32925
2026-09-25 15:37:00+00:00,742.0999755859375,742.219970703125,741.780029296875,742.1400146484375,40286
2026-09-25 15:38:00+00:00,742.1500244140625,742.1594848632812,741.5900268554688,741.7130126953125,43500
2026-09-25 15:39:00+00:00,741.6649780273438,741.8400268554688,741.530029296875,741.719970703125,35273
2026-09-25 15:40:00+00:00,741.7265014648438,742.02001953125,741.52099609375,742.0,44019
2026-09-25 15:41:00+00:00,742.0,742.119873046875,741.8599853515625,741.989990234375,97414
2026-09-25 15:42:00+00:00,741.989990234375,742.0800170898438,741.6110229492188,741.7449951171875,34462
2026-09-25 15:43:00+00:00,741.7410278320312,741.8200073242188,741.489990234375,741.5549926757812,17224
2026-09-25 15:44:00+00:00,741.5430297851562,741.5900268554688,741.1799926757812,741.25,36249
2026-09-25 15:45:00+00:00,741.22998046875,741.3800048828125,741.1099853515625,741.1400146484375,40394
2026-09-25 15:46:00+00:00,741.1199951171875,741.5999755859375,740.8800048828125,741.5650024414062,67346
2026-09-25 15:47:00+00:00,741.5684814453125,741.718994140625,741.52001953125,741.5623779296875,24617
2026-09-25 15:48:00+00:00,741.5499877929688,741.8599853515625,741.385009765625,741.6799926757812,32445
2026-09-25 15:49:00+00:00,741.739990234375,741.9199829101562,741.6599731445312,741.9099731445312,29950
2026-09-25 15:50:00+00:00,741.969970703125,742.0399780273438,741.739990234375,741.8480224609375,26310
2026-09-25 15:51:00+00:00,741.7550048828125,741.77001953125,740.8900146484375,740.8900146484375,29650
2026-09-25 15:52:00+00:00,740.8800048828125,741.1699829101562,740.72998046875,740.989990234375,73093
2026-09-25 15:53:00+00:00,740.989990234375,741.1400146484375,740.9500122070312,741.0700073242188,32021
2026-09-25 15:54:00+00:00,741.0800170898438,742.0,740.97998046875,741.7789916992188,144363
2026-09-25 15:55:00+00:00,741.739990234375,742.1099853515625,741.7349853515625,742.0050048828125,31613
2026-09-25 15:56:00+00:00,742.02001953125,742.4000244140625,741.9500122070312,742.4000244140625,46203
2026-09-25 15:57:00+00:00,742.4000854492188,742.6099853515625,742.4000854492188,742.5999755859375,52668
2026-09-25 15:58:00+00:00,742.6400146484375,743.3900146484375,742.6246948242188,743.2150268554688,108404
2026-09-25 15:59:00+00:00,743.1898803710938,743.791015625,743.1300048828125,743.6909790039062,75620
2026-09-25 16:00:00+00:00,743.7235107421875,744.4099731445312,743.4849853515625,744.3499755859375,137012
2026-09-25 16:01:00+00:00,744.3400268554688,744.5499877929688,744.1245727539062,744.1900024414062,288324
2026-09-25 16:02:00+00:00,744.1799926757812,744.8300170898438,744.1701049804688,744.7899780273438,122792
2026-09-25 16:03:00+00:00,744.739990234375,745.2000122070312,744.5800170898438,745.1599731445312,208487
2026-09-25 16:04:00+00:00,745.1599731445312,745.1599731445312,744.6799926757812,745.0999755859375,159321
2026-09-25 16:05:00+00:00,745.0700073242188,745.6599731445312,744.8599853515625,745.5800170898438,216634
2026-09-25 16:06:00+00:00,745.5399780273438,745.614990234375,745.1799926757812,745.4500122070312,111177
2026-09-25 16:07:00+00:00,745.52001953125,745.5850219726562,745.1799926757812,745.2650146484375,143516
2026-09-25 16:08:00+00:00,745.260009765625,745.510009765625,745.0599975585938,745.2109985351562,72619
2026-09-25 16:09:00+00:00,745.2000122070312,745.530029296875,744.9774780273438,745.4400024414062,92529
2026-09-25 16:10:00+00:00,745.489990234375,745.9010009765625,745.4249877929688,745.5700073242188,129148
2026-09-25 16:11:00+00:00,745.5800170898438,745.6115112304688,745.2349853515625,745.5679931640625,75338
2026-09-25 16:12:00+00:00,745.530029296875,745.780029296875,745.3250122070312,745.4301147460938,108492
2026-09-25 16:13:00+00:00,745.3800048828125,745.510009765625,745.3004150390625,745.489990234375,48560
2026-09-25 16:14:00+00:00,745.4580078125,745.4580078125,744.9000244140625,745.330078125,55526
2026-09-25 16:15:00+00:00,745.2979736328125,745.6599731445312,745.2100219726562,745.5499877929688,29265
2026-09-25 16:16:00+00:00,745.5549926757812,745.8400268554688,745.3599853515625,745.82421875,34992
2026-09-25 16:17:00+00:00,745.7899780273438,745.9149780273438,745.1486206054688,745.1486206054688,38226
2026-09-25 16:18:00+00:00,745.180419921875,745.180419921875,744.655029296875,744.760009765625,77034
2026-09-25 16:19:00+00:00,744.7650146484375,744.8400268554688,744.5900268554688,744.760009765625,31394
2026-09-25 16:20:00+00:00,744.760009765625,744.8599853515625,744.1300048828125,744.1599731445312,95922
2026-09-25 16:21:00+00:00,744.1699829101562,744.3049926757812,743.8800048828125,744.25,97137
2026-09-25 16:22:00+00:00,744.22998046875,744.3107299804688,743.7999877929688,744.0349731445312,72290
2026-09-25 16:23:00+00:00,744.0250244140625,744.0999145507812,743.2899780273438,743.75,126552
2026-09-25 16:24:00+00:00,743.760009765625,743.989990234375,743.6599731445312,743.89501953125,46064
2026-09-25 16:25:00+00:00,743.9099731445312,744.3900146484375,743.8300170898438,744.1837768554688,63832
2026-09-25 16:26:00+00:00,744.1799926757812,745.0989990234375,744.0999755859375,745.0880126953125,82018
2026-09-25 16:27:00+00:00,745.0750122070312,745.25,745.024169921875,745.0800170898438,48624
2026-09-25 16:28:00+00:00,745.0800170898438,745.122802734375,744.8599853515625,745.0880126953125,25021
2026-09-25 16:29:00+00:00,745.0700073242188,745.3699951171875,745.0700073242188,745.3099975585938,35248
2026-09-25 16:30:00+00:00,745.3400268554688,745.3400268554688,744.9099731445312,745.1199951171875,32239
2026-09-25 16:31:00+00:00,745.1300048828125,745.27001953125,745.030029296875,745.2299194335938,21530
2026-09-25 16:32:00+00:00,745.239990234375,745.47998046875,745.0700073242188,745.1749877929688,30507
2026-09-25 16:33:00+00:00,745.2000122070312,745.4500122070312,745.1500244140625,745.4500122070312,20569
2026-09-25 16:34:00+00:00,745.47998046875,745.489990234375,743.8499755859375,744.2598876953125,279452
2026-09-25 16:35:00+00:00,744.2650146484375,744.64501953125,744.2650146484375,744.5595092773438,60722
2026-09-25 16:36:00+00:00,744.5499877929688,744.5700073242188,744.2000122070312,744.4810180664062,11867
2026-09-25 16:37:00+00:00,744.489990234375,745.1199951171875,744.489990234375,744.8200073242188,30360
2026-09-25 16:38:00+00:00,744.7319946289062,744.7999877929688,744.4299926757812,744.7999877929688,26492
2026-09-25 16:39:00+00:00,744.75,744.9141235351562,744.6605224609375,744.6729736328125,25222
2026-09-25 16:40:00+00:00,744.7009887695312,744.8300170898438,744.489990234375,744.5,31307
2026-09-25 16:41:00+00:00,744.530029296875,744.719970703125,744.4000244140625,744.5800170898438,32135
2026-09-25 16:42:00+00:00,744.635009765625,745.0499877929688,744.52001953125,744.5800170898438,50043
2026-09-25 16:43:00+00:00,744.594970703125,745.1599731445312,744.594970703125,745.0300903320312,34453
2026-09-25 16:44:00+00:00,745.0700073242188,745.22998046875,744.8099975585938,744.8699951171875,45240
2026-09-25 16:45:00+00:00,744.85498046875,744.8679809570312,744.551025390625,744.739990234375,17619
2026-09-25 16:46:00+00:00,744.7401123046875,744.875,744.6608276367188,744.6799926757812,13472
2026-09-25 16:47:00+00:00,744.6799926757812,744.739990234375,744.5599975585938,744.5650024414062,64818
2026-09-25 16:48:00+00:00,744.5599975585938,744.5999755859375,744.0800170898438,744.1201171875,66798
2026-09-25 16:49:00+00:00,744.1279907226562,744.3314208984375,743.905029296875,744.3021850585938,47964
2026-09-25 16:50:00+00:00,744.3699951171875,744.4600219726562,744.219970703125,744.3200073242188,41806
2026-09-25 16:51:00+00:00,744.3599853515625,744.4400024414062,744.260009765625,744.405029296875,21542
2026-09-25 16:52:00+00:00,744.405029296875,744.6392822265625,744.3599853515625,744.5748901367188,29713
2026-09-25 16:53:00+00:00,744.5903930664062,744.72998046875,744.47998046875,744.47998046875,11407
2026-09-25 16:54:00+00:00,744.4000244140625,744.6099853515625,744.3201293945312,744.5050048828125,6788
2026-09-25 16:55:00+00:00,744.5963134765625,744.7550048828125,744.5269165039062,744.6054077148438,12762
2026-09-25 16:56:00+00:00,744.6199951171875,744.8099975585938,744.489990234375,744.5549926757812,24657
2026-09-25 16:57:00+00:00,744.5599975585938,744.5599975585938,744.260009765625,744.2850952148438,40480
2026-09-25 16:58:00+00:00,744.3200073242188,744.3699951171875,744.1500244140625,744.2349853515625,22031
2026-09-25 16:59:00+00:00,744.2188110351562,744.4600219726562,743.8499755859375,744.2399291992188,92112
2026-09-25 17:00:00+00:00,744.280029296875,744.3699951171875,744.135009765625,744.2249755859375,23745
2026-09-25 17:01:00+00:00,744.25,744.9099731445312,744.25,744.8516235351562,56791
2026-09-25 17:02:00+00:00,744.8400268554688,745.1690063476562,744.739990234375,745.0399780273438,31712
2026-09-25 17:03:00+00:00,745.030029296875,745.2498779296875,744.9500122070312,745.030029296875,30149
2026-09-25 17:04:00+00:00,745.0599975585938,745.0599975585938,744.8499755859375,745.0,23974
2026-09-25 17:05:00+00:00,744.9739990234375,745.1599731445312,744.9299926757812,745.0,24251
2026-09-25 17:06:00+00:00,744.9650268554688,745.0800170898438,744.9099731445312,744.9299926757812,11744
2026-09-25 17:07:00+00:00,744.9400024414062,744.969970703125,744.7009887695312,744.85498046875,23653
2026-09-25 17:08:00+00:00,744.9000244140625,744.9000244140625,744.5,744.739990234375,20446
2026-09-25 17:09:00+00:00,744.8200073242188,745.1199951171875,744.77001953125,745.010009765625,23624
2026-09-25 17:10:00+00:00,745.0,745.010009765625,744.8699951171875,744.9099731445312,181817
2026-09-25 17:11:00+00:00,744.9500122070312,744.9500122070312,744.6599731445312,744.6599731445312,15032
2026-09-25 17:12:00+00:00,744.719970703125,744.8599853515625,744.5499877929688,744.8599853515625,18321
2026-09-25 17:13:00+00:00,744.8900146484375,745.2100219726562,744.8598022460938,745.0700073242188,24203
2026-09-25 17:14:00+00:00,745.0449829101562,745.27001953125,744.97998046875,745.25,28116
2026-09-25 17:15:00+00:00,745.2550048828125,745.3400268554688,745.135009765625,745.280029296875,52838
2026-09-25 17:16:00+00:00,745.2894897460938,745.2894897460938,745.1199951171875,745.1199951171875,9440
2026-09-25 17:17:00+00:00,745.135009765625,745.3900146484375,745.0999755859375,745.10498046875,23583
2026-09-25 17:18:00+00:00,745.1099853515625,745.1099853515625,744.9019775390625,745.010009765625,10886
2026-09-25 17:19:00+00:00,745.02001953125,745.0999755859375,744.9600219726562,744.97998046875,12445
2026-09-25 17:20:00+00:00,745.0,745.1898803710938,744.989990234375,745.155029296875,30390
2026-09-25 17:21:00+00:00,745.0999755859375,745.1300048828125,745.030029296875,745.0800170898438,31381
2026-09-25 17:22:00+00:00,745.0800170898438,745.25,745.0698852539062,745.110107421875,18255
2026-09-25 17:23:00+00:00,745.1400146484375,745.2999877929688,745.0999755859375,745.219970703125,41554
2026-09-25 17:24:00+00:00,745.260009765625,745.3200073242188,745.1900024414062,745.260009765625,19774
2026-09-25 17:25:00+00:00,745.3099975585938,745.3300170898438,745.1881713867188,745.1881713867188,18285
2026-09-25 17:26:00+00:00,745.2000122070312,745.219970703125,745.0999755859375,745.1300048828125,12136
2026-09-25 17:27:00+00:00,745.093017578125,745.1400146484375,745.030029296875,745.094970703125,8262
2026-09-25 17:28:00+00:00,745.0750122070312,745.2100219726562,745.0750122070312,745.1950073242188,7718
2026-09-25 17:29:00+00:00,745.135009765625,745.1928100585938,745.0927124023438,745.1928100585938,17391
2026-09-25 17:30:00+00:00,745.2000122070312,745.2999877929688,745.0700073242188,745.1699829101562,29022
2026-09-25 17:31:00+00:00,745.1599731445312,745.1599731445312,744.7999877929688,744.8200073242188,28444
2026-09-25 17:32:00+00:00,744.8200073242188,744.9400024414062,744.8200073242188,744.9349975585938,25367
2026-09-25 17:33:00+00:00,744.9500122070312,745.0900268554688,744.77001953125,744.77001953125,23405
2026-09-25 17:34:00+00:00,744.7849731445312,744.8099975585938,744.4802856445312,744.72998046875,28234
2026-09-25 17:35:00+00:00,744.7493896484375,744.8200073242188,744.6400756835938,744.7371826171875,17190
2026-09-25 17:36:00+00:00,744.7349853515625,744.843505859375,744.5850219726562,744.6300048828125,18626
2026-09-25 17:37:00+00:00,744.5999755859375,744.619873046875,744.423583984375,744.5247802734375,32724
2026-09-25 17:38:00+00:00,744.5549926757812,744.7100219726562,744.510009765625,744.6500244140625,13719
2026-09-25 17:39:00+00:00,744.635009765625,745.0900268554688,744.5999755859375,744.8200073242188,46368
2026-09-25 17:40:00+00:00,744.8350219726562,745.0999755859375,744.7899780273438,744.9157104492188,18829
2026-09-25 17:41:00+00:00,744.8800048828125,745.2000122070312,744.8800048828125,745.114990234375,16727
2026-09-25 17:42:00+00:00,745.14501953125,745.25,745.125,745.2100219726562,45725
2026-09-25 17:43:00+00:00,745.1799926757812,745.1799926757812,744.969970703125,745.0499877929688,45034
2026-09-25 17:44:00+00:00,745.02001953125,745.125,744.7899780273438,744.8900146484375,57429
2026-09-25 17:45:00+00:00,744.8200073242188,744.948974609375,744.7750244140625,744.8400268554688,22493
2026-09-25 17:46:00+00:00,744.8599853515625,744.9000244140625,744.7899780273438,744.8201293945312,7954
2026-09-25 17:47:00+00:00,744.8400268554688,744.8499755859375,744.72998046875,744.7899780273438,11560
2026-09-25 17:48:00+00:00,744.780029296875,744.9099731445312,744.75,744.8804931640625,19391
2026-09-25 17:49:00+00:00,744.969970703125,745.2000122070312,744.969970703125,745.2000122070312,16647
2026-09-25 17:50:00+00:00,745.1699829101562,745.1950073242188,745.0704956054688,745.14501953125,12730
2026-09-25 17:51:00+00:00,745.1500854492188,745.1649780273438,745.02001953125,745.0549926757812,27072
2026-09-25 17:52:00+00:00,745.0399780273438,745.0401000976562,744.7349853515625,744.7349853515625,15737
2026-09-25 17:53:00+00:00,744.7249755859375,744.8699951171875,744.6824951171875,744.8300170898438,25359
2026-09-25 17:54:00+00:00,744.8098754882812,744.8099975585938,744.5200805664062,744.719970703125,16204
2026-09-25 17:55:00+00:00,744.739990234375,744.8300170898438,744.7020263671875,744.7620239257812,7070
2026-09-25 17:56:00+00:00,744.8400268554688,744.9498901367188,744.77001953125,744.9400024414062,11778
2026-09-25 17:57:00+00:00,744.8803100585938,744.9149780273438,744.8452758789062,744.8452758789062,7410
2026-09-25 17:58:00+00:00,744.8599853515625,745.0,744.8599853515625,744.9400024414062,10079
2026-09-25 17:59:00+00:00,744.9000244140625,745.0180053710938,744.9000244140625,745.0180053710938,26115
2026-09-25 18:00:00+00:00,745.02001953125,745.1199951171875,744.969970703125,744.969970703125,38617
2026-09-25 18:01:00+00:00,744.9598999023438,745.1099853515625,744.9199829101562,745.0999755859375,8773
2026-09-25 18:02:00+00:00,745.0900268554688,745.0999755859375,744.9099731445312,744.9409790039062,10126
2026-09-25 18:03:00+00:00,745.0,745.0549926757812,744.9600219726562,745.010009765625,8228
2026-09-25 18:04:00+00:00,744.97998046875,744.97998046875,744.8599853515625,744.8699951171875,9831
2026-09-25 18:05:00+00:00,744.8800048828125,744.9749755859375,744.8200073242188,744.8200073242188,14767
2026-09-25 18:06:00+00:00,744.830078125,744.905029296875,744.7849731445312,744.905029296875,12201
2026-09-25 18:07:00+00:00,744.8099975585938,744.8499755859375,744.6749877929688,744.75,23587
2026-09-25 18:08:00+00:00,744.760009765625,745.018310546875,744.72998046875,745.0,10438
2026-09-25 18:09:00+00:00,745.0399780273438,745.0899047851562,744.9801025390625,745.0650024414062,16751
2026-09-25 18:10:00+00:00,745.0549926757812,745.0900268554688,745.010986328125,745.02001953125,8814
2026-09-25 18:11:00+00:00,745.0,745.0,744.9199829101562,744.97998046875,9906
2026-09-25 18:12:00+00:00,744.9429931640625,745.1400146484375,744.8800048828125,745.0900268554688,21761
2026-09-25 18:13:00+00:00,745.1102294921875,745.280029296875,745.1102294921875,745.260009765625,54022
2026-09-25 18:14:00+00:00,745.2550048828125,745.4299926757812,745.1799926757812,745.4005126953125,41410
2026-09-25 18:15:00+00:00,745.4075927734375,745.4500122070312,745.3201293945312,745.3201293945312,15785
2026-09-25 18:16:00+00:00,745.3200073242188,745.419921875,745.2999877929688,745.2999877929688,12796
2026-09-25 18:17:00+00:00,745.3499145507812,745.3699951171875,745.3099975585938,745.3599853515625,14624
2026-09-25 18:18:00+00:00,745.3676147460938,745.4456787109375,745.2224731445312,745.22998046875,36134
2026-09-25 18:19:00+00:00,745.2119750976562,745.2150268554688,745.0800170898438,745.2100219726562,14852
2026-09-25 18:20:00+00:00,745.2100219726562,745.27001953125,745.1995849609375,745.22998046875,23662
2026-09-25 18:21:00+00:00,745.2449951171875,745.2449951171875,745.0700073242188,745.0900268554688,13854
2026-09-25 18:22:00+00:00,745.0900268554688,745.1900024414062,744.9940185546875,744.9940185546875,19047
2026-09-25 18:23:00+00:00,745.0200805664062,745.14501953125,745.010009765625,745.1275024414062,10227
2026-09-25 18:24:00+00:00,745.1749877929688,745.25,745.1699829101562,745.1890258789062,13011
2026-09-25 18:25:00+00:00,745.1699829101562,745.274169921875,745.1599731445312,745.1699829101562,10281
2026-09-25 18:26:00+00:00,745.1600952148438,745.1600952148438,744.4749755859375,744.6199951171875,158732
2026-09-25 18:27:00+00:00,744.5750122070312,744.6900024414062,744.0999755859375,744.2000122070312,46125
2026-09-25 18:28:00+00:00,744.260009765625,744.4299926757812,744.0700073242188,744.3099975585938,72581
2026-09-25 18:29:00+00:00,744.2999877929688,744.5299072265625,744.1799926757812,744.510009765625,126766
2026-09-25 18:30:00+00:00,744.5399780273438,744.89501953125,744.5399780273438,744.8499755859375,29971
2026-09-25 18:31:00+00:00,744.8499755859375,745.111083984375,744.8400268554688,744.989990234375,57329
2026-09-25 18:32:00+00:00,744.97998046875,745.1300048828125,744.9299926757812,744.9349975585938,75384
2026-09-25 18:33:00+00:00,744.989990234375,745.0798950195312,744.905029296875,745.0,9821
2026-09-25 18:34:00+00:00,745.030029296875,745.030029296875,744.8699951171875,744.8800048828125,14791
2026-09-25 18:35:00+00:00,744.85498046875,744.8800048828125,744.7000122070312,744.8400268554688,15397
2026-09-25 18:36:00+00:00,744.8565063476562,744.9000244140625,744.8250122070312,744.8350219726562,19543
2026-09-25 18:37:00+00:00,744.8101196289062,744.8699951171875,744.3200073242188,744.3800048828125,32640
2026-09-25 18:38:00+00:00,744.364990234375,744.3800048828125,744.2249755859375,744.3300170898438,45969
2026-09-25 18:39:00+00:00,744.3400268554688,744.3699951171875,744.1799926757812,744.2000122070312,38195
2026-09-25 18:40:00+00:00,744.2100219726562,744.2100219726562,743.97998046875,744.1099243164062,59624
2026-09-25 18:41:00+00:00,744.1500244140625,744.2899780273438,744.119384765625,744.260009765625,20397
2026-09-25 18:42:00+00:00,744.27001953125,744.5150146484375,744.2680053710938,744.5,27732
2026-09-25 18:43:00+00:00,744.4949951171875,744.5501098632812,744.4401245117188,744.530029296875,15480
2026-09-25 18:44:00+00:00,744.52001953125,744.719970703125,744.47998046875,744.719970703125,15044
2026-09-25 18:45:00+00:00,744.7000732421875,744.77001953125,744.6300048828125,744.6400146484375,20383
2026-09-25 18:46:00+00:00,744.655029296875,744.6849975585938,744.4500122070312,744.4749755859375,40928
2026-09-25 18:47:00+00:00,744.4553833007812,744.4749755859375,744.239990234375,744.239990234375,25266
2026-09-25 18:48:00+00:00,744.2750244140625,744.4199829101562,744.25,744.3900146484375,133417
2026-09-25 18:49:00+00:00,744.4000244140625,744.4295043945312,744.3375854492188,744.3375854492188,18854
2026-09-25 18:50:00+00:00,744.3400268554688,744.375,744.239990234375,744.2999877929688,21836
2026-09-25 18:51:00+00:00,744.27001953125,744.3779907226562,744.1810302734375,744.3099975585938,19517
2026-09-25 18:52:00+00:00,744.3099975585938,744.419921875,744.2750244140625,744.3972778320312,25886
2026-09-25 18:53:00+00:00,744.3900146484375,744.4099731445312,744.280029296875,744.3200073242188,42531
2026-09-25 18:54:00+00:00,744.3099975585938,744.3200073242188,744.1019897460938,744.1799926757812,21092
2026-09-25 18:55:00+00:00,744.1599731445312,744.260009765625,744.159912109375,744.1699829101562,30592
2026-09-25 18:56:00+00:00,744.1799926757812,744.22998046875,744.0599975585938,744.0599975585938,15178
2026-09-25 18:57:00+00:00,744.0549926757812,744.1099243164062,743.97998046875,744.0599975585938,30683
2026-09-25 18:58:00+00:00,744.0750122070312,744.159912109375,743.989990234375,744.159912109375,15010
2026-09-25 18:59:00+00:00,744.1464233398438,744.1649780273438,743.9400024414062,743.9500122070312,19466
2026-09-25 19:00:00+00:00,743.989990234375,744.25,743.989990234375,744.0399780273438,42486
2026-09-25 19:01:00+00:00,744.0800170898438,744.4099731445312,743.9600219726562,744.0,61834
2026-09-25 19:02:00+00:00,744.0150146484375,744.030029296875,743.860107421875,743.9467163085938,28233
2026-09-25 19:03:00+00:00,743.9500122070312,744.0999755859375,743.8499755859375,744.0800170898438,45782
2026-09-25 19:04:00+00:00,744.0800170898438,744.2899780273438,744.0700073242188,744.2352294921875,58334
2026-09-25 19:05:00+00:00,744.2418212890625,744.3800048828125,744.1699829101562,744.3099975585938,28170
2026-09-25 19:06:00+00:00,744.3099975585938,744.4000244140625,744.1699829101562,744.2000732421875,21153
2026-09-25 19:07:00+00:00,744.2050170898438,744.489990234375,744.1900024414062,744.4299926757812,27205
2026-09-25 19:08:00+00:00,744.4600219726562,744.5,744.3900756835938,744.489990234375,15904
2026-09-25 19:09:00+00:00,744.47998046875,744.489990234375,744.3200073242188,744.3800048828125,13087
2026-09-25 19:10:00+00:00,744.4199829101562,744.489990234375,744.385009765625,744.4650268554688,24915
2026-09-25 19:11:00+00:00,744.4500122070312,744.4500122070312,744.2899780273438,744.4000244140625,16525
2026-09-25 19:12:00+00:00,744.388427734375,744.5499877929688,744.344970703125,744.5098876953125,17730
2026-09-25 19:13:00+00:00,744.52001953125,744.5999755859375,744.4299926757812,744.5900268554688,17395
2026-09-25 19:14:00+00:00,744.5750122070312,744.7000122070312,744.5499877929688,744.6699829101562,109039
2026-09-25 19:15:00+00:00,744.6699829101562,744.7899169921875,744.5700073242188,744.6300048828125,21167
2026-09-25 19:16:00+00:00,744.6300048828125,744.6409912109375,744.5200805664062,744.5700073242188,15802
2026-09-25 19:17:00+00:00,744.552490234375,744.6099853515625,744.469970703125,744.530029296875,23686
2026-09-25 19:18:00+00:00,744.5900268554688,744.6099853515625,744.52001953125,744.6099243164062,13126
2026-09-25 19:19:00+00:00,744.5800170898438,744.5800170898438,744.3699951171875,744.3699951171875,22791
2026-09-25 19:20:00+00:00,744.4000244140625,744.4500122070312,744.2318725585938,744.239990234375,53909
2026-09-25 19:21:00+00:00,744.2100219726562,744.3499755859375,744.1799926757812,744.2999877929688,22821
2026-09-25 19:22:00+00:00,744.3099975585938,744.3350219726562,744.0800170898438,744.1057739257812,21799
2026-09-25 19:23:00+00:00,744.0900268554688,744.135009765625,744.02001953125,744.125,24025
2026-09-25 19:24:00+00:00,744.135009765625,744.3300170898438,744.1199951171875,744.2000122070312,17306
2026-09-25 19:25:00+00:00,744.2000122070312,744.2100219726562,744.0499877929688,744.0800170898438,22982
2026-09-25 19:26:00+00:00,744.0712280273438,744.0900268554688,743.72998046875,743.8699951171875,152862
2026-09-25 19:27:00+00:00,743.8699951171875,743.9848022460938,743.8099975585938,743.9299926757812,29756
2026-09-25 19:28:00+00:00,743.9299926757812,744.0399780273438,743.8350219726562,743.8555908203125,23188
2026-09-25 19:29:00+00:00,743.8400268554688,743.9000244140625,743.7349853515625,743.8699951171875,37069
2026-09-25 19:30:00+00:00,743.8699951171875,743.905029296875,743.6900024414062,743.75,151906
2026-09-25 19:31:00+00:00,743.75,743.9395751953125,743.7100219726562,743.9299926757812,175857
2026-09-25 19:32:00+00:00,743.9400024414062,743.969970703125,743.8300170898438,743.9110107421875,83986
2026-09-25 19:33:00+00:00,743.9000244140625,743.9375,743.7899780273438,743.844970703125,78902
2026-09-25 19:34:00+00:00,743.8300170898438,743.8499755859375,743.52001953125,743.530029296875,138859
2026-09-25 19:35:00+00:00,743.5349731445312,743.5700073242188,743.4500122070312,743.52001953125,85747
2026-09-25 19:36:00+00:00,743.510009765625,743.5770263671875,743.3510131835938,743.5700073242188,45654
2026-09-25 19:37:00+00:00,743.5532836914062,744.0798950195312,743.5250244140625,744.010009765625,108022
2026-09-25 19:38:00+00:00,744.030029296875,744.25,743.97998046875,744.1300048828125,56355
2026-09-25 19:39:00+00:00,744.131103515625,744.22998046875,744.0800170898438,744.2000122070312,174811
2026-09-25 19:40:00+00:00,744.1900024414062,744.1900024414062,744.010009765625,744.1099853515625,47479
2026-09-25 19:41:00+00:00,744.094970703125,744.277099609375,744.06689453125,744.1599731445312,85907
2026-09-25 19:42:00+00:00,744.1749877929688,744.3900146484375,744.1749877929688,744.3200073242188,74294
2026-09-25 19:43:00+00:00,744.3400268554688,744.6300048828125,744.3389892578125,744.6199951171875,49425
2026-09-25 19:44:00+00:00,744.6192016601562,744.6400146484375,744.3800048828125,744.4450073242188,76646
2026-09-25 19:45:00+00:00,744.4600219726562,745.0,744.4600219726562,744.8499755859375,162381
2026-09-25 19:46:00+00:00,744.8499755859375,745.0999755859375,744.7901000976562,745.0598754882812,80163
2026-09-25 19:47:00+00:00,745.0399780273438,745.0800170898438,744.8945922851562,744.969970703125,74734
2026-09-25 19:48:00+00:00,744.989990234375,745.010009765625,744.8300170898438,744.875,70192
2026-09-25 19:49:00+00:00,744.8800048828125,744.9299926757812,744.8200073242188,744.8599853515625,80657
2026-09-25 19:50:00+00:00,744.8699951171875,745.3900756835938,744.8699951171875,745.3900756835938,132523
2026-09-25 19:51:00+00:00,745.4000244140625,745.510009765625,745.143798828125,745.280029296875,97116
2026-09-25 19:52:00+00:00,745.2899780273438,745.4000244140625,745.1799926757812,745.219970703125,76565
2026-09-25 19:53:00+00:00,745.2000122070312,745.3599853515625,745.1201782226562,745.239990234375,90787
2026-09-25 19:54:00+00:00,745.260009765625,745.2899780273438,744.8900146484375,744.9299926757812,119657
2026-09-25 19:55:00+00:00,744.9500122070312,745.0999755859375,744.6599731445312,744.6599731445312,387475
2026-09-25 19:56:00+00:00,744.6799926757812,744.7000122070312,744.4232788085938,744.510009765625,918147
2026-09-25 19:57:00+00:00,744.510009765625,744.77001953125,744.510009765625,744.719970703125,263859
2026-09-25 19:58:00+00:00,744.7319946289062,744.8200073242188,744.6099853515625,744.6900024414062,244669
2026-09-25 19:59:00+00:00,744.6799926757812,744.72998046875,744.280029296875,744.4400024414062,496550
2026-09-28 13:30:00+00:00,740.4550170898438,740.698974609375,739.8099975585938,739.860107421875,2288985
2026-09-28 13:31:00+00:00,739.8800048828125,740.3629150390625,739.4146728515625,740.2399291992188,143318
2026-09-28 13:32:00+00:00,740.2830200195312,741.4199829101562,740.2420043945312,740.9249877929688,171965
2026-09-28 13:33:00+00:00,740.8900146484375,740.9299926757812,739.8499755859375,740.2449951171875,128638
2026-09-28 13:34:00+00:00,740.280029296875,740.280029296875,739.4299926757812,739.5189819335938,83876
2026-09-28 13:35:00+00:00,739.489990234375,739.489990234375,738.1099853515625,738.3099975585938,166776
2026-09-28 13:36:00+00:00,738.27001953125,739.1699829101562,738.0449829101562,739.013671875,150891
2026-09-28 13:37:00+00:00,739.0599975585938,739.27001953125,738.6400146484375,738.6400146484375,76290
2026-09-28 13:38:00+00:00,738.6799926757812,738.9384765625,738.2119750976562,738.6599731445312,83126
2026-09-28 13:39:00+00:00,738.7100219726562,739.1599731445312,738.6199951171875,738.6599731445312,71997
2026-09-28 13:40:00+00:00,738.6799926757812,739.02001953125,738.4819946289062,738.739990234375,49187
2026-09-28 13:41:00+00:00,738.8142700195312,738.8142700195312,738.1599731445312,738.25,101645
2026-09-28 13:42:00+00:00,738.280029296875,738.8300170898438,738.2160034179688,738.5999755859375,43270
2026-09-28 13:43:00+00:00,738.6300048828125,738.77001953125,738.4500122070312,738.6099853515625,65251
2026-09-28 13:44:00+00:00,738.6879272460938,738.6879272460938,737.6500244140625,737.9799194335938,106526
2026-09-28 13:45:00+00:00,737.919921875,738.0800170898438,737.5399780273438,737.7000122070312,72568
2026-09-28 13:46:00+00:00,737.719970703125,738.0,737.4400024414062,737.8599853515625,74982
2026-09-28 13:47:00+00:00,737.9000244140625,738.530029296875,737.7899780273438,738.1179809570312,103738
2026-09-28 13:48:00+00:00,738.2750244140625,738.5800170898438,737.969970703125,738.4099731445312,40981
2026-09-28 13:49:00+00:00,738.4450073242188,738.7899169921875,738.1599731445312,738.3150024414062,92200
2026-09-28 13:50:00+00:00,738.2999877929688,738.489990234375,737.6599731445312,737.8599853515625,78432
2026-09-28 13:51:00+00:00,737.8400268554688,737.8400268554688,737.219970703125,737.3699951171875,84006
2026-09-28 13:52:00+00:00,737.39501953125,737.9099731445312,737.2803955078125,737.8098754882812,71390
2026-09-28 13:53:00+00:00,737.8699951171875,738.760009765625,737.8200073242188,738.6099853515625,75071
2026-09-28 13:54:00+00:00,738.6599731445312,739.1900024414062,738.5599975585938,738.8400268554688,63957
2026-09-28 13:55:00+00:00,738.8499755859375,739.239990234375,738.5700073242188,738.6400146484375,105131
2026-09-28 13:56:00+00:00,738.5750122070312,738.6199951171875,738.22998046875,738.3599853515625,54501
2026-09-28 13:57:00+00:00,738.3599853515625,739.0499877929688,738.3200073242188,739.0247802734375,55741
2026-09-28 13:58:00+00:00,739.061279296875,739.1599731445312,738.8400268554688,738.9099731445312,46491
2026-09-28 13:59:00+00:00,738.9000244140625,738.97998046875,738.6400146484375,738.8250122070312,25963
2026-09-28 14:00:00+00:00,738.8300170898438,738.9299926757812,738.4500122070312,738.9299926757812,27335
2026-09-28 14:01:00+00:00,738.9299926757812,738.969970703125,738.4199829101562,738.5,32137
2026-09-28 14:02:00+00:00,738.5750122070312,738.5900268554688,738.1699829101562,738.3070068359375,115591
2026-09-28 14:03:00+00:00,738.2899780273438,738.385009765625,737.8599853515625,738.010009765625,36005
2026-09-28 14:04:00+00:00,737.9600219726562,738.02001953125,737.4500122070312,737.4949951171875,47324
2026-09-28 14:05:00+00:00,737.510009765625,737.541015625,736.969970703125,737.1099853515625,99975
2026-09-28 14:06:00+00:00,737.0999755859375,737.280029296875,736.8400268554688,737.280029296875,96341
2026-09-28 14:07:00+00:00,737.3090209960938,737.4400024414062,736.8499145507812,737.0499267578125,70292
2026-09-28 14:08:00+00:00,737.0499877929688,737.1599731445312,736.780029296875,736.8800048828125,63045
2026-09-28 14:09:00+00:00,736.9299926757812,737.2249755859375,736.7100219726562,736.7100219726562,48631
2026-09-28 14:10:00+00:00,736.7000122070312,736.7000122070312,736.219970703125,736.2387084960938,116467
2026-09-28 14:11:00+00:00,736.2490844726562,736.2598266601562,735.780029296875,735.97998046875,333671
2026-09-28 14:12:00+00:00,735.97998046875,736.0999755859375,735.7000122070312,735.8101196289062,137246
2026-09-28 14:13:00+00:00,735.8400268554688,736.1199951171875,735.6799926757812,735.9600219726562,90188
2026-09-28 14:14:00+00:00,735.9400024414062,735.9550170898438,735.3099975585938,735.659912109375,128755
2026-09-28 14:15:00+00:00,735.6599731445312,736.4299926757812,735.6599731445312,736.0850219726562,93758
2026-09-28 14:16:00+00:00,736.0999755859375,736.4299926757812,735.9299926757812,736.4080810546875,77916
2026-09-28 14:17:00+00:00,736.4299926757812,736.7999877929688,736.2999877929688,736.7899780273438,87351
2026-09-28 14:18:00+00:00,736.8049926757812,736.989990234375,736.6950073242188,736.844970703125,92740
2026-09-28 14:19:00+00:00,736.8499755859375,737.0,736.7990112304688,736.8699951171875,62902
2026-09-28 14:20:00+00:00,736.8200073242188,737.1500244140625,736.4600219726562,737.0499877929688,95593
2026-09-28 14:21:00+00:00,737.0499877929688,737.155029296875,736.594970703125,736.8099975585938,34082
2026-09-28 14:22:00+00:00,736.8400268554688,737.5300903320312,736.8375854492188,737.510009765625,57498
2026-09-28 14:23:00+00:00,737.489990234375,737.489990234375,737.1599731445312,737.239990234375,30946
2026-09-28 14:24:00+00:00,737.2338256835938,737.25,737.0499877929688,737.25,44886
2026-09-28 14:25:00+00:00,737.219970703125,737.27001953125,736.8099975585938,736.8300170898438,46092
2026-09-28 14:26:00+00:00,736.8699951171875,736.9299926757812,736.4749755859375,736.6950073242188,152127
2026-09-28 14:27:00+00:00,736.77001953125,736.8400268554688,736.6099853515625,736.70947265625,318576
2026-09-28 14:28:00+00:00,736.6699829101562,736.8099975585938,736.52001953125,736.739990234375,33856
2026-09-28 14:29:00+00:00,736.75,736.75,736.1699829101562,736.3099975585938,43322
2026-09-28 14:30:00+00:00,736.280029296875,736.3499755859375,736.1300048828125,736.2650146484375,31636
2026-09-28 14:31:00+00:00,736.2374267578125,736.3200073242188,736.0800170898438,736.239990234375,84194
2026-09-28 14:32:00+00:00,736.239990234375,736.47998046875,736.1400146484375,736.4600219726562,110683
2026-09-28 14:33:00+00:00,736.4600219726562,736.6500244140625,736.1099853515625,736.260009765625,48730
2026-09-28 14:34:00+00:00,736.2650146484375,736.3599853515625,736.219970703125,736.260009765625,32842
2026-09-28 14:35:00+00:00,736.260009765625,736.3499755859375,736.02001953125,736.0800170898438,46219
2026-09-28 14:36:00+00:00,736.0999755859375,736.27001953125,735.9199829101562,735.97998046875,50489
2026-09-28 14:37:00+00:00,735.969970703125,736.1300048828125,735.4299926757812,735.4500122070312,133852
2026-09-28 14:38:00+00:00,735.4299926757812,735.469970703125,734.8800048828125,735.1099853515625,275517
2026-09-28 14:39:00+00:00,735.0900268554688,735.3499755859375,735.0,735.0700073242188,123100
2026-09-28 14:40:00+00:00,735.1199951171875,735.385009765625,734.9600219726562,735.1500244140625,63731
2026-09-28 14:41:00+00:00,735.1300048828125,735.27001953125,734.830078125,735.130126953125,101470
2026-09-28 14:42:00+00:00,735.1400146484375,735.1400146484375,734.5701293945312,734.6500244140625,65355
2026-09-28 14:43:00+00:00,734.6300048828125,734.6500244140625,733.5700073242188,733.7299194335938,391591
2026-09-28 14:44:00+00:00,733.719970703125,733.719970703125,733.2999877929688,733.3699951171875,295009
2026-09-28 14:45:00+00:00,733.3900146484375,733.489990234375,732.6309814453125,732.8699951171875,189853
2026-09-28 14:46:00+00:00,732.8900146484375,733.0499877929688,732.5650024414062,732.6849975585938,224346
2026-09-28 14:47:00+00:00,732.6599731445312,732.6699829101562,731.739990234375,731.9949951171875,485995
2026-09-28 14:48:00+00:00,732.0050048828125,732.1950073242188,731.6300048828125,732.0999755859375,251463
2026-09-28 14:49:00+00:00,732.1199951171875,732.469970703125,732.1199951171875,732.3300170898438,209119
2026-09-28 14:50:00+00:00,732.3300170898438,733.0,732.239990234375,732.7999877929688,230862
2026-09-28 14:51:00+00:00,732.77197265625,732.8599853515625,732.3200073242188,732.3400268554688,97744
2026-09-28 14:52:00+00:00,732.3099975585938,732.6500244140625,732.1699829101562,732.3099975585938,97825
2026-09-28 14:53:00+00:00,732.2689208984375,732.6199951171875,732.1699829101562,732.260009765625,88524
2026-09-28 14:54:00+00:00,732.2899780273438,732.4450073242188,732.0399780273438,732.1699829101562,125739
2026-09-28 14:55:00+00:00,732.1699829101562,732.2899780273438,731.989990234375,732.02001953125,194440
2026-09-28 14:56:00+00:00,732.0449829101562,732.9199829101562,732.0449829101562,732.8599853515625,92177
2026-09-28 14:57:00+00:00,732.8300170898438,733.0800170898438,732.5999755859375,732.9500122070312,72838
2026-09-28 14:58:00+00:00,732.9749755859375,733.1599731445312,732.6900024414062,732.8200073242188,105213
2026-09-28 14:59:00+00:00,732.8400268554688,732.9194946289062,732.5900268554688,732.8905029296875,53074
2026-09-28 15:00:00+00:00,732.9400024414062,733.260009765625,732.8499755859375,733.030029296875,82389
2026-09-28 15:01:00+00:00,733.0700073242188,733.5,732.9974975585938,733.219970703125,89883
2026-09-28 15:02:00+00:00,733.2999877929688,733.5599975585938,733.25,733.3900756835938,69656
2026-09-28 15:03:00+00:00,733.4199829101562,733.7899780273438,733.4099731445312,733.760009765625,103824
2026-09-28 15:04:00+00:00,733.77001953125,733.77001953125,733.5499877929688,733.6699829101562,35016
2026-09-28 15:05:00+00:00,733.7100219726562,733.8800048828125,733.5800170898438,733.6901245117188,189558
2026-09-28 15:06:00+00:00,733.72998046875,734.0900268554688,733.3900146484375,734.0189819335938,103906
2026-09-28 15:07:00+00:00,734.0599975585938,734.6395874023438,734.0599975585938,734.5808715820312,155732
2026-09-28 15:08:00+00:00,734.6199951171875,734.8300170898438,734.4732055664062,734.5150146484375,85894
2026-09-28 15:09:00+00:00,734.5399780273438,734.8900146484375,734.510009765625,734.8900146484375,79803
2026-09-28 15:10:00+00:00,734.9000244140625,735.02001953125,734.5800170898438,734.5800170898438,106014
2026-09-28 15:11:00+00:00,734.6099853515625,735.0399780273438,734.5549926757812,734.8200073242188,52419
2026-09-28 15:12:00+00:00,734.780029296875,735.0399780273438,734.719970703125,734.989990234375,147809
2026-09-28 15:13:00+00:00,735.0150146484375,735.1199951171875,734.7849731445312,734.8599853515625,68177
2026-09-28 15:14:00+00:00,734.823974609375,734.8400268554688,734.4849853515625,734.6599731445312,160969
2026-09-28 15:15:00+00:00,734.6500244140625,734.6799926757812,734.4299926757812,734.4299926757812,74589
2026-09-28 15:16:00+00:00,734.4249877929688,734.4301147460938,734.0302734375,734.1300048828125,74929
2026-09-28 15:17:00+00:00,734.1199951171875,734.1599731445312,733.8499755859375,734.1019897460938,56545
2026-09-28 15:18:00+00:00,734.1309814453125,734.2777099609375,733.9168701171875,734.0999755859375,44861
2026-09-28 15:19:00+00:00,734.0850219726562,734.4000244140625,733.9509887695312,734.25,38467
2026-09-28 15:20:00+00:00,734.25,734.3699951171875,734.1300048828125,734.3400268554688,24748
2026-09-28 15:21:00+00:00,734.3201293945312,734.3599853515625,734.0,734.1500244140625,50608
2026-09-28 15:22:00+00:00,734.02099609375,734.2000122070312,733.964599609375,734.02001953125,57519
2026-09-28 15:23:00+00:00,734.02001953125,734.3800048828125,734.02001953125,734.2949829101562,34712
2026-09-28 15:24:00+00:00,734.2999877929688,734.5800170898438,734.1799926757812,734.4199829101562,1572167
2026-09-28 15:25:00+00:00,734.4099731445312,734.9400024414062,734.1500244140625,734.780029296875,137817
2026-09-28 15:26:00+00:00,734.7449951171875,735.10498046875,734.5900268554688,735.0999755859375,65292
2026-09-28 15:27:00+00:00,735.110107421875,735.110107421875,734.8400268554688,734.909912109375,34419
2026-09-28 15:28:00+00:00,734.93798828125,735.02001953125,734.72998046875,734.8599853515625,30489
2026-09-28 15:29:00+00:00,734.8511962890625,735.02001953125,734.7449951171875,734.9251708984375,36165
2026-09-28 15:30:00+00:00,734.9299926757812,735.0,734.7000122070312,734.9600219726562,147500
2026-09-28 15:31:00+00:00,734.9199829101562,734.97998046875,734.4464721679688,734.530029296875,26122
2026-09-28 15:32:00+00:00,734.5399780273438,734.9349975585938,734.5399780273438,734.8399047851562,152384
2026-09-28 15:33:00+00:00,734.9000244140625,734.9600219726562,734.52001953125,734.5499877929688,20322
2026-09-28 15:34:00+00:00,734.5800170898438,734.9534301757812,734.5499877929688,734.89501953125,42627
2026-09-28 15:35:00+00:00,734.9229736328125,735.0574951171875,734.7650146484375,734.97998046875,49376
2026-09-28 15:36:00+00:00,735.0050048828125,735.510009765625,735.0050048828125,735.47998046875,95748
2026-09-28 15:37:00+00:00,735.4949951171875,735.6300048828125,735.4000244140625,735.5098876953125,66965
2026-09-28 15:38:00+00:00,735.510009765625,735.7899780273438,735.4600219726562,735.7050170898438,56942
2026-09-28 15:39:00+00:00,735.6749877929688,735.8099975585938,735.5999755859375,735.6950073242188,37416
2026-09-28 15:40:00+00:00,735.72998046875,735.7338256835938,734.9199829101562,734.9650268554688,96327
2026-09-28 15:41:00+00:00,734.97998046875,735.030029296875,734.4550170898438,734.489990234375,65895
2026-09-28 15:42:00+00:00,734.489990234375,734.6400146484375,734.3900146484375,734.3900146484375,55984
2026-09-28 15:43:00+00:00,734.3800048828125,734.4299926757812,734.0599975585938,734.0599975585938,28050
2026-09-28 15:44:00+00:00,734.0750122070312,734.4500122070312,734.0499877929688,734.4500122070312,26451
2026-09-28 15:45:00+00:00,734.4400024414062,734.4500122070312,734.2100219726562,734.4299926757812,33832
2026-09-28 15:46:00+00:00,734.3800048828125,734.6199951171875,734.2349853515625,734.4600219726562,59484
2026-09-28 15:47:00+00:00,734.4600219726562,734.6544799804688,734.4119873046875,734.5999755859375,26116
2026-09-28 15:48:00+00:00,734.6099853515625,734.77001953125,734.5999755859375,734.5999755859375,34019
2026-09-28 15:49:00+00:00,734.6300048828125,734.8499755859375,734.6199951171875,734.7050170898438,20414
2026-09-28 15:50:00+00:00,734.719970703125,735.0599975585938,734.6799926757812,734.8699951171875,51142
2026-09-28 15:51:00+00:00,734.875,734.875,734.60498046875,734.7000122070312,41763
2026-09-28 15:52:00+00:00,734.7100219726562,734.8099975585938,734.5800170898438,734.6500244140625,35915
2026-09-28 15:53:00+00:00,734.6400146484375,734.9099731445312,734.52001953125,734.8300170898438,46456
2026-09-28 15:54:00+00:00,734.8350219726562,735.22998046875,734.7899780273438,735.22998046875,126011
2026-09-28 15:55:00+00:00,735.239990234375,735.489990234375,735.219970703125,735.385009765625,63596
2026-09-28 15:56:00+00:00,735.39501953125,735.6500244140625,735.3499755859375,735.60498046875,35288
2026-09-28 15:57:00+00:00,735.64501953125,735.6699829101562,735.3822021484375,735.4400024414062,50781
2026-09-28 15:58:00+00:00,735.489990234375,735.5999755859375,735.3900146484375,735.5499877929688,29189
2026-09-28 15:59:00+00:00,735.5399780273438,735.719970703125,735.530029296875,735.6300048828125,27827
2026-09-28 16:00:00+00:00,735.5963134765625,735.6799926757812,735.1799926757812,735.3499755859375,59374
2026-09-28 16:01:00+00:00,735.3300170898438,735.4500122070312,735.090087890625,735.219970703125,40623
2026-09-28 16:02:00+00:00,735.2449951171875,735.3099975585938,735.1599731445312,735.27001953125,26906
2026-09-28 16:03:00+00:00,735.27001953125,735.375,735.1099853515625,735.2249755859375,80047
2026-09-28 16:04:00+00:00,735.22998046875,735.3599853515625,735.1400146484375,735.3099975585938,43333
2026-09-28 16:05:00+00:00,735.1799926757812,735.3250122070312,735.0714111328125,735.1099853515625,146164
2026-09-28 16:06:00+00:00,735.14501953125,735.4299926757812,735.0491943359375,735.4000244140625,35861
2026-09-28 16:07:00+00:00,735.3900146484375,735.6300048828125,735.3200073242188,735.510009765625,26346
2026-09-28 16:08:00+00:00,735.510009765625,735.7899169921875,735.4899291992188,735.6500244140625,38040
2026-09-28 16:09:00+00:00,735.6199951171875,735.6500854492188,735.4299926757812,735.6199951171875,22546
2026-09-28 16:10:00+00:00,735.6400146484375,735.9000244140625,735.6300048828125,735.760009765625,44938
2026-09-28 16:11:00+00:00,735.7999877929688,735.969970703125,735.7000122070312,735.7000122070312,48397
2026-09-28 16:12:00+00:00,735.7000122070312,735.77001953125,735.3300170898438,735.4650268554688,31527
2026-09-28 16:13:00+00:00,735.4199829101562,735.4891967773438,735.3099975585938,735.4000244140625,12256
2026-09-28 16:14:00+00:00,735.4000244140625,735.510009765625,735.4000244140625,735.4650268554688,23148
2026-09-28 16:15:00+00:00,735.4299926757812,735.6199951171875,735.375,735.5399780273438,27994
2026-09-28 16:16:00+00:00,735.5449829101562,736.97998046875,735.4299926757812,736.8400268554688,297097
2026-09-28 16:17:00+00:00,736.8099975585938,737.25,736.52001953125,736.7736206054688,251116
2026-09-28 16:18:00+00:00,736.77001953125,737.030029296875,736.6799926757812,736.7100219726562,75318
2026-09-28 16:19:00+00:00,736.6699829101562,736.8800048828125,736.3599853515625,736.8800048828125,74265
2026-09-28 16:20:00+00:00,736.864990234375,737.8909912109375,736.6500244140625,737.7050170898438,206242
2026-09-28 16:21:00+00:00,737.7100219726562,738.0999755859375,737.6300048828125,737.875,332089
2026-09-28 16:22:00+00:00,737.9398803710938,738.1699829101562,737.8300170898438,737.969970703125,349610
2026-09-28 16:23:00+00:00,737.969970703125,738.1099853515625,737.5349731445312,737.9299926757812,114587
2026-09-28 16:24:00+00:00,737.9210205078125,738.47998046875,737.8200073242188,738.2412719726562,237390
2026-09-28 16:25:00+00:00,738.27001953125,738.7849731445312,738.2000122070312,738.7200927734375,119686
2026-09-28 16:26:00+00:00,738.7379760742188,740.239990234375,738.6300048828125,739.9299926757812,254508
2026-09-28 16:27:00+00:00,739.9400024414062,740.3800048828125,739.7000122070312,740.0349731445312,441106
2026-09-28 16:28:00+00:00,740.059326171875,740.3499755859375,739.5612182617188,739.7100219726562,159267
2026-09-28 16:29:00+00:00,739.7000122070312,740.0050048828125,739.260986328125,739.4337768554688,107676
2026-09-28 16:30:00+00:00,739.3900146484375,739.5499877929688,738.8300170898438,739.0599975585938,153006
2026-09-28 16:31:00+00:00,739.0499877929688,739.1799926757812,738.8900146484375,739.0700073242188,108772
2026-09-28 16:32:00+00:00,739.0599975585938,739.0999755859375,737.9199829101562,738.0927124023438,251193
2026-09-28 16:33:00+00:00,738.0900268554688,738.627685546875,738.0700073242188,738.52001953125,125189
2026-09-28 16:34:00+00:00,738.52001953125,738.8499755859375,738.4600219726562,738.760009765625,50128
2026-09-28 16:35:00+00:00,738.8099975585938,738.97998046875,738.6649780273438,738.8300170898438,96813
2026-09-28 16:36:00+00:00,738.8099975585938,739.1561889648438,738.8099975585938,739.1199951171875,43400
2026-09-28 16:37:00+00:00,739.1099853515625,739.1500244140625,738.75,738.969970703125,25073
2026-09-28 16:38:00+00:00,738.9495849609375,738.97998046875,738.2999877929688,738.3385009765625,56125
2026-09-28 16:39:00+00:00,738.2999877929688,738.3499755859375,738.1400146484375,738.3049926757812,57436
2026-09-28 16:40:00+00:00,738.3049926757812,738.5,738.0900268554688,738.1019897460938,48791
2026-09-28 16:41:00+00:00,738.0499877929688,738.1400146484375,737.6300048828125,737.6699829101562,28566
2026-09-28 16:42:00+00:00,737.6300048828125,737.7100219726562,737.3300170898438,737.3300170898438,47373
2026-09-28 16:43:00+00:00,737.3300170898438,737.530029296875,737.1900024414062,737.4199829101562,79730
2026-09-28 16:44:00+00:00,737.4299926757812,737.5999755859375,737.385009765625,737.489990234375,63139
2026-09-28 16:45:00+00:00,737.5,738.0599975585938,737.489990234375,737.6400146484375,110790
2026-09-28 16:46:00+00:00,737.625,738.0599975585938,737.4600219726562,737.8150024414062,47202
2026-09-28 16:47:00+00:00,737.780029296875,737.9099731445312,737.6400146484375,737.6950073242188,38223
2026-09-28 16:48:00+00:00,737.6699829101562,737.6699829101562,737.3200073242188,737.3400268554688,25089
2026-09-28 16:49:00+00:00,737.3499755859375,737.5900268554688,737.3099975585938,737.5599975585938,16999
2026-09-28 16:50:00+00:00,737.5800170898438,737.77001953125,737.409912109375,737.4398803710938,38187
2026-09-28 16:51:00+00:00,737.4199829101562,737.5349731445312,737.1799926757812,737.4199829101562,47908
2026-09-28 16:52:00+00:00,737.3900756835938,737.5999755859375,737.2222290039062,737.5250244140625,25732
2026-09-28 16:53:00+00:00,737.5449829101562,737.6199951171875,737.3422241210938,737.5800170898438,23271
2026-09-28 16:54:00+00:00,737.5700073242188,737.7738037109375,737.5700073242188,737.6973876953125,154716
2026-09-28 16:55:00+00:00,737.6599731445312,737.8099975585938,737.5999755859375,737.6682739257812,21778
2026-09-28 16:56:00+00:00,737.6699829101562,737.739990234375,737.5399780273438,737.6500244140625,12238
2026-09-28 16:57:00+00:00,737.6699829101562,737.6699829101562,737.47998046875,737.5449829101562,33877
2026-09-28 16:58:00+00:00,737.5900268554688,737.6533813476562,737.489990234375,737.52001953125,30854
2026-09-28 16:59:00+00:00,737.510009765625,737.6535034179688,737.4000244140625,737.6300048828125,104060
2026-09-28 17:00:00+00:00,737.5499877929688,737.5499877929688,736.9100952148438,737.0349731445312,57183
2026-09-28 17:01:00+00:00,737.041015625,737.3699951171875,736.9619750976562,737.2650146484375,36354
2026-09-28 17:02:00+00:00,737.1950073242188,737.2100219726562,736.9199829101562,737.0999755859375,15266
2026-09-28 17:03:00+00:00,737.0399780273438,737.1599731445312,736.989990234375,737.125,10533
2026-09-28 17:04:00+00:00,737.125,737.280029296875,737.0599975585938,737.1900024414062,10620
2026-09-28 17:05:00+00:00,737.25,737.27001953125,736.9550170898438,736.9550170898438,13554
2026-09-28 17:06:00+00:00,736.9349975585938,737.0700073242188,736.719970703125,737.0599975585938,47869
2026-09-28 17:07:00+00:00,737.0399780273438,737.1199951171875,736.780029296875,736.7999877929688,16437
2026-09-28 17:08:00+00:00,736.7449951171875,736.7855224609375,736.64501953125,736.7698974609375,36468
2026-09-28 17:09:00+00:00,736.75,736.8795166015625,736.6799926757812,736.719970703125,19753
2026-09-28 17:10:00+00:00,736.760009765625,736.8300170898438,736.6900024414062,736.7349853515625,1013627
2026-09-28 17:11:00+00:00,736.780029296875,739.52001953125,736.7650146484375,739.3200073242188,291804
2026-09-28 17:12:00+00:00,739.260009765625,739.7000122070312,738.72998046875,738.9500122070312,218009
2026-09-28 17:13:00+00:00,738.9500122070312,739.6300048828125,738.905029296875,739.4500122070312,108291
2026-09-28 17:14:00+00:00,739.4445190429688,739.6749877929688,739.0599975585938,739.6699829101562,73835
2026-09-28 17:15:00+00:00,739.6599731445312,739.6599731445312,738.6400146484375,739.2899780273438,99769
2026-09-28 17:16:00+00:00,739.2863159179688,739.4299926757812,739.010009765625,739.1749877929688,52404
2026-09-28 17:17:00+00:00,739.2659912109375,739.280029296875,738.22998046875,738.60498046875,183730
2026-09-28 17:18:00+00:00,738.5999755859375,738.6699829101562,738.0,738.0108032226562,94393
2026-09-28 17:19:00+00:00,738.030029296875,738.030029296875,737.6500244140625,737.75,116751
2026-09-28 17:20:00+00:00,737.72998046875,737.739990234375,737.4749755859375,737.68798828125,47588
2026-09-28 17:21:00+00:00,737.6400146484375,737.8200073242188,737.6199951171875,737.6798706054688,27201
2026-09-28 17:22:00+00:00,737.7100219726562,737.969970703125,737.6500244140625,737.8040771484375,27742
2026-09-28 17:23:00+00:00,737.8800048828125,738.1099853515625,737.8157958984375,737.8900146484375,39863
2026-09-28 17:24:00+00:00,737.9299926757812,738.239990234375,737.9199829101562,738.160400390625,17512
2026-09-28 17:25:00+00:00,738.0900268554688,738.3098754882812,738.0150146484375,738.1799926757812,53066
2026-09-28 17:26:00+00:00,738.1749877929688,738.1799926757812,737.5499877929688,737.5499877929688,29200
2026-09-28 17:27:00+00:00,737.5599975585938,737.7050170898438,737.489990234375,737.5999755859375,14764
2026-09-28 17:28:00+00:00,737.655029296875,737.8699951171875,737.655029296875,737.8599853515625,38202
2026-09-28 17:29:00+00:00,737.8200073242188,737.9299926757812,737.75,737.8099975585938,19741
2026-09-28 17:30:00+00:00,737.7999877929688,738.1099853515625,737.7899780273438,738.0239868164062,17090
2026-09-28 17:31:00+00:00,738.030029296875,738.3099975585938,737.989990234375,738.3099975585938,29819
2026-09-28 17:32:00+00:00,738.3298950195312,738.489990234375,738.3099975585938,738.3599853515625,105481
2026-09-28 17:33:00+00:00,738.3350219726562,738.4299926757812,738.155029296875,738.155029296875,34117
2026-09-28 17:34:00+00:00,738.1199951171875,738.2949829101562,737.969970703125,738.2473754882812,18993
2026-09-28 17:35:00+00:00,738.22998046875,738.4299926757812,738.2100219726562,738.3800048828125,111953
2026-09-28 17:36:00+00:00,738.4194946289062,738.5,738.280029296875,738.4199829101562,25613
2026-09-28 17:37:00+00:00,738.469970703125,738.510009765625,737.8671264648438,737.9000244140625,32756
2026-09-28 17:38:00+00:00,737.8900146484375,738.260009765625,737.8599853515625,738.219970703125,17154
2026-09-28 17:39:00+00:00,738.1699829101562,738.239990234375,738.1300048828125,738.155029296875,19371
2026-09-28 17:40:00+00:00,738.14990234375,738.27001953125,738.0999145507812,738.1799926757812,9329
2026-09-28 17:41:00+00:00,738.1849975585938,738.322021484375,738.10498046875,738.25,13341
2026-09-28 17:42:00+00:00,738.2249755859375,738.22998046875,737.8599853515625,738.030029296875,32801
2026-09-28 17:43:00+00:00,738.0399780273438,738.0900268554688,738.0,738.0499877929688,10193
2026-09-28 17:44:00+00:00,738.0599975585938,738.0800170898438,737.9500122070312,738.0700073242188,10471
2026-09-28 17:45:00+00:00,738.0700073242188,738.3300170898438,738.0050048828125,738.010009765625,13114
2026-09-28 17:46:00+00:00,738.0499877929688,738.1599731445312,737.969970703125,738.1599731445312,22420
2026-09-28 17:47:00+00:00,738.1199951171875,738.1199951171875,737.9600219726562,737.9600219726562,10824
2026-09-28 17:48:00+00:00,737.9400024414062,738.4149780273438,737.9199829101562,738.4149780273438,19400
2026-09-28 17:49:00+00:00,738.4099731445312,738.4299926757812,738.0700073242188,738.3099975585938,15312
2026-09-28 17:50:00+00:00,738.280029296875,738.3599853515625,738.1500244140625,738.1500244140625,218717
2026-09-28 17:51:00+00:00,738.159912109375,738.22998046875,737.989990234375,738.22998046875,32735
2026-09-28 17:52:00+00:00,738.2349853515625,738.3200073242188,738.1199951171875,738.1400146484375,19100
2026-09-28 17:53:00+00:00,738.0999755859375,738.2000122070312,738.0750122070312,738.1300048828125,13151
2026-09-28 17:54:00+00:00,738.0900268554688,738.2899780273438,738.0900268554688,738.1900024414062,28506
2026-09-28 17:55:00+00:00,738.25,738.25,737.7100219726562,738.114990234375,97209
2026-09-28 17:56:00+00:00,738.0750122070312,738.1599731445312,737.9650268554688,738.0499877929688,26482
2026-09-28 17:57:00+00:00,738.0150146484375,738.1199951171875,737.9500122070312,737.9500122070312,12402
2026-09-28 17:58:00+00:00,738.0,738.22998046875,737.9500122070312,738.0399169921875,22877
2026-09-28 17:59:00+00:00,738.0700073242188,738.1199951171875,737.97998046875,738.0800170898438,9518
2026-09-28 18:00:00+00:00,738.0850219726562,738.2000122070312,737.7999877929688,737.8400268554688,12467
2026-09-28 18:01:00+00:00,737.8499755859375,737.9099731445312,737.51171875,737.7802124023438,44650
2026-09-28 18:02:00+00:00,737.7899780273438,738.1400146484375,737.780029296875,738.1400146484375,18189
2026-09-28 18:03:00+00:00,738.0910034179688,738.239990234375,738.0750122070312,738.2080078125,37134
2026-09-28 18:04:00+00:00,738.1699829101562,738.4210815429688,738.1699829101562,738.3699951171875,527126
2026-09-28 18:05:00+00:00,738.3800048828125,738.469970703125,738.22998046875,738.4000244140625,62916
2026-09-28 18:06:00+00:00,738.3980102539062,738.4398803710938,738.1300048828125,738.2030029296875,165852
2026-09-28 18:07:00+00:00,738.2100219726562,738.239990234375,738.010009765625,738.1099853515625,48555
2026-09-28 18:08:00+00:00,738.0798950195312,738.1799926757812,738.0,738.1799926757812,8557
2026-09-28 18:09:00+00:00,738.1599731445312,738.25,738.0700073242188,738.1699829101562,34654
2026-09-28 18:10:00+00:00,738.1594848632812,738.4299926757812,738.1400146484375,738.3049926757812,19843
2026-09-28 18:11:00+00:00,738.3200073242188,738.394287109375,738.219970703125,738.344970703125,26947
2026-09-28 18:12:00+00:00,738.3784790039062,738.5499877929688,738.260009765625,738.2899780273438,32568
2026-09-28 18:13:00+00:00,738.27001953125,738.2750244140625,738.1500244140625,738.22998046875,17834
2026-09-28 18:14:00+00:00,738.239990234375,738.4293212890625,738.2338256835938,738.3800048828125,14567
2026-09-28 18:15:00+00:00,738.4099731445312,738.5399780273438,738.3599853515625,738.4000244140625,21475
2026-09-28 18:16:00+00:00,738.3900756835938,738.47998046875,738.3201293945312,738.4799194335938,33385
2026-09-28 18:17:00+00:00,738.510009765625,738.5299072265625,738.0800170898438,738.0800170898438,20082
2026-09-28 18:18:00+00:00,738.0599975585938,738.2205810546875,737.9650268554688,738.1400146484375,24255
2026-09-28 18:19:00+00:00,738.1199951171875,738.1599731445312,737.95361328125,737.95361328125,12677
2026-09-28 18:20:00+00:00,737.9550170898438,738.0825805664062,737.9450073242188,737.97998046875,17864
2026-09-28 18:21:00+00:00,738.010009765625,738.135009765625,737.9500122070312,738.135009765625,21119
2026-09-28 18:22:00+00:00,738.0900268554688,738.2100219726562,738.0750122070312,738.1500244140625,15855
2026-09-28 18:23:00+00:00,738.14990234375,738.14990234375,737.72998046875,737.7501220703125,27524
2026-09-28 18:24:00+00:00,737.75,737.7896728515625,737.5900268554688,737.7896728515625,20204
2026-09-28 18:25:00+00:00,737.77001953125,737.8699951171875,737.75,737.8499755859375,34044
2026-09-28 18:26:00+00:00,737.85498046875,737.9749755859375,737.8400268554688,737.9299926757812,22349
2026-09-28 18:27:00+00:00,737.9400024414062,738.0399780273438,737.9299926757812,738.0,16481
2026-09-28 18:28:00+00:00,737.989990234375,738.0599975585938,737.9000244140625,737.9749755859375,12570
2026-09-28 18:29:00+00:00,737.9500122070312,737.969970703125,737.885009765625,737.9299926757812,17190
2026-09-28 18:30:00+00:00,737.9149780273438,738.1799926757812,737.7000122070312,737.9099731445312,127805
2026-09-28 18:31:00+00:00,737.8800048828125,737.9000244140625,737.5,737.6400146484375,44876
2026-09-28 18:32:00+00:00,737.64501953125,737.6500244140625,737.4609985351562,737.5250244140625,41247
2026-09-28 18:33:00+00:00,737.5499877929688,737.6749877929688,737.5499877929688,737.6199951171875,46004
2026-09-28 18:34:00+00:00,737.594970703125,737.8599853515625,737.5800170898438,737.7899780273438,18328
2026-09-28 18:35:00+00:00,737.7750244140625,737.8049926757812,737.6900024414062,737.75,11109
2026-09-28 18:36:00+00:00,737.7150268554688,737.77001953125,737.5900268554688,737.7449951171875,18615
2026-09-28 18:37:00+00:00,737.7150268554688,737.7999877929688,737.6500244140625,737.7100219726562,13726
2026-09-28 18:38:00+00:00,737.7000122070312,737.7050170898438,737.3699951171875,737.3800048828125,137799
2026-09-28 18:39:00+00:00,737.3699951171875,737.3699951171875,736.9400024414062,737.0399169921875,52685
2026-09-28 18:40:00+00:00,737.0800170898438,737.3900146484375,737.0100708007812,737.389892578125,33888
2026-09-28 18:41:00+00:00,737.3699951171875,737.6199951171875,737.364990234375,737.5800170898438,45070
2026-09-28 18:42:00+00:00,737.5599975585938,737.6699829101562,737.4099731445312,737.4500122070312,42815
2026-09-28 18:43:00+00:00,737.5399780273438,737.75,737.530029296875,737.75,106746
2026-09-28 18:44:00+00:00,737.7899780273438,738.0599975585938,737.739990234375,738.02001953125,45765
2026-09-28 18:45:00+00:00,738.0302124023438,738.0700073242188,737.9099731445312,737.9099731445312,39675
2026-09-28 18:46:00+00:00,737.9301147460938,738.02001953125,737.8499755859375,737.9299926757812,144561
2026-09-28 18:47:00+00:00,737.9400024414062,737.969970703125,737.6799926757812,737.9600219726562,25141
2026-09-28 18:48:00+00:00,737.9500122070312,738.2100219726562,737.72998046875,738.0349731445312,66145
2026-09-28 18:49:00+00:00,738.0399780273438,738.2999877929688,737.8699951171875,738.2000122070312,28890
2026-09-28 18:50:00+00:00,738.2000122070312,738.2999877929688,738.0900268554688,738.0999755859375,27047
2026-09-28 18:51:00+00:00,738.130126953125,738.2100219726562,737.9299926757812,738.2100219726562,24031
2026-09-28 18:52:00+00:00,738.216796875,738.3699951171875,738.2050170898438,738.260009765625,28135
2026-09-28 18:53:00+00:00,738.260009765625,738.6199951171875,738.17919921875,738.25,91525
2026-09-28 18:54:00+00:00,738.2550048828125,738.3800048828125,737.97998046875,738.3699951171875,23478
2026-09-28 18:55:00+00:00,738.352783203125,738.4024047851562,738.1599731445312,738.280029296875,93280
2026-09-28 18:56:00+00:00,738.3599853515625,738.47998046875,738.3300170898438,738.3800048828125,130056
2026-09-28 18:57:00+00:00,738.375,738.489990234375,738.3099975585938,738.3099975585938,13797
2026-09-28 18:58:00+00:00,738.3150024414062,738.6099853515625,738.2849731445312,738.5098876953125,68805
2026-09-28 18:59:00+00:00,738.4500122070312,738.530029296875,738.2999877929688,738.344970703125,139864
2026-09-28 19:00:00+00:00,738.3900146484375,738.4099731445312,737.72998046875,737.8400268554688,76580
2026-09-28 19:01:00+00:00,737.8300170898438,737.8400268554688,737.5800170898438,737.6099853515625,31274
2026-09-28 19:02:00+00:00,737.594970703125,737.6599731445312,737.3800048828125,737.4949951171875,93734
2026-09-28 19:03:00+00:00,737.5050048828125,737.8150024414062,737.47998046875,737.760009765625,38027
2026-09-28 19:04:00+00:00,737.7550048828125,737.8499755859375,737.7150268554688,737.7999877929688,19373
2026-09-28 19:05:00+00:00,737.7999877929688,737.9099731445312,737.7899780273438,737.8300170898438,19560
2026-09-28 19:06:00+00:00,737.7899780273438,737.85498046875,737.3499755859375,737.4299926757812,41259
2026-09-28 19:07:00+00:00,737.4409790039062,737.52001953125,737.280029296875,737.3900146484375,149191
2026-09-28 19:08:00+00:00,737.4099731445312,737.4500122070312,737.2899780273438,737.3699951171875,148488
2026-09-28 19:09:00+00:00,737.3800048828125,737.4299926757812,737.260009765625,737.2899780273438,21947
2026-09-28 19:10:00+00:00,737.2650146484375,737.27001953125,737.0999755859375,737.1900024414062,48103
2026-09-28 19:11:00+00:00,737.1950073242188,737.2899780273438,737.0999755859375,737.10009765625,51058
2026-09-28 19:12:00+00:00,737.0900268554688,737.1900024414062,737.0349731445312,737.1500244140625,42205
2026-09-28 19:13:00+00:00,737.1300048828125,737.25,736.8599853515625,736.9199829101562,62187
2026-09-28 19:14:00+00:00,736.8900146484375,736.9099731445312,736.780029296875,736.8499755859375,54849
2026-09-28 19:15:00+00:00,736.8499755859375,736.9199829101562,736.6807861328125,736.9000244140625,68718
2026-09-28 19:16:00+00:00,736.9000244140625,737.1799926757812,736.8099975585938,736.989990234375,187872
2026-09-28 19:17:00+00:00,736.97998046875,737.1900024414062,736.9149780273438,737.1799926757812,86567
2026-09-28 19:18:00+00:00,737.2000122070312,737.280029296875,737.1300048828125,737.2100219726562,62205
2026-09-28 19:19:00+00:00,737.219970703125,737.25,737.02001953125,737.1199951171875,37194
2026-09-28 19:20:00+00:00,737.1199951171875,737.27001953125,737.10498046875,737.1400146484375,56695
2026-09-28 19:21:00+00:00,737.151611328125,737.4349975585938,737.0150146484375,737.3499755859375,97650
2026-09-28 19:22:00+00:00,737.344970703125,737.3499755859375,737.1300048828125,737.25,60973
2026-09-28 19:23:00+00:00,737.260009765625,737.3150024414062,737.1300048828125,737.2100219726562,63941
2026-09-28 19:24:00+00:00,737.219970703125,737.3099975585938,737.1710205078125,737.3099975585938,51364
2026-09-28 19:25:00+00:00,737.3099975585938,737.52001953125,737.219970703125,737.4639892578125,91506
2026-09-28 19:26:00+00:00,737.4774780273438,737.5401000976562,737.344970703125,737.5,47174
2026-09-28 19:27:00+00:00,737.5,737.510009765625,737.239990234375,737.3300170898438,42018
2026-09-28 19:28:00+00:00,737.3200073242188,737.4600219726562,737.1749877929688,737.4299926757812,57333
2026-09-28 19:29:00+00:00,737.4299926757812,737.4299926757812,737.1599731445312,737.2999877929688,42533
2026-09-28 19:30:00+00:00,737.3099975585938,737.3699951171875,736.830078125,736.830078125,77058
2026-09-28 19:31:00+00:00,736.8250122070312,737.0150146484375,736.7999877929688,737.010009765625,72740
2026-09-28 19:32:00+00:00,737.0,737.3300170898438,736.7899780273438,737.0650024414062,117882
2026-09-28 19:33:00+00:00,737.0599975585938,737.3099975585938,736.9124755859375,737.030029296875,203896
2026-09-28 19:34:00+00:00,737.030029296875,737.2100219726562,736.8599853515625,737.1300048828125,57897
2026-09-28 19:35:00+00:00,737.1199951171875,737.2449951171875,736.9099731445312,736.9749755859375,74975
2026-09-28 19:36:00+00:00,736.969970703125,736.969970703125,736.6300048828125,736.6799926757812,153075
2026-09-28 19:37:00+00:00,736.7000122070312,736.7000122070312,736.489990234375,736.5150146484375,74049
2026-09-28 19:38:00+00:00,736.52001953125,736.5700073242188,736.280029296875,736.280029296875,53227
2026-09-28 19:39:00+00:00,736.2899780273438,736.2899780273438,735.989990234375,736.0599975585938,203151
2026-09-28 19:40:00+00:00,736.0700073242188,736.25,736.0650024414062,736.135009765625,71777
2026-09-28 19:41:00+00:00,736.135009765625,736.4500122070312,736.135009765625,736.3400268554688,234597
2026-09-28 19:42:00+00:00,736.3489990234375,736.5599975585938,736.25,736.5,113775
2026-09-28 19:43:00+00:00,736.52001953125,736.5687255859375,736.3599853515625,736.3599853515625,920771
2026-09-28 19:44:00+00:00,736.3599853515625,736.4650268554688,736.3400268554688,736.4249877929688,67011
2026-09-28 19:45:00+00:00,736.4299926757812,736.6099853515625,736.3699951171875,736.5999755859375,80193
2026-09-28 19:46:00+00:00,736.5999755859375,736.77001953125,736.5499877929688,736.6676025390625,96244
2026-09-28 19:47:00+00:00,736.6799926757812,736.7899780273438,736.5650024414062,736.7100219726562,58726
2026-09-28 19:48:00+00:00,736.7000122070312,736.7000122070312,736.4249877929688,736.5999755859375,101602
2026-09-28 19:49:00+00:00,736.5900268554688,736.594970703125,736.2899780273438,736.3400268554688,56479
2026-09-28 19:50:00+00:00,736.3400268554688,736.6099853515625,736.1099853515625,736.219970703125,162471
2026-09-28 19:51:00+00:00,736.260009765625,736.6276245117188,736.2009887695312,736.530029296875,72817
2026-09-28 19:52:00+00:00,736.530029296875,736.530029296875,736.2000122070312,736.2050170898438,877194
2026-09-28 19:53:00+00:00,736.2000122070312,736.2999877929688,736.1199951171875,736.1699829101562,109564
2026-09-28 19:54:00+00:00,736.1500244140625,736.1599731445312,735.8099975585938,735.8499755859375,258328
2026-09-28 19:55:00+00:00,735.8400268554688,736.260009765625,735.8300170898438,736.02001953125,520885
2026-09-28 19:56:00+00:00,736.030029296875,736.27001953125,736.0,736.219970703125,126398
2026-09-28 19:57:00+00:00,736.2000122070312,736.510009765625,736.1599731445312,736.510009765625,249411
2026-09-28 19:58:00+00:00,736.510009765625,736.7849731445312,736.405029296875,736.77001953125,396397
2026-09-28 19:59:00+00:00,736.760009765625,736.760009765625,736.4000244140625,736.5399780273438,951195
2026-09-29 13:30:00+00:00,740.1699829101562,740.5798950195312,739.135009765625,739.3308715820312,1299858
2026-09-29 13:31:00+00:00,739.397705078125,740.078125,738.9008178710938,738.9600830078125,105450
2026-09-29 13:32:00+00:00,739.1199951171875,739.3800048828125,738.8300170898438,739.1248779296875,92413
2026-09-29 13:33:00+00:00,739.1199951171875,739.1199951171875,738.0800170898438,738.0800170898438,128445
2026-09-29 13:34:00+00:00,738.0700073242188,738.2899780273438,737.6705932617188,737.8599853515625,118642
2026-09-29 13:35:00+00:00,737.8400268554688,738.0700073242188,737.2420043945312,737.510009765625,99295
2026-09-29 13:36:00+00:00,737.510009765625,737.9262084960938,737.3200073242188,737.6845703125,82763
2026-09-29 13:37:00+00:00,737.6895751953125,738.3961791992188,737.6895751953125,737.8900146484375,85338
2026-09-29 13:38:00+00:00,737.8400268554688,737.8400268554688,737.1799926757812,737.7498779296875,77470
2026-09-29 13:39:00+00:00,737.7435913085938,738.0,737.5750122070312,738.0,92661
2026-09-29 13:40:00+00:00,738.0399780273438,738.1099853515625,736.8300170898438,736.89501953125,59095
2026-09-29 13:41:00+00:00,736.8900756835938,737.1300048828125,736.7919921875,736.9299926757812,60699
2026-09-29 13:42:00+00:00,736.9500122070312,737.2218017578125,736.3150024414062,736.3800048828125,77260
2026-09-29 13:43:00+00:00,736.4099731445312,736.8800048828125,736.27001953125,736.3699951171875,62419
2026-09-29 13:44:00+00:00,736.3699951171875,736.8400268554688,736.2750244140625,736.7550048828125,54682
2026-09-29 13:45:00+00:00,736.780029296875,737.14990234375,736.6400756835938,737.14990234375,53724
2026-09-29 13:46:00+00:00,737.0700073242188,737.4199829101562,736.9838256835938,736.9940185546875,149202
2026-09-29 13:47:00+00:00,736.9500122070312,737.5499877929688,736.8800048828125,737.0700073242188,75812
2026-09-29 13:48:00+00:00,737.09130859375,737.3800048828125,736.7999877929688,736.9194946289062,55915
2026-09-29 13:49:00+00:00,736.9149780273438,737.1799926757812,736.60888671875,736.969970703125,82236
2026-09-29 13:50:00+00:00,737.0499877929688,737.469970703125,736.8900146484375,737.3800048828125,35331
2026-09-29 13:51:00+00:00,737.3499755859375,737.8200073242188,737.3200073242188,737.614990234375,154348
2026-09-29 13:52:00+00:00,737.6099853515625,738.0250244140625,737.3800048828125,738.0,56210
2026-09-29 13:53:00+00:00,737.9749755859375,738.280029296875,737.8798828125,738.10400390625,65006
2026-09-29 13:54:00+00:00,738.1201171875,738.1719970703125,737.9299926757812,738.0499877929688,50614
2026-09-29 13:55:00+00:00,738.0700073242188,738.739990234375,738.02099609375,738.739990234375,90997
2026-09-29 13:56:00+00:00,738.739990234375,738.8900146484375,738.5,738.5798950195312,89546
2026-09-29 13:57:00+00:00,738.5700073242188,738.6400146484375,738.1599731445312,738.3800048828125,107660
2026-09-29 13:58:00+00:00,738.3699951171875,738.5,738.135009765625,738.3900146484375,46928
2026-09-29 13:59:00+00:00,738.3350219726562,738.3350219726562,737.52001953125,737.7874755859375,79343
2026-09-29 14:00:00+00:00,737.7899780273438,738.9199829101562,737.7550048828125,738.4500122070312,68616
2026-09-29 14:01:00+00:00,738.4500122070312,738.7498779296875,738.0999755859375,738.1199951171875,38484
2026-09-29 14:02:00+00:00,738.0700073242188,738.0700073242188,737.6199951171875,737.9199829101562,81282
2026-09-29 14:03:00+00:00,737.9099731445312,738.4650268554688,737.780029296875,738.3685913085938,40817
2026-09-29 14:04:00+00:00,738.4199829101562,738.4199829101562,737.885986328125,738.2449951171875,55080
2026-09-29 14:05:00+00:00,738.25,738.3900146484375,737.9299926757812,738.260009765625,50211
2026-09-29 14:06:00+00:00,738.2100219726562,738.2100219726562,737.8400268554688,738.1400146484375,26732
2026-09-29 14:07:00+00:00,738.1199951171875,738.3599853515625,737.8099975585938,737.9500122070312,27134
2026-09-29 14:08:00+00:00,737.9600219726562,738.1599731445312,737.8699951171875,738.02099609375,38465
2026-09-29 14:09:00+00:00,738.0009765625,738.010009765625,737.5599975585938,737.72998046875,51471
2026-09-29 14:10:00+00:00,737.8599853515625,738.219970703125,737.8499755859375,738.1699829101562,42035
2026-09-29 14:11:00+00:00,738.2999877929688,738.3499755859375,737.4149780273438,737.5070190429688,47514
2026-09-29 14:12:00+00:00,737.47998046875,737.9598999023438,737.3300170898438,737.9598999023438,37864
2026-09-29 14:13:00+00:00,737.9598999023438,738.5700073242188,737.9598999023438,738.0499877929688,47513
2026-09-29 14:14:00+00:00,738.0599975585938,738.42919921875,738.0360107421875,738.2404174804688,27097
2026-09-29 14:15:00+00:00,738.25,738.3198852539062,737.6699829101562,737.7899780273438,66835
2026-09-29 14:16:00+00:00,737.760009765625,738.7550048828125,737.5599975585938,738.6300048828125,139983
2026-09-29 14:17:00+00:00,738.6798706054688,738.8099975585938,738.3699951171875,738.6199951171875,59619
2026-09-29 14:18:00+00:00,738.6099853515625,739.010009765625,738.5599975585938,738.9014892578125,35866
2026-09-29 14:19:00+00:00,738.8800048828125,739.236083984375,738.7000732421875,739.0,71654
2026-09-29 14:20:00+00:00,739.0549926757812,739.1799926757812,738.010009765625,738.1199951171875,174679
2026-09-29 14:21:00+00:00,738.125,738.75,738.0150146484375,738.6599731445312,76513
2026-09-29 14:22:00+00:00,738.7249755859375,739.239990234375,738.6199951171875,739.239990234375,47860
2026-09-29 14:23:00+00:00,739.2650146484375,739.385009765625,738.77001953125,739.1400146484375,97831
2026-09-29 14:24:00+00:00,739.155029296875,739.260009765625,738.781982421875,739.1329956054688,53403
2026-09-29 14:25:00+00:00,739.0999755859375,739.5698852539062,739.010009765625,739.4199829101562,61340
2026-09-29 14:26:00+00:00,739.4400024414062,739.7150268554688,739.3300170898438,739.7150268554688,49176
2026-09-29 14:27:00+00:00,739.760009765625,739.9199829101562,739.6300048828125,739.6900024414062,87918
2026-09-29 14:28:00+00:00,739.6400146484375,739.6900024414062,738.989990234375,739.010009765625,118639
2026-09-29 14:29:00+00:00,739.010009765625,739.2899780273438,738.9099731445312,739.2899780273438,157103
2026-09-29 14:30:00+00:00,739.3200073242188,739.7072143554688,739.2899780273438,739.580078125,25269
2026-09-29 14:31:00+00:00,739.6099853515625,739.8499755859375,739.4249877929688,739.739990234375,48833
2026-09-29 14:32:00+00:00,739.77001953125,739.9500122070312,739.3800048828125,739.5198974609375,124301
2026-09-29 14:33:00+00:00,739.489990234375,739.8099975585938,739.4600219726562,739.7849731445312,42304
2026-09-29 14:34:00+00:00,739.77001953125,739.8298950195312,739.530517578125,739.7000122070312,35708
2026-09-29 14:35:00+00:00,739.7000122070312,739.7999877929688,739.4500122070312,739.6950073242188,82254
2026-09-29 14:36:00+00:00,739.7000122070312,739.77001953125,739.52001953125,739.5399780273438,36784
2026-09-29 14:37:00+00:00,739.52001953125,739.5399780273438,739.010009765625,739.2299194335938,263826
2026-09-29 14:38:00+00:00,739.2249755859375,739.5994873046875,739.1099853515625,739.5994873046875,59298
2026-09-29 14:39:00+00:00,739.5798950195312,739.6561889648438,739.4199829101562,739.5250244140625,17049
2026-09-29 14:40:00+00:00,739.5399780273438,739.989990234375,738.97998046875,739.0999755859375,95144
2026-09-29 14:41:00+00:00,739.1649780273438,739.6207885742188,739.0700073242188,739.3300170898438,33223
2026-09-29 14:42:00+00:00,739.3300170898438,739.5800170898438,739.1599731445312,739.4600219726562,25169
2026-09-29 14:43:00+00:00,739.4400024414062,739.530029296875,739.1300048828125,739.1550903320312,16122
2026-09-29 14:44:00+00:00,739.1599731445312,739.3499755859375,738.969970703125,739.239990234375,22997
2026-09-29 14:45:00+00:00,739.280029296875,739.489990234375,739.2230224609375,739.47998046875,19832
2026-09-29 14:46:00+00:00,739.4450073242188,739.4503173828125,739.1099853515625,739.4299926757812,23895
2026-09-29 14:47:00+00:00,739.375,739.469970703125,739.25,739.4299926757812,45333
2026-09-29 14:48:00+00:00,739.5,739.72998046875,739.1699829101562,739.1900024414062,40868
2026-09-29 14:49:00+00:00,739.2138061523438,739.2138061523438,738.6300048828125,738.6400146484375,65245
2026-09-29 14:50:00+00:00,738.6500244140625,739.135009765625,738.6019897460938,739.135009765625,49951
2026-09-29 14:51:00+00:00,739.1649780273438,739.8599853515625,739.0700073242188,739.780029296875,37891
2026-09-29 14:52:00+00:00,739.825927734375,739.89501953125,739.7449951171875,739.75,51382
2026-09-29 14:53:00+00:00,739.7650146484375,739.8400268554688,739.260009765625,739.6900024414062,17283
2026-09-29 14:54:00+00:00,739.739990234375,739.989990234375,739.6600952148438,739.9450073242188,12785
2026-09-29 14:55:00+00:00,739.8983764648438,739.9500122070312,739.6420288085938,739.8599853515625,58777
2026-09-29 14:56:00+00:00,739.8201293945312,739.9600219726562,739.6900024414062,739.8499755859375,34637
2026-09-29 14:57:00+00:00,739.9199829101562,740.0800170898438,739.7000122070312,739.9299926757812,29273
2026-09-29 14:58:00+00:00,739.8699951171875,739.875,739.2750244140625,739.364013671875,63854
2026-09-29 14:59:00+00:00,739.3400268554688,739.4299926757812,738.9600219726562,739.0700073242188,43041
2026-09-29 15:00:00+00:00,739.114990234375,739.1500244140625,738.4450073242188,738.489990234375,82163
2026-09-29 15:01:00+00:00,738.4949951171875,738.8300170898438,738.3900146484375,738.8300170898438,66699
2026-09-29 15:02:00+00:00,738.8400268554688,738.8400268554688,738.27001953125,738.5599975585938,101836
2026-09-29 15:03:00+00:00,738.5379028320312,738.6801147460938,738.489990234375,738.5700073242188,49595
2026-09-29 15:04:00+00:00,738.5599975585938,738.7000122070312,738.3099975585938,738.3400268554688,47149
2026-09-29 15:05:00+00:00,738.3200073242188,738.4199829101562,738.0900268554688,738.2550048828125,68713
2026-09-29 15:06:00+00:00,738.27001953125,738.5903930664062,738.27001953125,738.3200073242188,30468
2026-09-29 15:07:00+00:00,738.3499755859375,738.3499755859375,738.0599975585938,738.1799926757812,36167
2026-09-29 15:08:00+00:00,738.2100219726562,738.2100219726562,737.7000122070312,738.0,71402
2026-09-29 15:09:00+00:00,738.0050048828125,738.2000122070312,737.7999877929688,737.989990234375,41649
2026-09-29 15:10:00+00:00,737.969970703125,738.2999877929688,737.9255981445312,738.0999755859375,64139
2026-09-29 15:11:00+00:00,738.1096801757812,738.1300048828125,737.7999877929688,737.9199829101562,60548
2026-09-29 15:12:00+00:00,737.8800048828125,737.8800048828125,737.469970703125,737.5700073242188,132425
2026-09-29 15:13:00+00:00,737.5482788085938,738.110107421875,737.5449829101562,738.110107421875,41970
2026-09-29 15:14:00+00:00,738.0831909179688,738.5050048828125,738.030029296875,738.5,44881
2026-09-29 15:15:00+00:00,738.489990234375,738.7374877929688,738.3699951171875,738.4591064453125,28932
2026-09-29 15:16:00+00:00,738.4600219726562,738.6500244140625,738.4099731445312,738.5,38547
2026-09-29 15:17:00+00:00,738.489990234375,738.530029296875,738.0999755859375,738.1810302734375,34951
2026-09-29 15:18:00+00:00,738.1599731445312,738.1799926757812,737.4600219726562,737.5,105868
2026-09-29 15:19:00+00:00,737.5150146484375,737.719970703125,737.22998046875,737.22998046875,78211
2026-09-29 15:20:00+00:00,737.22998046875,737.3900146484375,737.0499877929688,737.0499877929688,139559
2026-09-29 15:21:00+00:00,737.0700073242188,737.281982421875,736.97998046875,737.2100219726562,52668
2026-09-29 15:22:00+00:00,737.1699829101562,737.3599853515625,736.9000244140625,737.1051025390625,43065
2026-09-29 15:23:00+00:00,737.10498046875,737.155029296875,736.5700073242188,736.635009765625,64620
2026-09-29 15:24:00+00:00,736.6300048828125,736.72998046875,736.4000244140625,736.6500244140625,86775
2026-09-29 15:25:00+00:00,736.6646728515625,736.8099975585938,736.3699951171875,736.5599975585938,83247
2026-09-29 15:26:00+00:00,736.5700073242188,736.7249755859375,736.0650024414062,736.1900024414062,68267
2026-09-29 15:27:00+00:00,736.1900024414062,736.4600219726562,736.0,736.3699951171875,102266
2026-09-29 15:28:00+00:00,736.3599853515625,736.6599731445312,736.260009765625,736.4099731445312,69356
2026-09-29 15:29:00+00:00,736.3900756835938,736.5900268554688,736.2999877929688,736.510009765625,34290
2026-09-29 15:30:00+00:00,736.530029296875,736.7999267578125,736.530029296875,736.5999755859375,58206
2026-09-29 15:31:00+00:00,736.5499877929688,736.6400146484375,736.2899780273438,736.47998046875,28998
2026-09-29 15:32:00+00:00,736.47998046875,736.9299926757812,736.47998046875,736.9199829101562,42589
2026-09-29 15:33:00+00:00,736.9099731445312,737.4099731445312,736.9000244140625,737.39501953125,61512
2026-09-29 15:34:00+00:00,737.405029296875,737.72998046875,737.3900146484375,737.5700073242188,77035
2026-09-29 15:35:00+00:00,737.6500244140625,737.6500244140625,737.4000244140625,737.4450073242188,74402
2026-09-29 15:36:00+00:00,737.4199829101562,737.6199951171875,737.4199829101562,737.5399780273438,32720
2026-09-29 15:37:00+00:00,737.5399780273438,737.5800170898438,737.27001953125,737.4500122070312,48040
2026-09-29 15:38:00+00:00,737.3900146484375,737.8599853515625,737.280029296875,737.8499755859375,27651
2026-09-29 15:39:00+00:00,737.8699951171875,737.9099731445312,737.4600219726562,737.5802001953125,24511
2026-09-29 15:40:00+00:00,737.5900268554688,737.5900268554688,737.3837890625,737.5349731445312,15993
2026-09-29 15:41:00+00:00,737.5499877929688,737.5900268554688,736.864990234375,736.9400024414062,31388
2026-09-29 15:42:00+00:00,736.9600219726562,737.3800048828125,736.8800048828125,737.1494750976562,30132
2026-09-29 15:43:00+00:00,737.1199951171875,737.1199951171875,736.8300170898438,737.1099853515625,23801
2026-09-29 15:44:00+00:00,737.02001953125,737.260009765625,736.9600219726562,737.030029296875,16206
2026-09-29 15:45:00+00:00,737.0698852539062,737.25,737.0,737.0037231445312,6534
2026-09-29 15:46:00+00:00,737.02001953125,737.0449829101562,736.6400146484375,736.7100219726562,22390
2026-09-29 15:47:00+00:00,736.635009765625,737.8350219726562,736.5599975585938,737.5,178176
2026-09-29 15:48:00+00:00,737.3599853515625,737.4639892578125,737.0,737.3200073242188,24799
2026-09-29 15:49:00+00:00,737.4000244140625,737.6765747070312,737.2650146484375,737.5150146484375,23849
2026-09-29 15:50:00+00:00,737.6099853515625,737.8800048828125,737.3049926757812,737.3510131835938,34219
2026-09-29 15:51:00+00:00,737.3300170898438,737.4199829101562,736.875,737.0349731445312,23189
2026-09-29 15:52:00+00:00,737.02001953125,737.0850219726562,736.64990234375,736.8250122070312,22974
2026-09-29 15:53:00+00:00,736.8400268554688,736.969970703125,736.719970703125,736.7899780273438,53169
2026-09-29 15:54:00+00:00,736.7999877929688,737.030029296875,736.490478515625,736.8400268554688,28296
2026-09-29 15:55:00+00:00,736.8099975585938,736.8969116210938,736.594970703125,736.690185546875,11474
2026-09-29 15:56:00+00:00,736.7000122070312,737.0999755859375,736.7000122070312,737.010009765625,17247
2026-09-29 15:57:00+00:00,737.0800170898438,737.1500244140625,736.760009765625,736.844970703125,16972
2026-09-29 15:58:00+00:00,736.844970703125,737.2000122070312,736.8400268554688,737.0499877929688,16169
2026-09-29 15:59:00+00:00,737.0399780273438,737.3099975585938,737.0,737.3099975585938,17222
2026-09-29 16:00:00+00:00,737.3049926757812,737.3049926757812,736.9306030273438,737.0349731445312,15594
2026-09-29 16:01:00+00:00,737.02001953125,737.219970703125,736.9099731445312,737.0250244140625,95162
2026-09-29 16:02:00+00:00,737.010009765625,737.010009765625,736.5001220703125,736.8099975585938,32449
2026-09-29 16:03:00+00:00,736.8098754882812,736.8200073242188,736.6799926757812,736.7896728515625,39237
2026-09-29 16:04:00+00:00,736.8099975585938,736.8499755859375,736.4810180664062,736.5399780273438,28327
2026-09-29 16:05:00+00:00,736.5499877929688,736.75,736.4600219726562,736.5900268554688,16311
2026-09-29 16:06:00+00:00,736.6011962890625,736.8699951171875,736.489990234375,736.844970703125,37205
2026-09-29 16:07:00+00:00,736.8400268554688,737.1400146484375,736.7628784179688,737.0499877929688,34169
2026-09-29 16:08:00+00:00,737.0650024414062,737.25,736.8701171875,737.1599731445312,8842
2026-09-29 16:09:00+00:00,737.2249755859375,737.4400024414062,737.1599731445312,737.330810546875,14255
2026-09-29 16:10:00+00:00,737.3400268554688,737.4299926757812,737.2009887695312,737.239990234375,10741
2026-09-29 16:11:00+00:00,737.2525024414062,737.344970703125,737.030029296875,737.2999877929688,33254
2026-09-29 16:12:00+00:00,737.2994995117188,737.2994995117188,736.9600219726562,736.9600219726562,28021
2026-09-29 16:13:00+00:00,736.989990234375,737.1099853515625,736.6799926757812,736.6799926757812,23832
2026-09-29 16:14:00+00:00,736.7050170898438,736.780029296875,736.5700073242188,736.6099853515625,30237
2026-09-29 16:15:00+00:00,736.5999755859375,736.7623901367188,736.52001953125,736.75,15277
2026-09-29 16:16:00+00:00,736.760009765625,736.8900146484375,736.6199951171875,736.8800048828125,22997
2026-09-29 16:17:00+00:00,736.9000854492188,736.9500122070312,736.614990234375,736.6300048828125,78567
2026-09-29 16:18:00+00:00,736.625,736.6749877929688,736.4299926757812,736.6500244140625,31029
2026-09-29 16:19:00+00:00,736.6799926757812,736.77001953125,736.469970703125,736.7698974609375,17191
2026-09-29 16:20:00+00:00,736.8699951171875,736.9199829101562,736.8300170898438,736.8590087890625,24460
2026-09-29 16:21:00+00:00,736.7899780273438,737.1199951171875,736.5499877929688,736.5800170898438,45832
2026-09-29 16:22:00+00:00,736.5999755859375,736.9641723632812,736.5,736.89501953125,64038
2026-09-29 16:23:00+00:00,736.8599853515625,736.8900146484375,736.6599731445312,736.7507934570312,9531
2026-09-29 16:24:00+00:00,736.8800048828125,737.02001953125,736.8599243164062,736.8699951171875,6718
2026-09-29 16:25:00+00:00,736.8699951171875,737.1099853515625,736.8499755859375,737.0609741210938,18949
2026-09-29 16:26:00+00:00,737.0999755859375,737.2050170898438,737.010009765625,737.18359375,14263
2026-09-29 16:27:00+00:00,737.2435302734375,737.2999877929688,737.1400146484375,737.239990234375,12597
2026-09-29 16:28:00+00:00,737.2999877929688,737.3800048828125,737.219970703125,737.260009765625,31164
2026-09-29 16:29:00+00:00,737.2899780273438,737.3250122070312,737.1400756835938,737.239990234375,31551
2026-09-29 16:30:00+00:00,737.2319946289062,737.239990234375,736.9000244140625,736.9099731445312,21897
2026-09-29 16:31:00+00:00,736.9199829101562,737.1500244140625,736.77001953125,736.8599853515625,30223
2026-09-29 16:32:00+00:00,736.8699951171875,737.0,736.8049926757812,736.8400268554688,25236
2026-09-29 16:33:00+00:00,736.8699951171875,736.9998779296875,736.8499755859375,736.9000244140625,10439
2026-09-29 16:34:00+00:00,736.9099731445312,736.9299926757812,736.8101196289062,736.8699951171875,6072
2026-09-29 16:35:00+00:00,736.8826904296875,737.2249755859375,736.8826904296875,737.010009765625,11069
2026-09-29 16:36:00+00:00,736.9949951171875,737.1300048828125,736.8800048828125,737.0886840820312,7400
2026-09-29 16:37:00+00:00,737.0900268554688,737.1099853515625,736.9299926757812,737.0421752929688,24280
2026-09-29 16:38:00+00:00,737.02001953125,737.1300048828125,736.9199829101562,737.11962890625,13096
2026-09-29 16:39:00+00:00,737.010009765625,737.010009765625,736.8699951171875,736.9500122070312,65729
2026-09-29 16:40:00+00:00,736.9749755859375,736.9749755859375,736.4500122070312,736.52001953125,79863
2026-09-29 16:41:00+00:00,736.489990234375,736.6199951171875,736.0599975585938,736.0599975585938,39220
2026-09-29 16:42:00+00:00,736.0599975585938,736.3599853515625,735.9500122070312,736.2999877929688,62311
2026-09-29 16:43:00+00:00,736.22998046875,736.25,735.8400268554688,735.843994140625,30714
2026-09-29 16:44:00+00:00,735.861328125,735.9183959960938,735.6699829101562,735.6699829101562,35307
2026-09-29 16:45:00+00:00,735.6300048828125,735.8250122070312,735.3400268554688,735.5,89491
2026-09-29 16:46:00+00:00,735.4801025390625,735.9793090820312,735.3720092773438,735.9550170898438,42835
2026-09-29 16:47:00+00:00,735.9400024414062,736.3499755859375,735.9000244140625,736.1699829101562,85208
2026-09-29 16:48:00+00:00,736.1719970703125,736.5,736.0709838867188,736.4299926757812,40526
2026-09-29 16:49:00+00:00,736.4310302734375,736.4310302734375,736.1300048828125,736.3800048828125,18581
2026-09-29 16:50:00+00:00,736.3800048828125,736.6799926757812,736.3123168945312,736.625,35848
2026-09-29 16:51:00+00:00,736.6199951171875,736.8193969726562,736.3099975585938,736.3099975585938,28242
2026-09-29 16:52:00+00:00,736.280029296875,736.2999877929688,736.1119995117188,736.1599731445312,24440
2026-09-29 16:53:00+00:00,736.1599731445312,736.239990234375,736.0850219726562,736.1749877929688,21632
2026-09-29 16:54:00+00:00,736.1300048828125,736.2000122070312,736.010009765625,736.1541748046875,9876
2026-09-29 16:55:00+00:00,736.1649780273438,736.1649780273438,735.85498046875,735.8699951171875,15140
2026-09-29 16:56:00+00:00,735.875,735.875,735.6099853515625,735.7498779296875,34018
2026-09-29 16:57:00+00:00,735.7376098632812,735.8685302734375,735.7000122070312,735.719970703125,44079
2026-09-29 16:58:00+00:00,735.7199096679688,735.97998046875,735.7199096679688,735.9600219726562,20162
2026-09-29 16:59:00+00:00,735.9400024414062,736.1950073242188,735.8800048828125,736.1309814453125,17873
2026-09-29 17:00:00+00:00,736.0999755859375,736.1373291015625,735.77001953125,735.77001953125,19355
2026-09-29 17:01:00+00:00,735.780029296875,736.0399780273438,735.739990234375,735.7949829101562,7170
2026-09-29 17:02:00+00:00,735.8049926757812,735.9000244140625,735.719970703125,735.77001953125,8748
2026-09-29 17:03:00+00:00,735.7550048828125,735.9598999023438,735.5449829101562,735.9598999023438,168602
2026-09-29 17:04:00+00:00,735.9099731445312,736.0198974609375,735.8331909179688,735.9600219726562,13726
2026-09-29 17:05:00+00:00,735.9022827148438,736.0900268554688,735.8900146484375,736.0700073242188,15497
2026-09-29 17:06:00+00:00,736.0499877929688,736.1635131835938,735.9500122070312,736.0150146484375,12509
2026-09-29 17:07:00+00:00,736.030029296875,736.0349731445312,735.8400268554688,736.0,20246
2026-09-29 17:08:00+00:00,736.0700073242188,736.1589965820312,735.931884765625,736.0598754882812,27443
2026-09-29 17:09:00+00:00,736.010009765625,736.0698852539062,735.9600830078125,735.9849853515625,5420
2026-09-29 17:10:00+00:00,735.97998046875,736.2100219726562,735.8499755859375,736.1300048828125,110026
2026-09-29 17:11:00+00:00,736.1400146484375,736.3499755859375,736.0,736.0250244140625,24549
2026-09-29 17:12:00+00:00,736.0,736.0449829101562,735.7999877929688,735.864990234375,16878
2026-09-29 17:13:00+00:00,735.875,736.010009765625,735.8350219726562,736.0,71392
2026-09-29 17:14:00+00:00,735.9500122070312,736.2249755859375,735.89990234375,736.1900024414062,23239
2026-09-29 17:15:00+00:00,736.2100219726562,736.3499755859375,736.169921875,736.239990234375,14188
2026-09-29 17:16:00+00:00,736.2000732421875,736.260009765625,735.719970703125,735.885009765625,24328
2026-09-29 17:17:00+00:00,735.9000244140625,736.1500244140625,735.8699951171875,735.9990234375,12835
2026-09-29 17:18:00+00:00,735.9299926757812,736.059814453125,735.8400268554688,736.02001953125,9717
2026-09-29 17:19:00+00:00,735.9600219726562,736.2000122070312,735.9299926757812,736.1099853515625,75824
2026-09-29 17:20:00+00:00,736.1325073242188,736.22998046875,736.010009765625,736.1799926757812,17538
2026-09-29 17:21:00+00:00,736.1199951171875,736.3098754882812,736.0700073242188,736.135009765625,18009
2026-09-29 17:22:00+00:00,736.155029296875,736.29052734375,736.1298828125,736.2293701171875,10164
2026-09-29 17:23:00+00:00,736.253173828125,736.510009765625,736.253173828125,736.4299926757812,19384
2026-09-29 17:24:00+00:00,736.46142578125,736.7999877929688,736.4500122070312,736.7999267578125,28726
2026-09-29 17:25:00+00:00,736.7999877929688,736.9949951171875,736.760009765625,736.8300170898438,49742
2026-09-29 17:26:00+00:00,736.8200073242188,736.9000244140625,736.7849731445312,736.8800048828125,29459
2026-09-29 17:27:00+00:00,736.8900146484375,737.0999755859375,736.780029296875,737.0700073242188,36505
2026-09-29 17:28:00+00:00,737.0800170898438,737.1500244140625,736.719970703125,736.8499755859375,41302
2026-09-29 17:29:00+00:00,736.8201293945312,736.9400024414062,736.8001098632812,736.8300170898438,11809
2026-09-29 17:30:00+00:00,736.8200073242188,736.9400024414062,736.5,736.5003051757812,41535
2026-09-29 17:31:00+00:00,736.5700073242188,736.7864990234375,736.5,736.739990234375,23186
2026-09-29 17:32:00+00:00,736.7449951171875,736.8400268554688,736.6400146484375,736.7449951171875,27929
2026-09-29 17:33:00+00:00,736.7100219726562,736.97998046875,736.6950073242188,736.8300170898438,16631
2026-09-29 17:34:00+00:00,736.8599853515625,736.9799194335938,736.830078125,736.9656982421875,13314
2026-09-29 17:35:00+00:00,736.961181640625,737.2109985351562,736.9600219726562,737.0800170898438,42662
2026-09-29 17:36:00+00:00,737.0750122070312,737.0800170898438,736.8699951171875,736.8709716796875,28674
2026-09-29 17:37:00+00:00,736.9000244140625,736.9130249023438,736.72998046875,736.7899780273438,15120
2026-09-29 17:38:00+00:00,736.78857421875,736.9199829101562,736.655029296875,736.7100219726562,33725
2026-09-29 17:39:00+00:00,736.6900024414062,736.7322998046875,736.5900268554688,736.6900024414062,14847
2026-09-29 17:40:00+00:00,736.6699829101562,736.6900024414062,736.5501098632812,736.619873046875,9889
2026-09-29 17:41:00+00:00,736.6099853515625,736.7000122070312,736.4450073242188,736.469970703125,28533
2026-09-29 17:42:00+00:00,736.5,736.5,736.1400146484375,736.25,31002
2026-09-29 17:43:00+00:00,736.25,736.4299926757812,736.219970703125,736.4299926757812,20195
2026-09-29 17:44:00+00:00,736.431396484375,736.6699829101562,736.4000244140625,736.625,11894
2026-09-29 17:45:00+00:00,736.6300048828125,736.8200073242188,736.5999755859375,736.62060546875,22085
2026-09-29 17:46:00+00:00,736.625,736.8599853515625,736.5650024414062,736.5650024414062,26550
2026-09-29 17:47:00+00:00,736.5700073242188,736.739990234375,736.5216064453125,736.655029296875,12338
2026-09-29 17:48:00+00:00,736.5999755859375,736.6500244140625,736.4500122070312,736.5850219726562,21103
2026-09-29 17:49:00+00:00,736.4099731445312,736.4650268554688,736.3400268554688,736.4299926757812,12347
2026-09-29 17:50:00+00:00,736.4749755859375,736.5599975585938,736.3599853515625,736.4349975585938,14859
2026-09-29 17:51:00+00:00,736.375,736.4000244140625,736.2000122070312,736.2000122070312,17141
2026-09-29 17:52:00+00:00,736.2025146484375,736.2899169921875,735.969970703125,736.0499877929688,21555
2026-09-29 17:53:00+00:00,736.0399780273438,736.0650024414062,735.7100219726562,735.8419799804688,29926
2026-09-29 17:54:00+00:00,735.7899780273438,736.0499877929688,735.77001953125,735.989990234375,22795
2026-09-29 17:55:00+00:00,735.989990234375,736.0,735.8350830078125,735.864990234375,12068
2026-09-29 17:56:00+00:00,735.8599853515625,735.885986328125,735.6699829101562,735.719970703125,18515
2026-09-29 17:57:00+00:00,735.7249755859375,735.8400268554688,735.4650268554688,735.52001953125,31457
2026-09-29 17:58:00+00:00,735.52001953125,735.6199951171875,735.4299926757812,735.47998046875,50056
2026-09-29 17:59:00+00:00,735.4600219726562,735.7860107421875,735.4600219726562,735.739990234375,39849
2026-09-29 18:00:00+00:00,735.7449951171875,737.260009765625,735.7449951171875,737.010009765625,514671
2026-09-29 18:01:00+00:00,737.0,737.280029296875,736.6599731445312,736.66162109375,133206
2026-09-29 18:02:00+00:00,736.7650146484375,737.0800170898438,736.739990234375,736.9500122070312,26132
2026-09-29 18:03:00+00:00,737.0,737.0,736.5399780273438,736.8499755859375,20917
2026-09-29 18:04:00+00:00,736.8400268554688,737.094970703125,736.72998046875,737.0800170898438,58358
2026-09-29 18:05:00+00:00,737.0800170898438,737.39501953125,736.9761962890625,737.2000122070312,38818
2026-09-29 18:06:00+00:00,737.2059936523438,737.364990234375,737.1500244140625,737.2949829101562,243147
2026-09-29 18:07:00+00:00,737.3099975585938,737.4998779296875,736.8300170898438,737.10498046875,58974
2026-09-29 18:08:00+00:00,737.10498046875,737.25,736.9099731445312,736.9550170898438,38035
2026-09-29 18:09:00+00:00,736.969970703125,737.0650024414062,736.52001953125,736.5449829101562,58545
2026-09-29 18:10:00+00:00,736.5599975585938,736.8499755859375,736.5599975585938,736.5999755859375,26554
2026-09-29 18:11:00+00:00,736.5999755859375,736.6500244140625,736.3900146484375,736.4199829101562,23629
2026-09-29 18:12:00+00:00,736.4486083984375,736.5924072265625,736.4000244140625,736.5599975585938,14189
2026-09-29 18:13:00+00:00,736.5599975585938,737.1519165039062,736.5599975585938,737.0900268554688,127517
2026-09-29 18:14:00+00:00,737.1199951171875,737.4199829101562,737.1199951171875,737.3300170898438,25246
2026-09-29 18:15:00+00:00,737.3300170898438,737.3900146484375,737.25,737.27001953125,15419
2026-09-29 18:16:00+00:00,737.3099975585938,737.4885864257812,737.3005981445312,737.3800048828125,11455
2026-09-29 18:17:00+00:00,737.3400268554688,737.489990234375,737.280029296875,737.3599853515625,14601
2026-09-29 18:18:00+00:00,737.3300170898438,737.4500122070312,737.3099975585938,737.405029296875,17608
2026-09-29 18:19:00+00:00,737.3712768554688,737.5650024414062,737.3699951171875,737.4199829101562,44361
2026-09-29 18:20:00+00:00,737.4400024414062,737.469970703125,737.260009765625,737.4299926757812,12641
2026-09-29 18:21:00+00:00,737.4099731445312,737.530029296875,737.3699951171875,737.47998046875,21805
2026-09-29 18:22:00+00:00,737.469970703125,737.8253784179688,737.4600219726562,737.8099975585938,56300
2026-09-29 18:23:00+00:00,737.8200073242188,738.0,737.6500244140625,737.6599731445312,189660
2026-09-29 18:24:00+00:00,737.6500244140625,737.760009765625,737.3400268554688,737.3800048828125,27786
2026-09-29 18:25:00+00:00,737.4099731445312,737.5900268554688,737.4000244140625,737.4000244140625,16197
2026-09-29 18:26:00+00:00,737.4299926757812,737.6591186523438,737.4299926757812,737.5599975585938,20027
2026-09-29 18:27:00+00:00,737.5549926757812,737.7999877929688,737.4901123046875,737.7650146484375,13710
2026-09-29 18:28:00+00:00,737.8098754882812,738.0599975585938,737.760009765625,737.8250122070312,45092
2026-09-29 18:29:00+00:00,737.8317260742188,737.8699951171875,737.6099853515625,737.6300048828125,16064
2026-09-29 18:30:00+00:00,737.6500244140625,738.1500244140625,737.3900146484375,737.489990234375,99513
2026-09-29 18:31:00+00:00,737.5150146484375,737.5800170898438,737.1799926757812,737.3350219726562,29511
2026-09-29 18:32:00+00:00,737.3200073242188,737.4500122070312,737.2999877929688,737.3699951171875,17376
2026-09-29 18:33:00+00:00,737.3463745117188,737.4099731445312,737.1500244140625,737.239990234375,44688
2026-09-29 18:34:00+00:00,737.2022094726562,737.469970703125,737.2000122070312,737.4400024414062,13651
2026-09-29 18:35:00+00:00,737.4500122070312,737.5800170898438,737.4000244140625,737.5800170898438,16351
2026-09-29 18:36:00+00:00,737.5399780273438,737.75,737.510009765625,737.7349853515625,21154
2026-09-29 18:37:00+00:00,737.739990234375,737.89501953125,737.7100219726562,737.8499755859375,13803
2026-09-29 18:38:00+00:00,737.85498046875,738.3800048828125,737.8306274414062,738.3400268554688,82399
2026-09-29 18:39:00+00:00,738.385009765625,738.6300048828125,738.3499755859375,738.5750122070312,88393
2026-09-29 18:40:00+00:00,738.5745239257812,738.780029296875,738.5050048828125,738.739990234375,55578
2026-09-29 18:41:00+00:00,738.760009765625,739.010009765625,738.6300048828125,738.7100219726562,90863
2026-09-29 18:42:00+00:00,738.6900024414062,738.77001953125,738.5399780273438,738.6799926757812,46475
2026-09-29 18:43:00+00:00,738.6400146484375,738.6699829101562,738.4000244140625,738.4749755859375,44000
2026-09-29 18:44:00+00:00,738.47998046875,738.5549926757812,738.3099975585938,738.5549926757812,48226
2026-09-29 18:45:00+00:00,738.5294189453125,738.6699829101562,738.4600219726562,738.6400146484375,15112
2026-09-29 18:46:00+00:00,738.6099853515625,738.6599731445312,738.5349731445312,738.5999755859375,17021
2026-09-29 18:47:00+00:00,738.5650024414062,738.5650024414062,738.1599731445312,738.2899780273438,31180
2026-09-29 18:48:00+00:00,738.3200073242188,738.4301147460938,738.260009765625,738.4301147460938,137076
2026-09-29 18:49:00+00:00,738.407470703125,738.551025390625,738.407470703125,738.47998046875,33496
2026-09-29 18:50:00+00:00,738.510009765625,738.5698852539062,738.3900146484375,738.52001953125,29817
2026-09-29 18:51:00+00:00,738.530029296875,738.6699829101562,738.530029296875,738.64501953125,15716
2026-09-29 18:52:00+00:00,738.6201171875,738.7849731445312,738.5800170898438,738.7308959960938,156521
2026-09-29 18:53:00+00:00,738.760009765625,738.7999877929688,738.6898803710938,738.7509765625,13817
2026-09-29 18:54:00+00:00,738.77001953125,738.77001953125,738.4400024414062,738.47998046875,30985
2026-09-29 18:55:00+00:00,738.469970703125,738.5850219726562,738.4199829101562,738.5850219726562,15461
2026-09-29 18:56:00+00:00,738.580078125,738.6199951171875,738.52001953125,738.5499877929688,12125
2026-09-29 18:57:00+00:00,738.5012817382812,738.5449829101562,738.3499755859375,738.3900146484375,15080
2026-09-29 18:58:00+00:00,738.4110107421875,738.8099975585938,738.4110107421875,738.6939697265625,18758
2026-09-29 18:59:00+00:00,738.760009765625,738.8790893554688,738.6400146484375,738.7000122070312,8458
2026-09-29 19:00:00+00:00,738.7150268554688,738.8599853515625,738.6900024414062,738.72998046875,22216
2026-09-29 19:01:00+00:00,738.7462158203125,738.75,738.6199951171875,738.6500244140625,22909
2026-09-29 19:02:00+00:00,738.64501953125,738.75,738.5999755859375,738.6599731445312,23016
2026-09-29 19:03:00+00:00,738.6699829101562,738.77001953125,738.6199951171875,738.6400146484375,22946
2026-09-29 19:04:00+00:00,738.6300048828125,738.8599853515625,738.510009765625,738.8054809570312,28003
2026-09-29 19:05:00+00:00,738.8150024414062,738.8599853515625,738.6300048828125,738.77001953125,22279
2026-09-29 19:06:00+00:00,738.7999877929688,738.9000244140625,738.7100219726562,738.7902221679688,26775
2026-09-29 19:07:00+00:00,738.8319702148438,738.8322143554688,738.6699829101562,738.72998046875,32090
2026-09-29 19:08:00+00:00,738.7100219726562,738.7899780273438,738.6199951171875,738.6900024414062,24208
2026-09-29 19:09:00+00:00,738.6699829101562,738.719970703125,738.5,738.530029296875,28289
2026-09-29 19:10:00+00:00,738.47998046875,738.5399780273438,738.4298706054688,738.4799194335938,23962
2026-09-29 19:11:00+00:00,738.469970703125,738.5999755859375,738.4299926757812,738.530029296875,26800
2026-09-29 19:12:00+00:00,738.510009765625,738.510009765625,738.2100219726562,738.280029296875,35969
2026-09-29 19:13:00+00:00,738.280029296875,738.3599853515625,738.1901245117188,738.2075805664062,40258
2026-09-29 19:14:00+00:00,738.2100219726562,738.2100219726562,737.9849853515625,738.0800170898438,60103
2026-09-29 19:15:00+00:00,738.094970703125,738.1300048828125,737.969970703125,737.969970703125,37327
2026-09-29 19:16:00+00:00,738.0401000976562,738.2376098632812,737.9901123046875,738.1900024414062,27525
2026-09-29 19:17:00+00:00,738.1799926757812,738.1801147460938,738.0599975585938,738.1500244140625,24130
2026-09-29 19:18:00+00:00,738.1300048828125,738.3400268554688,738.1300048828125,738.239990234375,54016
2026-09-29 19:19:00+00:00,738.2449951171875,738.2799072265625,738.0499877929688,738.2799072265625,26420
2026-09-29 19:20:00+00:00,738.219970703125,738.2249755859375,738.0499877929688,738.0900268554688,38852
2026-09-29 19:21:00+00:00,738.0999755859375,738.3699951171875,738.094970703125,738.3599853515625,53698
2026-09-29 19:22:00+00:00,738.360107421875,738.49462890625,738.3200073242188,738.4782104492188,76623
2026-09-29 19:23:00+00:00,738.47998046875,738.5900268554688,738.4199829101562,738.47998046875,30505
2026-09-29 19:24:00+00:00,738.47998046875,738.530029296875,738.1799926757812,738.280029296875,22608
2026-09-29 19:25:00+00:00,738.2949829101562,738.4000244140625,738.1699829101562,738.2449951171875,19094
2026-09-29 19:26:00+00:00,738.2393188476562,738.3610229492188,738.219970703125,738.239990234375,20340
2026-09-29 19:27:00+00:00,738.2406005859375,738.3400268554688,738.2399291992188,738.3098754882812,34561
2026-09-29 19:28:00+00:00,738.3099975585938,738.3099975585938,738.1199951171875,738.1799926757812,25022
2026-09-29 19:29:00+00:00,738.1799926757812,738.1998901367188,738.0800170898438,738.1599731445312,26951
2026-09-29 19:30:00+00:00,738.155029296875,738.2020263671875,737.9000244140625,737.9600219726562,47986
2026-09-29 19:31:00+00:00,738.0,738.2374877929688,737.9854125976562,738.2332763671875,24512
2026-09-29 19:32:00+00:00,738.239990234375,738.47998046875,738.2034912109375,738.4099731445312,34634
2026-09-29 19:33:00+00:00,738.4199829101562,738.4199829101562,738.22998046875,738.22998046875,37961
2026-09-29 19:34:00+00:00,738.1900024414062,738.27001953125,738.1799926757812,738.239990234375,26092
2026-09-29 19:35:00+00:00,738.219970703125,738.260009765625,738.1199951171875,738.1199951171875,34043
2026-09-29 19:36:00+00:00,738.105224609375,738.22998046875,738.105224609375,738.1795043945312,19211
2026-09-29 19:37:00+00:00,738.1900024414062,738.3499755859375,738.1799926757812,738.3200073242188,22295
2026-09-29 19:38:00+00:00,738.3410034179688,738.3920288085938,738.25,738.2849731445312,25159
2026-09-29 19:39:00+00:00,738.2999877929688,738.3411865234375,738.1400146484375,738.14501953125,26870
2026-09-29 19:40:00+00:00,738.1500244140625,738.1599731445312,737.97998046875,738.0399780273438,44399
2026-09-29 19:41:00+00:00,738.057373046875,738.0599975585938,737.8599853515625,738.030029296875,47913
2026-09-29 19:42:00+00:00,738.0250244140625,738.030029296875,737.9000244140625,737.9000244140625,30579
2026-09-29 19:43:00+00:00,737.9010009765625,737.9099731445312,737.5900268554688,737.5900268554688,48460
2026-09-29 19:44:00+00:00,737.5800170898438,737.6799926757812,737.5269775390625,737.54248046875,37711
2026-09-29 19:45:00+00:00,737.5700073242188,737.6400146484375,737.4500122070312,737.55078125,153437
2026-09-29 19:46:00+00:00,737.5599975585938,737.7100219726562,737.5499877929688,737.6799926757812,134683
2026-09-29 19:47:00+00:00,737.6799926757812,737.97998046875,737.6749877929688,737.9199829101562,67758
2026-09-29 19:48:00+00:00,737.9400024414062,737.9500122070312,737.760009765625,737.8699951171875,859764
2026-09-29 19:49:00+00:00,737.8800048828125,737.9500122070312,737.8400268554688,737.9249877929688,358954
2026-09-29 19:50:00+00:00,737.9099731445312,738.119873046875,737.77001953125,738.0700073242188,192941
2026-09-29 19:51:00+00:00,738.0700073242188,738.3599853515625,738.0700073242188,738.2144775390625,93267
2026-09-29 19:52:00+00:00,738.219970703125,738.4400024414062,738.1099853515625,738.3699951171875,101026
2026-09-29 19:53:00+00:00,738.3699951171875,738.3699951171875,738.1300048828125,738.260009765625,190977
2026-09-29 19:54:00+00:00,738.2698974609375,738.6500244140625,738.260009765625,738.3800048828125,306179
2026-09-29 19:55:00+00:00,738.4099731445312,738.4099731445312,737.3099975585938,737.8283081054688,513603
2026-09-29 19:56:00+00:00,737.8200073242188,737.8699951171875,737.3900146484375,737.6599731445312,159519
2026-09-29 19:57:00+00:00,737.6799926757812,738.1599731445312,737.6500244140625,738.1400146484375,517940
2026-09-29 19:58:00+00:00,738.1199951171875,738.1400146484375,737.8200073242188,737.8800048828125,243553
2026-09-29 19:59:00+00:00,737.8699951171875,738.1099853515625,737.6199951171875,737.9600219726562,547588
2026-09-30 13:30:00+00:00,740.1900024414062,740.7999877929688,739.760009765625,740.77001953125,2011470
2026-09-30 13:31:00+00:00,740.75,742.5599975585938,740.6900024414062,742.4299926757812,271511
2026-09-30 13:32:00+00:00,742.4299926757812,742.7493286132812,741.35498046875,741.530029296875,187536
2026-09-30 13:33:00+00:00,741.52001953125,741.6699829101562,740.6702880859375,741.4703979492188,104720
2026-09-30 13:34:00+00:00,741.530029296875,742.0800170898438,741.52001953125,741.7249755859375,94765
2026-09-30 13:35:00+00:00,741.780029296875,741.8200073242188,740.5800170898438,740.8049926757812,90369
2026-09-30 13:36:00+00:00,740.77001953125,741.5050048828125,740.6799926757812,741.47998046875,78008
2026-09-30 13:37:00+00:00,741.5399780273438,741.77001953125,741.1799926757812,741.4199829101562,59221
2026-09-30 13:38:00+00:00,741.4299926757812,741.4400024414062,740.5750122070312,740.9199829101562,84173
2026-09-30 13:39:00+00:00,740.8300170898438,741.719970703125,740.7999877929688,741.7199096679688,116278
2026-09-30 13:40:00+00:00,741.7100219726562,741.719970703125,740.6300048828125,740.75,41962
2026-09-30 13:41:00+00:00,740.7100219726562,741.380126953125,740.6799926757812,741.3699951171875,37027
2026-09-30 13:42:00+00:00,741.3599853515625,741.7249755859375,741.1950073242188,741.614990234375,40629
2026-09-30 13:43:00+00:00,741.5999755859375,742.0700073242188,741.4500122070312,741.6104125976562,70737
2026-09-30 13:44:00+00:00,741.6099853515625,741.8699951171875,741.3699951171875,741.7550048828125,74804
2026-09-30 13:45:00+00:00,741.8200073242188,742.1500244140625,741.0449829101562,741.0449829101562,103330
2026-09-30 13:46:00+00:00,741.0599975585938,741.0599975585938,740.5999755859375,740.77001953125,67788
2026-09-30 13:47:00+00:00,740.7899169921875,741.0700073242188,740.5499877929688,740.9500122070312,183045
2026-09-30 13:48:00+00:00,740.9760131835938,741.4349975585938,740.77001953125,740.8699951171875,58156
2026-09-30 13:49:00+00:00,740.9799194335938,742.1099243164062,740.97607421875,741.8400268554688,51024
2026-09-30 13:50:00+00:00,741.8300170898438,742.0,741.469970703125,741.6882934570312,51075
2026-09-30 13:51:00+00:00,741.739990234375,742.1400146484375,741.5800170898438,741.719970703125,31092
2026-09-30 13:52:00+00:00,741.760009765625,741.8092041015625,741.3200073242188,741.4400024414062,67827
2026-09-30 13:53:00+00:00,741.5150146484375,741.5900268554688,740.8800048828125,741.4420166015625,46259
2026-09-30 13:54:00+00:00,741.4522094726562,742.0700073242188,741.3800048828125,741.9893798828125,43350
2026-09-30 13:55:00+00:00,742.010009765625,742.5986938476562,742.010009765625,742.2846069335938,134851
2026-09-30 13:56:00+00:00,742.2999877929688,742.4099731445312,742.2100219726562,742.3300170898438,48627
2026-09-30 13:57:00+00:00,742.3499755859375,742.655029296875,742.1099853515625,742.4299926757812,101881
2026-09-30 13:58:00+00:00,742.4349975585938,742.5599975585938,742.1400146484375,742.469970703125,81278
2026-09-30 13:59:00+00:00,742.47412109375,743.5299072265625,742.3599853515625,743.5,162780
2026-09-30 14:00:00+00:00,743.4600219726562,743.8599853515625,743.3729858398438,743.6699829101562,262727
2026-09-30 14:01:00+00:00,743.6699829101562,744.3049926757812,743.6699829101562,744.0349731445312,157955
2026-09-30 14:02:00+00:00,744.0449829101562,744.2999877929688,743.9949951171875,744.0399780273438,156850
2026-09-30 14:03:00+00:00,743.9949951171875,744.239990234375,743.7899780273438,744.219970703125,104491
2026-09-30 14:04:00+00:00,744.2000122070312,744.25,743.9000244140625,744.0399780273438,95297
2026-09-30 14:05:00+00:00,744.02001953125,744.3499755859375,743.969970703125,744.2203979492188,71041
2026-09-30 14:06:00+00:00,744.2000122070312,744.72998046875,744.1699829101562,744.4197998046875,155442
2026-09-30 14:07:00+00:00,744.4000244140625,744.4000244140625,743.9400024414062,744.119873046875,65093
2026-09-30 14:08:00+00:00,744.10498046875,744.10498046875,743.9299926757812,744.0499877929688,65634
2026-09-30 14:09:00+00:00,744.0399780273438,744.0399780273438,743.6148071289062,743.8150024414062,74560
2026-09-30 14:10:00+00:00,743.7200927734375,743.8499755859375,743.2100219726562,743.22998046875,88000
2026-09-30 14:11:00+00:00,743.2199096679688,743.25,742.9462280273438,743.030029296875,62197
2026-09-30 14:12:00+00:00,742.97998046875,743.3699951171875,742.9600219726562,743.2100219726562,67161
2026-09-30 14:13:00+00:00,743.2100219726562,743.260009765625,742.8499755859375,742.8699951171875,50025
2026-09-30 14:14:00+00:00,742.8869018554688,743.3300170898438,742.6519775390625,743.2700805664062,61252
2026-09-30 14:15:00+00:00,743.260009765625,743.6699829101562,743.1900024414062,743.3828125,86625
2026-09-30 14:16:00+00:00,743.3599853515625,743.5250244140625,743.219970703125,743.3917236328125,65001
2026-09-30 14:17:00+00:00,743.4299926757812,743.432373046875,742.8300170898438,743.239990234375,83753
2026-09-30 14:18:00+00:00,743.3099975585938,743.7999877929688,743.25,743.2949829101562,40882
2026-09-30 14:19:00+00:00,743.27001953125,743.75,743.27001953125,743.7399291992188,42999
2026-09-30 14:20:00+00:00,743.7550048828125,744.0999755859375,743.7000122070312,743.9400024414062,142674
2026-09-30 14:21:00+00:00,743.9500122070312,744.1300048828125,743.8400268554688,743.9404296875,29467
2026-09-30 14:22:00+00:00,743.97900390625,744.02001953125,743.5,743.5700073242188,37115
2026-09-30 14:23:00+00:00,743.5800170898438,743.8037109375,743.280029296875,743.7319946289062,37747
2026-09-30 14:24:00+00:00,743.760009765625,743.8198852539062,743.2999877929688,743.2999877929688,26845
2026-09-30 14:25:00+00:00,743.3099975585938,743.3800048828125,743.1099853515625,743.3300170898438,40125
2026-09-30 14:26:00+00:00,743.3599853515625,743.5700073242188,743.1799926757812,743.239990234375,94541
2026-09-30 14:27:00+00:00,743.239990234375,743.4550170898438,743.081298828125,743.4349975585938,43727
2026-09-30 14:28:00+00:00,743.4400024414062,743.4949951171875,742.6500244140625,742.844970703125,66530
2026-09-30 14:29:00+00:00,742.8499755859375,743.280029296875,742.8499755859375,743.2109985351562,59913
2026-09-30 14:30:00+00:00,743.22998046875,743.260009765625,742.8800048828125,743.155029296875,26788
2026-09-30 14:31:00+00:00,743.1500244140625,743.4000244140625,742.875,743.3588256835938,43582
2026-09-30 14:32:00+00:00,743.3800048828125,743.6300048828125,742.9400024414062,742.969970703125,49343
2026-09-30 14:33:00+00:00,742.9450073242188,742.97998046875,742.6304931640625,742.8499755859375,49567
2026-09-30 14:34:00+00:00,742.8099975585938,742.8099975585938,742.1799926757812,742.375,65523
2026-09-30 14:35:00+00:00,742.4199829101562,742.47998046875,742.219970703125,742.219970703125,36498
2026-09-30 14:36:00+00:00,742.3250122070312,742.5017700195312,742.1024780273438,742.1950073242188,23038
2026-09-30 14:37:00+00:00,742.1799926757812,742.5800170898438,742.1699829101562,742.5032958984375,24167
2026-09-30 14:38:00+00:00,742.5,742.9500732421875,742.0999755859375,742.89501953125,91862
2026-09-30 14:39:00+00:00,742.8900146484375,743.0399780273438,742.6300048828125,742.6500244140625,38142
2026-09-30 14:40:00+00:00,742.6900024414062,742.719970703125,742.1599731445312,742.719970703125,55790
2026-09-30 14:41:00+00:00,742.72998046875,742.9199829101562,742.3106079101562,742.8099975585938,34535
2026-09-30 14:42:00+00:00,742.7999877929688,743.3300170898438,742.72998046875,743.2999877929688,61998
2026-09-30 14:43:00+00:00,743.2901000976562,743.3599853515625,742.6099853515625,742.864990234375,80817
2026-09-30 14:44:00+00:00,742.885009765625,743.0399780273438,742.469970703125,742.510009765625,43209
2026-09-30 14:45:00+00:00,742.4949951171875,743.0999755859375,742.4199829101562,742.9199829101562,36106
2026-09-30 14:46:00+00:00,742.9359741210938,743.0399780273438,742.6199951171875,742.8300170898438,29555
2026-09-30 14:47:00+00:00,742.8400268554688,743.1500244140625,742.8289794921875,743.1199951171875,24110
2026-09-30 14:48:00+00:00,743.0999755859375,743.4500122070312,743.0999755859375,743.4099731445312,19756
2026-09-30 14:49:00+00:00,743.4500122070312,743.8400268554688,743.3900146484375,743.75,40654
2026-09-30 14:50:00+00:00,743.8099975585938,743.8200073242188,743.47998046875,743.5,32381
2026-09-30 14:51:00+00:00,743.5,743.760009765625,743.4299926757812,743.47998046875,37999
2026-09-30 14:52:00+00:00,743.510009765625,743.8499755859375,743.4600219726562,743.780029296875,20320
2026-09-30 14:53:00+00:00,743.7899780273438,744.1099243164062,743.780029296875,743.9600219726562,47664
2026-09-30 14:54:00+00:00,744.0,744.489990234375,744.0,744.144775390625,81851
2026-09-30 14:55:00+00:00,744.1300048828125,744.27001953125,743.9600219726562,744.1199951171875,23390
2026-09-30 14:56:00+00:00,744.1599731445312,744.3699951171875,743.969970703125,744.260009765625,21759
2026-09-30 14:57:00+00:00,744.1799926757812,744.5,744.1199951171875,744.3198852539062,43032
2026-09-30 14:58:00+00:00,744.2532958984375,744.2999877929688,743.72998046875,743.8900146484375,43983
2026-09-30 14:59:00+00:00,743.9099731445312,743.9963989257812,743.5800170898438,743.5800170898438,30880
2026-09-30 15:00:00+00:00,743.5999755859375,743.6500244140625,743.3900146484375,743.4600219726562,33737
2026-09-30 15:01:00+00:00,743.4600219726562,743.4600219726562,743.0700073242188,743.3372192382812,37327
2026-09-30 15:02:00+00:00,743.3125,743.5599975585938,742.9500122070312,743.02001953125,31372
2026-09-30 15:03:00+00:00,742.9700927734375,743.280029296875,742.8900146484375,743.280029296875,20282
2026-09-30 15:04:00+00:00,743.260009765625,743.510009765625,743.010009765625,743.5,23996
2026-09-30 15:05:00+00:00,743.469970703125,743.4898071289062,743.0900268554688,743.1749877929688,34081
2026-09-30 15:06:00+00:00,743.239990234375,743.39501953125,743.0700073242188,743.3280029296875,16923
2026-09-30 15:07:00+00:00,743.3200073242188,743.4110717773438,742.9000244140625,743.0609741210938,28845
2026-09-30 15:08:00+00:00,743.0700073242188,743.4500122070312,743.0601196289062,743.3800048828125,40528
2026-09-30 15:09:00+00:00,743.4099731445312,743.8099975585938,743.3499755859375,743.7100219726562,35246
2026-09-30 15:10:00+00:00,743.7550048828125,743.7899780273438,743.5549926757812,743.6500244140625,16932
2026-09-30 15:11:00+00:00,743.77001953125,743.80859375,743.3300170898438,743.3800048828125,30909
2026-09-30 15:12:00+00:00,743.3800048828125,743.6400146484375,742.9199829101562,743.3350219726562,53211
2026-09-30 15:13:00+00:00,743.3300170898438,743.5750122070312,743.3300170898438,743.3599853515625,20144
2026-09-30 15:14:00+00:00,743.280029296875,743.3300170898438,742.97998046875,743.2100219726562,32483
2026-09-30 15:15:00+00:00,743.219970703125,743.5999755859375,743.1799926757812,743.5999755859375,19976
2026-09-30 15:16:00+00:00,743.5599975585938,743.9299926757812,743.5599975585938,743.8099975585938,19468
2026-09-30 15:17:00+00:00,743.8001098632812,743.8001098632812,743.5449829101562,743.655029296875,12098
2026-09-30 15:18:00+00:00,743.5910034179688,743.5910034179688,743.2650146484375,743.27001953125,341696
2026-09-30 15:19:00+00:00,743.2562255859375,743.52001953125,743.2562255859375,743.4450073242188,42773
2026-09-30 15:20:00+00:00,743.4400024414062,743.510009765625,743.0599975585938,743.1063842773438,40406
2026-09-30 15:21:00+00:00,743.0800170898438,743.1199951171875,742.860107421875,742.989990234375,37584
2026-09-30 15:22:00+00:00,743.0,743.087890625,742.739990234375,742.7406005859375,21991
2026-09-30 15:23:00+00:00,742.75,743.010009765625,742.72998046875,743.010009765625,41960
2026-09-30 15:24:00+00:00,743.0,743.1699829101562,742.9400024414062,743.0499877929688,30075
2026-09-30 15:25:00+00:00,743.1400146484375,743.3099975585938,742.9990234375,742.9990234375,20252
2026-09-30 15:26:00+00:00,742.9949951171875,743.25,742.9299926757812,743.0900268554688,14755
2026-09-30 15:27:00+00:00,743.10498046875,743.5499877929688,743.0399780273438,743.5499877929688,28965
2026-09-30 15:28:00+00:00,743.5599975585938,743.6649780273438,743.4299926757812,743.5499877929688,28100
2026-09-30 15:29:00+00:00,743.5599975585938,743.8900146484375,743.5399780273438,743.8599853515625,32766
2026-09-30 15:30:00+00:00,743.9199829101562,744.1024169921875,743.8300170898438,744.1024169921875,61238
2026-09-30 15:31:00+00:00,744.0750122070312,744.1599731445312,743.8900146484375,744.1500244140625,15737
2026-09-30 15:32:00+00:00,744.1500244140625,744.3599853515625,744.1118774414062,744.239990234375,131611
2026-09-30 15:33:00+00:00,744.239990234375,744.239990234375,744.0,744.1099853515625,25771
2026-09-30 15:34:00+00:00,744.1500244140625,744.3900146484375,743.9299926757812,743.989990234375,186323
2026-09-30 15:35:00+00:00,743.98779296875,744.2449951171875,743.94580078125,744.010009765625,26152
2026-09-30 15:36:00+00:00,744.0150146484375,744.0150146484375,743.7100219726562,743.8200073242188,39009
2026-09-30 15:37:00+00:00,743.7899780273438,744.0,743.5999755859375,744.0,40521
2026-09-30 15:38:00+00:00,743.9849853515625,744.1179809570312,743.97998046875,743.989990234375,25203
2026-09-30 15:39:00+00:00,744.0615234375,744.2899780273438,744.04541015625,744.155029296875,23201
2026-09-30 15:40:00+00:00,744.1898803710938,744.2100219726562,744.02001953125,744.0599975585938,20846
2026-09-30 15:41:00+00:00,744.0800170898438,744.3300170898438,744.0499877929688,744.0499877929688,23429
2026-09-30 15:42:00+00:00,744.0700073242188,744.22998046875,744.02001953125,744.030029296875,24947
2026-09-30 15:43:00+00:00,744.030029296875,744.0399780273438,743.4400024414062,743.4400024414062,52363
2026-09-30 15:44:00+00:00,743.469970703125,743.5195922851562,743.1900024414062,743.3800048828125,136602
2026-09-30 15:45:00+00:00,743.3400268554688,743.5150146484375,743.2100219726562,743.4537963867188,24409
2026-09-30 15:46:00+00:00,743.469970703125,743.5,743.2999877929688,743.385009765625,51192
2026-09-30 15:47:00+00:00,743.3699951171875,743.614990234375,743.35498046875,743.614990234375,18156
2026-09-30 15:48:00+00:00,743.6400146484375,744.3499755859375,743.6199951171875,744.25,80844
2026-09-30 15:49:00+00:00,744.25,745.02001953125,744.2000122070312,744.969970703125,83454
2026-09-30 15:50:00+00:00,744.97998046875,745.0800170898438,744.8099975585938,744.8300170898438,73305
2026-09-30 15:51:00+00:00,744.8499755859375,744.9199829101562,744.47998046875,744.530029296875,109443
2026-09-30 15:52:00+00:00,744.5150146484375,744.5599975585938,744.1799926757812,744.2349853515625,86333
2026-09-30 15:53:00+00:00,744.260009765625,744.4500122070312,744.2009887695312,744.3994750976562,32493
2026-09-30 15:54:00+00:00,744.3800048828125,744.5800170898438,743.8699951171875,743.8900146484375,29342
2026-09-30 15:55:00+00:00,743.89501953125,743.989990234375,743.6900024414062,743.8699951171875,22049
2026-09-30 15:56:00+00:00,743.844970703125,744.0599975585938,743.8400268554688,743.9400024414062,18276
2026-09-30 15:57:00+00:00,743.9498901367188,744.2999877929688,743.9498901367188,744.2949829101562,17652
2026-09-30 15:58:00+00:00,744.2899780273438,744.3499755859375,744.1849975585938,744.2999877929688,23044
2026-09-30 15:59:00+00:00,744.25,744.4600219726562,744.1799926757812,744.4600219726562,20885
2026-09-30 16:00:00+00:00,744.4400024414062,744.4500122070312,744.1599731445312,744.2999877929688,88742
2026-09-30 16:01:00+00:00,744.280029296875,744.4550170898438,744.25,744.2899780273438,35265
2026-09-30 16:02:00+00:00,744.3300170898438,744.6599731445312,744.3300170898438,744.5499877929688,28690
2026-09-30 16:03:00+00:00,744.52001953125,744.5499877929688,744.364990234375,744.5399780273438,21158
2026-09-30 16:04:00+00:00,744.510009765625,744.530029296875,744.3099975585938,744.530029296875,35028
2026-09-30 16:05:00+00:00,744.5599975585938,744.6300048828125,744.4749755859375,744.510009765625,27080
2026-09-30 16:06:00+00:00,744.510009765625,744.625,744.5,744.5700073242188,20032
2026-09-30 16:07:00+00:00,744.5800170898438,744.5800170898438,744.4000244140625,744.4000244140625,51707
2026-09-30 16:08:00+00:00,744.3699951171875,744.52001953125,744.3400268554688,744.489990234375,29594
2026-09-30 16:09:00+00:00,744.5,744.5800170898438,744.4600830078125,744.5800170898438,55526
2026-09-30 16:10:00+00:00,744.5999755859375,744.6500244140625,744.52001953125,744.52001953125,16253
2026-09-30 16:11:00+00:00,744.5499877929688,744.8599853515625,744.5050048828125,744.6799926757812,31612
2026-09-30 16:12:00+00:00,744.6199951171875,744.6199951171875,744.280029296875,744.3200073242188,23475
2026-09-30 16:13:00+00:00,744.2999877929688,744.6489868164062,744.2680053710938,744.5584716796875,17798
2026-09-30 16:14:00+00:00,744.5399780273438,744.77001953125,744.5399780273438,744.739013671875,11665
2026-09-30 16:15:00+00:00,744.760009765625,744.7857055664062,744.4949951171875,744.5900268554688,12756
2026-09-30 16:16:00+00:00,744.5700073242188,744.5800170898438,744.364990234375,744.4149780273438,13220
2026-09-30 16:17:00+00:00,744.39501953125,744.4349975585938,743.9000244140625,743.9149780273438,32909
2026-09-30 16:18:00+00:00,743.9299926757812,743.989990234375,743.7999877929688,743.9849853515625,33284
2026-09-30 16:19:00+00:00,744.0,744.1599731445312,743.9998779296875,744.1599731445312,17568
2026-09-30 16:20:00+00:00,744.1799926757812,744.1900024414062,743.969970703125,744.02001953125,19206
2026-09-30 16:21:00+00:00,744.010009765625,744.0599975585938,743.9600219726562,744.02001953125,17072
2026-09-30 16:22:00+00:00,744.0150146484375,744.2191772460938,744.0150146484375,744.14501953125,15917
2026-09-30 16:23:00+00:00,744.1500244140625,744.2000122070312,743.960205078125,744.2000122070312,9689
2026-09-30 16:24:00+00:00,744.1799926757812,744.280029296875,744.0599975585938,744.0800170898438,10856
2026-09-30 16:25:00+00:00,744.1300048828125,744.1699829101562,744.010009765625,744.0499877929688,31983
2026-09-30 16:26:00+00:00,744.0700073242188,744.1300048828125,743.97998046875,744.02001953125,13398
2026-09-30 16:27:00+00:00,744.02001953125,744.02001953125,743.8800048828125,743.9450073242188,27090
2026-09-30 16:28:00+00:00,743.9400024414062,743.969970703125,743.780029296875,743.8499755859375,17735
2026-09-30 16:29:00+00:00,743.8474731445312,743.989990234375,743.6799926757812,743.6823120117188,28009
2026-09-30 16:30:00+00:00,743.7000122070312,743.8099975585938,743.4199829101562,743.4400024414062,53934
2026-09-30 16:31:00+00:00,743.4199829101562,743.52001953125,743.3300170898438,743.3699951171875,34661
2026-09-30 16:32:00+00:00,743.4349975585938,743.4500122070312,743.239990234375,743.280029296875,12064
2026-09-30 16:33:00+00:00,743.2750244140625,743.3798828125,743.2000122070312,743.3400268554688,87513
2026-09-30 16:34:00+00:00,743.3800048828125,743.4299926757812,743.2211303710938,743.409912109375,21196
2026-09-30 16:35:00+00:00,743.3878173828125,743.5,743.2509155273438,743.3400268554688,39991
2026-09-30 16:36:00+00:00,743.3300170898438,743.4000244140625,743.0599975585938,743.1099853515625,17329
2026-09-30 16:37:00+00:00,743.0999755859375,743.4000244140625,743.0999755859375,743.27001953125,13506
2026-09-30 16:38:00+00:00,743.2650146484375,743.625,743.239990234375,743.5900268554688,24620
2026-09-30 16:39:00+00:00,743.5999755859375,743.5999755859375,743.4215698242188,743.489990234375,68849
2026-09-30 16:40:00+00:00,743.47998046875,743.5750122070312,743.3900146484375,743.5549926757812,17260
2026-09-30 16:41:00+00:00,743.5999755859375,744.0,743.5999755859375,743.8300170898438,28790
2026-09-30 16:42:00+00:00,743.8079833984375,743.869873046875,743.6400146484375,743.760009765625,17650
2026-09-30 16:43:00+00:00,743.7449951171875,744.0900268554688,743.719970703125,744.0150146484375,20208
2026-09-30 16:44:00+00:00,744.030029296875,744.1599731445312,744.02001953125,744.0527954101562,28954
2026-09-30 16:45:00+00:00,744.02001953125,744.030029296875,743.72998046875,743.7396240234375,31561
2026-09-30 16:46:00+00:00,743.780029296875,743.8699951171875,743.7000122070312,743.8099975585938,12574
2026-09-30 16:47:00+00:00,743.8049926757812,744.02001953125,743.8049926757812,743.85498046875,12807
2026-09-30 16:48:00+00:00,743.8499755859375,743.8499755859375,743.469970703125,743.5050048828125,17194
2026-09-30 16:49:00+00:00,743.5,743.530029296875,743.3900146484375,743.530029296875,13356
2026-09-30 16:50:00+00:00,743.5250244140625,743.7050170898438,743.510009765625,743.7050170898438,17005
2026-09-30 16:51:00+00:00,743.6950073242188,743.8099975585938,743.5999755859375,743.6400146484375,17276
2026-09-30 16:52:00+00:00,743.6199951171875,743.7899780273438,743.5599975585938,743.5900268554688,18191
2026-09-30 16:53:00+00:00,743.6209716796875,743.739990234375,743.6099853515625,743.6900024414062,10283
2026-09-30 16:54:00+00:00,743.6400146484375,743.7000122070312,743.6099853515625,743.6400146484375,28707
2026-09-30 16:55:00+00:00,743.6400146484375,743.739990234375,743.5250244140625,743.5900268554688,9971
2026-09-30 16:56:00+00:00,743.5750122070312,743.6400146484375,743.510009765625,743.6400146484375,6097
2026-09-30 16:57:00+00:00,743.6599731445312,743.9099731445312,743.6400146484375,743.7999877929688,15649
2026-09-30 16:58:00+00:00,743.8300170898438,744.030029296875,743.8300170898438,743.9500122070312,14772
2026-09-30 16:59:00+00:00,743.9550170898438,744.0999755859375,743.9208984375,744.0599975585938,17913
2026-09-30 17:00:00+00:00,744.0399780273438,744.2000122070312,743.9650268554688,744.0700073242188,30370
2026-09-30 17:01:00+00:00,744.0900268554688,744.27001953125,744.0,744.219970703125,46556
2026-09-30 17:02:00+00:00,744.2100219726562,744.2498779296875,744.1201782226562,744.1300048828125,66470
2026-09-30 17:03:00+00:00,744.0999755859375,744.1500244140625,743.969970703125,744.1420288085938,11068
2026-09-30 17:04:00+00:00,744.1599731445312,744.2000122070312,744.030029296875,744.05419921875,5713
2026-09-30 17:05:00+00:00,744.010009765625,744.1799926757812,743.989990234375,744.10498046875,17566
2026-09-30 17:06:00+00:00,744.0900268554688,744.239990234375,744.0499877929688,744.1749877929688,16382
2026-09-30 17:07:00+00:00,744.1199951171875,744.260009765625,744.0800170898438,744.1400146484375,32096
2026-09-30 17:08:00+00:00,744.1300048828125,744.239990234375,744.0999755859375,744.1699829101562,9189
2026-09-30 17:09:00+00:00,744.2449951171875,744.25,744.0637817382812,744.0850219726562,9805
2026-09-30 17:10:00+00:00,744.1400146484375,744.1400146484375,743.9600219726562,744.001220703125,16216
2026-09-30 17:11:00+00:00,744.010009765625,744.1099853515625,743.9199829101562,743.9500122070312,10367
2026-09-30 17:12:00+00:00,743.9500122070312,743.97998046875,743.780029296875,743.780029296875,33891
2026-09-30 17:13:00+00:00,743.7700805664062,743.7700805664062,743.3400268554688,743.375,132543
2026-09-30 17:14:00+00:00,743.4099731445312,743.530029296875,743.3400268554688,743.4478759765625,125593
2026-09-30 17:15:00+00:00,743.3699951171875,743.3800048828125,742.8400268554688,742.8400268554688,57216
2026-09-30 17:16:00+00:00,742.813720703125,742.813720703125,742.5599975585938,742.7949829101562,76718
2026-09-30 17:17:00+00:00,742.7982788085938,743.0093994140625,742.7100219726562,742.875,36623
2026-09-30 17:18:00+00:00,742.8701171875,742.89501953125,742.6649780273438,742.739990234375,13048
2026-09-30 17:19:00+00:00,742.728271484375,742.8497924804688,742.3599853515625,742.385009765625,34066
2026-09-30 17:20:00+00:00,742.37890625,742.4699096679688,742.2100219726562,742.4000244140625,65438
2026-09-30 17:21:00+00:00,742.4000244140625,742.7899780273438,742.4000244140625,742.6900024414062,52155
2026-09-30 17:22:00+00:00,742.739990234375,742.8170776367188,742.4600219726562,742.5700073242188,33341
2026-09-30 17:23:00+00:00,742.5700073242188,742.5999755859375,742.3800048828125,742.5399780273438,22836
2026-09-30 17:24:00+00:00,742.5499877929688,742.6199951171875,742.52001953125,742.60009765625,8549
2026-09-30 17:25:00+00:00,742.5700073242188,742.5700073242188,742.25,742.3466796875,24756
2026-09-30 17:26:00+00:00,742.3350219726562,742.4099731445312,741.6900024414062,741.7999267578125,51765
2026-09-30 17:27:00+00:00,741.77197265625,742.1486206054688,741.739990234375,742.0800170898438,65258
2026-09-30 17:28:00+00:00,742.0599975585938,742.260009765625,742.0399780273438,742.219970703125,19248
2026-09-30 17:29:00+00:00,742.239990234375,742.489990234375,742.239990234375,742.3300170898438,19555
2026-09-30 17:30:00+00:00,742.3699951171875,742.5499877929688,742.3300170898438,742.5,17346
2026-09-30 17:31:00+00:00,742.530029296875,742.724609375,742.3499755859375,742.6749877929688,41933
2026-09-30 17:32:00+00:00,742.6900024414062,742.917724609375,742.6900024414062,742.9149780273438,34210
2026-09-30 17:33:00+00:00,742.9099731445312,742.9149780273438,742.7150268554688,742.7150268554688,32565
2026-09-30 17:34:00+00:00,742.7150268554688,742.780029296875,742.5601196289062,742.655029296875,10064
2026-09-30 17:35:00+00:00,742.7150268554688,742.9600219726562,742.6900024414062,742.8317260742188,57537
2026-09-30 17:36:00+00:00,742.8480224609375,743.0399780273438,742.77880859375,742.7999877929688,22546
2026-09-30 17:37:00+00:00,742.7990112304688,742.8297729492188,742.5900268554688,742.5900268554688,11778
2026-09-30 17:38:00+00:00,742.5900268554688,742.8800048828125,742.5700073242188,742.8800048828125,12141
2026-09-30 17:39:00+00:00,742.875,743.1727294921875,742.8599853515625,743.1727294921875,40266
2026-09-30 17:40:00+00:00,743.1799926757812,743.2789916992188,743.1199951171875,743.1400146484375,56627
2026-09-30 17:41:00+00:00,743.1201171875,743.3699951171875,743.0599975585938,743.3206176757812,13529
2026-09-30 17:42:00+00:00,743.3099975585938,743.4600219726562,743.1610107421875,743.4299926757812,27931
2026-09-30 17:43:00+00:00,743.4299926757812,743.47998046875,743.2449951171875,743.2449951171875,19630
2026-09-30 17:44:00+00:00,743.2150268554688,743.22998046875,743.0700073242188,743.22998046875,19400
2026-09-30 17:45:00+00:00,743.2349853515625,743.25,743.0,743.159912109375,17327
2026-09-30 17:46:00+00:00,743.1400146484375,743.2100219726562,743.1199951171875,743.2050170898438,6350
2026-09-30 17:47:00+00:00,743.1799926757812,743.8400268554688,743.1099853515625,743.4550170898438,66672
2026-09-30 17:48:00+00:00,743.4500122070312,743.8800048828125,743.4000244140625,743.81787109375,26944
2026-09-30 17:49:00+00:00,743.8200073242188,743.9500122070312,743.8109741210938,743.9199829101562,27402
2026-09-30 17:50:00+00:00,743.9400024414062,744.0599975585938,743.8800048828125,743.89501953125,33013
2026-09-30 17:51:00+00:00,743.885009765625,744.0299072265625,743.8599853515625,744.0,27263
2026-09-30 17:52:00+00:00,743.969970703125,744.1300048828125,743.7938842773438,743.8181762695312,34385
2026-09-30 17:53:00+00:00,743.8179931640625,743.8400268554688,743.72998046875,743.8300170898438,35212
2026-09-30 17:54:00+00:00,743.8298950195312,743.8800048828125,743.72998046875,743.8800048828125,44910
2026-09-30 17:55:00+00:00,743.9149780273438,743.9299926757812,743.719970703125,743.8400268554688,13654
2026-09-30 17:56:00+00:00,743.8300170898438,743.97998046875,743.8300170898438,743.97998046875,32325
2026-09-30 17:57:00+00:00,743.989990234375,744.02001953125,743.8250122070312,743.8900146484375,20154
2026-09-30 17:58:00+00:00,743.8900146484375,743.9500122070312,743.8699951171875,743.9099731445312,114081
2026-09-30 17:59:00+00:00,743.9100952148438,744.0079956054688,743.8900146484375,743.9400024414062,122201
2026-09-30 18:00:00+00:00,743.9249877929688,743.9249877929688,743.5800170898438,743.5800170898438,29295
2026-09-30 18:01:00+00:00,743.5999755859375,743.6699829101562,743.2999877929688,743.4500122070312,44628
2026-09-30 18:02:00+00:00,743.469970703125,743.530029296875,743.4299926757812,743.469970703125,28667
2026-09-30 18:03:00+00:00,743.510009765625,743.5999755859375,743.4500122070312,743.489990234375,49409
2026-09-30 18:04:00+00:00,743.52001953125,743.6599731445312,743.448974609375,743.5900268554688,21065
2026-09-30 18:05:00+00:00,743.5775146484375,743.6699829101562,743.4299926757812,743.4299926757812,29854
2026-09-30 18:06:00+00:00,743.4099731445312,743.4199829101562,743.030029296875,743.0999755859375,36082
2026-09-30 18:07:00+00:00,743.1162109375,743.2916259765625,743.0811157226562,743.27001953125,69941
2026-09-30 18:08:00+00:00,743.260009765625,743.4000244140625,743.077392578125,743.4000244140625,21098
2026-09-30 18:09:00+00:00,743.4063110351562,743.5800170898438,743.27001953125,743.5800170898438,19372
2026-09-30 18:10:00+00:00,743.6162719726562,743.6500244140625,743.52001953125,743.635009765625,130789
2026-09-30 18:11:00+00:00,743.6300048828125,743.8200073242188,743.5999755859375,743.780029296875,126337
2026-09-30 18:12:00+00:00,743.780029296875,744.0599975585938,743.77001953125,743.9700927734375,27428
2026-09-30 18:13:00+00:00,744.02001953125,744.02001953125,743.7050170898438,743.8400268554688,134260
2026-09-30 18:14:00+00:00,743.8400268554688,743.97998046875,743.780029296875,743.9149780273438,31450
2026-09-30 18:15:00+00:00,743.9299926757812,743.969970703125,743.75,743.8900146484375,17601
2026-09-30 18:16:00+00:00,743.8599853515625,743.9298706054688,743.6972045898438,743.6972045898438,22205
2026-09-30 18:17:00+00:00,743.7100219726562,743.7100219726562,743.5,743.5,17952
2026-09-30 18:18:00+00:00,743.4542236328125,743.5499877929688,743.3099975585938,743.5449829101562,17395
2026-09-30 18:19:00+00:00,743.5599975585938,743.5800170898438,743.3187255859375,743.3699951171875,18815
2026-09-30 18:20:00+00:00,743.3900146484375,743.4598999023438,743.219970703125,743.2799072265625,38162
2026-09-30 18:21:00+00:00,743.27001953125,743.27001953125,743.0,743.1500244140625,37886
2026-09-30 18:22:00+00:00,743.1599731445312,743.219970703125,743.0800170898438,743.135009765625,18996
2026-09-30 18:23:00+00:00,743.1099853515625,743.16748046875,742.9990234375,743.1400146484375,29779
2026-09-30 18:24:00+00:00,743.114990234375,743.1300048828125,743.02001953125,743.02001953125,35423
2026-09-30 18:25:00+00:00,743.02001953125,743.1400146484375,742.8400268554688,742.844970703125,40204
2026-09-30 18:26:00+00:00,742.85498046875,743.280029296875,742.7650146484375,743.2000122070312,48989
2026-09-30 18:27:00+00:00,743.219970703125,743.280029296875,743.0999755859375,743.1143798828125,28463
2026-09-30 18:28:00+00:00,743.1400146484375,743.3599853515625,743.1300048828125,743.2949829101562,31424
2026-09-30 18:29:00+00:00,743.3300170898438,743.4199829101562,743.2316284179688,743.3599853515625,32331
2026-09-30 18:30:00+00:00,743.3499755859375,743.4400024414062,743.22998046875,743.3400268554688,26936
2026-09-30 18:31:00+00:00,743.3200073242188,743.3397216796875,742.9199829101562,742.9299926757812,29188
2026-09-30 18:32:00+00:00,742.9298706054688,742.9398803710938,742.75,742.7999877929688,23599
2026-09-30 18:33:00+00:00,742.8001098632812,742.853271484375,742.489990234375,742.5800170898438,43249
2026-09-30 18:34:00+00:00,742.5999755859375,742.619873046875,742.4400024414062,742.52001953125,23643
2026-09-30 18:35:00+00:00,742.5999755859375,742.6900024414062,742.530029296875,742.5900268554688,22602
2026-09-30 18:36:00+00:00,742.6099853515625,742.875,742.510986328125,742.719970703125,31832
2026-09-30 18:37:00+00:00,742.72998046875,742.8800048828125,742.6699829101562,742.8306884765625,44650
2026-09-30 18:38:00+00:00,742.8499755859375,742.9699096679688,742.72900390625,742.9600219726562,520410
2026-09-30 18:39:00+00:00,742.9509887695312,743.3150024414062,742.8699951171875,743.25,39257
2026-09-30 18:40:00+00:00,743.218994140625,743.239990234375,743.0916137695312,743.1300048828125,24397
2026-09-30 18:41:00+00:00,743.1300048828125,743.1599731445312,743.0795288085938,743.1436767578125,21346
2026-09-30 18:42:00+00:00,743.1300048828125,743.2750244140625,743.0604858398438,743.2750244140625,19299
2026-09-30 18:43:00+00:00,743.2899780273438,743.3599853515625,743.1699829101562,743.2249755859375,27077
2026-09-30 18:44:00+00:00,743.27001953125,743.280029296875,743.1400146484375,743.1799926757812,10124
2026-09-30 18:45:00+00:00,743.2000122070312,743.2100219726562,742.8800048828125,742.9500122070312,24022
2026-09-30 18:46:00+00:00,742.9490966796875,743.064208984375,742.9219970703125,742.989990234375,10172
2026-09-30 18:47:00+00:00,742.9609985351562,743.0700073242188,742.8848876953125,742.8900146484375,122063
2026-09-30 18:48:00+00:00,742.9099731445312,742.9099731445312,742.610107421875,742.6400146484375,26021
2026-09-30 18:49:00+00:00,742.6599731445312,742.719970703125,742.4600219726562,742.5999755859375,16024
2026-09-30 18:50:00+00:00,742.6099853515625,742.780029296875,742.5999755859375,742.6849975585938,26615
2026-09-30 18:51:00+00:00,742.6749877929688,742.7050170898438,742.4345703125,742.489990234375,28328
2026-09-30 18:52:00+00:00,742.489990234375,742.5999755859375,742.469970703125,742.5700073242188,14598
2026-09-30 18:53:00+00:00,742.5800170898438,742.6749877929688,742.3300170898438,742.3800048828125,35130
2026-09-30 18:54:00+00:00,742.3699951171875,742.6099853515625,742.3300170898438,742.5599975585938,39711
2026-09-30 18:55:00+00:00,742.5900268554688,742.6699829101562,742.5349731445312,742.5900268554688,64945
2026-09-30 18:56:00+00:00,742.5900268554688,742.72998046875,742.4849853515625,742.6199951171875,26966
2026-09-30 18:57:00+00:00,742.5900268554688,742.8300170898438,742.5900268554688,742.8300170898438,18730
2026-09-30 18:58:00+00:00,742.8599853515625,743.1298828125,742.77001953125,742.9949951171875,49340
2026-09-30 18:59:00+00:00,743.0,743.0599975585938,742.85498046875,742.85498046875,26471
2026-09-30 19:00:00+00:00,742.885009765625,743.0499877929688,742.8150024414062,743.0299072265625,34171
2026-09-30 19:01:00+00:00,743.0250244140625,743.219970703125,742.8900146484375,743.1900024414062,32943
2026-09-30 19:02:00+00:00,743.1900024414062,743.2750244140625,743.1361083984375,743.27001953125,108079
2026-09-30 19:03:00+00:00,743.2999877929688,743.4500122070312,743.239990234375,743.4400024414062,32329
2026-09-30 19:04:00+00:00,743.4400024414062,743.5900268554688,743.409912109375,743.530029296875,106732
2026-09-30 19:05:00+00:00,743.5689086914062,743.5800170898438,743.4749755859375,743.5499877929688,34315
2026-09-30 19:06:00+00:00,743.5689086914062,743.5999755859375,743.489990234375,743.5,34289
2026-09-30 19:07:00+00:00,743.5,743.6851196289062,743.469970703125,743.6199951171875,73429
2026-09-30 19:08:00+00:00,743.5999755859375,743.8599853515625,743.5999755859375,743.7700805664062,31071
2026-09-30 19:09:00+00:00,743.780029296875,743.7999877929688,743.6099853515625,743.7999877929688,38999
2026-09-30 19:10:00+00:00,743.8300170898438,743.8300170898438,743.530029296875,743.635009765625,33718
2026-09-30 19:11:00+00:00,743.6199951171875,743.780029296875,743.510009765625,743.5150146484375,68707
2026-09-30 19:12:00+00:00,743.5250244140625,743.6199951171875,743.52001953125,743.6199951171875,59709
2026-09-30 19:13:00+00:00,743.619873046875,743.6300048828125,743.5599975585938,743.6099853515625,29282
2026-09-30 19:14:00+00:00,743.6099853515625,743.7899780273438,743.6099853515625,743.7000122070312,82131
2026-09-30 19:15:00+00:00,743.7050170898438,743.7050170898438,743.5,743.5250244140625,24985
2026-09-30 19:16:00+00:00,743.530029296875,743.5650024414062,743.4207153320312,743.4600219726562,34766
2026-09-30 19:17:00+00:00,743.4262084960938,743.5,743.3099975585938,743.4598999023438,66370
2026-09-30 19:18:00+00:00,743.4500122070312,743.4500122070312,743.2899780273438,743.4099731445312,18763
2026-09-30 19:19:00+00:00,743.4199829101562,743.6099853515625,743.4099731445312,743.5360717773438,46093
2026-09-30 19:20:00+00:00,743.530029296875,743.5499877929688,743.3300170898438,743.469970703125,23584
2026-09-30 19:21:00+00:00,743.489990234375,743.5800170898438,743.3699951171875,743.3699951171875,40376
2026-09-30 19:22:00+00:00,743.3800048828125,743.4400024414062,743.3200073242188,743.4299926757812,37083
2026-09-30 19:23:00+00:00,743.4390258789062,743.4400024414062,743.1400146484375,743.1799926757812,123343
2026-09-30 19:24:00+00:00,743.1900024414062,743.3499755859375,743.1400146484375,743.260009765625,98046
2026-09-30 19:25:00+00:00,743.2501220703125,743.52001953125,743.239990234375,743.3200073242188,25289
2026-09-30 19:26:00+00:00,743.2999877929688,743.4500732421875,743.2899780273438,743.3400268554688,85663
2026-09-30 19:27:00+00:00,743.3400268554688,743.4400024414062,743.2899780273438,743.39501953125,58202
2026-09-30 19:28:00+00:00,743.4000244140625,743.47998046875,743.3200073242188,743.4400024414062,63587
2026-09-30 19:29:00+00:00,743.4299926757812,743.4600219726562,743.3200073242188,743.3400268554688,46279
2026-09-30 19:30:00+00:00,743.3200073242188,743.5599975585938,743.260009765625,743.47998046875,82948
2026-09-30 19:31:00+00:00,743.5,743.6099853515625,743.4201049804688,743.52001953125,61232
2026-09-30 19:32:00+00:00,743.5399780273438,743.6500244140625,743.510009765625,743.5599975585938,75517
2026-09-30 19:33:00+00:00,743.5650024414062,743.5800170898438,743.4400024414062,743.5800170898438,62678
2026-09-30 19:34:00+00:00,743.5999755859375,743.719970703125,743.5499877929688,743.5800170898438,44910
2026-09-30 19:35:00+00:00,743.5499877929688,743.9199829101562,743.5300903320312,743.8699951171875,265687
2026-09-30 19:36:00+00:00,743.844970703125,743.844970703125,743.5650024414062,743.5650024414062,18287
2026-09-30 19:37:00+00:00,743.5800170898438,743.5999755859375,743.1599731445312,743.27001953125,51142
2026-09-30 19:38:00+00:00,743.280029296875,743.4099731445312,743.0819702148438,743.0900268554688,40353
2026-09-30 19:39:00+00:00,743.1099853515625,743.5900268554688,743.0399780273438,743.4600219726562,146435
2026-09-30 19:40:00+00:00,743.4500122070312,743.510009765625,743.3300170898438,743.4099731445312,53652
2026-09-30 19:41:00+00:00,743.3699951171875,743.4400024414062,743.1300048828125,743.1300048828125,36357
2026-09-30 19:42:00+00:00,743.1204223632812,743.2249755859375,742.9468994140625,742.9949951171875,50303
2026-09-30 19:43:00+00:00,742.989990234375,743.22998046875,742.8599853515625,743.1799926757812,64523
2026-09-30 19:44:00+00:00,743.1500244140625,743.3400268554688,743.1500244140625,743.1599731445312,33914
2026-09-30 19:45:00+00:00,743.1699829101562,743.3300170898438,743.0499877929688,743.1900024414062,42832
2026-09-30 19:46:00+00:00,743.1699829101562,743.2399291992188,743.0700073242188,743.1199951171875,49530
2026-09-30 19:47:00+00:00,743.1400146484375,743.239990234375,743.02001953125,743.0700073242188,43188
2026-09-30 19:48:00+00:00,743.0700073242188,743.52001953125,743.0,743.2899780273438,51860
2026-09-30 19:49:00+00:00,743.3187255859375,743.3400268554688,743.1300048828125,743.1649780273438,43527
2026-09-30 19:50:00+00:00,743.1500244140625,743.1500244140625,742.030029296875,742.0999145507812,235577
2026-09-30 19:51:00+00:00,742.0900268554688,742.2100219726562,741.7999877929688,742.030029296875,192933
2026-09-30 19:52:00+00:00,742.0327758789062,742.3200073242188,741.8400268554688,742.030029296875,299430
2026-09-30 19:53:00+00:00,742.0700073242188,742.260009765625,741.9400024414062,741.9600219726562,142279
2026-09-30 19:54:00+00:00,741.9400024414062,741.9400024414062,740.6400146484375,740.719970703125,493271
2026-09-30 19:55:00+00:00,740.719970703125,740.719970703125,740.0900268554688,740.6599731445312,452629
2026-09-30 19:56:00+00:00,740.6599731445312,740.7999877929688,740.469970703125,740.6400146484375,880257
2026-09-30 19:57:00+00:00,740.6300048828125,741.010009765625,740.5150146484375,740.8796997070312,357568
2026-09-30 19:58:00+00:00,740.8619995117188,740.8800048828125,740.22998046875,740.7999877929688,381795
2026-09-30 19:59:00+00:00,740.7899780273438,741.1900024414062,739.489990234375,739.7000122070312,1337281
2026-10-01 13:30:00+00:00,742.510009765625,743.280029296875,741.8400268554688,741.8400268554688,2177026
2026-10-01 13:31:00+00:00,741.8499755859375,742.1300048828125,741.0399780273438,741.5549926757812,122983
2026-10-01 13:32:00+00:00,741.5349731445312,742.6799926757812,741.4450073242188,742.530029296875,103773
2026-10-01 13:33:00+00:00,742.5,743.9249877929688,742.4199829101562,743.27001953125,118966
2026-10-01 13:34:00+00:00,743.2100219726562,743.3800048828125,742.1300048828125,742.8400268554688,111064
2026-10-01 13:35:00+00:00,742.760009765625,743.0650024414062,741.5,741.8599853515625,120587
2026-10-01 13:36:00+00:00,741.8800048828125,742.3701171875,741.1661987304688,742.3200073242188,139964
2026-10-01 13:37:00+00:00,742.2999877929688,743.3699951171875,742.1400146484375,743.3200073242188,96327
2026-10-01 13:38:00+00:00,743.260009765625,743.5499877929688,742.7501220703125,743.4299926757812,95101
2026-10-01 13:39:00+00:00,743.4099731445312,743.5800170898438,742.5999755859375,742.669921875,116050
2026-10-01 13:40:00+00:00,742.7000122070312,742.97998046875,742.4199829101562,742.718017578125,92045
2026-10-01 13:41:00+00:00,742.7650146484375,743.280029296875,741.9600219726562,741.9749755859375,89169
2026-10-01 13:42:00+00:00,741.9600219726562,742.22998046875,741.530029296875,741.7050170898438,121503
2026-10-01 13:43:00+00:00,741.7249755859375,741.77001953125,741.3499755859375,741.5900268554688,1296517
2026-10-01 13:44:00+00:00,741.6199951171875,741.8441162109375,741.260009765625,741.6649780273438,100027
2026-10-01 13:45:00+00:00,741.6900024414062,742.594970703125,741.0800170898438,741.2899780273438,143297
2026-10-01 13:46:00+00:00,741.280029296875,741.6400146484375,741.0,741.1649780273438,72630
2026-10-01 13:47:00+00:00,741.1900024414062,741.4299926757812,740.77001953125,740.8099975585938,385813
2026-10-01 13:48:00+00:00,740.7905883789062,741.4550170898438,740.5900268554688,741.3800048828125,111561
2026-10-01 13:49:00+00:00,741.3800048828125,741.5599975585938,740.344970703125,740.3900146484375,109552
2026-10-01 13:50:00+00:00,740.489990234375,741.3300170898438,740.4108276367188,741.260009765625,123557
2026-10-01 13:51:00+00:00,741.260009765625,741.3099975585938,740.360595703125,740.6900024414062,120031
2026-10-01 13:52:00+00:00,740.6799926757812,741.9080200195312,740.6699829101562,741.8900146484375,132245
2026-10-01 13:53:00+00:00,741.9000244140625,742.1900024414062,741.6024780273438,742.1599731445312,85330
2026-10-01 13:54:00+00:00,742.1179809570312,742.3690795898438,741.8599853515625,742.3200073242188,80888
2026-10-01 13:55:00+00:00,742.3399047851562,742.6400146484375,741.75,741.85498046875,83437
2026-10-01 13:56:00+00:00,741.760009765625,741.7999877929688,740.97998046875,741.4749755859375,61543
2026-10-01 13:57:00+00:00,741.5,741.9249877929688,741.2337036132812,741.8994750976562,52771
2026-10-01 13:58:00+00:00,741.8400268554688,741.8900146484375,741.47998046875,741.5750122070312,79566
2026-10-01 13:59:00+00:00,741.510009765625,741.7000122070312,741.2769165039062,741.3599853515625,61661
2026-10-01 14:00:00+00:00,741.330078125,741.489990234375,739.6900024414062,739.719970703125,275674
2026-10-01 14:01:00+00:00,739.6799926757812,739.7655029296875,738.6649780273438,738.7600708007812,217983
2026-10-01 14:02:00+00:00,738.760009765625,738.8300170898438,738.1199951171875,738.5303955078125,166675
2026-10-01 14:03:00+00:00,738.5850219726562,738.8200073242188,738.0499877929688,738.4000244140625,127180
2026-10-01 14:04:00+00:00,738.530029296875,738.77001953125,738.2899780273438,738.3800048828125,98503
2026-10-01 14:05:00+00:00,738.4099731445312,738.6099853515625,737.6900024414062,738.0900268554688,137062
2026-10-01 14:06:00+00:00,738.0850219726562,738.5499877929688,737.6099853515625,738.3300170898438,117355
2026-10-01 14:07:00+00:00,738.3250122070312,738.6799926757812,737.9600219726562,738.469970703125,119817
2026-10-01 14:08:00+00:00,738.510009765625,740.02001953125,738.510009765625,739.6099853515625,195086
2026-10-01 14:09:00+00:00,739.6400756835938,740.3499755859375,739.5800170898438,740.3200073242188,129716
2026-10-01 14:10:00+00:00,740.3350219726562,740.3900146484375,739.8499755859375,740.260009765625,90240
2026-10-01 14:11:00+00:00,740.2200927734375,740.2374877929688,739.3800048828125,739.4299926757812,78291
2026-10-01 14:12:00+00:00,739.4349975585938,740.0299072265625,739.0700073242188,739.0700073242188,64855
2026-10-01 14:13:00+00:00,739.0599975585938,739.1300048828125,738.4100952148438,738.7349853515625,134082
2026-10-01 14:14:00+00:00,738.7249755859375,739.2022705078125,738.6599731445312,739.2022705078125,44212
2026-10-01 14:15:00+00:00,739.0449829101562,739.489990234375,738.72998046875,738.8599853515625,45611
2026-10-01 14:16:00+00:00,738.9080200195312,739.1900024414062,738.5601196289062,738.9799194335938,96649
2026-10-01 14:17:00+00:00,738.9600219726562,739.25,738.6699829101562,738.9600219726562,56844
2026-10-01 14:18:00+00:00,738.97998046875,738.97998046875,738.3200073242188,738.6199951171875,127638
2026-10-01 14:19:00+00:00,738.625,738.625,737.739990234375,738.4099731445312,164474
2026-10-01 14:20:00+00:00,738.4400024414062,738.6900024414062,737.9000244140625,738.25,73157
2026-10-01 14:21:00+00:00,738.25,738.7999877929688,737.9550170898438,738.1799926757812,67504
2026-10-01 14:22:00+00:00,738.1500854492188,738.3800048828125,737.2000732421875,737.2800903320312,95841
2026-10-01 14:23:00+00:00,737.3195190429688,738.010009765625,736.9099731445312,737.9019775390625,110328
2026-10-01 14:24:00+00:00,737.8599853515625,738.1199951171875,737.6099853515625,737.8599853515625,87060
2026-10-01 14:25:00+00:00,737.969970703125,738.5,737.7999877929688,738.1749877929688,72357
2026-10-01 14:26:00+00:00,738.1931762695312,738.9199829101562,738.0599975585938,738.7000122070312,62641
2026-10-01 14:27:00+00:00,738.7100219726562,738.9199829101562,738.2650146484375,738.760009765625,70085
2026-10-01 14:28:00+00:00,738.760009765625,738.8800048828125,737.75,738.3292236328125,208660
2026-10-01 14:29:00+00:00,738.2750244140625,738.7100219726562,738.2750244140625,738.3699951171875,43153
2026-10-01 14:30:00+00:00,738.22998046875,738.9000244140625,738.0399780273438,738.7586059570312,72098
2026-10-01 14:31:00+00:00,738.780029296875,738.7999877929688,737.9299926757812,738.5150146484375,59640
2026-10-01 14:32:00+00:00,738.5665283203125,739.0700073242188,738.3305053710938,738.760009765625,56584
2026-10-01 14:33:00+00:00,738.780029296875,739.3900146484375,738.780029296875,739.1799926757812,72299
2026-10-01 14:34:00+00:00,739.22998046875,739.8400268554688,739.0599975585938,739.8265991210938,65173
2026-10-01 14:35:00+00:00,739.8916015625,739.9099731445312,739.3800048828125,739.47998046875,83175
2026-10-01 14:36:00+00:00,739.4949951171875,739.97998046875,739.2849731445312,739.9000244140625,95507
2026-10-01 14:37:00+00:00,739.969970703125,740.1500244140625,739.6400146484375,739.760009765625,147719
2026-10-01 14:38:00+00:00,739.77001953125,740.1599731445312,739.469970703125,740.0800170898438,40845
2026-10-01 14:39:00+00:00,740.10498046875,740.8200073242188,740.0999755859375,740.719970703125,103953
2026-10-01 14:40:00+00:00,740.6900024414062,740.8599853515625,740.0449829101562,740.22998046875,108120
2026-10-01 14:41:00+00:00,740.2449951171875,740.280029296875,739.6900024414062,739.8900146484375,59036
2026-10-01 14:42:00+00:00,739.8704833984375,740.2598876953125,739.780029296875,740.1199951171875,38562
2026-10-01 14:43:00+00:00,740.1199951171875,740.3699951171875,739.9199829101562,740.0615844726562,56730
2026-10-01 14:44:00+00:00,740.0734252929688,740.1300048828125,739.47998046875,739.7849731445312,45917
2026-10-01 14:45:00+00:00,739.760009765625,740.469970703125,739.6699829101562,740.4349975585938,43427
2026-10-01 14:46:00+00:00,740.40771484375,740.5499877929688,739.75048828125,739.9100952148438,36970
2026-10-01 14:47:00+00:00,739.6900024414062,739.75,739.3499755859375,739.3699951171875,56297
2026-10-01 14:48:00+00:00,739.4998779296875,739.5679931640625,739.2000122070312,739.2899780273438,41339
2026-10-01 14:49:00+00:00,739.3049926757812,739.989990234375,739.1799926757812,739.780029296875,55560
2026-10-01 14:50:00+00:00,739.77001953125,740.010009765625,739.1500244140625,739.4299926757812,57343
2026-10-01 14:51:00+00:00,739.39501953125,739.7315063476562,738.9099731445312,738.9400024414062,33104
2026-10-01 14:52:00+00:00,738.9400024414062,739.0551147460938,738.239990234375,738.469970703125,73605
2026-10-01 14:53:00+00:00,738.4298706054688,739.0499877929688,738.25,738.5,312007
2026-10-01 14:54:00+00:00,738.469970703125,738.9450073242188,738.1699829101562,738.8499755859375,64322
2026-10-01 14:55:00+00:00,738.9199829101562,739.260009765625,738.780029296875,738.8599853515625,43108
2026-10-01 14:56:00+00:00,738.8400268554688,739.0599975585938,738.5499877929688,738.760009765625,24057
2026-10-01 14:57:00+00:00,738.6699829101562,738.9099731445312,738.4299926757812,738.8259887695312,38952
2026-10-01 14:58:00+00:00,738.780029296875,739.989990234375,738.4500122070312,738.7299194335938,131035
2026-10-01 14:59:00+00:00,738.61962890625,738.8200073242188,738.10498046875,738.7205200195312,49100
2026-10-01 15:00:00+00:00,738.7550048828125,738.7999877929688,738.260009765625,738.3400268554688,44272
2026-10-01 15:01:00+00:00,738.3895263671875,738.3895263671875,737.5399780273438,737.8699951171875,135698
2026-10-01 15:02:00+00:00,737.8900146484375,738.1599731445312,737.7100219726562,737.7100219726562,54415
2026-10-01 15:03:00+00:00,737.7100219726562,737.9199829101562,737.530029296875,737.7249755859375,95699
2026-10-01 15:04:00+00:00,737.6400146484375,738.1400146484375,737.56201171875,737.9199829101562,153406
2026-10-01 15:05:00+00:00,738.030029296875,738.3699951171875,737.720703125,737.7999877929688,68498
2026-10-01 15:06:00+00:00,737.8400268554688,737.864990234375,737.6199951171875,737.780029296875,101295
2026-10-01 15:07:00+00:00,737.760009765625,738.0599975585938,737.3699951171875,737.375,227691
2026-10-01 15:08:00+00:00,737.375,737.4000244140625,736.6699829101562,736.9000244140625,152868
2026-10-01 15:09:00+00:00,736.9000244140625,737.2899780273438,736.8300170898438,736.8699951171875,65104
2026-10-01 15:10:00+00:00,736.8499755859375,736.85498046875,736.39501953125,736.635009765625,78790
2026-10-01 15:11:00+00:00,736.6799926757812,737.219970703125,736.27001953125,737.0449829101562,160866
2026-10-01 15:12:00+00:00,736.97998046875,737.1699829101562,736.89501953125,737.0599975585938,62375
2026-10-01 15:13:00+00:00,737.219970703125,737.6599731445312,737.1699829101562,737.489990234375,70124
2026-10-01 15:14:00+00:00,737.52001953125,738.3200073242188,737.4400024414062,738.3099975585938,84518
2026-10-01 15:15:00+00:00,738.3099975585938,738.5700073242188,737.9500122070312,738.35009765625,53306
2026-10-01 15:16:00+00:00,738.3798828125,738.780029296875,738.3798828125,738.6699829101562,49069
2026-10-01 15:17:00+00:00,738.6500244140625,739.3900146484375,738.5499877929688,739.3900146484375,104327
2026-10-01 15:18:00+00:00,739.3800048828125,739.4431762695312,738.8300170898438,738.864990234375,99594
2026-10-01 15:19:00+00:00,738.8699951171875,739.3494873046875,738.7899780273438,739.2000122070312,65496
2026-10-01 15:20:00+00:00,739.1300048828125,739.6392822265625,738.739990234375,738.760009765625,152808
2026-10-01 15:21:00+00:00,738.75,739.0551147460938,738.47998046875,739.0147094726562,42833
2026-10-01 15:22:00+00:00,738.9199829101562,738.9650268554688,738.6199951171875,738.72998046875,29979
2026-10-01 15:23:00+00:00,738.760009765625,738.9299926757812,738.6599731445312,738.8499755859375,22533
2026-10-01 15:24:00+00:00,738.8280029296875,739.1500244140625,738.7750244140625,739.030029296875,23732
2026-10-01 15:25:00+00:00,738.9299926757812,739.3400268554688,738.8599853515625,739.1950073242188,36840
2026-10-01 15:26:00+00:00,739.177978515625,739.4600219726562,738.9299926757812,739.4500122070312,21471
2026-10-01 15:27:00+00:00,739.4500122070312,739.6298828125,739.405029296875,739.5,60271
2026-10-01 15:28:00+00:00,739.4400024414062,739.780029296875,738.989990234375,739.010009765625,45959
2026-10-01 15:29:00+00:00,738.969970703125,739.0750122070312,738.6699829101562,738.6699829101562,27856
2026-10-01 15:30:00+00:00,738.719970703125,738.780029296875,738.3599853515625,738.530029296875,41977
2026-10-01 15:31:00+00:00,738.4500122070312,738.47998046875,738.1400146484375,738.2960205078125,25458
2026-10-01 15:32:00+00:00,738.1900024414062,738.2058715820312,737.8499755859375,737.8499755859375,28443
2026-10-01 15:33:00+00:00,737.8400268554688,738.3099975585938,737.7949829101562,737.9000244140625,31101
2026-10-01 15:34:00+00:00,737.8699951171875,738.0,737.2249755859375,737.2249755859375,53333
2026-10-01 15:35:00+00:00,737.219970703125,737.2999877929688,736.8800048828125,736.8800048828125,70737
2026-10-01 15:36:00+00:00,736.8900146484375,737.469970703125,736.8099975585938,737.385009765625,59624
2026-10-01 15:37:00+00:00,737.4400024414062,737.5999755859375,737.27001953125,737.5599975585938,55252
2026-10-01 15:38:00+00:00,737.5499877929688,738.1599731445312,737.5,738.0349731445312,76640
2026-10-01 15:39:00+00:00,738.0700073242188,738.530029296875,737.9500122070312,737.9500122070312,80288
2026-10-01 15:40:00+00:00,737.9650268554688,738.2999877929688,737.6799926757812,737.7055053710938,50601
2026-10-01 15:41:00+00:00,737.6300048828125,737.8499755859375,737.0999145507812,737.169921875,36259
2026-10-01 15:42:00+00:00,737.1699829101562,737.489990234375,737.0399780273438,737.469970703125,72526
2026-10-01 15:43:00+00:00,737.4099731445312,737.4199829101562,736.7449951171875,736.844970703125,151519
2026-10-01 15:44:00+00:00,736.8099975585938,737.1500244140625,736.6019897460938,737.1199951171875,98173
2026-10-01 15:45:00+00:00,737.1400146484375,737.219970703125,736.8400268554688,737.2000122070312,85193
2026-10-01 15:46:00+00:00,737.1663208007812,737.3099975585938,736.9149780273438,736.9594116210938,39020
2026-10-01 15:47:00+00:00,736.9349975585938,737.3200073242188,736.8900146484375,737.239990234375,70671
2026-10-01 15:48:00+00:00,737.260009765625,737.5999755859375,737.030029296875,737.530029296875,99029
2026-10-01 15:49:00+00:00,737.530029296875,737.7000122070312,737.2899780273438,737.5822143554688,52912
2026-10-01 15:50:00+00:00,737.5549926757812,737.594970703125,737.0999755859375,737.1851196289062,44514
2026-10-01 15:51:00+00:00,737.135009765625,737.135009765625,736.7000122070312,736.7449951171875,56980
2026-10-01 15:52:00+00:00,736.7349853515625,737.030029296875,736.6599731445312,737.0,41756
2026-10-01 15:53:00+00:00,736.9299926757812,736.9500122070312,736.5850219726562,736.8200073242188,64555
2026-10-01 15:54:00+00:00,736.8499755859375,737.4299926757812,736.7800903320312,737.22998046875,27952
2026-10-01 15:55:00+00:00,737.2349853515625,737.9199829101562,737.22998046875,737.9149780273438,395297
2026-10-01 15:56:00+00:00,737.9299926757812,738.6900024414062,737.6906127929688,738.1442260742188,153646
2026-10-01 15:57:00+00:00,738.0499877929688,738.5999755859375,737.97998046875,738.2800903320312,68246
2026-10-01 15:58:00+00:00,738.2949829101562,738.2999877929688,737.7100219726562,737.9400024414062,65053
2026-10-01 15:59:00+00:00,737.8699951171875,738.1400146484375,737.7899780273438,738.1300048828125,40202
2026-10-01 16:00:00+00:00,738.2100219726562,738.2100219726562,737.4400024414062,738.1300048828125,46798
2026-10-01 16:01:00+00:00,738.1599731445312,738.3800048828125,738.1199951171875,738.2000732421875,47624
2026-10-01 16:02:00+00:00,738.219970703125,738.5399780273438,738.0499877929688,738.519287109375,63872
2026-10-01 16:03:00+00:00,738.52001953125,738.75,738.4801025390625,738.5223999023438,65458
2026-10-01 16:04:00+00:00,738.5499877929688,738.75,738.3800048828125,738.469970703125,63743
2026-10-01 16:05:00+00:00,738.4000244140625,738.510009765625,737.964599609375,738.0,53151
2026-10-01 16:06:00+00:00,737.9498901367188,738.7899780273438,737.8499755859375,738.7329711914062,38450
2026-10-01 16:07:00+00:00,738.7650146484375,738.8300170898438,738.2999877929688,738.3167724609375,179879
2026-10-01 16:08:00+00:00,738.3300170898438,738.8599853515625,738.3298950195312,738.5999755859375,41994
2026-10-01 16:09:00+00:00,738.5999755859375,738.6199951171875,738.25,738.4600219726562,18706
2026-10-01 16:10:00+00:00,738.4450073242188,738.8699951171875,738.4450073242188,738.6400146484375,37855
2026-10-01 16:11:00+00:00,738.6699829101562,738.7899780273438,738.5700073242188,738.5900268554688,56701
2026-10-01 16:12:00+00:00,738.5599975585938,738.7000122070312,738.0499877929688,738.2000122070312,47926
2026-10-01 16:13:00+00:00,738.219970703125,738.219970703125,737.8400268554688,737.8800048828125,104696
2026-10-01 16:14:00+00:00,737.9299926757812,737.9570922851562,737.7449951171875,737.844970703125,34226
2026-10-01 16:15:00+00:00,737.8499755859375,738.1699829101562,737.77001953125,738.0650024414062,36654
2026-10-01 16:16:00+00:00,738.0599975585938,738.3400268554688,737.9099731445312,738.3400268554688,21595
2026-10-01 16:17:00+00:00,738.3499145507812,738.9000244140625,738.1300048828125,738.8300170898438,42857
2026-10-01 16:18:00+00:00,738.8049926757812,738.939697265625,738.5700073242188,738.5700073242188,35987
2026-10-01 16:19:00+00:00,738.4600219726562,738.5999755859375,738.2100219726562,738.3300170898438,25786
2026-10-01 16:20:00+00:00,738.3200073242188,738.3499755859375,737.980224609375,738.2100219726562,23569
2026-10-01 16:21:00+00:00,738.2324829101562,738.3200073242188,738.169921875,738.1950073242188,12112
2026-10-01 16:22:00+00:00,738.219970703125,738.389892578125,738.1699829101562,738.3436889648438,19437
2026-10-01 16:23:00+00:00,738.2999877929688,738.3300170898438,738.0499877929688,738.2899780273438,442772
2026-10-01 16:24:00+00:00,738.2849731445312,738.780029296875,738.27001953125,738.6699829101562,51552
2026-10-01 16:25:00+00:00,738.6649780273438,738.7100219726562,738.4000244140625,738.577392578125,26488
2026-10-01 16:26:00+00:00,738.6300048828125,738.6849975585938,738.4099731445312,738.4149780273438,26639
2026-10-01 16:27:00+00:00,738.405029296875,738.7899780273438,738.3800048828125,738.719970703125,16467
2026-10-01 16:28:00+00:00,738.72998046875,738.75,738.3499145507812,738.4299926757812,24970
2026-10-01 16:29:00+00:00,738.4299926757812,738.4299926757812,738.125,738.1500244140625,33956
2026-10-01 16:30:00+00:00,738.1599731445312,738.6890258789062,738.0499877929688,738.6199951171875,19704
2026-10-01 16:31:00+00:00,738.635009765625,738.9199829101562,738.635009765625,738.9199829101562,33540
2026-10-01 16:32:00+00:00,738.8599853515625,739.2880249023438,738.8171997070312,739.239990234375,34062
2026-10-01 16:33:00+00:00,739.239990234375,739.2899780273438,739.1599731445312,739.1699829101562,131807
2026-10-01 16:34:00+00:00,739.1649780273438,739.3599243164062,739.030029296875,739.3099975585938,34737
2026-10-01 16:35:00+00:00,739.25,739.3800048828125,739.2000122070312,739.3699951171875,19626
2026-10-01 16:36:00+00:00,739.344970703125,739.4000244140625,739.1400146484375,739.375,22109
2026-10-01 16:37:00+00:00,739.4149780273438,739.6494750976562,739.0700073242188,739.1300048828125,68164
2026-10-01 16:38:00+00:00,739.0999755859375,739.0999755859375,738.5,738.723876953125,40830
2026-10-01 16:39:00+00:00,738.6901245117188,738.8300170898438,738.5399780273438,738.5900268554688,28864
2026-10-01 16:40:00+00:00,738.594970703125,738.8599853515625,738.5900268554688,738.739990234375,28225
2026-10-01 16:41:00+00:00,738.6950073242188,738.739990234375,738.4199829101562,738.4799194335938,22947
2026-10-01 16:42:00+00:00,738.3499755859375,738.8200073242188,738.2999877929688,738.6849975585938,22308
2026-10-01 16:43:00+00:00,738.7000122070312,739.0499877929688,738.6616821289062,738.9400024414062,25521
2026-10-01 16:44:00+00:00,738.9249877929688,738.9299926757812,738.6699829101562,738.8699951171875,15650
2026-10-01 16:45:00+00:00,738.8499755859375,739.030029296875,738.760009765625,738.9400024414062,14248
2026-10-01 16:46:00+00:00,738.9204711914062,739.0499877929688,738.8402099609375,738.9760131835938,72331
2026-10-01 16:47:00+00:00,738.969970703125,739.1099853515625,738.8499755859375,739.010009765625,36707
2026-10-01 16:48:00+00:00,738.9500122070312,739.3400268554688,738.9299926757812,739.0798950195312,19543
2026-10-01 16:49:00+00:00,739.0399780273438,739.0999755859375,738.8300170898438,738.9099731445312,122678
2026-10-01 16:50:00+00:00,738.989990234375,739.1099243164062,738.5999755859375,738.7849731445312,41636
2026-10-01 16:51:00+00:00,738.77001953125,738.8201293945312,738.219970703125,738.2999877929688,30796
2026-10-01 16:52:00+00:00,738.3400268554688,738.4249877929688,738.2420043945312,738.3900146484375,71736
2026-10-01 16:53:00+00:00,738.4400024414062,738.469970703125,738.0,738.0396118164062,26892
2026-10-01 16:54:00+00:00,738.02001953125,738.02001953125,737.630126953125,737.7683715820312,45124
2026-10-01 16:55:00+00:00,737.7100219726562,737.8200073242188,737.2050170898438,737.22998046875,50473
2026-10-01 16:56:00+00:00,737.219970703125,737.3150024414062,736.9000244140625,737.1400146484375,100100
2026-10-01 16:57:00+00:00,737.135009765625,737.469970703125,737.0900268554688,737.4400024414062,66246
2026-10-01 16:58:00+00:00,737.4299926757812,737.5499877929688,737.2999877929688,737.530029296875,145144
2026-10-01 16:59:00+00:00,737.530029296875,737.9000244140625,737.489990234375,737.8400268554688,32483
2026-10-01 17:00:00+00:00,737.8300170898438,738.0,737.7100219726562,737.7999877929688,43471
2026-10-01 17:01:00+00:00,737.8599853515625,738.1300048828125,737.7211303710938,737.9400024414062,44178
2026-10-01 17:02:00+00:00,738.135009765625,738.8200073242188,738.135009765625,738.780029296875,38338
2026-10-01 17:03:00+00:00,738.760009765625,738.8200073242188,738.4299926757812,738.469970703125,29304
2026-10-01 17:04:00+00:00,738.4500122070312,738.97998046875,738.3800048828125,738.9099731445312,29711
2026-10-01 17:05:00+00:00,738.9199829101562,739.159912109375,738.8900146484375,738.9949951171875,51764
2026-10-01 17:06:00+00:00,739.010009765625,739.2899780273438,738.989990234375,739.0549926757812,33291
2026-10-01 17:07:00+00:00,739.0800170898438,739.1690063476562,738.9539794921875,739.1099853515625,53432
2026-10-01 17:08:00+00:00,739.0850219726562,739.25,739.0,739.0499877929688,21872
2026-10-01 17:09:00+00:00,739.0549926757812,739.0599975585938,738.780029296875,738.9299926757812,29510
2026-10-01 17:10:00+00:00,738.9400024414062,739.1699829101562,738.8699951171875,739.1099853515625,20437
2026-10-01 17:11:00+00:00,739.1099853515625,739.47998046875,739.0999755859375,739.47998046875,27344
2026-10-01 17:12:00+00:00,739.47998046875,739.7000122070312,739.3250122070312,739.3574829101562,96066
2026-10-01 17:13:00+00:00,739.3599853515625,739.719970703125,739.27001953125,739.6900024414062,71360
2026-10-01 17:14:00+00:00,739.6699829101562,739.8800048828125,739.4099731445312,739.4299926757812,68979
2026-10-01 17:15:00+00:00,739.4400024414062,739.6500244140625,739.3400268554688,739.6300048828125,32234
2026-10-01 17:16:00+00:00,739.5974731445312,739.7899780273438,739.52001953125,739.739990234375,22307
2026-10-01 17:17:00+00:00,739.7100219726562,740.0599975585938,739.7100219726562,740.010009765625,78432
2026-10-01 17:18:00+00:00,740.0145263671875,740.1199951171875,739.9299926757812,740.1199951171875,48081
2026-10-01 17:19:00+00:00,740.159912109375,740.5599975585938,740.159912109375,740.3699951171875,68416
2026-10-01 17:20:00+00:00,740.3800048828125,740.989990234375,740.3699951171875,740.9000244140625,88194
2026-10-01 17:21:00+00:00,740.9000244140625,741.0,740.6300048828125,741.0,50342
2026-10-01 17:22:00+00:00,741.0,741.5399780273438,740.9099731445312,741.5399780273438,99337
2026-10-01 17:23:00+00:00,741.510009765625,741.780029296875,741.4500122070312,741.719970703125,119269
2026-10-01 17:24:00+00:00,741.7150268554688,742.2650146484375,741.5700073242188,742.260009765625,229855
2026-10-01 17:25:00+00:00,742.2698974609375,742.7750244140625,742.2000122070312,742.3800048828125,212816
2026-10-01 17:26:00+00:00,742.3800048828125,742.4099731445312,741.989990234375,742.3300170898438,134527
2026-10-01 17:27:00+00:00,742.27001953125,742.5650024414062,742.1500244140625,742.489990234375,93113
2026-10-01 17:28:00+00:00,742.489990234375,742.72998046875,742.4199829101562,742.5416259765625,67534
2026-10-01 17:29:00+00:00,742.5399780273438,742.7999877929688,742.3400268554688,742.6300048828125,67368
2026-10-01 17:30:00+00:00,742.6300048828125,744.260009765625,742.6300048828125,743.719970703125,411204
2026-10-01 17:31:00+00:00,743.739990234375,744.0050048828125,743.510009765625,743.97998046875,147270
2026-10-01 17:32:00+00:00,743.9000244140625,744.1500244140625,743.239990234375,743.4400024414062,265910
2026-10-01 17:33:00+00:00,743.4299926757812,743.7849731445312,743.3800048828125,743.5999755859375,123330
2026-10-01 17:34:00+00:00,743.5999755859375,743.8599853515625,743.530029296875,743.7100219726562,94391
2026-10-01 17:35:00+00:00,743.6199951171875,743.75,743.1400146484375,743.1798706054688,91365
2026-10-01 17:36:00+00:00,743.1749877929688,743.510009765625,743.0399780273438,743.47998046875,89734
2026-10-01 17:37:00+00:00,743.4669799804688,743.510009765625,743.1699829101562,743.2625122070312,81726
2026-10-01 17:38:00+00:00,743.22998046875,743.4349975585938,743.0700073242188,743.239990234375,48832
2026-10-01 17:39:00+00:00,743.2550048828125,743.3800048828125,743.1500244140625,743.22998046875,44982
2026-10-01 17:40:00+00:00,743.2050170898438,743.3300170898438,742.9400024414062,743.2650146484375,35789
2026-10-01 17:41:00+00:00,743.2000122070312,743.3300170898438,742.9556274414062,743.3200073242188,24689
2026-10-01 17:42:00+00:00,743.284423828125,743.6400146484375,743.280029296875,743.6099853515625,32774
2026-10-01 17:43:00+00:00,743.6500244140625,743.7598876953125,743.5200805664062,743.5800170898438,33295
2026-10-01 17:44:00+00:00,743.5800170898438,743.8599853515625,743.5499877929688,743.8400268554688,47481
2026-10-01 17:45:00+00:00,743.8699951171875,744.3200073242188,743.7999877929688,744.3104248046875,141744
2026-10-01 17:46:00+00:00,744.3079833984375,744.5599975585938,743.9600219726562,744.52001953125,475608
2026-10-01 17:47:00+00:00,744.4901123046875,744.6699829101562,744.1400146484375,744.1799926757812,100589
2026-10-01 17:48:00+00:00,744.1400146484375,744.2000122070312,743.8400268554688,743.9149780273438,85486
2026-10-01 17:49:00+00:00,743.9000244140625,744.1300048828125,743.719970703125,743.719970703125,44581
2026-10-01 17:50:00+00:00,743.760009765625,743.7899780273438,743.3901977539062,743.4351196289062,70399
2026-10-01 17:51:00+00:00,743.4400024414062,743.7000122070312,743.3900146484375,743.6300048828125,43891
2026-10-01 17:52:00+00:00,743.6199951171875,743.969970703125,743.5900268554688,743.905029296875,44417
2026-10-01 17:53:00+00:00,743.9000244140625,743.9000244140625,743.719970703125,743.7750244140625,31486
2026-10-01 17:54:00+00:00,743.7750244140625,743.8400268554688,742.8200073242188,742.8800048828125,230714
2026-10-01 17:55:00+00:00,743.02001953125,743.1799926757812,742.5700073242188,742.9500122070312,109880
2026-10-01 17:56:00+00:00,743.0050048828125,743.239990234375,742.4400024414062,742.6671142578125,89031
2026-10-01 17:57:00+00:00,742.719970703125,742.7291870117188,742.1900024414062,742.2598876953125,97319
2026-10-01 17:58:00+00:00,742.2999877929688,742.5599975585938,742.2999877929688,742.4000244140625,67535
2026-10-01 17:59:00+00:00,742.3499755859375,742.6699829101562,742.119873046875,742.5700073242188,61093
2026-10-01 18:00:00+00:00,742.5704956054688,742.7962036132812,741.8699951171875,742.0,119892
2026-10-01 18:01:00+00:00,742.0,742.3049926757812,741.75,742.2449951171875,97030
2026-10-01 18:02:00+00:00,742.2802124023438,742.3499755859375,742.0800170898438,742.2999877929688,43094
2026-10-01 18:03:00+00:00,742.3599853515625,742.47998046875,741.9099731445312,741.9398803710938,47907
2026-10-01 18:04:00+00:00,741.9000244140625,742.0399780273438,741.5599975585938,741.6900024414062,63889
2026-10-01 18:05:00+00:00,741.6699829101562,741.7449951171875,740.9400024414062,741.0700073242188,74405
2026-10-01 18:06:00+00:00,741.030029296875,741.0800170898438,740.47998046875,740.5599975585938,87172
2026-10-01 18:07:00+00:00,740.5800170898438,740.8699951171875,740.4400024414062,740.8408203125,94411
2026-10-01 18:08:00+00:00,740.8300170898438,740.9099731445312,740.5,740.5599975585938,59461
2026-10-01 18:09:00+00:00,740.5499877929688,740.9400024414062,740.4801025390625,740.7171020507812,70292
2026-10-01 18:10:00+00:00,740.7349853515625,741.0399780273438,740.4849853515625,740.6300048828125,59885
2026-10-01 18:11:00+00:00,740.6849975585938,740.8699951171875,740.6199951171875,740.7039794921875,52888
2026-10-01 18:12:00+00:00,740.7650146484375,741.1699829101562,740.7650146484375,741.1699829101562,451407
2026-10-01 18:13:00+00:00,741.1685791015625,741.7899780273438,741.1685791015625,741.610107421875,109026
2026-10-01 18:14:00+00:00,741.5999755859375,741.6099853515625,741.0999755859375,741.260009765625,48197
2026-10-01 18:15:00+00:00,741.280029296875,741.6900024414062,741.2100219726562,741.2100219726562,70744
2026-10-01 18:16:00+00:00,741.2437133789062,741.4099731445312,741.0999755859375,741.1849975585938,27265
2026-10-01 18:17:00+00:00,741.22998046875,741.405029296875,741.1900024414062,741.2999877929688,18797
2026-10-01 18:18:00+00:00,741.3300170898438,742.035888671875,741.3150024414062,741.9500122070312,65634
2026-10-01 18:19:00+00:00,741.9550170898438,741.9550170898438,741.4248046875,741.4600219726562,41438
2026-10-01 18:20:00+00:00,741.4550170898438,741.5050048828125,741.239990234375,741.3900146484375,32103
2026-10-01 18:21:00+00:00,741.405029296875,741.6300048828125,741.405029296875,741.5650024414062,28595
2026-10-01 18:22:00+00:00,741.5700073242188,741.7186889648438,741.0999755859375,741.6199951171875,106765
2026-10-01 18:23:00+00:00,741.6300048828125,742.530029296875,741.5700073242188,742.469970703125,144137
2026-10-01 18:24:00+00:00,742.5,742.6300048828125,742.2100219726562,742.2899780273438,53499
2026-10-01 18:25:00+00:00,742.3099975585938,742.469970703125,742.0399780273438,742.4550170898438,22557
2026-10-01 18:26:00+00:00,742.4450073242188,742.5700073242188,742.219970703125,742.3200073242188,43825
2026-10-01 18:27:00+00:00,742.3150024414062,742.3499755859375,742.1199951171875,742.3265991210938,44539
2026-10-01 18:28:00+00:00,742.375,742.7860107421875,742.3599853515625,742.5399780273438,24465
2026-10-01 18:29:00+00:00,742.5499877929688,742.9099731445312,742.5250244140625,742.6600952148438,57752
2026-10-01 18:30:00+00:00,742.719970703125,742.8400268554688,742.2999877929688,742.35400390625,49291
2026-10-01 18:31:00+00:00,742.3800048828125,742.5014038085938,742.3099975585938,742.3298950195312,16882
2026-10-01 18:32:00+00:00,742.2999877929688,742.7000122070312,742.2100219726562,742.6599731445312,21429
2026-10-01 18:33:00+00:00,742.6300048828125,742.86376953125,742.6300048828125,742.8599853515625,15945
2026-10-01 18:34:00+00:00,742.8599853515625,743.6099853515625,742.719970703125,743.5850219726562,115657
2026-10-01 18:35:00+00:00,743.6199951171875,743.6400146484375,743.2901000976562,743.4500122070312,124829
2026-10-01 18:36:00+00:00,743.4550170898438,743.4849853515625,743.1199951171875,743.4202880859375,71037
2026-10-01 18:37:00+00:00,743.4351196289062,743.4351196289062,743.02001953125,743.0582885742188,30860
2026-10-01 18:38:00+00:00,743.0501098632812,743.0599975585938,742.7529907226562,742.8173828125,30564
2026-10-01 18:39:00+00:00,742.8150024414062,743.02001953125,742.8150024414062,742.9600219726562,59951
2026-10-01 18:40:00+00:00,742.97998046875,743.0399780273438,742.8300170898438,742.9099731445312,18569
2026-10-01 18:41:00+00:00,742.9099731445312,743.0800170898438,742.8701171875,742.89501953125,16946
2026-10-01 18:42:00+00:00,742.9000244140625,742.9451293945312,742.5902099609375,742.7180786132812,20680
2026-10-01 18:43:00+00:00,742.7299194335938,742.7299194335938,742.530029296875,742.6071166992188,24488
2026-10-01 18:44:00+00:00,742.590087890625,742.8800048828125,742.590087890625,742.8400268554688,135105
2026-10-01 18:45:00+00:00,742.8699951171875,742.959228515625,742.760009765625,742.844970703125,13888
2026-10-01 18:46:00+00:00,742.8200073242188,743.0595092773438,742.75,743.02001953125,18313
2026-10-01 18:47:00+00:00,743.0499877929688,743.155029296875,743.010009765625,743.1300048828125,22214
2026-10-01 18:48:00+00:00,743.1199951171875,743.1400146484375,743.0449829101562,743.0798950195312,13353
2026-10-01 18:49:00+00:00,743.077880859375,743.1900024414062,743.0599975585938,743.1199951171875,16653
2026-10-01 18:50:00+00:00,743.125,743.280029296875,743.02001953125,743.0700073242188,382246
2026-10-01 18:51:00+00:00,743.02001953125,743.0549926757812,742.875,743.031005859375,29844
2026-10-01 18:52:00+00:00,743.0399780273438,743.2899780273438,743.0399780273438,743.1699829101562,16567
2026-10-01 18:53:00+00:00,743.1749877929688,743.3687133789062,743.1400146484375,743.3499755859375,34176
2026-10-01 18:54:00+00:00,743.34228515625,743.4500122070312,743.219970703125,743.2799072265625,25385
2026-10-01 18:55:00+00:00,743.27001953125,743.3599853515625,743.1090087890625,743.3599853515625,102434
2026-10-01 18:56:00+00:00,743.3599853515625,743.47998046875,743.260009765625,743.3200073242188,30336
2026-10-01 18:57:00+00:00,743.3200073242188,743.4000244140625,743.1900024414062,743.3099975585938,14923
2026-10-01 18:58:00+00:00,743.2999877929688,743.5399780273438,743.27001953125,743.530029296875,55098
2026-10-01 18:59:00+00:00,743.5200805664062,743.6799926757812,743.4199829101562,743.6600952148438,40388
2026-10-01 19:00:00+00:00,743.6500244140625,743.8948974609375,743.4299926757812,743.4299926757812,82233
2026-10-01 19:01:00+00:00,743.4400024414062,743.4500122070312,743.155029296875,743.2000122070312,50282
2026-10-01 19:02:00+00:00,743.1629028320312,743.260009765625,742.9749755859375,742.989990234375,66908
2026-10-01 19:03:00+00:00,742.969970703125,742.969970703125,742.7050170898438,742.7449951171875,41693
2026-10-01 19:04:00+00:00,742.75,742.97998046875,742.6699829101562,742.969970703125,39782
2026-10-01 19:05:00+00:00,742.969970703125,743.0349731445312,742.8900146484375,742.9359741210938,11874
2026-10-01 19:06:00+00:00,742.9149780273438,742.9299926757812,742.5999755859375,742.7000122070312,29813
2026-10-01 19:07:00+00:00,742.6950073242188,742.88623046875,742.5800170898438,742.8300170898438,26679
2026-10-01 19:08:00+00:00,742.8499755859375,743.0,742.8099975585938,742.9566040039062,18223
2026-10-01 19:09:00+00:00,742.9503173828125,743.0499877929688,742.8900146484375,743.0001220703125,14533
2026-10-01 19:10:00+00:00,743.0499267578125,743.239990234375,742.969970703125,742.969970703125,16001
2026-10-01 19:11:00+00:00,742.9500122070312,743.0150146484375,742.7899780273438,742.8499755859375,17655
2026-10-01 19:12:00+00:00,742.8812866210938,742.8900146484375,742.7310180664062,742.7310180664062,13956
2026-10-01 19:13:00+00:00,742.739990234375,742.8099975585938,742.6500244140625,742.760009765625,37583
2026-10-01 19:14:00+00:00,742.75,742.7550048828125,742.6599731445312,742.7000122070312,21124
2026-10-01 19:15:00+00:00,742.7000122070312,742.7999877929688,742.5714721679688,742.7999877929688,21144
2026-10-01 19:16:00+00:00,742.719970703125,742.8200073242188,742.6500854492188,742.7100219726562,14775
2026-10-01 19:17:00+00:00,742.7150268554688,742.7498779296875,742.4099731445312,742.4600219726562,47778
2026-10-01 19:18:00+00:00,742.47998046875,742.655029296875,742.4749755859375,742.6500244140625,27959
2026-10-01 19:19:00+00:00,742.6500244140625,742.8900146484375,742.6400146484375,742.8399047851562,22214
2026-10-01 19:20:00+00:00,742.8400268554688,742.8499755859375,742.6300048828125,742.8499755859375,8912
2026-10-01 19:21:00+00:00,742.8049926757812,742.9998168945312,742.8049926757812,742.9299926757812,24064
2026-10-01 19:22:00+00:00,742.9099731445312,742.9299926757812,742.760009765625,742.7999877929688,9506
2026-10-01 19:23:00+00:00,742.7899780273438,742.8900146484375,742.72998046875,742.760009765625,79119
2026-10-01 19:24:00+00:00,742.8099975585938,742.8800048828125,742.530029296875,742.5665893554688,71109
2026-10-01 19:25:00+00:00,742.5650024414062,742.77001953125,742.5599975585938,742.760009765625,10444
2026-10-01 19:26:00+00:00,742.7899780273438,742.9400024414062,742.77001953125,742.8150024414062,29014
2026-10-01 19:27:00+00:00,742.780029296875,742.7899780273438,742.6099853515625,742.6749877929688,13811
2026-10-01 19:28:00+00:00,742.6849975585938,742.9196166992188,742.6849975585938,742.880126953125,36198
2026-10-01 19:29:00+00:00,742.9000244140625,742.9299926757812,742.7598876953125,742.8400268554688,14641
2026-10-01 19:30:00+00:00,742.8099975585938,743.0599975585938,742.8099975585938,742.9598999023438,31273
2026-10-01 19:31:00+00:00,743.02001953125,743.3400268554688,743.02001953125,743.0850219726562,45562
2026-10-01 19:32:00+00:00,743.0850219726562,743.0900268554688,742.8309936523438,742.9342041015625,22205
2026-10-01 19:33:00+00:00,742.9450073242188,742.9749755859375,742.8300170898438,742.8699951171875,225625
2026-10-01 19:34:00+00:00,742.8699951171875,742.8900756835938,742.5,742.6599731445312,42310
2026-10-01 19:35:00+00:00,742.6599731445312,742.719970703125,742.530029296875,742.6500244140625,20808
2026-10-01 19:36:00+00:00,742.6199951171875,742.6199951171875,742.489990234375,742.510009765625,42608
2026-10-01 19:37:00+00:00,742.5399780273438,742.7000122070312,742.510009765625,742.6629028320312,30718
2026-10-01 19:38:00+00:00,742.6599731445312,742.9500122070312,742.6599731445312,742.9500122070312,22563
2026-10-01 19:39:00+00:00,742.9400024414062,743.1400146484375,742.9400024414062,743.0349731445312,38667
2026-10-01 19:40:00+00:00,743.0349731445312,743.2449951171875,742.9998779296875,743.2000732421875,277923
2026-10-01 19:41:00+00:00,743.239990234375,743.3599853515625,743.1701049804688,743.219970703125,28272
2026-10-01 19:42:00+00:00,743.2379760742188,743.260009765625,742.969970703125,742.97998046875,39762
2026-10-01 19:43:00+00:00,743.0,743.1400146484375,742.9099731445312,743.0700073242188,35171
2026-10-01 19:44:00+00:00,743.0650024414062,743.0800170898438,742.9500122070312,742.9500122070312,35077
2026-10-01 19:45:00+00:00,742.9099731445312,743.27001953125,742.8900146484375,743.2650146484375,72947
2026-10-01 19:46:00+00:00,743.280029296875,743.5700073242188,743.2000122070312,743.4849853515625,67670
2026-10-01 19:47:00+00:00,743.4779052734375,743.5098876953125,743.2000122070312,743.239990234375,36081
2026-10-01 19:48:00+00:00,743.219970703125,743.3499755859375,743.2100219726562,743.3200073242188,47027
2026-10-01 19:49:00+00:00,743.3400268554688,743.4000244140625,743.2899780273438,743.385009765625,46403
2026-10-01 19:50:00+00:00,743.3599853515625,743.9600219726562,743.27001953125,743.7750244140625,93282
2026-10-01 19:51:00+00:00,743.7899780273438,744.07958984375,743.739990234375,743.77001953125,117697
2026-10-01 19:52:00+00:00,743.780029296875,743.8599853515625,743.510009765625,743.5800170898438,102742
2026-10-01 19:53:00+00:00,743.5599975585938,743.6849975585938,743.4000244140625,743.405029296875,47867
2026-10-01 19:54:00+00:00,743.3900146484375,743.52001953125,742.77001953125,742.7901000976562,175492
2026-10-01 19:55:00+00:00,742.6199951171875,742.760009765625,742.0999755859375,742.3300170898438,210108
2026-10-01 19:56:00+00:00,742.3300170898438,742.4000244140625,742.0800170898438,742.219970703125,145834
2026-10-01 19:57:00+00:00,742.22998046875,742.4000244140625,742.2249755859375,742.2899780273438,469956
2026-10-01 19:58:00+00:00,742.2899780273438,742.3087768554688,741.9000244140625,741.9600219726562,568156
2026-10-01 19:59:00+00:00,741.9400024414062,742.1699829101562,741.4713745117188,742.0399780273438,695554
2026-10-02 13:30:00+00:00,751.3099975585938,751.489990234375,750.02001953125,750.0399780273438,3163089
2026-10-02 13:31:00+00:00,750.010009765625,750.0750122070312,749.1400146484375,749.260009765625,462981
2026-10-02 13:32:00+00:00,749.239990234375,749.97998046875,749.0999755859375,749.9749755859375,333677
2026-10-02 13:33:00+00:00,749.9949951171875,750.25,749.8400268554688,749.9400024414062,139673
2026-10-02 13:34:00+00:00,749.969970703125,751.25,749.9500122070312,751.219970703125,141446
2026-10-02 13:35:00+00:00,751.2100219726562,751.3599853515625,750.3499755859375,750.469970703125,197843
2026-10-02 13:36:00+00:00,750.489990234375,750.75,750.1300048828125,750.75,102246
2026-10-02 13:37:00+00:00,750.8195190429688,751.239990234375,750.6400146484375,751.1300048828125,113281
2026-10-02 13:38:00+00:00,751.0999755859375,751.114990234375,750.4500122070312,750.6099853515625,125599
2026-10-02 13:39:00+00:00,750.6400146484375,750.8200073242188,750.0,750.6950073242188,76675
2026-10-02 13:40:00+00:00,750.7000122070312,750.77001953125,750.405029296875,750.5449829101562,67837
2026-10-02 13:41:00+00:00,750.47998046875,750.8800048828125,750.010009765625,750.8001098632812,85033
2026-10-02 13:42:00+00:00,750.8200073242188,751.3302001953125,750.6600952148438,751.239990234375,88168
2026-10-02 13:43:00+00:00,751.2401733398438,752.0900268554688,751.2100219726562,751.64501953125,174380
2026-10-02 13:44:00+00:00,751.5700073242188,752.0161743164062,751.3200073242188,752.010009765625,84118
2026-10-02 13:45:00+00:00,752.02001953125,752.469970703125,751.9600219726562,752.0,126896
2026-10-02 13:46:00+00:00,752.0,752.1599731445312,751.8682861328125,752.1300048828125,97323
2026-10-02 13:47:00+00:00,752.1141967773438,752.4600219726562,752.0999755859375,752.3900146484375,74706
2026-10-02 13:48:00+00:00,752.3400268554688,752.3900146484375,751.4600219726562,752.219970703125,222070
2026-10-02 13:49:00+00:00,752.239990234375,752.4600219726562,751.6900024414062,751.969970703125,105135
2026-10-02 13:50:00+00:00,752.010009765625,752.3909912109375,751.8300170898438,752.1799926757812,65793
2026-10-02 13:51:00+00:00,752.2100219726562,752.260009765625,751.6599731445312,751.9299926757812,132827
2026-10-02 13:52:00+00:00,752.030029296875,752.4000244140625,752.010009765625,752.280029296875,79907
2026-10-02 13:53:00+00:00,752.25,752.396728515625,752.0499877929688,752.22998046875,80725
2026-10-02 13:54:00+00:00,752.22998046875,752.5900268554688,751.5399780273438,751.625,155747
2026-10-02 13:55:00+00:00,751.5399780273438,751.5499877929688,750.6799926757812,751.0490112304688,151098
2026-10-02 13:56:00+00:00,751.0349731445312,751.1019897460938,750.5,750.7999267578125,100955
2026-10-02 13:57:00+00:00,750.760009765625,751.9575805664062,750.344970703125,751.635009765625,136161
2026-10-02 13:58:00+00:00,751.625,752.4400024414062,751.5900268554688,752.4000244140625,122402
2026-10-02 13:59:00+00:00,752.3200073242188,752.3499755859375,751.7949829101562,752.1699829101562,82696
2026-10-02 14:00:00+00:00,752.219970703125,752.2999877929688,751.5850219726562,751.989990234375,74960
2026-10-02 14:01:00+00:00,751.969970703125,752.8699951171875,751.8900146484375,752.590087890625,153753
2026-10-02 14:02:00+00:00,752.6099853515625,753.3800048828125,752.5900268554688,753.1699829101562,194790
2026-10-02 14:03:00+00:00,753.1500244140625,753.4299926757812,752.969970703125,753.3599853515625,124238
2026-10-02 14:04:00+00:00,753.385009765625,753.7899780273438,753.1599731445312,753.760009765625,147056
2026-10-02 14:05:00+00:00,753.7150268554688,753.9199829101562,753.3300170898438,753.3499755859375,187039
2026-10-02 14:06:00+00:00,753.3524780273438,753.5399780273438,753.1400146484375,753.25,193128
2026-10-02 14:07:00+00:00,753.239990234375,753.3599853515625,753.0,753.0700073242188,88147
2026-10-02 14:08:00+00:00,753.0617065429688,753.4400024414062,752.7899780273438,753.2069091796875,110525
2026-10-02 14:09:00+00:00,753.1900024414062,753.2188110351562,752.75,752.751220703125,87425
2026-10-02 14:10:00+00:00,752.7949829101562,753.3400268554688,752.6699829101562,753.1500244140625,85153
2026-10-02 14:11:00+00:00,753.125,753.1400146484375,752.3300170898438,752.4199829101562,143208
2026-10-02 14:12:00+00:00,752.494873046875,753.0,752.47998046875,752.989990234375,59895
2026-10-02 14:13:00+00:00,752.9949951171875,753.2899780273438,752.8800048828125,753.0900268554688,89451
2026-10-02 14:14:00+00:00,753.0700073242188,753.260009765625,752.9000244140625,753.1699829101562,88329
2026-10-02 14:15:00+00:00,753.1500244140625,753.5800170898438,753.1400146484375,753.25,94832
2026-10-02 14:16:00+00:00,753.219970703125,753.4000244140625,753.0,753.3300170898438,75785
2026-10-02 14:17:00+00:00,753.3400268554688,753.8400268554688,753.3099975585938,753.7301025390625,79197
2026-10-02 14:18:00+00:00,753.7550048828125,754.0294799804688,753.6699829101562,753.7249755859375,86080
2026-10-02 14:19:00+00:00,753.7200927734375,753.969970703125,753.6799926757812,753.969970703125,65318
2026-10-02 14:20:00+00:00,753.9400024414062,754.1900024414062,753.89501953125,753.969970703125,89318
2026-10-02 14:21:00+00:00,754.0,754.1099853515625,753.7999877929688,753.8101196289062,82563
2026-10-02 14:22:00+00:00,753.8099975585938,753.9697265625,753.6099853515625,753.9697265625,87889
2026-10-02 14:23:00+00:00,753.9949951171875,754.2000122070312,753.739990234375,753.760009765625,104304
2026-10-02 14:24:00+00:00,753.7899780273438,754.469970703125,753.739990234375,754.4650268554688,59393
2026-10-02 14:25:00+00:00,754.4749755859375,754.510009765625,754.1640014648438,754.1799926757812,76098
2026-10-02 14:26:00+00:00,754.1849975585938,754.510009765625,754.1099853515625,754.4500122070312,72634
2026-10-02 14:27:00+00:00,754.4500122070312,754.530029296875,754.1400146484375,754.1599731445312,79400
2026-10-02 14:28:00+00:00,754.1699829101562,754.510009765625,754.1400146484375,754.5,94144
2026-10-02 14:29:00+00:00,754.489990234375,754.489990234375,754.030029296875,754.1599731445312,176045
2026-10-02 14:30:00+00:00,754.1500244140625,754.1699829101562,753.52001953125,753.5999755859375,115019
2026-10-02 14:31:00+00:00,753.5999755859375,753.5999755859375,753.1923217773438,753.510009765625,175849
2026-10-02 14:32:00+00:00,753.5601196289062,753.719970703125,753.2249755859375,753.260009765625,65835
2026-10-02 14:33:00+00:00,753.25,753.6400146484375,753.1900024414062,753.6199951171875,75552
2026-10-02 14:34:00+00:00,753.6099853515625,753.6599731445312,753.3400268554688,753.6400146484375,48882
2026-10-02 14:35:00+00:00,753.655029296875,753.8499755859375,753.47998046875,753.780029296875,74100
2026-10-02 14:36:00+00:00,753.780029296875,753.8599853515625,753.3099975585938,753.5700073242188,54907
2026-10-02 14:37:00+00:00,753.5700073242188,753.660400390625,753.1901245117188,753.1901245117188,50175
2026-10-02 14:38:00+00:00,753.2100219726562,753.719970703125,753.2100219726562,753.6950073242188,51513
2026-10-02 14:39:00+00:00,753.7150268554688,753.9000244140625,753.6300048828125,753.8350219726562,386647
2026-10-02 14:40:00+00:00,753.8499755859375,753.9400024414062,753.719970703125,753.8400268554688,37155
2026-10-02 14:41:00+00:00,753.844970703125,754.0999755859375,753.760009765625,754.0999755859375,41409
2026-10-02 14:42:00+00:00,754.0499877929688,754.3399047851562,753.9199829101562,753.9500122070312,89717
2026-10-02 14:43:00+00:00,753.9500122070312,753.9500122070312,753.3699951171875,753.4901123046875,87475
2026-10-02 14:44:00+00:00,753.5,753.6500244140625,753.2000122070312,753.5499877929688,81455
2026-10-02 14:45:00+00:00,753.5449829101562,753.6400146484375,753.1900024414062,753.3200073242188,85174
2026-10-02 14:46:00+00:00,753.3099975585938,753.6699829101562,753.230712890625,753.5399780273438,51239
2026-10-02 14:47:00+00:00,753.52001953125,753.5800170898438,753.3200073242188,753.489990234375,55038
2026-10-02 14:48:00+00:00,753.4000244140625,753.8300170898438,753.4000244140625,753.7999877929688,66546
2026-10-02 14:49:00+00:00,753.7150268554688,753.740478515625,753.3900146484375,753.4400024414062,33173
2026-10-02 14:50:00+00:00,753.4349975585938,753.4600219726562,752.7100219726562,752.805908203125,178391
2026-10-02 14:51:00+00:00,752.780029296875,753.0,752.6799926757812,752.89501953125,54089
2026-10-02 14:52:00+00:00,752.9450073242188,752.9450073242188,752.1799926757812,752.22998046875,86251
2026-10-02 14:53:00+00:00,752.239990234375,752.3800048828125,752.0,752.1599731445312,99086
2026-10-02 14:54:00+00:00,752.1599731445312,752.22998046875,751.5609741210938,751.760009765625,136334
2026-10-02 14:55:00+00:00,751.6900024414062,752.3900756835938,751.6400146484375,752.3800048828125,99056
2026-10-02 14:56:00+00:00,752.375,752.5,752.0800170898438,752.3900146484375,73225
2026-10-02 14:57:00+00:00,752.42138671875,752.5,752.2349853515625,752.3699951171875,37052
2026-10-02 14:58:00+00:00,752.3499755859375,752.6400146484375,751.780029296875,751.8900146484375,66851
2026-10-02 14:59:00+00:00,751.8900146484375,751.9500122070312,751.5499877929688,751.77001953125,71226
2026-10-02 15:00:00+00:00,751.7949829101562,752.0,751.5599975585938,751.739990234375,69298
2026-10-02 15:01:00+00:00,751.739990234375,752.1411743164062,751.739990234375,752.0900268554688,120826
2026-10-02 15:02:00+00:00,752.0499877929688,752.0900268554688,751.4000244140625,751.4000244140625,135747
2026-10-02 15:03:00+00:00,751.4400024414062,751.4849853515625,751.0001220703125,751.27001953125,140593
2026-10-02 15:04:00+00:00,751.25,751.3800048828125,751.0700073242188,751.1690063476562,92889
2026-10-02 15:05:00+00:00,751.1799926757812,751.25,750.710205078125,750.710205078125,196068
2026-10-02 15:06:00+00:00,750.7100219726562,750.969970703125,750.5,750.8099975585938,156757
2026-10-02 15:07:00+00:00,750.8300170898438,750.8300170898438,750.3900146484375,750.4400024414062,278272
2026-10-02 15:08:00+00:00,750.4400024414062,750.6400146484375,750.1699829101562,750.6300048828125,146550
2026-10-02 15:09:00+00:00,750.6300048828125,750.7100219726562,749.8699951171875,750.0200805664062,137000
2026-10-02 15:10:00+00:00,749.9949951171875,750.4099731445312,749.6799926757812,749.8900146484375,120926
2026-10-02 15:11:00+00:00,749.9000244140625,749.9099731445312,749.280029296875,749.75,135627
2026-10-02 15:12:00+00:00,749.7899780273438,749.889892578125,748.7000122070312,748.8400268554688,208122
2026-10-02 15:13:00+00:00,748.8499755859375,749.5700073242188,748.8499755859375,749.5499877929688,136806
2026-10-02 15:14:00+00:00,749.5755004882812,749.739990234375,749.4400024414062,749.6199951171875,92947
2026-10-02 15:15:00+00:00,749.6099853515625,750.1099853515625,749.4600219726562,749.5050048828125,107870
2026-10-02 15:16:00+00:00,749.489990234375,749.510009765625,749.0610961914062,749.1840209960938,88646
2026-10-02 15:17:00+00:00,749.22998046875,749.3400268554688,748.760009765625,748.97998046875,102058
2026-10-02 15:18:00+00:00,748.9650268554688,749.4000244140625,748.9149780273438,749.239990234375,117917
2026-10-02 15:19:00+00:00,749.260009765625,749.4600219726562,748.8099975585938,748.85498046875,70381
2026-10-02 15:20:00+00:00,748.8400268554688,748.8400268554688,748.1599731445312,748.2249755859375,143769
2026-10-02 15:21:00+00:00,748.25,748.9249877929688,748.2100219726562,748.9149780273438,93616
2026-10-02 15:22:00+00:00,748.9000244140625,749.2000122070312,748.8599853515625,749.0750122070312,112697
2026-10-02 15:23:00+00:00,749.119873046875,749.280029296875,748.8800048828125,749.094970703125,67269
2026-10-02 15:24:00+00:00,749.1199951171875,749.1799926757812,747.760009765625,747.7899780273438,139606
2026-10-02 15:25:00+00:00,747.780029296875,748.1599731445312,747.5349731445312,748.0999755859375,97378
2026-10-02 15:26:00+00:00,748.0800170898438,748.6400146484375,747.969970703125,748.5499877929688,120055
2026-10-02 15:27:00+00:00,748.5999755859375,749.0,748.552978515625,748.6900024414062,103773
2026-10-02 15:28:00+00:00,748.7100219726562,749.0599975585938,748.6400146484375,749.0349731445312,50360
2026-10-02 15:29:00+00:00,748.989990234375,749.4199829101562,748.872802734375,749.3328857421875,87491
2026-10-02 15:30:00+00:00,749.3699951171875,749.3699951171875,748.52001953125,748.6749877929688,89461
2026-10-02 15:31:00+00:00,748.6510009765625,749.0349731445312,748.6510009765625,749.02001953125,40144
2026-10-02 15:32:00+00:00,749.02001953125,749.4600219726562,749.02001953125,749.3305053710938,61214
2026-10-02 15:33:00+00:00,749.364990234375,749.8200073242188,749.27001953125,749.739990234375,68853
2026-10-02 15:34:00+00:00,749.719970703125,749.9000244140625,749.6400146484375,749.7899780273438,65584
2026-10-02 15:35:00+00:00,749.7899780273438,749.9299926757812,749.6699829101562,749.75,36398
2026-10-02 15:36:00+00:00,749.77001953125,749.8200073242188,749.4810180664062,749.6199951171875,65136
2026-10-02 15:37:00+00:00,749.5999755859375,749.8599853515625,749.260009765625,749.3800048828125,54269
2026-10-02 15:38:00+00:00,749.340087890625,749.8900146484375,749.1799926757812,749.8699951171875,39960
2026-10-02 15:39:00+00:00,749.8900146484375,749.9600219726562,749.739990234375,749.8099975585938,47551
2026-10-02 15:40:00+00:00,749.875,750.0900268554688,749.4400024414062,749.52001953125,47856
2026-10-02 15:41:00+00:00,749.5380859375,749.5380859375,749.2100219726562,749.469970703125,45362
2026-10-02 15:42:00+00:00,749.4600219726562,749.9990234375,749.4500122070312,749.9990234375,40918
2026-10-02 15:43:00+00:00,749.989990234375,750.02001953125,749.5499877929688,749.6699829101562,55737
2026-10-02 15:44:00+00:00,749.6593017578125,749.8499755859375,749.6300048828125,749.739990234375,36363
2026-10-02 15:45:00+00:00,749.739990234375,749.9400024414062,749.5900268554688,749.8099975585938,58449
2026-10-02 15:46:00+00:00,749.8300170898438,750.27001953125,749.7600708007812,750.0800170898438,61991
2026-10-02 15:47:00+00:00,750.1699829101562,750.2000122070312,750.02001953125,750.0800170898438,37574
2026-10-02 15:48:00+00:00,750.0900268554688,750.260009765625,749.8300170898438,749.9000244140625,76782
2026-10-02 15:49:00+00:00,749.9000244140625,750.0700073242188,749.6799926757812,749.739990234375,42030
2026-10-02 15:50:00+00:00,749.7150268554688,749.9600219726562,749.4400024414062,749.6900024414062,75393
2026-10-02 15:51:00+00:00,749.6599731445312,750.1699829101562,749.6199951171875,750.114990234375,41758
2026-10-02 15:52:00+00:00,750.0999755859375,750.3699951171875,749.75,749.97998046875,42049
2026-10-02 15:53:00+00:00,749.97998046875,750.0499877929688,749.5,749.5499877929688,39384
2026-10-02 15:54:00+00:00,749.5499877929688,749.760009765625,749.1500244140625,749.3400268554688,65191
2026-10-02 15:55:00+00:00,749.3499755859375,749.9400024414062,749.1599731445312,749.9099731445312,50678
2026-10-02 15:56:00+00:00,749.875,750.0700073242188,749.64501953125,749.8400268554688,36805
2026-10-02 15:57:00+00:00,749.8200073242188,750.0001220703125,749.6199951171875,750.0001220703125,44905
2026-10-02 15:58:00+00:00,750.010009765625,750.094970703125,749.8709716796875,750.0349731445312,36265
2026-10-02 15:59:00+00:00,750.030029296875,750.3400268554688,749.9099731445312,750.260009765625,60527
2026-10-02 16:00:00+00:00,750.2899780273438,750.4600219726562,750.1099853515625,750.4349975585938,60662
2026-10-02 16:01:00+00:00,750.4450073242188,750.9099731445312,750.3250122070312,750.72998046875,80935
2026-10-02 16:02:00+00:00,750.7249755859375,750.8900146484375,750.4099731445312,750.6699829101562,116330
2026-10-02 16:03:00+00:00,750.6799926757812,750.75,750.2100219726562,750.27001953125,69928
2026-10-02 16:04:00+00:00,750.239990234375,750.4600219726562,749.97998046875,750.4384155273438,50081
2026-10-02 16:05:00+00:00,750.47998046875,750.5499877929688,750.239990234375,750.3499755859375,49238
2026-10-02 16:06:00+00:00,750.3800048828125,750.75,750.3300170898438,750.6599731445312,37629
2026-10-02 16:07:00+00:00,750.6400146484375,750.8499755859375,750.5100708007812,750.5100708007812,58637
2026-10-02 16:08:00+00:00,750.5050048828125,750.7100219726562,750.3699951171875,750.6900024414062,22767
2026-10-02 16:09:00+00:00,750.7786865234375,750.8099975585938,750.530029296875,750.710205078125,37763
2026-10-02 16:10:00+00:00,750.7449951171875,750.8599853515625,750.6300048828125,750.7000122070312,32841
2026-10-02 16:11:00+00:00,750.7061767578125,750.760009765625,750.469970703125,750.469970703125,59343
2026-10-02 16:12:00+00:00,750.469970703125,750.6400146484375,750.3400268554688,750.4099731445312,99321
2026-10-02 16:13:00+00:00,750.3900146484375,750.9000244140625,750.3499755859375,750.7949829101562,40525
2026-10-02 16:14:00+00:00,750.7750244140625,750.8300170898438,750.5800170898438,750.5800170898438,20292
2026-10-02 16:15:00+00:00,750.5800170898438,750.7492065429688,750.3900146484375,750.7249755859375,29715
2026-10-02 16:16:00+00:00,750.7498779296875,750.9199829101562,750.5700073242188,750.7899780273438,63328
2026-10-02 16:17:00+00:00,750.8699951171875,750.9199829101562,750.5900268554688,750.6649780273438,38675
2026-10-02 16:18:00+00:00,750.530029296875,750.77001953125,750.530029296875,750.6300048828125,12583
2026-10-02 16:19:00+00:00,750.6199951171875,750.780029296875,750.6099853515625,750.6799926757812,26739
2026-10-02 16:20:00+00:00,750.7000122070312,750.7000122070312,750.530029296875,750.5499877929688,52828
2026-10-02 16:21:00+00:00,750.5900268554688,750.6400146484375,750.364990234375,750.4600219726562,32701
2026-10-02 16:22:00+00:00,750.4650268554688,750.469970703125,750.0399780273438,750.4299926757812,54736
2026-10-02 16:23:00+00:00,750.4500122070312,750.4500122070312,750.02001953125,750.1099853515625,49592
2026-10-02 16:24:00+00:00,750.0900268554688,750.27001953125,749.6699829101562,749.719970703125,50571
2026-10-02 16:25:00+00:00,749.760009765625,750.155029296875,749.6798706054688,749.9841918945312,29686
2026-10-02 16:26:00+00:00,749.8900146484375,750.0499877929688,749.6473999023438,749.6699829101562,19514
2026-10-02 16:27:00+00:00,749.6719970703125,749.89501953125,749.4749755859375,749.8800048828125,30744
2026-10-02 16:28:00+00:00,749.9299926757812,749.9500122070312,749.6500244140625,749.8300170898438,20353
2026-10-02 16:29:00+00:00,749.77001953125,749.9000244140625,749.469970703125,749.5499877929688,14504
2026-10-02 16:30:00+00:00,749.5440063476562,749.7899169921875,749.4749755859375,749.77001953125,15007
2026-10-02 16:31:00+00:00,749.77001953125,749.97998046875,749.760009765625,749.8900146484375,18390
2026-10-02 16:32:00+00:00,749.8800048828125,749.9299926757812,749.530029296875,749.75,15158
2026-10-02 16:33:00+00:00,749.8900146484375,749.969970703125,749.719970703125,749.8250122070312,16930
2026-10-02 16:34:00+00:00,749.760009765625,750.0499877929688,749.7000122070312,749.7550048828125,18536
2026-10-02 16:35:00+00:00,749.7150268554688,749.969970703125,749.6199951171875,749.7100219726562,21606
2026-10-02 16:36:00+00:00,749.719970703125,750.0499877929688,749.5999755859375,750.02001953125,34269
2026-10-02 16:37:00+00:00,750.02001953125,750.02001953125,749.8699951171875,749.9500122070312,16985
2026-10-02 16:38:00+00:00,749.9349975585938,750.3099975585938,749.9349975585938,750.1599731445312,29820
2026-10-02 16:39:00+00:00,750.2750244140625,750.4299926757812,750.2100830078125,750.3300170898438,37203
2026-10-02 16:40:00+00:00,750.3200073242188,750.3300170898438,749.6799926757812,749.7098999023438,33180
2026-10-02 16:41:00+00:00,749.739990234375,749.773193359375,749.281982421875,749.2899780273438,158627
2026-10-02 16:42:00+00:00,749.260009765625,749.27001953125,748.9219970703125,749.27001953125,61695
2026-10-02 16:43:00+00:00,749.239990234375,749.3150024414062,749.0499877929688,749.110107421875,24856
2026-10-02 16:44:00+00:00,749.1099853515625,749.27001953125,749.0900268554688,749.260009765625,23217
2026-10-02 16:45:00+00:00,749.1900024414062,749.559814453125,749.1900024414062,749.559814453125,26315
2026-10-02 16:46:00+00:00,749.52001953125,749.6400146484375,749.39501953125,749.489990234375,36802
2026-10-02 16:47:00+00:00,749.5499877929688,749.5900268554688,749.2550048828125,749.3200073242188,14200
2026-10-02 16:48:00+00:00,749.3599853515625,749.4299926757812,749.1400146484375,749.3400268554688,28999
2026-10-02 16:49:00+00:00,749.3300170898438,749.344970703125,749.0900268554688,749.1950073242188,25097
2026-10-02 16:50:00+00:00,749.1599731445312,749.16162109375,748.8916015625,749.0800170898438,35313
2026-10-02 16:51:00+00:00,749.0900268554688,749.2899780273438,749.02001953125,749.2299194335938,30716
2026-10-02 16:52:00+00:00,749.2349853515625,749.5,749.219970703125,749.3599853515625,27807
2026-10-02 16:53:00+00:00,749.3499755859375,749.6810302734375,749.3300170898438,749.6500244140625,23103
2026-10-02 16:54:00+00:00,749.6744995117188,749.8200073242188,749.5900268554688,749.6599731445312,19713
2026-10-02 16:55:00+00:00,749.6599731445312,749.8117065429688,749.6300048828125,749.760009765625,12063
2026-10-02 16:56:00+00:00,749.7100219726562,749.7100219726562,749.4937133789062,749.628173828125,120911
2026-10-02 16:57:00+00:00,749.6799926757812,749.8400268554688,749.6799926757812,749.7349853515625,12850
2026-10-02 16:58:00+00:00,749.7354736328125,749.8499145507812,749.5599975585938,749.5789794921875,15180
2026-10-02 16:59:00+00:00,749.51220703125,749.5999755859375,749.3699951171875,749.5584106445312,40205
2026-10-02 17:00:00+00:00,749.5700073242188,750.0499877929688,749.5150146484375,750.02001953125,59723
2026-10-02 17:01:00+00:00,750.030029296875,750.469970703125,749.989990234375,750.280029296875,64857
2026-10-02 17:02:00+00:00,750.27001953125,750.2899780273438,750.094970703125,750.094970703125,24657
2026-10-02 17:03:00+00:00,750.1099853515625,750.1500244140625,749.989990234375,750.0549926757812,41453
2026-10-02 17:04:00+00:00,750.030029296875,750.0800170898438,749.9151000976562,750.0040893554688,156066
2026-10-02 17:05:00+00:00,750.030029296875,750.1500244140625,750.02001953125,750.1099243164062,10915
2026-10-02 17:06:00+00:00,750.1400146484375,750.1799926757812,749.5100708007812,749.5100708007812,69888
2026-10-02 17:07:00+00:00,749.510009765625,749.5333251953125,749.2000732421875,749.2655029296875,64912
2026-10-02 17:08:00+00:00,749.3400268554688,749.5999755859375,749.2935180664062,749.3400268554688,27251
2026-10-02 17:09:00+00:00,749.3400268554688,749.5250244140625,749.3300170898438,749.4199829101562,23311
2026-10-02 17:10:00+00:00,749.4201049804688,749.6400146484375,749.4099731445312,749.6199951171875,17588
2026-10-02 17:11:00+00:00,749.5700073242188,749.5700073242188,749.330078125,749.4000244140625,24403
2026-10-02 17:12:00+00:00,749.3599853515625,749.4400024414062,749.2901000976562,749.3699951171875,14151
2026-10-02 17:13:00+00:00,749.3599853515625,749.4299926757812,749.3400268554688,749.4000244140625,158517
2026-10-02 17:14:00+00:00,749.4398803710938,749.489990234375,748.9400024414062,749.2899780273438,52293
2026-10-02 17:15:00+00:00,749.22998046875,749.3099975585938,749.1500244140625,749.1500244140625,22987
2026-10-02 17:16:00+00:00,749.1799926757812,749.6099853515625,749.1300048828125,749.5650024414062,17956
2026-10-02 17:17:00+00:00,749.5504760742188,749.6599731445312,749.4650268554688,749.5349731445312,20936
2026-10-02 17:18:00+00:00,749.5181274414062,749.6300048828125,749.3300170898438,749.5999755859375,49629
2026-10-02 17:19:00+00:00,749.5999755859375,749.7000122070312,749.4100952148438,749.489990234375,17567
2026-10-02 17:20:00+00:00,749.469970703125,749.52001953125,749.1801147460938,749.39501953125,35345
2026-10-02 17:21:00+00:00,749.4000244140625,749.4000244140625,748.7100219726562,748.9249877929688,53495
2026-10-02 17:22:00+00:00,748.9299926757812,749.1099853515625,748.8300170898438,749.0050048828125,46301
2026-10-02 17:23:00+00:00,748.97998046875,749.0499877929688,748.5499877929688,748.5897827148438,43106
2026-10-02 17:24:00+00:00,748.5399780273438,748.5900268554688,748.3300170898438,748.469970703125,174422
2026-10-02 17:25:00+00:00,748.469970703125,748.5999755859375,748.3300170898438,748.4600219726562,58004
2026-10-02 17:26:00+00:00,748.423828125,748.47998046875,748.0,748.0999755859375,65146
2026-10-02 17:27:00+00:00,748.1199951171875,748.22998046875,747.969970703125,748.1300048828125,55416
2026-10-02 17:28:00+00:00,748.125,748.260009765625,747.989990234375,748.219970703125,27427
2026-10-02 17:29:00+00:00,748.2550048828125,748.27001953125,747.9500122070312,748.0900268554688,29226
2026-10-02 17:30:00+00:00,747.989990234375,748.219970703125,747.780029296875,747.9099731445312,59925
2026-10-02 17:31:00+00:00,747.9099731445312,748.5499877929688,747.909912109375,748.52001953125,68337
2026-10-02 17:32:00+00:00,748.5250244140625,748.7000122070312,748.4000244140625,748.6599731445312,42479
2026-10-02 17:33:00+00:00,748.6500244140625,748.8400268554688,748.6099853515625,748.6699829101562,46486
2026-10-02 17:34:00+00:00,748.719970703125,748.97998046875,748.6400146484375,748.72998046875,25252
2026-10-02 17:35:00+00:00,748.72998046875,748.739990234375,748.5,748.6207275390625,22527
2026-10-02 17:36:00+00:00,748.6300048828125,748.6599731445312,748.219970703125,748.219970703125,22651
2026-10-02 17:37:00+00:00,748.3350219726562,748.6749877929688,748.3350219726562,748.5900268554688,11185
2026-10-02 17:38:00+00:00,748.5999755859375,748.7171020507812,748.5800170898438,748.6849975585938,14931
2026-10-02 17:39:00+00:00,748.6849975585938,748.7449951171875,748.5900268554688,748.6174926757812,7897
2026-10-02 17:40:00+00:00,748.5999755859375,748.5999755859375,748.3233032226562,748.375,28205
2026-10-02 17:41:00+00:00,748.3699951171875,748.4400024414062,748.2150268554688,748.3300170898438,14166
2026-10-02 17:42:00+00:00,748.2999877929688,748.3400268554688,748.1300048828125,748.1409912109375,30911
2026-10-02 17:43:00+00:00,748.135009765625,748.3699951171875,748.135009765625,748.3699951171875,25718
2026-10-02 17:44:00+00:00,748.3480224609375,748.739990234375,748.3099975585938,748.64501953125,24424
2026-10-02 17:45:00+00:00,748.6300048828125,748.77001953125,748.4299926757812,748.5798950195312,38488
2026-10-02 17:46:00+00:00,748.5549926757812,748.7249755859375,748.489990234375,748.6900024414062,142284
2026-10-02 17:47:00+00:00,748.72998046875,748.8900146484375,748.6536865234375,748.6599731445312,27049
2026-10-02 17:48:00+00:00,748.635009765625,748.8699951171875,748.594970703125,748.8699951171875,12437
2026-10-02 17:49:00+00:00,748.8900146484375,749.1198120117188,748.8800048828125,749.0599975585938,67698
2026-10-02 17:50:00+00:00,749.0701293945312,749.239990234375,748.4000244140625,749.030029296875,108104
2026-10-02 17:51:00+00:00,749.0349731445312,749.3400268554688,749.0349731445312,749.1799926757812,25232
2026-10-02 17:52:00+00:00,749.1799926757812,749.3499755859375,749.155029296875,749.2899780273438,23305
2026-10-02 17:53:00+00:00,749.27001953125,749.3400268554688,749.1400146484375,749.326416015625,33387
2026-10-02 17:54:00+00:00,749.3300170898438,749.3699951171875,749.2050170898438,749.2999877929688,28180
2026-10-02 17:55:00+00:00,749.2899780273438,749.2899780273438,748.97998046875,749.0900268554688,19550
2026-10-02 17:56:00+00:00,749.0800170898438,749.0999755859375,748.989990234375,749.030029296875,20016
2026-10-02 17:57:00+00:00,749.0316162109375,749.0399780273438,748.6599731445312,748.677978515625,37836
2026-10-02 17:58:00+00:00,748.6799926757812,748.9199829101562,748.580078125,748.89990234375,46544
2026-10-02 17:59:00+00:00,748.8699951171875,749.0900268554688,748.8699951171875,749.0750122070312,15329
2026-10-02 18:00:00+00:00,749.0750122070312,749.1317749023438,748.8900146484375,748.9099731445312,22588
2026-10-02 18:01:00+00:00,748.9400024414062,748.989990234375,748.7899780273438,748.8900146484375,27764
2026-10-02 18:02:00+00:00,748.9099731445312,748.9099731445312,748.593017578125,748.635009765625,21253
2026-10-02 18:03:00+00:00,748.6300048828125,748.844970703125,748.6300048828125,748.72998046875,17965
2026-10-02 18:04:00+00:00,748.719970703125,749.0313720703125,748.6900024414062,748.969970703125,12848
2026-10-02 18:05:00+00:00,748.9340209960938,748.989990234375,748.8704223632812,748.9149780273438,12895
2026-10-02 18:06:00+00:00,748.9149780273438,749.0302734375,748.7349853515625,748.9099731445312,14259
2026-10-02 18:07:00+00:00,748.9400024414062,749.0599975585938,748.8905029296875,748.9349975585938,22015
2026-10-02 18:08:00+00:00,748.9299926757812,748.9600219726562,748.7949829101562,748.7999877929688,12359
2026-10-02 18:09:00+00:00,748.7899780273438,748.9232177734375,748.7437133789062,748.8800048828125,11426
2026-10-02 18:10:00+00:00,748.89501953125,748.9299926757812,748.780029296875,748.9299926757812,22515
2026-10-02 18:11:00+00:00,748.905029296875,748.9600219726562,748.77001953125,748.8200073242188,19670
2026-10-02 18:12:00+00:00,748.8099975585938,748.9199829101562,748.8099975585938,748.9199829101562,13593
2026-10-02 18:13:00+00:00,748.918212890625,749.0900268554688,748.9149780273438,749.0150146484375,25399
2026-10-02 18:14:00+00:00,749.0150146484375,749.22998046875,749.0001220703125,749.0900268554688,30259
2026-10-02 18:15:00+00:00,749.0900268554688,749.0999755859375,748.9199829101562,748.9600219726562,17872
2026-10-02 18:16:00+00:00,748.9600219726562,748.97998046875,748.6699829101562,748.739990234375,50125
2026-10-02 18:17:00+00:00,748.739990234375,748.8399047851562,748.60498046875,748.60498046875,18756
2026-10-02 18:18:00+00:00,748.6199951171875,748.719970703125,748.47998046875,748.5999755859375,114414
2026-10-02 18:19:00+00:00,748.5999755859375,748.6649780273438,748.469970703125,748.6649780273438,21991
2026-10-02 18:20:00+00:00,748.6599731445312,748.72998046875,748.5999755859375,748.6066284179688,50408
2026-10-02 18:21:00+00:00,748.5800170898438,748.6799926757812,748.52001953125,748.52001953125,15810
2026-10-02 18:22:00+00:00,748.5050048828125,748.52001953125,748.3305053710938,748.4099731445312,23131
2026-10-02 18:23:00+00:00,748.389892578125,748.52001953125,748.1785888671875,748.2047119140625,21790
2026-10-02 18:24:00+00:00,748.2000122070312,748.4099731445312,748.1599731445312,748.3800048828125,55389
2026-10-02 18:25:00+00:00,748.3900146484375,748.6400146484375,748.3499755859375,748.5,23873
2026-10-02 18:26:00+00:00,748.5,748.6500244140625,748.489990234375,748.5399780273438,40679
2026-10-02 18:27:00+00:00,748.5625,748.5625,748.2000122070312,748.3305053710938,18930
2026-10-02 18:28:00+00:00,748.3800048828125,748.8599243164062,748.3800048828125,748.7650146484375,29078
2026-10-02 18:29:00+00:00,748.7899780273438,748.8099975585938,748.7100219726562,748.75,13628
2026-10-02 18:30:00+00:00,748.760009765625,748.8200073242188,748.6400146484375,748.72998046875,20650
2026-10-02 18:31:00+00:00,748.7100219726562,748.7899780273438,748.4600219726562,748.468994140625,44426
2026-10-02 18:32:00+00:00,748.469970703125,748.9600219726562,748.469970703125,748.9450073242188,32821
2026-10-02 18:33:00+00:00,748.969970703125,748.9998779296875,748.630126953125,748.6600952148438,135771
2026-10-02 18:34:00+00:00,748.6599731445312,748.77490234375,748.6199951171875,748.6649780273438,56662
2026-10-02 18:35:00+00:00,748.6649780273438,748.7100219726562,748.5499877929688,748.6699829101562,25797
2026-10-02 18:36:00+00:00,748.6500244140625,748.780029296875,748.6199951171875,748.75,19154
2026-10-02 18:37:00+00:00,748.760009765625,748.760009765625,748.6099853515625,748.6099853515625,6350
2026-10-02 18:38:00+00:00,748.5999755859375,748.5999755859375,748.3400268554688,748.5899047851562,12651
2026-10-02 18:39:00+00:00,748.5399780273438,748.5800170898438,748.344970703125,748.39501953125,9453
2026-10-02 18:40:00+00:00,748.4210205078125,748.5499877929688,748.3043212890625,748.5399780273438,35477
2026-10-02 18:41:00+00:00,748.5405883789062,748.77001953125,748.510009765625,748.75,30490
2026-10-02 18:42:00+00:00,748.739990234375,748.8599853515625,748.719970703125,748.8463134765625,54548
2026-10-02 18:43:00+00:00,748.8499755859375,748.969970703125,748.8120727539062,748.8200073242188,48020
2026-10-02 18:44:00+00:00,748.7999877929688,748.9299926757812,748.7999877929688,748.8400268554688,12267
2026-10-02 18:45:00+00:00,748.8699951171875,748.9498901367188,748.8250122070312,748.8499755859375,22504
2026-10-02 18:46:00+00:00,748.8599853515625,748.9600219726562,748.760009765625,748.9586181640625,15469
2026-10-02 18:47:00+00:00,748.97998046875,749.0,748.7999877929688,748.8499755859375,12871
2026-10-02 18:48:00+00:00,748.8499755859375,748.9520874023438,748.77001953125,748.9398803710938,15846
2026-10-02 18:49:00+00:00,748.9600219726562,749.030029296875,748.9000244140625,748.9290161132812,25729
2026-10-02 18:50:00+00:00,748.9199829101562,749.010009765625,748.8104248046875,748.989990234375,13026
2026-10-02 18:51:00+00:00,749.0150146484375,749.0800170898438,749.0,749.0499877929688,23291
2026-10-02 18:52:00+00:00,749.030029296875,749.1900024414062,748.989990234375,748.989990234375,52272
2026-10-02 18:53:00+00:00,748.989990234375,749.0396118164062,748.9000244140625,748.9450073242188,31158
2026-10-02 18:54:00+00:00,748.9099731445312,749.1510009765625,748.860107421875,749.1510009765625,15453
2026-10-02 18:55:00+00:00,749.1599731445312,749.1599731445312,749.0399780273438,749.0700073242188,26784
2026-10-02 18:56:00+00:00,749.125,749.169921875,748.9500122070312,748.969970703125,12544
2026-10-02 18:57:00+00:00,748.97998046875,749.0700073242188,748.9608154296875,748.97998046875,8866
2026-10-02 18:58:00+00:00,748.989990234375,749.0700073242188,748.9199829101562,748.9749755859375,12460
2026-10-02 18:59:00+00:00,748.97998046875,749.099609375,748.875,748.9619750976562,14118
2026-10-02 19:00:00+00:00,748.9299926757812,749.1661987304688,748.8499755859375,749.10498046875,37070
2026-10-02 19:01:00+00:00,749.1099853515625,749.1400146484375,749.0098876953125,749.0399780273438,13209
2026-10-02 19:02:00+00:00,749.02001953125,749.0999755859375,748.9650268554688,749.0250244140625,8728
2026-10-02 19:03:00+00:00,749.0,749.0147094726562,748.8599853515625,748.9349975585938,17614
2026-10-02 19:04:00+00:00,748.9500122070312,749.02001953125,748.9099731445312,748.9249877929688,14659
2026-10-02 19:05:00+00:00,748.9500122070312,748.989990234375,748.8900146484375,748.9500122070312,9215
2026-10-02 19:06:00+00:00,748.9450073242188,748.989990234375,748.8499755859375,748.85498046875,20770
2026-10-02 19:07:00+00:00,748.8499755859375,748.9400024414062,748.7332153320312,748.7899780273438,25134
2026-10-02 19:08:00+00:00,748.7899780273438,748.80029296875,748.625,748.6599731445312,50705
2026-10-02 19:09:00+00:00,748.6599731445312,748.7100219726562,748.5800170898438,748.6400146484375,22142
2026-10-02 19:10:00+00:00,748.6199951171875,748.6699829101562,748.5399780273438,748.625,30106
2026-10-02 19:11:00+00:00,748.6300048828125,748.739990234375,748.5999755859375,748.6400146484375,32655
2026-10-02 19:12:00+00:00,748.6400146484375,748.8300170898438,748.6030883789062,748.7849731445312,33799
2026-10-02 19:13:00+00:00,748.7899780273438,748.9000244140625,748.780029296875,748.8599853515625,25125
2026-10-02 19:14:00+00:00,748.8800048828125,748.9000244140625,748.75,748.8300170898438,25614
2026-10-02 19:15:00+00:00,748.85009765625,748.969970703125,748.8200073242188,748.9149780273438,22591
2026-10-02 19:16:00+00:00,748.9299926757812,748.9650268554688,748.6799926757812,748.8400268554688,48182
2026-10-02 19:17:00+00:00,748.8599853515625,749.0650024414062,748.8400268554688,748.9099731445312,39030
2026-10-02 19:18:00+00:00,748.8900146484375,749.0999755859375,748.780029296875,749.0900268554688,36877
2026-10-02 19:19:00+00:00,749.0700073242188,749.0700073242188,748.9199829101562,748.97998046875,24572
2026-10-02 19:20:00+00:00,748.97998046875,749.0499877929688,748.9061889648438,748.9199829101562,58753
2026-10-02 19:21:00+00:00,748.9400024414062,748.9500122070312,748.8499755859375,748.875,149973
2026-10-02 19:22:00+00:00,748.8300170898438,748.9000244140625,748.77001953125,748.8400268554688,34809
2026-10-02 19:23:00+00:00,748.8197021484375,748.8499755859375,748.7103271484375,748.8300170898438,35442
2026-10-02 19:24:00+00:00,748.8300170898438,749.1500244140625,748.8200073242188,749.1199951171875,57755
2026-10-02 19:25:00+00:00,749.1300048828125,749.3599853515625,749.1199951171875,749.280029296875,47860
2026-10-02 19:26:00+00:00,749.2698974609375,749.3099975585938,749.0800170898438,749.0850219726562,41132
2026-10-02 19:27:00+00:00,749.0399780273438,749.1500244140625,749.030029296875,749.0599975585938,51588
2026-10-02 19:28:00+00:00,749.0900268554688,749.1799926757812,749.0737915039062,749.1500244140625,25051
2026-10-02 19:29:00+00:00,749.1199951171875,749.1599731445312,748.9099731445312,749.1500244140625,47965
2026-10-02 19:30:00+00:00,749.0999755859375,749.3699951171875,749.0900268554688,749.2999877929688,44805
2026-10-02 19:31:00+00:00,749.27001953125,749.5,749.27001953125,749.4400024414062,92960
2026-10-02 19:32:00+00:00,749.4299926757812,749.530029296875,749.3800048828125,749.469970703125,74621
2026-10-02 19:33:00+00:00,749.375,749.4000244140625,749.240478515625,749.2999877929688,27468
2026-10-02 19:34:00+00:00,749.3400268554688,749.5349731445312,749.3400268554688,749.4650268554688,40954
2026-10-02 19:35:00+00:00,749.4550170898438,749.5499877929688,749.3499755859375,749.4949951171875,75288
2026-10-02 19:36:00+00:00,749.5,749.75,749.5,749.6599731445312,58278
2026-10-02 19:37:00+00:00,749.6599731445312,749.844970703125,749.5999755859375,749.8400268554688,53306
2026-10-02 19:38:00+00:00,749.8599853515625,750.0499877929688,749.8300170898438,749.8900146484375,51306
2026-10-02 19:39:00+00:00,749.905029296875,749.9199829101562,749.7000732421875,749.7100830078125,155559
2026-10-02 19:40:00+00:00,749.739990234375,749.8499755859375,749.5399780273438,749.590087890625,73396
2026-10-02 19:41:00+00:00,749.5999755859375,749.6099853515625,749.5,749.5050048828125,74825
2026-10-02 19:42:00+00:00,749.52001953125,749.52001953125,749.2700805664062,749.3099975585938,141167
2026-10-02 19:43:00+00:00,749.3200073242188,749.3599853515625,749.260009765625,749.3599853515625,158203
2026-10-02 19:44:00+00:00,749.3599853515625,749.5700073242188,749.3599853515625,749.5499877929688,239086
2026-10-02 19:45:00+00:00,749.5599975585938,749.9849853515625,749.5499877929688,749.6849975585938,105338
2026-10-02 19:46:00+00:00,749.7000122070312,749.9000244140625,749.6699829101562,749.8800048828125,84605
2026-10-02 19:47:00+00:00,749.8900146484375,750.0,749.8800048828125,749.8800048828125,158480
2026-10-02 19:48:00+00:00,749.8900146484375,749.8900146484375,749.6099853515625,749.7000122070312,45664
2026-10-02 19:49:00+00:00,749.6950073242188,749.780029296875,749.4310302734375,749.5399780273438,85402
2026-10-02 19:50:00+00:00,749.5499877929688,749.9500122070312,749.4199829101562,749.6199951171875,223788
2026-10-02 19:51:00+00:00,749.6099853515625,749.7163696289062,749.5499877929688,749.5800170898438,63793
2026-10-02 19:52:00+00:00,749.5900268554688,749.6099853515625,749.3900146484375,749.39501953125,83436
2026-10-02 19:53:00+00:00,749.4450073242188,749.6799926757812,749.2550048828125,749.6300048828125,168835
2026-10-02 19:54:00+00:00,749.6599731445312,749.6699829101562,749.0549926757812,749.1500244140625,218482
2026-10-02 19:55:00+00:00,749.1699829101562,749.4749755859375,748.8900146484375,749.0499877929688,125661
2026-10-02 19:56:00+00:00,749.0399780273438,749.1799926757812,748.8499755859375,749.0499877929688,94759
2026-10-02 19:57:00+00:00,749.030029296875,749.3400268554688,749.030029296875,749.3198852539062,103332
2026-10-02 19:58:00+00:00,749.3099975585938,749.52001953125,749.1500244140625,749.4000244140625,176880
2026-10-02 19:59:00+00:00,749.4199829101562,749.530029296875,749.0700073242188,749.530029296875,475045
